id,transaction_id,line_number,product_id,quantity,unit_price,discount_percent,vat_rate,line_total
1,1,1,218,4.00,2.95,0.00,0.10,11.80
2,1,2,156,1.00,6.99,0.00,0.21,6.99
3,2,1,427,3.00,6.95,0.00,0.21,20.85
4,2,2,36,1.00,2.95,0.00,0.10,2.95
5,3,1,297,2.00,10.95,0.00,0.21,21.90
6,4,1,565,2.00,22.99,0.00,0.21,45.98
7,4,2,551,1.00,3.50,0.00,0.21,3.50
8,4,3,512,2.00,2.49,0.00,0.04,4.98
9,4,4,176,1.00,1.49,0.00,0.10,1.49
10,4,5,330,1.00,11.75,0.00,0.04,11.75
11,4,6,517,1.71,3.99,0.00,0.21,6.82
12,4,7,529,1.00,5.49,0.00,0.10,5.49
13,5,1,454,1.00,1.99,0.00,0.10,1.99
14,6,1,562,1.00,3.95,0.00,0.21,3.95
15,6,2,80,2.00,2.95,0.00,0.10,5.90
16,7,1,528,3.00,2.99,0.00,0.10,8.97
17,7,2,212,6.00,17.99,0.00,0.04,107.94
18,8,1,222,2.00,2.75,0.00,0.10,5.50
19,9,1,528,1.00,2.99,0.00,0.10,2.99
20,9,2,117,2.00,2.99,0.00,0.21,5.98
21,9,3,348,2.00,3.00,0.00,0.21,6.00
22,10,1,328,1.00,2.99,0.00,0.04,2.99
23,10,2,109,1.00,0.99,0.00,0.04,0.99
24,10,3,446,1.00,1.25,0.00,0.04,1.25
25,10,4,46,2.40,15.99,0.00,0.04,38.38
26,10,5,559,1.00,4.99,0.00,0.10,4.99
27,10,6,34,1.00,2.99,0.00,0.21,2.99
28,10,7,505,1.00,3.95,0.00,0.21,3.95
29,10,8,95,3.00,1.99,0.00,0.10,5.97
30,10,9,391,3.00,2.99,0.00,0.04,8.97
31,10,10,263,2.00,2.49,0.00,0.04,4.98
32,10,11,142,2.33,4.49,0.00,0.04,10.46
33,10,12,98,3.00,1.49,0.00,0.21,4.47
34,10,13,190,1.00,3.95,0.00,0.21,3.95
35,10,14,594,2.36,10.99,0.00,0.04,25.94
36,10,15,68,1.00,3.49,0.00,0.21,3.49
37,10,16,518,1.00,2.95,0.00,0.04,2.95
38,10,17,436,1.00,4.99,0.00,0.04,4.99
39,10,18,473,1.00,1.25,0.00,0.10,1.25
40,10,19,569,1.00,2.95,0.00,0.21,2.95
41,10,20,63,1.00,2.95,0.00,0.10,2.95
42,10,21,484,1.00,1.99,0.00,0.04,1.99
43,10,22,122,1.00,2.95,0.00,0.04,2.95
44,11,1,568,1.00,2.99,0.00,0.04,2.99
45,11,2,101,2.00,2.99,0.00,0.04,5.98
46,12,1,77,1.00,1.00,0.00,0.10,1.00
47,13,1,171,1.00,1.49,0.00,0.10,1.49
48,13,2,163,1.00,3.25,0.00,0.21,3.25
49,13,3,359,3.00,3.99,0.00,0.04,11.97
50,13,4,596,1.00,5.95,0.00,0.21,5.95
51,14,1,193,3.00,1.99,0.00,0.10,5.97
52,15,1,21,1.00,2.49,0.00,0.21,2.49
53,16,1,297,1.00,10.95,0.00,0.21,10.95
54,16,2,39,2.00,5.99,0.00,0.21,11.98
55,16,3,319,2.00,2.50,0.00,0.10,5.00
56,16,4,368,2.00,2.99,0.00,0.10,5.98
57,16,5,158,1.00,3.99,0.00,0.21,3.99
58,16,6,238,4.00,2.49,0.00,0.21,9.96
59,16,7,396,1.00,0.99,0.00,0.21,0.99
60,16,8,505,1.00,3.95,0.00,0.21,3.95
61,16,9,280,1.00,1.75,0.00,0.10,1.75
62,17,1,509,1.00,2.99,0.00,0.04,2.99
63,18,1,388,2.40,1.99,0.00,0.10,4.78
64,19,1,340,1.00,11.00,0.00,0.10,11.00
65,20,1,575,2.00,8.99,0.00,0.21,17.98
66,20,2,285,1.00,9.99,0.00,0.21,9.99
67,20,3,108,1.00,3.95,0.00,0.21,3.95
68,21,1,58,4.00,2.99,0.00,0.21,11.96
69,22,1,457,1.00,10.99,0.00,0.10,10.99
70,22,2,151,2.00,1.95,0.00,0.04,3.90
71,22,3,209,1.00,6.75,0.00,0.21,6.75
72,22,4,249,1.00,3.99,0.00,0.21,3.99
73,22,5,470,2.00,6.25,0.00,0.21,12.50
74,22,6,511,1.00,1.99,0.00,0.10,1.99
75,22,7,143,1.08,9.95,0.00,0.04,10.75
76,22,8,18,2.00,4.49,0.00,0.21,8.98
77,22,9,311,1.00,3.49,0.00,0.10,3.49
78,22,10,264,1.00,1.99,0.00,0.10,1.99
79,22,11,74,1.00,3.99,0.00,0.21,3.99
80,22,12,537,3.00,5.95,0.00,0.21,17.85
81,23,1,354,2.00,3.49,0.00,0.21,6.98
82,23,2,91,1.95,3.49,0.00,0.21,6.81
83,24,1,459,1.00,2.99,0.00,0.21,2.99
84,25,1,428,1.00,12.99,0.00,0.21,12.99
85,26,1,243,1.00,1.49,0.00,0.21,1.49
86,26,2,172,1.00,14.50,0.00,0.21,14.50
87,26,3,497,2.00,1.99,0.00,0.10,3.98
88,26,4,98,1.00,1.49,0.00,0.21,1.49
89,26,5,325,1.00,1.50,0.00,0.21,1.50
90,26,6,414,2.00,4.00,0.00,0.10,8.00
91,27,1,197,1.95,5.95,0.00,0.21,11.60
92,27,2,213,2.00,2.99,0.00,0.21,5.98
93,27,3,59,1.00,1.99,0.00,0.10,1.99
94,28,1,226,1.00,1.99,0.00,0.10,1.99
95,28,2,44,2.00,3.99,0.00,0.21,7.98
96,28,3,135,1.00,7.49,0.00,0.21,7.49
97,29,1,53,3.00,2.99,0.00,0.10,8.97
98,29,2,121,1.00,2.75,0.00,0.04,2.75
99,29,3,366,2.00,4.75,0.00,0.04,9.50
100,29,4,367,2.00,7.49,0.00,0.10,14.98
101,29,5,128,1.00,3.99,0.00,0.10,3.99
102,30,1,269,3.00,6.99,0.00,0.10,20.97
103,30,2,301,1.00,11.25,0.00,0.10,11.25
104,30,3,42,1.00,14.99,0.00,0.21,14.99
105,31,1,125,2.14,2.00,0.00,0.10,4.28
106,31,2,33,1.00,3.99,0.00,0.21,3.99
107,31,3,110,1.00,1.99,0.00,0.21,1.99
108,31,4,443,2.00,0.99,0.00,0.10,1.98
109,31,5,63,2.00,2.95,0.00,0.10,5.90
110,31,6,599,1.00,8.00,0.00,0.10,8.00
111,31,7,229,2.00,2.75,0.00,0.10,5.50
112,32,1,484,1.00,1.99,0.00,0.04,1.99
113,32,2,228,1.00,2.50,0.00,0.21,2.50
114,32,3,514,1.72,1.99,0.00,0.04,3.42
115,33,1,502,1.00,9.00,0.00,0.10,9.00
116,34,1,435,4.00,2.99,0.00,0.21,11.96
117,34,2,141,1.00,4.50,0.00,0.10,4.50
118,34,3,310,1.00,1.99,0.00,0.21,1.99
119,34,4,118,1.00,5.99,0.00,0.21,5.99
120,34,5,448,3.00,6.75,0.00,0.10,20.25
121,34,6,298,1.00,1.50,0.00,0.10,1.50
122,34,7,391,2.00,2.99,0.00,0.04,5.98
123,34,8,538,1.00,2.00,0.00,0.21,2.00
124,34,9,14,1.00,7.99,0.00,0.21,7.99
125,35,1,352,1.00,2.50,0.00,0.10,2.50
126,35,2,376,1.00,5.99,0.00,0.10,5.99
127,35,3,134,1.00,3.49,0.00,0.10,3.49
128,35,4,559,3.00,4.99,0.00,0.10,14.97
129,35,5,109,1.00,0.99,0.00,0.04,0.99
130,35,6,549,1.00,6.99,0.00,0.21,6.99
131,36,1,2,1.00,1.49,0.00,0.21,1.49
132,37,1,149,2.00,3.99,0.00,0.10,7.98
133,37,2,248,2.00,5.49,0.00,0.21,10.98
134,38,1,122,2.00,2.95,0.00,0.04,5.90
135,38,2,411,3.00,3.99,0.00,0.21,11.97
136,38,3,257,1.00,4.00,0.00,0.21,4.00
137,38,4,591,1.00,2.49,0.00,0.21,2.49
138,38,5,436,2.00,4.99,0.00,0.04,9.98
139,38,6,243,1.00,1.49,0.00,0.21,1.49
140,39,1,275,1.00,5.95,0.00,0.04,5.95
141,39,2,339,2.26,1.95,0.00,0.10,4.41
142,40,1,445,1.00,1.99,0.00,0.10,1.99
143,40,2,344,6.00,11.99,0.00,0.10,71.94
144,41,1,273,2.08,4.99,0.00,0.21,10.38
145,42,1,483,3.00,2.99,0.00,0.10,8.97
146,43,1,343,1.00,4.49,0.00,0.21,4.49
147,43,2,158,1.00,3.99,0.00,0.21,3.99
148,44,1,29,1.00,3.50,0.00,0.21,3.50
149,45,1,54,1.00,5.50,0.00,0.21,5.50
150,45,2,122,1.00,2.95,0.00,0.04,2.95
151,46,1,70,1.00,3.50,0.00,0.21,3.50
152,47,1,19,1.00,8.99,0.00,0.21,8.99
153,47,2,45,2.00,4.99,0.00,0.21,9.98
154,47,3,149,2.00,3.99,0.00,0.10,7.98
155,47,4,43,1.00,1.95,0.00,0.10,1.95
156,47,5,522,1.00,5.99,0.00,0.21,5.99
157,47,6,362,1.00,3.25,0.00,0.21,3.25
158,47,7,339,0.68,1.95,0.00,0.10,1.33
159,48,1,532,2.00,2.95,0.00,0.21,5.90
160,48,2,149,2.00,3.99,0.00,0.10,7.98
161,49,1,138,1.00,1.75,0.00,0.10,1.75
162,50,1,248,2.00,5.49,0.00,0.21,10.98
163,50,2,506,3.00,2.99,0.00,0.21,8.97
164,51,1,42,1.00,14.99,0.00,0.21,14.99
165,51,2,518,4.00,2.95,0.00,0.04,11.80
166,51,3,102,1.00,3.00,0.00,0.04,3.00
167,51,4,49,4.00,3.99,0.00,0.21,15.96
168,52,1,347,1.47,5.99,0.00,0.04,8.81
169,52,2,226,3.00,1.99,0.00,0.10,5.97
170,52,3,381,0.31,4.00,0.00,0.04,1.24
171,52,4,598,1.00,23.99,0.00,0.21,23.99
172,52,5,280,2.00,1.75,0.00,0.10,3.50
173,52,6,67,2.00,5.99,0.00,0.21,11.98
174,52,7,379,1.00,2.95,0.00,0.10,2.95
175,53,1,24,1.00,7.50,0.00,0.21,7.50
176,53,2,355,2.00,3.75,0.00,0.10,7.50
177,53,3,357,1.00,1.95,0.00,0.10,1.95
178,54,1,559,1.00,4.99,0.00,0.10,4.99
179,54,2,232,1.00,2.50,0.00,0.21,2.50
180,55,1,8,1.00,2.99,0.00,0.04,2.99
181,55,2,289,1.00,3.99,0.00,0.10,3.99
182,55,3,49,1.00,3.99,0.00,0.21,3.99
183,56,1,515,1.00,2.99,0.00,0.04,2.99
184,56,2,532,1.00,2.95,0.00,0.21,2.95
185,56,3,123,1.00,2.50,0.00,0.10,2.50
186,56,4,191,4.00,3.50,0.00,0.21,14.00
187,56,5,277,1.00,4.99,0.00,0.10,4.99
188,56,6,21,1.00,2.49,0.00,0.21,2.49
189,56,7,119,1.00,6.99,0.00,0.21,6.99
190,56,8,157,3.00,5.49,0.00,0.21,16.47
191,56,9,275,1.00,5.95,0.00,0.04,5.95
192,56,10,23,2.00,13.99,0.00,0.04,27.98
193,56,11,272,2.00,2.95,0.00,0.21,5.90
194,56,12,208,1.00,22.99,0.00,0.21,22.99
195,57,1,350,1.00,1.99,0.00,0.10,1.99
196,57,2,60,3.00,1.99,0.00,0.21,5.97
197,58,1,95,1.00,1.99,0.00,0.10,1.99
198,59,1,20,1.31,1.99,0.00,0.04,2.61
199,59,2,427,2.00,6.95,0.00,0.21,13.90
200,59,3,64,1.00,4.99,0.00,0.21,4.99
201,59,4,177,1.00,3.95,0.00,0.21,3.95
202,60,1,424,1.00,1.95,0.00,0.10,1.95
203,60,2,23,4.00,13.99,0.00,0.04,55.96
204,61,1,225,2.06,1.95,0.00,0.04,4.02
205,61,2,15,3.00,7.75,0.00,0.21,23.25
206,62,1,61,4.00,4.99,0.00,0.04,19.96
207,62,2,187,1.00,2.99,0.00,0.10,2.99
208,63,1,569,1.00,2.95,0.00,0.21,2.95
209,64,1,563,1.00,7.95,0.00,0.21,7.95
210,65,1,378,1.00,0.99,0.00,0.21,0.99
211,65,2,375,1.03,11.99,0.00,0.04,12.35
212,65,3,600,2.00,2.00,0.00,0.21,4.00
213,65,4,577,1.00,2.50,0.00,0.21,2.50
214,65,5,83,1.00,4.99,0.00,0.21,4.99
215,65,6,520,4.00,2.99,0.00,0.10,11.96
216,65,7,35,1.00,3.99,0.00,0.21,3.99
217,65,8,70,2.00,3.50,0.00,0.21,7.00
218,65,9,491,4.00,5.99,0.00,0.10,23.96
219,65,10,399,1.00,1.99,0.00,0.10,1.99
220,65,11,522,3.00,5.99,0.00,0.21,17.97
221,66,1,240,2.00,1.95,0.00,0.10,3.90
222,66,2,221,0.57,5.95,0.00,0.04,3.39
223,67,1,160,0.71,0.50,0.00,0.10,0.36
224,67,2,292,4.00,3.49,0.00,0.21,13.96
225,68,1,103,1.00,2.99,0.00,0.21,2.99
226,68,2,139,1.00,2.99,0.00,0.04,2.99
227,68,3,36,1.00,2.95,0.00,0.10,2.95
228,68,4,279,1.00,7.99,0.00,0.21,7.99
229,68,5,464,1.00,2.50,0.00,0.21,2.50
230,69,1,416,1.00,2.99,0.00,0.21,2.99
231,69,2,70,1.00,3.50,0.00,0.21,3.50
232,69,3,508,1.00,10.99,0.00,0.21,10.99
233,69,4,568,1.00,2.99,0.00,0.04,2.99
234,69,5,537,1.00,5.95,0.00,0.21,5.95
235,70,1,409,2.00,3.99,0.00,0.21,7.98
236,71,1,117,1.00,2.99,0.00,0.21,2.99
237,72,1,396,1.00,0.99,0.00,0.21,0.99
238,73,1,87,1.00,2.99,0.00,0.10,2.99
239,73,2,561,1.35,4.00,0.00,0.21,5.40
240,74,1,190,1.00,3.95,0.00,0.21,3.95
241,75,1,99,2.00,15.75,0.00,0.21,31.50
242,76,1,84,1.92,11.95,0.00,0.04,22.94
243,77,1,264,1.00,1.99,0.00,0.10,1.99
244,78,1,233,2.00,5.99,0.00,0.21,11.98
245,78,2,36,1.00,2.95,0.00,0.10,2.95
246,78,3,303,1.29,2.25,0.00,0.10,2.90
247,78,4,411,3.00,3.99,0.00,0.21,11.97
248,79,1,464,1.00,2.50,0.00,0.21,2.50
249,79,2,593,2.00,4.25,0.00,0.21,8.50
250,79,3,100,1.00,3.00,0.00,0.21,3.00
251,79,4,266,1.00,11.49,0.00,0.10,11.49
252,80,1,49,1.00,3.99,0.00,0.21,3.99
253,80,2,360,1.00,2.49,0.00,0.21,2.49
254,81,1,75,1.00,2.49,0.00,0.21,2.49
255,81,2,399,2.00,1.99,0.00,0.10,3.98
256,82,1,97,1.00,4.95,0.00,0.21,4.95
257,83,1,213,1.00,2.99,0.00,0.21,2.99
258,83,2,508,2.00,10.99,0.00,0.21,21.98
259,83,3,442,1.67,3.00,0.00,0.21,5.01
260,84,1,498,1.00,2.99,0.00,0.21,2.99
261,84,2,557,2.00,4.99,0.00,0.10,9.98
262,84,3,299,1.00,5.99,0.00,0.04,5.99
263,84,4,298,1.00,1.50,0.00,0.10,1.50
264,85,1,329,2.00,3.99,0.00,0.10,7.98
265,86,1,111,2.00,6.99,0.00,0.10,13.98
266,86,2,104,1.00,2.99,0.00,0.04,2.99
267,86,3,405,2.00,4.75,0.00,0.21,9.50
268,86,4,346,1.00,6.99,0.00,0.21,6.99
269,86,5,399,1.00,1.99,0.00,0.10,1.99
270,86,6,131,1.00,10.99,0.00,0.21,10.99
271,86,7,371,3.00,5.75,0.00,0.04,17.25
272,86,8,148,1.00,3.00,0.00,0.10,3.00
273,86,9,411,2.00,3.99,0.00,0.21,7.98
274,86,10,283,1.00,1.95,0.00,0.10,1.95
275,86,11,312,1.00,10.99,0.00,0.04,10.99
276,86,12,80,4.00,2.95,0.00,0.10,11.80
277,86,13,424,1.00,1.95,0.00,0.10,1.95
278,87,1,299,1.00,5.99,0.00,0.04,5.99
279,88,1,307,2.00,5.25,0.00,0.10,10.50
280,88,2,234,2.00,4.00,0.00,0.10,8.00
281,88,3,28,1.00,6.99,0.00,0.21,6.99
282,88,4,359,1.00,3.99,0.00,0.04,3.99
283,88,5,15,1.00,7.75,0.00,0.21,7.75
284,88,6,461,2.00,1.95,0.00,0.10,3.90
285,88,7,56,1.00,1.95,0.00,0.10,1.95
286,88,8,312,1.00,10.99,0.00,0.04,10.99
287,88,9,217,1.00,4.99,0.00,0.21,4.99
288,88,10,22,2.00,8.49,0.00,0.21,16.98
289,88,11,486,2.00,1.75,0.00,0.04,3.50
290,88,12,96,2.00,1.99,0.00,0.21,3.98
291,88,13,347,0.40,5.99,0.00,0.04,2.40
292,89,1,571,1.00,11.99,0.00,0.21,11.99
293,89,2,12,1.00,1.50,0.00,0.10,1.50
294,90,1,595,2.00,2.49,0.00,0.10,4.98
295,90,2,53,1.00,2.99,0.00,0.10,2.99
296,90,3,272,1.00,2.95,0.00,0.21,2.95
297,91,1,153,2.00,2.99,0.00,0.10,5.98
298,92,1,26,2.00,1.99,0.00,0.21,3.98
299,92,2,305,1.00,3.99,0.00,0.10,3.99
300,92,3,515,2.00,2.99,0.00,0.04,5.98
301,93,1,479,1.00,3.75,0.00,0.10,3.75
302,94,1,37,1.00,5.99,0.00,0.21,5.99
303,95,1,48,2.00,1.95,0.00,0.21,3.90
304,96,1,556,2.00,2.95,0.00,0.10,5.90
305,97,1,113,2.00,2.99,0.00,0.04,5.98
306,97,2,149,1.00,3.99,0.00,0.10,3.99
307,97,3,274,1.00,7.99,0.00,0.21,7.99
308,97,4,78,1.00,9.99,0.00,0.21,9.99
309,97,5,82,1.00,5.95,0.00,0.21,5.95
310,97,6,178,1.00,5.99,0.00,0.10,5.99
311,97,7,517,0.57,3.99,0.00,0.21,2.27
312,97,8,380,1.00,3.99,0.00,0.21,3.99
313,98,1,45,4.00,4.99,0.00,0.21,19.96
314,98,2,90,2.00,6.49,0.00,0.21,12.98
315,99,1,344,2.00,11.99,0.00,0.10,23.98
316,99,2,62,1.00,5.99,0.00,0.21,5.99
317,99,3,110,2.00,1.99,0.00,0.21,3.98
318,100,1,439,1.00,3.75,0.00,0.21,3.75
319,101,1,448,1.00,6.75,0.00,0.10,6.75
320,101,2,95,2.00,1.99,0.00,0.10,3.98
321,102,1,130,1.00,4.95,0.00,0.21,4.95
322,102,2,492,1.00,3.00,0.00,0.21,3.00
323,102,3,52,1.00,2.95,0.00,0.04,2.95
324,103,1,73,2.33,0.99,0.00,0.10,2.31
325,103,2,397,1.00,3.99,0.00,0.21,3.99
326,104,1,366,1.00,4.75,0.00,0.04,4.75
327,104,2,360,1.00,2.49,0.00,0.21,2.49
328,105,1,12,1.00,1.50,0.00,0.10,1.50
329,106,1,407,1.00,4.95,0.00,0.21,4.95
330,106,2,551,1.00,3.50,0.00,0.21,3.50
331,107,1,89,1.00,2.99,0.00,0.21,2.99
332,107,2,30,1.00,1.49,0.00,0.21,1.49
333,107,3,559,2.00,4.99,0.00,0.10,9.98
334,107,4,1,1.00,12.99,0.00,0.21,12.99
335,107,5,370,1.00,2.95,0.00,0.10,2.95
336,107,6,588,1.00,5.25,0.00,0.21,5.25
337,107,7,443,2.00,0.99,0.00,0.10,1.98
338,107,8,256,1.00,21.50,0.00,0.21,21.50
339,107,9,101,1.00,2.99,0.00,0.04,2.99
340,107,10,191,1.00,3.50,0.00,0.21,3.50
341,107,11,110,2.00,1.99,0.00,0.21,3.98
342,107,12,556,1.00,2.95,0.00,0.10,2.95
343,107,13,531,1.78,1.99,25.00,0.10,2.66
344,107,14,366,2.00,4.75,0.00,0.04,9.50
345,107,15,471,2.00,1.99,0.00,0.04,3.98
346,108,1,45,1.00,4.99,0.00,0.21,4.99
347,108,2,152,1.00,2.49,0.00,0.10,2.49
348,108,3,424,1.00,1.95,0.00,0.10,1.95
349,108,4,252,1.00,3.50,0.00,0.10,3.50
350,109,1,594,0.78,10.99,0.00,0.04,8.57
351,109,2,343,1.00,4.49,0.00,0.21,4.49
352,109,3,217,1.00,4.99,0.00,0.21,4.99
353,110,1,565,1.00,22.99,0.00,0.21,22.99
354,110,2,497,1.00,1.99,0.00,0.10,1.99
355,110,3,516,2.08,1.99,0.00,0.04,4.14
356,110,4,47,1.00,5.99,0.00,0.10,5.99
357,111,1,545,1.00,5.95,0.00,0.21,5.95
358,111,2,114,1.00,5.95,0.00,0.04,5.95
359,111,3,319,2.00,2.50,0.00,0.10,5.00
360,111,4,519,3.00,2.95,0.00,0.10,8.85
361,112,1,246,2.00,4.50,0.00,0.10,9.00
362,112,2,560,2.00,7.95,0.00,0.21,15.90
363,113,1,273,0.41,4.99,0.00,0.21,2.05
364,113,2,500,2.00,1.95,0.00,0.10,3.90
365,113,3,391,1.00,2.99,0.00,0.04,2.99
366,114,1,414,1.00,4.00,0.00,0.10,4.00
367,115,1,152,1.00,2.49,0.00,0.10,2.49
368,115,2,365,1.00,17.99,0.00,0.21,17.99
369,115,3,501,2.00,0.99,0.00,0.04,1.98
370,115,4,229,1.00,2.75,0.00,0.10,2.75
371,115,5,55,1.00,5.49,0.00,0.04,5.49
372,115,6,25,1.00,2.49,0.00,0.21,2.49
373,115,7,552,1.00,2.50,0.00,0.04,2.50
374,115,8,340,1.00,11.00,0.00,0.10,11.00
375,116,1,315,1.00,1.99,0.00,0.10,1.99
376,116,2,19,2.00,8.99,0.00,0.21,17.98
377,116,3,266,1.00,11.49,0.00,0.10,11.49
378,117,1,26,1.00,1.99,0.00,0.21,1.99
379,117,2,529,1.00,5.49,0.00,0.10,5.49
380,118,1,151,1.00,1.95,0.00,0.04,1.95
381,118,2,457,1.00,10.99,0.00,0.10,10.99
382,118,3,196,1.00,4.95,0.00,0.04,4.95
383,118,4,113,1.00,2.99,0.00,0.04,2.99
384,118,5,353,1.00,1.99,0.00,0.10,1.99
385,118,6,340,1.00,11.00,0.00,0.10,11.00
386,118,7,287,0.98,1.99,0.00,0.10,1.95
387,118,8,339,0.90,1.95,0.00,0.10,1.76
388,118,9,365,1.00,17.99,0.00,0.21,17.99
389,118,10,419,1.00,8.99,0.00,0.21,8.99
390,118,11,389,2.24,11.95,0.00,0.04,26.77
391,119,1,308,4.00,9.99,0.00,0.21,39.96
392,119,2,504,1.00,2.49,0.00,0.10,2.49
393,119,3,337,2.00,2.99,0.00,0.10,5.98
394,119,4,7,2.00,2.50,0.00,0.21,5.00
395,119,5,62,2.00,5.99,0.00,0.21,11.98
396,119,6,235,4.00,2.49,0.00,0.04,9.96
397,120,1,350,1.00,1.99,0.00,0.10,1.99
398,120,2,504,2.00,2.49,0.00,0.10,4.98
399,120,3,468,0.68,7.95,0.00,0.04,5.41
400,120,4,13,2.00,4.75,0.00,0.21,9.50
401,121,1,473,1.00,1.25,0.00,0.10,1.25
402,121,2,570,1.00,1.99,0.00,0.10,1.99
403,121,3,47,6.00,5.99,0.00,0.10,35.94
404,121,4,50,2.00,2.25,0.00,0.21,4.50
405,121,5,512,1.00,2.49,0.00,0.04,2.49
406,121,6,430,1.00,4.50,0.00,0.21,4.50
407,122,1,211,0.76,3.00,0.00,0.21,2.28
408,122,2,520,1.00,2.99,0.00,0.10,2.99
409,123,1,35,2.00,3.99,0.00,0.21,7.98
410,124,1,539,2.00,4.50,0.00,0.21,9.00
411,124,2,541,1.00,5.95,0.00,0.21,5.95
412,125,1,364,1.00,5.00,0.00,0.04,5.00
413,126,1,40,1.00,3.99,0.00,0.21,3.99
414,126,2,262,3.00,12.99,0.00,0.04,38.97
415,126,3,485,1.00,2.99,0.00,0.04,2.99
416,126,4,245,1.00,3.95,0.00,0.21,3.95
417,127,1,108,1.00,3.95,0.00,0.21,3.95
418,128,1,514,2.09,1.99,0.00,0.04,4.16
419,128,2,11,2.00,4.95,0.00,0.21,9.90
420,129,1,93,1.96,13.99,0.00,0.04,27.42
421,130,1,186,1.00,4.25,0.00,0.21,4.25
422,131,1,98,4.00,1.49,0.00,0.21,5.96
423,131,2,209,1.00,6.75,0.00,0.21,6.75
424,132,1,410,1.00,2.99,0.00,0.21,2.99
425,132,2,51,3.00,3.99,0.00,0.21,11.97
426,132,3,599,4.00,8.00,0.00,0.10,32.00
427,133,1,131,1.00,10.99,0.00,0.21,10.99
428,134,1,126,0.16,2.50,0.00,0.21,0.40
429,135,1,22,1.00,8.49,0.00,0.21,8.49
430,136,1,127,4.00,6.99,0.00,0.10,27.96
431,137,1,495,1.00,14.95,0.00,0.21,14.95
432,137,2,58,1.00,2.99,0.00,0.21,2.99
433,137,3,389,0.51,11.95,0.00,0.04,6.09
434,137,4,105,1.00,6.99,0.00,0.21,6.99
435,138,1,161,1.00,1.99,0.00,0.21,1.99
436,138,2,562,3.00,3.95,0.00,0.21,11.85
437,138,3,544,1.00,3.99,0.00,0.21,3.99
438,139,1,138,1.00,1.75,0.00,0.10,1.75
439,140,1,583,4.00,2.99,0.00,0.21,11.96
440,140,2,251,1.00,3.95,0.00,0.21,3.95
441,141,1,452,1.00,7.95,0.00,0.10,7.95
442,141,2,276,3.00,4.50,0.00,0.04,13.50
443,142,1,233,1.00,5.99,0.00,0.21,5.99
444,143,1,122,1.00,2.95,0.00,0.04,2.95
445,143,2,241,1.00,5.95,0.00,0.21,5.95
446,143,3,23,3.00,13.99,0.00,0.04,41.97
447,143,4,174,3.00,4.49,0.00,0.21,13.47
448,144,1,155,1.00,2.99,0.00,0.21,2.99
449,145,1,307,2.00,5.25,0.00,0.10,10.50
450,145,2,329,1.00,3.99,0.00,0.10,3.99
451,145,3,241,1.00,5.95,0.00,0.21,5.95
452,145,4,236,2.00,2.99,0.00,0.21,5.98
453,146,1,13,2.00,4.75,0.00,0.21,9.50
454,146,2,209,1.00,6.75,0.00,0.21,6.75
455,146,3,583,1.00,2.99,0.00,0.21,2.99
456,146,4,329,1.00,3.99,0.00,0.10,3.99
457,147,1,236,1.00,2.99,0.00,0.21,2.99
458,148,1,288,1.00,2.00,0.00,0.21,2.00
459,148,2,101,1.00,2.99,0.00,0.04,2.99
460,148,3,2,1.00,1.49,0.00,0.21,1.49
461,148,4,596,2.00,5.95,0.00,0.21,11.90
462,149,1,427,1.00,6.95,0.00,0.21,6.95
463,150,1,241,4.00,5.95,0.00,0.21,23.80
464,150,2,319,2.00,2.50,0.00,0.10,5.00
465,150,3,16,1.00,2.99,0.00,0.21,2.99
466,151,1,524,0.21,2.99,0.00,0.21,0.63
467,151,2,329,1.00,3.99,0.00,0.10,3.99
468,152,1,234,1.00,4.00,0.00,0.10,4.00
469,152,2,310,1.00,1.99,0.00,0.21,1.99
470,153,1,24,1.00,7.50,0.00,0.21,7.50
471,153,2,26,2.00,1.99,0.00,0.21,3.98
472,153,3,424,1.00,1.95,0.00,0.10,1.95
473,153,4,12,1.00,1.50,0.00,0.10,1.50
474,154,1,356,3.00,12.25,0.00,0.21,36.75
475,154,2,432,0.83,10.75,0.00,0.04,8.92
476,154,3,157,3.00,5.49,0.00,0.21,16.47
477,154,4,590,1.00,11.49,0.00,0.10,11.49
478,154,5,437,2.00,4.50,0.00,0.21,9.00
479,155,1,561,0.71,4.00,0.00,0.21,2.84
480,155,2,541,4.00,5.95,0.00,0.21,23.80
481,155,3,229,1.00,2.75,0.00,0.10,2.75
482,155,4,207,1.00,1.49,0.00,0.21,1.49
483,155,5,494,2.00,10.25,0.00,0.21,20.50
484,156,1,232,3.00,2.50,0.00,0.21,7.50
485,156,2,99,1.00,15.75,0.00,0.21,15.75
486,156,3,472,6.00,0.99,0.00,0.10,5.94
487,156,4,371,2.00,5.75,0.00,0.04,11.50
488,157,1,365,1.00,17.99,0.00,0.21,17.99
489,157,2,269,1.00,6.99,0.00,0.10,6.99
490,157,3,264,3.00,1.99,0.00,0.10,5.97
491,158,1,384,1.00,4.99,0.00,0.21,4.99
492,158,2,127,2.00,6.99,0.00,0.10,13.98
493,158,3,201,4.00,2.99,0.00,0.04,11.96
494,158,4,331,2.00,1.99,0.00,0.04,3.98
495,158,5,424,4.00,1.95,0.00,0.10,7.80
496,158,6,249,1.00,3.99,0.00,0.21,3.99
497,158,7,581,1.00,7.99,0.00,0.10,7.99
498,158,8,91,2.49,3.49,0.00,0.21,8.69
499,159,1,125,1.13,2.00,0.00,0.10,2.26
500,160,1,44,1.00,3.99,0.00,0.21,3.99
501,160,2,581,1.00,7.99,0.00,0.10,7.99
502,160,3,551,1.00,3.50,0.00,0.21,3.50
503,161,1,339,1.90,1.95,0.00,0.10,3.70
504,161,2,262,1.00,12.99,0.00,0.04,12.99
505,161,3,418,4.00,10.99,0.00,0.21,43.96
506,161,4,458,1.00,1.75,0.00,0.21,1.75
507,162,1,90,2.00,6.49,0.00,0.21,12.98
508,163,1,81,2.00,7.99,0.00,0.04,15.98
509,163,2,314,1.00,1.99,0.00,0.04,1.99
510,163,3,11,2.00,4.95,0.00,0.21,9.90
511,163,4,490,1.00,4.99,0.00,0.21,4.99
512,164,1,325,1.00,1.50,15.00,0.21,1.28
513,164,2,102,1.00,3.00,0.00,0.04,3.00
514,165,1,236,1.00,2.99,0.00,0.21,2.99
515,166,1,179,1.00,12.75,0.00,0.04,12.75
516,166,2,542,1.00,9.99,0.00,0.21,9.99
517,166,3,317,1.00,4.50,0.00,0.21,4.50
518,166,4,575,1.00,8.99,0.00,0.21,8.99
519,166,5,510,1.00,3.99,0.00,0.21,3.99
520,166,6,176,1.00,1.49,0.00,0.10,1.49
521,166,7,379,3.00,2.95,0.00,0.10,8.85
522,166,8,352,1.00,2.50,0.00,0.10,2.50
523,166,9,55,2.00,5.49,0.00,0.04,10.98
524,166,10,289,1.00,3.99,0.00,0.10,3.99
525,166,11,19,4.00,8.99,0.00,0.21,35.96
526,167,1,2,1.00,1.49,0.00,0.21,1.49
527,167,2,319,1.00,2.50,0.00,0.10,2.50
528,168,1,518,1.00,2.95,0.00,0.04,2.95
529,168,2,69,1.00,4.99,0.00,0.10,4.99
530,168,3,381,0.96,4.00,0.00,0.04,3.84
531,168,4,14,1.00,7.99,0.00,0.21,7.99
532,168,5,385,1.00,2.75,0.00,0.21,2.75
533,168,6,4,3.00,1.49,0.00,0.21,4.47
534,169,1,108,2.00,3.95,0.00,0.21,7.90
535,170,1,211,2.07,3.00,0.00,0.21,6.21
536,170,2,253,1.00,3.00,0.00,0.21,3.00
537,170,3,249,1.00,3.99,0.00,0.21,3.99
538,170,4,300,1.00,2.99,0.00,0.21,2.99
539,170,5,196,1.00,4.95,0.00,0.04,4.95
540,171,1,396,4.00,0.99,0.00,0.21,3.96
541,172,1,183,1.00,0.95,0.00,0.04,0.95
542,173,1,66,1.68,0.99,0.00,0.10,1.66
543,173,2,464,1.00,2.50,0.00,0.21,2.50
544,173,3,193,1.00,1.99,0.00,0.10,1.99
545,173,4,16,3.00,2.99,0.00,0.21,8.97
546,173,5,253,1.00,3.00,0.00,0.21,3.00
547,174,1,537,1.00,5.95,0.00,0.21,5.95
548,175,1,385,3.00,2.75,0.00,0.21,8.25
549,175,2,506,3.00,2.99,0.00,0.21,8.97
550,175,3,442,0.49,3.00,0.00,0.21,1.47
551,175,4,80,1.00,2.95,0.00,0.10,2.95
552,175,5,382,1.00,3.95,0.00,0.21,3.95
553,176,1,300,4.00,2.99,0.00,0.21,11.96
554,176,2,55,1.00,5.49,0.00,0.04,5.49
555,177,1,444,1.00,3.99,0.00,0.21,3.99
556,177,2,216,1.00,2.95,0.00,0.21,2.95
557,177,3,263,2.00,2.49,0.00,0.04,4.98
558,178,1,52,2.00,2.95,0.00,0.04,5.90
559,178,2,196,4.00,4.95,0.00,0.04,19.80
560,178,3,311,1.00,3.49,0.00,0.10,3.49
561,179,1,374,1.00,2.00,0.00,0.10,2.00
562,179,2,192,1.00,14.99,0.00,0.04,14.99
563,180,1,474,1.00,2.99,0.00,0.21,2.99
564,180,2,22,1.00,8.49,0.00,0.21,8.49
565,181,1,249,1.00,3.99,0.00,0.21,3.99
566,182,1,265,1.00,2.95,0.00,0.21,2.95
567,182,2,313,2.00,3.99,0.00,0.10,7.98
568,183,1,442,0.28,3.00,0.00,0.21,0.84
569,183,2,487,0.29,10.49,0.00,0.04,3.04
570,183,3,524,0.49,2.99,0.00,0.21,1.47
571,183,4,395,1.00,5.25,0.00,0.10,5.25
572,184,1,245,1.00,3.95,0.00,0.21,3.95
573,184,2,456,3.00,8.99,0.00,0.21,26.97
574,185,1,151,1.00,1.95,0.00,0.04,1.95
575,185,2,44,2.00,3.99,0.00,0.21,7.98
576,185,3,127,2.00,6.99,0.00,0.10,13.98
577,185,4,556,2.00,2.95,0.00,0.10,5.90
578,185,5,34,1.00,2.99,0.00,0.21,2.99
579,186,1,575,4.00,8.99,0.00,0.21,35.96
580,186,2,318,1.00,2.49,0.00,0.21,2.49
581,187,1,9,1.00,2.99,0.00,0.21,2.99
582,187,2,351,1.00,5.99,0.00,0.21,5.99
583,187,3,394,1.00,7.99,0.00,0.21,7.99
584,187,4,477,1.00,5.00,0.00,0.21,5.00
585,188,1,30,1.00,1.49,0.00,0.21,1.49
586,189,1,157,3.00,5.49,0.00,0.21,16.47
587,189,2,390,0.56,4.99,0.00,0.04,2.79
588,189,3,240,2.00,1.95,0.00,0.10,3.90
589,189,4,580,1.00,6.50,0.00,0.10,6.50
590,190,1,288,1.00,2.00,0.00,0.21,2.00
591,190,2,532,1.00,2.95,0.00,0.21,2.95
592,190,3,145,0.17,2.75,0.00,0.21,0.47
593,190,4,575,2.00,8.99,0.00,0.21,17.98
594,190,5,196,1.00,4.95,0.00,0.04,4.95
595,190,6,132,1.00,2.95,0.00,0.21,2.95
596,191,1,86,1.00,3.99,0.00,0.10,3.99
597,191,2,374,2.00,2.00,0.00,0.10,4.00
598,191,3,263,2.00,2.49,0.00,0.04,4.98
599,191,4,534,1.60,12.49,0.00,0.04,19.98
600,191,5,480,1.00,22.50,0.00,0.21,22.50
601,191,6,201,2.00,2.99,0.00,0.04,5.98
602,191,7,456,1.00,8.99,0.00,0.21,8.99
603,192,1,598,2.00,23.99,0.00,0.21,47.98
604,193,1,59,1.00,1.99,0.00,0.10,1.99
605,193,2,85,1.00,7.99,0.00,0.21,7.99
606,193,3,196,1.00,4.95,0.00,0.04,4.95
607,194,1,160,2.20,0.50,0.00,0.10,1.10
608,194,2,261,6.00,2.50,0.00,0.10,15.00
609,194,3,539,1.00,4.50,0.00,0.21,4.50
610,194,4,99,1.00,15.75,0.00,0.21,15.75
611,194,5,503,1.00,3.99,0.00,0.10,3.99
612,195,1,169,3.00,4.50,0.00,0.04,13.50
613,196,1,573,1.00,2.00,0.00,0.10,2.00
614,196,2,86,1.00,3.99,0.00,0.10,3.99
615,196,3,585,1.55,1.95,0.00,0.21,3.02
616,196,4,247,3.00,3.99,0.00,0.04,11.97
617,196,5,295,1.00,1.99,0.00,0.21,1.99
618,196,6,292,3.00,3.49,0.00,0.21,10.47
619,196,7,235,1.00,2.49,0.00,0.04,2.49
620,196,8,302,1.00,1.99,0.00,0.10,1.99
621,196,9,519,1.00,2.95,0.00,0.10,2.95
622,196,10,368,2.00,2.99,0.00,0.10,5.98
623,196,11,193,1.00,1.99,0.00,0.10,1.99
624,197,1,484,1.00,1.99,0.00,0.04,1.99
625,198,1,521,4.00,5.99,0.00,0.21,23.96
626,198,2,333,1.00,8.95,0.00,0.21,8.95
627,198,3,144,2.00,2.95,0.00,0.21,5.90
628,199,1,299,1.00,5.99,0.00,0.04,5.99
629,200,1,176,1.00,1.49,0.00,0.10,1.49
630,200,2,455,1.00,1.99,0.00,0.10,1.99
631,201,1,547,1.00,5.95,0.00,0.04,5.95
632,202,1,45,1.00,4.99,0.00,0.21,4.99
633,203,1,417,1.00,1.99,0.00,0.21,1.99
634,203,2,149,6.00,3.99,0.00,0.10,23.94
635,203,3,11,1.00,4.95,0.00,0.21,4.95
636,203,4,130,1.00,4.95,0.00,0.21,4.95
637,203,5,254,2.00,1.50,0.00,0.10,3.00
638,203,6,21,2.00,2.49,0.00,0.21,4.98
639,203,7,399,2.00,1.99,0.00,0.10,3.98
640,204,1,369,1.00,7.99,0.00,0.10,7.99
641,204,2,473,4.00,1.25,0.00,0.10,5.00
642,204,3,219,1.00,3.75,0.00,0.21,3.75
643,204,4,377,2.00,2.99,0.00,0.21,5.98
644,205,1,346,2.00,6.99,0.00,0.21,13.98
645,205,2,63,2.00,2.95,0.00,0.10,5.90
646,206,1,226,1.00,1.99,0.00,0.10,1.99
647,207,1,181,3.00,3.50,0.00,0.10,10.50
648,207,2,45,2.00,4.99,0.00,0.21,9.98
649,207,3,5,1.67,0.99,0.00,0.10,1.65
650,208,1,156,2.00,6.99,0.00,0.21,13.98
651,208,2,217,2.00,4.99,0.00,0.21,9.98
652,208,3,357,1.00,1.95,0.00,0.10,1.95
653,208,4,334,1.00,1.50,0.00,0.10,1.50
654,209,1,77,1.00,1.00,0.00,0.10,1.00
655,209,2,28,4.00,6.99,0.00,0.21,27.96
656,209,3,301,1.00,11.25,0.00,0.10,11.25
657,209,4,513,1.00,0.99,0.00,0.04,0.99
658,210,1,509,4.00,2.99,0.00,0.04,11.96
659,210,2,99,1.00,15.75,0.00,0.21,15.75
660,210,3,419,1.00,8.99,0.00,0.21,8.99
661,210,4,16,1.00,2.99,0.00,0.21,2.99
662,210,5,123,1.00,2.50,0.00,0.10,2.50
663,211,1,147,1.00,0.99,0.00,0.10,0.99
664,211,2,180,1.00,0.99,0.00,0.10,0.99
665,212,1,470,2.00,6.25,0.00,0.21,12.50
666,212,2,75,1.00,2.49,0.00,0.21,2.49
667,213,1,370,1.00,2.95,0.00,0.10,2.95
668,213,2,494,2.00,10.25,0.00,0.21,20.50
669,213,3,63,1.00,2.95,0.00,0.10,2.95
670,213,4,429,0.94,5.95,0.00,0.21,5.59
671,214,1,216,1.00,2.95,0.00,0.21,2.95
672,215,1,212,1.00,17.99,0.00,0.04,17.99
673,215,2,578,1.00,1.99,0.00,0.10,1.99
674,215,3,478,2.00,15.00,0.00,0.21,30.00
675,215,4,494,1.00,10.25,0.00,0.21,10.25
676,215,5,83,6.00,4.99,0.00,0.21,29.94
677,215,6,256,1.00,21.50,0.00,0.21,21.50
678,216,1,368,1.00,2.99,0.00,0.10,2.99
679,217,1,328,1.00,2.99,0.00,0.04,2.99
680,218,1,86,1.00,3.99,0.00,0.10,3.99
681,218,2,8,1.00,2.99,0.00,0.04,2.99
682,218,3,135,1.00,7.49,0.00,0.21,7.49
683,218,4,169,3.00,4.50,0.00,0.04,13.50
684,218,5,280,1.00,1.75,0.00,0.10,1.75
685,219,1,234,1.00,4.00,0.00,0.10,4.00
686,219,2,426,1.00,1.99,0.00,0.10,1.99
687,219,3,30,1.00,1.49,0.00,0.21,1.49
688,219,4,456,2.00,8.99,0.00,0.21,17.98
689,220,1,29,1.00,3.50,0.00,0.21,3.50
690,220,2,219,3.00,3.75,0.00,0.21,11.25
691,220,3,276,2.00,4.50,0.00,0.04,9.00
692,220,4,599,6.00,8.00,0.00,0.10,48.00
693,220,5,376,6.00,5.99,0.00,0.10,35.94
694,220,6,581,1.00,7.99,0.00,0.10,7.99
695,220,7,571,1.00,11.99,0.00,0.21,11.99
696,220,8,510,1.00,3.99,0.00,0.21,3.99
697,221,1,442,2.27,3.00,0.00,0.21,6.81
698,221,2,194,4.00,2.95,0.00,0.10,11.80
699,222,1,216,1.00,2.95,0.00,0.21,2.95
700,222,2,587,1.00,3.99,0.00,0.21,3.99
701,222,3,383,1.00,5.99,0.00,0.21,5.99
702,223,1,521,4.00,5.99,0.00,0.21,23.96
703,224,1,532,2.00,2.95,0.00,0.21,5.90
704,225,1,346,3.00,6.99,0.00,0.21,20.97
705,226,1,287,1.01,1.99,0.00,0.10,2.01
706,227,1,497,1.00,1.99,0.00,0.10,1.99
707,228,1,358,1.00,2.95,0.00,0.21,2.95
708,229,1,575,1.00,8.99,0.00,0.21,8.99
709,230,1,440,1.12,1.99,0.00,0.10,2.23
710,231,1,76,1.00,1.99,0.00,0.04,1.99
711,232,1,504,2.00,2.49,0.00,0.10,4.98
712,233,1,9,1.00,2.99,0.00,0.21,2.99
713,234,1,135,1.00,7.49,0.00,0.21,7.49
714,234,2,308,1.00,9.99,0.00,0.21,9.99
715,234,3,548,1.00,3.49,0.00,0.21,3.49
716,235,1,513,1.00,0.99,0.00,0.04,0.99
717,235,2,352,1.00,2.50,0.00,0.10,2.50
718,235,3,22,2.00,8.49,0.00,0.21,16.98
719,235,4,136,1.00,7.95,0.00,0.21,7.95
720,235,5,252,6.00,3.50,0.00,0.10,21.00
721,236,1,14,1.00,7.99,0.00,0.21,7.99
722,236,2,348,2.00,3.00,0.00,0.21,6.00
723,237,1,423,3.00,2.99,0.00,0.21,8.97
724,237,2,499,1.00,1.99,0.00,0.10,1.99
725,238,1,239,1.00,5.99,0.00,0.21,5.99
726,238,2,319,1.00,2.50,0.00,0.10,2.50
727,238,3,30,1.00,1.49,0.00,0.21,1.49
728,239,1,58,3.00,2.99,0.00,0.21,8.97
729,239,2,295,1.00,1.99,0.00,0.21,1.99
730,239,3,324,2.00,2.95,0.00,0.04,5.90
731,239,4,460,1.00,7.99,0.00,0.21,7.99
732,239,5,213,3.00,2.99,0.00,0.21,8.97
733,239,6,228,1.00,2.50,0.00,0.21,2.50
734,239,7,166,4.00,8.25,0.00,0.21,33.00
735,240,1,238,3.00,2.49,0.00,0.21,7.47
736,240,2,466,2.00,2.95,0.00,0.21,5.90
737,240,3,537,1.00,5.95,0.00,0.21,5.95
738,240,4,221,2.05,5.95,0.00,0.04,12.20
739,241,1,253,1.00,3.00,0.00,0.21,3.00
740,242,1,145,2.47,2.75,0.00,0.21,6.79
741,243,1,249,6.00,3.99,0.00,0.21,23.94
742,243,2,377,3.00,2.99,0.00,0.21,8.97
743,243,3,271,0.22,1.99,0.00,0.04,0.44
744,243,4,592,1.00,1.50,0.00,0.04,1.50
745,243,5,14,1.00,7.99,0.00,0.21,7.99
746,244,1,353,1.00,1.99,0.00,0.10,1.99
747,244,2,144,1.00,2.95,0.00,0.21,2.95
748,244,3,242,1.00,22.99,0.00,0.21,22.99
749,244,4,11,1.00,4.95,0.00,0.21,4.95
750,244,5,348,1.00,3.00,0.00,0.21,3.00
751,244,6,146,2.00,1.49,0.00,0.21,2.98
752,245,1,381,0.87,4.00,0.00,0.04,3.48
753,246,1,556,3.00,2.95,0.00,0.10,8.85
754,246,2,223,3.00,2.99,0.00,0.21,8.97
755,246,3,438,1.00,5.49,0.00,0.21,5.49
756,246,4,560,1.00,7.95,0.00,0.21,7.95
757,247,1,171,1.00,1.49,0.00,0.10,1.49
758,247,2,354,2.00,3.49,0.00,0.21,6.98
759,248,1,173,1.00,1.95,0.00,0.04,1.95
760,249,1,489,1.00,1.00,0.00,0.04,1.00
761,249,2,158,1.00,3.99,0.00,0.21,3.99
762,249,3,598,2.00,23.99,0.00,0.21,47.98
763,249,4,109,1.00,0.99,0.00,0.04,0.99
764,249,5,218,1.00,2.95,0.00,0.10,2.95
765,249,6,487,0.82,10.49,0.00,0.04,8.60
766,250,1,174,4.00,4.49,0.00,0.21,17.96
767,250,2,136,2.00,7.95,0.00,0.21,15.90
768,250,3,402,1.00,2.99,0.00,0.21,2.99
769,250,4,70,1.00,3.50,0.00,0.21,3.50
770,250,5,123,1.00,2.50,0.00,0.10,2.50
771,250,6,513,3.00,0.99,0.00,0.04,2.97
772,250,7,226,1.00,1.99,0.00,0.10,1.99
773,250,8,335,2.00,2.50,0.00,0.21,5.00
774,250,9,585,1.47,1.95,0.00,0.21,2.87
775,250,10,162,1.00,1.49,0.00,0.10,1.49
776,250,11,590,1.00,11.49,0.00,0.10,11.49
777,250,12,564,4.00,16.95,0.00,0.04,67.80
778,251,1,344,1.00,11.99,0.00,0.10,11.99
779,251,2,212,1.00,17.99,0.00,0.04,17.99
780,251,3,215,1.00,8.95,0.00,0.21,8.95
781,251,4,21,2.00,2.49,0.00,0.21,4.98
782,251,5,453,2.00,4.49,0.00,0.21,8.98
783,251,6,430,1.00,4.50,0.00,0.21,4.50
784,251,7,422,1.00,11.75,0.00,0.21,11.75
785,251,8,319,1.00,2.50,0.00,0.10,2.50
786,251,9,353,1.00,1.99,0.00,0.10,1.99
787,251,10,471,1.00,1.99,0.00,0.04,1.99
788,251,11,211,1.95,3.00,0.00,0.21,5.85
789,251,12,362,1.00,3.25,0.00,0.21,3.25
790,252,1,556,2.00,2.95,0.00,0.10,5.90
791,252,2,136,1.00,7.95,0.00,0.21,7.95
792,252,3,381,1.68,4.00,0.00,0.04,6.72
793,252,4,594,2.13,10.99,0.00,0.04,23.41
794,253,1,145,0.23,2.75,0.00,0.21,0.63
795,253,2,52,4.00,2.95,0.00,0.04,11.80
796,254,1,216,2.00,2.95,0.00,0.21,5.90
797,254,2,332,1.00,1.99,0.00,0.10,1.99
798,254,3,426,1.00,1.99,0.00,0.10,1.99
799,255,1,98,2.00,1.49,0.00,0.21,2.98
800,255,2,293,1.00,5.49,0.00,0.04,5.49
801,256,1,441,1.00,6.95,0.00,0.21,6.95
802,256,2,16,3.00,2.99,0.00,0.21,8.97
803,256,3,544,1.00,3.99,0.00,0.21,3.99
804,256,4,275,2.00,5.95,0.00,0.04,11.90
805,256,5,517,0.66,3.99,0.00,0.21,2.63
806,256,6,259,1.00,2.95,0.00,0.04,2.95
807,256,7,553,3.00,7.99,0.00,0.04,23.97
808,256,8,223,1.00,2.99,0.00,0.21,2.99
809,257,1,147,4.00,0.99,0.00,0.10,3.96
810,257,2,501,1.00,0.99,0.00,0.04,0.99
811,258,1,44,2.00,3.99,0.00,0.21,7.98
812,259,1,425,1.00,3.99,0.00,0.21,3.99
813,260,1,453,1.00,4.49,0.00,0.21,4.49
814,260,2,463,2.00,4.25,0.00,0.04,8.50
815,261,1,41,2.00,4.75,0.00,0.10,9.50
816,261,2,426,1.00,1.99,0.00,0.10,1.99
817,261,3,247,1.00,3.99,0.00,0.04,3.99
818,261,4,557,4.00,4.99,0.00,0.10,19.96
819,261,5,578,1.00,1.99,0.00,0.10,1.99
820,262,1,358,1.00,2.95,0.00,0.21,2.95
821,262,2,147,1.00,0.99,0.00,0.10,0.99
822,263,1,224,2.00,2.99,0.00,0.04,5.98
823,264,1,492,1.00,3.00,0.00,0.21,3.00
824,265,1,114,6.00,5.95,0.00,0.04,35.70
825,266,1,527,1.00,2.99,0.00,0.21,2.99
826,266,2,392,2.43,1.49,0.00,0.04,3.62
827,267,1,556,1.00,2.95,0.00,0.10,2.95
828,268,1,23,1.00,13.99,0.00,0.04,13.99
829,268,2,545,1.00,5.95,0.00,0.21,5.95
830,268,3,439,1.00,3.75,0.00,0.21,3.75
831,269,1,139,4.00,2.99,0.00,0.04,11.96
832,269,2,511,3.00,1.99,0.00,0.10,5.97
833,270,1,487,0.92,10.49,0.00,0.04,9.65
834,271,1,431,1.00,2.49,0.00,0.21,2.49
835,271,2,308,2.00,9.99,0.00,0.21,19.98
836,271,3,402,3.00,2.99,0.00,0.21,8.97
837,272,1,234,1.00,4.00,0.00,0.10,4.00
838,272,2,375,1.65,11.99,0.00,0.04,19.78
839,272,3,600,1.00,2.00,0.00,0.21,2.00
840,272,4,514,0.83,1.99,0.00,0.04,1.65
841,273,1,316,1.00,3.75,0.00,0.21,3.75
842,273,2,566,2.00,1.95,0.00,0.04,3.90
843,274,1,321,2.00,2.99,0.00,0.10,5.98
844,274,2,451,2.00,4.99,0.00,0.10,9.98
845,275,1,219,1.00,3.75,0.00,0.21,3.75
846,275,2,215,1.00,8.95,0.00,0.21,8.95
847,275,3,107,1.00,5.99,0.00,0.21,5.99
848,275,4,16,1.00,2.99,0.00,0.21,2.99
849,275,5,459,3.00,2.99,0.00,0.21,8.97
850,276,1,193,1.00,1.99,0.00,0.10,1.99
851,276,2,156,4.00,6.99,0.00,0.21,27.96
852,276,3,411,2.00,3.99,0.00,0.21,7.98
853,276,4,105,2.00,6.99,0.00,0.21,13.98
854,276,5,477,4.00,5.00,0.00,0.21,20.00
855,276,6,80,6.00,2.95,0.00,0.10,17.70
856,277,1,474,1.00,2.99,0.00,0.21,2.99
857,277,2,571,1.00,11.99,0.00,0.21,11.99
858,277,3,270,1.00,1.99,0.00,0.10,1.99
859,277,4,424,1.00,1.95,0.00,0.10,1.95
860,277,5,265,2.00,2.95,0.00,0.21,5.90
861,278,1,277,1.00,4.99,0.00,0.10,4.99
862,279,1,472,2.00,0.99,0.00,0.10,1.98
863,279,2,222,1.00,2.75,0.00,0.10,2.75
864,279,3,51,1.00,3.99,0.00,0.21,3.99
865,280,1,489,3.00,1.00,0.00,0.04,3.00
866,280,2,2,1.00,1.49,0.00,0.21,1.49
867,280,3,253,1.00,3.00,0.00,0.21,3.00
868,280,4,187,1.00,2.99,0.00,0.10,2.99
869,280,5,78,1.00,9.99,0.00,0.21,9.99
870,281,1,172,1.00,14.50,0.00,0.21,14.50
871,281,2,259,2.00,2.95,0.00,0.04,5.90
872,282,1,382,1.00,3.95,0.00,0.21,3.95
873,282,2,60,3.00,1.99,0.00,0.21,5.97
874,282,3,372,2.00,3.95,0.00,0.21,7.90
875,282,4,125,0.31,2.00,0.00,0.10,0.62
876,282,5,45,4.00,4.99,0.00,0.21,19.96
877,282,6,173,1.00,1.95,0.00,0.04,1.95
878,282,7,525,1.00,2.99,0.00,0.04,2.99
879,282,8,520,4.00,2.99,0.00,0.10,11.96
880,282,9,273,0.87,4.99,0.00,0.21,4.34
881,282,10,579,1.00,2.49,0.00,0.10,2.49
882,282,11,400,1.00,2.99,0.00,0.21,2.99
883,282,12,36,1.00,2.95,0.00,0.10,2.95
884,282,13,572,1.00,2.49,0.00,0.21,2.49
885,282,14,429,1.45,5.95,0.00,0.21,8.63
886,282,15,391,1.00,2.99,0.00,0.04,2.99
887,282,16,376,2.00,5.99,0.00,0.10,11.98
888,283,1,527,1.00,2.99,0.00,0.21,2.99
889,284,1,522,2.00,5.99,0.00,0.21,11.98
890,285,1,194,1.00,2.95,0.00,0.10,2.95
891,285,2,506,3.00,2.99,0.00,0.21,8.97
892,285,3,325,6.00,1.50,0.00,0.21,9.00
893,286,1,548,4.00,3.49,0.00,0.21,13.96
894,287,1,400,1.00,2.99,0.00,0.21,2.99
895,287,2,368,1.00,2.99,0.00,0.10,2.99
896,287,3,49,1.00,3.99,0.00,0.21,3.99
897,287,4,583,1.00,2.99,0.00,0.21,2.99
898,287,5,50,1.00,2.25,0.00,0.21,2.25
899,288,1,72,1.00,4.95,0.00,0.21,4.95
900,289,1,6,1.00,6.99,0.00,0.21,6.99
901,290,1,541,2.00,5.95,0.00,0.21,11.90
902,290,2,319,1.00,2.50,0.00,0.10,2.50
903,291,1,26,1.00,1.99,0.00,0.21,1.99
904,291,2,491,1.00,5.99,0.00,0.10,5.99
905,291,3,16,2.00,2.99,0.00,0.21,5.98
906,291,4,184,1.00,7.99,0.00,0.21,7.99
907,291,5,564,1.00,16.95,0.00,0.04,16.95
908,291,6,532,1.00,2.95,0.00,0.21,2.95
909,291,7,405,1.00,4.75,0.00,0.21,4.75
910,292,1,185,3.00,2.99,0.00,0.10,8.97
911,292,2,406,1.62,13.99,0.00,0.04,22.66
912,292,3,374,1.00,2.00,0.00,0.10,2.00
913,293,1,567,2.00,1.49,0.00,0.10,2.98
914,294,1,515,3.00,2.99,0.00,0.04,8.97
915,294,2,341,3.00,1.99,0.00,0.10,5.97
916,294,3,368,1.00,2.99,0.00,0.10,2.99
917,295,1,398,0.77,3.99,0.00,0.21,3.07
918,295,2,531,1.25,1.99,0.00,0.10,2.49
919,295,3,44,1.00,3.99,0.00,0.21,3.99
920,295,4,588,1.00,5.25,0.00,0.21,5.25
921,295,5,10,1.00,2.99,0.00,0.10,2.99
922,295,6,277,1.00,4.99,0.00,0.10,4.99
923,295,7,54,1.00,5.50,0.00,0.21,5.50
924,295,8,266,3.00,11.49,0.00,0.10,34.47
925,295,9,265,2.00,2.95,0.00,0.21,5.90
926,295,10,210,3.00,4.99,0.00,0.21,14.97
927,296,1,139,1.00,2.99,0.00,0.04,2.99
928,296,2,54,4.00,5.50,0.00,0.21,22.00
929,297,1,229,1.00,2.75,0.00,0.10,2.75
930,298,1,327,2.00,1.49,0.00,0.10,2.98
931,299,1,350,1.00,1.99,0.00,0.10,1.99
932,299,2,537,4.00,5.95,0.00,0.21,23.80
933,300,1,143,0.50,9.95,0.00,0.04,4.98
934,301,1,290,1.00,4.95,0.00,0.21,4.95
935,302,1,116,1.65,6.49,0.00,0.04,10.71
936,302,2,467,1.36,3.25,0.00,0.21,4.42
937,303,1,421,1.00,10.49,0.00,0.04,10.49
938,303,2,309,1.00,4.95,0.00,0.21,4.95
939,304,1,489,1.00,1.00,0.00,0.04,1.00
940,304,2,217,1.00,4.99,0.00,0.21,4.99
941,304,3,404,1.00,4.99,0.00,0.10,4.99
942,304,4,327,1.00,1.49,0.00,0.10,1.49
943,305,1,397,2.00,3.99,0.00,0.21,7.98
944,305,2,118,4.00,5.99,0.00,0.21,23.96
945,306,1,459,1.00,2.99,0.00,0.21,2.99
946,307,1,476,1.00,6.99,0.00,0.21,6.99
947,307,2,448,2.00,6.75,0.00,0.10,13.50
948,308,1,190,3.00,3.95,0.00,0.21,11.85
949,308,2,109,3.00,0.99,0.00,0.04,2.97
950,308,3,327,1.00,1.49,0.00,0.10,1.49
951,308,4,273,0.67,4.99,0.00,0.21,3.34
952,308,5,168,2.00,10.95,0.00,0.21,21.90
953,309,1,13,6.00,4.75,0.00,0.21,28.50
954,309,2,398,2.12,3.99,0.00,0.21,8.46
955,309,3,284,1.00,21.50,0.00,0.21,21.50
956,309,4,108,4.00,3.95,0.00,0.21,15.80
957,309,5,412,1.00,3.99,0.00,0.21,3.99
958,309,6,150,1.00,2.00,0.00,0.21,2.00
959,309,7,511,2.00,1.99,0.00,0.10,3.98
960,310,1,590,1.00,11.49,0.00,0.10,11.49
961,311,1,312,4.00,10.99,0.00,0.04,43.96
962,311,2,313,6.00,3.99,0.00,0.10,23.94
963,312,1,493,1.00,9.99,0.00,0.21,9.99
964,313,1,109,1.00,0.99,0.00,0.04,0.99
965,314,1,519,4.00,2.95,0.00,0.10,11.80
966,314,2,162,2.00,1.49,0.00,0.10,2.98
967,315,1,131,4.00,10.99,0.00,0.21,43.96
968,316,1,97,1.00,4.95,0.00,0.21,4.95
969,316,2,556,2.00,2.95,0.00,0.10,5.90
970,316,3,126,1.48,2.50,0.00,0.21,3.70
971,316,4,331,1.00,1.99,0.00,0.04,1.99
972,316,5,95,1.00,1.99,0.00,0.10,1.99
973,317,1,21,1.00,2.49,0.00,0.21,2.49
974,317,2,225,2.33,1.95,0.00,0.04,4.54
975,317,3,385,1.00,2.75,0.00,0.21,2.75
976,318,1,154,0.64,3.49,0.00,0.21,2.23
977,318,2,268,1.00,1.95,0.00,0.10,1.95
978,318,3,488,6.00,2.49,0.00,0.21,14.94
979,319,1,573,1.00,2.00,0.00,0.10,2.00
980,319,2,405,1.00,4.75,0.00,0.21,4.75
981,319,3,62,1.00,5.99,0.00,0.21,5.99
982,319,4,452,2.00,7.95,0.00,0.10,15.90
983,319,5,545,1.00,5.95,0.00,0.21,5.95
984,319,6,389,2.47,11.95,0.00,0.04,29.52
985,319,7,537,1.00,5.95,0.00,0.21,5.95
986,319,8,227,1.00,13.49,0.00,0.21,13.49
987,320,1,229,1.00,2.75,0.00,0.10,2.75
988,321,1,182,2.00,2.75,0.00,0.04,5.50
989,322,1,578,1.00,1.99,0.00,0.10,1.99
990,322,2,107,1.00,5.99,0.00,0.21,5.99
991,323,1,218,1.00,2.95,0.00,0.10,2.95
992,323,2,504,2.00,2.49,0.00,0.10,4.98
993,323,3,324,3.00,2.95,0.00,0.04,8.85
994,323,4,200,1.00,12.75,0.00,0.21,12.75
995,324,1,182,3.00,2.75,0.00,0.04,8.25
996,325,1,475,1.00,2.99,0.00,0.10,2.99
997,326,1,17,1.00,2.49,0.00,0.10,2.49
998,327,1,238,1.00,2.49,0.00,0.21,2.49
999,328,1,300,1.00,2.99,0.00,0.21,2.99
1000,328,2,595,3.00,2.49,0.00,0.10,7.47
1001,328,3,541,1.00,5.95,0.00,0.21,5.95
1002,329,1,579,1.00,2.49,0.00,0.10,2.49
1003,330,1,109,1.00,0.99,0.00,0.04,0.99
1004,330,2,139,1.00,2.99,0.00,0.04,2.99
1005,330,3,6,1.00,6.99,0.00,0.21,6.99
1006,330,4,189,2.00,1.50,0.00,0.04,3.00
1007,330,5,316,2.00,3.75,0.00,0.21,7.50
1008,330,6,173,3.00,1.95,0.00,0.04,5.85
1009,330,7,129,1.00,2.99,0.00,0.10,2.99
1010,330,8,499,2.00,1.99,0.00,0.10,3.98
1011,330,9,206,1.00,2.99,0.00,0.21,2.99
1012,330,10,300,3.00,2.99,0.00,0.21,8.97
1013,331,1,71,1.00,2.99,0.00,0.10,2.99
1014,331,2,156,1.00,6.99,0.00,0.21,6.99
1015,331,3,286,1.00,3.25,0.00,0.21,3.25
1016,331,4,272,1.00,2.95,0.00,0.21,2.95
1017,332,1,283,1.00,1.95,0.00,0.10,1.95
1018,333,1,562,1.00,3.95,0.00,0.21,3.95
1019,334,1,533,3.00,6.75,0.00,0.21,20.25
1020,334,2,364,1.00,5.00,0.00,0.04,5.00
1021,334,3,154,0.66,3.49,0.00,0.21,2.30
1022,334,4,159,1.00,24.99,0.00,0.21,24.99
1023,335,1,106,2.00,3.49,0.00,0.21,6.98
1024,335,2,66,0.31,0.99,0.00,0.10,0.31
1025,336,1,584,1.00,19.95,0.00,0.21,19.95
1026,336,2,32,1.00,3.50,0.00,0.21,3.50
1027,336,3,82,1.00,5.95,0.00,0.21,5.95
1028,336,4,1,2.00,12.99,0.00,0.21,25.98
1029,336,5,235,1.00,2.49,0.00,0.04,2.49
1030,336,6,571,1.00,11.99,0.00,0.21,11.99
1031,336,7,444,1.00,3.99,0.00,0.21,3.99
1032,336,8,367,1.00,7.49,0.00,0.10,7.49
1033,336,9,595,1.00,2.49,0.00,0.10,2.49
1034,337,1,306,4.00,8.95,0.00,0.04,35.80
1035,337,2,416,1.00,2.99,0.00,0.21,2.99
1036,337,3,173,1.00,1.95,0.00,0.04,1.95
1037,337,4,586,1.00,6.00,0.00,0.21,6.00
1038,337,5,121,1.00,2.75,0.00,0.04,2.75
1039,337,6,336,1.00,0.99,0.00,0.10,0.99
1040,337,7,137,3.00,1.49,0.00,0.10,4.47
1041,337,8,352,1.00,2.50,0.00,0.10,2.50
1042,338,1,121,1.00,2.75,0.00,0.04,2.75
1043,339,1,572,1.00,2.49,0.00,0.21,2.49
1044,339,2,498,1.00,2.99,0.00,0.21,2.99
1045,339,3,10,2.00,2.99,0.00,0.10,5.98
1046,339,4,196,1.00,4.95,0.00,0.04,4.95
1047,339,5,359,1.00,3.99,0.00,0.04,3.99
1048,340,1,343,1.00,4.49,0.00,0.21,4.49
1049,341,1,344,1.00,11.99,0.00,0.10,11.99
1050,341,2,382,2.00,3.95,0.00,0.21,7.90
1051,342,1,59,1.00,1.99,0.00,0.10,1.99
1052,342,2,248,1.00,5.49,0.00,0.21,5.49
1053,342,3,589,0.78,11.99,0.00,0.04,9.35
1054,342,4,186,1.00,4.25,0.00,0.21,4.25
1055,343,1,104,2.00,2.99,0.00,0.04,5.98
1056,343,2,136,1.00,7.95,0.00,0.21,7.95
1057,343,3,76,3.00,1.99,0.00,0.04,5.97
1058,343,4,586,2.00,6.00,0.00,0.21,12.00
1059,343,5,28,1.00,6.99,0.00,0.21,6.99
1060,343,6,262,4.00,12.99,0.00,0.04,51.96
1061,343,7,309,1.00,4.95,0.00,0.21,4.95
1062,343,8,425,1.00,3.99,0.00,0.21,3.99
1063,344,1,407,2.00,4.95,0.00,0.21,9.90
1064,345,1,116,1.24,6.49,0.00,0.04,8.05
1065,346,1,269,2.00,6.99,0.00,0.10,13.98
1066,346,2,165,1.00,3.99,0.00,0.04,3.99
1067,346,3,224,2.00,2.99,0.00,0.04,5.98
1068,346,4,387,3.00,3.95,0.00,0.21,11.85
1069,346,5,349,1.00,2.99,0.00,0.21,2.99
1070,346,6,249,3.00,3.99,0.00,0.21,11.97
1071,347,1,81,1.00,7.99,0.00,0.04,7.99
1072,348,1,514,2.20,1.99,0.00,0.04,4.38
1073,349,1,168,1.00,10.95,0.00,0.21,10.95
1074,350,1,175,3.00,2.95,0.00,0.21,8.85
1075,350,2,499,4.00,1.99,0.00,0.10,7.96
1076,351,1,409,6.00,3.99,0.00,0.21,23.94
1077,351,2,593,1.00,4.25,0.00,0.21,4.25
1078,351,3,182,1.00,2.75,0.00,0.04,2.75
1079,351,4,116,1.26,6.49,0.00,0.04,8.18
1080,352,1,534,1.05,12.49,0.00,0.04,13.11
1081,352,2,575,1.00,8.99,0.00,0.21,8.99
1082,352,3,254,1.00,1.50,0.00,0.10,1.50
1083,352,4,66,1.83,0.99,0.00,0.10,1.81
1084,352,5,472,1.00,0.99,0.00,0.10,0.99
1085,353,1,27,1.00,13.95,0.00,0.04,13.95
1086,354,1,487,2.09,10.49,0.00,0.04,21.92
1087,355,1,246,1.00,4.50,0.00,0.10,4.50
1088,355,2,232,1.00,2.50,0.00,0.21,2.50
1089,355,3,231,1.00,4.99,0.00,0.04,4.99
1090,356,1,213,1.00,2.99,0.00,0.21,2.99
1091,357,1,337,1.00,2.99,0.00,0.10,2.99
1092,358,1,191,1.00,3.50,0.00,0.21,3.50
1093,359,1,506,1.00,2.99,0.00,0.21,2.99
1094,359,2,260,1.00,1.99,0.00,0.04,1.99
1095,359,3,410,3.00,2.99,0.00,0.21,8.97
1096,359,4,41,2.00,4.75,0.00,0.10,9.50
1097,359,5,207,1.00,1.49,0.00,0.21,1.49
1098,359,6,89,1.00,2.99,0.00,0.21,2.99
1099,359,7,557,2.00,4.99,0.00,0.10,9.98
1100,359,8,522,1.00,5.99,0.00,0.21,5.99
1101,359,9,567,1.00,1.49,0.00,0.10,1.49
1102,359,10,556,2.00,2.95,0.00,0.10,5.90
1103,360,1,548,3.00,3.49,0.00,0.21,10.47
1104,360,2,545,4.00,5.95,0.00,0.21,23.80
1105,361,1,477,1.00,5.00,0.00,0.21,5.00
1106,361,2,387,2.00,3.95,0.00,0.21,7.90
1107,361,3,255,1.00,16.99,0.00,0.21,16.99
1108,362,1,596,1.00,5.95,0.00,0.21,5.95
1109,362,2,259,1.00,2.95,0.00,0.04,2.95
1110,362,3,279,1.00,7.99,0.00,0.21,7.99
1111,362,4,560,1.00,7.95,0.00,0.21,7.95
1112,363,1,456,1.00,8.99,0.00,0.21,8.99
1113,363,2,269,3.00,6.99,0.00,0.10,20.97
1114,364,1,174,1.00,4.49,0.00,0.21,4.49
1115,364,2,26,3.00,1.99,0.00,0.21,5.97
1116,364,3,254,2.00,1.50,0.00,0.10,3.00
1117,364,4,20,1.25,1.99,0.00,0.04,2.49
1118,364,5,109,1.00,0.99,0.00,0.04,0.99
1119,365,1,473,1.00,1.25,0.00,0.10,1.25
1120,366,1,377,1.00,2.99,0.00,0.21,2.99
1121,366,2,72,1.00,4.95,0.00,0.21,4.95
1122,366,3,380,1.00,3.99,0.00,0.21,3.99
1123,366,4,387,3.00,3.95,0.00,0.21,11.85
1124,366,5,283,1.00,1.95,0.00,0.10,1.95
1125,366,6,250,1.00,1.49,0.00,0.21,1.49
1126,367,1,388,1.23,1.99,0.00,0.10,2.45
1127,368,1,206,1.00,2.99,0.00,0.21,2.99
1128,368,2,326,1.00,4.95,0.00,0.21,4.95
1129,368,3,516,2.34,1.99,0.00,0.04,4.66
1130,369,1,288,1.00,2.00,0.00,0.21,2.00
1131,370,1,175,1.00,2.95,0.00,0.21,2.95
1132,370,2,351,1.00,5.99,0.00,0.21,5.99
1133,371,1,422,3.00,11.75,0.00,0.21,35.25
1134,371,2,474,1.00,2.99,0.00,0.21,2.99
1135,371,3,408,2.00,4.00,0.00,0.21,8.00
1136,371,4,107,1.00,5.99,0.00,0.21,5.99
1137,371,5,542,2.00,9.99,0.00,0.21,19.98
1138,371,6,139,2.00,2.99,0.00,0.04,5.98
1139,371,7,466,3.00,2.95,0.00,0.21,8.85
1140,372,1,163,3.00,3.25,0.00,0.21,9.75
1141,372,2,250,1.00,1.49,0.00,0.21,1.49
1142,372,3,488,1.00,2.49,0.00,0.21,2.49
1143,372,4,265,1.00,2.95,0.00,0.21,2.95
1144,372,5,107,2.00,5.99,0.00,0.21,11.98
1145,372,6,238,2.00,2.49,0.00,0.21,4.98
1146,373,1,291,2.00,0.99,0.00,0.21,1.98
1147,373,2,533,1.00,6.75,0.00,0.21,6.75
1148,373,3,405,1.00,4.75,0.00,0.21,4.75
1149,373,4,188,1.00,4.99,0.00,0.10,4.99
1150,373,5,505,1.00,3.95,0.00,0.21,3.95
1151,374,1,433,2.00,3.99,0.00,0.04,7.98
1152,374,2,175,1.00,2.95,0.00,0.21,2.95
1153,375,1,9,2.00,2.99,0.00,0.21,5.98
1154,376,1,351,2.00,5.99,0.00,0.21,11.98
1155,376,2,524,1.73,2.99,0.00,0.21,5.17
1156,376,3,131,1.00,10.99,0.00,0.21,10.99
1157,376,4,154,0.75,3.49,0.00,0.21,2.62
1158,377,1,537,2.00,5.95,0.00,0.21,11.90
1159,378,1,423,1.00,2.99,0.00,0.21,2.99
1160,378,2,84,1.99,11.95,0.00,0.04,23.78
1161,378,3,523,1.00,3.49,0.00,0.10,3.49
1162,378,4,366,1.00,4.75,0.00,0.04,4.75
1163,378,5,109,1.00,0.99,0.00,0.04,0.99
1164,378,6,237,1.00,14.95,0.00,0.04,14.95
1165,378,7,421,1.00,10.49,0.00,0.04,10.49
1166,378,8,256,1.00,21.50,0.00,0.21,21.50
1167,378,9,341,1.00,1.99,0.00,0.10,1.99
1168,379,1,52,1.00,2.95,0.00,0.04,2.95
1169,380,1,7,2.00,2.50,0.00,0.21,5.00
1170,381,1,26,1.00,1.99,0.00,0.21,1.99
1171,381,2,489,3.00,1.00,0.00,0.04,3.00
1172,382,1,359,1.00,3.99,0.00,0.04,3.99
1173,383,1,183,3.00,0.95,0.00,0.04,2.85
1174,383,2,6,2.00,6.99,0.00,0.21,13.98
1175,383,3,165,1.00,3.99,0.00,0.04,3.99
1176,383,4,329,1.00,3.99,0.00,0.10,3.99
1177,383,5,68,1.00,3.49,0.00,0.21,3.49
1178,383,6,181,2.00,3.50,0.00,0.10,7.00
1179,383,7,316,1.00,3.75,0.00,0.21,3.75
1180,384,1,207,2.00,1.49,0.00,0.21,2.98
1181,384,2,211,0.44,3.00,0.00,0.21,1.32
1182,385,1,131,1.00,10.99,0.00,0.21,10.99
1183,385,2,236,2.00,2.99,0.00,0.21,5.98
1184,385,3,566,6.00,1.95,0.00,0.04,11.70
1185,385,4,60,1.00,1.99,0.00,0.21,1.99
1186,385,5,531,0.62,1.99,0.00,0.10,1.23
1187,386,1,20,1.74,1.99,0.00,0.04,3.46
1188,386,2,203,1.00,2.75,0.00,0.10,2.75
1189,386,3,52,1.00,2.95,0.00,0.04,2.95
1190,386,4,153,1.00,2.99,0.00,0.10,2.99
1191,386,5,323,6.00,4.95,0.00,0.10,29.70
1192,386,6,355,1.00,3.75,0.00,0.10,3.75
1193,387,1,252,1.00,3.50,0.00,0.10,3.50
1194,387,2,105,1.00,6.99,0.00,0.21,6.99
1195,387,3,135,3.00,7.49,0.00,0.21,22.47
1196,387,4,264,1.00,1.99,0.00,0.10,1.99
1197,388,1,110,1.00,1.99,0.00,0.21,1.99
1198,388,2,418,3.00,10.99,0.00,0.21,32.97
1199,388,3,382,1.00,3.95,0.00,0.21,3.95
1200,389,1,182,1.00,2.75,0.00,0.04,2.75
1201,389,2,541,1.00,5.95,0.00,0.21,5.95
1202,390,1,28,1.00,6.99,0.00,0.21,6.99
1203,391,1,278,1.00,3.25,0.00,0.21,3.25
1204,391,2,382,2.00,3.95,0.00,0.21,7.90
1205,392,1,489,1.00,1.00,0.00,0.04,1.00
1206,393,1,471,1.00,1.99,0.00,0.04,1.99
1207,393,2,200,1.00,12.75,0.00,0.21,12.75
1208,394,1,170,3.00,7.99,0.00,0.21,23.97
1209,394,2,278,6.00,3.25,0.00,0.21,19.50
1210,394,3,305,3.00,3.99,0.00,0.10,11.97
1211,394,4,417,2.00,1.99,0.00,0.21,3.98
1212,395,1,398,1.80,3.99,0.00,0.21,7.18
1213,396,1,339,0.57,1.95,0.00,0.10,1.11
1214,397,1,523,1.00,3.49,0.00,0.10,3.49
1215,398,1,306,1.00,8.95,0.00,0.04,8.95
1216,399,1,170,1.00,7.99,0.00,0.21,7.99
1217,399,2,499,1.00,1.99,0.00,0.10,1.99
1218,399,3,563,3.00,7.95,0.00,0.21,23.85
1219,399,4,413,0.54,1.95,0.00,0.10,1.05
1220,399,5,310,2.00,1.99,0.00,0.21,3.98
1221,399,6,518,1.00,2.95,0.00,0.04,2.95
1222,399,7,344,2.00,11.99,0.00,0.10,23.98
1223,399,8,591,1.00,2.49,0.00,0.21,2.49
1224,399,9,155,2.00,2.99,0.00,0.21,5.98
1225,400,1,524,0.18,2.99,0.00,0.21,0.54
1226,401,1,387,2.00,3.95,0.00,0.21,7.90
1227,401,2,88,1.00,5.99,0.00,0.10,5.99
1228,401,3,131,1.00,10.99,0.00,0.21,10.99
1229,401,4,589,0.99,11.99,0.00,0.04,11.87
1230,401,5,63,3.00,2.95,0.00,0.10,8.85
1231,401,6,349,1.00,2.99,0.00,0.21,2.99
1232,402,1,329,2.00,3.99,0.00,0.10,7.98
1233,402,2,365,4.00,17.99,0.00,0.21,71.96
1234,403,1,445,1.00,1.99,0.00,0.10,1.99
1235,403,2,556,1.00,2.95,0.00,0.10,2.95
1236,404,1,232,1.00,2.50,0.00,0.21,2.50
1237,405,1,53,1.00,2.99,0.00,0.10,2.99
1238,406,1,341,1.00,1.99,0.00,0.10,1.99
1239,407,1,469,1.00,4.50,0.00,0.21,4.50
1240,407,2,552,1.00,2.50,0.00,0.04,2.50
1241,408,1,577,6.00,2.50,0.00,0.21,15.00
1242,408,2,424,2.00,1.95,0.00,0.10,3.90
1243,408,3,526,1.84,4.49,0.00,0.21,8.26
1244,408,4,151,1.00,1.95,10.00,0.04,1.76
1245,408,5,11,1.00,4.95,0.00,0.21,4.95
1246,408,6,469,2.00,4.50,0.00,0.21,9.00
1247,408,7,564,4.00,16.95,0.00,0.04,67.80
1248,408,8,479,1.00,3.75,0.00,0.10,3.75
1249,408,9,10,4.00,2.99,0.00,0.10,11.96
1250,408,10,98,1.00,1.49,0.00,0.21,1.49
1251,408,11,30,1.00,1.49,0.00,0.21,1.49
1252,409,1,341,1.00,1.99,0.00,0.10,1.99
1253,409,2,455,1.00,1.99,0.00,0.10,1.99
1254,409,3,202,1.00,4.50,0.00,0.21,4.50
1255,410,1,165,2.00,3.99,0.00,0.04,7.98
1256,411,1,148,1.00,3.00,0.00,0.10,3.00
1257,412,1,311,4.00,3.49,0.00,0.10,13.96
1258,412,2,172,1.00,14.50,0.00,0.21,14.50
1259,413,1,179,4.00,12.75,0.00,0.04,51.00
1260,414,1,173,1.00,1.95,0.00,0.04,1.95
1261,414,2,140,1.00,2.99,0.00,0.21,2.99
1262,415,1,511,2.00,1.99,0.00,0.10,3.98
1263,415,2,360,1.00,2.49,0.00,0.21,2.49
1264,416,1,139,3.00,2.99,0.00,0.04,8.97
1265,416,2,45,1.00,4.99,0.00,0.21,4.99
1266,416,3,143,2.24,9.95,0.00,0.04,22.29
1267,417,1,192,1.00,14.99,0.00,0.04,14.99
1268,417,2,552,2.00,2.50,0.00,0.04,5.00
1269,417,3,22,1.00,8.49,0.00,0.21,8.49
1270,417,4,69,1.00,4.99,0.00,0.10,4.99
1271,417,5,498,1.00,2.99,0.00,0.21,2.99
1272,417,6,42,1.00,14.99,0.00,0.21,14.99
1273,417,7,71,2.00,2.99,0.00,0.10,5.98
1274,417,8,420,1.79,13.99,0.00,0.04,25.04
1275,417,9,402,6.00,2.99,0.00,0.21,17.94
1276,418,1,48,2.00,1.95,0.00,0.21,3.90
1277,418,2,256,4.00,21.50,0.00,0.21,86.00
1278,418,3,540,4.00,8.99,0.00,0.21,35.96
1279,419,1,395,1.00,5.25,0.00,0.10,5.25
1280,420,1,15,1.00,7.75,0.00,0.21,7.75
1281,420,2,81,1.00,7.99,0.00,0.04,7.99
1282,420,3,271,0.95,1.99,0.00,0.04,1.89
1283,421,1,582,1.00,22.99,0.00,0.21,22.99
1284,421,2,581,1.00,7.99,0.00,0.10,7.99
1285,421,3,468,2.20,7.95,0.00,0.04,17.49
1286,422,1,180,1.00,0.99,0.00,0.10,0.99
1287,422,2,88,1.00,5.99,0.00,0.10,5.99
1288,422,3,226,1.00,1.99,0.00,0.10,1.99
1289,422,4,511,1.00,1.99,0.00,0.10,1.99
1290,423,1,598,1.00,23.99,0.00,0.21,23.99
1291,424,1,433,2.00,3.99,0.00,0.04,7.98
1292,425,1,443,2.00,0.99,0.00,0.10,1.98
1293,425,2,542,2.00,9.99,0.00,0.21,19.98
1294,425,3,227,1.00,13.49,0.00,0.21,13.49
1295,425,4,395,2.00,5.25,0.00,0.10,10.50
1296,425,5,129,1.00,2.99,0.00,0.10,2.99
1297,425,6,278,1.00,3.25,0.00,0.21,3.25
1298,425,7,370,1.00,2.95,0.00,0.10,2.95
1299,425,8,237,2.00,14.95,0.00,0.04,29.90
1300,426,1,315,2.00,1.99,0.00,0.10,3.98
1301,426,2,231,2.00,4.99,0.00,0.04,9.98
1302,427,1,205,1.00,4.99,0.00,0.21,4.99
1303,427,2,510,3.00,3.99,0.00,0.21,11.97
1304,428,1,370,1.00,2.95,0.00,0.10,2.95
1305,428,2,541,3.00,5.95,0.00,0.21,17.85
1306,429,1,369,1.00,7.99,0.00,0.10,7.99
1307,430,1,304,2.00,4.95,0.00,0.21,9.90
1308,430,2,456,1.00,8.99,0.00,0.21,8.99
1309,430,3,481,0.31,1.99,0.00,0.04,0.62
1310,431,1,267,0.82,1.95,0.00,0.04,1.60
1311,431,2,243,6.00,1.49,0.00,0.21,8.94
1312,432,1,416,1.00,2.99,0.00,0.21,2.99
1313,433,1,15,1.00,7.75,0.00,0.21,7.75
1314,433,2,485,1.00,2.99,0.00,0.04,2.99
1315,434,1,517,2.33,3.99,0.00,0.21,9.30
1316,434,2,305,1.00,3.99,0.00,0.10,3.99
1317,434,3,441,2.00,6.95,0.00,0.21,13.90
1318,435,1,168,1.00,10.95,0.00,0.21,10.95
1319,435,2,471,1.00,1.99,0.00,0.04,1.99
1320,436,1,584,1.00,19.95,0.00,0.21,19.95
1321,436,2,159,1.00,24.99,25.00,0.21,18.74
1322,436,3,462,1.00,2.49,0.00,0.10,2.49
1323,436,4,472,1.00,0.99,0.00,0.10,0.99
1324,437,1,157,1.00,5.49,0.00,0.21,5.49
1325,438,1,548,2.00,3.49,0.00,0.21,6.98
1326,439,1,486,1.00,1.75,0.00,0.04,1.75
1327,439,2,456,1.00,8.99,0.00,0.21,8.99
1328,439,3,32,1.00,3.50,0.00,0.21,3.50
1329,439,4,118,1.00,5.99,0.00,0.21,5.99
1330,440,1,12,1.00,1.50,0.00,0.10,1.50
1331,441,1,462,1.00,2.49,0.00,0.10,2.49
1332,441,2,590,1.00,11.49,0.00,0.10,11.49
1333,441,3,393,1.77,5.50,0.00,0.04,9.74
1334,442,1,42,1.00,14.99,0.00,0.21,14.99
1335,443,1,392,0.96,1.49,0.00,0.04,1.43
1336,443,2,315,1.00,1.99,0.00,0.10,1.99
1337,443,3,349,1.00,2.99,0.00,0.21,2.99
1338,443,4,538,1.00,2.00,0.00,0.21,2.00
1339,443,5,267,1.35,1.95,0.00,0.04,2.63
1340,443,6,508,1.00,10.99,0.00,0.21,10.99
1341,444,1,151,1.00,1.95,10.00,0.04,1.76
1342,445,1,279,6.00,7.99,0.00,0.21,47.94
1343,445,2,348,3.00,3.00,0.00,0.21,9.00
1344,445,3,406,0.49,13.99,0.00,0.04,6.86
1345,445,4,74,1.00,3.99,0.00,0.21,3.99
1346,446,1,101,1.00,2.99,0.00,0.04,2.99
1347,446,2,549,3.00,6.99,0.00,0.21,20.97
1348,446,3,266,1.00,11.49,0.00,0.10,11.49
1349,447,1,465,1.00,1.99,0.00,0.10,1.99
1350,447,2,455,1.00,1.99,0.00,0.10,1.99
1351,448,1,347,0.94,5.99,0.00,0.04,5.63
1352,448,2,176,1.00,1.49,0.00,0.10,1.49
1353,448,3,261,1.00,2.50,0.00,0.10,2.50
1354,448,4,181,1.00,3.50,0.00,0.10,3.50
1355,448,5,81,1.00,7.99,0.00,0.04,7.99
1356,448,6,600,1.00,2.00,0.00,0.21,2.00
1357,448,7,238,2.00,2.49,0.00,0.21,4.98
1358,448,8,84,0.29,11.95,0.00,0.04,3.47
1359,448,9,561,0.38,4.00,0.00,0.21,1.52
1360,448,10,255,1.00,16.99,0.00,0.21,16.99
1361,448,11,555,1.00,1.99,0.00,0.04,1.99
1362,448,12,167,0.46,19.95,0.00,0.04,9.18
1363,448,13,103,2.00,2.99,0.00,0.21,5.98
1364,448,14,429,0.71,5.95,0.00,0.21,4.22
1365,448,15,151,3.00,1.95,10.00,0.04,5.26
1366,448,16,594,2.41,10.99,0.00,0.04,26.49
1367,448,17,227,1.00,13.49,0.00,0.21,13.49
1368,448,18,171,1.00,1.49,0.00,0.10,1.49
1369,448,19,410,1.00,2.99,0.00,0.21,2.99
1370,448,20,160,1.93,0.50,0.00,0.10,0.96
1371,448,21,5,2.37,0.99,0.00,0.10,2.35
1372,449,1,87,1.00,2.99,0.00,0.10,2.99
1373,449,2,284,1.00,21.50,0.00,0.21,21.50
1374,449,3,236,1.00,2.99,0.00,0.21,2.99
1375,449,4,316,1.00,3.75,0.00,0.21,3.75
1376,449,5,488,2.00,2.49,0.00,0.21,4.98
1377,449,6,250,1.00,1.49,0.00,0.21,1.49
1378,450,1,100,1.00,3.00,0.00,0.21,3.00
1379,450,2,60,1.00,1.99,0.00,0.21,1.99
1380,450,3,30,1.00,1.49,0.00,0.21,1.49
1381,451,1,28,1.00,6.99,0.00,0.21,6.99
1382,451,2,595,1.00,2.49,0.00,0.10,2.49
1383,452,1,270,1.00,1.99,0.00,0.10,1.99
1384,452,2,41,1.00,4.75,0.00,0.10,4.75
1385,452,3,304,3.00,4.95,0.00,0.21,14.85
1386,452,4,501,2.00,0.99,0.00,0.04,1.98
1387,452,5,215,1.00,8.95,0.00,0.21,8.95
1388,452,6,151,2.00,1.95,10.00,0.04,3.51
1389,453,1,226,6.00,1.99,0.00,0.10,11.94
1390,453,2,147,1.00,0.99,0.00,0.10,0.99
1391,453,3,63,1.00,2.95,0.00,0.10,2.95
1392,453,4,78,2.00,9.99,0.00,0.21,19.98
1393,454,1,166,1.00,8.25,0.00,0.21,8.25
1394,454,2,398,1.39,3.99,0.00,0.21,5.55
1395,455,1,427,1.00,6.95,0.00,0.21,6.95
1396,455,2,522,1.00,5.99,0.00,0.21,5.99
1397,455,3,211,2.39,3.00,0.00,0.21,7.17
1398,455,4,113,1.00,2.99,0.00,0.04,2.99
1399,456,1,428,2.00,12.99,0.00,0.21,25.98
1400,456,2,494,1.00,10.25,0.00,0.21,10.25
1401,457,1,319,1.00,2.50,0.00,0.10,2.50
1402,457,2,148,1.00,3.00,0.00,0.10,3.00
1403,457,3,228,1.00,2.50,0.00,0.21,2.50
1404,457,4,338,3.00,3.99,0.00,0.21,11.97
1405,457,5,326,1.00,4.95,0.00,0.21,4.95
1406,457,6,569,1.00,2.95,0.00,0.21,2.95
1407,457,7,214,1.00,4.25,0.00,0.21,4.25
1408,457,8,308,2.00,9.99,0.00,0.21,19.98
1409,458,1,384,4.00,4.99,0.00,0.21,19.96
1410,458,2,280,1.00,1.75,0.00,0.10,1.75
1411,459,1,330,1.00,11.75,0.00,0.04,11.75
1412,459,2,529,2.00,5.49,0.00,0.10,10.98
1413,460,1,41,2.00,4.75,0.00,0.10,9.50
1414,460,2,586,2.00,6.00,0.00,0.21,12.00
1415,460,3,269,4.00,6.99,0.00,0.10,27.96
1416,461,1,56,2.00,1.95,0.00,0.10,3.90
1417,462,1,405,6.00,4.75,0.00,0.21,28.50
1418,462,2,555,4.00,1.99,0.00,0.04,7.96
1419,462,3,550,3.00,3.95,0.00,0.04,11.85
1420,462,4,402,2.00,2.99,0.00,0.21,5.98
1421,462,5,9,3.00,2.99,0.00,0.21,8.97
1422,462,6,397,4.00,3.99,0.00,0.21,15.96
1423,462,7,40,2.00,3.99,0.00,0.21,7.98
1424,462,8,149,2.00,3.99,0.00,0.10,7.98
1425,463,1,342,1.00,2.95,0.00,0.21,2.95
1426,463,2,365,2.00,17.99,0.00,0.21,35.98
1427,464,1,494,1.00,10.25,0.00,0.21,10.25
1428,464,2,495,2.00,14.95,0.00,0.21,29.90
1429,464,3,119,1.00,6.99,0.00,0.21,6.99
1430,464,4,4,1.00,1.49,0.00,0.21,1.49
1431,465,1,434,1.00,3.50,0.00,0.04,3.50
1432,465,2,25,3.00,2.49,0.00,0.21,7.47
1433,465,3,507,1.00,8.95,0.00,0.21,8.95
1434,466,1,91,1.02,3.49,0.00,0.21,3.56
1435,466,2,319,1.00,2.50,0.00,0.10,2.50
1436,466,3,145,0.84,2.75,0.00,0.21,2.31
1437,466,4,186,2.00,4.25,0.00,0.21,8.50
1438,466,5,519,1.00,2.95,0.00,0.10,2.95
1439,467,1,547,1.00,5.95,0.00,0.04,5.95
1440,467,2,142,1.86,4.49,0.00,0.04,8.35
1441,467,3,522,4.00,5.99,0.00,0.21,23.96
1442,467,4,575,1.00,8.99,0.00,0.21,8.99
1443,468,1,526,0.94,4.49,0.00,0.21,4.22
1444,469,1,595,1.00,2.49,0.00,0.10,2.49
1445,469,2,555,2.00,1.99,0.00,0.04,3.98
1446,469,3,98,1.00,1.49,0.00,0.21,1.49
1447,469,4,412,2.00,3.99,0.00,0.21,7.98
1448,469,5,153,1.00,2.99,0.00,0.10,2.99
1449,469,6,409,1.00,3.99,0.00,0.21,3.99
1450,469,7,127,4.00,6.99,0.00,0.10,27.96
1451,469,8,221,1.72,5.95,0.00,0.04,10.23
1452,469,9,593,1.00,4.25,0.00,0.21,4.25
1453,470,1,114,1.00,5.95,0.00,0.04,5.95
1454,470,2,465,1.00,1.99,0.00,0.10,1.99
1455,470,3,230,1.00,7.99,0.00,0.21,7.99
1456,470,4,155,2.00,2.99,0.00,0.21,5.98
1457,470,5,136,2.00,7.95,0.00,0.21,15.90
1458,470,6,598,2.00,23.99,0.00,0.21,47.98
1459,470,7,448,1.00,6.75,0.00,0.10,6.75
1460,470,8,576,1.00,2.99,0.00,0.10,2.99
1461,470,9,422,1.00,11.75,0.00,0.21,11.75
1462,470,10,346,1.00,6.99,0.00,0.21,6.99
1463,470,11,600,1.00,2.00,0.00,0.21,2.00
1464,471,1,555,1.00,1.99,0.00,0.04,1.99
1465,471,2,357,2.00,1.95,0.00,0.10,3.90
1466,471,3,356,1.00,12.25,0.00,0.21,12.25
1467,472,1,169,2.00,4.50,0.00,0.04,9.00
1468,473,1,274,1.00,7.99,0.00,0.21,7.99
1469,473,2,53,1.00,2.99,0.00,0.10,2.99
1470,473,3,131,3.00,10.99,0.00,0.21,32.97
1471,473,4,70,4.00,3.50,0.00,0.21,14.00
1472,473,5,293,6.00,5.49,0.00,0.04,32.94
1473,473,6,558,1.00,2.49,0.00,0.10,2.49
1474,474,1,205,1.00,4.99,0.00,0.21,4.99
1475,475,1,229,1.00,2.75,0.00,0.10,2.75
1476,476,1,196,2.00,4.95,0.00,0.04,9.90
1477,476,2,199,3.00,3.75,0.00,0.21,11.25
1478,476,3,56,1.00,1.95,0.00,0.10,1.95
1479,476,4,350,1.00,1.99,0.00,0.10,1.99
1480,476,5,132,1.00,2.95,0.00,0.21,2.95
1481,476,6,396,1.00,0.99,0.00,0.21,0.99
1482,476,7,369,1.00,7.99,0.00,0.10,7.99
1483,476,8,164,1.00,5.99,0.00,0.21,5.99
1484,476,9,315,1.00,1.99,0.00,0.10,1.99
1485,476,10,361,0.93,2.49,0.00,0.04,2.32
1486,476,11,442,0.23,3.00,0.00,0.21,0.69
1487,477,1,167,0.65,19.95,0.00,0.04,12.97
1488,477,2,493,1.00,9.99,0.00,0.21,9.99
1489,477,3,109,6.00,0.99,0.00,0.04,5.94
1490,477,4,565,4.00,22.99,0.00,0.21,91.96
1491,477,5,458,2.00,1.75,0.00,0.21,3.50
1492,477,6,195,2.00,5.99,0.00,0.21,11.98
1493,477,7,60,1.00,1.99,0.00,0.21,1.99
1494,478,1,61,1.00,4.99,0.00,0.04,4.99
1495,478,2,181,3.00,3.50,0.00,0.10,10.50
1496,478,3,81,1.00,7.99,0.00,0.04,7.99
1497,478,4,560,2.00,7.95,0.00,0.21,15.90
1498,478,5,588,1.00,5.25,0.00,0.21,5.25
1499,478,6,597,6.00,3.75,0.00,0.21,22.50
1500,478,7,410,2.00,2.99,0.00,0.21,5.98
1501,479,1,380,1.00,3.99,0.00,0.21,3.99
1502,479,2,472,1.00,0.99,0.00,0.10,0.99
1503,479,3,546,1.00,2.99,0.00,0.04,2.99
1504,479,4,527,1.00,2.99,0.00,0.21,2.99
1505,480,1,19,1.00,8.99,0.00,0.21,8.99
1506,480,2,119,1.00,6.99,0.00,0.21,6.99
1507,480,3,33,1.00,3.99,0.00,0.21,3.99
1508,480,4,388,1.04,1.99,0.00,0.10,2.07
1509,480,5,575,1.00,8.99,0.00,0.21,8.99
1510,480,6,216,1.00,2.95,0.00,0.21,2.95
1511,480,7,568,1.00,2.99,0.00,0.04,2.99
1512,481,1,425,1.00,3.99,0.00,0.21,3.99
1513,481,2,491,1.00,5.99,0.00,0.10,5.99
1514,481,3,263,1.00,2.49,0.00,0.04,2.49
1515,481,4,290,1.00,4.95,0.00,0.21,4.95
1516,481,5,499,3.00,1.99,0.00,0.10,5.97
1517,482,1,584,1.00,19.95,0.00,0.21,19.95
1518,483,1,236,1.00,2.99,0.00,0.21,2.99
1519,483,2,216,2.00,2.95,0.00,0.21,5.90
1520,483,3,45,2.00,4.99,0.00,0.21,9.98
1521,483,4,567,1.00,1.49,0.00,0.10,1.49
1522,483,5,318,2.00,2.49,0.00,0.21,4.98
1523,483,6,504,3.00,2.49,0.00,0.10,7.47
1524,484,1,166,1.00,8.25,0.00,0.21,8.25
1525,484,2,146,1.00,1.49,0.00,0.21,1.49
1526,485,1,57,2.00,18.00,0.00,0.21,36.00
1527,485,2,425,2.00,3.99,0.00,0.21,7.98
1528,485,3,435,1.00,2.99,0.00,0.21,2.99
1529,486,1,469,1.00,4.50,0.00,0.21,4.50
1530,486,2,598,1.00,23.99,0.00,0.21,23.99
1531,487,1,107,1.00,5.99,0.00,0.21,5.99
1532,488,1,229,1.00,2.75,0.00,0.10,2.75
1533,489,1,302,1.00,1.99,0.00,0.10,1.99
1534,489,2,541,1.00,5.95,0.00,0.21,5.95
1535,489,3,98,1.00,1.49,0.00,0.21,1.49
1536,490,1,559,1.00,4.99,0.00,0.10,4.99
1537,490,2,567,3.00,1.49,0.00,0.10,4.47
1538,490,3,413,2.13,1.95,0.00,0.10,4.15
1539,490,4,551,4.00,3.50,0.00,0.21,14.00
1540,490,5,397,2.00,3.99,0.00,0.21,7.98
1541,491,1,12,1.00,1.50,0.00,0.10,1.50
1542,491,2,418,2.00,10.99,0.00,0.21,21.98
1543,491,3,537,2.00,5.95,0.00,0.21,11.90
1544,491,4,403,2.00,7.99,0.00,0.21,15.98
1545,492,1,185,2.00,2.99,0.00,0.10,5.98
1546,493,1,239,3.00,5.99,0.00,0.21,17.97
1547,493,2,13,2.00,4.75,0.00,0.21,9.50
1548,494,1,279,1.00,7.99,0.00,0.21,7.99
1549,494,2,124,2.00,3.99,0.00,0.04,7.98
1550,494,3,226,4.00,1.99,0.00,0.10,7.96
1551,494,4,109,3.00,0.99,0.00,0.04,2.97
1552,494,5,42,1.00,14.99,0.00,0.21,14.99
1553,495,1,395,2.00,5.25,0.00,0.10,10.50
1554,496,1,563,1.00,7.95,0.00,0.21,7.95
1555,497,1,18,1.00,4.49,0.00,0.21,4.49
1556,497,2,467,1.94,3.25,0.00,0.21,6.30
1557,497,3,447,3.00,2.95,0.00,0.04,8.85
1558,497,4,438,1.00,5.49,0.00,0.21,5.49
1559,497,5,20,0.63,1.99,0.00,0.04,1.25
1560,497,6,384,4.00,4.99,0.00,0.21,19.96
1561,498,1,77,1.00,1.00,0.00,0.10,1.00
1562,498,2,534,1.22,12.49,0.00,0.04,15.24
1563,498,3,248,1.00,5.49,0.00,0.21,5.49
1564,498,4,411,1.00,3.99,0.00,0.21,3.99
1565,499,1,549,2.00,6.99,0.00,0.21,13.98
1566,499,2,271,1.12,1.99,0.00,0.04,2.23
1567,499,3,299,3.00,5.99,0.00,0.04,17.97
1568,499,4,340,2.00,11.00,0.00,0.10,22.00
1569,499,5,432,2.37,10.75,0.00,0.04,25.48
1570,499,6,297,1.00,10.95,0.00,0.21,10.95
1571,499,7,143,0.33,9.95,0.00,0.04,3.28
1572,499,8,106,2.00,3.49,0.00,0.21,6.98
1573,499,9,76,1.00,1.99,0.00,0.04,1.99
1574,500,1,194,1.00,2.95,0.00,0.10,2.95
1575,501,1,478,1.00,15.00,0.00,0.21,15.00
1576,501,2,369,1.00,7.99,0.00,0.10,7.99
1577,501,3,552,3.00,2.50,0.00,0.04,7.50
1578,501,4,421,1.00,10.49,0.00,0.04,10.49
1579,501,5,264,1.00,1.99,0.00,0.10,1.99
1580,501,6,409,2.00,3.99,0.00,0.21,7.98
1581,501,7,141,4.00,4.50,0.00,0.10,18.00
1582,502,1,108,4.00,3.95,0.00,0.21,15.80
1583,502,2,289,1.00,3.99,0.00,0.10,3.99
1584,503,1,446,1.00,1.25,0.00,0.04,1.25
1585,504,1,415,1.00,9.50,0.00,0.21,9.50
1586,504,2,438,1.00,5.49,0.00,0.21,5.49
1587,504,3,371,1.00,5.75,0.00,0.04,5.75
1588,505,1,127,3.00,6.99,0.00,0.10,20.97
1589,505,2,459,1.00,2.99,0.00,0.21,2.99
1590,505,3,424,1.00,1.95,0.00,0.10,1.95
1591,505,4,153,2.00,2.99,0.00,0.10,5.98
1592,505,5,398,1.21,3.99,0.00,0.21,4.83
1593,505,6,437,1.00,4.50,0.00,0.21,4.50
1594,506,1,504,2.00,2.49,0.00,0.10,4.98
1595,507,1,402,3.00,2.99,0.00,0.21,8.97
1596,508,1,553,1.00,7.99,0.00,0.04,7.99
1597,508,2,18,1.00,4.49,0.00,0.21,4.49
1598,508,3,479,1.00,3.75,0.00,0.10,3.75
1599,508,4,268,1.00,1.95,0.00,0.10,1.95
1600,508,5,19,1.00,8.99,0.00,0.21,8.99
1601,508,6,148,2.00,3.00,0.00,0.10,6.00
1602,508,7,167,1.61,19.95,0.00,0.04,32.12
1603,508,8,13,1.00,4.75,0.00,0.21,4.75
1604,508,9,428,3.00,12.99,0.00,0.21,38.97
1605,509,1,565,1.00,22.99,0.00,0.21,22.99
1606,509,2,83,2.00,4.99,0.00,0.21,9.98
1607,509,3,525,2.00,2.99,0.00,0.04,5.98
1608,509,4,422,3.00,11.75,0.00,0.21,35.25
1609,509,5,240,1.00,1.95,0.00,0.10,1.95
1610,510,1,518,1.00,2.95,0.00,0.04,2.95
1611,510,2,178,1.00,5.99,0.00,0.10,5.99
1612,510,3,555,1.00,1.99,0.00,0.04,1.99
1613,510,4,218,3.00,2.95,0.00,0.10,8.85
1614,510,5,332,1.00,1.99,0.00,0.10,1.99
1615,510,6,9,1.00,2.99,0.00,0.21,2.99
1616,510,7,39,1.00,5.99,0.00,0.21,5.99
1617,510,8,551,1.00,3.50,0.00,0.21,3.50
1618,510,9,553,1.00,7.99,0.00,0.04,7.99
1619,510,10,18,1.00,4.49,0.00,0.21,4.49
1620,511,1,547,2.00,5.95,0.00,0.04,11.90
1621,512,1,241,1.00,5.95,0.00,0.21,5.95
1622,513,1,423,3.00,2.99,0.00,0.21,8.97
1623,514,1,390,1.45,4.99,0.00,0.04,7.24
1624,514,2,399,2.00,1.99,0.00,0.10,3.98
1625,514,3,301,4.00,11.25,0.00,0.10,45.00
1626,514,4,17,3.00,2.49,0.00,0.10,7.47
1627,514,5,321,1.00,2.99,0.00,0.10,2.99
1628,514,6,186,2.00,4.25,0.00,0.21,8.50
1629,514,7,424,1.00,1.95,0.00,0.10,1.95
1630,514,8,514,1.63,1.99,0.00,0.04,3.24
1631,514,9,495,2.00,14.95,0.00,0.21,29.90
1632,515,1,328,2.00,2.99,0.00,0.04,5.98
1633,515,2,446,2.00,1.25,0.00,0.04,2.50
1634,515,3,123,6.00,2.50,0.00,0.10,15.00
1635,515,4,214,1.00,4.25,0.00,0.21,4.25
1636,516,1,34,2.00,2.99,0.00,0.21,5.98
1637,516,2,174,1.00,4.49,0.00,0.21,4.49
1638,516,3,482,1.00,4.50,0.00,0.04,4.50
1639,516,4,445,1.00,1.99,0.00,0.10,1.99
1640,516,5,68,1.00,3.49,0.00,0.21,3.49
1641,517,1,118,1.00,5.99,0.00,0.21,5.99
1642,517,2,143,1.59,9.95,0.00,0.04,15.82
1643,517,3,403,1.00,7.99,0.00,0.21,7.99
1644,517,4,469,1.00,4.50,0.00,0.21,4.50
1645,517,5,379,1.00,2.95,0.00,0.10,2.95
1646,518,1,450,1.00,3.99,0.00,0.21,3.99
1647,519,1,243,2.00,1.49,0.00,0.21,2.98
1648,519,2,381,1.31,4.00,0.00,0.04,5.24
1649,519,3,340,1.00,11.00,0.00,0.10,11.00
1650,519,4,434,1.00,3.50,0.00,0.04,3.50
1651,519,5,373,1.00,8.95,0.00,0.21,8.95
1652,520,1,544,1.00,3.99,0.00,0.21,3.99
1653,520,2,523,1.00,3.49,0.00,0.10,3.49
1654,520,3,154,1.99,3.49,0.00,0.21,6.95
1655,520,4,67,3.00,5.99,0.00,0.21,17.97
1656,520,5,211,0.36,3.00,0.00,0.21,1.08
1657,520,6,305,1.00,3.99,0.00,0.10,3.99
1658,521,1,595,4.00,2.49,0.00,0.10,9.96
1659,521,2,250,1.00,1.49,0.00,0.21,1.49
1660,522,1,327,1.00,1.49,0.00,0.10,1.49
1661,522,2,168,2.00,10.95,0.00,0.21,21.90
1662,522,3,117,2.00,2.99,0.00,0.21,5.98
1663,522,4,90,1.00,6.49,0.00,0.21,6.49
1664,522,5,291,1.00,0.99,0.00,0.21,0.99
1665,522,6,310,2.00,1.99,0.00,0.21,3.98
1666,522,7,11,1.00,4.95,0.00,0.21,4.95
1667,522,8,337,1.00,2.99,0.00,0.10,2.99
1668,522,9,514,0.70,1.99,0.00,0.04,1.39
1669,522,10,219,1.00,3.75,0.00,0.21,3.75
1670,523,1,230,1.00,7.99,0.00,0.21,7.99
1671,523,2,39,1.00,5.99,0.00,0.21,5.99
1672,523,3,351,1.00,5.99,0.00,0.21,5.99
1673,523,4,163,2.00,3.25,0.00,0.21,6.50
1674,523,5,535,2.00,4.50,0.00,0.10,9.00
1675,524,1,318,1.00,2.49,0.00,0.21,2.49
1676,524,2,480,1.00,22.50,0.00,0.21,22.50
1677,525,1,122,3.00,2.95,0.00,0.04,8.85
1678,525,2,55,1.00,5.49,0.00,0.04,5.49
1679,526,1,34,1.00,2.99,0.00,0.21,2.99
1680,526,2,67,2.00,5.99,0.00,0.21,11.98
1681,527,1,99,1.00,15.75,0.00,0.21,15.75
1682,527,2,159,2.00,24.99,0.00,0.21,49.98
1683,527,3,473,1.00,1.25,0.00,0.10,1.25
1684,527,4,497,1.00,1.99,0.00,0.10,1.99
1685,527,5,76,3.00,1.99,0.00,0.04,5.97
1686,527,6,573,1.00,2.00,30.00,0.10,1.40
1687,527,7,77,1.00,1.00,0.00,0.10,1.00
1688,527,8,583,1.00,2.99,0.00,0.21,2.99
1689,527,9,491,1.00,5.99,0.00,0.10,5.99
1690,528,1,54,1.00,5.50,0.00,0.21,5.50
1691,529,1,373,1.00,8.95,0.00,0.21,8.95
1692,529,2,579,1.00,2.49,0.00,0.10,2.49
1693,530,1,587,3.00,3.99,0.00,0.21,11.97
1694,530,2,591,1.00,2.49,0.00,0.21,2.49
1695,530,3,564,1.00,16.95,0.00,0.04,16.95
1696,530,4,62,1.00,5.99,0.00,0.21,5.99
1697,531,1,321,2.00,2.99,0.00,0.10,5.98
1698,532,1,420,1.56,13.99,0.00,0.04,21.82
1699,533,1,415,1.00,9.50,0.00,0.21,9.50
1700,533,2,147,2.00,0.99,0.00,0.10,1.98
1701,534,1,594,1.68,10.99,0.00,0.04,18.46
1702,534,2,6,1.00,6.99,0.00,0.21,6.99
1703,535,1,541,1.00,5.95,0.00,0.21,5.95
1704,536,1,247,1.00,3.99,20.00,0.04,3.19
1705,537,1,419,1.00,8.99,0.00,0.21,8.99
1706,537,2,125,1.12,2.00,0.00,0.10,2.24
1707,537,3,302,2.00,1.99,0.00,0.10,3.98
1708,537,4,79,1.00,1.49,0.00,0.10,1.49
1709,538,1,115,1.00,6.99,0.00,0.21,6.99
1710,538,2,282,1.00,1.75,0.00,0.10,1.75
1711,539,1,444,2.00,3.99,0.00,0.21,7.98
1712,540,1,174,3.00,4.49,0.00,0.21,13.47
1713,540,2,204,3.00,8.49,0.00,0.21,25.47
1714,540,3,570,1.00,1.99,0.00,0.10,1.99
1715,540,4,100,3.00,3.00,0.00,0.21,9.00
1716,540,5,455,1.00,1.99,0.00,0.10,1.99
1717,540,6,335,1.00,2.50,0.00,0.21,2.50
1718,540,7,277,3.00,4.99,0.00,0.10,14.97
1719,540,8,133,1.00,1.99,0.00,0.21,1.99
1720,540,9,571,6.00,11.99,0.00,0.21,71.94
1721,541,1,153,1.00,2.99,0.00,0.10,2.99
1722,541,2,300,1.00,2.99,0.00,0.21,2.99
1723,541,3,149,2.00,3.99,0.00,0.10,7.98
1724,541,4,514,0.59,1.99,0.00,0.04,1.17
1725,542,1,550,1.00,3.95,0.00,0.04,3.95
1726,542,2,44,2.00,3.99,0.00,0.21,7.98
1727,543,1,459,1.00,2.99,0.00,0.21,2.99
1728,543,2,228,1.00,2.50,0.00,0.21,2.50
1729,543,3,326,1.00,4.95,0.00,0.21,4.95
1730,544,1,306,1.00,8.95,0.00,0.04,8.95
1731,545,1,129,1.00,2.99,0.00,0.10,2.99
1732,545,2,109,2.00,0.99,0.00,0.04,1.98
1733,545,3,514,1.88,1.99,0.00,0.04,3.74
1734,545,4,220,2.17,3.00,0.00,0.21,6.51
1735,545,5,115,3.00,6.99,0.00,0.21,20.97
1736,545,6,479,2.00,3.75,0.00,0.10,7.50
1737,545,7,557,2.00,4.99,0.00,0.10,9.98
1738,545,8,255,1.00,16.99,0.00,0.21,16.99
1739,545,9,465,1.00,1.99,0.00,0.10,1.99
1740,545,10,355,3.00,3.75,0.00,0.10,11.25
1741,546,1,414,1.00,4.00,0.00,0.10,4.00
1742,546,2,560,2.00,7.95,0.00,0.21,15.90
1743,546,3,364,1.00,5.00,0.00,0.04,5.00
1744,546,4,93,1.36,13.99,0.00,0.04,19.03
1745,546,5,496,1.00,3.50,0.00,0.10,3.50
1746,546,6,184,3.00,7.99,0.00,0.21,23.97
1747,546,7,377,1.00,2.99,0.00,0.21,2.99
1748,546,8,506,2.00,2.99,0.00,0.21,5.98
1749,547,1,391,1.00,2.99,0.00,0.04,2.99
1750,547,2,532,1.00,2.95,0.00,0.21,2.95
1751,548,1,140,1.00,2.99,0.00,0.21,2.99
1752,548,2,192,1.00,14.99,0.00,0.04,14.99
1753,548,3,417,1.00,1.99,0.00,0.21,1.99
1754,548,4,290,1.00,4.95,0.00,0.21,4.95
1755,548,5,304,1.00,4.95,0.00,0.21,4.95
1756,548,6,184,1.00,7.99,0.00,0.21,7.99
1757,548,7,159,2.00,24.99,0.00,0.21,49.98
1758,548,8,326,1.00,4.95,0.00,0.21,4.95
1759,548,9,442,0.28,3.00,0.00,0.21,0.84
1760,548,10,447,1.00,2.95,0.00,0.04,2.95
1761,549,1,455,1.00,1.99,0.00,0.10,1.99
1762,549,2,333,2.00,8.95,0.00,0.21,17.90
1763,549,3,37,2.00,5.99,0.00,0.21,11.98
1764,549,4,264,4.00,1.99,0.00,0.10,7.96
1765,549,5,432,0.29,10.75,0.00,0.04,3.12
1766,549,6,568,1.00,2.99,0.00,0.04,2.99
1767,549,7,209,1.00,6.75,0.00,0.21,6.75
1768,549,8,376,1.00,5.99,0.00,0.10,5.99
1769,549,9,111,2.00,6.99,0.00,0.10,13.98
1770,549,10,45,1.00,4.99,0.00,0.21,4.99
1771,549,11,267,1.16,1.95,0.00,0.04,2.26
1772,550,1,440,1.81,1.99,0.00,0.10,3.60
1773,551,1,474,1.00,2.99,0.00,0.21,2.99
1774,551,2,259,3.00,2.95,0.00,0.04,8.85
1775,551,3,246,1.00,4.50,0.00,0.10,4.50
1776,551,4,139,1.00,2.99,0.00,0.04,2.99
1777,551,5,322,1.00,4.49,0.00,0.21,4.49
1778,551,6,427,1.00,6.95,0.00,0.21,6.95
1779,552,1,115,1.00,6.99,0.00,0.21,6.99
1780,552,2,445,3.00,1.99,0.00,0.10,5.97
1781,553,1,422,1.00,11.75,0.00,0.21,11.75
1782,554,1,68,2.00,3.49,0.00,0.21,6.98
1783,554,2,42,1.00,14.99,0.00,0.21,14.99
1784,554,3,569,1.00,2.95,0.00,0.21,2.95
1785,554,4,126,2.25,2.50,0.00,0.21,5.62
1786,554,5,31,1.76,1.99,0.00,0.04,3.50
1787,554,6,423,1.00,2.99,0.00,0.21,2.99
1788,554,7,402,1.00,2.99,0.00,0.21,2.99
1789,554,8,13,2.00,4.75,0.00,0.21,9.50
1790,554,9,327,1.00,1.49,0.00,0.10,1.49
1791,554,10,483,1.00,2.99,0.00,0.10,2.99
1792,555,1,518,1.00,2.95,0.00,0.04,2.95
1793,556,1,462,2.00,2.49,0.00,0.10,4.98
1794,557,1,185,1.00,2.99,0.00,0.10,2.99
1795,557,2,29,2.00,3.50,0.00,0.21,7.00
1796,558,1,254,1.00,1.50,0.00,0.10,1.50
1797,559,1,503,1.00,3.99,0.00,0.10,3.99
1798,559,2,149,2.00,3.99,0.00,0.10,7.98
1799,559,3,513,1.00,0.99,0.00,0.04,0.99
1800,559,4,377,1.00,2.99,0.00,0.21,2.99
1801,559,5,70,1.00,3.50,0.00,0.21,3.50
1802,559,6,13,1.00,4.75,0.00,0.21,4.75
1803,559,7,578,1.00,1.99,0.00,0.10,1.99
1804,559,8,519,1.00,2.95,0.00,0.10,2.95
1805,559,9,509,1.00,2.99,0.00,0.04,2.99
1806,559,10,470,1.00,6.25,0.00,0.21,6.25
1807,559,11,565,1.00,22.99,0.00,0.21,22.99
1808,559,12,556,6.00,2.95,0.00,0.10,17.70
1809,559,13,1,1.00,12.99,0.00,0.21,12.99
1810,559,14,445,1.00,1.99,0.00,0.10,1.99
1811,560,1,542,2.00,9.99,0.00,0.21,19.98
1812,560,2,600,1.00,2.00,0.00,0.21,2.00
1813,560,3,245,1.00,3.95,0.00,0.21,3.95
1814,561,1,477,1.00,5.00,0.00,0.21,5.00
1815,561,2,591,3.00,2.49,0.00,0.21,7.47
1816,562,1,245,2.00,3.95,0.00,0.21,7.90
1817,562,2,72,2.00,4.95,0.00,0.21,9.90
1818,562,3,451,3.00,4.99,0.00,0.10,14.97
1819,562,4,417,1.00,1.99,0.00,0.21,1.99
1820,563,1,528,2.00,2.99,0.00,0.10,5.98
1821,564,1,256,1.00,21.50,0.00,0.21,21.50
1822,564,2,469,3.00,4.50,0.00,0.21,13.50
1823,564,3,542,1.00,9.99,0.00,0.21,9.99
1824,564,4,512,2.00,2.49,0.00,0.04,4.98
1825,564,5,270,1.00,1.99,0.00,0.10,1.99
1826,565,1,521,2.00,5.99,0.00,0.21,11.98
1827,565,2,345,1.00,7.50,0.00,0.21,7.50
1828,565,3,107,1.00,5.99,0.00,0.21,5.99
1829,566,1,136,1.00,7.95,0.00,0.21,7.95
1830,566,2,280,2.00,1.75,0.00,0.10,3.50
1831,567,1,91,2.01,3.49,0.00,0.21,7.01
1832,567,2,455,1.00,1.99,0.00,0.10,1.99
1833,567,3,559,1.00,4.99,0.00,0.10,4.99
1834,568,1,17,1.00,2.49,0.00,0.10,2.49
1835,568,2,32,2.00,3.50,0.00,0.21,7.00
1836,568,3,591,1.00,2.49,0.00,0.21,2.49
1837,568,4,48,2.00,1.95,0.00,0.21,3.90
1838,568,5,569,2.00,2.95,0.00,0.21,5.90
1839,568,6,571,1.00,11.99,0.00,0.21,11.99
1840,569,1,45,1.00,4.99,0.00,0.21,4.99
1841,569,2,592,1.00,1.50,0.00,0.04,1.50
1842,570,1,134,1.00,3.49,0.00,0.10,3.49
1843,570,2,446,1.00,1.25,0.00,0.04,1.25
1844,571,1,32,1.00,3.50,0.00,0.21,3.50
1845,572,1,421,1.00,10.49,0.00,0.04,10.49
1846,573,1,572,1.00,2.49,0.00,0.21,2.49
1847,573,2,558,1.00,2.49,0.00,0.10,2.49
1848,574,1,249,2.00,3.99,0.00,0.21,7.98
1849,574,2,5,0.84,0.99,0.00,0.10,0.83
1850,574,3,123,1.00,2.50,0.00,0.10,2.50
1851,575,1,212,2.00,17.99,0.00,0.04,35.98
1852,576,1,233,2.00,5.99,0.00,0.21,11.98
1853,577,1,159,1.00,24.99,0.00,0.21,24.99
1854,577,2,468,0.75,7.95,0.00,0.04,5.96
1855,578,1,5,0.88,0.99,0.00,0.10,0.87
1856,578,2,407,2.00,4.95,0.00,0.21,9.90
1857,578,3,358,6.00,2.95,0.00,0.21,17.70
1858,579,1,10,3.00,2.99,0.00,0.10,8.97
1859,579,2,273,1.80,4.99,0.00,0.21,8.98
1860,579,3,3,1.00,2.95,0.00,0.10,2.95
1861,580,1,192,1.00,14.99,0.00,0.04,14.99
1862,581,1,585,1.49,1.95,0.00,0.21,2.91
1863,581,2,282,2.00,1.75,0.00,0.10,3.50
1864,581,3,421,1.00,10.49,0.00,0.04,10.49
1865,581,4,96,2.00,1.99,0.00,0.21,3.98
1866,582,1,327,2.00,1.49,0.00,0.10,2.98
1867,582,2,479,1.00,3.75,0.00,0.10,3.75
1868,582,3,559,2.00,4.99,0.00,0.10,9.98
1869,582,4,131,1.00,10.99,0.00,0.21,10.99
1870,582,5,194,3.00,2.95,0.00,0.10,8.85
1871,582,6,184,1.00,7.99,0.00,0.21,7.99
1872,582,7,465,3.00,1.99,0.00,0.10,5.97
1873,582,8,280,1.00,1.75,0.00,0.10,1.75
1874,582,9,508,6.00,10.99,0.00,0.21,65.94
1875,582,10,73,1.60,0.99,0.00,0.10,1.58
1876,582,11,324,3.00,2.95,0.00,0.04,8.85
1877,582,12,476,1.00,6.99,0.00,0.21,6.99
1878,582,13,202,1.00,4.50,0.00,0.21,4.50
1879,582,14,582,1.00,22.99,0.00,0.21,22.99
1880,582,15,297,1.00,10.95,0.00,0.21,10.95
1881,583,1,170,1.00,7.99,0.00,0.21,7.99
1882,583,2,26,1.00,1.99,0.00,0.21,1.99
1883,583,3,312,3.00,10.99,0.00,0.04,32.97
1884,584,1,488,1.00,2.49,0.00,0.21,2.49
1885,585,1,425,1.00,3.99,0.00,0.21,3.99
1886,585,2,235,2.00,2.49,0.00,0.04,4.98
1887,585,3,142,1.56,4.49,0.00,0.04,7.00
1888,586,1,155,3.00,2.99,0.00,0.21,8.97
1889,586,2,122,2.00,2.95,0.00,0.04,5.90
1890,586,3,315,6.00,1.99,0.00,0.10,11.94
1891,586,4,578,1.00,1.99,0.00,0.10,1.99
1892,586,5,377,1.00,2.99,0.00,0.21,2.99
1893,587,1,321,2.00,2.99,0.00,0.10,5.98
1894,587,2,266,2.00,11.49,0.00,0.10,22.98
1895,588,1,561,1.93,4.00,0.00,0.21,7.72
1896,588,2,94,1.00,2.99,0.00,0.21,2.99
1897,588,3,71,1.00,2.99,0.00,0.10,2.99
1898,588,4,457,1.00,10.99,0.00,0.10,10.99
1899,589,1,1,1.00,12.99,0.00,0.21,12.99
1900,590,1,46,0.55,15.99,0.00,0.04,8.79
1901,590,2,373,3.00,8.95,0.00,0.21,26.85
1902,590,3,333,1.00,8.95,0.00,0.21,8.95
1903,590,4,540,1.00,8.99,0.00,0.21,8.99
1904,591,1,28,3.00,6.99,0.00,0.21,20.97
1905,591,2,344,3.00,11.99,0.00,0.10,35.97
1906,592,1,152,4.00,2.49,0.00,0.10,9.96
1907,593,1,241,3.00,5.95,0.00,0.21,17.85
1908,594,1,448,1.00,6.75,0.00,0.10,6.75
1909,594,2,144,1.00,2.95,0.00,0.21,2.95
1910,594,3,374,1.00,2.00,0.00,0.10,2.00
1911,594,4,131,1.00,10.99,0.00,0.21,10.99
1912,594,5,20,0.96,1.99,0.00,0.04,1.91
1913,595,1,552,1.00,2.50,0.00,0.04,2.50
1914,596,1,214,1.00,4.25,0.00,0.21,4.25
1915,597,1,577,2.00,2.50,0.00,0.21,5.00
1916,597,2,355,1.00,3.75,0.00,0.10,3.75
1917,598,1,494,1.00,10.25,0.00,0.21,10.25
1918,598,2,28,1.00,6.99,0.00,0.21,6.99
1919,598,3,131,1.00,10.99,0.00,0.21,10.99
1920,599,1,55,1.00,5.49,0.00,0.04,5.49
1921,600,1,235,1.00,2.49,0.00,0.04,2.49
1922,600,2,357,1.00,1.95,0.00,0.10,1.95
1923,600,3,162,1.00,1.49,0.00,0.10,1.49
1924,600,4,124,1.00,3.99,0.00,0.04,3.99
1925,601,1,591,1.00,2.49,0.00,0.21,2.49
1926,602,1,28,6.00,6.99,0.00,0.21,41.94
1927,602,2,306,2.00,8.95,0.00,0.04,17.90
1928,602,3,272,2.00,2.95,0.00,0.21,5.90
1929,602,4,463,1.00,4.25,0.00,0.04,4.25
1930,602,5,502,1.00,9.00,0.00,0.10,9.00
1931,602,6,219,1.00,3.75,0.00,0.21,3.75
1932,602,7,266,1.00,11.49,0.00,0.10,11.49
1933,603,1,357,2.00,1.95,0.00,0.10,3.90
1934,604,1,584,2.00,19.95,0.00,0.21,39.90
1935,605,1,123,1.00,2.50,0.00,0.10,2.50
1936,605,2,210,1.00,4.99,0.00,0.21,4.99
1937,605,3,307,1.00,5.25,0.00,0.10,5.25
1938,605,4,310,1.00,1.99,0.00,0.21,1.99
1939,605,5,550,1.00,3.95,0.00,0.04,3.95
1940,605,6,392,0.90,1.49,0.00,0.04,1.34
1941,606,1,500,2.00,1.95,0.00,0.10,3.90
1942,606,2,361,0.69,2.49,0.00,0.04,1.72
1943,607,1,332,1.00,1.99,0.00,0.10,1.99
1944,607,2,122,2.00,2.95,0.00,0.04,5.90
1945,607,3,187,1.00,2.99,0.00,0.10,2.99
1946,607,4,43,1.00,1.95,0.00,0.10,1.95
1947,607,5,285,1.00,9.99,0.00,0.21,9.99
1948,607,6,54,2.00,5.50,0.00,0.21,11.00
1949,608,1,340,2.00,11.00,0.00,0.10,22.00
1950,608,2,219,1.00,3.75,0.00,0.21,3.75
1951,608,3,563,1.00,7.95,0.00,0.21,7.95
1952,608,4,199,1.00,3.75,0.00,0.21,3.75
1953,608,5,575,1.00,8.99,0.00,0.21,8.99
1954,608,6,60,1.00,1.99,0.00,0.21,1.99
1955,608,7,216,3.00,2.95,0.00,0.21,8.85
1956,608,8,72,2.00,4.95,0.00,0.21,9.90
1957,608,9,381,0.40,4.00,0.00,0.04,1.60
1958,608,10,524,0.57,2.99,0.00,0.21,1.70
1959,609,1,108,1.00,3.95,0.00,0.21,3.95
1960,610,1,423,1.00,2.99,0.00,0.21,2.99
1961,611,1,348,2.00,3.00,0.00,0.21,6.00
1962,611,2,386,1.00,9.95,0.00,0.21,9.95
1963,611,3,50,1.00,2.25,0.00,0.21,2.25
1964,612,1,547,2.00,5.95,0.00,0.04,11.90
1965,612,2,84,0.55,11.95,0.00,0.04,6.57
1966,612,3,195,1.00,5.99,0.00,0.21,5.99
1967,612,4,240,2.00,1.95,0.00,0.10,3.90
1968,612,5,533,1.00,6.75,0.00,0.21,6.75
1969,612,6,446,1.00,1.25,0.00,0.04,1.25
1970,612,7,112,1.00,3.99,0.00,0.10,3.99
1971,612,8,44,1.00,3.99,0.00,0.21,3.99
1972,612,9,285,1.00,9.99,0.00,0.21,9.99
1973,612,10,480,3.00,22.50,0.00,0.21,67.50
1974,612,11,540,3.00,8.99,0.00,0.21,26.97
1975,613,1,233,1.00,5.99,0.00,0.21,5.99
1976,613,2,192,3.00,14.99,0.00,0.04,44.97
1977,613,3,541,1.00,5.95,0.00,0.21,5.95
1978,614,1,197,1.94,5.95,0.00,0.21,11.54
1979,615,1,182,3.00,2.75,0.00,0.04,8.25
1980,615,2,279,4.00,7.99,0.00,0.21,31.96
1981,616,1,467,0.86,3.25,0.00,0.21,2.80
1982,616,2,394,2.00,7.99,0.00,0.21,15.98
1983,616,3,303,1.24,2.25,0.00,0.10,2.79
1984,617,1,451,3.00,4.99,0.00,0.10,14.97
1985,617,2,38,1.20,3.99,0.00,0.21,4.79
1986,617,3,271,1.06,1.99,0.00,0.04,2.11
1987,617,4,568,1.00,2.99,0.00,0.04,2.99
1988,617,5,466,1.00,2.95,0.00,0.21,2.95
1989,618,1,190,1.00,3.95,0.00,0.21,3.95
1990,618,2,26,1.00,1.99,0.00,0.21,1.99
1991,618,3,525,1.00,2.99,0.00,0.04,2.99
1992,618,4,353,1.00,1.99,0.00,0.10,1.99
1993,618,5,262,2.00,12.99,0.00,0.04,25.98
1994,618,6,155,1.00,2.99,0.00,0.21,2.99
1995,618,7,504,2.00,2.49,0.00,0.10,4.98
1996,618,8,359,1.00,3.99,0.00,0.04,3.99
1997,618,9,557,4.00,4.99,0.00,0.10,19.96
1998,618,10,355,1.00,3.75,0.00,0.10,3.75
1999,618,11,72,1.00,4.95,0.00,0.21,4.95
2000,618,12,388,0.69,1.99,0.00,0.10,1.37
2001,618,13,507,1.00,8.95,0.00,0.21,8.95
2002,619,1,550,3.00,3.95,0.00,0.04,11.85
2003,620,1,237,1.00,14.95,0.00,0.04,14.95
2004,621,1,94,2.00,2.99,0.00,0.21,5.98
2005,622,1,517,0.88,3.99,0.00,0.21,3.51
2006,622,2,214,1.00,4.25,0.00,0.21,4.25
2007,623,1,571,3.00,11.99,0.00,0.21,35.97
2008,624,1,22,1.00,8.49,0.00,0.21,8.49
2009,624,2,155,3.00,2.99,0.00,0.21,8.97
2010,625,1,251,1.00,3.95,0.00,0.21,3.95
2011,626,1,371,1.00,5.75,0.00,0.04,5.75
2012,626,2,247,1.00,3.99,0.00,0.04,3.99
2013,626,3,142,0.75,4.49,0.00,0.04,3.37
2014,627,1,580,1.00,6.50,0.00,0.10,6.50
2015,627,2,319,1.00,2.50,0.00,0.10,2.50
2016,627,3,141,2.00,4.50,0.00,0.10,9.00
2017,627,4,514,0.71,1.99,0.00,0.04,1.41
2018,628,1,204,1.00,8.49,0.00,0.21,8.49
2019,628,2,28,2.00,6.99,0.00,0.21,13.98
2020,629,1,560,1.00,7.95,0.00,0.21,7.95
2021,629,2,58,6.00,2.99,0.00,0.21,17.94
2022,629,3,462,1.00,2.49,0.00,0.10,2.49
2023,629,4,219,1.00,3.75,0.00,0.21,3.75
2024,629,5,465,1.00,1.99,0.00,0.10,1.99
2025,629,6,513,1.00,0.99,0.00,0.04,0.99
2026,629,7,115,2.00,6.99,0.00,0.21,13.98
2027,629,8,484,2.00,1.99,0.00,0.04,3.98
2028,630,1,166,2.00,8.25,0.00,0.21,16.50
2029,630,2,281,2.00,2.00,0.00,0.21,4.00
2030,630,3,15,1.00,7.75,0.00,0.21,7.75
2031,630,4,172,2.00,14.50,0.00,0.21,29.00
2032,631,1,336,3.00,0.99,0.00,0.10,2.97
2033,632,1,597,1.00,3.75,0.00,0.21,3.75
2034,632,2,354,1.00,3.49,0.00,0.21,3.49
2035,632,3,233,1.00,5.99,0.00,0.21,5.99
2036,632,4,111,1.00,6.99,0.00,0.10,6.99
2037,632,5,464,2.00,2.50,0.00,0.21,5.00
2038,632,6,1,1.00,12.99,0.00,0.21,12.99
2039,633,1,350,1.00,1.99,0.00,0.10,1.99
2040,634,1,460,1.00,7.99,0.00,0.21,7.99
2041,635,1,312,1.00,10.99,0.00,0.04,10.99
2042,635,2,165,1.00,3.99,0.00,0.04,3.99
2043,636,1,234,1.00,4.00,0.00,0.10,4.00
2044,637,1,57,3.00,18.00,0.00,0.21,54.00
2045,637,2,431,1.00,2.49,0.00,0.21,2.49
2046,637,3,470,1.00,6.25,0.00,0.21,6.25
2047,638,1,462,1.00,2.49,0.00,0.10,2.49
2048,638,2,600,3.00,2.00,0.00,0.21,6.00
2049,639,1,206,1.00,2.99,0.00,0.21,2.99
2050,639,2,105,1.00,6.99,0.00,0.21,6.99
2051,639,3,236,2.00,2.99,0.00,0.21,5.98
2052,639,4,72,1.00,4.95,0.00,0.21,4.95
2053,640,1,458,1.00,1.75,0.00,0.21,1.75
2054,641,1,108,1.00,3.95,0.00,0.21,3.95
2055,642,1,482,1.00,4.50,0.00,0.04,4.50
2056,643,1,156,1.00,6.99,0.00,0.21,6.99
2057,643,2,593,1.00,4.25,0.00,0.21,4.25
2058,643,3,543,1.00,1.99,0.00,0.21,1.99
2059,644,1,407,2.00,4.95,0.00,0.21,9.90
2060,645,1,228,2.00,2.50,0.00,0.21,5.00
2061,645,2,282,2.00,1.75,0.00,0.10,3.50
2062,645,3,578,1.00,1.99,0.00,0.10,1.99
2063,645,4,129,1.00,2.99,0.00,0.10,2.99
2064,645,5,32,1.00,3.50,0.00,0.21,3.50
2065,646,1,408,3.00,4.00,0.00,0.21,12.00
2066,647,1,498,1.00,2.99,0.00,0.21,2.99
2067,648,1,30,1.00,1.49,0.00,0.21,1.49
2068,648,2,433,1.00,3.99,0.00,0.04,3.99
2069,648,3,124,1.00,3.99,0.00,0.04,3.99
2070,649,1,134,1.00,3.49,0.00,0.10,3.49
2071,649,2,166,1.00,8.25,0.00,0.21,8.25
2072,649,3,314,1.00,1.99,0.00,0.04,1.99
2073,650,1,393,1.53,5.50,0.00,0.04,8.42
2074,650,2,340,1.00,11.00,0.00,0.10,11.00
2075,650,3,50,1.00,2.25,0.00,0.21,2.25
2076,651,1,536,1.00,3.25,0.00,0.21,3.25
2077,651,2,281,2.00,2.00,0.00,0.21,4.00
2078,651,3,181,2.00,3.50,0.00,0.10,7.00
2079,652,1,148,2.00,3.00,0.00,0.10,6.00
2080,653,1,284,1.00,21.50,0.00,0.21,21.50
2081,654,1,209,1.00,6.75,0.00,0.21,6.75
2082,655,1,70,2.00,3.50,0.00,0.21,7.00
2083,656,1,467,0.45,3.25,0.00,0.21,1.46
2084,657,1,185,1.00,2.99,0.00,0.10,2.99
2085,658,1,69,3.00,4.99,0.00,0.10,14.97
2086,658,2,371,1.00,5.75,0.00,0.04,5.75
2087,658,3,324,1.00,2.95,0.00,0.04,2.95
2088,658,4,303,1.40,2.25,0.00,0.10,3.15
2089,658,5,86,1.00,3.99,0.00,0.10,3.99
2090,658,6,486,1.00,1.75,0.00,0.04,1.75
2091,659,1,280,1.00,1.75,0.00,0.10,1.75
2092,659,2,399,1.00,1.99,0.00,0.10,1.99
2093,659,3,592,1.00,1.50,0.00,0.04,1.50
2094,659,4,231,1.00,4.99,0.00,0.04,4.99
2095,659,5,256,4.00,21.50,0.00,0.21,86.00
2096,659,6,308,1.00,9.99,0.00,0.21,9.99
2097,660,1,257,1.00,4.00,0.00,0.21,4.00
2098,660,2,34,1.00,2.99,0.00,0.21,2.99
2099,660,3,203,1.00,2.75,0.00,0.10,2.75
2100,660,4,297,1.00,10.95,0.00,0.21,10.95
2101,660,5,232,2.00,2.50,0.00,0.21,5.00
2102,660,6,121,1.00,2.75,0.00,0.04,2.75
2103,660,7,402,2.00,2.99,0.00,0.21,5.98
2104,660,8,220,1.62,3.00,0.00,0.21,4.86
2105,660,9,507,2.00,8.95,0.00,0.21,17.90
2106,661,1,212,1.00,17.99,0.00,0.04,17.99
2107,661,2,452,2.00,7.95,0.00,0.10,15.90
2108,662,1,259,1.00,2.95,0.00,0.04,2.95
2109,662,2,217,1.00,4.99,0.00,0.21,4.99
2110,662,3,527,4.00,2.99,0.00,0.21,11.96
2111,662,4,130,1.00,4.95,0.00,0.21,4.95
2112,663,1,438,1.00,5.49,0.00,0.21,5.49
2113,664,1,267,1.23,1.95,0.00,0.04,2.40
2114,664,2,160,1.69,0.50,0.00,0.10,0.84
2115,665,1,130,1.00,4.95,0.00,0.21,4.95
2116,665,2,203,1.00,2.75,0.00,0.10,2.75
2117,666,1,349,1.00,2.99,0.00,0.21,2.99
2118,666,2,178,2.00,5.99,0.00,0.10,11.98
2119,667,1,483,1.00,2.99,0.00,0.10,2.99
2120,667,2,547,1.00,5.95,0.00,0.04,5.95
2121,667,3,334,1.00,1.50,0.00,0.10,1.50
2122,668,1,392,2.42,1.49,0.00,0.04,3.61
2123,668,2,449,2.00,3.25,0.00,0.21,6.50
2124,668,3,169,1.00,4.50,0.00,0.04,4.50
2125,669,1,487,2.19,10.49,0.00,0.04,22.97
2126,670,1,585,2.01,1.95,0.00,0.21,3.92
2127,671,1,51,2.00,3.99,0.00,0.21,7.98
2128,672,1,546,1.00,2.99,0.00,0.04,2.99
2129,672,2,99,1.00,15.75,0.00,0.21,15.75
2130,673,1,560,1.00,7.95,0.00,0.21,7.95
2131,673,2,275,2.00,5.95,0.00,0.04,11.90
2132,673,3,123,2.00,2.50,0.00,0.10,5.00
2133,674,1,112,3.00,3.99,0.00,0.10,11.97
2134,674,2,479,1.00,3.75,0.00,0.10,3.75
2135,674,3,407,1.00,4.95,0.00,0.21,4.95
2136,675,1,515,1.00,2.99,0.00,0.04,2.99
2137,675,2,250,1.00,1.49,0.00,0.21,1.49
2138,675,3,137,1.00,1.49,0.00,0.10,1.49
2139,676,1,303,2.33,2.25,0.00,0.10,5.24
2140,676,2,353,1.00,1.99,0.00,0.10,1.99
2141,676,3,579,2.00,2.49,0.00,0.10,4.98
2142,676,4,37,1.00,5.99,0.00,0.21,5.99
2143,676,5,259,1.00,2.95,0.00,0.04,2.95
2144,676,6,92,2.00,2.25,0.00,0.21,4.50
2145,676,7,276,1.00,4.50,0.00,0.04,4.50
2146,676,8,460,1.00,7.99,0.00,0.21,7.99
2147,676,9,413,1.92,1.95,0.00,0.10,3.74
2148,676,10,588,1.00,5.25,0.00,0.21,5.25
2149,676,11,211,1.69,3.00,0.00,0.21,5.07
2150,677,1,331,1.00,1.99,0.00,0.04,1.99
2151,678,1,597,1.00,3.75,0.00,0.21,3.75
2152,679,1,263,1.00,2.49,0.00,0.04,2.49
2153,680,1,496,1.00,3.50,0.00,0.10,3.50
2154,681,1,282,2.00,1.75,0.00,0.10,3.50
2155,682,1,473,1.00,1.25,0.00,0.10,1.25
2156,683,1,342,4.00,2.95,0.00,0.21,11.80
2157,684,1,391,1.00,2.99,0.00,0.04,2.99
2158,685,1,494,2.00,10.25,0.00,0.21,20.50
2159,686,1,569,1.00,2.95,0.00,0.21,2.95
2160,687,1,51,1.00,3.99,0.00,0.21,3.99
2161,688,1,582,2.00,22.99,0.00,0.21,45.98
2162,689,1,316,1.00,3.75,0.00,0.21,3.75
2163,690,1,245,1.00,3.95,0.00,0.21,3.95
2164,691,1,161,6.00,1.99,0.00,0.21,11.94
2165,692,1,343,1.00,4.49,0.00,0.21,4.49
2166,693,1,419,1.00,8.99,0.00,0.21,8.99
2167,694,1,106,2.00,3.49,0.00,0.21,6.98
2168,694,2,396,1.00,0.99,0.00,0.21,0.99
2169,695,1,311,1.00,3.49,0.00,0.10,3.49
2170,696,1,581,1.00,7.99,0.00,0.10,7.99
2171,696,2,429,1.12,5.95,0.00,0.21,6.66
2172,696,3,233,1.00,5.99,0.00,0.21,5.99
2173,696,4,317,1.00,4.50,0.00,0.21,4.50
2174,696,5,153,4.00,2.99,0.00,0.10,11.96
2175,696,6,43,6.00,1.95,0.00,0.10,11.70
2176,696,7,447,2.00,2.95,0.00,0.04,5.90
2177,696,8,552,1.00,2.50,0.00,0.04,2.50
2178,696,9,342,1.00,2.95,0.00,0.21,2.95
2179,696,10,112,1.00,3.99,0.00,0.10,3.99
2180,696,11,575,1.00,8.99,0.00,0.21,8.99
2181,696,12,62,1.00,5.99,0.00,0.21,5.99
2182,696,13,257,1.00,4.00,0.00,0.21,4.00
2183,697,1,318,1.00,2.49,0.00,0.21,2.49
2184,697,2,155,2.00,2.99,0.00,0.21,5.98
2185,697,3,311,4.00,3.49,0.00,0.10,13.96
2186,697,4,64,2.00,4.99,0.00,0.21,9.98
2187,697,5,216,2.00,2.95,0.00,0.21,5.90
2188,697,6,515,1.00,2.99,0.00,0.04,2.99
2189,698,1,488,1.00,2.49,0.00,0.21,2.49
2190,698,2,576,1.00,2.99,0.00,0.10,2.99
2191,699,1,549,1.00,6.99,0.00,0.21,6.99
2192,699,2,342,2.00,2.95,0.00,0.21,5.90
2193,699,3,281,1.00,2.00,0.00,0.21,2.00
2194,699,4,38,0.68,3.99,0.00,0.21,2.71
2195,700,1,480,2.00,22.50,0.00,0.21,45.00
2196,701,1,18,1.00,4.49,0.00,0.21,4.49
2197,702,1,365,1.00,17.99,0.00,0.21,17.99
2198,703,1,395,1.00,5.25,0.00,0.10,5.25
2199,704,1,163,3.00,3.25,0.00,0.21,9.75
2200,704,2,182,3.00,2.75,0.00,0.04,8.25
2201,704,3,109,1.00,0.99,0.00,0.04,0.99
2202,704,4,150,1.00,2.00,0.00,0.21,2.00
2203,704,5,302,1.00,1.99,0.00,0.10,1.99
2204,705,1,338,1.00,3.99,0.00,0.21,3.99
2205,706,1,589,1.28,11.99,0.00,0.04,15.35
2206,707,1,541,2.00,5.95,0.00,0.21,11.90
2207,707,2,70,1.00,3.50,0.00,0.21,3.50
2208,707,3,175,1.00,2.95,0.00,0.21,2.95
2209,708,1,107,6.00,5.99,0.00,0.21,35.94
2210,709,1,33,1.00,3.99,0.00,0.21,3.99
2211,709,2,120,1.00,2.49,0.00,0.21,2.49
2212,709,3,560,3.00,7.95,0.00,0.21,23.85
2213,709,4,67,2.00,5.99,0.00,0.21,11.98
2214,709,5,445,1.00,1.99,0.00,0.10,1.99
2215,709,6,422,1.00,11.75,0.00,0.21,11.75
2216,709,7,130,1.00,4.95,0.00,0.21,4.95
2217,709,8,299,2.00,5.99,0.00,0.04,11.98
2218,709,9,93,2.49,13.99,0.00,0.04,34.84
2219,709,10,201,2.00,2.99,0.00,0.04,5.98
2220,710,1,579,1.00,2.49,0.00,0.10,2.49
2221,710,2,555,1.00,1.99,0.00,0.04,1.99
2222,711,1,110,1.00,1.99,0.00,0.21,1.99
2223,711,2,410,1.00,2.99,0.00,0.21,2.99
2224,711,3,283,6.00,1.95,0.00,0.10,11.70
2225,711,4,348,1.00,3.00,0.00,0.21,3.00
2226,711,5,307,6.00,5.25,0.00,0.10,31.50
2227,712,1,63,2.00,2.95,0.00,0.10,5.90
2228,712,2,104,1.00,2.99,0.00,0.04,2.99
2229,712,3,175,2.00,2.95,0.00,0.21,5.90
2230,712,4,369,1.00,7.99,0.00,0.10,7.99
2231,712,5,480,3.00,22.50,0.00,0.21,67.50
2232,713,1,337,1.00,2.99,0.00,0.10,2.99
2233,713,2,287,0.62,1.99,0.00,0.10,1.23
2234,713,3,318,1.00,2.49,0.00,0.21,2.49
2235,714,1,40,3.00,3.99,0.00,0.21,11.97
2236,714,2,81,1.00,7.99,0.00,0.04,7.99
2237,715,1,262,1.00,12.99,0.00,0.04,12.99
2238,716,1,34,2.00,2.99,0.00,0.21,5.98
2239,717,1,342,2.00,2.95,0.00,0.21,5.90
2240,717,2,441,1.00,6.95,0.00,0.21,6.95
2241,717,3,81,1.00,7.99,0.00,0.04,7.99
2242,717,4,169,1.00,4.50,0.00,0.04,4.50
2243,717,5,89,1.00,2.99,0.00,0.21,2.99
2244,718,1,470,2.00,6.25,0.00,0.21,12.50
2245,719,1,337,1.00,2.99,0.00,0.10,2.99
2246,719,2,146,1.00,1.49,0.00,0.21,1.49
2247,719,3,477,1.00,5.00,0.00,0.21,5.00
2248,719,4,585,1.48,1.95,0.00,0.21,2.89
2249,719,5,199,2.00,3.75,0.00,0.21,7.50
2250,720,1,354,1.00,3.49,0.00,0.21,3.49
2251,720,2,3,1.00,2.95,0.00,0.10,2.95
2252,720,3,298,2.00,1.50,0.00,0.10,3.00
2253,720,4,218,1.00,2.95,0.00,0.10,2.95
2254,720,5,288,1.00,2.00,0.00,0.21,2.00
2255,720,6,25,2.00,2.49,0.00,0.21,4.98
2256,720,7,26,1.00,1.99,0.00,0.21,1.99
2257,720,8,164,2.00,5.99,0.00,0.21,11.98
2258,720,9,157,1.00,5.49,0.00,0.21,5.49
2259,720,10,423,3.00,2.99,0.00,0.21,8.97
2260,720,11,412,4.00,3.99,0.00,0.21,15.96
2261,720,12,326,3.00,4.95,0.00,0.21,14.85
2262,721,1,224,1.00,2.99,0.00,0.04,2.99
2263,721,2,178,2.00,5.99,0.00,0.10,11.98
2264,721,3,560,1.00,7.95,0.00,0.21,7.95
2265,722,1,112,1.00,3.99,0.00,0.10,3.99
2266,723,1,472,2.00,0.99,0.00,0.10,1.98
2267,724,1,331,1.00,1.99,0.00,0.04,1.99
2268,725,1,427,1.00,6.95,0.00,0.21,6.95
2269,726,1,16,1.00,2.99,0.00,0.21,2.99
2270,726,2,382,2.00,3.95,0.00,0.21,7.90
2271,726,3,50,2.00,2.25,0.00,0.21,4.50
2272,726,4,516,1.38,1.99,0.00,0.04,2.75
2273,727,1,358,3.00,2.95,0.00,0.21,8.85
2274,727,2,286,1.00,3.25,0.00,0.21,3.25
2275,728,1,54,1.00,5.50,0.00,0.21,5.50
2276,728,2,381,1.09,4.00,0.00,0.04,4.36
2277,729,1,233,1.00,5.99,0.00,0.21,5.99
2278,729,2,211,1.54,3.00,0.00,0.21,4.62
2279,729,3,251,1.00,3.95,0.00,0.21,3.95
2280,730,1,98,3.00,1.49,0.00,0.21,4.47
2281,730,2,420,1.03,13.99,0.00,0.04,14.41
2282,730,3,270,1.00,1.99,0.00,0.10,1.99
2283,730,4,310,1.00,1.99,0.00,0.21,1.99
2284,730,5,329,1.00,3.99,0.00,0.10,3.99
2285,730,6,492,3.00,3.00,0.00,0.21,9.00
2286,731,1,271,1.13,1.99,0.00,0.04,2.25
2287,732,1,315,1.00,1.99,0.00,0.10,1.99
2288,733,1,399,1.00,1.99,0.00,0.10,1.99
2289,734,1,287,1.51,1.99,0.00,0.10,3.00
2290,735,1,293,1.00,5.49,0.00,0.04,5.49
2291,735,2,594,2.33,10.99,0.00,0.04,25.61
2292,735,3,305,2.00,3.99,0.00,0.10,7.98
2293,735,4,207,1.00,1.49,0.00,0.21,1.49
2294,735,5,593,1.00,4.25,0.00,0.21,4.25
2295,736,1,298,1.00,1.50,0.00,0.10,1.50
2296,736,2,169,1.00,4.50,0.00,0.04,4.50
2297,737,1,410,1.00,2.99,0.00,0.21,2.99
2298,737,2,254,2.00,1.50,0.00,0.10,3.00
2299,737,3,480,2.00,22.50,0.00,0.21,45.00
2300,737,4,340,2.00,11.00,0.00,0.10,22.00
2301,738,1,46,1.30,15.99,0.00,0.04,20.79
2302,739,1,589,1.23,11.99,0.00,0.04,14.75
2303,739,2,5,0.34,0.99,0.00,0.10,0.34
2304,740,1,88,1.00,5.99,0.00,0.10,5.99
2305,741,1,153,1.00,2.99,0.00,0.10,2.99
2306,741,2,158,1.00,3.99,0.00,0.21,3.99
2307,742,1,34,1.00,2.99,0.00,0.21,2.99
2308,742,2,556,1.00,2.95,0.00,0.10,2.95
2309,742,3,446,1.00,1.25,0.00,0.04,1.25
2310,742,4,517,2.18,3.99,0.00,0.21,8.70
2311,742,5,218,1.00,2.95,0.00,0.10,2.95
2312,743,1,66,1.58,0.99,0.00,0.10,1.56
2313,743,2,147,1.00,0.99,0.00,0.10,0.99
2314,743,3,131,2.00,10.99,0.00,0.21,21.98
2315,743,4,468,0.72,7.95,0.00,0.04,5.72
2316,744,1,525,1.00,2.99,0.00,0.04,2.99
2317,744,2,111,2.00,6.99,0.00,0.10,13.98
2318,744,3,126,1.79,2.50,0.00,0.21,4.48
2319,744,4,48,1.00,1.95,0.00,0.21,1.95
2320,744,5,479,1.00,3.75,0.00,0.10,3.75
2321,745,1,487,2.43,10.49,0.00,0.04,25.49
2322,746,1,122,1.00,2.95,0.00,0.04,2.95
2323,747,1,81,1.00,7.99,0.00,0.04,7.99
2324,747,2,240,4.00,1.95,0.00,0.10,7.80
2325,748,1,374,1.00,2.00,0.00,0.10,2.00
2326,748,2,57,1.00,18.00,0.00,0.21,18.00
2327,748,3,49,3.00,3.99,0.00,0.21,11.97
2328,748,4,260,1.00,1.99,0.00,0.04,1.99
2329,748,5,120,1.00,2.49,0.00,0.21,2.49
2330,749,1,152,1.00,2.49,0.00,0.10,2.49
2331,750,1,519,1.00,2.95,0.00,0.10,2.95
2332,750,2,546,1.00,2.99,0.00,0.04,2.99
2333,751,1,345,1.00,7.50,0.00,0.21,7.50
2334,752,1,145,2.02,2.75,0.00,0.21,5.56
2335,752,2,555,1.00,1.99,0.00,0.04,1.99
2336,752,3,346,3.00,6.99,0.00,0.21,20.97
2337,752,4,572,2.00,2.49,0.00,0.21,4.98
2338,752,5,321,1.00,2.99,0.00,0.10,2.99
2339,753,1,222,1.00,2.75,0.00,0.10,2.75
2340,754,1,333,1.00,8.95,0.00,0.21,8.95
2341,754,2,200,1.00,12.75,0.00,0.21,12.75
2342,754,3,9,3.00,2.99,33.00,0.21,6.01
2343,754,4,580,1.00,6.50,0.00,0.10,6.50
2344,754,5,348,1.00,3.00,0.00,0.21,3.00
2345,754,6,477,1.00,5.00,0.00,0.21,5.00
2346,754,7,449,1.00,3.25,0.00,0.21,3.25
2347,754,8,35,1.00,3.99,0.00,0.21,3.99
2348,754,9,450,3.00,3.99,0.00,0.21,11.97
2349,755,1,8,3.00,2.99,0.00,0.04,8.97
2350,755,2,370,2.00,2.95,0.00,0.10,5.90
2351,755,3,280,1.00,1.75,0.00,0.10,1.75
2352,755,4,481,0.62,1.99,0.00,0.04,1.23
2353,755,5,9,2.00,2.99,33.00,0.21,4.01
2354,755,6,591,3.00,2.49,0.00,0.21,7.47
2355,756,1,42,1.00,14.99,0.00,0.21,14.99
2356,756,2,500,1.00,1.95,0.00,0.10,1.95
2357,756,3,542,1.00,9.99,0.00,0.21,9.99
2358,756,4,145,1.75,2.75,0.00,0.21,4.81
2359,756,5,413,1.05,1.95,0.00,0.10,2.05
2360,756,6,433,1.00,3.99,0.00,0.04,3.99
2361,756,7,101,1.00,2.99,0.00,0.04,2.99
2362,757,1,126,1.44,2.50,0.00,0.21,3.60
2363,758,1,513,1.00,0.99,0.00,0.04,0.99
2364,759,1,327,1.00,1.49,0.00,0.10,1.49
2365,760,1,396,1.00,0.99,0.00,0.21,0.99
2366,760,2,464,4.00,2.50,0.00,0.21,10.00
2367,761,1,454,2.00,1.99,0.00,0.10,3.98
2368,762,1,576,4.00,2.99,0.00,0.10,11.96
2369,762,2,354,1.00,3.49,0.00,0.21,3.49
2370,763,1,41,3.00,4.75,0.00,0.10,14.25
2371,763,2,332,1.00,1.99,0.00,0.10,1.99
2372,763,3,221,0.66,5.95,0.00,0.04,3.93
2373,763,4,423,2.00,2.99,0.00,0.21,5.98
2374,763,5,75,1.00,2.49,0.00,0.21,2.49
2375,763,6,599,1.00,8.00,0.00,0.10,8.00
2376,763,7,365,1.00,17.99,0.00,0.21,17.99
2377,764,1,513,4.00,0.99,0.00,0.04,3.96
2378,765,1,341,1.00,1.99,0.00,0.10,1.99
2379,765,2,511,2.00,1.99,0.00,0.10,3.98
2380,765,3,347,2.35,5.99,0.00,0.04,14.08
2381,766,1,576,1.00,2.99,0.00,0.10,2.99
2382,767,1,258,2.00,5.99,0.00,0.21,11.98
2383,768,1,491,1.00,5.99,0.00,0.10,5.99
2384,769,1,233,2.00,5.99,0.00,0.21,11.98
2385,769,2,61,1.00,4.99,0.00,0.04,4.99
2386,769,3,481,1.83,1.99,0.00,0.04,3.64
2387,769,4,523,1.00,3.49,0.00,0.10,3.49
2388,770,1,157,2.00,5.49,0.00,0.21,10.98
2389,771,1,87,1.00,2.99,0.00,0.10,2.99
2390,772,1,137,1.00,1.49,0.00,0.10,1.49
2391,772,2,459,1.00,2.99,0.00,0.21,2.99
2392,773,1,361,1.98,2.49,0.00,0.04,4.93
2393,773,2,425,1.00,3.99,0.00,0.21,3.99
2394,774,1,412,1.00,3.99,0.00,0.21,3.99
2395,774,2,464,1.00,2.50,0.00,0.21,2.50
2396,774,3,276,2.00,4.50,0.00,0.04,9.00
2397,774,4,234,2.00,4.00,0.00,0.10,8.00
2398,775,1,553,2.00,7.99,0.00,0.04,15.98
2399,775,2,484,2.00,1.99,0.00,0.04,3.98
2400,775,3,301,1.00,11.25,0.00,0.10,11.25
2401,776,1,158,6.00,3.99,0.00,0.21,23.94
2402,776,2,446,1.00,1.25,0.00,0.04,1.25
2403,776,3,371,1.00,5.75,0.00,0.04,5.75
2404,777,1,133,1.00,1.99,0.00,0.21,1.99
2405,778,1,198,1.00,2.49,0.00,0.10,2.49
2406,779,1,540,3.00,8.99,0.00,0.21,26.97
2407,780,1,515,3.00,2.99,0.00,0.04,8.97
2408,780,2,394,1.00,7.99,25.00,0.21,5.99
2409,781,1,336,2.00,0.99,0.00,0.10,1.98
2410,781,2,162,1.00,1.49,0.00,0.10,1.49
2411,781,3,124,1.00,3.99,0.00,0.04,3.99
2412,781,4,427,1.00,6.95,0.00,0.21,6.95
2413,782,1,315,1.00,1.99,0.00,0.10,1.99
2414,782,2,491,1.00,5.99,0.00,0.10,5.99
2415,783,1,105,2.00,6.99,0.00,0.21,13.98
2416,783,2,387,1.00,3.95,0.00,0.21,3.95
2417,783,3,593,1.00,4.25,0.00,0.21,4.25
2418,783,4,436,2.00,4.99,0.00,0.04,9.98
2419,784,1,296,2.00,5.49,0.00,0.21,10.98
2420,785,1,164,1.00,5.99,0.00,0.21,5.99
2421,786,1,540,4.00,8.99,0.00,0.21,35.96
2422,787,1,344,1.00,11.99,0.00,0.10,11.99
2423,787,2,536,1.00,3.25,0.00,0.21,3.25
2424,788,1,344,3.00,11.99,0.00,0.10,35.97
2425,788,2,489,1.00,1.00,0.00,0.04,1.00
2426,788,3,183,1.00,0.95,0.00,0.04,0.95
2427,789,1,161,3.00,1.99,0.00,0.21,5.97
2428,790,1,295,3.00,1.99,0.00,0.21,5.97
2429,791,1,413,1.92,1.95,0.00,0.10,3.74
2430,791,2,428,2.00,12.99,0.00,0.21,25.98
2431,791,3,391,3.00,2.99,0.00,0.04,8.97
2432,792,1,178,1.00,5.99,0.00,0.10,5.99
2433,792,2,74,2.00,3.99,0.00,0.21,7.98
2434,793,1,154,1.49,3.49,0.00,0.21,5.20
2435,794,1,267,1.15,1.95,0.00,0.04,2.24
2436,794,2,493,1.00,9.99,0.00,0.21,9.99
2437,794,3,223,2.00,2.99,0.00,0.21,5.98
2438,794,4,512,1.00,2.49,0.00,0.04,2.49
2439,794,5,86,2.00,3.99,0.00,0.10,7.98
2440,794,6,6,3.00,6.99,0.00,0.21,20.97
2441,795,1,44,1.00,3.99,0.00,0.21,3.99
2442,796,1,166,1.00,8.25,0.00,0.21,8.25
2443,797,1,138,1.00,1.75,0.00,0.10,1.75
2444,797,2,542,1.00,9.99,0.00,0.21,9.99
2445,797,3,409,2.00,3.99,0.00,0.21,7.98
2446,797,4,466,1.00,2.95,0.00,0.21,2.95
2447,797,5,165,2.00,3.99,0.00,0.04,7.98
2448,797,6,103,1.00,2.99,0.00,0.21,2.99
2449,797,7,545,3.00,5.95,0.00,0.21,17.85
2450,798,1,103,1.00,2.99,0.00,0.21,2.99
2451,799,1,570,3.00,1.99,0.00,0.10,5.97
2452,800,1,350,1.00,1.99,0.00,0.10,1.99
2453,800,2,363,2.00,4.50,0.00,0.21,9.00
2454,801,1,92,1.00,2.25,0.00,0.21,2.25
2455,801,2,509,2.00,2.99,0.00,0.04,5.98
2456,801,3,521,1.00,5.99,0.00,0.21,5.99
2457,801,4,496,1.00,3.50,0.00,0.10,3.50
2458,801,5,492,2.00,3.00,0.00,0.21,6.00
2459,801,6,339,0.99,1.95,0.00,0.10,1.93
2460,801,7,326,1.00,4.95,0.00,0.21,4.95
2461,801,8,489,1.00,1.00,0.00,0.04,1.00
2462,801,9,167,1.82,19.95,0.00,0.04,36.31
2463,801,10,245,1.00,3.95,0.00,0.21,3.95
2464,801,11,568,3.00,2.99,0.00,0.04,8.97
2465,801,12,137,1.00,1.49,0.00,0.10,1.49
2466,802,1,157,2.00,5.49,0.00,0.21,10.98
2467,802,2,105,2.00,6.99,0.00,0.21,13.98
2468,802,3,92,2.00,2.25,0.00,0.21,4.50
2469,802,4,364,3.00,5.00,0.00,0.04,15.00
2470,802,5,2,6.00,1.49,0.00,0.21,8.94
2471,802,6,258,1.00,5.99,0.00,0.21,5.99
2472,802,7,414,1.00,4.00,0.00,0.10,4.00
2473,802,8,318,1.00,2.49,0.00,0.21,2.49
2474,802,9,372,1.00,3.95,0.00,0.21,3.95
2475,802,10,530,1.00,11.95,0.00,0.04,11.95
2476,802,11,565,2.00,22.99,0.00,0.21,45.98
2477,802,12,296,1.00,5.49,0.00,0.21,5.49
2478,802,13,220,0.56,3.00,0.00,0.21,1.68
2479,803,1,5,0.22,0.99,0.00,0.10,0.22
2480,803,2,325,1.00,1.50,0.00,0.21,1.50
2481,803,3,272,1.00,2.95,0.00,0.21,2.95
2482,804,1,366,1.00,4.75,0.00,0.04,4.75
2483,805,1,51,1.00,3.99,0.00,0.21,3.99
2484,806,1,286,1.00,3.25,0.00,0.21,3.25
2485,806,2,493,2.00,9.99,0.00,0.21,19.98
2486,806,3,417,2.00,1.99,0.00,0.21,3.98
2487,806,4,26,1.00,1.99,0.00,0.21,1.99
2488,806,5,449,1.00,3.25,0.00,0.21,3.25
2489,806,6,511,3.00,1.99,0.00,0.10,5.97
2490,807,1,591,1.00,2.49,0.00,0.21,2.49
2491,807,2,259,6.00,2.95,0.00,0.04,17.70
2492,808,1,512,1.00,2.49,0.00,0.04,2.49
2493,808,2,600,3.00,2.00,0.00,0.21,6.00
2494,808,3,156,1.00,6.99,0.00,0.21,6.99
2495,808,4,141,1.00,4.50,0.00,0.10,4.50
2496,808,5,243,2.00,1.49,0.00,0.21,2.98
2497,808,6,107,1.00,5.99,0.00,0.21,5.99
2498,808,7,273,0.73,4.99,0.00,0.21,3.64
2499,809,1,80,1.00,2.95,0.00,0.10,2.95
2500,809,2,445,2.00,1.99,0.00,0.10,3.98
2501,809,3,233,3.00,5.99,0.00,0.21,17.97
2502,810,1,284,1.00,21.50,0.00,0.21,21.50
2503,811,1,270,1.00,1.99,0.00,0.10,1.99
2504,812,1,484,1.00,1.99,0.00,0.04,1.99
2505,812,2,92,2.00,2.25,0.00,0.21,4.50
2506,812,3,115,1.00,6.99,0.00,0.21,6.99
2507,813,1,251,1.00,3.95,0.00,0.21,3.95
2508,814,1,295,1.00,1.99,0.00,0.21,1.99
2509,814,2,483,1.00,2.99,0.00,0.10,2.99
2510,815,1,466,1.00,2.95,0.00,0.21,2.95
2511,815,2,590,2.00,11.49,0.00,0.10,22.98
2512,815,3,591,1.00,2.49,0.00,0.21,2.49
2513,815,4,360,1.00,2.49,0.00,0.21,2.49
2514,815,5,288,1.00,2.00,0.00,0.21,2.00
2515,815,6,161,1.00,1.99,0.00,0.21,1.99
2516,815,7,194,1.00,2.95,0.00,0.10,2.95
2517,815,8,164,3.00,5.99,0.00,0.21,17.97
2518,815,9,251,1.00,3.95,0.00,0.21,3.95
2519,816,1,310,1.00,1.99,0.00,0.21,1.99
2520,816,2,329,1.00,3.99,0.00,0.10,3.99
2521,816,3,240,1.00,1.95,0.00,0.10,1.95
2522,816,4,174,1.00,4.49,0.00,0.21,4.49
2523,816,5,489,1.00,1.00,0.00,0.04,1.00
2524,816,6,134,2.00,3.49,0.00,0.10,6.98
2525,816,7,57,1.00,18.00,0.00,0.21,18.00
2526,817,1,31,2.44,1.99,0.00,0.04,4.86
2527,817,2,487,1.72,10.49,0.00,0.04,18.04
2528,817,3,248,1.00,5.49,0.00,0.21,5.49
2529,817,4,267,1.70,1.95,0.00,0.04,3.32
2530,818,1,439,3.00,3.75,0.00,0.21,11.25
2531,818,2,294,1.00,1.99,0.00,0.04,1.99
2532,819,1,35,1.00,3.99,0.00,0.21,3.99
2533,820,1,276,1.00,4.50,0.00,0.04,4.50
2534,821,1,278,1.00,3.25,0.00,0.21,3.25
2535,822,1,241,3.00,5.95,0.00,0.21,17.85
2536,822,2,69,2.00,4.99,0.00,0.10,9.98
2537,822,3,86,1.00,3.99,0.00,0.10,3.99
2538,822,4,164,1.00,5.99,0.00,0.21,5.99
2539,823,1,591,1.00,2.49,0.00,0.21,2.49
2540,823,2,10,1.00,2.99,0.00,0.10,2.99
2541,823,3,595,1.00,2.49,0.00,0.10,2.49
2542,824,1,225,0.83,1.95,0.00,0.04,1.62
2543,825,1,491,1.00,5.99,0.00,0.10,5.99
2544,825,2,355,3.00,3.75,0.00,0.10,11.25
2545,825,3,587,1.00,3.99,0.00,0.21,3.99
2546,825,4,276,2.00,4.50,0.00,0.04,9.00
2547,825,5,545,1.00,5.95,0.00,0.21,5.95
2548,825,6,264,2.00,1.99,0.00,0.10,3.98
2549,825,7,360,3.00,2.49,0.00,0.21,7.47
2550,825,8,560,1.00,7.95,0.00,0.21,7.95
2551,825,9,155,2.00,2.99,0.00,0.21,5.98
2552,825,10,536,3.00,3.25,0.00,0.21,9.75
2553,825,11,562,1.00,3.95,0.00,0.21,3.95
2554,825,12,397,2.00,3.99,0.00,0.21,7.98
2555,826,1,598,1.00,23.99,0.00,0.21,23.99
2556,827,1,432,1.60,10.75,0.00,0.04,17.20
2557,828,1,387,1.00,3.95,0.00,0.21,3.95
2558,829,1,260,1.00,1.99,0.00,0.04,1.99
2559,830,1,89,1.00,2.99,0.00,0.21,2.99
2560,831,1,53,1.00,2.99,0.00,0.10,2.99
2561,831,2,26,4.00,1.99,0.00,0.21,7.96
2562,832,1,275,4.00,5.95,0.00,0.04,23.80
2563,832,2,473,1.00,1.25,0.00,0.10,1.25
2564,833,1,277,1.00,4.99,0.00,0.10,4.99
2565,833,2,291,4.00,0.99,0.00,0.21,3.96
2566,833,3,271,2.07,1.99,0.00,0.04,4.12
2567,834,1,139,1.00,2.99,0.00,0.04,2.99
2568,834,2,313,1.00,3.99,0.00,0.10,3.99
2569,834,3,210,1.00,4.99,0.00,0.21,4.99
2570,835,1,259,2.00,2.95,0.00,0.04,5.90
2571,835,2,63,1.00,2.95,0.00,0.10,2.95
2572,835,3,230,1.00,7.99,0.00,0.21,7.99
2573,836,1,586,1.00,6.00,0.00,0.21,6.00
2574,836,2,558,1.00,2.49,0.00,0.10,2.49
2575,837,1,227,1.00,13.49,0.00,0.21,13.49
2576,837,2,366,1.00,4.75,0.00,0.04,4.75
2577,837,3,13,1.00,4.75,0.00,0.21,4.75
2578,838,1,89,1.00,2.99,0.00,0.21,2.99
2579,838,2,433,1.00,3.99,0.00,0.04,3.99
2580,839,1,516,0.73,1.99,0.00,0.04,1.45
2581,840,1,101,1.00,2.99,0.00,0.04,2.99
2582,840,2,293,1.00,5.49,0.00,0.04,5.49
2583,840,3,306,2.00,8.95,0.00,0.04,17.90
2584,840,4,462,2.00,2.49,0.00,0.10,4.98
2585,841,1,318,1.00,2.49,0.00,0.21,2.49
2586,841,2,279,3.00,7.99,0.00,0.21,23.97
2587,842,1,477,1.00,5.00,0.00,0.21,5.00
2588,843,1,344,1.00,11.99,0.00,0.10,11.99
2589,843,2,580,2.00,6.50,0.00,0.10,13.00
2590,843,3,135,1.00,7.49,0.00,0.21,7.49
2591,843,4,63,1.00,2.95,0.00,0.10,2.95
2592,844,1,37,2.00,5.99,0.00,0.21,11.98
2593,844,2,390,1.13,4.99,0.00,0.04,5.64
2594,844,3,313,2.00,3.99,0.00,0.10,7.98
2595,844,4,418,1.00,10.99,0.00,0.21,10.99
2596,844,5,323,1.00,4.95,0.00,0.10,4.95
2597,845,1,555,1.00,1.99,0.00,0.04,1.99
2598,845,2,108,2.00,3.95,0.00,0.21,7.90
2599,846,1,247,1.00,3.99,0.00,0.04,3.99
2600,846,2,176,1.00,1.49,0.00,0.10,1.49
2601,847,1,80,2.00,2.95,0.00,0.10,5.90
2602,848,1,382,1.00,3.95,0.00,0.21,3.95
2603,848,2,238,1.00,2.49,0.00,0.21,2.49
2604,848,3,282,1.00,1.75,0.00,0.10,1.75
2605,848,4,96,1.00,1.99,0.00,0.21,1.99
2606,849,1,374,4.00,2.00,0.00,0.10,8.00
2607,849,2,59,1.00,1.99,0.00,0.10,1.99
2608,850,1,135,1.00,7.49,0.00,0.21,7.49
2609,851,1,170,1.00,7.99,0.00,0.21,7.99
2610,851,2,238,2.00,2.49,0.00,0.21,4.98
2611,851,3,454,1.00,1.99,0.00,0.10,1.99
2612,851,4,451,2.00,4.99,0.00,0.10,9.98
2613,852,1,264,1.00,1.99,0.00,0.10,1.99
2614,853,1,477,1.00,5.00,0.00,0.21,5.00
2615,854,1,464,1.00,2.50,0.00,0.21,2.50
2616,855,1,292,1.00,3.49,0.00,0.21,3.49
2617,855,2,306,1.00,8.95,0.00,0.04,8.95
2618,855,3,71,1.00,2.99,0.00,0.10,2.99
2619,855,4,104,2.00,2.99,0.00,0.04,5.98
2620,856,1,310,1.00,1.99,0.00,0.21,1.99
2621,856,2,26,1.00,1.99,0.00,0.21,1.99
2622,856,3,575,2.00,8.99,0.00,0.21,17.98
2623,856,4,460,3.00,7.99,0.00,0.21,23.97
2624,857,1,40,1.00,3.99,50.00,0.21,2.00
2625,857,2,552,2.00,2.50,0.00,0.04,5.00
2626,857,3,588,1.00,5.25,0.00,0.21,5.25
2627,857,4,297,3.00,10.95,0.00,0.21,32.85
2628,857,5,58,3.00,2.99,0.00,0.21,8.97
2629,857,6,391,1.00,2.99,0.00,0.04,2.99
2630,857,7,517,2.41,3.99,0.00,0.21,9.62
2631,858,1,50,2.00,2.25,0.00,0.21,4.50
2632,859,1,38,1.79,3.99,0.00,0.21,7.14
2633,859,2,471,1.00,1.99,0.00,0.04,1.99
2634,859,3,598,1.00,23.99,0.00,0.21,23.99
2635,860,1,329,1.00,3.99,0.00,0.10,3.99
2636,860,2,405,1.00,4.75,0.00,0.21,4.75
2637,861,1,572,1.00,2.49,0.00,0.21,2.49
2638,861,2,124,3.00,3.99,0.00,0.04,11.97
2639,861,3,20,0.60,1.99,0.00,0.04,1.19
2640,861,4,226,1.00,1.99,0.00,0.10,1.99
2641,861,5,228,2.00,2.50,0.00,0.21,5.00
2642,861,6,408,2.00,4.00,0.00,0.21,8.00
2643,861,7,71,1.00,2.99,0.00,0.10,2.99
2644,861,8,512,1.00,2.49,0.00,0.04,2.49
2645,861,9,253,2.00,3.00,0.00,0.21,6.00
2646,861,10,216,1.00,2.95,0.00,0.21,2.95
2647,861,11,419,2.00,8.99,0.00,0.21,17.98
2648,861,12,427,1.00,6.95,0.00,0.21,6.95
2649,861,13,31,2.43,1.99,0.00,0.04,4.84
2650,862,1,167,1.18,19.95,0.00,0.04,23.54
2651,862,2,68,4.00,3.49,0.00,0.21,13.96
2652,862,3,148,1.00,3.00,0.00,0.10,3.00
2653,862,4,412,1.00,3.99,0.00,0.21,3.99
2654,862,5,326,1.00,4.95,0.00,0.21,4.95
2655,862,6,395,1.00,5.25,0.00,0.10,5.25
2656,862,7,100,1.00,3.00,0.00,0.21,3.00
2657,862,8,448,1.00,6.75,0.00,0.10,6.75
2658,862,9,573,1.00,2.00,0.00,0.10,2.00
2659,862,10,414,3.00,4.00,0.00,0.10,12.00
2660,862,11,443,1.00,0.99,0.00,0.10,0.99
2661,863,1,370,1.00,2.95,0.00,0.10,2.95
2662,864,1,218,1.00,2.95,0.00,0.10,2.95
2663,864,2,206,2.00,2.99,0.00,0.21,5.98
2664,864,3,247,1.00,3.99,0.00,0.04,3.99
2665,864,4,433,1.00,3.99,0.00,0.04,3.99
2666,865,1,350,2.00,1.99,0.00,0.10,3.98
2667,866,1,309,1.00,4.95,0.00,0.21,4.95
2668,867,1,297,1.00,10.95,0.00,0.21,10.95
2669,868,1,161,2.00,1.99,0.00,0.21,3.98
2670,868,2,569,1.00,2.95,0.00,0.21,2.95
2671,868,3,23,1.00,13.99,0.00,0.04,13.99
2672,868,4,241,2.00,5.95,0.00,0.21,11.90
2673,869,1,128,4.00,3.99,0.00,0.10,15.96
2674,869,2,232,1.00,2.50,0.00,0.21,2.50
2675,869,3,506,1.00,2.99,0.00,0.21,2.99
2676,870,1,224,1.00,2.99,0.00,0.04,2.99
2677,871,1,355,1.00,3.75,0.00,0.10,3.75
2678,872,1,379,1.00,2.95,0.00,0.10,2.95
2679,872,2,374,1.00,2.00,0.00,0.10,2.00
2680,872,3,454,4.00,1.99,0.00,0.10,7.96
2681,872,4,148,1.00,3.00,0.00,0.10,3.00
2682,873,1,298,1.00,1.50,0.00,0.10,1.50
2683,873,2,380,1.00,3.99,0.00,0.21,3.99
2684,873,3,244,2.21,11.95,0.00,0.04,26.41
2685,873,4,444,2.00,3.99,0.00,0.21,7.98
2686,874,1,579,1.00,2.49,0.00,0.10,2.49
2687,875,1,103,1.00,2.99,0.00,0.21,2.99
2688,875,2,112,3.00,3.99,0.00,0.10,11.97
2689,875,3,225,2.48,1.95,0.00,0.04,4.84
2690,876,1,136,1.00,7.95,0.00,0.21,7.95
2691,877,1,188,4.00,4.99,0.00,0.10,19.96
2692,878,1,268,1.00,1.95,0.00,0.10,1.95
2693,879,1,489,4.00,1.00,0.00,0.04,4.00
2694,880,1,250,2.00,1.49,0.00,0.21,2.98
2695,881,1,323,1.00,4.95,0.00,0.10,4.95
2696,881,2,260,1.00,1.99,0.00,0.04,1.99
2697,881,3,179,2.00,12.75,0.00,0.04,25.50
2698,881,4,150,1.00,2.00,0.00,0.21,2.00
2699,881,5,478,3.00,15.00,0.00,0.21,45.00
2700,881,6,15,1.00,7.75,0.00,0.21,7.75
2701,881,7,566,2.00,1.95,0.00,0.04,3.90
2702,881,8,243,1.00,1.49,0.00,0.21,1.49
2703,882,1,248,1.00,5.49,0.00,0.21,5.49
2704,882,2,34,1.00,2.99,0.00,0.21,2.99
2705,882,3,241,1.00,5.95,0.00,0.21,5.95
2706,883,1,141,1.00,4.50,0.00,0.10,4.50
2707,884,1,504,1.00,2.49,0.00,0.10,2.49
2708,885,1,96,1.00,1.99,0.00,0.21,1.99
2709,886,1,141,1.00,4.50,0.00,0.10,4.50
2710,886,2,267,1.42,1.95,0.00,0.04,2.77
2711,886,3,373,1.00,8.95,0.00,0.21,8.95
2712,886,4,281,1.00,2.00,0.00,0.21,2.00
2713,887,1,76,1.00,1.99,0.00,0.04,1.99
2714,887,2,393,1.63,5.50,0.00,0.04,8.96
2715,887,3,130,1.00,4.95,0.00,0.21,4.95
2716,887,4,587,2.00,3.99,0.00,0.21,7.98
2717,888,1,425,1.00,3.99,0.00,0.21,3.99
2718,889,1,193,2.00,1.99,0.00,0.10,3.98
2719,890,1,418,2.00,10.99,0.00,0.21,21.98
2720,891,1,150,1.00,2.00,0.00,0.21,2.00
2721,891,2,28,1.00,6.99,0.00,0.21,6.99
2722,891,3,280,2.00,1.75,0.00,0.10,3.50
2723,891,4,573,4.00,2.00,0.00,0.10,8.00
2724,891,5,357,1.00,1.95,0.00,0.10,1.95
2725,892,1,308,4.00,9.99,0.00,0.21,39.96
2726,893,1,550,2.00,3.95,0.00,0.04,7.90
2727,894,1,246,1.00,4.50,0.00,0.10,4.50
2728,894,2,316,2.00,3.75,0.00,0.21,7.50
2729,895,1,501,2.00,0.99,0.00,0.04,1.98
2730,895,2,138,1.00,1.75,0.00,0.10,1.75
2731,895,3,85,2.00,7.99,0.00,0.21,15.98
2732,895,4,256,1.00,21.50,0.00,0.21,21.50
2733,895,5,467,1.20,3.25,0.00,0.21,3.90
2734,895,6,398,0.90,3.99,0.00,0.21,3.59
2735,896,1,267,0.76,1.95,0.00,0.04,1.48
2736,897,1,570,1.00,1.99,0.00,0.10,1.99
2737,897,2,37,2.00,5.99,0.00,0.21,11.98
2738,897,3,170,2.00,7.99,5.00,0.21,15.18
2739,898,1,34,1.00,2.99,0.00,0.21,2.99
2740,899,1,78,1.00,9.99,0.00,0.21,9.99
2741,899,2,334,1.00,1.50,0.00,0.10,1.50
2742,899,3,177,2.00,3.95,0.00,0.21,7.90
2743,900,1,421,2.00,10.49,0.00,0.04,20.98
2744,900,2,472,1.00,0.99,0.00,0.10,0.99
2745,900,3,259,1.00,2.95,0.00,0.04,2.95
2746,900,4,577,1.00,2.50,0.00,0.21,2.50
2747,901,1,499,1.00,1.99,0.00,0.10,1.99
2748,901,2,443,1.00,0.99,0.00,0.10,0.99
2749,902,1,256,3.00,21.50,0.00,0.21,64.50
2750,903,1,39,1.00,5.99,0.00,0.21,5.99
2751,903,2,390,1.66,4.99,0.00,0.04,8.28
2752,903,3,174,1.00,4.49,0.00,0.21,4.49
2753,903,4,10,1.00,2.99,0.00,0.10,2.99
2754,903,5,5,0.51,0.99,0.00,0.10,0.50
2755,904,1,388,2.50,1.99,0.00,0.10,4.98
2756,904,2,589,2.27,11.99,0.00,0.04,27.22
2757,905,1,312,2.00,10.99,0.00,0.04,21.98
2758,905,2,228,1.00,2.50,0.00,0.21,2.50
2759,905,3,307,1.00,5.25,0.00,0.10,5.25
2760,906,1,300,1.00,2.99,0.00,0.21,2.99
2761,907,1,545,1.00,5.95,0.00,0.21,5.95
2762,908,1,106,1.00,3.49,0.00,0.21,3.49
2763,909,1,527,1.00,2.99,0.00,0.21,2.99
2764,909,2,195,1.00,5.99,0.00,0.21,5.99
2765,910,1,178,2.00,5.99,0.00,0.10,11.98
2766,911,1,527,1.00,2.99,0.00,0.21,2.99
2767,912,1,496,1.00,3.50,0.00,0.10,3.50
2768,912,2,544,1.00,3.99,0.00,0.21,3.99
2769,912,3,431,1.00,2.49,0.00,0.21,2.49
2770,912,4,434,2.00,3.50,0.00,0.04,7.00
2771,912,5,366,2.00,4.75,0.00,0.04,9.50
2772,912,6,432,2.39,10.75,0.00,0.04,25.69
2773,912,7,212,2.00,17.99,0.00,0.04,35.98
2774,912,8,493,1.00,9.99,0.00,0.21,9.99
2775,912,9,253,1.00,3.00,0.00,0.21,3.00
2776,913,1,183,1.00,0.95,0.00,0.04,0.95
2777,913,2,516,0.97,1.99,0.00,0.04,1.93
2778,914,1,540,4.00,8.99,0.00,0.21,35.96
2779,914,2,186,1.00,4.25,0.00,0.21,4.25
2780,914,3,92,1.00,2.25,0.00,0.21,2.25
2781,914,4,549,2.00,6.99,0.00,0.21,13.98
2782,914,5,188,6.00,4.99,0.00,0.10,29.94
2783,915,1,401,1.00,3.75,0.00,0.10,3.75
2784,915,2,508,2.00,10.99,0.00,0.21,21.98
2785,916,1,578,2.00,1.99,0.00,0.10,3.98
2786,917,1,586,1.00,6.00,0.00,0.21,6.00
2787,917,2,472,1.00,0.99,0.00,0.10,0.99
2788,917,3,112,4.00,3.99,0.00,0.10,15.96
2789,917,4,266,1.00,11.49,0.00,0.10,11.49
2790,917,5,6,1.00,6.99,0.00,0.21,6.99
2791,918,1,237,1.00,14.95,0.00,0.04,14.95
2792,919,1,137,1.00,1.49,0.00,0.10,1.49
2793,919,2,166,1.00,8.25,0.00,0.21,8.25
2794,920,1,522,1.00,5.99,0.00,0.21,5.99
2795,920,2,480,3.00,22.50,0.00,0.21,67.50
2796,921,1,573,2.00,2.00,0.00,0.10,4.00
2797,921,2,125,0.21,2.00,0.00,0.10,0.42
2798,922,1,178,3.00,5.99,0.00,0.10,17.97
2799,922,2,41,1.00,4.75,0.00,0.10,4.75
2800,922,3,374,1.00,2.00,0.00,0.10,2.00
2801,922,4,256,1.00,21.50,0.00,0.21,21.50
2802,922,5,24,1.00,7.50,0.00,0.21,7.50
2803,922,6,476,2.00,6.99,0.00,0.21,13.98
2804,922,7,309,3.00,4.95,0.00,0.21,14.85
2805,922,8,180,2.00,0.99,0.00,0.10,1.98
2806,922,9,35,1.00,3.99,0.00,0.21,3.99
2807,922,10,88,2.00,5.99,0.00,0.10,11.98
2808,923,1,575,1.00,8.99,0.00,0.21,8.99
2809,923,2,243,2.00,1.49,0.00,0.21,2.98
2810,923,3,600,1.00,2.00,0.00,0.21,2.00
2811,923,4,150,1.00,2.00,0.00,0.21,2.00
2812,923,5,301,1.00,11.25,0.00,0.10,11.25
2813,923,6,274,1.00,7.99,0.00,0.21,7.99
2814,924,1,251,1.00,3.95,0.00,0.21,3.95
2815,924,2,414,2.00,4.00,0.00,0.10,8.00
2816,925,1,225,1.50,1.95,0.00,0.04,2.92
2817,925,2,427,3.00,6.95,0.00,0.21,20.85
2818,925,3,59,1.00,1.99,0.00,0.10,1.99
2819,925,4,103,1.00,2.99,0.00,0.21,2.99
2820,925,5,573,2.00,2.00,0.00,0.10,4.00
2821,925,6,349,1.00,2.99,0.00,0.21,2.99
2822,925,7,456,1.00,8.99,0.00,0.21,8.99
2823,926,1,95,2.00,1.99,0.00,0.10,3.98
2824,926,2,88,2.00,5.99,0.00,0.10,11.98
2825,926,3,303,0.76,2.25,0.00,0.10,1.71
2826,927,1,207,1.00,1.49,0.00,0.21,1.49
2827,928,1,278,1.00,3.25,0.00,0.21,3.25
2828,928,2,209,3.00,6.75,0.00,0.21,20.25
2829,928,3,77,1.00,1.00,0.00,0.10,1.00
2830,929,1,291,3.00,0.99,0.00,0.21,2.97
2831,930,1,470,1.00,6.25,0.00,0.21,6.25
2832,930,2,4,1.00,1.49,0.00,0.21,1.49
2833,930,3,350,1.00,1.99,0.00,0.10,1.99
2834,930,4,530,2.00,11.95,0.00,0.04,23.90
2835,931,1,11,1.00,4.95,0.00,0.21,4.95
2836,932,1,551,4.00,3.50,0.00,0.21,14.00
2837,932,2,488,2.00,2.49,0.00,0.21,4.98
2838,933,1,215,1.00,8.95,0.00,0.21,8.95
2839,934,1,338,2.00,3.99,0.00,0.21,7.98
2840,934,2,142,0.96,4.49,0.00,0.04,4.31
2841,934,3,100,2.00,3.00,0.00,0.21,6.00
2842,934,4,256,1.00,21.50,0.00,0.21,21.50
2843,934,5,231,1.00,4.99,0.00,0.04,4.99
2844,935,1,221,2.11,5.95,0.00,0.04,12.55
2845,936,1,345,1.00,7.50,0.00,0.21,7.50
2846,937,1,342,1.00,2.95,0.00,0.21,2.95
2847,937,2,292,1.00,3.49,0.00,0.21,3.49
2848,937,3,248,1.00,5.49,0.00,0.21,5.49
2849,938,1,585,1.27,1.95,0.00,0.21,2.48
2850,938,2,294,1.00,1.99,0.00,0.04,1.99
2851,938,3,85,1.00,7.99,0.00,0.21,7.99
2852,938,4,441,2.00,6.95,0.00,0.21,13.90
2853,939,1,356,1.00,12.25,0.00,0.21,12.25
2854,940,1,552,1.00,2.50,0.00,0.04,2.50
2855,940,2,416,2.00,2.99,0.00,0.21,5.98
2856,940,3,275,3.00,5.95,0.00,0.04,17.85
2857,940,4,387,6.00,3.95,0.00,0.21,23.70
2858,941,1,489,1.00,1.00,0.00,0.04,1.00
2859,941,2,186,1.00,4.25,0.00,0.21,4.25
2860,942,1,82,1.00,5.95,0.00,0.21,5.95
2861,942,2,195,2.00,5.99,0.00,0.21,11.98
2862,942,3,495,1.00,14.95,0.00,0.21,14.95
2863,943,1,542,1.00,9.99,0.00,0.21,9.99
2864,943,2,348,2.00,3.00,0.00,0.21,6.00
2865,943,3,358,3.00,2.95,0.00,0.21,8.85
2866,943,4,91,0.85,3.49,0.00,0.21,2.97
2867,944,1,19,1.00,8.99,0.00,0.21,8.99
2868,945,1,227,4.00,13.49,0.00,0.21,53.96
2869,945,2,82,2.00,5.95,0.00,0.21,11.90
2870,945,3,222,1.00,2.75,0.00,0.10,2.75
2871,945,4,501,4.00,0.99,0.00,0.04,3.96
2872,945,5,211,1.25,3.00,0.00,0.21,3.75
2873,945,6,512,1.00,2.49,0.00,0.04,2.49
2874,945,7,467,1.02,3.25,0.00,0.21,3.32
2875,945,8,494,1.00,10.25,0.00,0.21,10.25
2876,945,9,81,1.00,7.99,0.00,0.04,7.99
2877,945,10,93,1.94,13.99,0.00,0.04,27.14
2878,945,11,251,1.00,3.95,0.00,0.21,3.95
2879,945,12,111,1.00,6.99,0.00,0.10,6.99
2880,945,13,40,1.00,3.99,0.00,0.21,3.99
2881,946,1,211,2.22,3.00,0.00,0.21,6.66
2882,947,1,218,1.00,2.95,0.00,0.10,2.95
2883,948,1,486,1.00,1.75,0.00,0.04,1.75
2884,949,1,335,1.00,2.50,0.00,0.21,2.50
2885,949,2,126,0.53,2.50,0.00,0.21,1.32
2886,949,3,590,2.00,11.49,0.00,0.10,22.98
2887,949,4,301,1.00,11.25,0.00,0.10,11.25
2888,949,5,530,6.00,11.95,0.00,0.04,71.70
2889,949,6,410,2.00,2.99,0.00,0.21,5.98
2890,950,1,297,1.00,10.95,0.00,0.21,10.95
2891,950,2,179,1.00,12.75,0.00,0.04,12.75
2892,950,3,376,1.00,5.99,0.00,0.10,5.99
2893,951,1,21,2.00,2.49,0.00,0.21,4.98
2894,952,1,282,1.00,1.75,0.00,0.10,1.75
2895,952,2,470,1.00,6.25,0.00,0.21,6.25
2896,952,3,348,1.00,3.00,0.00,0.21,3.00
2897,953,1,538,2.00,2.00,0.00,0.21,4.00
2898,954,1,102,3.00,3.00,0.00,0.04,9.00
2899,954,2,74,3.00,3.99,0.00,0.21,11.97
2900,955,1,487,1.71,10.49,0.00,0.04,17.94
2901,955,2,131,2.00,10.99,0.00,0.21,21.98
2902,955,3,481,1.31,1.99,0.00,0.04,2.61
2903,955,4,198,1.00,2.49,0.00,0.10,2.49
2904,956,1,550,6.00,3.95,0.00,0.04,23.70
2905,956,2,35,4.00,3.99,0.00,0.21,15.96
2906,956,3,530,1.00,11.95,0.00,0.04,11.95
2907,956,4,364,2.00,5.00,0.00,0.04,10.00
2908,957,1,165,1.00,3.99,0.00,0.04,3.99
2909,958,1,590,1.00,11.49,0.00,0.10,11.49
2910,958,2,505,2.00,3.95,0.00,0.21,7.90
2911,958,3,66,0.31,0.99,0.00,0.10,0.31
2912,958,4,56,1.00,1.95,0.00,0.10,1.95
2913,958,5,549,1.00,6.99,0.00,0.21,6.99
2914,959,1,367,1.00,7.49,0.00,0.10,7.49
2915,959,2,405,1.00,4.75,0.00,0.21,4.75
2916,959,3,43,1.00,1.95,0.00,0.10,1.95
2917,959,4,381,1.46,4.00,0.00,0.04,5.84
2918,959,5,567,1.00,1.49,0.00,0.10,1.49
2919,960,1,577,2.00,2.50,0.00,0.21,5.00
2920,960,2,68,6.00,3.49,0.00,0.21,20.94
2921,961,1,31,1.40,1.99,0.00,0.04,2.79
2922,962,1,164,1.00,5.99,0.00,0.21,5.99
2923,962,2,482,1.00,4.50,0.00,0.04,4.50
2924,962,3,334,6.00,1.50,0.00,0.10,9.00
2925,962,4,70,1.00,3.50,0.00,0.21,3.50
2926,962,5,547,2.00,5.95,0.00,0.04,11.90
2927,962,6,199,1.00,3.75,0.00,0.21,3.75
2928,962,7,593,1.00,4.25,0.00,0.21,4.25
2929,962,8,558,1.00,2.49,0.00,0.10,2.49
2930,963,1,360,1.00,2.49,0.00,0.21,2.49
2931,963,2,249,1.00,3.99,0.00,0.21,3.99
2932,964,1,234,3.00,4.00,0.00,0.10,12.00
2933,964,2,246,1.00,4.50,0.00,0.10,4.50
2934,965,1,550,1.00,3.95,0.00,0.04,3.95
2935,965,2,201,1.00,2.99,0.00,0.04,2.99
2936,966,1,592,2.00,1.50,0.00,0.04,3.00
2937,966,2,597,1.00,3.75,0.00,0.21,3.75
2938,966,3,43,1.00,1.95,0.00,0.10,1.95
2939,966,4,305,2.00,3.99,0.00,0.10,7.98
2940,966,5,41,1.00,4.75,0.00,0.10,4.75
2941,966,6,52,1.00,2.95,0.00,0.04,2.95
2942,966,7,424,1.00,1.95,0.00,0.10,1.95
2943,966,8,59,2.00,1.99,0.00,0.10,3.98
2944,967,1,383,1.00,5.99,0.00,0.21,5.99
2945,968,1,436,1.00,4.99,0.00,0.04,4.99
2946,969,1,435,1.00,2.99,0.00,0.21,2.99
2947,970,1,155,1.00,2.99,0.00,0.21,2.99
2948,970,2,452,2.00,7.95,0.00,0.10,15.90
2949,970,3,304,2.00,4.95,0.00,0.21,9.90
2950,971,1,494,1.00,10.25,0.00,0.21,10.25
2951,972,1,575,1.00,8.99,0.00,0.21,8.99
2952,973,1,2,1.00,1.49,0.00,0.21,1.49
2953,973,2,571,1.00,11.99,0.00,0.21,11.99
2954,973,3,300,1.00,2.99,0.00,0.21,2.99
2955,974,1,262,2.00,12.99,0.00,0.04,25.98
2956,974,2,470,1.00,6.25,0.00,0.21,6.25
2957,975,1,360,4.00,2.49,0.00,0.21,9.96
2958,975,2,241,2.00,5.95,0.00,0.21,11.90
2959,975,3,101,2.00,2.99,0.00,0.04,5.98
2960,975,4,400,4.00,2.99,0.00,0.21,11.96
2961,976,1,177,1.00,3.95,0.00,0.21,3.95
2962,976,2,240,1.00,1.95,0.00,0.10,1.95
2963,976,3,593,1.00,4.25,0.00,0.21,4.25
2964,976,4,492,1.00,3.00,0.00,0.21,3.00
2965,976,5,110,2.00,1.99,0.00,0.21,3.98
2966,976,6,363,1.00,4.50,0.00,0.21,4.50
2967,977,1,363,1.00,4.50,0.00,0.21,4.50
2968,978,1,471,1.00,1.99,0.00,0.04,1.99
2969,978,2,18,1.00,4.49,0.00,0.21,4.49
2970,978,3,325,1.00,1.50,0.00,0.21,1.50
2971,979,1,387,1.00,3.95,0.00,0.21,3.95
2972,979,2,535,1.00,4.50,0.00,0.10,4.50
2973,979,3,326,1.00,4.95,0.00,0.21,4.95
2974,979,4,292,6.00,3.49,0.00,0.21,20.94
2975,980,1,187,2.00,2.99,0.00,0.10,5.98
2976,981,1,256,4.00,21.50,0.00,0.21,86.00
2977,982,1,518,1.00,2.95,0.00,0.04,2.95
2978,982,2,226,1.00,1.99,0.00,0.10,1.99
2979,982,3,337,2.00,2.99,0.00,0.10,5.98
2980,982,4,276,2.00,4.50,0.00,0.04,9.00
2981,983,1,23,3.00,13.99,0.00,0.04,41.97
2982,983,2,145,0.85,2.75,0.00,0.21,2.34
2983,984,1,122,2.00,2.95,0.00,0.04,5.90
2984,984,2,588,2.00,5.25,0.00,0.21,10.50
2985,984,3,555,1.00,1.99,0.00,0.04,1.99
2986,985,1,143,2.30,9.95,0.00,0.04,22.88
2987,985,2,267,0.82,1.95,0.00,0.04,1.60
2988,985,3,190,3.00,3.95,0.00,0.21,11.85
2989,986,1,93,0.45,13.99,0.00,0.04,6.30
2990,986,2,260,2.00,1.99,0.00,0.04,3.98
2991,986,3,89,1.00,2.99,0.00,0.21,2.99
2992,986,4,230,1.00,7.99,0.00,0.21,7.99
2993,986,5,1,1.00,12.99,0.00,0.21,12.99
2994,987,1,595,1.00,2.49,0.00,0.10,2.49
2995,987,2,530,1.00,11.95,0.00,0.04,11.95
2996,988,1,474,1.00,2.99,0.00,0.21,2.99
2997,988,2,14,2.00,7.99,0.00,0.21,15.98
2998,989,1,126,1.05,2.50,0.00,0.21,2.62
2999,989,2,142,0.23,4.49,0.00,0.04,1.03
3000,989,3,424,1.00,1.95,0.00,0.10,1.95
3001,989,4,58,1.00,2.99,0.00,0.21,2.99
3002,989,5,9,2.00,2.99,0.00,0.21,5.98
3003,989,6,500,1.00,1.95,0.00,0.10,1.95
3004,990,1,524,1.45,2.99,0.00,0.21,4.34
3005,991,1,306,1.00,8.95,0.00,0.04,8.95
3006,991,2,481,2.36,1.99,0.00,0.04,4.70
3007,992,1,274,1.00,7.99,0.00,0.21,7.99
3008,992,2,394,1.00,7.99,0.00,0.21,7.99
3009,992,3,85,3.00,7.99,0.00,0.21,23.97
3010,992,4,315,2.00,1.99,0.00,0.10,3.98
3011,992,5,494,1.00,10.25,0.00,0.21,10.25
3012,993,1,260,1.00,1.99,0.00,0.04,1.99
3013,993,2,233,1.00,5.99,0.00,0.21,5.99
3014,994,1,593,1.00,4.25,0.00,0.21,4.25
3015,995,1,280,3.00,1.75,0.00,0.10,5.25
3016,995,2,332,2.00,1.99,0.00,0.10,3.98
3017,995,3,285,1.00,9.99,0.00,0.21,9.99
3018,995,4,181,2.00,3.50,0.00,0.10,7.00
3019,996,1,114,1.00,5.95,0.00,0.04,5.95
3020,996,2,130,1.00,4.95,0.00,0.21,4.95
3021,996,3,48,3.00,1.95,0.00,0.21,5.85
3022,997,1,103,1.00,2.99,0.00,0.21,2.99
3023,997,2,546,1.00,2.99,0.00,0.04,2.99
3024,997,3,145,0.79,2.75,0.00,0.21,2.17
3025,998,1,84,0.97,11.95,0.00,0.04,11.59
3026,998,2,85,2.00,7.99,0.00,0.21,15.98
3027,999,1,496,1.00,3.50,0.00,0.10,3.50
3028,999,2,252,1.00,3.50,0.00,0.10,3.50
3029,999,3,445,1.00,1.99,0.00,0.10,1.99
3030,999,4,338,1.00,3.99,0.00,0.21,3.99
3031,999,5,485,3.00,2.99,0.00,0.04,8.97
3032,1000,1,180,1.00,0.99,0.00,0.10,0.99
3033,1000,2,467,1.80,3.25,0.00,0.21,5.85
3034,1000,3,245,1.00,3.95,0.00,0.21,3.95
3035,1001,1,417,4.00,1.99,0.00,0.21,7.96
3036,1001,2,357,1.00,1.95,0.00,0.10,1.95
3037,1002,1,13,1.00,4.75,0.00,0.21,4.75
3038,1002,2,375,2.31,11.99,0.00,0.04,27.70
3039,1002,3,529,1.00,5.49,0.00,0.10,5.49
3040,1003,1,326,2.00,4.95,0.00,0.21,9.90
3041,1004,1,477,1.00,5.00,0.00,0.21,5.00
3042,1005,1,149,1.00,3.99,0.00,0.10,3.99
3043,1005,2,416,1.00,2.99,0.00,0.21,2.99
3044,1005,3,458,1.00,1.75,0.00,0.21,1.75
3045,1005,4,597,2.00,3.75,0.00,0.21,7.50
3046,1005,5,489,2.00,1.00,0.00,0.04,2.00
3047,1006,1,13,3.00,4.75,0.00,0.21,14.25
3048,1007,1,491,1.00,5.99,0.00,0.10,5.99
3049,1008,1,429,0.21,5.95,0.00,0.21,1.25
3050,1008,2,337,1.00,2.99,0.00,0.10,2.99
3051,1008,3,390,2.21,4.99,0.00,0.04,11.03
3052,1008,4,417,2.00,1.99,0.00,0.21,3.98
3053,1008,5,346,4.00,6.99,0.00,0.21,27.96
3054,1008,6,32,1.00,3.50,0.00,0.21,3.50
3055,1009,1,313,6.00,3.99,0.00,0.10,23.94
3056,1009,2,36,4.00,2.95,0.00,0.10,11.80
3057,1010,1,413,2.19,1.95,0.00,0.10,4.27
3058,1011,1,135,6.00,7.49,0.00,0.21,44.94
3059,1011,2,67,4.00,5.99,0.00,0.21,23.96
3060,1011,3,496,3.00,3.50,0.00,0.10,10.50
3061,1012,1,23,1.00,13.99,0.00,0.04,13.99
3062,1013,1,247,3.00,3.99,0.00,0.04,11.97
3063,1013,2,357,1.00,1.95,0.00,0.10,1.95
3064,1013,3,485,1.00,2.99,0.00,0.04,2.99
3065,1013,4,120,2.00,2.49,0.00,0.21,4.98
3066,1013,5,553,6.00,7.99,0.00,0.04,47.94
3067,1014,1,515,1.00,2.99,0.00,0.04,2.99
3068,1014,2,3,1.00,2.95,0.00,0.10,2.95
3069,1014,3,492,3.00,3.00,0.00,0.21,9.00
3070,1015,1,408,2.00,4.00,0.00,0.21,8.00
3071,1015,2,323,2.00,4.95,0.00,0.10,9.90
3072,1015,3,34,3.00,2.99,0.00,0.21,8.97
3073,1016,1,10,1.00,2.99,0.00,0.10,2.99
3074,1016,2,558,4.00,2.49,0.00,0.10,9.96
3075,1016,3,244,2.41,11.95,0.00,0.04,28.80
3076,1016,4,196,1.00,4.95,0.00,0.04,4.95
3077,1016,5,153,1.00,2.99,50.00,0.10,1.50
3078,1017,1,227,4.00,13.49,0.00,0.21,53.96
3079,1018,1,342,1.00,2.95,0.00,0.21,2.95
3080,1019,1,259,1.00,2.95,0.00,0.04,2.95
3081,1019,2,451,1.00,4.99,0.00,0.10,4.99
3082,1020,1,354,1.00,3.49,0.00,0.21,3.49
3083,1020,2,285,1.00,9.99,0.00,0.21,9.99
3084,1020,3,320,2.00,5.99,0.00,0.21,11.98
3085,1020,4,312,1.00,10.99,0.00,0.04,10.99
3086,1021,1,483,1.00,2.99,0.00,0.10,2.99
3087,1021,2,101,1.00,2.99,0.00,0.04,2.99
3088,1021,3,546,1.00,2.99,0.00,0.04,2.99
3089,1022,1,212,4.00,17.99,0.00,0.04,71.96
3090,1022,2,76,2.00,1.99,0.00,0.04,3.98
3091,1022,3,196,3.00,4.95,0.00,0.04,14.85
3092,1022,4,493,2.00,9.99,0.00,0.21,19.98
3093,1023,1,583,1.00,2.99,0.00,0.21,2.99
3094,1023,2,208,1.00,22.99,0.00,0.21,22.99
3095,1023,3,232,1.00,2.50,0.00,0.21,2.50
3096,1023,4,315,1.00,1.99,0.00,0.10,1.99
3097,1024,1,239,2.00,5.99,0.00,0.21,11.98
3098,1024,2,546,1.00,2.99,0.00,0.04,2.99
3099,1024,3,50,1.00,2.25,0.00,0.21,2.25
3100,1024,4,43,1.00,1.95,0.00,0.10,1.95
3101,1025,1,464,1.00,2.50,0.00,0.21,2.50
3102,1025,2,326,2.00,4.95,0.00,0.21,9.90
3103,1026,1,122,1.00,2.95,0.00,0.04,2.95
3104,1026,2,78,1.00,9.99,0.00,0.21,9.99
3105,1027,1,411,1.00,3.99,0.00,0.21,3.99
3106,1027,2,87,1.00,2.99,0.00,0.10,2.99
3107,1027,3,542,1.00,9.99,0.00,0.21,9.99
3108,1027,4,429,1.21,5.95,0.00,0.21,7.20
3109,1027,5,583,2.00,2.99,0.00,0.21,5.98
3110,1027,6,157,1.00,5.49,0.00,0.21,5.49
3111,1027,7,260,1.00,1.99,0.00,0.04,1.99
3112,1027,8,504,1.00,2.49,0.00,0.10,2.49
3113,1027,9,265,1.00,2.95,0.00,0.21,2.95
3114,1027,10,61,1.00,4.99,0.00,0.04,4.99
3115,1028,1,294,2.00,1.99,0.00,0.04,3.98
3116,1028,2,408,1.00,4.00,0.00,0.21,4.00
3117,1029,1,1,1.00,12.99,0.00,0.21,12.99
3118,1030,1,146,1.00,1.49,0.00,0.21,1.49
3119,1030,2,337,3.00,2.99,0.00,0.10,8.97
3120,1031,1,227,1.00,13.49,0.00,0.21,13.49
3121,1031,2,178,1.00,5.99,0.00,0.10,5.99
3122,1031,3,544,1.00,3.99,0.00,0.21,3.99
3123,1032,1,240,2.00,1.95,0.00,0.10,3.90
3124,1033,1,239,2.00,5.99,0.00,0.21,11.98
3125,1033,2,492,4.00,3.00,0.00,0.21,12.00
3126,1033,3,63,1.00,2.95,0.00,0.10,2.95
3127,1033,4,589,1.40,11.99,0.00,0.04,16.79
3128,1033,5,526,1.89,4.49,0.00,0.21,8.49
3129,1033,6,370,1.00,2.95,0.00,0.10,2.95
3130,1033,7,534,1.64,12.49,0.00,0.04,20.48
3131,1033,8,342,4.00,2.95,0.00,0.21,11.80
3132,1033,9,594,1.60,10.99,0.00,0.04,17.58
3133,1033,10,276,1.00,4.50,0.00,0.04,4.50
3134,1033,11,558,1.00,2.49,0.00,0.10,2.49
3135,1033,12,588,4.00,5.25,0.00,0.21,21.00
3136,1033,13,339,0.22,1.95,0.00,0.10,0.43
3137,1033,14,153,1.00,2.99,50.00,0.10,1.50
3138,1033,15,598,1.00,23.99,0.00,0.21,23.99
3139,1033,16,354,2.00,3.49,0.00,0.21,6.98
3140,1033,17,75,1.00,2.49,0.00,0.21,2.49
3141,1034,1,337,2.00,2.99,0.00,0.10,5.98
3142,1034,2,487,0.61,10.49,0.00,0.04,6.40
3143,1034,3,120,1.00,2.49,0.00,0.21,2.49
3144,1034,4,44,4.00,3.99,0.00,0.21,15.96
3145,1034,5,486,1.00,1.75,0.00,0.04,1.75
3146,1034,6,284,1.00,21.50,0.00,0.21,21.50
3147,1034,7,113,1.00,2.99,0.00,0.04,2.99
3148,1035,1,122,1.00,2.95,0.00,0.04,2.95
3149,1035,2,111,1.00,6.99,0.00,0.10,6.99
3150,1036,1,200,1.00,12.75,0.00,0.21,12.75
3151,1036,2,408,2.00,4.00,0.00,0.21,8.00
3152,1037,1,362,2.00,3.25,0.00,0.21,6.50
3153,1037,2,43,1.00,1.95,0.00,0.10,1.95
3154,1037,3,253,1.00,3.00,0.00,0.21,3.00
3155,1037,4,441,1.00,6.95,0.00,0.21,6.95
3156,1038,1,104,3.00,2.99,0.00,0.04,8.97
3157,1038,2,263,1.00,2.49,0.00,0.04,2.49
3158,1038,3,98,2.00,1.49,0.00,0.21,2.98
3159,1038,4,364,6.00,5.00,0.00,0.04,30.00
3160,1038,5,410,1.00,2.99,0.00,0.21,2.99
3161,1038,6,397,1.00,3.99,0.00,0.21,3.99
3162,1038,7,257,1.00,4.00,0.00,0.21,4.00
3163,1038,8,335,2.00,2.50,0.00,0.21,5.00
3164,1039,1,448,1.00,6.75,0.00,0.10,6.75
3165,1040,1,425,1.00,3.99,0.00,0.21,3.99
3166,1040,2,518,1.00,2.95,0.00,0.04,2.95
3167,1041,1,326,2.00,4.95,0.00,0.21,9.90
3168,1042,1,494,1.00,10.25,0.00,0.21,10.25
3169,1043,1,89,1.00,2.99,0.00,0.21,2.99
3170,1043,2,61,1.00,4.99,0.00,0.04,4.99
3171,1044,1,252,4.00,3.50,0.00,0.10,14.00
3172,1044,2,411,1.00,3.99,0.00,0.21,3.99
3173,1044,3,182,6.00,2.75,0.00,0.04,16.50
3174,1045,1,68,1.00,3.49,0.00,0.21,3.49
3175,1046,1,531,0.57,1.99,0.00,0.10,1.13
3176,1047,1,38,1.87,3.99,0.00,0.21,7.46
3177,1047,2,565,1.00,22.99,0.00,0.21,22.99
3178,1047,3,339,1.54,1.95,0.00,0.10,3.00
3179,1047,4,567,1.00,1.49,0.00,0.10,1.49
3180,1047,5,203,1.00,2.75,0.00,0.10,2.75
3181,1047,6,495,1.00,14.95,0.00,0.21,14.95
3182,1047,7,578,1.00,1.99,0.00,0.10,1.99
3183,1048,1,393,1.49,5.50,0.00,0.04,8.20
3184,1049,1,236,1.00,2.99,0.00,0.21,2.99
3185,1050,1,150,2.00,2.00,0.00,0.21,4.00
3186,1051,1,336,3.00,0.99,0.00,0.10,2.97
3187,1051,2,205,1.00,4.99,0.00,0.21,4.99
3188,1051,3,149,1.00,3.99,0.00,0.10,3.99
3189,1051,4,394,2.00,7.99,0.00,0.21,15.98
3190,1051,5,236,1.00,2.99,0.00,0.21,2.99
3191,1051,6,571,4.00,11.99,0.00,0.21,47.96
3192,1051,7,165,3.00,3.99,0.00,0.04,11.97
3193,1052,1,163,2.00,3.25,0.00,0.21,6.50
3194,1052,2,297,1.00,10.95,0.00,0.21,10.95
3195,1052,3,67,1.00,5.99,0.00,0.21,5.99
3196,1052,4,53,1.00,2.99,0.00,0.10,2.99
3197,1053,1,420,0.96,13.99,0.00,0.04,13.43
3198,1053,2,355,1.00,3.75,0.00,0.10,3.75
3199,1053,3,40,1.00,3.99,0.00,0.21,3.99
3200,1054,1,126,1.65,2.50,0.00,0.21,4.12
3201,1055,1,216,1.00,2.95,0.00,0.21,2.95
3202,1055,2,524,1.44,2.99,0.00,0.21,4.31
3203,1055,3,226,1.00,1.99,0.00,0.10,1.99
3204,1055,4,497,1.00,1.99,0.00,0.10,1.99
3205,1056,1,492,1.00,3.00,0.00,0.21,3.00
3206,1056,2,111,1.00,6.99,0.00,0.10,6.99
3207,1056,3,360,1.00,2.49,0.00,0.21,2.49
3208,1056,4,450,2.00,3.99,0.00,0.21,7.98
3209,1056,5,259,2.00,2.95,0.00,0.04,5.90
3210,1056,6,193,3.00,1.99,0.00,0.10,5.97
3211,1057,1,488,1.00,2.49,0.00,0.21,2.49
3212,1057,2,471,1.00,1.99,0.00,0.04,1.99
3213,1057,3,288,1.00,2.00,0.00,0.21,2.00
3214,1057,4,358,1.00,2.95,0.00,0.21,2.95
3215,1057,5,529,3.00,5.49,0.00,0.10,16.47
3216,1057,6,106,1.00,3.49,0.00,0.21,3.49
3217,1057,7,196,3.00,4.95,0.00,0.04,14.85
3218,1057,8,242,1.00,22.99,0.00,0.21,22.99
3219,1057,9,39,1.00,5.99,0.00,0.21,5.99
3220,1057,10,439,2.00,3.75,0.00,0.21,7.50
3221,1058,1,520,1.00,2.99,0.00,0.10,2.99
3222,1059,1,211,2.27,3.00,0.00,0.21,6.81
3223,1059,2,22,1.00,8.49,0.00,0.21,8.49
3224,1060,1,309,1.00,4.95,0.00,0.21,4.95
3225,1060,2,534,2.36,12.49,0.00,0.04,29.48
3226,1060,3,47,6.00,5.99,0.00,0.10,35.94
3227,1060,4,142,1.49,4.49,0.00,0.04,6.69
3228,1061,1,89,1.00,2.99,0.00,0.21,2.99
3229,1062,1,400,1.00,2.99,0.00,0.21,2.99
3230,1063,1,77,2.00,1.00,0.00,0.10,2.00
3231,1063,2,224,1.00,2.99,0.00,0.04,2.99
3232,1063,3,555,3.00,1.99,0.00,0.04,5.97
3233,1063,4,529,1.00,5.49,0.00,0.10,5.49
3234,1064,1,455,1.00,1.99,0.00,0.10,1.99
3235,1064,2,377,2.00,2.99,0.00,0.21,5.98
3236,1065,1,187,1.00,2.99,0.00,0.10,2.99
3237,1065,2,13,1.00,4.75,0.00,0.21,4.75
3238,1065,3,449,3.00,3.25,0.00,0.21,9.75
3239,1066,1,338,1.00,3.99,0.00,0.21,3.99
3240,1067,1,471,1.00,1.99,0.00,0.04,1.99
3241,1068,1,18,1.00,4.49,0.00,0.21,4.49
3242,1069,1,56,1.00,1.95,0.00,0.10,1.95
3243,1069,2,439,2.00,3.75,0.00,0.21,7.50
3244,1069,3,199,1.00,3.75,0.00,0.21,3.75
3245,1070,1,324,2.00,2.95,0.00,0.04,5.90
3246,1070,2,519,1.00,2.95,0.00,0.10,2.95
3247,1070,3,315,1.00,1.99,0.00,0.10,1.99
3248,1070,4,207,3.00,1.49,0.00,0.21,4.47
3249,1070,5,163,1.00,3.25,0.00,0.21,3.25
3250,1070,6,17,1.00,2.49,0.00,0.10,2.49
3251,1071,1,527,1.00,2.99,0.00,0.21,2.99
3252,1072,1,201,1.00,2.99,0.00,0.04,2.99
3253,1072,2,359,1.00,3.99,0.00,0.04,3.99
3254,1073,1,563,2.00,7.95,0.00,0.21,15.90
3255,1074,1,282,3.00,1.75,0.00,0.10,5.25
3256,1075,1,49,2.00,3.99,0.00,0.21,7.98
3257,1075,2,38,0.48,3.99,0.00,0.21,1.92
3258,1075,3,47,2.00,5.99,0.00,0.10,11.98
3259,1075,4,329,1.00,3.99,0.00,0.10,3.99
3260,1075,5,202,2.00,4.50,0.00,0.21,9.00
3261,1075,6,59,1.00,1.99,0.00,0.10,1.99
3262,1075,7,6,1.00,6.99,0.00,0.21,6.99
3263,1075,8,455,1.00,1.99,0.00,0.10,1.99
3264,1076,1,413,1.49,1.95,0.00,0.10,2.91
3265,1077,1,508,2.00,10.99,0.00,0.21,21.98
3266,1077,2,574,1.00,10.00,0.00,0.21,10.00
3267,1077,3,132,1.00,2.95,0.00,0.21,2.95
3268,1077,4,524,0.28,2.99,0.00,0.21,0.84
3269,1077,5,193,1.00,1.99,0.00,0.10,1.99
3270,1078,1,363,2.00,4.50,0.00,0.21,9.00
3271,1078,2,443,1.00,0.99,0.00,0.10,0.99
3272,1079,1,167,1.67,19.95,0.00,0.04,33.32
3273,1079,2,308,1.00,9.99,0.00,0.21,9.99
3274,1080,1,145,0.90,2.75,0.00,0.21,2.48
3275,1081,1,483,2.00,2.99,0.00,0.10,5.98
3276,1082,1,538,1.00,2.00,0.00,0.21,2.00
3277,1083,1,13,1.00,4.75,0.00,0.21,4.75
3278,1083,2,318,1.00,2.49,0.00,0.21,2.49
3279,1083,3,509,1.00,2.99,0.00,0.04,2.99
3280,1084,1,80,3.00,2.95,0.00,0.10,8.85
3281,1084,2,27,2.00,13.95,0.00,0.04,27.90
3282,1084,3,212,1.00,17.99,0.00,0.04,17.99
3283,1084,4,562,3.00,3.95,0.00,0.21,11.85
3284,1084,5,249,2.00,3.99,0.00,0.21,7.98
3285,1085,1,441,1.00,6.95,15.00,0.21,5.91
3286,1085,2,326,1.00,4.95,0.00,0.21,4.95
3287,1086,1,232,1.00,2.50,0.00,0.21,2.50
3288,1087,1,71,1.00,2.99,0.00,0.10,2.99
3289,1087,2,87,1.00,2.99,0.00,0.10,2.99
3290,1087,3,84,1.21,11.95,0.00,0.04,14.46
3291,1087,4,343,2.00,4.49,0.00,0.21,8.98
3292,1087,5,200,2.00,12.75,0.00,0.21,25.50
3293,1087,6,191,1.00,3.50,0.00,0.21,3.50
3294,1087,7,28,1.00,6.99,0.00,0.21,6.99
3295,1087,8,522,1.00,5.99,0.00,0.21,5.99
3296,1087,9,453,1.00,4.49,0.00,0.21,4.49
3297,1087,10,5,0.80,0.99,0.00,0.10,0.79
3298,1087,11,488,2.00,2.49,0.00,0.21,4.98
3299,1087,12,129,1.00,2.99,0.00,0.10,2.99
3300,1087,13,451,1.00,4.99,0.00,0.10,4.99
3301,1087,14,548,1.00,3.49,0.00,0.21,3.49
3302,1088,1,442,1.93,3.00,0.00,0.21,5.79
3303,1089,1,531,1.59,1.99,0.00,0.10,3.16
3304,1089,2,147,2.00,0.99,0.00,0.10,1.98
3305,1089,3,95,3.00,1.99,0.00,0.10,5.97
3306,1089,4,31,2.37,1.99,0.00,0.04,4.72
3307,1090,1,328,1.00,2.99,0.00,0.04,2.99
3308,1091,1,22,1.00,8.49,0.00,0.21,8.49
3309,1092,1,211,0.59,3.00,0.00,0.21,1.77
3310,1092,2,154,2.10,3.49,0.00,0.21,7.33
3311,1092,3,166,1.00,8.25,0.00,0.21,8.25
3312,1092,4,348,1.00,3.00,0.00,0.21,3.00
3313,1092,5,591,2.00,2.49,0.00,0.21,4.98
3314,1092,6,48,2.00,1.95,0.00,0.21,3.90
3315,1092,7,137,2.00,1.49,0.00,0.10,2.98
3316,1092,8,456,1.00,8.99,0.00,0.21,8.99
3317,1093,1,281,1.00,2.00,0.00,0.21,2.00
3318,1093,2,164,2.00,5.99,0.00,0.21,11.98
3319,1093,3,526,1.93,4.49,0.00,0.21,8.67
3320,1094,1,145,0.95,2.75,0.00,0.21,2.61
3321,1094,2,490,1.00,4.99,0.00,0.21,4.99
3322,1095,1,303,0.48,2.25,0.00,0.10,1.08
3323,1096,1,54,2.00,5.50,0.00,0.21,11.00
3324,1096,2,377,2.00,2.99,0.00,0.21,5.98
3325,1096,3,582,1.00,22.99,0.00,0.21,22.99
3326,1096,4,424,2.00,1.95,0.00,0.10,3.90
3327,1097,1,492,1.00,3.00,0.00,0.21,3.00
3328,1097,2,524,1.13,2.99,0.00,0.21,3.38
3329,1097,3,311,1.00,3.49,0.00,0.10,3.49
3330,1097,4,413,1.74,1.95,0.00,0.10,3.39
3331,1097,5,247,1.00,3.99,0.00,0.04,3.99
3332,1097,6,67,1.00,5.99,0.00,0.21,5.99
3333,1097,7,86,1.00,3.99,0.00,0.10,3.99
3334,1098,1,564,2.00,16.95,0.00,0.04,33.90
3335,1099,1,474,2.00,2.99,0.00,0.21,5.98
3336,1100,1,170,3.00,7.99,0.00,0.21,23.97
3337,1100,2,219,1.00,3.75,0.00,0.21,3.75
3338,1100,3,36,4.00,2.95,0.00,0.10,11.80
3339,1101,1,155,1.00,2.99,0.00,0.21,2.99
3340,1101,2,26,1.00,1.99,0.00,0.21,1.99
3341,1102,1,422,2.00,11.75,0.00,0.21,23.50
3342,1103,1,484,2.00,1.99,0.00,0.04,3.98
3343,1103,2,233,1.00,5.99,0.00,0.21,5.99
3344,1103,3,68,3.00,3.49,0.00,0.21,10.47
3345,1103,4,454,1.00,1.99,0.00,0.10,1.99
3346,1103,5,310,1.00,1.99,0.00,0.21,1.99
3347,1103,6,86,2.00,3.99,0.00,0.10,7.98
3348,1104,1,529,3.00,5.49,0.00,0.10,16.47
3349,1104,2,220,0.82,3.00,0.00,0.21,2.46
3350,1104,3,555,4.00,1.99,0.00,0.04,7.96
3351,1104,4,318,1.00,2.49,0.00,0.21,2.49
3352,1105,1,462,1.00,2.49,0.00,0.10,2.49
3353,1105,2,101,1.00,2.99,0.00,0.04,2.99
3354,1105,3,396,1.00,0.99,0.00,0.21,0.99
3355,1106,1,89,1.00,2.99,0.00,0.21,2.99
3356,1107,1,180,2.00,0.99,0.00,0.10,1.98
3357,1107,2,149,1.00,3.99,0.00,0.10,3.99
3358,1108,1,505,1.00,3.95,0.00,0.21,3.95
3359,1109,1,244,0.67,11.95,0.00,0.04,8.01
3360,1109,2,449,3.00,3.25,0.00,0.21,9.75
3361,1109,3,197,2.09,5.95,0.00,0.21,12.44
3362,1109,4,324,1.00,2.95,0.00,0.04,2.95
3363,1109,5,145,0.36,2.75,0.00,0.21,0.99
3364,1109,6,513,1.00,0.99,0.00,0.04,0.99
3365,1109,7,561,0.94,4.00,0.00,0.21,3.76
3366,1109,8,546,4.00,2.99,0.00,0.04,11.96
3367,1109,9,196,1.00,4.95,0.00,0.04,4.95
3368,1110,1,1,2.00,12.99,0.00,0.21,25.98
3369,1110,2,451,1.00,4.99,0.00,0.10,4.99
3370,1110,3,148,1.00,3.00,0.00,0.10,3.00
3371,1111,1,496,1.00,3.50,0.00,0.10,3.50
3372,1112,1,463,1.00,4.25,0.00,0.04,4.25
3373,1113,1,239,6.00,5.99,0.00,0.21,35.94
3374,1113,2,600,2.00,2.00,0.00,0.21,4.00
3375,1113,3,570,3.00,1.99,0.00,0.10,5.97
3376,1113,4,527,2.00,2.99,0.00,0.21,5.98
3377,1113,5,298,2.00,1.50,0.00,0.10,3.00
3378,1113,6,129,1.00,2.99,0.00,0.10,2.99
3379,1113,7,196,3.00,4.95,0.00,0.04,14.85
3380,1114,1,269,1.00,6.99,0.00,0.10,6.99
3381,1115,1,100,1.00,3.00,0.00,0.21,3.00
3382,1115,2,448,3.00,6.75,0.00,0.10,20.25
3383,1116,1,181,1.00,3.50,0.00,0.10,3.50
3384,1116,2,564,1.00,16.95,0.00,0.04,16.95
3385,1116,3,422,1.00,11.75,0.00,0.21,11.75
3386,1117,1,37,1.00,5.99,0.00,0.21,5.99
3387,1117,2,192,1.00,14.99,0.00,0.04,14.99
3388,1117,3,398,1.84,3.99,0.00,0.21,7.34
3389,1118,1,488,1.00,2.49,0.00,0.21,2.49
3390,1118,2,202,1.00,4.50,0.00,0.21,4.50
3391,1118,3,196,2.00,4.95,0.00,0.04,9.90
3392,1118,4,380,1.00,3.99,0.00,0.21,3.99
3393,1119,1,271,2.08,1.99,0.00,0.04,4.14
3394,1120,1,170,1.00,7.99,0.00,0.21,7.99
3395,1120,2,95,2.00,1.99,0.00,0.10,3.98
3396,1120,3,382,2.00,3.95,0.00,0.21,7.90
3397,1120,4,73,0.53,0.99,0.00,0.10,0.52
3398,1120,5,523,1.00,3.49,0.00,0.10,3.49
3399,1120,6,222,1.00,2.75,0.00,0.10,2.75
3400,1120,7,84,0.33,11.95,0.00,0.04,3.94
3401,1120,8,433,1.00,3.99,0.00,0.04,3.99
3402,1120,9,283,6.00,1.95,0.00,0.10,11.70
3403,1120,10,111,1.00,6.99,0.00,0.10,6.99
3404,1120,11,325,1.00,1.50,0.00,0.21,1.50
3405,1121,1,510,1.00,3.99,0.00,0.21,3.99
3406,1122,1,280,2.00,1.75,0.00,0.10,3.50
3407,1123,1,249,1.00,3.99,0.00,0.21,3.99
3408,1124,1,349,1.00,2.99,0.00,0.21,2.99
3409,1124,2,223,6.00,2.99,0.00,0.21,17.94
3410,1124,3,67,1.00,5.99,0.00,0.21,5.99
3411,1125,1,287,1.86,1.99,0.00,0.10,3.70
3412,1126,1,270,1.00,1.99,0.00,0.10,1.99
3413,1126,2,504,4.00,2.49,0.00,0.10,9.96
3414,1126,3,290,1.00,4.95,0.00,0.21,4.95
3415,1126,4,48,1.00,1.95,0.00,0.21,1.95
3416,1126,5,199,2.00,3.75,0.00,0.21,7.50
3417,1127,1,420,2.45,13.99,0.00,0.04,34.28
3418,1127,2,535,3.00,4.50,0.00,0.10,13.50
3419,1128,1,359,2.00,3.99,0.00,0.04,7.98
3420,1128,2,119,1.00,6.99,0.00,0.21,6.99
3421,1128,3,308,1.00,9.99,0.00,0.21,9.99
3422,1129,1,595,2.00,2.49,0.00,0.10,4.98
3423,1129,2,374,1.00,2.00,0.00,0.10,2.00
3424,1129,3,31,1.16,1.99,0.00,0.04,2.31
3425,1129,4,245,3.00,3.95,0.00,0.21,11.85
3426,1130,1,198,2.00,2.49,0.00,0.10,4.98
3427,1131,1,540,2.00,8.99,0.00,0.21,17.98
3428,1132,1,274,1.00,7.99,0.00,0.21,7.99
3429,1132,2,130,2.00,4.95,0.00,0.21,9.90
3430,1132,3,290,1.00,4.95,0.00,0.21,4.95
3431,1132,4,54,1.00,5.50,0.00,0.21,5.50
3432,1132,5,356,1.00,12.25,0.00,0.21,12.25
3433,1132,6,196,1.00,4.95,0.00,0.04,4.95
3434,1132,7,325,1.00,1.50,0.00,0.21,1.50
3435,1133,1,379,1.00,2.95,0.00,0.10,2.95
3436,1133,2,432,1.74,10.75,0.00,0.04,18.70
3437,1133,3,529,2.00,5.49,0.00,0.10,10.98
3438,1133,4,321,1.00,2.99,0.00,0.10,2.99
3439,1133,5,263,1.00,2.49,0.00,0.04,2.49
3440,1134,1,132,2.00,2.95,0.00,0.21,5.90
3441,1134,2,536,2.00,3.25,0.00,0.21,6.50
3442,1134,3,439,2.00,3.75,0.00,0.21,7.50
3443,1134,4,276,1.00,4.50,0.00,0.04,4.50
3444,1134,5,278,2.00,3.25,0.00,0.21,6.50
3445,1134,6,113,1.00,2.99,0.00,0.04,2.99
3446,1134,7,165,1.00,3.99,0.00,0.04,3.99
3447,1134,8,416,1.00,2.99,0.00,0.21,2.99
3448,1134,9,240,1.00,1.95,0.00,0.10,1.95
3449,1134,10,55,1.00,5.49,0.00,0.04,5.49
3450,1135,1,326,1.00,4.95,0.00,0.21,4.95
3451,1135,2,215,3.00,8.95,0.00,0.21,26.85
3452,1135,3,478,4.00,15.00,0.00,0.21,60.00
3453,1135,4,492,3.00,3.00,0.00,0.21,9.00
3454,1135,5,399,1.00,1.99,0.00,0.10,1.99
3455,1135,6,260,3.00,1.99,0.00,0.04,5.97
3456,1136,1,238,1.00,2.49,0.00,0.21,2.49
3457,1136,2,206,2.00,2.99,0.00,0.21,5.98
3458,1136,3,299,1.00,5.99,0.00,0.04,5.99
3459,1136,4,27,2.00,13.95,0.00,0.04,27.90
3460,1136,5,556,1.00,2.95,0.00,0.10,2.95
3461,1137,1,520,1.00,2.99,0.00,0.10,2.99
3462,1137,2,168,1.00,10.95,0.00,0.21,10.95
3463,1138,1,6,2.00,6.99,0.00,0.21,13.98
3464,1138,2,172,6.00,14.50,0.00,0.21,87.00
3465,1138,3,331,1.00,1.99,0.00,0.04,1.99
3466,1138,4,355,2.00,3.75,0.00,0.10,7.50
3467,1138,5,360,1.00,2.49,0.00,0.21,2.49
3468,1139,1,362,1.00,3.25,0.00,0.21,3.25
3469,1140,1,120,1.00,2.49,0.00,0.21,2.49
3470,1140,2,346,1.00,6.99,0.00,0.21,6.99
3471,1140,3,4,1.00,1.49,0.00,0.21,1.49
3472,1140,4,509,2.00,2.99,0.00,0.04,5.98
3473,1141,1,166,2.00,8.25,0.00,0.21,16.50
3474,1141,2,416,1.00,2.99,0.00,0.21,2.99
3475,1141,3,498,1.00,2.99,0.00,0.21,2.99
3476,1141,4,450,6.00,3.99,0.00,0.21,23.94
3477,1142,1,318,1.00,2.49,0.00,0.21,2.49
3478,1142,2,73,0.46,0.99,0.00,0.10,0.46
3479,1142,3,348,2.00,3.00,0.00,0.21,6.00
3480,1142,4,224,1.00,2.99,0.00,0.04,2.99
3481,1142,5,101,3.00,2.99,0.00,0.04,8.97
3482,1142,6,370,3.00,2.95,0.00,0.10,8.85
3483,1143,1,252,1.00,3.50,0.00,0.10,3.50
3484,1143,2,11,1.00,4.95,0.00,0.21,4.95
3485,1143,3,58,1.00,2.99,0.00,0.21,2.99
3486,1144,1,589,2.17,11.99,0.00,0.04,26.02
3487,1144,2,345,1.00,7.50,0.00,0.21,7.50
3488,1144,3,307,1.00,5.25,0.00,0.10,5.25
3489,1145,1,73,2.13,0.99,0.00,0.10,2.11
3490,1145,2,103,1.00,2.99,0.00,0.21,2.99
3491,1145,3,311,1.00,3.49,0.00,0.10,3.49
3492,1146,1,197,0.94,5.95,0.00,0.21,5.59
3493,1146,2,336,3.00,0.99,0.00,0.10,2.97
3494,1146,3,235,2.00,2.49,0.00,0.04,4.98
3495,1147,1,344,2.00,11.99,0.00,0.10,23.98
3496,1147,2,1,1.00,12.99,0.00,0.21,12.99
3497,1147,3,261,1.00,2.50,0.00,0.10,2.50
3498,1147,4,217,1.00,4.99,0.00,0.21,4.99
3499,1147,5,372,1.00,3.95,0.00,0.21,3.95
3500,1147,6,244,0.97,11.95,0.00,0.04,11.59
3501,1147,7,224,2.00,2.99,0.00,0.04,5.98
3502,1147,8,266,1.00,11.49,0.00,0.10,11.49
3503,1147,9,470,3.00,6.25,0.00,0.21,18.75
3504,1147,10,200,1.00,12.75,0.00,0.21,12.75
3505,1147,11,546,1.00,2.99,0.00,0.04,2.99
3506,1147,12,497,1.00,1.99,0.00,0.10,1.99
3507,1148,1,1,1.00,12.99,0.00,0.21,12.99
3508,1148,2,422,1.00,11.75,0.00,0.21,11.75
3509,1149,1,150,1.00,2.00,0.00,0.21,2.00
3510,1149,2,547,2.00,5.95,0.00,0.04,11.90
3511,1150,1,153,4.00,2.99,0.00,0.10,11.96
3512,1150,2,35,1.00,3.99,0.00,0.21,3.99
3513,1150,3,20,0.74,1.99,0.00,0.04,1.47
3514,1151,1,263,1.00,2.49,0.00,0.04,2.49
3515,1151,2,275,1.00,5.95,0.00,0.04,5.95
3516,1152,1,303,1.71,2.25,0.00,0.10,3.85
3517,1152,2,90,1.00,6.49,0.00,0.21,6.49
3518,1152,3,22,1.00,8.49,0.00,0.21,8.49
3519,1152,4,48,1.00,1.95,0.00,0.21,1.95
3520,1152,5,37,4.00,5.99,0.00,0.21,23.96
3521,1152,6,570,1.00,1.99,0.00,0.10,1.99
3522,1152,7,223,1.00,2.99,0.00,0.21,2.99
3523,1152,8,238,2.00,2.49,0.00,0.21,4.98
3524,1152,9,129,2.00,2.99,0.00,0.10,5.98
3525,1152,10,141,3.00,4.50,0.00,0.10,13.50
3526,1152,11,372,1.00,3.95,0.00,0.21,3.95
3527,1152,12,41,1.00,4.75,0.00,0.10,4.75
3528,1152,13,110,1.00,1.99,0.00,0.21,1.99
3529,1152,14,348,1.00,3.00,0.00,0.21,3.00
3530,1152,15,531,1.04,1.99,0.00,0.10,2.07
3531,1152,16,27,1.00,13.95,0.00,0.04,13.95
3532,1152,17,345,6.00,7.50,0.00,0.21,45.00
3533,1152,18,205,3.00,4.99,0.00,0.21,14.97
3534,1153,1,488,1.00,2.49,0.00,0.21,2.49
3535,1153,2,495,1.00,14.95,0.00,0.21,14.95
3536,1153,3,93,0.75,13.99,0.00,0.04,10.49
3537,1154,1,437,2.00,4.50,0.00,0.21,9.00
3538,1155,1,464,2.00,2.50,0.00,0.21,5.00
3539,1155,2,107,1.00,5.99,0.00,0.21,5.99
3540,1155,3,261,2.00,2.50,0.00,0.10,5.00
3541,1156,1,68,3.00,3.49,0.00,0.21,10.47
3542,1157,1,413,1.87,1.95,0.00,0.10,3.65
3543,1157,2,337,2.00,2.99,0.00,0.10,5.98
3544,1157,3,152,1.00,2.49,0.00,0.10,2.49
3545,1157,4,146,2.00,1.49,0.00,0.21,2.98
3546,1157,5,301,1.00,11.25,0.00,0.10,11.25
3547,1158,1,525,1.00,2.99,0.00,0.04,2.99
3548,1158,2,230,2.00,7.99,0.00,0.21,15.98
3549,1158,3,257,1.00,4.00,0.00,0.21,4.00
3550,1158,4,358,1.00,2.95,0.00,0.21,2.95
3551,1158,5,215,1.00,8.95,0.00,0.21,8.95
3552,1158,6,125,1.61,2.00,0.00,0.10,3.22
3553,1158,7,181,1.00,3.50,0.00,0.10,3.50
3554,1159,1,142,0.59,4.49,0.00,0.04,2.65
3555,1159,2,307,1.00,5.25,0.00,0.10,5.25
3556,1159,3,456,2.00,8.99,0.00,0.21,17.98
3557,1160,1,422,1.00,11.75,0.00,0.21,11.75
3558,1161,1,50,1.00,2.25,0.00,0.21,2.25
3559,1162,1,347,0.77,5.99,0.00,0.04,4.61
3560,1162,2,126,0.74,2.50,0.00,0.21,1.85
3561,1163,1,166,2.00,8.25,0.00,0.21,16.50
3562,1163,2,335,2.00,2.50,0.00,0.21,5.00
3563,1163,3,65,1.00,10.49,0.00,0.04,10.49
3564,1164,1,388,1.89,1.99,0.00,0.10,3.76
3565,1165,1,55,1.00,5.49,0.00,0.04,5.49
3566,1165,2,384,1.00,4.99,0.00,0.21,4.99
3567,1165,3,496,2.00,3.50,0.00,0.10,7.00
3568,1166,1,378,1.00,0.99,0.00,0.21,0.99
3569,1166,2,198,1.00,2.49,0.00,0.10,2.49
3570,1166,3,147,1.00,0.99,0.00,0.10,0.99
3571,1166,4,29,6.00,3.50,0.00,0.21,21.00
3572,1166,5,116,1.59,6.49,0.00,0.04,10.32
3573,1166,6,367,1.00,7.49,0.00,0.10,7.49
3574,1166,7,238,6.00,2.49,0.00,0.21,14.94
3575,1166,8,183,1.00,0.95,0.00,0.04,0.95
3576,1167,1,388,1.95,1.99,0.00,0.10,3.88
3577,1167,2,279,2.00,7.99,0.00,0.21,15.98
3578,1168,1,352,4.00,2.50,0.00,0.10,10.00
3579,1169,1,219,1.00,3.75,0.00,0.21,3.75
3580,1170,1,354,1.00,3.49,0.00,0.21,3.49
3581,1171,1,451,1.00,4.99,0.00,0.10,4.99
3582,1171,2,542,1.00,9.99,0.00,0.21,9.99
3583,1171,3,381,1.35,4.00,0.00,0.04,5.40
3584,1171,4,134,3.00,3.49,0.00,0.10,10.47
3585,1171,5,204,1.00,8.49,0.00,0.21,8.49
3586,1171,6,182,1.00,2.75,0.00,0.04,2.75
3587,1171,7,446,3.00,1.25,0.00,0.04,3.75
3588,1171,8,404,1.00,4.99,0.00,0.10,4.99
3589,1171,9,26,1.00,1.99,0.00,0.21,1.99
3590,1172,1,401,1.00,3.75,0.00,0.10,3.75
3591,1172,2,294,1.00,1.99,0.00,0.04,1.99
3592,1172,3,409,1.00,3.99,0.00,0.21,3.99
3593,1172,4,248,1.00,5.49,0.00,0.21,5.49
3594,1173,1,188,3.00,4.99,0.00,0.10,14.97
3595,1174,1,217,3.00,4.99,0.00,0.21,14.97
3596,1174,2,418,1.00,10.99,0.00,0.21,10.99
3597,1175,1,580,1.00,6.50,0.00,0.10,6.50
3598,1176,1,242,1.00,22.99,0.00,0.21,22.99
3599,1176,2,366,4.00,4.75,0.00,0.04,19.00
3600,1176,3,19,1.00,8.99,0.00,0.21,8.99
3601,1176,4,594,1.03,10.99,0.00,0.04,11.32
3602,1177,1,497,2.00,1.99,0.00,0.10,3.98
3603,1177,2,367,1.00,7.49,0.00,0.10,7.49
3604,1177,3,31,0.25,1.99,0.00,0.04,0.50
3605,1177,4,433,2.00,3.99,0.00,0.04,7.98
3606,1177,5,542,1.00,9.99,0.00,0.21,9.99
3607,1178,1,33,1.00,3.99,0.00,0.21,3.99
3608,1178,2,365,1.00,17.99,0.00,0.21,17.99
3609,1178,3,348,2.00,3.00,0.00,0.21,6.00
3610,1179,1,369,1.00,7.99,0.00,0.10,7.99
3611,1179,2,532,1.00,2.95,0.00,0.21,2.95
3612,1180,1,310,1.00,1.99,0.00,0.21,1.99
3613,1180,2,418,4.00,10.99,0.00,0.21,43.96
3614,1181,1,150,1.00,2.00,0.00,0.21,2.00
3615,1181,2,396,1.00,0.99,0.00,0.21,0.99
3616,1181,3,230,2.00,7.99,0.00,0.21,15.98
3617,1181,4,253,2.00,3.00,0.00,0.21,6.00
3618,1181,5,87,1.00,2.99,0.00,0.10,2.99
3619,1181,6,183,1.00,0.95,0.00,0.04,0.95
3620,1181,7,104,1.00,2.99,0.00,0.04,2.99
3621,1181,8,484,1.00,1.99,0.00,0.04,1.99
3622,1181,9,237,2.00,14.95,0.00,0.04,29.90
3623,1181,10,243,2.00,1.49,0.00,0.21,2.98
3624,1181,11,474,1.00,2.99,0.00,0.21,2.99
3625,1181,12,381,0.20,4.00,0.00,0.04,0.80
3626,1181,13,312,6.00,10.99,0.00,0.04,65.94
3627,1181,14,549,1.00,6.99,0.00,0.21,6.99
3628,1181,15,171,1.00,1.49,0.00,0.10,1.49
3629,1182,1,278,2.00,3.25,0.00,0.21,6.50
3630,1182,2,7,1.00,2.50,0.00,0.21,2.50
3631,1182,3,188,1.00,4.99,0.00,0.10,4.99
3632,1182,4,214,3.00,4.25,0.00,0.21,12.75
3633,1182,5,54,1.00,5.50,0.00,0.21,5.50
3634,1182,6,345,1.00,7.50,0.00,0.21,7.50
3635,1182,7,367,1.00,7.49,0.00,0.10,7.49
3636,1182,8,360,1.00,2.49,0.00,0.21,2.49
3637,1182,9,359,1.00,3.99,0.00,0.04,3.99
3638,1183,1,589,0.27,11.99,0.00,0.04,3.24
3639,1184,1,345,1.00,7.50,0.00,0.21,7.50
3640,1185,1,434,1.00,3.50,0.00,0.04,3.50
3641,1185,2,9,1.00,2.99,0.00,0.21,2.99
3642,1185,3,489,1.00,1.00,0.00,0.04,1.00
3643,1186,1,121,1.00,2.75,0.00,0.04,2.75
3644,1186,2,51,1.00,3.99,0.00,0.21,3.99
3645,1187,1,4,1.00,1.49,0.00,0.21,1.49
3646,1188,1,280,1.00,1.75,0.00,0.10,1.75
3647,1188,2,565,1.00,22.99,0.00,0.21,22.99
3648,1188,3,451,2.00,4.99,0.00,0.10,9.98
3649,1188,4,545,1.00,5.95,0.00,0.21,5.95
3650,1188,5,506,4.00,2.99,0.00,0.21,11.96
3651,1188,6,166,2.00,8.25,0.00,0.21,16.50
3652,1188,7,544,1.00,3.99,0.00,0.21,3.99
3653,1188,8,386,1.00,9.95,0.00,0.21,9.95
3654,1188,9,507,1.00,8.95,0.00,0.21,8.95
3655,1188,10,130,6.00,4.95,0.00,0.21,29.70
3656,1189,1,300,4.00,2.99,0.00,0.21,11.96
3657,1189,2,478,1.00,15.00,0.00,0.21,15.00
3658,1190,1,54,1.00,5.50,0.00,0.21,5.50
3659,1190,2,425,1.00,3.99,0.00,0.21,3.99
3660,1190,3,401,1.00,3.75,0.00,0.10,3.75
3661,1190,4,532,2.00,2.95,0.00,0.21,5.90
3662,1191,1,309,2.00,4.95,0.00,0.21,9.90
3663,1192,1,296,1.00,5.49,0.00,0.21,5.49
3664,1192,2,290,1.00,4.95,0.00,0.21,4.95
3665,1193,1,233,1.00,5.99,0.00,0.21,5.99
3666,1194,1,60,1.00,1.99,0.00,0.21,1.99
3667,1194,2,151,3.00,1.95,0.00,0.04,5.85
3668,1195,1,513,2.00,0.99,0.00,0.04,1.98
3669,1196,1,210,2.00,4.99,0.00,0.21,9.98
3670,1197,1,432,1.19,10.75,0.00,0.04,12.79
3671,1197,2,358,1.00,2.95,0.00,0.21,2.95
3672,1197,3,397,1.00,3.99,30.00,0.21,2.79
3673,1198,1,119,1.00,6.99,0.00,0.21,6.99
3674,1198,2,400,1.00,2.99,0.00,0.21,2.99
3675,1199,1,582,1.00,22.99,0.00,0.21,22.99
3676,1200,1,588,1.00,5.25,0.00,0.21,5.25
3677,1200,2,204,4.00,8.49,0.00,0.21,33.96
3678,1200,3,387,1.00,3.95,0.00,0.21,3.95
3679,1200,4,391,1.00,2.99,0.00,0.04,2.99
3680,1200,5,78,2.00,9.99,0.00,0.21,19.98
3681,1200,6,88,2.00,5.99,0.00,0.10,11.98
3682,1201,1,503,2.00,3.99,0.00,0.10,7.98
3683,1202,1,398,1.28,3.99,0.00,0.21,5.11
3684,1203,1,206,1.00,2.99,0.00,0.21,2.99
3685,1203,2,533,2.00,6.75,0.00,0.21,13.50
3686,1204,1,442,1.92,3.00,0.00,0.21,5.76
3687,1204,2,561,0.54,4.00,0.00,0.21,2.16
3688,1205,1,319,1.00,2.50,0.00,0.10,2.50
3689,1205,2,25,1.00,2.49,0.00,0.21,2.49
3690,1206,1,194,1.00,2.95,0.00,0.10,2.95
3691,1206,2,439,2.00,3.75,0.00,0.21,7.50
3692,1206,3,276,1.00,4.50,0.00,0.04,4.50
3693,1207,1,458,2.00,1.75,0.00,0.21,3.50
3694,1208,1,151,3.00,1.95,0.00,0.04,5.85
3695,1208,2,419,1.00,8.99,0.00,0.21,8.99
3696,1208,3,402,1.00,2.99,0.00,0.21,2.99
3697,1208,4,490,1.00,4.99,0.00,0.21,4.99
3698,1208,5,142,1.82,4.49,0.00,0.04,8.17
3699,1208,6,140,2.00,2.99,0.00,0.21,5.98
3700,1208,7,524,1.49,2.99,0.00,0.21,4.46
3701,1209,1,183,2.00,0.95,0.00,0.04,1.90
3702,1210,1,41,1.00,4.75,0.00,0.10,4.75
3703,1211,1,115,1.00,6.99,0.00,0.21,6.99
3704,1211,2,358,1.00,2.95,0.00,0.21,2.95
3705,1211,3,443,1.00,0.99,0.00,0.10,0.99
3706,1211,4,161,1.00,1.99,0.00,0.21,1.99
3707,1212,1,247,2.00,3.99,0.00,0.04,7.98
3708,1212,2,389,0.78,11.95,0.00,0.04,9.32
3709,1212,3,185,1.00,2.99,0.00,0.10,2.99
3710,1212,4,208,1.00,22.99,0.00,0.21,22.99
3711,1212,5,65,1.00,10.49,0.00,0.04,10.49
3712,1212,6,118,1.00,5.99,0.00,0.21,5.99
3713,1212,7,144,1.00,2.95,0.00,0.21,2.95
3714,1213,1,66,1.96,0.99,0.00,0.10,1.94
3715,1213,2,429,1.23,5.95,0.00,0.21,7.32
3716,1214,1,76,1.00,1.99,0.00,0.04,1.99
3717,1214,2,287,2.48,1.99,0.00,0.10,4.94
3718,1214,3,408,1.00,4.00,0.00,0.21,4.00
3719,1214,4,245,1.00,3.95,0.00,0.21,3.95
3720,1215,1,319,6.00,2.50,0.00,0.10,15.00
3721,1216,1,463,1.00,4.25,0.00,0.04,4.25
3722,1216,2,221,1.51,5.95,0.00,0.04,8.98
3723,1216,3,391,1.00,2.99,0.00,0.04,2.99
3724,1216,4,336,3.00,0.99,0.00,0.10,2.97
3725,1216,5,520,1.00,2.99,0.00,0.10,2.99
3726,1216,6,38,0.23,3.99,0.00,0.21,0.92
3727,1216,7,318,2.00,2.49,0.00,0.21,4.98
3728,1216,8,466,1.00,2.95,0.00,0.21,2.95
3729,1216,9,195,1.00,5.99,0.00,0.21,5.99
3730,1217,1,247,1.00,3.99,0.00,0.04,3.99
3731,1218,1,492,2.00,3.00,0.00,0.21,6.00
3732,1219,1,483,2.00,2.99,0.00,0.10,5.98
3733,1220,1,274,1.00,7.99,0.00,0.21,7.99
3734,1221,1,327,1.00,1.49,0.00,0.10,1.49
3735,1221,2,295,2.00,1.99,0.00,0.21,3.98
3736,1221,3,228,2.00,2.50,0.00,0.21,5.00
3737,1221,4,385,1.00,2.75,0.00,0.21,2.75
3738,1222,1,318,1.00,2.49,0.00,0.21,2.49
3739,1222,2,37,1.00,5.99,0.00,0.21,5.99
3740,1223,1,51,1.00,3.99,0.00,0.21,3.99
3741,1224,1,581,1.00,7.99,0.00,0.10,7.99
3742,1224,2,3,1.00,2.95,0.00,0.10,2.95
3743,1224,3,433,1.00,3.99,0.00,0.04,3.99
3744,1224,4,457,1.00,10.99,0.00,0.10,10.99
3745,1224,5,509,1.00,2.99,0.00,0.04,2.99
3746,1225,1,571,3.00,11.99,0.00,0.21,35.97
3747,1225,2,363,1.00,4.50,0.00,0.21,4.50
3748,1225,3,258,1.00,5.99,0.00,0.21,5.99
3749,1225,4,330,1.00,11.75,0.00,0.04,11.75
3750,1225,5,244,2.26,11.95,0.00,0.04,27.01
3751,1226,1,447,2.00,2.95,0.00,0.04,5.90
3752,1226,2,532,1.00,2.95,0.00,0.21,2.95
3753,1226,3,594,1.89,10.99,0.00,0.04,20.77
3754,1227,1,577,1.00,2.50,0.00,0.21,2.50
3755,1227,2,539,2.00,4.50,0.00,0.21,9.00
3756,1228,1,339,1.80,1.95,0.00,0.10,3.51
3757,1228,2,229,1.00,2.75,0.00,0.10,2.75
3758,1229,1,159,1.00,24.99,0.00,0.21,24.99
3759,1229,2,477,1.00,5.00,0.00,0.21,5.00
3760,1229,3,64,4.00,4.99,0.00,0.21,19.96
3761,1229,4,462,1.00,2.49,0.00,0.10,2.49
3762,1230,1,84,1.82,11.95,0.00,0.04,21.75
3763,1230,2,136,2.00,7.95,0.00,0.21,15.90
3764,1230,3,24,1.00,7.50,0.00,0.21,7.50
3765,1230,4,262,2.00,12.99,0.00,0.04,25.98
3766,1231,1,9,2.00,2.99,0.00,0.21,5.98
3767,1231,2,176,1.00,1.49,0.00,0.10,1.49
3768,1231,3,141,3.00,4.50,0.00,0.10,13.50
3769,1231,4,23,1.00,13.99,0.00,0.04,13.99
3770,1231,5,215,3.00,8.95,0.00,0.21,26.85
3771,1231,6,224,1.00,2.99,0.00,0.04,2.99
3772,1231,7,362,1.00,3.25,0.00,0.21,3.25
3773,1231,8,355,3.00,3.75,0.00,0.10,11.25
3774,1231,9,444,1.00,3.99,0.00,0.21,3.99
3775,1231,10,210,2.00,4.99,0.00,0.21,9.98
3776,1231,11,102,2.00,3.00,0.00,0.04,6.00
3777,1231,12,159,1.00,24.99,0.00,0.21,24.99
3778,1231,13,557,1.00,4.99,0.00,0.10,4.99
3779,1231,14,358,1.00,2.95,0.00,0.21,2.95
3780,1231,15,500,1.00,1.95,0.00,0.10,1.95
3781,1231,16,265,3.00,2.95,0.00,0.21,8.85
3782,1231,17,144,1.00,2.95,0.00,0.21,2.95
3783,1231,18,299,1.00,5.99,0.00,0.04,5.99
3784,1231,19,502,1.00,9.00,0.00,0.10,9.00
3785,1231,20,228,1.00,2.50,0.00,0.21,2.50
3786,1231,21,24,2.00,7.50,0.00,0.21,15.00
3787,1231,22,399,1.00,1.99,0.00,0.10,1.99
3788,1231,23,125,1.37,2.00,0.00,0.10,2.74
3789,1231,24,87,1.00,2.99,0.00,0.10,2.99
3790,1231,25,569,2.00,2.95,0.00,0.21,5.90
3791,1231,26,277,1.00,4.99,0.00,0.10,4.99
3792,1231,27,535,1.00,4.50,0.00,0.10,4.50
3793,1231,28,35,1.00,3.99,0.00,0.21,3.99
3794,1231,29,198,1.00,2.49,0.00,0.10,2.49
3795,1231,30,552,2.00,2.50,0.00,0.04,5.00
3796,1231,31,516,1.98,1.99,0.00,0.04,3.94
3797,1231,32,517,1.03,3.99,0.00,0.21,4.11
3798,1231,33,104,1.00,2.99,0.00,0.04,2.99
3799,1231,34,41,2.00,4.75,0.00,0.10,9.50
3800,1231,35,83,1.00,4.99,0.00,0.21,4.99
3801,1232,1,380,6.00,3.99,0.00,0.21,23.94
3802,1232,2,287,0.39,1.99,0.00,0.10,0.78
3803,1233,1,268,1.00,1.95,0.00,0.10,1.95
3804,1233,2,68,1.00,3.49,0.00,0.21,3.49
3805,1233,3,99,1.00,15.75,0.00,0.21,15.75
3806,1233,4,251,2.00,3.95,0.00,0.21,7.90
3807,1234,1,261,1.00,2.50,0.00,0.10,2.50
3808,1234,2,108,2.00,3.95,0.00,0.21,7.90
3809,1235,1,469,1.00,4.50,0.00,0.21,4.50
3810,1235,2,151,1.00,1.95,0.00,0.04,1.95
3811,1235,3,148,2.00,3.00,0.00,0.10,6.00
3812,1235,4,481,2.12,1.99,0.00,0.04,4.22
3813,1235,5,59,2.00,1.99,0.00,0.10,3.98
3814,1236,1,312,1.00,10.99,0.00,0.04,10.99
3815,1237,1,284,1.00,21.50,0.00,0.21,21.50
3816,1237,2,57,1.00,18.00,0.00,0.21,18.00
3817,1238,1,347,2.48,5.99,0.00,0.04,14.86
3818,1238,2,154,0.51,3.49,0.00,0.21,1.78
3819,1239,1,29,2.00,3.50,0.00,0.21,7.00
3820,1240,1,324,1.00,2.95,0.00,0.04,2.95
3821,1240,2,58,1.00,2.99,0.00,0.21,2.99
3822,1240,3,175,2.00,2.95,0.00,0.21,5.90
3823,1241,1,555,1.00,1.99,0.00,0.04,1.99
3824,1242,1,80,1.00,2.95,0.00,0.10,2.95
3825,1243,1,280,1.00,1.75,0.00,0.10,1.75
3826,1244,1,77,1.00,1.00,0.00,0.10,1.00
3827,1245,1,460,2.00,7.99,0.00,0.21,15.98
3828,1246,1,301,1.00,11.25,0.00,0.10,11.25
3829,1247,1,74,1.00,3.99,0.00,0.21,3.99
3830,1247,2,445,1.00,1.99,0.00,0.10,1.99
3831,1247,3,458,3.00,1.75,0.00,0.21,5.25
3832,1248,1,376,2.00,5.99,0.00,0.10,11.98
3833,1249,1,566,1.00,1.95,0.00,0.04,1.95
3834,1249,2,463,2.00,4.25,0.00,0.04,8.50
3835,1249,3,449,1.00,3.25,0.00,0.21,3.25
3836,1249,4,537,1.00,5.95,0.00,0.21,5.95
3837,1250,1,240,1.00,1.95,0.00,0.10,1.95
3838,1250,2,572,2.00,2.49,0.00,0.21,4.98
3839,1250,3,208,1.00,22.99,0.00,0.21,22.99
3840,1250,4,555,1.00,1.99,0.00,0.04,1.99
3841,1250,5,273,2.21,4.99,0.00,0.21,11.03
3842,1250,6,376,2.00,5.99,0.00,0.10,11.98
3843,1250,7,79,2.00,1.49,0.00,0.10,2.98
3844,1250,8,593,1.00,4.25,0.00,0.21,4.25
3845,1250,9,567,1.00,1.49,0.00,0.10,1.49
3846,1250,10,111,1.00,6.99,0.00,0.10,6.99
3847,1250,11,140,1.00,2.99,0.00,0.21,2.99
3848,1250,12,437,1.00,4.50,0.00,0.21,4.50
3849,1250,13,382,1.00,3.95,0.00,0.21,3.95
3850,1250,14,239,1.00,5.99,0.00,0.21,5.99
3851,1250,15,353,2.00,1.99,0.00,0.10,3.98
3852,1250,16,510,2.00,3.99,0.00,0.21,7.98
3853,1250,17,549,3.00,6.99,0.00,0.21,20.97
3854,1250,18,5,2.14,0.99,0.00,0.10,2.12
3855,1251,1,128,1.00,3.99,0.00,0.10,3.99
3856,1251,2,488,1.00,2.49,0.00,0.21,2.49
3857,1251,3,579,3.00,2.49,0.00,0.10,7.47
3858,1251,4,424,1.00,1.95,0.00,0.10,1.95
3859,1251,5,241,3.00,5.95,0.00,0.21,17.85
3860,1251,6,533,1.00,6.75,0.00,0.21,6.75
3861,1251,7,426,1.00,1.99,0.00,0.10,1.99
3862,1251,8,125,2.22,2.00,0.00,0.10,4.44
3863,1251,9,327,2.00,1.49,0.00,0.10,2.98
3864,1251,10,324,1.00,2.95,0.00,0.04,2.95
3865,1251,11,587,1.00,3.99,0.00,0.21,3.99
3866,1251,12,552,1.00,2.50,0.00,0.04,2.50
3867,1251,13,333,1.00,8.95,0.00,0.21,8.95
3868,1251,14,349,2.00,2.99,0.00,0.21,5.98
3869,1252,1,380,1.00,3.99,0.00,0.21,3.99
3870,1252,2,523,1.00,3.49,0.00,0.10,3.49
3871,1252,3,262,1.00,12.99,0.00,0.04,12.99
3872,1253,1,287,1.82,1.99,0.00,0.10,3.62
3873,1253,2,384,1.00,4.99,0.00,0.21,4.99
3874,1253,3,513,3.00,0.99,0.00,0.04,2.97
3875,1253,4,245,1.00,3.95,0.00,0.21,3.95
3876,1253,5,535,1.00,4.50,0.00,0.10,4.50
3877,1253,6,227,1.00,13.49,0.00,0.21,13.49
3878,1253,7,339,2.07,1.95,0.00,0.10,4.04
3879,1254,1,300,1.00,2.99,0.00,0.21,2.99
3880,1255,1,480,1.00,22.50,0.00,0.21,22.50
3881,1256,1,278,1.00,3.25,0.00,0.21,3.25
3882,1257,1,587,1.00,3.99,0.00,0.21,3.99
3883,1258,1,191,1.00,3.50,0.00,0.21,3.50
3884,1258,2,183,1.00,0.95,0.00,0.04,0.95
3885,1258,3,79,1.00,1.49,0.00,0.10,1.49
3886,1258,4,366,1.00,4.75,0.00,0.04,4.75
3887,1259,1,148,1.00,3.00,0.00,0.10,3.00
3888,1259,2,124,1.00,3.99,0.00,0.04,3.99
3889,1260,1,419,1.00,8.99,0.00,0.21,8.99
3890,1260,2,278,6.00,3.25,0.00,0.21,19.50
3891,1260,3,217,1.00,4.99,0.00,0.21,4.99
3892,1260,4,492,1.00,3.00,0.00,0.21,3.00
3893,1260,5,421,1.00,10.49,0.00,0.04,10.49
3894,1261,1,273,2.15,4.99,0.00,0.21,10.73
3895,1261,2,516,0.56,1.99,0.00,0.04,1.11
3896,1261,3,152,1.00,2.49,0.00,0.10,2.49
3897,1261,4,317,1.00,4.50,0.00,0.21,4.50
3898,1261,5,191,1.00,3.50,0.00,0.21,3.50
3899,1261,6,18,1.00,4.49,0.00,0.21,4.49
3900,1262,1,40,2.00,3.99,0.00,0.21,7.98
3901,1263,1,94,1.00,2.99,0.00,0.21,2.99
3902,1263,2,534,1.23,12.49,0.00,0.04,15.36
3903,1263,3,243,1.00,1.49,0.00,0.21,1.49
3904,1263,4,178,1.00,5.99,0.00,0.10,5.99
3905,1263,5,587,1.00,3.99,0.00,0.21,3.99
3906,1263,6,332,1.00,1.99,0.00,0.10,1.99
3907,1263,7,187,1.00,2.99,0.00,0.10,2.99
3908,1263,8,553,2.00,7.99,0.00,0.04,15.98
3909,1263,9,40,1.00,3.99,0.00,0.21,3.99
3910,1263,10,86,3.00,3.99,0.00,0.10,11.97
3911,1264,1,110,1.00,1.99,0.00,0.21,1.99
3912,1264,2,405,1.00,4.75,0.00,0.21,4.75
3913,1264,3,460,1.00,7.99,0.00,0.21,7.99
3914,1265,1,583,1.00,2.99,0.00,0.21,2.99
3915,1266,1,256,1.00,21.50,0.00,0.21,21.50
3916,1266,2,251,1.00,3.95,0.00,0.21,3.95
3917,1266,3,528,1.00,2.99,0.00,0.10,2.99
3918,1266,4,75,1.00,2.49,0.00,0.21,2.49
3919,1266,5,505,1.00,3.95,0.00,0.21,3.95
3920,1266,6,572,1.00,2.49,0.00,0.21,2.49
3921,1266,7,427,1.00,6.95,0.00,0.21,6.95
3922,1266,8,388,1.98,1.99,0.00,0.10,3.94
3923,1267,1,340,1.00,11.00,0.00,0.10,11.00
3924,1267,2,165,1.00,3.99,0.00,0.04,3.99
3925,1268,1,68,1.00,3.49,0.00,0.21,3.49
3926,1269,1,102,1.00,3.00,0.00,0.04,3.00
3927,1269,2,566,1.00,1.95,0.00,0.04,1.95
3928,1270,1,137,1.00,1.49,0.00,0.10,1.49
3929,1270,2,257,1.00,4.00,0.00,0.21,4.00
3930,1271,1,355,2.00,3.75,0.00,0.10,7.50
3931,1271,2,63,1.00,2.95,0.00,0.10,2.95
3932,1272,1,251,1.00,3.95,0.00,0.21,3.95
3933,1273,1,280,3.00,1.75,0.00,0.10,5.25
3934,1273,2,35,1.00,3.99,0.00,0.21,3.99
3935,1274,1,68,2.00,3.49,0.00,0.21,6.98
3936,1275,1,414,4.00,4.00,0.00,0.10,16.00
3937,1275,2,46,0.62,15.99,0.00,0.04,9.91
3938,1275,3,260,2.00,1.99,0.00,0.04,3.98
3939,1276,1,366,1.00,4.75,0.00,0.04,4.75
3940,1277,1,517,2.19,3.99,0.00,0.21,8.74
3941,1278,1,378,2.00,0.99,0.00,0.21,1.98
3942,1278,2,596,2.00,5.95,0.00,0.21,11.90
3943,1278,3,225,0.80,1.95,0.00,0.04,1.56
3944,1278,4,475,2.00,2.99,0.00,0.10,5.98
3945,1278,5,463,1.00,4.25,0.00,0.04,4.25
3946,1279,1,202,3.00,4.50,0.00,0.21,13.50
3947,1279,2,402,1.00,2.99,0.00,0.21,2.99
3948,1279,3,431,2.00,2.49,0.00,0.21,4.98
3949,1280,1,27,1.00,13.95,0.00,0.04,13.95
3950,1280,2,536,2.00,3.25,0.00,0.21,6.50
3951,1281,1,422,2.00,11.75,0.00,0.21,23.50
3952,1281,2,394,1.00,7.99,0.00,0.21,7.99
3953,1281,3,267,0.46,1.95,0.00,0.04,0.90
3954,1281,4,174,2.00,4.49,0.00,0.21,8.98
3955,1281,5,530,2.00,11.95,0.00,0.04,23.90
3956,1281,6,182,3.00,2.75,0.00,0.04,8.25
3957,1281,7,131,3.00,10.99,0.00,0.21,32.97
3958,1281,8,230,3.00,7.99,0.00,0.21,23.97
3959,1282,1,45,2.00,4.99,0.00,0.21,9.98
3960,1283,1,366,2.00,4.75,0.00,0.04,9.50
3961,1284,1,25,1.00,2.49,0.00,0.21,2.49
3962,1284,2,185,2.00,2.99,0.00,0.10,5.98
3963,1284,3,302,1.00,1.99,0.00,0.10,1.99
3964,1285,1,165,2.00,3.99,0.00,0.04,7.98
3965,1285,2,390,2.22,4.99,0.00,0.04,11.08
3966,1285,3,323,1.00,4.95,0.00,0.10,4.95
3967,1286,1,285,1.00,9.99,0.00,0.21,9.99
3968,1287,1,386,1.00,9.95,0.00,0.21,9.95
3969,1287,2,357,1.00,1.95,0.00,0.10,1.95
3970,1287,3,387,1.00,3.95,0.00,0.21,3.95
3971,1287,4,514,2.48,1.99,0.00,0.04,4.94
3972,1287,5,593,2.00,4.25,0.00,0.21,8.50
3973,1288,1,54,3.00,5.50,0.00,0.21,16.50
3974,1289,1,346,1.00,6.99,0.00,0.21,6.99
3975,1290,1,376,1.00,5.99,0.00,0.10,5.99
3976,1290,2,25,1.00,2.49,0.00,0.21,2.49
3977,1290,3,204,1.00,8.49,0.00,0.21,8.49
3978,1291,1,436,2.00,4.99,0.00,0.04,9.98
3979,1291,2,285,1.00,9.99,0.00,0.21,9.99
3980,1292,1,374,2.00,2.00,0.00,0.10,4.00
3981,1292,2,180,1.00,0.99,0.00,0.10,0.99
3982,1293,1,312,1.00,10.99,0.00,0.04,10.99
3983,1294,1,365,3.00,17.99,0.00,0.21,53.97
3984,1294,2,151,1.00,1.95,0.00,0.04,1.95
3985,1294,3,180,1.00,0.99,0.00,0.10,0.99
3986,1295,1,182,4.00,2.75,0.00,0.04,11.00
3987,1295,2,234,1.00,4.00,0.00,0.10,4.00
3988,1295,3,156,1.00,6.99,0.00,0.21,6.99
3989,1296,1,363,2.00,4.50,0.00,0.21,9.00
3990,1297,1,273,2.42,4.99,0.00,0.21,12.08
3991,1298,1,222,1.00,2.75,0.00,0.10,2.75
3992,1298,2,239,1.00,5.99,0.00,0.21,5.99
3993,1298,3,487,0.76,10.49,0.00,0.04,7.97
3994,1298,4,25,3.00,2.49,0.00,0.21,7.47
3995,1299,1,126,1.39,2.50,0.00,0.21,3.48
3996,1299,2,136,2.00,7.95,0.00,0.21,15.90
3997,1299,3,368,1.00,2.99,0.00,0.10,2.99
3998,1300,1,420,0.43,13.99,0.00,0.04,6.02
3999,1300,2,598,1.00,23.99,0.00,0.21,23.99
4000,1300,3,571,2.00,11.99,0.00,0.21,23.98
4001,1300,4,472,6.00,0.99,0.00,0.10,5.94
4002,1300,5,595,1.00,2.49,0.00,0.10,2.49
4003,1300,6,216,3.00,2.95,0.00,0.21,8.85
4004,1300,7,319,2.00,2.50,0.00,0.10,5.00
4005,1300,8,462,1.00,2.49,0.00,0.10,2.49
4006,1301,1,41,2.00,4.75,0.00,0.10,9.50
4007,1301,2,410,1.00,2.99,0.00,0.21,2.99
4008,1302,1,531,1.80,1.99,0.00,0.10,3.58
4009,1302,2,365,3.00,17.99,0.00,0.21,53.97
4010,1303,1,243,1.00,1.49,0.00,0.21,1.49
4011,1303,2,143,1.79,9.95,0.00,0.04,17.81
4012,1304,1,461,1.00,1.95,0.00,0.10,1.95
4013,1304,2,64,1.00,4.99,0.00,0.21,4.99
4014,1304,3,126,0.19,2.50,0.00,0.21,0.48
4015,1305,1,290,2.00,4.95,0.00,0.21,9.90
4016,1305,2,257,1.00,4.00,0.00,0.21,4.00
4017,1305,3,395,6.00,5.25,0.00,0.10,31.50
4018,1305,4,166,1.00,8.25,0.00,0.21,8.25
4019,1306,1,253,1.00,3.00,0.00,0.21,3.00
4020,1306,2,163,1.00,3.25,0.00,0.21,3.25
4021,1306,3,52,3.00,2.95,0.00,0.04,8.85
4022,1307,1,292,1.00,3.49,0.00,0.21,3.49
4023,1307,2,549,2.00,6.99,0.00,0.21,13.98
4024,1308,1,554,1.00,4.49,0.00,0.21,4.49
4025,1308,2,25,1.00,2.49,0.00,0.21,2.49
4026,1309,1,164,1.00,5.99,0.00,0.21,5.99
4027,1310,1,416,2.00,2.99,0.00,0.21,5.98
4028,1311,1,166,2.00,8.25,0.00,0.21,16.50
4029,1312,1,422,1.00,11.75,0.00,0.21,11.75
4030,1312,2,600,1.00,2.00,0.00,0.21,2.00
4031,1312,3,159,1.00,24.99,0.00,0.21,24.99
4032,1312,4,68,1.00,3.49,0.00,0.21,3.49
4033,1313,1,93,1.84,13.99,0.00,0.04,25.74
4034,1313,2,183,1.00,0.95,0.00,0.04,0.95
4035,1314,1,3,1.00,2.95,0.00,0.10,2.95
4036,1315,1,542,1.00,9.99,0.00,0.21,9.99
4037,1315,2,490,2.00,4.99,0.00,0.21,9.98
4038,1315,3,417,1.00,1.99,0.00,0.21,1.99
4039,1316,1,436,1.00,4.99,0.00,0.04,4.99
4040,1316,2,526,1.32,4.49,0.00,0.21,5.93
4041,1316,3,68,1.00,3.49,0.00,0.21,3.49
4042,1316,4,169,2.00,4.50,0.00,0.04,9.00
4043,1316,5,6,1.00,6.99,0.00,0.21,6.99
4044,1317,1,355,2.00,3.75,0.00,0.10,7.50
4045,1317,2,35,1.00,3.99,0.00,0.21,3.99
4046,1317,3,425,1.00,3.99,0.00,0.21,3.99
4047,1317,4,433,1.00,3.99,0.00,0.04,3.99
4048,1318,1,13,1.00,4.75,0.00,0.21,4.75
4049,1318,2,434,1.00,3.50,0.00,0.04,3.50
4050,1318,3,472,1.00,0.99,0.00,0.10,0.99
4051,1318,4,578,1.00,1.99,0.00,0.10,1.99
4052,1318,5,525,1.00,2.99,0.00,0.04,2.99
4053,1318,6,487,1.71,10.49,0.00,0.04,17.94
4054,1318,7,475,1.00,2.99,0.00,0.10,2.99
4055,1318,8,23,1.00,13.99,0.00,0.04,13.99
4056,1318,9,35,1.00,3.99,0.00,0.21,3.99
4057,1318,10,64,1.00,4.99,0.00,0.21,4.99
4058,1318,11,580,1.00,6.50,0.00,0.10,6.50
4059,1318,12,121,6.00,2.75,0.00,0.04,16.50
4060,1318,13,112,1.00,3.99,0.00,0.10,3.99
4061,1318,14,4,1.00,1.49,0.00,0.21,1.49
4062,1318,15,269,4.00,6.99,0.00,0.10,27.96
4063,1319,1,577,1.00,2.50,0.00,0.21,2.50
4064,1320,1,320,2.00,5.99,0.00,0.21,11.98
4065,1320,2,115,2.00,6.99,0.00,0.21,13.98
4066,1321,1,397,1.00,3.99,0.00,0.21,3.99
4067,1322,1,364,1.00,5.00,0.00,0.04,5.00
4068,1322,2,384,4.00,4.99,0.00,0.21,19.96
4069,1322,3,465,6.00,1.99,0.00,0.10,11.94
4070,1322,4,264,1.00,1.99,0.00,0.10,1.99
4071,1323,1,514,1.93,1.99,0.00,0.04,3.84
4072,1323,2,248,3.00,5.49,0.00,0.21,16.47
4073,1323,3,338,2.00,3.99,0.00,0.21,7.98
4074,1324,1,52,1.00,2.95,0.00,0.04,2.95
4075,1325,1,504,1.00,2.49,0.00,0.10,2.49
4076,1326,1,36,1.00,2.95,0.00,0.10,2.95
4077,1326,2,229,1.00,2.75,0.00,0.10,2.75
4078,1327,1,227,1.00,13.49,0.00,0.21,13.49
4079,1327,2,52,1.00,2.95,0.00,0.04,2.95
4080,1327,3,516,0.87,1.99,0.00,0.04,1.73
4081,1328,1,401,2.00,3.75,0.00,0.10,7.50
4082,1328,2,584,1.00,19.95,0.00,0.21,19.95
4083,1328,3,179,1.00,12.75,0.00,0.04,12.75
4084,1328,4,72,1.00,4.95,0.00,0.21,4.95
4085,1328,5,404,1.00,4.99,0.00,0.10,4.99
4086,1328,6,451,2.00,4.99,0.00,0.10,9.98
4087,1328,7,60,2.00,1.99,0.00,0.21,3.98
4088,1328,8,418,1.00,10.99,0.00,0.21,10.99
4089,1328,9,301,4.00,11.25,0.00,0.10,45.00
4090,1328,10,505,2.00,3.95,0.00,0.21,7.90
4091,1328,11,101,2.00,2.99,0.00,0.04,5.98
4092,1329,1,566,1.00,1.95,0.00,0.04,1.95
4093,1330,1,447,1.00,2.95,0.00,0.04,2.95
4094,1330,2,89,2.00,2.99,0.00,0.21,5.98
4095,1330,3,199,2.00,3.75,0.00,0.21,7.50
4096,1330,4,486,2.00,1.75,0.00,0.04,3.50
4097,1331,1,37,1.00,5.99,0.00,0.21,5.99
4098,1332,1,373,4.00,8.95,0.00,0.21,35.80
4099,1333,1,100,1.00,3.00,0.00,0.21,3.00
4100,1333,2,117,3.00,2.99,0.00,0.21,8.97
4101,1334,1,262,1.00,12.99,0.00,0.04,12.99
4102,1334,2,250,3.00,1.49,0.00,0.21,4.47
4103,1335,1,276,2.00,4.50,0.00,0.04,9.00
4104,1336,1,337,1.00,2.99,0.00,0.10,2.99
4105,1336,2,312,1.00,10.99,0.00,0.04,10.99
4106,1336,3,430,4.00,4.50,0.00,0.21,18.00
4107,1337,1,547,3.00,5.95,0.00,0.04,17.85
4108,1337,2,345,1.00,7.50,0.00,0.21,7.50
4109,1337,3,278,2.00,3.25,0.00,0.21,6.50
4110,1337,4,208,1.00,22.99,0.00,0.21,22.99
4111,1337,5,332,1.00,1.99,0.00,0.10,1.99
4112,1337,6,563,1.00,7.95,0.00,0.21,7.95
4113,1337,7,482,1.00,4.50,0.00,0.04,4.50
4114,1337,8,386,4.00,9.95,0.00,0.21,39.80
4115,1338,1,467,0.48,3.25,0.00,0.21,1.56
4116,1339,1,113,2.00,2.99,0.00,0.04,5.98
4117,1339,2,569,1.00,2.95,0.00,0.21,2.95
4118,1339,3,358,1.00,2.95,0.00,0.21,2.95
4119,1339,4,313,1.00,3.99,0.00,0.10,3.99
4120,1339,5,58,1.00,2.99,0.00,0.21,2.99
4121,1340,1,255,1.00,16.99,0.00,0.21,16.99
4122,1340,2,43,3.00,1.95,0.00,0.10,5.85
4123,1340,3,47,1.00,5.99,0.00,0.10,5.99
4124,1341,1,62,1.00,5.99,0.00,0.21,5.99
4125,1341,2,137,6.00,1.49,0.00,0.10,8.94
4126,1341,3,455,1.00,1.99,0.00,0.10,1.99
4127,1342,1,221,0.52,5.95,0.00,0.04,3.09
4128,1342,2,454,2.00,1.99,0.00,0.10,3.98
4129,1342,3,96,2.00,1.99,0.00,0.21,3.98
4130,1342,4,275,6.00,5.95,0.00,0.04,35.70
4131,1342,5,246,1.00,4.50,0.00,0.10,4.50
4132,1343,1,299,1.00,5.99,0.00,0.04,5.99
4133,1343,2,552,1.00,2.50,0.00,0.04,2.50
4134,1343,3,379,4.00,2.95,0.00,0.10,11.80
4135,1343,4,470,1.00,6.25,0.00,0.21,6.25
4136,1343,5,426,1.00,1.99,0.00,0.10,1.99
4137,1343,6,158,1.00,3.99,0.00,0.21,3.99
4138,1344,1,401,3.00,3.75,0.00,0.10,11.25
4139,1344,2,154,0.26,3.49,0.00,0.21,0.91
4140,1344,3,514,0.17,1.99,0.00,0.04,0.34
4141,1344,4,391,1.00,2.99,0.00,0.04,2.99
4142,1344,5,8,1.00,2.99,0.00,0.04,2.99
4143,1344,6,231,1.00,4.99,0.00,0.04,4.99
4144,1344,7,72,3.00,4.95,0.00,0.21,14.85
4145,1344,8,441,1.00,6.95,0.00,0.21,6.95
4146,1344,9,526,2.13,4.49,0.00,0.21,9.56
4147,1344,10,254,1.00,1.50,0.00,0.10,1.50
4148,1344,11,221,0.17,5.95,0.00,0.04,1.01
4149,1344,12,125,1.49,2.00,0.00,0.10,2.98
4150,1344,13,404,1.00,4.99,0.00,0.10,4.99
4151,1345,1,419,1.00,8.99,0.00,0.21,8.99
4152,1346,1,584,1.00,19.95,0.00,0.21,19.95
4153,1346,2,379,1.00,2.95,0.00,0.10,2.95
4154,1346,3,509,2.00,2.99,0.00,0.04,5.98
4155,1347,1,453,2.00,4.49,0.00,0.21,8.98
4156,1348,1,146,2.00,1.49,0.00,0.21,2.98
4157,1349,1,186,1.00,4.25,0.00,0.21,4.25
4158,1350,1,23,1.00,13.99,0.00,0.04,13.99
4159,1351,1,420,0.18,13.99,0.00,0.04,2.52
4160,1351,2,478,2.00,15.00,0.00,0.21,30.00
4161,1351,3,361,1.15,2.49,0.00,0.04,2.86
4162,1351,4,439,1.00,3.75,0.00,0.21,3.75
4163,1352,1,490,2.00,4.99,0.00,0.21,9.98
4164,1352,2,40,1.00,3.99,0.00,0.21,3.99
4165,1352,3,43,1.00,1.95,0.00,0.10,1.95
4166,1352,4,47,1.00,5.99,0.00,0.10,5.99
4167,1352,5,120,1.00,2.49,0.00,0.21,2.49
4168,1352,6,377,1.00,2.99,0.00,0.21,2.99
4169,1353,1,452,1.00,7.95,0.00,0.10,7.95
4170,1353,2,59,1.00,1.99,0.00,0.10,1.99
4171,1353,3,196,1.00,4.95,0.00,0.04,4.95
4172,1354,1,244,0.50,11.95,0.00,0.04,5.98
4173,1354,2,194,1.00,2.95,0.00,0.10,2.95
4174,1354,3,386,1.00,9.95,0.00,0.21,9.95
4175,1354,4,104,1.00,2.99,0.00,0.04,2.99
4176,1354,5,545,1.00,5.95,0.00,0.21,5.95
4177,1354,6,414,1.00,4.00,0.00,0.10,4.00
4178,1355,1,299,1.00,5.99,0.00,0.04,5.99
4179,1355,2,136,1.00,7.95,0.00,0.21,7.95
4180,1355,3,20,2.21,1.99,0.00,0.04,4.40
4181,1355,4,411,1.00,3.99,0.00,0.21,3.99
4182,1355,5,357,1.00,1.95,0.00,0.10,1.95
4183,1356,1,44,1.00,3.99,0.00,0.21,3.99
4184,1357,1,129,1.00,2.99,0.00,0.10,2.99
4185,1357,2,349,1.00,2.99,0.00,0.21,2.99
4186,1358,1,121,1.00,2.75,0.00,0.04,2.75
4187,1359,1,64,1.00,4.99,0.00,0.21,4.99
4188,1359,2,486,1.00,1.75,0.00,0.04,1.75
4189,1359,3,508,2.00,10.99,0.00,0.21,21.98
4190,1359,4,108,1.00,3.95,0.00,0.21,3.95
4191,1359,5,274,1.00,7.99,0.00,0.21,7.99
4192,1360,1,406,1.89,13.99,0.00,0.04,26.44
4193,1361,1,480,4.00,22.50,0.00,0.21,90.00
4194,1361,2,148,1.00,3.00,0.00,0.10,3.00
4195,1361,3,339,2.12,1.95,0.00,0.10,4.13
4196,1361,4,572,4.00,2.49,0.00,0.21,9.96
4197,1361,5,67,1.00,5.99,0.00,0.21,5.99
4198,1362,1,154,1.80,3.49,0.00,0.21,6.28
4199,1363,1,51,2.00,3.99,0.00,0.21,7.98
4200,1364,1,560,2.00,7.95,0.00,0.21,15.90
4201,1364,2,288,1.00,2.00,0.00,0.21,2.00
4202,1364,3,555,3.00,1.99,0.00,0.04,5.97
4203,1364,4,505,1.00,3.95,0.00,0.21,3.95
4204,1364,5,274,1.00,7.99,0.00,0.21,7.99
4205,1365,1,444,1.00,3.99,0.00,0.21,3.99
4206,1366,1,122,1.00,2.95,0.00,0.04,2.95
4207,1367,1,528,2.00,2.99,0.00,0.10,5.98
4208,1368,1,386,1.00,9.95,0.00,0.21,9.95
4209,1368,2,241,1.00,5.95,0.00,0.21,5.95
4210,1368,3,550,1.00,3.95,0.00,0.04,3.95
4211,1368,4,373,1.00,8.95,0.00,0.21,8.95
4212,1368,5,418,1.00,10.99,0.00,0.21,10.99
4213,1369,1,510,1.00,3.99,0.00,0.21,3.99
4214,1369,2,450,1.00,3.99,0.00,0.21,3.99
4215,1369,3,343,2.00,4.49,0.00,0.21,8.98
4216,1369,4,405,2.00,4.75,0.00,0.21,9.50
4217,1369,5,544,1.00,3.99,0.00,0.21,3.99
4218,1369,6,389,0.72,11.95,0.00,0.04,8.60
4219,1369,7,256,4.00,21.50,0.00,0.21,86.00
4220,1370,1,483,1.00,2.99,0.00,0.10,2.99
4221,1371,1,35,2.00,3.99,0.00,0.21,7.98
4222,1372,1,102,2.00,3.00,0.00,0.04,6.00
4223,1372,2,577,3.00,2.50,0.00,0.21,7.50
4224,1372,3,136,2.00,7.95,0.00,0.21,15.90
4225,1373,1,517,1.81,3.99,0.00,0.21,7.22
4226,1374,1,561,1.08,4.00,0.00,0.21,4.32
4227,1374,2,81,1.00,7.99,0.00,0.04,7.99
4228,1374,3,105,1.00,6.99,0.00,0.21,6.99
4229,1375,1,295,1.00,1.99,0.00,0.21,1.99
4230,1375,2,491,1.00,5.99,0.00,0.10,5.99
4231,1375,3,119,1.00,6.99,0.00,0.21,6.99
4232,1375,4,140,1.00,2.99,0.00,0.21,2.99
4233,1376,1,516,2.06,1.99,0.00,0.04,4.10
4234,1377,1,343,3.00,4.49,0.00,0.21,13.47
4235,1377,2,390,2.48,4.99,0.00,0.04,12.38
4236,1378,1,465,1.00,1.99,0.00,0.10,1.99
4237,1379,1,70,1.00,3.50,0.00,0.21,3.50
4238,1379,2,222,1.00,2.75,0.00,0.10,2.75
4239,1379,3,205,1.00,4.99,0.00,0.21,4.99
4240,1379,4,190,1.00,3.95,0.00,0.21,3.95
4241,1380,1,305,1.00,3.99,0.00,0.10,3.99
4242,1380,2,288,1.00,2.00,0.00,0.21,2.00
4243,1380,3,304,2.00,4.95,0.00,0.21,9.90
4244,1380,4,67,1.00,5.99,0.00,0.21,5.99
4245,1381,1,203,1.00,2.75,0.00,0.10,2.75
4246,1381,2,90,1.00,6.49,0.00,0.21,6.49
4247,1381,3,100,1.00,3.00,0.00,0.21,3.00
4248,1381,4,25,3.00,2.49,0.00,0.21,7.47
4249,1381,5,37,2.00,5.99,0.00,0.21,11.98
4250,1382,1,24,1.00,7.50,0.00,0.21,7.50
4251,1382,2,580,1.00,6.50,0.00,0.10,6.50
4252,1382,3,355,1.00,3.75,0.00,0.10,3.75
4253,1382,4,180,2.00,0.99,0.00,0.10,1.98
4254,1382,5,156,1.00,6.99,33.00,0.21,4.68
4255,1383,1,488,1.00,2.49,0.00,0.21,2.49
4256,1384,1,315,2.00,1.99,0.00,0.10,3.98
4257,1384,2,151,1.00,1.95,0.00,0.04,1.95
4258,1385,1,367,1.00,7.49,0.00,0.10,7.49
4259,1385,2,96,1.00,1.99,0.00,0.21,1.99
4260,1385,3,520,2.00,2.99,0.00,0.10,5.98
4261,1385,4,595,1.00,2.49,0.00,0.10,2.49
4262,1385,5,266,1.00,11.49,0.00,0.10,11.49
4263,1385,6,196,4.00,4.95,0.00,0.04,19.80
4264,1385,7,285,2.00,9.99,0.00,0.21,19.98
4265,1385,8,83,1.00,4.99,0.00,0.21,4.99
4266,1386,1,332,1.00,1.99,0.00,0.10,1.99
4267,1387,1,13,1.00,4.75,0.00,0.21,4.75
4268,1387,2,233,4.00,5.99,0.00,0.21,23.96
4269,1387,3,421,2.00,10.49,0.00,0.04,20.98
4270,1388,1,366,1.00,4.75,0.00,0.04,4.75
4271,1388,2,403,1.00,7.99,0.00,0.21,7.99
4272,1388,3,519,1.00,2.95,0.00,0.10,2.95
4273,1389,1,517,1.44,3.99,0.00,0.21,5.75
4274,1389,2,523,1.00,3.49,0.00,0.10,3.49
4275,1389,3,473,1.00,1.25,0.00,0.10,1.25
4276,1390,1,232,2.00,2.50,0.00,0.21,5.00
4277,1391,1,58,4.00,2.99,0.00,0.21,11.96
4278,1391,2,508,1.00,10.99,0.00,0.21,10.99
4279,1391,3,248,2.00,5.49,0.00,0.21,10.98
4280,1391,4,467,2.12,3.25,0.00,0.21,6.89
4281,1391,5,6,4.00,6.99,0.00,0.21,27.96
4282,1391,6,78,2.00,9.99,0.00,0.21,19.98
4283,1392,1,245,2.00,3.95,0.00,0.21,7.90
4284,1392,2,99,1.00,15.75,0.00,0.21,15.75
4285,1392,3,312,1.00,10.99,0.00,0.04,10.99
4286,1392,4,504,1.00,2.49,0.00,0.10,2.49
4287,1392,5,511,2.00,1.99,0.00,0.10,3.98
4288,1392,6,361,0.95,2.49,0.00,0.04,2.37
4289,1392,7,248,1.00,5.49,0.00,0.21,5.49
4290,1393,1,220,0.92,3.00,0.00,0.21,2.76
4291,1394,1,94,1.00,2.99,0.00,0.21,2.99
4292,1394,2,248,1.00,5.49,0.00,0.21,5.49
4293,1394,3,322,3.00,4.49,0.00,0.21,13.47
4294,1395,1,469,1.00,4.50,0.00,0.21,4.50
4295,1395,2,463,2.00,4.25,0.00,0.04,8.50
4296,1395,3,93,2.04,13.99,0.00,0.04,28.54
4297,1396,1,118,1.00,5.99,0.00,0.21,5.99
4298,1396,2,157,1.00,5.49,0.00,0.21,5.49
4299,1396,3,128,2.00,3.99,0.00,0.10,7.98
4300,1396,4,529,2.00,5.49,0.00,0.10,10.98
4301,1396,5,366,4.00,4.75,0.00,0.04,19.00
4302,1396,6,281,1.00,2.00,0.00,0.21,2.00
4303,1396,7,301,1.00,11.25,0.00,0.10,11.25
4304,1396,8,539,1.00,4.50,0.00,0.21,4.50
4305,1396,9,444,1.00,3.99,0.00,0.21,3.99
4306,1396,10,253,1.00,3.00,0.00,0.21,3.00
4307,1396,11,361,1.29,2.49,0.00,0.04,3.21
4308,1397,1,254,2.00,1.50,0.00,0.10,3.00
4309,1398,1,87,1.00,2.99,0.00,0.10,2.99
4310,1398,2,118,1.00,5.99,0.00,0.21,5.99
4311,1399,1,459,1.00,2.99,0.00,0.21,2.99
4312,1399,2,468,1.25,7.95,0.00,0.04,9.94
4313,1399,3,373,1.00,8.95,0.00,0.21,8.95
4314,1399,4,80,6.00,2.95,0.00,0.10,17.70
4315,1399,5,230,1.00,7.99,0.00,0.21,7.99
4316,1400,1,410,1.00,2.99,0.00,0.21,2.99
4317,1400,2,437,4.00,4.50,0.00,0.21,18.00
4318,1401,1,273,2.45,4.99,0.00,0.21,12.23
4319,1401,2,209,6.00,6.75,0.00,0.21,40.50
4320,1401,3,262,1.00,12.99,0.00,0.04,12.99
4321,1402,1,254,1.00,1.50,0.00,0.10,1.50
4322,1403,1,213,4.00,2.99,0.00,0.21,11.96
4323,1404,1,455,1.00,1.99,0.00,0.10,1.99
4324,1405,1,535,1.00,4.50,0.00,0.10,4.50
4325,1405,2,195,3.00,5.99,0.00,0.21,17.97
4326,1405,3,320,1.00,5.99,0.00,0.21,5.99
4327,1406,1,301,1.00,11.25,0.00,0.10,11.25
4328,1406,2,310,2.00,1.99,0.00,0.21,3.98
4329,1406,3,151,1.00,1.95,0.00,0.04,1.95
4330,1406,4,368,1.00,2.99,0.00,0.10,2.99
4331,1407,1,365,1.00,17.99,0.00,0.21,17.99
4332,1407,2,477,1.00,5.00,0.00,0.21,5.00
4333,1407,3,267,2.50,1.95,0.00,0.04,4.88
4334,1407,4,31,0.79,1.99,0.00,0.04,1.57
4335,1407,5,478,2.00,15.00,0.00,0.21,30.00
4336,1408,1,307,1.00,5.25,0.00,0.10,5.25
4337,1408,2,289,1.00,3.99,0.00,0.10,3.99
4338,1408,3,446,1.00,1.25,0.00,0.04,1.25
4339,1408,4,333,1.00,8.95,0.00,0.21,8.95
4340,1408,5,499,3.00,1.99,0.00,0.10,5.97
4341,1408,6,197,0.86,5.95,0.00,0.21,5.12
4342,1408,7,72,1.00,4.95,0.00,0.21,4.95
4343,1408,8,460,2.00,7.99,0.00,0.21,15.98
4344,1409,1,2,1.00,1.49,0.00,0.21,1.49
4345,1409,2,483,1.00,2.99,0.00,0.10,2.99
4346,1409,3,529,1.00,5.49,0.00,0.10,5.49
4347,1409,4,238,1.00,2.49,0.00,0.21,2.49
4348,1410,1,82,1.00,5.95,0.00,0.21,5.95
4349,1411,1,388,1.31,1.99,0.00,0.10,2.61
4350,1411,2,580,1.00,6.50,0.00,0.10,6.50
4351,1411,3,78,3.00,9.99,0.00,0.21,29.97
4352,1412,1,97,1.00,4.95,0.00,0.21,4.95
4353,1413,1,519,1.00,2.95,0.00,0.10,2.95
4354,1413,2,150,2.00,2.00,0.00,0.21,4.00
4355,1414,1,317,1.00,4.50,0.00,0.21,4.50
4356,1414,2,227,2.00,13.49,0.00,0.21,26.98
4357,1414,3,451,1.00,4.99,0.00,0.10,4.99
4358,1414,4,8,1.00,2.99,0.00,0.04,2.99
4359,1415,1,560,2.00,7.95,0.00,0.21,15.90
4360,1416,1,598,1.00,23.99,0.00,0.21,23.99
4361,1416,2,377,1.00,2.99,0.00,0.21,2.99
4362,1416,3,24,1.00,7.50,0.00,0.21,7.50
4363,1417,1,421,2.00,10.49,0.00,0.04,20.98
4364,1417,2,349,2.00,2.99,0.00,0.21,5.98
4365,1418,1,463,2.00,4.25,0.00,0.04,8.50
4366,1418,2,36,3.00,2.95,0.00,0.10,8.85
4367,1419,1,142,0.63,4.49,0.00,0.04,2.83
4368,1419,2,537,2.00,5.95,0.00,0.21,11.90
4369,1419,3,269,2.00,6.99,0.00,0.10,13.98
4370,1420,1,483,1.00,2.99,0.00,0.10,2.99
4371,1420,2,503,2.00,3.99,0.00,0.10,7.98
4372,1420,3,111,1.00,6.99,0.00,0.10,6.99
4373,1420,4,190,2.00,3.95,0.00,0.21,7.90
4374,1420,5,177,2.00,3.95,0.00,0.21,7.90
4375,1420,6,243,2.00,1.49,0.00,0.21,2.98
4376,1421,1,94,2.00,2.99,0.00,0.21,5.98
4377,1421,2,218,1.00,2.95,0.00,0.10,2.95
4378,1421,3,118,2.00,5.99,0.00,0.21,11.98
4379,1421,4,580,2.00,6.50,0.00,0.10,13.00
4380,1422,1,260,1.00,1.99,0.00,0.04,1.99
4381,1423,1,282,2.00,1.75,0.00,0.10,3.50
4382,1423,2,239,3.00,5.99,0.00,0.21,17.97
4383,1424,1,351,2.00,5.99,0.00,0.21,11.98
4384,1424,2,268,1.00,1.95,0.00,0.10,1.95
4385,1425,1,270,1.00,1.99,0.00,0.10,1.99
4386,1426,1,530,1.00,11.95,0.00,0.04,11.95
4387,1426,2,34,2.00,2.99,0.00,0.21,5.98
4388,1426,3,228,2.00,2.50,0.00,0.21,5.00
4389,1427,1,65,1.00,10.49,0.00,0.04,10.49
4390,1428,1,531,2.22,1.99,0.00,0.10,4.42
4391,1429,1,496,3.00,3.50,0.00,0.10,10.50
4392,1430,1,383,2.00,5.99,0.00,0.21,11.98
4393,1430,2,574,1.00,10.00,0.00,0.21,10.00
4394,1431,1,401,2.00,3.75,0.00,0.10,7.50
4395,1431,2,204,1.00,8.49,0.00,0.21,8.49
4396,1432,1,470,1.00,6.25,0.00,0.21,6.25
4397,1433,1,492,1.00,3.00,0.00,0.21,3.00
4398,1433,2,449,1.00,3.25,0.00,0.21,3.25
4399,1434,1,518,2.00,2.95,0.00,0.04,5.90
4400,1434,2,532,1.00,2.95,0.00,0.21,2.95
4401,1434,3,22,1.00,8.49,0.00,0.21,8.49
4402,1435,1,214,1.00,4.25,0.00,0.21,4.25
4403,1436,1,16,1.00,2.99,0.00,0.21,2.99
4404,1436,2,372,1.00,3.95,0.00,0.21,3.95
4405,1436,3,525,1.00,2.99,0.00,0.04,2.99
4406,1437,1,259,2.00,2.95,0.00,0.04,5.90
4407,1437,2,312,2.00,10.99,0.00,0.04,21.98
4408,1437,3,389,2.41,11.95,0.00,0.04,28.80
4409,1437,4,86,1.00,3.99,0.00,0.10,3.99
4410,1437,5,450,1.00,3.99,0.00,0.21,3.99
4411,1438,1,447,1.00,2.95,0.00,0.04,2.95
4412,1438,2,105,1.00,6.99,0.00,0.21,6.99
4413,1438,3,555,2.00,1.99,0.00,0.04,3.98
4414,1438,4,76,1.00,1.99,0.00,0.04,1.99
4415,1439,1,227,1.00,13.49,0.00,0.21,13.49
4416,1440,1,76,1.00,1.99,0.00,0.04,1.99
4417,1440,2,321,1.00,2.99,0.00,0.10,2.99
4418,1441,1,67,1.00,5.99,0.00,0.21,5.99
4419,1441,2,43,3.00,1.95,0.00,0.10,5.85
4420,1441,3,83,6.00,4.99,0.00,0.21,29.94
4421,1441,4,493,3.00,9.99,0.00,0.21,29.97
4422,1441,5,329,3.00,3.99,0.00,0.10,11.97
4423,1441,6,490,1.00,4.99,0.00,0.21,4.99
4424,1441,7,463,2.00,4.25,0.00,0.04,8.50
4425,1441,8,77,1.00,1.00,0.00,0.10,1.00
4426,1441,9,168,1.00,10.95,0.00,0.21,10.95
4427,1441,10,288,1.00,2.00,0.00,0.21,2.00
4428,1442,1,193,2.00,1.99,0.00,0.10,3.98
4429,1443,1,477,1.00,5.00,0.00,0.21,5.00
4430,1444,1,500,1.00,1.95,0.00,0.10,1.95
4431,1444,2,269,6.00,6.99,0.00,0.10,41.94
4432,1444,3,406,0.99,13.99,0.00,0.04,13.85
4433,1445,1,275,1.00,5.95,0.00,0.04,5.95
4434,1445,2,494,1.00,10.25,0.00,0.21,10.25
4435,1446,1,70,1.00,3.50,0.00,0.21,3.50
4436,1446,2,60,1.00,1.99,0.00,0.21,1.99
4437,1446,3,80,1.00,2.95,0.00,0.10,2.95
4438,1446,4,422,1.00,11.75,0.00,0.21,11.75
4439,1447,1,479,2.00,3.75,0.00,0.10,7.50
4440,1448,1,447,2.00,2.95,0.00,0.04,5.90
4441,1449,1,319,2.00,2.50,0.00,0.10,5.00
4442,1449,2,572,1.00,2.49,0.00,0.21,2.49
4443,1449,3,567,1.00,1.49,0.00,0.10,1.49
4444,1450,1,234,1.00,4.00,0.00,0.10,4.00
4445,1450,2,81,2.00,7.99,0.00,0.04,15.98
4446,1451,1,386,2.00,9.95,0.00,0.21,19.90
4447,1451,2,201,1.00,2.99,0.00,0.04,2.99
4448,1451,3,269,4.00,6.99,0.00,0.10,27.96
4449,1451,4,498,1.00,2.99,0.00,0.21,2.99
4450,1451,5,535,2.00,4.50,0.00,0.10,9.00
4451,1451,6,383,1.00,5.99,0.00,0.21,5.99
4452,1452,1,120,1.00,2.49,0.00,0.21,2.49
4453,1453,1,151,2.00,1.95,0.00,0.04,3.90
4454,1453,2,276,2.00,4.50,0.00,0.04,9.00
4455,1453,3,540,2.00,8.99,0.00,0.21,17.98
4456,1453,4,432,0.40,10.75,0.00,0.04,4.30
4457,1453,5,566,2.00,1.95,0.00,0.04,3.90
4458,1453,6,254,1.00,1.50,0.00,0.10,1.50
4459,1453,7,354,1.00,3.49,0.00,0.21,3.49
4460,1453,8,309,2.00,4.95,0.00,0.21,9.90
4461,1454,1,5,1.02,0.99,0.00,0.10,1.01
4462,1455,1,315,1.00,1.99,0.00,0.10,1.99
4463,1456,1,130,1.00,4.95,0.00,0.21,4.95
4464,1457,1,222,1.00,2.75,0.00,0.10,2.75
4465,1457,2,51,1.00,3.99,0.00,0.21,3.99
4466,1457,3,489,3.00,1.00,0.00,0.04,3.00
4467,1457,4,565,2.00,22.99,0.00,0.21,45.98
4468,1457,5,66,1.04,0.99,0.00,0.10,1.03
4469,1457,6,460,1.00,7.99,0.00,0.21,7.99
4470,1457,7,561,1.31,4.00,0.00,0.21,5.24
4471,1457,8,370,1.00,2.95,0.00,0.10,2.95
4472,1458,1,269,3.00,6.99,0.00,0.10,20.97
4473,1459,1,443,3.00,0.99,0.00,0.10,2.97
4474,1459,2,237,2.00,14.95,0.00,0.04,29.90
4475,1459,3,294,2.00,1.99,0.00,0.04,3.98
4476,1459,4,78,1.00,9.99,0.00,0.21,9.99
4477,1459,5,592,1.00,1.50,0.00,0.04,1.50
4478,1460,1,463,1.00,4.25,0.00,0.04,4.25
4479,1460,2,496,1.00,3.50,0.00,0.10,3.50
4480,1461,1,163,1.00,3.25,0.00,0.21,3.25
4481,1461,2,448,4.00,6.75,0.00,0.10,27.00
4482,1462,1,481,2.09,1.99,0.00,0.04,4.16
4483,1462,2,502,1.00,9.00,0.00,0.10,9.00
4484,1463,1,547,2.00,5.95,0.00,0.04,11.90
4485,1464,1,301,1.00,11.25,0.00,0.10,11.25
4486,1464,2,360,1.00,2.49,0.00,0.21,2.49
4487,1464,3,473,1.00,1.25,0.00,0.10,1.25
4488,1464,4,540,1.00,8.99,0.00,0.21,8.99
4489,1464,5,556,6.00,2.95,0.00,0.10,17.70
4490,1464,6,195,1.00,5.99,0.00,0.21,5.99
4491,1465,1,150,1.00,2.00,0.00,0.21,2.00
4492,1465,2,185,1.00,2.99,0.00,0.10,2.99
4493,1465,3,264,1.00,1.99,0.00,0.10,1.99
4494,1465,4,584,1.00,19.95,0.00,0.21,19.95
4495,1465,5,279,1.00,7.99,0.00,0.21,7.99
4496,1465,6,396,1.00,0.99,0.00,0.21,0.99
4497,1465,7,342,1.00,2.95,0.00,0.21,2.95
4498,1466,1,368,4.00,2.99,0.00,0.10,11.96
4499,1466,2,11,1.00,4.95,0.00,0.21,4.95
4500,1467,1,587,2.00,3.99,0.00,0.21,7.98
4501,1468,1,531,1.83,1.99,0.00,0.10,3.64
4502,1468,2,579,1.00,2.49,0.00,0.10,2.49
4503,1469,1,551,2.00,3.50,0.00,0.21,7.00
4504,1469,2,395,1.00,5.25,0.00,0.10,5.25
4505,1469,3,423,2.00,2.99,0.00,0.21,5.98
4506,1469,4,177,1.00,3.95,0.00,0.21,3.95
4507,1470,1,378,1.00,0.99,0.00,0.21,0.99
4508,1471,1,253,1.00,3.00,0.00,0.21,3.00
4509,1471,2,392,1.22,1.49,0.00,0.04,1.82
4510,1471,3,522,2.00,5.99,0.00,0.21,11.98
4511,1471,4,113,4.00,2.99,0.00,0.04,11.96
4512,1471,5,85,1.00,7.99,0.00,0.21,7.99
4513,1472,1,71,1.00,2.99,0.00,0.10,2.99
4514,1472,2,235,1.00,2.49,0.00,0.04,2.49
4515,1472,3,315,3.00,1.99,0.00,0.10,5.97
4516,1472,4,112,1.00,3.99,0.00,0.10,3.99
4517,1472,5,180,2.00,0.99,0.00,0.10,1.98
4518,1472,6,52,1.00,2.95,0.00,0.04,2.95
4519,1472,7,488,1.00,2.49,0.00,0.21,2.49
4520,1472,8,276,2.00,4.50,0.00,0.04,9.00
4521,1472,9,324,1.00,2.95,0.00,0.04,2.95
4522,1472,10,77,2.00,1.00,0.00,0.10,2.00
4523,1473,1,12,1.00,1.50,0.00,0.10,1.50
4524,1473,2,360,2.00,2.49,0.00,0.21,4.98
4525,1474,1,412,1.00,3.99,0.00,0.21,3.99
4526,1474,2,506,2.00,2.99,0.00,0.21,5.98
4527,1475,1,146,1.00,1.49,0.00,0.21,1.49
4528,1476,1,420,2.23,13.99,0.00,0.04,31.20
4529,1477,1,85,1.00,7.99,0.00,0.21,7.99
4530,1477,2,247,1.00,3.99,0.00,0.04,3.99
4531,1477,3,391,1.00,2.99,0.00,0.04,2.99
4532,1478,1,453,1.00,4.49,0.00,0.21,4.49
4533,1479,1,522,1.00,5.99,0.00,0.21,5.99
4534,1479,2,600,1.00,2.00,0.00,0.21,2.00
4535,1479,3,361,1.44,2.49,0.00,0.04,3.59
4536,1480,1,294,1.00,1.99,0.00,0.04,1.99
4537,1481,1,319,1.00,2.50,0.00,0.10,2.50
4538,1481,2,448,2.00,6.75,0.00,0.10,13.50
4539,1482,1,43,1.00,1.95,0.00,0.10,1.95
4540,1482,2,504,1.00,2.49,0.00,0.10,2.49
4541,1482,3,365,1.00,17.99,0.00,0.21,17.99
4542,1482,4,538,2.00,2.00,0.00,0.21,4.00
4543,1482,5,91,0.91,3.49,0.00,0.21,3.18
4544,1483,1,138,1.00,1.75,0.00,0.10,1.75
4545,1483,2,401,1.00,3.75,0.00,0.10,3.75
4546,1483,3,101,1.00,2.99,0.00,0.04,2.99
4547,1483,4,396,3.00,0.99,0.00,0.21,2.97
4548,1483,5,158,1.00,3.99,0.00,0.21,3.99
4549,1483,6,363,1.00,4.50,0.00,0.21,4.50
4550,1484,1,132,1.00,2.95,0.00,0.21,2.95
4551,1485,1,493,1.00,9.99,0.00,0.21,9.99
4552,1485,2,252,3.00,3.50,0.00,0.10,10.50
4553,1486,1,135,1.00,7.49,0.00,0.21,7.49
4554,1487,1,429,1.86,5.95,0.00,0.21,11.07
4555,1488,1,146,1.00,1.49,0.00,0.21,1.49
4556,1488,2,578,1.00,1.99,0.00,0.10,1.99
4557,1488,3,587,1.00,3.99,0.00,0.21,3.99
4558,1489,1,150,1.00,2.00,0.00,0.21,2.00
4559,1489,2,374,2.00,2.00,0.00,0.10,4.00
4560,1489,3,234,1.00,4.00,0.00,0.10,4.00
4561,1489,4,360,1.00,2.49,0.00,0.21,2.49
4562,1489,5,79,1.00,1.49,0.00,0.10,1.49
4563,1489,6,568,1.00,2.99,0.00,0.04,2.99
4564,1490,1,336,1.00,0.99,0.00,0.10,0.99
4565,1490,2,223,1.00,2.99,0.00,0.21,2.99
4566,1491,1,49,1.00,3.99,0.00,0.21,3.99
4567,1492,1,104,3.00,2.99,0.00,0.04,8.97
4568,1492,2,144,2.00,2.95,0.00,0.21,5.90
4569,1493,1,600,2.00,2.00,0.00,0.21,4.00
4570,1494,1,77,1.00,1.00,0.00,0.10,1.00
4571,1494,2,400,1.00,2.99,0.00,0.21,2.99
4572,1494,3,283,1.00,1.95,0.00,0.10,1.95
4573,1494,4,208,1.00,22.99,0.00,0.21,22.99
4574,1494,5,109,2.00,0.99,0.00,0.04,1.98
4575,1494,6,231,1.00,4.99,0.00,0.04,4.99
4576,1494,7,399,1.00,1.99,0.00,0.10,1.99
4577,1494,8,575,1.00,8.99,0.00,0.21,8.99
4578,1494,9,5,2.42,0.99,0.00,0.10,2.40
4579,1495,1,465,3.00,1.99,0.00,0.10,5.97
4580,1495,2,269,2.00,6.99,0.00,0.10,13.98
4581,1495,3,395,2.00,5.25,0.00,0.10,10.50
4582,1496,1,233,4.00,5.99,0.00,0.21,23.96
4583,1496,2,19,2.00,8.99,0.00,0.21,17.98
4584,1496,3,234,1.00,4.00,0.00,0.10,4.00
4585,1496,4,336,1.00,0.99,0.00,0.10,0.99
4586,1496,5,537,2.00,5.95,0.00,0.21,11.90
4587,1496,6,284,1.00,21.50,0.00,0.21,21.50
4588,1497,1,141,1.00,4.50,0.00,0.10,4.50
4589,1497,2,444,1.00,3.99,0.00,0.21,3.99
4590,1497,3,156,1.00,6.99,0.00,0.21,6.99
4591,1497,4,538,2.00,2.00,0.00,0.21,4.00
4592,1497,5,182,1.00,2.75,0.00,0.04,2.75
4593,1497,6,419,1.00,8.99,0.00,0.21,8.99
4594,1497,7,48,1.00,1.95,0.00,0.21,1.95
4595,1497,8,439,1.00,3.75,0.00,0.21,3.75
4596,1497,9,177,2.00,3.95,0.00,0.21,7.90
4597,1497,10,346,1.00,6.99,0.00,0.21,6.99
4598,1498,1,481,2.48,1.99,0.00,0.04,4.94
4599,1499,1,426,1.00,1.99,0.00,0.10,1.99
4600,1499,2,103,3.00,2.99,0.00,0.21,8.97
4601,1500,1,453,1.00,4.49,0.00,0.21,4.49
4602,1500,2,23,1.00,13.99,0.00,0.04,13.99
4603,1500,3,454,1.00,1.99,0.00,0.10,1.99
4604,1500,4,341,4.00,1.99,0.00,0.10,7.96
4605,1500,5,580,1.00,6.50,0.00,0.10,6.50
4606,1500,6,249,2.00,3.99,0.00,0.21,7.98
4607,1500,7,245,2.00,3.95,0.00,0.21,7.90
4608,1500,8,147,1.00,0.99,0.00,0.10,0.99
4609,1500,9,374,2.00,2.00,0.00,0.10,4.00
4610,1500,10,288,2.00,2.00,0.00,0.21,4.00
4611,1500,11,417,1.00,1.99,0.00,0.21,1.99
4612,1501,1,518,1.00,2.95,0.00,0.04,2.95
4613,1501,2,547,1.00,5.95,0.00,0.04,5.95
4614,1501,3,171,1.00,1.49,0.00,0.10,1.49
4615,1501,4,591,2.00,2.49,0.00,0.21,4.98
4616,1501,5,97,2.00,4.95,0.00,0.21,9.90
4617,1502,1,53,1.00,2.99,0.00,0.10,2.99
4618,1503,1,74,6.00,3.99,0.00,0.21,23.94
4619,1503,2,103,2.00,2.99,0.00,0.21,5.98
4620,1503,3,454,2.00,1.99,0.00,0.10,3.98
4621,1504,1,462,1.00,2.49,0.00,0.10,2.49
4622,1504,2,362,1.00,3.25,0.00,0.21,3.25
4623,1504,3,593,1.00,4.25,0.00,0.21,4.25
4624,1504,4,470,1.00,6.25,0.00,0.21,6.25
4625,1505,1,51,2.00,3.99,0.00,0.21,7.98
4626,1506,1,310,1.00,1.99,0.00,0.21,1.99
4627,1507,1,20,2.00,1.99,0.00,0.04,3.98
4628,1507,2,462,1.00,2.49,0.00,0.10,2.49
4629,1508,1,320,1.00,5.99,0.00,0.21,5.99
4630,1508,2,201,1.00,2.99,0.00,0.04,2.99
4631,1509,1,405,1.00,4.75,0.00,0.21,4.75
4632,1510,1,250,2.00,1.49,0.00,0.21,2.98
4633,1510,2,536,1.00,3.25,0.00,0.21,3.25
4634,1510,3,526,0.80,4.49,0.00,0.21,3.59
4635,1510,4,298,3.00,1.50,0.00,0.10,4.50
4636,1510,5,528,1.00,2.99,0.00,0.10,2.99
4637,1510,6,368,1.00,2.99,0.00,0.10,2.99
4638,1510,7,436,1.00,4.99,0.00,0.04,4.99
4639,1510,8,212,1.00,17.99,0.00,0.04,17.99
4640,1510,9,279,1.00,7.99,0.00,0.21,7.99
4641,1510,10,43,1.00,1.95,0.00,0.10,1.95
4642,1511,1,350,1.00,1.99,0.00,0.10,1.99
4643,1512,1,334,1.00,1.50,0.00,0.10,1.50
4644,1513,1,319,1.00,2.50,0.00,0.10,2.50
4645,1514,1,209,1.00,6.75,0.00,0.21,6.75
4646,1515,1,260,1.00,1.99,0.00,0.04,1.99
4647,1515,2,296,2.00,5.49,0.00,0.21,10.98
4648,1516,1,454,1.00,1.99,0.00,0.10,1.99
4649,1517,1,93,1.01,13.99,0.00,0.04,14.13
4650,1517,2,376,1.00,5.99,0.00,0.10,5.99
4651,1517,3,542,1.00,9.99,0.00,0.21,9.99
4652,1517,4,30,2.00,1.49,0.00,0.21,2.98
4653,1518,1,568,1.00,2.99,0.00,0.04,2.99
4654,1519,1,85,1.00,7.99,0.00,0.21,7.99
4655,1519,2,567,2.00,1.49,0.00,0.10,2.98
4656,1519,3,160,0.25,0.50,0.00,0.10,0.12
4657,1519,4,581,1.00,7.99,0.00,0.10,7.99
4658,1519,5,467,1.28,3.25,0.00,0.21,4.16
4659,1520,1,426,2.00,1.99,0.00,0.10,3.98
4660,1521,1,598,1.00,23.99,0.00,0.21,23.99
4661,1521,2,52,1.00,2.95,0.00,0.04,2.95
4662,1521,3,38,0.29,3.99,0.00,0.21,1.16
4663,1521,4,346,1.00,6.99,0.00,0.21,6.99
4664,1521,5,280,1.00,1.75,0.00,0.10,1.75
4665,1521,6,426,3.00,1.99,0.00,0.10,5.97
4666,1521,7,205,1.00,4.99,0.00,0.21,4.99
4667,1521,8,6,1.00,6.99,0.00,0.21,6.99
4668,1521,9,157,1.00,5.49,0.00,0.21,5.49
4669,1521,10,133,1.00,1.99,0.00,0.21,1.99
4670,1522,1,561,0.61,4.00,0.00,0.21,2.44
4671,1522,2,242,6.00,22.99,0.00,0.21,137.94
4672,1522,3,554,1.00,4.49,0.00,0.21,4.49
4673,1522,4,438,1.00,5.49,0.00,0.21,5.49
4674,1523,1,100,4.00,3.00,0.00,0.21,12.00
4675,1523,2,106,1.00,3.49,0.00,0.21,3.49
4676,1524,1,326,1.00,4.95,0.00,0.21,4.95
4677,1524,2,345,1.00,7.50,0.00,0.21,7.50
4678,1524,3,574,1.00,10.00,0.00,0.21,10.00
4679,1525,1,116,2.14,6.49,0.00,0.04,13.89
4680,1525,2,284,1.00,21.50,0.00,0.21,21.50
4681,1525,3,242,1.00,22.99,0.00,0.21,22.99
4682,1526,1,251,1.00,3.95,0.00,0.21,3.95
4683,1526,2,396,2.00,0.99,0.00,0.21,1.98
4684,1527,1,507,1.00,8.95,0.00,0.21,8.95
4685,1528,1,137,2.00,1.49,0.00,0.10,2.98
4686,1528,2,243,3.00,1.49,0.00,0.21,4.47
4687,1529,1,600,1.00,2.00,0.00,0.21,2.00
4688,1529,2,562,4.00,3.95,0.00,0.21,15.80
4689,1529,3,529,2.00,5.49,0.00,0.10,10.98
4690,1529,4,213,1.00,2.99,0.00,0.21,2.99
4691,1529,5,231,4.00,4.99,0.00,0.04,19.96
4692,1529,6,496,1.00,3.50,0.00,0.10,3.50
4693,1529,7,458,2.00,1.75,0.00,0.21,3.50
4694,1529,8,180,2.00,0.99,0.00,0.10,1.98
4695,1530,1,477,1.00,5.00,0.00,0.21,5.00
4696,1531,1,8,2.00,2.99,0.00,0.04,5.98
4697,1531,2,90,1.00,6.49,0.00,0.21,6.49
4698,1531,3,85,2.00,7.99,0.00,0.21,15.98
4699,1531,4,328,1.00,2.99,0.00,0.04,2.99
4700,1531,5,79,1.00,1.49,0.00,0.10,1.49
4701,1531,6,467,0.51,3.25,0.00,0.21,1.66
4702,1531,7,221,0.23,5.95,0.00,0.04,1.37
4703,1531,8,257,1.00,4.00,0.00,0.21,4.00
4704,1531,9,504,1.00,2.49,0.00,0.10,2.49
4705,1531,10,470,1.00,6.25,0.00,0.21,6.25
4706,1531,11,301,2.00,11.25,0.00,0.10,22.50
4707,1532,1,223,1.00,2.99,0.00,0.21,2.99
4708,1533,1,129,1.00,2.99,0.00,0.10,2.99
4709,1534,1,421,3.00,10.49,0.00,0.04,31.47
4710,1534,2,326,2.00,4.95,0.00,0.21,9.90
4711,1535,1,273,1.61,4.99,0.00,0.21,8.03
4712,1536,1,310,1.00,1.99,0.00,0.21,1.99
4713,1537,1,552,1.00,2.50,0.00,0.04,2.50
4714,1537,2,151,1.00,1.95,0.00,0.04,1.95
4715,1538,1,435,4.00,2.99,0.00,0.21,11.96
4716,1538,2,540,1.00,8.99,0.00,0.21,8.99
4717,1538,3,413,0.37,1.95,0.00,0.10,0.72
4718,1539,1,197,0.61,5.95,0.00,0.21,3.63
4719,1539,2,349,1.00,2.99,0.00,0.21,2.99
4720,1539,3,477,1.00,5.00,0.00,0.21,5.00
4721,1539,4,189,6.00,1.50,0.00,0.04,9.00
4722,1539,5,300,1.00,2.99,0.00,0.21,2.99
4723,1540,1,285,1.00,9.99,0.00,0.21,9.99
4724,1541,1,109,2.00,0.99,0.00,0.04,1.98
4725,1541,2,151,1.00,1.95,0.00,0.04,1.95
4726,1542,1,70,1.00,3.50,0.00,0.21,3.50
4727,1543,1,469,1.00,4.50,0.00,0.21,4.50
4728,1544,1,188,3.00,4.99,0.00,0.10,14.97
4729,1544,2,125,1.83,2.00,0.00,0.10,3.66
4730,1544,3,403,1.00,7.99,0.00,0.21,7.99
4731,1545,1,287,0.64,1.99,0.00,0.10,1.27
4732,1546,1,460,1.00,7.99,0.00,0.21,7.99
4733,1546,2,426,3.00,1.99,0.00,0.10,5.97
4734,1546,3,417,2.00,1.99,0.00,0.21,3.98
4735,1546,4,188,1.00,4.99,0.00,0.10,4.99
4736,1547,1,285,1.00,9.99,0.00,0.21,9.99
4737,1547,2,110,1.00,1.99,0.00,0.21,1.99
4738,1547,3,198,1.00,2.49,0.00,0.10,2.49
4739,1547,4,231,1.00,4.99,0.00,0.04,4.99
4740,1548,1,18,1.00,4.49,0.00,0.21,4.49
4741,1548,2,183,1.00,0.95,0.00,0.04,0.95
4742,1549,1,501,2.00,0.99,0.00,0.04,1.98
4743,1549,2,587,1.00,3.99,0.00,0.21,3.99
4744,1550,1,74,2.00,3.99,0.00,0.21,7.98
4745,1551,1,151,2.00,1.95,0.00,0.04,3.90
4746,1552,1,267,2.16,1.95,0.00,0.04,4.21
4747,1553,1,529,3.00,5.49,0.00,0.10,16.47
4748,1553,2,86,1.00,3.99,0.00,0.10,3.99
4749,1554,1,152,2.00,2.49,0.00,0.10,4.98
4750,1554,2,437,1.00,4.50,0.00,0.21,4.50
4751,1554,3,398,2.16,3.99,0.00,0.21,8.62
4752,1554,4,70,1.00,3.50,0.00,0.21,3.50
4753,1555,1,286,1.00,3.25,0.00,0.21,3.25
4754,1555,2,303,1.17,2.25,0.00,0.10,2.63
4755,1556,1,387,1.00,3.95,0.00,0.21,3.95
4756,1557,1,147,1.00,0.99,0.00,0.10,0.99
4757,1557,2,233,2.00,5.99,0.00,0.21,11.98
4758,1557,3,373,1.00,8.95,0.00,0.21,8.95
4759,1557,4,86,3.00,3.99,0.00,0.10,11.97
4760,1557,5,390,0.61,4.99,0.00,0.04,3.04
4761,1558,1,474,1.00,2.99,0.00,0.21,2.99
4762,1558,2,470,4.00,6.25,0.00,0.21,25.00
4763,1558,3,428,1.00,12.99,0.00,0.21,12.99
4764,1558,4,393,1.58,5.50,0.00,0.04,8.69
4765,1559,1,250,1.00,1.49,0.00,0.21,1.49
4766,1560,1,417,1.00,1.99,0.00,0.21,1.99
4767,1560,2,133,3.00,1.99,0.00,0.21,5.97
4768,1561,1,328,3.00,2.99,0.00,0.04,8.97
4769,1561,2,151,2.00,1.95,0.00,0.04,3.90
4770,1561,3,497,1.00,1.99,0.00,0.10,1.99
4771,1562,1,306,1.00,8.95,0.00,0.04,8.95
4772,1562,2,243,1.00,1.49,0.00,0.21,1.49
4773,1563,1,168,2.00,10.95,0.00,0.21,21.90
4774,1563,2,10,1.00,2.99,0.00,0.10,2.99
4775,1564,1,356,2.00,12.25,0.00,0.21,24.50
4776,1565,1,354,2.00,3.49,0.00,0.21,6.98
4777,1566,1,356,2.00,12.25,0.00,0.21,24.50
4778,1566,2,314,2.00,1.99,0.00,0.04,3.98
4779,1566,3,406,1.15,13.99,0.00,0.04,16.09
4780,1566,4,263,1.00,2.49,0.00,0.04,2.49
4781,1566,5,281,1.00,2.00,0.00,0.21,2.00
4782,1566,6,497,3.00,1.99,0.00,0.10,5.97
4783,1567,1,187,2.00,2.99,0.00,0.10,5.98
4784,1568,1,372,1.00,3.95,0.00,0.21,3.95
4785,1568,2,425,1.00,3.99,0.00,0.21,3.99
4786,1569,1,434,1.00,3.50,0.00,0.04,3.50
4787,1570,1,510,1.00,3.99,0.00,0.21,3.99
4788,1571,1,236,2.00,2.99,0.00,0.21,5.98
4789,1572,1,395,1.00,5.25,0.00,0.10,5.25
4790,1573,1,36,1.00,2.95,0.00,0.10,2.95
4791,1573,2,128,1.00,3.99,0.00,0.10,3.99
4792,1573,3,403,1.00,7.99,0.00,0.21,7.99
4793,1573,4,342,1.00,2.95,0.00,0.21,2.95
4794,1573,5,153,1.00,2.99,0.00,0.10,2.99
4795,1573,6,529,2.00,5.49,0.00,0.10,10.98
4796,1573,7,149,2.00,3.99,0.00,0.10,7.98
4797,1573,8,264,3.00,1.99,0.00,0.10,5.97
4798,1573,9,392,0.25,1.49,0.00,0.04,0.37
4799,1573,10,447,2.00,2.95,0.00,0.04,5.90
4800,1574,1,73,1.08,0.99,0.00,0.10,1.07
4801,1575,1,419,1.00,8.99,0.00,0.21,8.99
4802,1575,2,284,1.00,21.50,0.00,0.21,21.50
4803,1575,3,203,6.00,2.75,0.00,0.10,16.50
4804,1575,4,523,3.00,3.49,0.00,0.10,10.47
4805,1576,1,437,2.00,4.50,0.00,0.21,9.00
4806,1576,2,368,2.00,2.99,0.00,0.10,5.98
4807,1576,3,576,1.00,2.99,0.00,0.10,2.99
4808,1576,4,88,2.00,5.99,0.00,0.10,11.98
4809,1576,5,164,1.00,5.99,0.00,0.21,5.99
4810,1576,6,157,2.00,5.49,0.00,0.21,10.98
4811,1576,7,435,2.00,2.99,0.00,0.21,5.98
4812,1577,1,369,1.00,7.99,0.00,0.10,7.99
4813,1577,2,153,6.00,2.99,0.00,0.10,17.94
4814,1577,3,439,1.00,3.75,0.00,0.21,3.75
4815,1577,4,294,1.00,1.99,0.00,0.04,1.99
4816,1577,5,253,1.00,3.00,0.00,0.21,3.00
4817,1577,6,351,1.00,5.99,0.00,0.21,5.99
4818,1577,7,201,3.00,2.99,0.00,0.04,8.97
4819,1578,1,125,0.20,2.00,0.00,0.10,0.40
4820,1578,2,540,1.00,8.99,0.00,0.21,8.99
4821,1578,3,436,1.00,4.99,0.00,0.04,4.99
4822,1578,4,566,1.00,1.95,0.00,0.04,1.95
4823,1578,5,513,1.00,0.99,0.00,0.04,0.99
4824,1578,6,312,2.00,10.99,0.00,0.04,21.98
4825,1578,7,389,0.30,11.95,0.00,0.04,3.58
4826,1578,8,70,1.00,3.50,0.00,0.21,3.50
4827,1578,9,457,1.00,10.99,0.00,0.10,10.99
4828,1578,10,196,1.00,4.95,0.00,0.04,4.95
4829,1578,11,217,1.00,4.99,0.00,0.21,4.99
4830,1578,12,342,3.00,2.95,0.00,0.21,8.85
4831,1578,13,250,2.00,1.49,0.00,0.21,2.98
4832,1578,14,39,1.00,5.99,0.00,0.21,5.99
4833,1578,15,533,2.00,6.75,0.00,0.21,13.50
4834,1579,1,527,1.00,2.99,0.00,0.21,2.99
4835,1580,1,269,1.00,6.99,0.00,0.10,6.99
4836,1580,2,497,1.00,1.99,0.00,0.10,1.99
4837,1580,3,289,1.00,3.99,0.00,0.10,3.99
4838,1580,4,241,3.00,5.95,0.00,0.21,17.85
4839,1580,5,536,6.00,3.25,0.00,0.21,19.50
4840,1580,6,450,1.00,3.99,0.00,0.21,3.99
4841,1581,1,524,1.05,2.99,0.00,0.21,3.14
4842,1582,1,297,3.00,10.95,0.00,0.21,32.85
4843,1582,2,127,1.00,6.99,0.00,0.10,6.99
4844,1582,3,353,1.00,1.99,0.00,0.10,1.99
4845,1582,4,177,1.00,3.95,0.00,0.21,3.95
4846,1582,5,307,1.00,5.25,0.00,0.10,5.25
4847,1582,6,331,1.00,1.99,0.00,0.04,1.99
4848,1583,1,170,1.00,7.99,0.00,0.21,7.99
4849,1583,2,342,1.00,2.95,0.00,0.21,2.95
4850,1583,3,327,2.00,1.49,0.00,0.10,2.98
4851,1583,4,540,2.00,8.99,0.00,0.21,17.98
4852,1584,1,154,1.41,3.49,0.00,0.21,4.92
4853,1584,2,535,1.00,4.50,0.00,0.10,4.50
4854,1584,3,481,2.50,1.99,0.00,0.04,4.98
4855,1585,1,109,6.00,0.99,0.00,0.04,5.94
4856,1585,2,468,2.06,7.95,0.00,0.04,16.38
4857,1585,3,80,3.00,2.95,0.00,0.10,8.85
4858,1585,4,266,1.00,11.49,0.00,0.10,11.49
4859,1586,1,508,2.00,10.99,0.00,0.21,21.98
4860,1586,2,538,1.00,2.00,0.00,0.21,2.00
4861,1587,1,280,2.00,1.75,0.00,0.10,3.50
4862,1587,2,319,2.00,2.50,0.00,0.10,5.00
4863,1587,3,348,1.00,3.00,0.00,0.21,3.00
4864,1588,1,341,2.00,1.99,0.00,0.10,3.98
4865,1589,1,357,1.00,1.95,0.00,0.10,1.95
4866,1589,2,476,1.00,6.99,0.00,0.21,6.99
4867,1589,3,318,1.00,2.49,0.00,0.21,2.49
4868,1590,1,541,1.00,5.95,0.00,0.21,5.95
4869,1590,2,448,1.00,6.75,0.00,0.10,6.75
4870,1591,1,244,1.75,11.95,0.00,0.04,20.91
4871,1591,2,349,2.00,2.99,0.00,0.21,5.98
4872,1592,1,95,1.00,1.99,0.00,0.10,1.99
4873,1593,1,143,1.11,9.95,0.00,0.04,11.04
4874,1594,1,341,3.00,1.99,0.00,0.10,5.97
4875,1595,1,14,1.00,7.99,0.00,0.21,7.99
4876,1595,2,382,6.00,3.95,0.00,0.21,23.70
4877,1595,3,291,6.00,0.99,0.00,0.21,5.94
4878,1595,4,503,3.00,3.99,0.00,0.10,11.97
4879,1595,5,103,1.00,2.99,0.00,0.21,2.99
4880,1595,6,235,1.00,2.49,0.00,0.04,2.49
4881,1595,7,535,1.00,4.50,0.00,0.10,4.50
4882,1596,1,186,2.00,4.25,0.00,0.21,8.50
4883,1596,2,412,1.00,3.99,0.00,0.21,3.99
4884,1596,3,437,1.00,4.50,0.00,0.21,4.50
4885,1597,1,592,1.00,1.50,0.00,0.04,1.50
4886,1597,2,227,1.00,13.49,0.00,0.21,13.49
4887,1597,3,435,1.00,2.99,0.00,0.21,2.99
4888,1598,1,180,1.00,0.99,0.00,0.10,0.99
4889,1599,1,246,3.00,4.50,0.00,0.10,13.50
4890,1600,1,515,3.00,2.99,0.00,0.04,8.97
4891,1600,2,75,1.00,2.49,0.00,0.21,2.49
4892,1600,3,486,3.00,1.75,0.00,0.04,5.25
4893,1600,4,257,1.00,4.00,0.00,0.21,4.00
4894,1600,5,28,4.00,6.99,0.00,0.21,27.96
4895,1600,6,40,1.00,3.99,0.00,0.21,3.99
4896,1600,7,543,1.00,1.99,0.00,0.21,1.99
4897,1600,8,373,1.00,8.95,0.00,0.21,8.95
4898,1600,9,474,1.00,2.99,0.00,0.21,2.99
4899,1600,10,71,4.00,2.99,0.00,0.10,11.96
4900,1600,11,121,2.00,2.75,0.00,0.04,5.50
4901,1601,1,190,1.00,3.95,0.00,0.21,3.95
4902,1601,2,184,2.00,7.99,0.00,0.21,15.98
4903,1601,3,91,2.06,3.49,0.00,0.21,7.19
4904,1602,1,444,1.00,3.99,0.00,0.21,3.99
4905,1602,2,265,1.00,2.95,0.00,0.21,2.95
4906,1602,3,155,6.00,2.99,0.00,0.21,17.94
4907,1602,4,480,1.00,22.50,0.00,0.21,22.50
4908,1602,5,71,1.00,2.99,0.00,0.10,2.99
4909,1602,6,513,1.00,0.99,0.00,0.04,0.99
4910,1602,7,466,1.00,2.95,0.00,0.21,2.95
4911,1603,1,46,0.29,15.99,0.00,0.04,4.64
4912,1603,2,487,2.29,10.49,0.00,0.04,24.02
4913,1603,3,271,0.72,1.99,0.00,0.04,1.43
4914,1604,1,138,3.00,1.75,0.00,0.10,5.25
4915,1604,2,368,4.00,2.99,0.00,0.10,11.96
4916,1605,1,546,1.00,2.99,0.00,0.04,2.99
4917,1606,1,80,1.00,2.95,0.00,0.10,2.95
4918,1607,1,522,1.00,5.99,0.00,0.21,5.99
4919,1608,1,110,1.00,1.99,0.00,0.21,1.99
4920,1609,1,564,2.00,16.95,0.00,0.04,33.90
4921,1610,1,293,2.00,5.49,0.00,0.04,10.98
4922,1611,1,194,1.00,2.95,0.00,0.10,2.95
4923,1611,2,598,2.00,23.99,0.00,0.21,47.98
4924,1611,3,339,0.41,1.95,0.00,0.10,0.80
4925,1612,1,18,1.00,4.49,0.00,0.21,4.49
4926,1612,2,123,1.00,2.50,0.00,0.10,2.50
4927,1612,3,475,2.00,2.99,0.00,0.10,5.98
4928,1613,1,321,2.00,2.99,0.00,0.10,5.98
4929,1614,1,568,2.00,2.99,0.00,0.04,5.98
4930,1615,1,577,2.00,2.50,0.00,0.21,5.00
4931,1616,1,540,1.00,8.99,0.00,0.21,8.99
4932,1617,1,382,1.00,3.95,0.00,0.21,3.95
4933,1618,1,72,1.00,4.95,0.00,0.21,4.95
4934,1618,2,86,2.00,3.99,0.00,0.10,7.98
4935,1618,3,524,0.24,2.99,0.00,0.21,0.72
4936,1618,4,546,4.00,2.99,0.00,0.04,11.96
4937,1618,5,318,1.00,2.49,0.00,0.21,2.49
4938,1618,6,555,1.00,1.99,0.00,0.04,1.99
4939,1618,7,27,2.00,13.95,0.00,0.04,27.90
4940,1619,1,356,1.00,12.25,0.00,0.21,12.25
4941,1620,1,78,1.00,9.99,0.00,0.21,9.99
4942,1620,2,306,1.00,8.95,0.00,0.04,8.95
4943,1620,3,441,1.00,6.95,0.00,0.21,6.95
4944,1620,4,524,0.16,2.99,0.00,0.21,0.48
4945,1620,5,116,0.38,6.49,0.00,0.04,2.47
4946,1620,6,348,1.00,3.00,0.00,0.21,3.00
4947,1620,7,439,1.00,3.75,0.00,0.21,3.75
4948,1620,8,502,2.00,9.00,0.00,0.10,18.00
4949,1620,9,574,1.00,10.00,0.00,0.21,10.00
4950,1620,10,374,1.00,2.00,0.00,0.10,2.00
4951,1620,11,322,2.00,4.49,0.00,0.21,8.98
4952,1620,12,532,1.00,2.95,0.00,0.21,2.95
4953,1620,13,465,1.00,1.99,0.00,0.10,1.99
4954,1620,14,403,2.00,7.99,0.00,0.21,15.98
4955,1620,15,251,1.00,3.95,0.00,0.21,3.95
4956,1620,16,282,1.00,1.75,0.00,0.10,1.75
4957,1620,17,1,6.00,12.99,0.00,0.21,77.94
4958,1620,18,228,1.00,2.50,0.00,0.21,2.50
4959,1620,19,474,3.00,2.99,0.00,0.21,8.97
4960,1620,20,303,1.46,2.25,0.00,0.10,3.28
4961,1620,21,588,1.00,5.25,0.00,0.21,5.25
4962,1621,1,494,6.00,10.25,0.00,0.21,61.50
4963,1621,2,450,2.00,3.99,0.00,0.21,7.98
4964,1622,1,579,1.00,2.49,0.00,0.10,2.49
4965,1623,1,248,1.00,5.49,0.00,0.21,5.49
4966,1624,1,378,4.00,0.99,0.00,0.21,3.96
4967,1624,2,387,2.00,3.95,0.00,0.21,7.90
4968,1624,3,321,2.00,2.99,0.00,0.10,5.98
4969,1625,1,235,3.00,2.49,0.00,0.04,7.47
4970,1625,2,399,1.00,1.99,0.00,0.10,1.99
4971,1626,1,282,4.00,1.75,0.00,0.10,7.00
4972,1626,2,439,1.00,3.75,0.00,0.21,3.75
4973,1626,3,52,2.00,2.95,0.00,0.04,5.90
4974,1626,4,525,1.00,2.99,0.00,0.04,2.99
4975,1626,5,290,1.00,4.95,0.00,0.21,4.95
4976,1627,1,207,4.00,1.49,20.00,0.21,4.77
4977,1627,2,244,2.20,11.95,0.00,0.04,26.29
4978,1627,3,570,1.00,1.99,0.00,0.10,1.99
4979,1627,4,216,3.00,2.95,0.00,0.21,8.85
4980,1627,5,412,1.00,3.99,0.00,0.21,3.99
4981,1627,6,68,1.00,3.49,0.00,0.21,3.49
4982,1627,7,514,1.14,1.99,0.00,0.04,2.27
4983,1627,8,300,3.00,2.99,0.00,0.21,8.97
4984,1627,9,250,1.00,1.49,0.00,0.21,1.49
4985,1628,1,113,1.00,2.99,0.00,0.04,2.99
4986,1629,1,352,1.00,2.50,0.00,0.10,2.50
4987,1629,2,311,1.00,3.49,0.00,0.10,3.49
4988,1629,3,484,2.00,1.99,0.00,0.04,3.98
4989,1629,4,426,1.00,1.99,0.00,0.10,1.99
4990,1629,5,370,1.00,2.95,0.00,0.10,2.95
4991,1630,1,333,2.00,8.95,0.00,0.21,17.90
4992,1631,1,26,1.00,1.99,0.00,0.21,1.99
4993,1631,2,229,1.00,2.75,0.00,0.10,2.75
4994,1631,3,480,1.00,22.50,0.00,0.21,22.50
4995,1631,4,174,1.00,4.49,0.00,0.21,4.49
4996,1631,5,100,1.00,3.00,0.00,0.21,3.00
4997,1631,6,96,1.00,1.99,0.00,0.21,1.99
4998,1631,7,371,1.00,5.75,0.00,0.04,5.75
4999,1632,1,79,1.00,1.49,0.00,0.10,1.49
5000,1632,2,82,4.00,5.95,0.00,0.21,23.80
5001,1633,1,590,1.00,11.49,0.00,0.10,11.49
5002,1633,2,350,1.00,1.99,0.00,0.10,1.99
5003,1633,3,442,1.44,3.00,0.00,0.21,4.32
5004,1634,1,589,1.31,11.99,0.00,0.04,15.71
5005,1635,1,518,1.00,2.95,0.00,0.04,2.95
5006,1635,2,246,2.00,4.50,0.00,0.10,9.00
5007,1635,3,277,2.00,4.99,0.00,0.10,9.98
5008,1636,1,549,1.00,6.99,0.00,0.21,6.99
5009,1637,1,80,1.00,2.95,0.00,0.10,2.95
5010,1637,2,202,3.00,4.50,0.00,0.21,13.50
5011,1638,1,332,1.00,1.99,0.00,0.10,1.99
5012,1638,2,202,1.00,4.50,0.00,0.21,4.50
5013,1638,3,62,2.00,5.99,0.00,0.21,11.98
5014,1639,1,264,1.00,1.99,0.00,0.10,1.99
5015,1639,2,51,2.00,3.99,0.00,0.21,7.98
5016,1639,3,553,1.00,7.99,0.00,0.04,7.99
5017,1639,4,496,1.00,3.50,0.00,0.10,3.50
5018,1639,5,495,4.00,14.95,0.00,0.21,59.80
5019,1639,6,308,1.00,9.99,0.00,0.21,9.99
5020,1640,1,222,3.00,2.75,0.00,0.10,8.25
5021,1640,2,247,1.00,3.99,0.00,0.04,3.99
5022,1641,1,174,1.00,4.49,0.00,0.21,4.49
5023,1642,1,580,1.00,6.50,0.00,0.10,6.50
5024,1642,2,26,3.00,1.99,0.00,0.21,5.97
5025,1643,1,100,1.00,3.00,0.00,0.21,3.00
5026,1643,2,198,2.00,2.49,0.00,0.10,4.98
5027,1643,3,286,6.00,3.25,0.00,0.21,19.50
5028,1643,4,73,1.98,0.99,0.00,0.10,1.96
5029,1643,5,48,2.00,1.95,0.00,0.21,3.90
5030,1643,6,133,2.00,1.99,0.00,0.21,3.98
5031,1644,1,569,2.00,2.95,0.00,0.21,5.90
5032,1644,2,590,1.00,11.49,0.00,0.10,11.49
5033,1644,3,406,2.26,13.99,0.00,0.04,31.62
5034,1644,4,459,6.00,2.99,0.00,0.21,17.94
5035,1645,1,368,1.00,2.99,0.00,0.10,2.99
5036,1646,1,428,2.00,12.99,0.00,0.21,25.98
5037,1646,2,151,1.00,1.95,0.00,0.04,1.95
5038,1646,3,281,2.00,2.00,0.00,0.21,4.00
5039,1646,4,298,1.00,1.50,0.00,0.10,1.50
5040,1647,1,488,1.00,2.49,0.00,0.21,2.49
5041,1647,2,189,1.00,1.50,0.00,0.04,1.50
5042,1647,3,584,1.00,19.95,0.00,0.21,19.95
5043,1647,4,140,1.00,2.99,0.00,0.21,2.99
5044,1647,5,423,2.00,2.99,0.00,0.21,5.98
5045,1648,1,404,2.00,4.99,0.00,0.10,9.98
5046,1649,1,430,2.00,4.50,0.00,0.21,9.00
5047,1650,1,83,1.00,4.99,0.00,0.21,4.99
5048,1650,2,4,1.00,1.49,0.00,0.21,1.49
5049,1650,3,522,1.00,5.99,0.00,0.21,5.99
5050,1650,4,588,2.00,5.25,0.00,0.21,10.50
5051,1650,5,121,1.00,2.75,0.00,0.04,2.75
5052,1650,6,373,1.00,8.95,0.00,0.21,8.95
5053,1651,1,598,1.00,23.99,0.00,0.21,23.99
5054,1652,1,514,1.44,1.99,0.00,0.04,2.87
5055,1653,1,421,2.00,10.49,0.00,0.04,20.98
5056,1654,1,408,2.00,4.00,0.00,0.21,8.00
5057,1655,1,223,2.00,2.99,0.00,0.21,5.98
5058,1655,2,397,1.00,3.99,0.00,0.21,3.99
5059,1656,1,447,2.00,2.95,0.00,0.04,5.90
5060,1657,1,140,1.00,2.99,0.00,0.21,2.99
5061,1657,2,74,1.00,3.99,0.00,0.21,3.99
5062,1657,3,445,2.00,1.99,0.00,0.10,3.98
5063,1658,1,78,1.00,9.99,0.00,0.21,9.99
5064,1658,2,295,1.00,1.99,0.00,0.21,1.99
5065,1658,3,35,2.00,3.99,0.00,0.21,7.98
5066,1659,1,54,1.00,5.50,0.00,0.21,5.50
5067,1659,2,304,1.00,4.95,0.00,0.21,4.95
5068,1660,1,112,2.00,3.99,0.00,0.10,7.98
5069,1660,2,221,1.41,5.95,0.00,0.04,8.39
5070,1661,1,347,1.19,5.99,0.00,0.04,7.13
5071,1661,2,199,3.00,3.75,0.00,0.21,11.25
5072,1661,3,463,1.00,4.25,0.00,0.04,4.25
5073,1661,4,193,2.00,1.99,0.00,0.10,3.98
5074,1662,1,567,2.00,1.49,0.00,0.10,2.98
5075,1662,2,203,1.00,2.75,0.00,0.10,2.75
5076,1662,3,472,1.00,0.99,0.00,0.10,0.99
5077,1662,4,175,4.00,2.95,0.00,0.21,11.80
5078,1662,5,136,2.00,7.95,0.00,0.21,15.90
5079,1662,6,414,1.00,4.00,0.00,0.10,4.00
5080,1662,7,376,1.00,5.99,0.00,0.10,5.99
5081,1663,1,161,1.00,1.99,0.00,0.21,1.99
5082,1663,2,209,6.00,6.75,0.00,0.21,40.50
5083,1664,1,54,1.00,5.50,0.00,0.21,5.50
5084,1665,1,283,1.00,1.95,0.00,0.10,1.95
5085,1665,2,215,1.00,8.95,0.00,0.21,8.95
5086,1666,1,91,1.66,3.49,0.00,0.21,5.79
5087,1666,2,270,1.00,1.99,0.00,0.10,1.99
5088,1666,3,414,1.00,4.00,0.00,0.10,4.00
5089,1666,4,64,1.00,4.99,0.00,0.21,4.99
5090,1666,5,133,1.00,1.99,0.00,0.21,1.99
5091,1666,6,460,3.00,7.99,0.00,0.21,23.97
5092,1666,7,350,1.00,1.99,0.00,0.10,1.99
5093,1666,8,49,1.00,3.99,0.00,0.21,3.99
5094,1666,9,356,2.00,12.25,0.00,0.21,24.50
5095,1666,10,82,2.00,5.95,0.00,0.21,11.90
5096,1666,11,130,2.00,4.95,0.00,0.21,9.90
5097,1666,12,172,2.00,14.50,0.00,0.21,29.00
5098,1666,13,566,6.00,1.95,0.00,0.04,11.70
5099,1667,1,502,2.00,9.00,0.00,0.10,18.00
5100,1667,2,401,1.00,3.75,0.00,0.10,3.75
5101,1668,1,514,0.66,1.99,0.00,0.04,1.31
5102,1669,1,191,4.00,3.50,0.00,0.21,14.00
5103,1670,1,13,1.00,4.75,0.00,0.21,4.75
5104,1671,1,129,1.00,2.99,0.00,0.10,2.99
5105,1671,2,420,2.12,13.99,0.00,0.04,29.66
5106,1671,3,146,2.00,1.49,0.00,0.21,2.98
5107,1671,4,557,1.00,4.99,0.00,0.10,4.99
5108,1671,5,414,2.00,4.00,0.00,0.10,8.00
5109,1671,6,259,2.00,2.95,0.00,0.04,5.90
5110,1672,1,445,1.00,1.99,0.00,0.10,1.99
5111,1672,2,442,0.24,3.00,0.00,0.21,0.72
5112,1672,3,525,2.00,2.99,0.00,0.04,5.98
5113,1672,4,194,1.00,2.95,0.00,0.10,2.95
5114,1672,5,234,1.00,4.00,0.00,0.10,4.00
5115,1672,6,212,3.00,17.99,0.00,0.04,53.97
5116,1673,1,368,2.00,2.99,0.00,0.10,5.98
5117,1674,1,332,1.00,1.99,0.00,0.10,1.99
5118,1674,2,583,1.00,2.99,0.00,0.21,2.99
5119,1674,3,454,2.00,1.99,0.00,0.10,3.98
5120,1674,4,106,3.00,3.49,0.00,0.21,10.47
5121,1675,1,598,1.00,23.99,0.00,0.21,23.99
5122,1676,1,29,1.00,3.50,0.00,0.21,3.50
5123,1676,2,533,1.00,6.75,0.00,0.21,6.75
5124,1677,1,117,1.00,2.99,0.00,0.21,2.99
5125,1677,2,219,1.00,3.75,0.00,0.21,3.75
5126,1677,3,416,1.00,2.99,0.00,0.21,2.99
5127,1677,4,244,1.86,11.95,0.00,0.04,22.23
5128,1677,5,177,3.00,3.95,0.00,0.21,11.85
5129,1677,6,199,1.00,3.75,0.00,0.21,3.75
5130,1677,7,142,0.78,4.49,0.00,0.04,3.50
5131,1677,8,305,3.00,3.99,0.00,0.10,11.97
5132,1677,9,452,1.00,7.95,0.00,0.10,7.95
5133,1678,1,229,1.00,2.75,0.00,0.10,2.75
5134,1678,2,278,1.00,3.25,0.00,0.21,3.25
5135,1678,3,504,1.00,2.49,0.00,0.10,2.49
5136,1678,4,469,1.00,4.50,0.00,0.21,4.50
5137,1678,5,281,2.00,2.00,0.00,0.21,4.00
5138,1679,1,401,1.00,3.75,0.00,0.10,3.75
5139,1679,2,345,1.00,7.50,0.00,0.21,7.50
5140,1679,3,392,2.00,1.49,0.00,0.04,2.98
5141,1679,4,281,2.00,2.00,0.00,0.21,4.00
5142,1680,1,425,1.00,3.99,0.00,0.21,3.99
5143,1680,2,67,1.00,5.99,0.00,0.21,5.99
5144,1681,1,542,2.00,9.99,0.00,0.21,19.98
5145,1681,2,29,3.00,3.50,0.00,0.21,10.50
5146,1681,3,555,2.00,1.99,0.00,0.04,3.98
5147,1681,4,330,1.00,11.75,0.00,0.04,11.75
5148,1681,5,291,2.00,0.99,0.00,0.21,1.98
5149,1681,6,424,1.00,1.95,0.00,0.10,1.95
5150,1681,7,20,1.75,1.99,0.00,0.04,3.48
5151,1681,8,13,1.00,4.75,0.00,0.21,4.75
5152,1681,9,369,1.00,7.99,0.00,0.10,7.99
5153,1682,1,378,1.00,0.99,0.00,0.21,0.99
5154,1682,2,442,0.92,3.00,0.00,0.21,2.76
5155,1683,1,518,1.00,2.95,0.00,0.04,2.95
5156,1684,1,542,1.00,9.99,0.00,0.21,9.99
5157,1684,2,216,3.00,2.95,0.00,0.21,8.85
5158,1685,1,460,3.00,7.99,0.00,0.21,23.97
5159,1685,2,281,2.00,2.00,0.00,0.21,4.00
5160,1685,3,519,1.00,2.95,0.00,0.10,2.95
5161,1685,4,86,1.00,3.99,25.00,0.10,2.99
5162,1686,1,378,1.00,0.99,0.00,0.21,0.99
5163,1686,2,102,1.00,3.00,0.00,0.04,3.00
5164,1687,1,266,2.00,11.49,0.00,0.10,22.98
5165,1688,1,181,3.00,3.50,0.00,0.10,10.50
5166,1689,1,535,1.00,4.50,0.00,0.10,4.50
5167,1689,2,464,2.00,2.50,0.00,0.21,5.00
5168,1690,1,484,3.00,1.99,0.00,0.04,5.97
5169,1691,1,568,1.00,2.99,0.00,0.04,2.99
5170,1691,2,44,2.00,3.99,0.00,0.21,7.98
5171,1691,3,551,1.00,3.50,0.00,0.21,3.50
5172,1691,4,208,2.00,22.99,0.00,0.21,45.98
5173,1692,1,115,1.00,6.99,0.00,0.21,6.99
5174,1692,2,45,1.00,4.99,0.00,0.21,4.99
5175,1693,1,539,2.00,4.50,0.00,0.21,9.00
5176,1693,2,197,1.79,5.95,0.00,0.21,10.65
5177,1693,3,240,1.00,1.95,0.00,0.10,1.95
5178,1693,4,15,1.00,7.75,0.00,0.21,7.75
5179,1693,5,193,1.00,1.99,0.00,0.10,1.99
5180,1693,6,13,2.00,4.75,0.00,0.21,9.50
5181,1693,7,570,1.00,1.99,0.00,0.10,1.99
5182,1694,1,207,1.00,1.49,0.00,0.21,1.49
5183,1694,2,406,1.13,13.99,0.00,0.04,15.81
5184,1694,3,106,2.00,3.49,0.00,0.21,6.98
5185,1695,1,215,1.00,8.95,0.00,0.21,8.95
5186,1695,2,164,1.00,5.99,0.00,0.21,5.99
5187,1695,3,298,6.00,1.50,0.00,0.10,9.00
5188,1695,4,503,1.00,3.99,0.00,0.10,3.99
5189,1695,5,136,2.00,7.95,0.00,0.21,15.90
5190,1695,6,193,1.00,1.99,0.00,0.10,1.99
5191,1695,7,223,1.00,2.99,0.00,0.21,2.99
5192,1695,8,589,0.42,11.99,0.00,0.04,5.04
5193,1695,9,378,2.00,0.99,0.00,0.21,1.98
5194,1696,1,445,2.00,1.99,0.00,0.10,3.98
5195,1696,2,40,1.00,3.99,0.00,0.21,3.99
5196,1696,3,30,1.00,1.49,0.00,0.21,1.49
5197,1697,1,181,1.00,3.50,0.00,0.10,3.50
5198,1697,2,138,1.00,1.75,0.00,0.10,1.75
5199,1698,1,93,2.25,13.99,0.00,0.04,31.48
5200,1698,2,250,1.00,1.49,0.00,0.21,1.49
5201,1698,3,368,1.00,2.99,0.00,0.10,2.99
5202,1698,4,482,2.00,4.50,0.00,0.04,9.00
5203,1699,1,137,2.00,1.49,0.00,0.10,2.98
5204,1700,1,80,1.00,2.95,0.00,0.10,2.95
5205,1700,2,566,1.00,1.95,0.00,0.04,1.95
5206,1700,3,286,1.00,3.25,0.00,0.21,3.25
5207,1700,4,414,1.00,4.00,0.00,0.10,4.00
5208,1700,5,127,3.00,6.99,0.00,0.10,20.97
5209,1701,1,186,2.00,4.25,0.00,0.21,8.50
5210,1701,2,526,0.35,4.49,0.00,0.21,1.57
5211,1701,3,485,2.00,2.99,0.00,0.04,5.98
5212,1701,4,235,2.00,2.49,0.00,0.04,4.98
5213,1701,5,434,1.00,3.50,0.00,0.04,3.50
5214,1702,1,590,1.00,11.49,0.00,0.10,11.49
5215,1702,2,545,1.00,5.95,0.00,0.21,5.95
5216,1703,1,19,1.00,8.99,0.00,0.21,8.99
5217,1704,1,53,1.00,2.99,0.00,0.10,2.99
5218,1704,2,311,2.00,3.49,0.00,0.10,6.98
5219,1704,3,313,1.00,3.99,0.00,0.10,3.99
5220,1704,4,79,1.00,1.49,0.00,0.10,1.49
5221,1704,5,342,3.00,2.95,0.00,0.21,8.85
5222,1704,6,293,1.00,5.49,0.00,0.04,5.49
5223,1705,1,72,3.00,4.95,0.00,0.21,14.85
5224,1705,2,215,1.00,8.95,0.00,0.21,8.95
5225,1705,3,48,1.00,1.95,0.00,0.21,1.95
5226,1705,4,304,1.00,4.95,0.00,0.21,4.95
5227,1706,1,253,1.00,3.00,0.00,0.21,3.00
5228,1707,1,65,1.00,10.49,0.00,0.04,10.49
5229,1707,2,473,2.00,1.25,0.00,0.10,2.50
5230,1707,3,238,2.00,2.49,0.00,0.21,4.98
5231,1707,4,515,1.00,2.99,0.00,0.04,2.99
5232,1707,5,492,1.00,3.00,0.00,0.21,3.00
5233,1707,6,483,1.00,2.99,0.00,0.10,2.99
5234,1707,7,206,1.00,2.99,0.00,0.21,2.99
5235,1708,1,524,2.47,2.99,0.00,0.21,7.39
5236,1708,2,15,2.00,7.75,0.00,0.21,15.50
5237,1708,3,500,3.00,1.95,0.00,0.10,5.85
5238,1708,4,9,1.00,2.99,0.00,0.21,2.99
5239,1708,5,316,6.00,3.75,0.00,0.21,22.50
5240,1709,1,514,2.00,1.99,0.00,0.04,3.98
5241,1709,2,500,1.00,1.95,0.00,0.10,1.95
5242,1709,3,74,4.00,3.99,0.00,0.21,15.96
5243,1710,1,94,1.00,2.99,0.00,0.21,2.99
5244,1711,1,598,1.00,23.99,0.00,0.21,23.99
5245,1711,2,462,1.00,2.49,0.00,0.10,2.49
5246,1711,3,590,1.00,11.49,0.00,0.10,11.49
5247,1711,4,411,1.00,3.99,0.00,0.21,3.99
5248,1711,5,587,1.00,3.99,0.00,0.21,3.99
5249,1711,6,447,1.00,2.95,0.00,0.04,2.95
5250,1711,7,559,4.00,4.99,0.00,0.10,19.96
5251,1711,8,517,1.68,3.99,0.00,0.21,6.70
5252,1712,1,140,1.00,2.99,0.00,0.21,2.99
5253,1712,2,220,2.16,3.00,0.00,0.21,6.48
5254,1712,3,487,0.56,10.49,0.00,0.04,5.87
5255,1713,1,345,1.00,7.50,0.00,0.21,7.50
5256,1713,2,81,1.00,7.99,0.00,0.04,7.99
5257,1713,3,95,1.00,1.99,0.00,0.10,1.99
5258,1713,4,280,1.00,1.75,0.00,0.10,1.75
5259,1713,5,363,6.00,4.50,0.00,0.21,27.00
5260,1713,6,559,1.00,4.99,0.00,0.10,4.99
5261,1713,7,47,1.00,5.99,0.00,0.10,5.99
5262,1714,1,405,2.00,4.75,0.00,0.21,9.50
5263,1715,1,416,3.00,2.99,0.00,0.21,8.97
5264,1715,2,61,1.00,4.99,0.00,0.04,4.99
5265,1715,3,179,1.00,12.75,0.00,0.04,12.75
5266,1715,4,212,1.00,17.99,0.00,0.04,17.99
5267,1715,5,134,3.00,3.49,0.00,0.10,10.47
5268,1715,6,321,1.00,2.99,0.00,0.10,2.99
5269,1715,7,568,3.00,2.99,0.00,0.04,8.97
5270,1715,8,560,2.00,7.95,0.00,0.21,15.90
5271,1715,9,520,1.00,2.99,0.00,0.10,2.99
5272,1715,10,175,1.00,2.95,0.00,0.21,2.95
5273,1715,11,294,1.00,1.99,0.00,0.04,1.99
5274,1716,1,452,1.00,7.95,0.00,0.10,7.95
5275,1717,1,50,1.00,2.25,0.00,0.21,2.25
5276,1717,2,186,2.00,4.25,0.00,0.21,8.50
5277,1718,1,357,1.00,1.95,0.00,0.10,1.95
5278,1719,1,173,1.00,1.95,30.00,0.04,1.36
5279,1720,1,356,2.00,12.25,0.00,0.21,24.50
5280,1721,1,11,1.00,4.95,0.00,0.21,4.95
5281,1721,2,171,1.00,1.49,0.00,0.10,1.49
5282,1721,3,497,1.00,1.99,0.00,0.10,1.99
5283,1721,4,387,4.00,3.95,0.00,0.21,15.80
5284,1722,1,17,1.00,2.49,0.00,0.10,2.49
5285,1723,1,526,0.67,4.49,0.00,0.21,3.01
5286,1723,2,567,2.00,1.49,0.00,0.10,2.98
5287,1724,1,437,2.00,4.50,0.00,0.21,9.00
5288,1724,2,182,1.00,2.75,0.00,0.04,2.75
5289,1724,3,389,0.77,11.95,0.00,0.04,9.20
5290,1725,1,93,1.18,13.99,0.00,0.04,16.51
5291,1726,1,584,1.00,19.95,0.00,0.21,19.95
5292,1726,2,78,1.00,9.99,0.00,0.21,9.99
5293,1726,3,279,2.00,7.99,0.00,0.21,15.98
5294,1726,4,516,0.18,1.99,0.00,0.04,0.36
5295,1726,5,403,1.00,7.99,0.00,0.21,7.99
5296,1726,6,436,2.00,4.99,0.00,0.04,9.98
5297,1726,7,359,1.00,3.99,0.00,0.04,3.99
5298,1726,8,258,1.00,5.99,0.00,0.21,5.99
5299,1727,1,450,3.00,3.99,0.00,0.21,11.97
5300,1727,2,303,0.97,2.25,0.00,0.10,2.18
5301,1727,3,72,2.00,4.95,0.00,0.21,9.90
5302,1727,4,568,2.00,2.99,0.00,0.04,5.98
5303,1727,5,432,1.96,10.75,0.00,0.04,21.07
5304,1727,6,555,1.00,1.99,0.00,0.04,1.99
5305,1728,1,216,1.00,2.95,0.00,0.21,2.95
5306,1729,1,594,2.14,10.99,0.00,0.04,23.52
5307,1729,2,377,2.00,2.99,0.00,0.21,5.98
5308,1730,1,527,1.00,2.99,0.00,0.21,2.99
5309,1731,1,21,1.00,2.49,0.00,0.21,2.49
5310,1732,1,230,1.00,7.99,0.00,0.21,7.99
5311,1732,2,185,1.00,2.99,0.00,0.10,2.99
5312,1733,1,350,1.00,1.99,0.00,0.10,1.99
5313,1734,1,542,1.00,9.99,0.00,0.21,9.99
5314,1734,2,78,1.00,9.99,0.00,0.21,9.99
5315,1735,1,365,1.00,17.99,0.00,0.21,17.99
5316,1735,2,321,2.00,2.99,0.00,0.10,5.98
5317,1735,3,555,2.00,1.99,0.00,0.04,3.98
5318,1736,1,577,3.00,2.50,0.00,0.21,7.50
5319,1737,1,196,2.00,4.95,0.00,0.04,9.90
5320,1737,2,390,0.62,4.99,0.00,0.04,3.09
5321,1738,1,13,1.00,4.75,0.00,0.21,4.75
5322,1738,2,380,1.00,3.99,0.00,0.21,3.99
5323,1738,3,462,3.00,2.49,0.00,0.10,7.47
5324,1738,4,528,1.00,2.99,0.00,0.10,2.99
5325,1738,5,314,1.00,1.99,0.00,0.04,1.99
5326,1738,6,346,1.00,6.99,0.00,0.21,6.99
5327,1738,7,325,1.00,1.50,0.00,0.21,1.50
5328,1738,8,356,1.00,12.25,0.00,0.21,12.25
5329,1738,9,549,3.00,6.99,0.00,0.21,20.97
5330,1739,1,212,1.00,17.99,0.00,0.04,17.99
5331,1740,1,483,2.00,2.99,0.00,0.10,5.98
5332,1741,1,539,2.00,4.50,0.00,0.21,9.00
5333,1741,2,68,1.00,3.49,0.00,0.21,3.49
5334,1741,3,497,1.00,1.99,0.00,0.10,1.99
5335,1742,1,93,0.60,13.99,0.00,0.04,8.39
5336,1742,2,324,1.00,2.95,0.00,0.04,2.95
5337,1742,3,355,1.00,3.75,0.00,0.10,3.75
5338,1743,1,287,2.46,1.99,0.00,0.10,4.90
5339,1743,2,474,2.00,2.99,0.00,0.21,5.98
5340,1744,1,439,1.00,3.75,0.00,0.21,3.75
5341,1745,1,307,2.00,5.25,0.00,0.10,10.50
5342,1745,2,143,1.32,9.95,0.00,0.04,13.13
5343,1746,1,397,2.00,3.99,0.00,0.21,7.98
5344,1746,2,95,1.00,1.99,0.00,0.10,1.99
5345,1746,3,311,1.00,3.49,0.00,0.10,3.49
5346,1746,4,211,1.32,3.00,0.00,0.21,3.96
5347,1747,1,50,1.00,2.25,0.00,0.21,2.25
5348,1748,1,335,2.00,2.50,0.00,0.21,5.00
5349,1748,2,151,2.00,1.95,0.00,0.04,3.90
5350,1748,3,21,2.00,2.49,0.00,0.21,4.98
5351,1748,4,422,1.00,11.75,0.00,0.21,11.75
5352,1748,5,288,2.00,2.00,0.00,0.21,4.00
5353,1749,1,239,2.00,5.99,0.00,0.21,11.98
5354,1750,1,406,0.94,13.99,0.00,0.04,13.15
5355,1751,1,492,1.00,3.00,0.00,0.21,3.00
5356,1751,2,519,1.00,2.95,0.00,0.10,2.95
5357,1751,3,43,1.00,1.95,0.00,0.10,1.95
5358,1751,4,264,4.00,1.99,0.00,0.10,7.96
5359,1752,1,138,1.00,1.75,0.00,0.10,1.75
5360,1753,1,268,1.00,1.95,0.00,0.10,1.95
5361,1754,1,65,1.00,10.49,0.00,0.04,10.49
5362,1755,1,315,1.00,1.99,0.00,0.10,1.99
5363,1755,2,290,1.00,4.95,0.00,0.21,4.95
5364,1755,3,500,2.00,1.95,0.00,0.10,3.90
5365,1756,1,83,1.00,4.99,0.00,0.21,4.99
5366,1757,1,36,1.00,2.95,0.00,0.10,2.95
5367,1757,2,390,2.05,4.99,0.00,0.04,10.23
5368,1758,1,321,2.00,2.99,0.00,0.10,5.98
5369,1758,2,335,1.00,2.50,0.00,0.21,2.50
5370,1758,3,56,1.00,1.95,0.00,0.10,1.95
5371,1758,4,261,1.00,2.50,0.00,0.10,2.50
5372,1759,1,576,3.00,2.99,0.00,0.10,8.97
5373,1759,2,71,2.00,2.99,0.00,0.10,5.98
5374,1760,1,109,3.00,0.99,0.00,0.04,2.97
5375,1760,2,415,2.00,9.50,0.00,0.21,19.00
5376,1760,3,88,1.00,5.99,0.00,0.10,5.99
5377,1760,4,23,1.00,13.99,0.00,0.04,13.99
5378,1761,1,456,1.00,8.99,0.00,0.21,8.99
5379,1761,2,521,2.00,5.99,0.00,0.21,11.98
5380,1761,3,529,1.00,5.49,0.00,0.10,5.49
5381,1761,4,341,3.00,1.99,0.00,0.10,5.97
5382,1762,1,257,2.00,4.00,0.00,0.21,8.00
5383,1762,2,408,1.00,4.00,0.00,0.21,4.00
5384,1763,1,583,1.00,2.99,0.00,0.21,2.99
5385,1763,2,51,2.00,3.99,0.00,0.21,7.98
5386,1764,1,316,3.00,3.75,0.00,0.21,11.25
5387,1765,1,42,3.00,14.99,0.00,0.21,44.97
5388,1766,1,122,1.00,2.95,0.00,0.04,2.95
5389,1767,1,128,1.00,3.99,0.00,0.10,3.99
5390,1767,2,11,1.00,4.95,0.00,0.21,4.95
5391,1767,3,264,3.00,1.99,0.00,0.10,5.97
5392,1767,4,537,2.00,5.95,0.00,0.21,11.90
5393,1767,5,122,1.00,2.95,0.00,0.04,2.95
5394,1768,1,184,1.00,7.99,0.00,0.21,7.99
5395,1768,2,209,2.00,6.75,0.00,0.21,13.50
5396,1768,3,108,1.00,3.95,0.00,0.21,3.95
5397,1769,1,199,1.00,3.75,0.00,0.21,3.75
5398,1770,1,351,1.00,5.99,0.00,0.21,5.99
5399,1770,2,480,1.00,22.50,0.00,0.21,22.50
5400,1771,1,562,1.00,3.95,0.00,0.21,3.95
5401,1772,1,265,1.00,2.95,0.00,0.21,2.95
5402,1772,2,334,1.00,1.50,0.00,0.10,1.50
5403,1772,3,72,4.00,4.95,0.00,0.21,19.80
5404,1772,4,576,1.00,2.99,0.00,0.10,2.99
5405,1772,5,532,2.00,2.95,0.00,0.21,5.90
5406,1772,6,546,1.00,2.99,0.00,0.04,2.99
5407,1772,7,381,2.06,4.00,0.00,0.04,8.24
5408,1772,8,473,1.00,1.25,0.00,0.10,1.25
5409,1772,9,592,1.00,1.50,0.00,0.04,1.50
5410,1773,1,513,1.00,0.99,0.00,0.04,0.99
5411,1773,2,272,1.00,2.95,0.00,0.21,2.95
5412,1773,3,431,1.00,2.49,0.00,0.21,2.49
5413,1774,1,104,1.00,2.99,0.00,0.04,2.99
5414,1774,2,109,1.00,0.99,0.00,0.04,0.99
5415,1774,3,411,2.00,3.99,0.00,0.21,7.98
5416,1774,4,557,1.00,4.99,0.00,0.10,4.99
5417,1774,5,176,3.00,1.49,0.00,0.10,4.47
5418,1774,6,315,1.00,1.99,0.00,0.10,1.99
5419,1775,1,237,1.00,14.95,0.00,0.04,14.95
5420,1775,2,370,1.00,2.95,0.00,0.10,2.95
5421,1775,3,343,1.00,4.49,0.00,0.21,4.49
5422,1776,1,360,2.00,2.49,0.00,0.21,4.98
5423,1777,1,449,1.00,3.25,0.00,0.21,3.25
5424,1777,2,418,1.00,10.99,0.00,0.21,10.99
5425,1777,3,587,1.00,3.99,0.00,0.21,3.99
5426,1777,4,132,2.00,2.95,0.00,0.21,5.90
5427,1777,5,554,1.00,4.49,0.00,0.21,4.49
5428,1778,1,386,1.00,9.95,0.00,0.21,9.95
5429,1778,2,258,1.00,5.99,0.00,0.21,5.99
5430,1778,3,72,3.00,4.95,0.00,0.21,14.85
5431,1778,4,239,1.00,5.99,0.00,0.21,5.99
5432,1779,1,278,2.00,3.25,0.00,0.21,6.50
5433,1780,1,317,1.00,4.50,0.00,0.21,4.50
5434,1781,1,272,4.00,2.95,0.00,0.21,11.80
5435,1781,2,280,2.00,1.75,0.00,0.10,3.50
5436,1781,3,531,0.93,1.99,0.00,0.10,1.85
5437,1781,4,137,1.00,1.49,0.00,0.10,1.49
5438,1782,1,380,1.00,3.99,0.00,0.21,3.99
5439,1782,2,583,1.00,2.99,0.00,0.21,2.99
5440,1782,3,431,1.00,2.49,0.00,0.21,2.49
5441,1782,4,462,1.00,2.49,0.00,0.10,2.49
5442,1783,1,593,6.00,4.25,0.00,0.21,25.50
5443,1783,2,267,0.65,1.95,0.00,0.04,1.27
5444,1783,3,415,2.00,9.50,0.00,0.21,19.00
5445,1784,1,236,1.00,2.99,0.00,0.21,2.99
5446,1784,2,488,2.00,2.49,0.00,0.21,4.98
5447,1785,1,420,1.24,13.99,0.00,0.04,17.35
5448,1785,2,125,1.70,2.00,0.00,0.10,3.40
5449,1785,3,547,2.00,5.95,0.00,0.04,11.90
5450,1786,1,289,1.00,3.99,0.00,0.10,3.99
5451,1786,2,140,1.00,2.99,0.00,0.21,2.99
5452,1786,3,68,1.00,3.49,0.00,0.21,3.49
5453,1787,1,24,1.00,7.50,0.00,0.21,7.50
5454,1787,2,289,1.00,3.99,0.00,0.10,3.99
5455,1788,1,174,1.00,4.49,0.00,0.21,4.49
5456,1789,1,234,1.00,4.00,0.00,0.10,4.00
5457,1789,2,275,1.00,5.95,0.00,0.04,5.95
5458,1790,1,445,1.00,1.99,0.00,0.10,1.99
5459,1791,1,475,1.00,2.99,0.00,0.10,2.99
5460,1792,1,354,3.00,3.49,0.00,0.21,10.47
5461,1792,2,101,1.00,2.99,0.00,0.04,2.99
5462,1792,3,394,1.00,7.99,0.00,0.21,7.99
5463,1793,1,475,1.00,2.99,0.00,0.10,2.99
5464,1793,2,96,2.00,1.99,0.00,0.21,3.98
5465,1794,1,365,3.00,17.99,0.00,0.21,53.97
5466,1794,2,102,4.00,3.00,0.00,0.04,12.00
5467,1795,1,31,1.31,1.99,0.00,0.04,2.61
5468,1796,1,382,1.00,3.95,0.00,0.21,3.95
5469,1796,2,493,1.00,9.99,0.00,0.21,9.99
5470,1796,3,300,1.00,2.99,0.00,0.21,2.99
5471,1796,4,589,1.07,11.99,0.00,0.04,12.83
5472,1796,5,143,0.63,9.95,0.00,0.04,6.27
5473,1796,6,30,1.00,1.49,0.00,0.21,1.49
5474,1797,1,541,1.00,5.95,0.00,0.21,5.95
5475,1797,2,221,2.21,5.95,0.00,0.04,13.15
5476,1797,3,258,1.00,5.99,0.00,0.21,5.99
5477,1797,4,214,1.00,4.25,0.00,0.21,4.25
5478,1797,5,68,1.00,3.49,0.00,0.21,3.49
5479,1797,6,62,2.00,5.99,0.00,0.21,11.98
5480,1798,1,142,0.52,4.49,0.00,0.04,2.33
5481,1798,2,261,1.00,2.50,0.00,0.10,2.50
5482,1798,3,335,1.00,2.50,0.00,0.21,2.50
5483,1798,4,6,1.00,6.99,0.00,0.21,6.99
5484,1798,5,422,1.00,11.75,0.00,0.21,11.75
5485,1798,6,552,3.00,2.50,0.00,0.04,7.50
5486,1798,7,101,1.00,2.99,0.00,0.04,2.99
5487,1799,1,275,2.00,5.95,0.00,0.04,11.90
5488,1799,2,335,1.00,2.50,0.00,0.21,2.50
5489,1800,1,499,2.00,1.99,0.00,0.10,3.98
5490,1800,2,413,2.37,1.95,0.00,0.10,4.62
5491,1800,3,574,6.00,10.00,0.00,0.21,60.00
5492,1800,4,73,1.09,0.99,0.00,0.10,1.08
5493,1800,5,186,1.00,4.25,0.00,0.21,4.25
5494,1800,6,392,2.46,1.49,0.00,0.04,3.67
5495,1800,7,591,1.00,2.49,0.00,0.21,2.49
5496,1801,1,11,1.00,4.95,0.00,0.21,4.95
5497,1802,1,566,4.00,1.95,0.00,0.04,7.80
5498,1802,2,585,0.64,1.95,0.00,0.21,1.25
5499,1802,3,562,1.00,3.95,0.00,0.21,3.95
5500,1802,4,132,1.00,2.95,0.00,0.21,2.95
5501,1802,5,383,2.00,5.99,0.00,0.21,11.98
5502,1802,6,185,1.00,2.99,0.00,0.10,2.99
5503,1802,7,187,1.00,2.99,0.00,0.10,2.99
5504,1802,8,31,2.06,1.99,0.00,0.04,4.10
5505,1802,9,284,1.00,21.50,0.00,0.21,21.50
5506,1802,10,103,2.00,2.99,0.00,0.21,5.98
5507,1803,1,60,1.00,1.99,0.00,0.21,1.99
5508,1804,1,322,1.00,4.49,0.00,0.21,4.49
5509,1804,2,532,1.00,2.95,0.00,0.21,2.95
5510,1805,1,351,2.00,5.99,0.00,0.21,11.98
5511,1805,2,49,1.00,3.99,0.00,0.21,3.99
5512,1805,3,520,3.00,2.99,0.00,0.10,8.97
5513,1805,4,267,1.99,1.95,0.00,0.04,3.88
5514,1805,5,357,2.00,1.95,0.00,0.10,3.90
5515,1805,6,41,1.00,4.75,0.00,0.10,4.75
5516,1805,7,349,1.00,2.99,0.00,0.21,2.99
5517,1805,8,345,1.00,7.50,0.00,0.21,7.50
5518,1806,1,204,1.00,8.49,0.00,0.21,8.49
5519,1807,1,331,1.00,1.99,0.00,0.04,1.99
5520,1807,2,510,1.00,3.99,0.00,0.21,3.99
5521,1807,3,344,2.00,11.99,0.00,0.10,23.98
5522,1807,4,579,1.00,2.49,0.00,0.10,2.49
5523,1807,5,442,0.16,3.00,0.00,0.21,0.48
5524,1807,6,113,2.00,2.99,0.00,0.04,5.98
5525,1807,7,107,1.00,5.99,0.00,0.21,5.99
5526,1807,8,329,2.00,3.99,0.00,0.10,7.98
5527,1807,9,451,1.00,4.99,0.00,0.10,4.99
5528,1807,10,166,1.00,8.25,0.00,0.21,8.25
5529,1807,11,137,4.00,1.49,0.00,0.10,5.96
5530,1808,1,303,1.00,2.25,0.00,0.10,2.25
5531,1808,2,152,1.00,2.49,0.00,0.10,2.49
5532,1809,1,186,1.00,4.25,0.00,0.21,4.25
5533,1809,2,244,1.20,11.95,0.00,0.04,14.34
5534,1809,3,556,1.00,2.95,0.00,0.10,2.95
5535,1809,4,549,1.00,6.99,0.00,0.21,6.99
5536,1809,5,328,2.00,2.99,0.00,0.04,5.98
5537,1809,6,555,1.00,1.99,0.00,0.04,1.99
5538,1809,7,487,1.98,10.49,0.00,0.04,20.77
5539,1810,1,331,1.00,1.99,0.00,0.04,1.99
5540,1810,2,429,1.63,5.95,0.00,0.21,9.70
5541,1810,3,328,1.00,2.99,0.00,0.04,2.99
5542,1811,1,315,2.00,1.99,0.00,0.10,3.98
5543,1811,2,532,1.00,2.95,0.00,0.21,2.95
5544,1812,1,123,1.00,2.50,0.00,0.10,2.50
5545,1813,1,550,1.00,3.95,0.00,0.04,3.95
5546,1814,1,211,1.80,3.00,0.00,0.21,5.40
5547,1814,2,364,2.00,5.00,0.00,0.04,10.00
5548,1814,3,107,1.00,5.99,0.00,0.21,5.99
5549,1814,4,404,1.00,4.99,0.00,0.10,4.99
5550,1814,5,164,1.00,5.99,0.00,0.21,5.99
5551,1815,1,455,2.00,1.99,0.00,0.10,3.98
5552,1816,1,400,1.00,2.99,0.00,0.21,2.99
5553,1816,2,115,1.00,6.99,0.00,0.21,6.99
5554,1816,3,148,1.00,3.00,0.00,0.10,3.00
5555,1816,4,168,1.00,10.95,0.00,0.21,10.95
5556,1816,5,381,1.29,4.00,0.00,0.04,5.16
5557,1817,1,139,1.00,2.99,0.00,0.04,2.99
5558,1818,1,302,1.00,1.99,0.00,0.10,1.99
5559,1818,2,405,1.00,4.75,0.00,0.21,4.75
5560,1819,1,209,1.00,6.75,0.00,0.21,6.75
5561,1820,1,191,1.00,3.50,0.00,0.21,3.50
5562,1820,2,313,1.00,3.99,0.00,0.10,3.99
5563,1821,1,579,2.00,2.49,0.00,0.10,4.98
5564,1821,2,90,1.00,6.49,0.00,0.21,6.49
5565,1822,1,508,1.00,10.99,0.00,0.21,10.99
5566,1822,2,262,2.00,12.99,0.00,0.04,25.98
5567,1823,1,250,2.00,1.49,0.00,0.21,2.98
5568,1824,1,85,3.00,7.99,0.00,0.21,23.97
5569,1824,2,338,1.00,3.99,0.00,0.21,3.99
5570,1824,3,300,3.00,2.99,0.00,0.21,8.97
5571,1824,4,149,1.00,3.99,0.00,0.10,3.99
5572,1825,1,144,1.00,2.95,0.00,0.21,2.95
5573,1826,1,2,1.00,1.49,0.00,0.21,1.49
5574,1827,1,408,1.00,4.00,0.00,0.21,4.00
5575,1827,2,519,1.00,2.95,0.00,0.10,2.95
5576,1828,1,211,0.16,3.00,0.00,0.21,0.48
5577,1829,1,159,1.00,24.99,0.00,0.21,24.99
5578,1829,2,507,1.00,8.95,0.00,0.21,8.95
5579,1829,3,516,0.62,1.99,0.00,0.04,1.23
5580,1830,1,448,1.00,6.75,0.00,0.10,6.75
5581,1831,1,328,1.00,2.99,0.00,0.04,2.99
5582,1832,1,172,6.00,14.50,0.00,0.21,87.00
5583,1832,2,35,2.00,3.99,0.00,0.21,7.98
5584,1833,1,344,1.00,11.99,0.00,0.10,11.99
5585,1833,2,567,1.00,1.49,0.00,0.10,1.49
5586,1833,3,411,1.00,3.99,0.00,0.21,3.99
5587,1833,4,316,1.00,3.75,0.00,0.21,3.75
5588,1834,1,226,2.00,1.99,0.00,0.10,3.98
5589,1835,1,233,1.00,5.99,0.00,0.21,5.99
5590,1835,2,411,3.00,3.99,0.00,0.21,11.97
5591,1835,3,39,3.00,5.99,0.00,0.21,17.97
5592,1835,4,58,1.00,2.99,0.00,0.21,2.99
5593,1835,5,379,2.00,2.95,0.00,0.10,5.90
5594,1835,6,268,1.00,1.95,0.00,0.10,1.95
5595,1835,7,349,2.00,2.99,0.00,0.21,5.98
5596,1835,8,311,1.00,3.49,0.00,0.10,3.49
5597,1835,9,236,6.00,2.99,0.00,0.21,17.94
5598,1836,1,577,1.00,2.50,0.00,0.21,2.50
5599,1836,2,151,1.00,1.95,0.00,0.04,1.95
5600,1836,3,342,1.00,2.95,0.00,0.21,2.95
5601,1836,4,418,3.00,10.99,0.00,0.21,32.97
5602,1836,5,145,1.92,2.75,0.00,0.21,5.28
5603,1836,6,425,1.00,3.99,0.00,0.21,3.99
5604,1836,7,92,1.00,2.25,0.00,0.21,2.25
5605,1837,1,41,1.00,4.75,0.00,0.10,4.75
5606,1837,2,143,1.26,9.95,0.00,0.04,12.54
5607,1838,1,340,1.00,11.00,0.00,0.10,11.00
5608,1838,2,93,1.14,13.99,0.00,0.04,15.95
5609,1839,1,54,3.00,5.50,0.00,0.21,16.50
5610,1840,1,134,1.00,3.49,0.00,0.10,3.49
5611,1840,2,83,1.00,4.99,0.00,0.21,4.99
5612,1841,1,170,2.00,7.99,0.00,0.21,15.98
5613,1842,1,223,1.00,2.99,33.00,0.21,2.00
5614,1842,2,82,2.00,5.95,0.00,0.21,11.90
5615,1843,1,128,2.00,3.99,0.00,0.10,7.98
5616,1844,1,348,1.00,3.00,0.00,0.21,3.00
5617,1845,1,468,0.19,7.95,0.00,0.04,1.51
5618,1845,2,370,2.00,2.95,0.00,0.10,5.90
5619,1846,1,341,1.00,1.99,0.00,0.10,1.99
5620,1847,1,22,4.00,8.49,0.00,0.21,33.96
5621,1847,2,341,1.00,1.99,0.00,0.10,1.99
5622,1847,3,547,2.00,5.95,0.00,0.04,11.90
5623,1848,1,188,1.00,4.99,0.00,0.10,4.99
5624,1848,2,533,1.00,6.75,0.00,0.21,6.75
5625,1849,1,536,1.00,3.25,0.00,0.21,3.25
5626,1849,2,452,3.00,7.95,0.00,0.10,23.85
5627,1850,1,334,4.00,1.50,0.00,0.10,6.00
5628,1851,1,500,1.00,1.95,0.00,0.10,1.95
5629,1851,2,239,3.00,5.99,0.00,0.21,17.97
5630,1851,3,340,1.00,11.00,0.00,0.10,11.00
5631,1851,4,419,1.00,8.99,0.00,0.21,8.99
5632,1852,1,130,3.00,4.95,0.00,0.21,14.85
5633,1852,2,187,1.00,2.99,0.00,0.10,2.99
5634,1852,3,538,1.00,2.00,0.00,0.21,2.00
5635,1852,4,316,3.00,3.75,0.00,0.21,11.25
5636,1853,1,397,2.00,3.99,0.00,0.21,7.98
5637,1854,1,268,1.00,1.95,0.00,0.10,1.95
5638,1855,1,569,1.00,2.95,0.00,0.21,2.95
5639,1855,2,461,1.00,1.95,0.00,0.10,1.95
5640,1855,3,464,2.00,2.50,0.00,0.21,5.00
5641,1855,4,81,1.00,7.99,0.00,0.04,7.99
5642,1856,1,454,1.00,1.99,0.00,0.10,1.99
5643,1856,2,29,1.00,3.50,0.00,0.21,3.50
5644,1856,3,255,1.00,16.99,0.00,0.21,16.99
5645,1856,4,95,1.00,1.99,0.00,0.10,1.99
5646,1857,1,446,2.00,1.25,0.00,0.04,2.50
5647,1858,1,585,1.18,1.95,0.00,0.21,2.30
5648,1858,2,457,1.00,10.99,0.00,0.10,10.99
5649,1858,3,331,6.00,1.99,0.00,0.04,11.94
5650,1858,4,260,1.00,1.99,0.00,0.04,1.99
5651,1858,5,540,1.00,8.99,0.00,0.21,8.99
5652,1859,1,482,1.00,4.50,0.00,0.04,4.50
5653,1860,1,351,2.00,5.99,0.00,0.21,11.98
5654,1861,1,117,2.00,2.99,0.00,0.21,5.98
5655,1861,2,295,1.00,1.99,0.00,0.21,1.99
5656,1861,3,33,1.00,3.99,0.00,0.21,3.99
5657,1861,4,498,4.00,2.99,0.00,0.21,11.96
5658,1861,5,550,1.00,3.95,0.00,0.04,3.95
5659,1861,6,424,1.00,1.95,0.00,0.10,1.95
5660,1862,1,567,1.00,1.49,0.00,0.10,1.49
5661,1862,2,119,4.00,6.99,0.00,0.21,27.96
5662,1863,1,569,1.00,2.95,0.00,0.21,2.95
5663,1863,2,515,3.00,2.99,0.00,0.04,8.97
5664,1864,1,409,1.00,3.99,0.00,0.21,3.99
5665,1865,1,373,1.00,8.95,0.00,0.21,8.95
5666,1865,2,422,4.00,11.75,0.00,0.21,47.00
5667,1865,3,388,2.47,1.99,0.00,0.10,4.92
5668,1866,1,319,2.00,2.50,0.00,0.10,5.00
5669,1867,1,309,1.00,4.95,0.00,0.21,4.95
5670,1867,2,37,2.00,5.99,0.00,0.21,11.98
5671,1867,3,236,1.00,2.99,0.00,0.21,2.99
5672,1867,4,424,2.00,1.95,0.00,0.10,3.90
5673,1867,5,142,2.25,4.49,0.00,0.04,10.10
5674,1867,6,108,4.00,3.95,0.00,0.21,15.80
5675,1867,7,33,2.00,3.99,0.00,0.21,7.98
5676,1867,8,95,1.00,1.99,0.00,0.10,1.99
5677,1867,9,49,1.00,3.99,0.00,0.21,3.99
5678,1867,10,15,1.00,7.75,0.00,0.21,7.75
5679,1867,11,401,1.00,3.75,0.00,0.10,3.75
5680,1867,12,118,4.00,5.99,0.00,0.21,23.96
5681,1868,1,573,3.00,2.00,0.00,0.10,6.00
5682,1869,1,25,1.00,2.49,0.00,0.21,2.49
5683,1870,1,506,1.00,2.99,0.00,0.21,2.99
5684,1870,2,218,1.00,2.95,0.00,0.10,2.95
5685,1870,3,119,1.00,6.99,0.00,0.21,6.99
5686,1871,1,579,4.00,2.49,0.00,0.10,9.96
5687,1871,2,513,1.00,0.99,0.00,0.04,0.99
5688,1871,3,269,1.00,6.99,0.00,0.10,6.99
5689,1871,4,438,1.00,5.49,0.00,0.21,5.49
5690,1871,5,55,6.00,5.49,0.00,0.04,32.94
5691,1871,6,319,1.00,2.50,0.00,0.10,2.50
5692,1871,7,168,2.00,10.95,0.00,0.21,21.90
5693,1871,8,152,1.00,2.49,0.00,0.10,2.49
5694,1871,9,336,1.00,0.99,0.00,0.10,0.99
5695,1871,10,345,1.00,7.50,0.00,0.21,7.50
5696,1871,11,530,1.00,11.95,0.00,0.04,11.95
5697,1871,12,222,6.00,2.75,0.00,0.10,16.50
5698,1871,13,431,2.00,2.49,0.00,0.21,4.98
5699,1871,14,499,1.00,1.99,0.00,0.10,1.99
5700,1871,15,266,1.00,11.49,0.00,0.10,11.49
5701,1871,16,461,1.00,1.95,0.00,0.10,1.95
5702,1871,17,176,1.00,1.49,0.00,0.10,1.49
5703,1871,18,207,3.00,1.49,0.00,0.21,4.47
5704,1871,19,62,1.00,5.99,0.00,0.21,5.99
5705,1872,1,291,3.00,0.99,0.00,0.21,2.97
5706,1872,2,78,1.00,9.99,0.00,0.21,9.99
5707,1872,3,434,1.00,3.50,0.00,0.04,3.50
5708,1872,4,596,1.00,5.95,0.00,0.21,5.95
5709,1872,5,387,1.00,3.95,0.00,0.21,3.95
5710,1872,6,375,2.24,11.99,0.00,0.04,26.86
5711,1872,7,508,1.00,10.99,0.00,0.21,10.99
5712,1873,1,565,2.00,22.99,0.00,0.21,45.98
5713,1873,2,113,1.00,2.99,0.00,0.04,2.99
5714,1874,1,127,1.00,6.99,0.00,0.10,6.99
5715,1874,2,208,1.00,22.99,0.00,0.21,22.99
5716,1875,1,386,1.00,9.95,0.00,0.21,9.95
5717,1876,1,3,2.00,2.95,0.00,0.10,5.90
5718,1876,2,192,1.00,14.99,0.00,0.04,14.99
5719,1876,3,197,0.16,5.95,0.00,0.21,0.95
5720,1876,4,132,1.00,2.95,0.00,0.21,2.95
5721,1876,5,506,1.00,2.99,0.00,0.21,2.99
5722,1876,6,570,1.00,1.99,0.00,0.10,1.99
5723,1876,7,556,2.00,2.95,0.00,0.10,5.90
5724,1876,8,91,0.88,3.49,0.00,0.21,3.07
5725,1876,9,123,1.00,2.50,0.00,0.10,2.50
5726,1876,10,344,1.00,11.99,0.00,0.10,11.99
5727,1876,11,225,1.25,1.95,0.00,0.04,2.44
5728,1876,12,400,2.00,2.99,0.00,0.21,5.98
5729,1876,13,364,3.00,5.00,0.00,0.04,15.00
5730,1876,14,199,1.00,3.75,0.00,0.21,3.75
5731,1876,15,486,2.00,1.75,0.00,0.04,3.50
5732,1876,16,217,2.00,4.99,0.00,0.21,9.98
5733,1876,17,131,1.00,10.99,0.00,0.21,10.99
5734,1876,18,56,3.00,1.95,0.00,0.10,5.85
5735,1876,19,200,2.00,12.75,0.00,0.21,25.50
5736,1876,20,561,0.45,4.00,0.00,0.21,1.80
5737,1876,21,255,1.00,16.99,0.00,0.21,16.99
5738,1876,22,313,2.00,3.99,0.00,0.10,7.98
5739,1876,23,101,6.00,2.99,0.00,0.04,17.94
5740,1876,24,180,2.00,0.99,0.00,0.10,1.98
5741,1876,25,139,1.00,2.99,0.00,0.04,2.99
5742,1876,26,12,2.00,1.50,0.00,0.10,3.00
5743,1876,27,443,1.00,0.99,0.00,0.10,0.99
5744,1876,28,227,2.00,13.49,0.00,0.21,26.98
5745,1876,29,325,1.00,1.50,0.00,0.21,1.50
5746,1877,1,171,1.00,1.49,0.00,0.10,1.49
5747,1877,2,263,1.00,2.49,0.00,0.04,2.49
5748,1877,3,259,1.00,2.95,0.00,0.04,2.95
5749,1877,4,257,1.00,4.00,0.00,0.21,4.00
5750,1878,1,499,1.00,1.99,0.00,0.10,1.99
5751,1879,1,563,1.00,7.95,0.00,0.21,7.95
5752,1879,2,584,1.00,19.95,0.00,0.21,19.95
5753,1880,1,491,1.00,5.99,0.00,0.10,5.99
5754,1880,2,111,1.00,6.99,0.00,0.10,6.99
5755,1880,3,364,2.00,5.00,0.00,0.04,10.00
5756,1881,1,18,3.00,4.49,0.00,0.21,13.47
5757,1881,2,393,1.21,5.50,0.00,0.04,6.66
5758,1881,3,582,1.00,22.99,0.00,0.21,22.99
5759,1881,4,369,1.00,7.99,0.00,0.10,7.99
5760,1881,5,287,2.30,1.99,0.00,0.10,4.58
5761,1881,6,442,2.16,3.00,0.00,0.21,6.48
5762,1882,1,169,1.00,4.50,0.00,0.04,4.50
5763,1882,2,580,1.00,6.50,0.00,0.10,6.50
5764,1882,3,95,1.00,1.99,0.00,0.10,1.99
5765,1882,4,506,1.00,2.99,0.00,0.21,2.99
5766,1882,5,589,1.23,11.99,0.00,0.04,14.75
5767,1882,6,415,3.00,9.50,0.00,0.21,28.50
5768,1882,7,438,3.00,5.49,0.00,0.21,16.47
5769,1882,8,569,1.00,2.95,0.00,0.21,2.95
5770,1882,9,79,1.00,1.49,0.00,0.10,1.49
5771,1882,10,450,1.00,3.99,0.00,0.21,3.99
5772,1882,11,595,1.00,2.49,0.00,0.10,2.49
5773,1882,12,245,1.00,3.95,0.00,0.21,3.95
5774,1883,1,578,2.00,1.99,0.00,0.10,3.98
5775,1883,2,22,1.00,8.49,0.00,0.21,8.49
5776,1883,3,301,1.00,11.25,0.00,0.10,11.25
5777,1883,4,358,2.00,2.95,0.00,0.21,5.90
5778,1883,5,35,4.00,3.99,0.00,0.21,15.96
5779,1883,6,326,1.00,4.95,0.00,0.21,4.95
5780,1883,7,287,1.26,1.99,0.00,0.10,2.51
5781,1883,8,90,4.00,6.49,0.00,0.21,25.96
5782,1883,9,416,1.00,2.99,0.00,0.21,2.99
5783,1883,10,569,1.00,2.95,0.00,0.21,2.95
5784,1883,11,88,3.00,5.99,0.00,0.10,17.97
5785,1883,12,191,1.00,3.50,0.00,0.21,3.50
5786,1883,13,487,2.19,10.49,0.00,0.04,22.97
5787,1883,14,69,1.00,4.99,0.00,0.10,4.99
5788,1883,15,34,1.00,2.99,0.00,0.21,2.99
5789,1884,1,156,1.00,6.99,0.00,0.21,6.99
5790,1884,2,254,1.00,1.50,0.00,0.10,1.50
5791,1884,3,291,2.00,0.99,0.00,0.21,1.98
5792,1884,4,161,2.00,1.99,0.00,0.21,3.98
5793,1884,5,121,1.00,2.75,0.00,0.04,2.75
5794,1885,1,109,1.00,0.99,0.00,0.04,0.99
5795,1886,1,524,1.36,2.99,0.00,0.21,4.07
5796,1886,2,294,1.00,1.99,0.00,0.04,1.99
5797,1886,3,554,2.00,4.49,0.00,0.21,8.98
5798,1886,4,209,2.00,6.75,0.00,0.21,13.50
5799,1886,5,73,2.24,0.99,0.00,0.10,2.22
5800,1886,6,492,1.00,3.00,0.00,0.21,3.00
5801,1886,7,28,1.00,6.99,0.00,0.21,6.99
5802,1886,8,475,2.00,2.99,0.00,0.10,5.98
5803,1887,1,475,2.00,2.99,0.00,0.10,5.98
5804,1888,1,240,6.00,1.95,0.00,0.10,11.70
5805,1889,1,344,1.00,11.99,0.00,0.10,11.99
5806,1889,2,437,1.00,4.50,0.00,0.21,4.50
5807,1889,3,259,2.00,2.95,0.00,0.04,5.90
5808,1889,4,213,1.00,2.99,0.00,0.21,2.99
5809,1889,5,163,3.00,3.25,0.00,0.21,9.75
5810,1889,6,127,2.00,6.99,0.00,0.10,13.98
5811,1890,1,374,2.00,2.00,0.00,0.10,4.00
5812,1890,2,88,1.00,5.99,0.00,0.10,5.99
5813,1891,1,94,1.00,2.99,0.00,0.21,2.99
5814,1892,1,86,6.00,3.99,0.00,0.10,23.94
5815,1893,1,271,1.81,1.99,0.00,0.04,3.60
5816,1893,2,223,1.00,2.99,0.00,0.21,2.99
5817,1893,3,509,1.00,2.99,0.00,0.04,2.99
5818,1894,1,299,1.00,5.99,0.00,0.04,5.99
5819,1894,2,470,1.00,6.25,0.00,0.21,6.25
5820,1894,3,520,1.00,2.99,0.00,0.10,2.99
5821,1894,4,136,3.00,7.95,0.00,0.21,23.85
5822,1894,5,527,3.00,2.99,0.00,0.21,8.97
5823,1894,6,486,2.00,1.75,0.00,0.04,3.50
5824,1895,1,178,1.00,5.99,0.00,0.10,5.99
5825,1896,1,582,1.00,22.99,0.00,0.21,22.99
5826,1897,1,281,1.00,2.00,0.00,0.21,2.00
5827,1897,2,247,1.00,3.99,0.00,0.04,3.99
5828,1898,1,253,4.00,3.00,0.00,0.21,12.00
5829,1898,2,62,1.00,5.99,0.00,0.21,5.99
5830,1899,1,101,1.00,2.99,0.00,0.04,2.99
5831,1900,1,550,1.00,3.95,0.00,0.04,3.95
5832,1901,1,143,0.87,9.95,0.00,0.04,8.66
5833,1902,1,244,2.45,11.95,0.00,0.04,29.28
5834,1903,1,492,1.00,3.00,0.00,0.21,3.00
5835,1904,1,33,1.00,3.99,0.00,0.21,3.99
5836,1904,2,290,1.00,4.95,0.00,0.21,4.95
5837,1905,1,542,1.00,9.99,0.00,0.21,9.99
5838,1906,1,478,2.00,15.00,0.00,0.21,30.00
5839,1906,2,232,6.00,2.50,0.00,0.21,15.00
5840,1906,3,485,1.00,2.99,0.00,0.04,2.99
5841,1906,4,68,2.00,3.49,0.00,0.21,6.98
5842,1906,5,328,3.00,2.99,0.00,0.04,8.97
5843,1906,6,26,1.00,1.99,0.00,0.21,1.99
5844,1906,7,200,1.00,12.75,0.00,0.21,12.75
5845,1907,1,188,3.00,4.99,0.00,0.10,14.97
5846,1907,2,508,1.00,10.99,0.00,0.21,10.99
5847,1908,1,294,1.00,1.99,0.00,0.04,1.99
5848,1909,1,95,1.00,1.99,0.00,0.10,1.99
5849,1909,2,148,1.00,3.00,0.00,0.10,3.00
5850,1909,3,181,1.00,3.50,0.00,0.10,3.50
5851,1909,4,562,1.00,3.95,0.00,0.21,3.95
5852,1909,5,388,1.43,1.99,0.00,0.10,2.85
5853,1910,1,570,1.00,1.99,0.00,0.10,1.99
5854,1911,1,364,1.00,5.00,0.00,0.04,5.00
5855,1911,2,1,1.00,12.99,0.00,0.21,12.99
5856,1911,3,377,1.00,2.99,0.00,0.21,2.99
5857,1912,1,9,1.00,2.99,0.00,0.21,2.99
5858,1912,2,111,2.00,6.99,0.00,0.10,13.98
5859,1912,3,390,2.00,4.99,0.00,0.04,9.98
5860,1913,1,164,3.00,5.99,0.00,0.21,17.97
5861,1913,2,368,1.00,2.99,0.00,0.10,2.99
5862,1913,3,285,2.00,9.99,0.00,0.21,19.98
5863,1914,1,598,2.00,23.99,0.00,0.21,47.98
5864,1914,2,458,1.00,1.75,0.00,0.21,1.75
5865,1914,3,185,1.00,2.99,0.00,0.10,2.99
5866,1915,1,209,1.00,6.75,0.00,0.21,6.75
5867,1915,2,100,2.00,3.00,0.00,0.21,6.00
5868,1916,1,433,3.00,3.99,0.00,0.04,11.97
5869,1916,2,600,1.00,2.00,0.00,0.21,2.00
5870,1916,3,519,3.00,2.95,0.00,0.10,8.85
5871,1916,4,586,1.00,6.00,0.00,0.21,6.00
5872,1917,1,582,1.00,22.99,0.00,0.21,22.99
5873,1917,2,289,1.00,3.99,0.00,0.10,3.99
5874,1917,3,471,1.00,1.99,0.00,0.04,1.99
5875,1918,1,562,1.00,3.95,0.00,0.21,3.95
5876,1918,2,294,1.00,1.99,0.00,0.04,1.99
5877,1919,1,9,1.00,2.99,0.00,0.21,2.99
5878,1919,2,74,2.00,3.99,0.00,0.21,7.98
5879,1919,3,311,1.00,3.49,0.00,0.10,3.49
5880,1919,4,440,2.18,1.99,0.00,0.10,4.34
5881,1919,5,586,1.00,6.00,0.00,0.21,6.00
5882,1919,6,61,1.00,4.99,0.00,0.04,4.99
5883,1919,7,393,0.71,5.50,0.00,0.04,3.90
5884,1919,8,58,1.00,2.99,0.00,0.21,2.99
5885,1920,1,3,1.00,2.95,0.00,0.10,2.95
5886,1921,1,356,1.00,12.25,0.00,0.21,12.25
5887,1922,1,405,2.00,4.75,0.00,0.21,9.50
5888,1922,2,500,1.00,1.95,0.00,0.10,1.95
5889,1922,3,380,1.00,3.99,0.00,0.21,3.99
5890,1922,4,454,1.00,1.99,0.00,0.10,1.99
5891,1922,5,340,1.00,11.00,0.00,0.10,11.00
5892,1923,1,340,1.00,11.00,0.00,0.10,11.00
5893,1923,2,43,1.00,1.95,0.00,0.10,1.95
5894,1924,1,179,2.00,12.75,0.00,0.04,25.50
5895,1924,2,370,1.00,2.95,0.00,0.10,2.95
5896,1924,3,219,1.00,3.75,0.00,0.21,3.75
5897,1924,4,163,2.00,3.25,0.00,0.21,6.50
5898,1924,5,129,1.00,2.99,0.00,0.10,2.99
5899,1925,1,340,2.00,11.00,0.00,0.10,22.00
5900,1926,1,517,2.06,3.99,0.00,0.21,8.22
5901,1927,1,24,1.00,7.50,0.00,0.21,7.50
5902,1928,1,496,1.00,3.50,0.00,0.10,3.50
5903,1928,2,598,1.00,23.99,0.00,0.21,23.99
5904,1929,1,108,1.00,3.95,0.00,0.21,3.95
5905,1929,2,540,1.00,8.99,0.00,0.21,8.99
5906,1929,3,152,2.00,2.49,0.00,0.10,4.98
5907,1930,1,596,1.00,5.95,0.00,0.21,5.95
5908,1930,2,452,1.00,7.95,0.00,0.10,7.95
5909,1930,3,251,1.00,3.95,0.00,0.21,3.95
5910,1930,4,324,1.00,2.95,0.00,0.04,2.95
5911,1930,5,203,1.00,2.75,0.00,0.10,2.75
5912,1931,1,94,1.00,2.99,0.00,0.21,2.99
5913,1932,1,56,1.00,1.95,0.00,0.10,1.95
5914,1932,2,311,1.00,3.49,0.00,0.10,3.49
5915,1932,3,525,1.00,2.99,0.00,0.04,2.99
5916,1932,4,597,1.00,3.75,0.00,0.21,3.75
5917,1933,1,61,3.00,4.99,0.00,0.04,14.97
5918,1933,2,500,1.00,1.95,0.00,0.10,1.95
5919,1933,3,348,1.00,3.00,0.00,0.21,3.00
5920,1933,4,253,1.00,3.00,0.00,0.21,3.00
5921,1934,1,6,1.00,6.99,0.00,0.21,6.99
5922,1935,1,130,1.00,4.95,0.00,0.21,4.95
5923,1935,2,328,6.00,2.99,0.00,0.04,17.94
5924,1936,1,282,1.00,1.75,0.00,0.10,1.75
5925,1936,2,203,2.00,2.75,0.00,0.10,5.50
5926,1936,3,508,1.00,10.99,0.00,0.21,10.99
5927,1936,4,42,1.00,14.99,0.00,0.21,14.99
5928,1936,5,477,3.00,5.00,0.00,0.21,15.00
5929,1936,6,246,1.00,4.50,0.00,0.10,4.50
5930,1936,7,159,1.00,24.99,0.00,0.21,24.99
5931,1936,8,558,1.00,2.49,0.00,0.10,2.49
5932,1937,1,316,1.00,3.75,0.00,0.21,3.75
5933,1937,2,183,1.00,0.95,0.00,0.04,0.95
5934,1938,1,563,1.00,7.95,0.00,0.21,7.95
5935,1938,2,479,3.00,3.75,0.00,0.10,11.25
5936,1938,3,465,1.00,1.99,0.00,0.10,1.99
5937,1938,4,96,1.00,1.99,0.00,0.21,1.99
5938,1939,1,395,3.00,5.25,0.00,0.10,15.75
5939,1939,2,410,3.00,2.99,0.00,0.21,8.97
5940,1939,3,549,3.00,6.99,0.00,0.21,20.97
5941,1939,4,509,1.00,2.99,0.00,0.04,2.99
5942,1940,1,58,1.00,2.99,0.00,0.21,2.99
5943,1941,1,309,1.00,4.95,0.00,0.21,4.95
5944,1941,2,466,1.00,2.95,0.00,0.21,2.95
5945,1942,1,568,1.00,2.99,0.00,0.04,2.99
5946,1942,2,20,2.42,1.99,0.00,0.04,4.82
5947,1942,3,152,1.00,2.49,0.00,0.10,2.49
5948,1942,4,546,3.00,2.99,0.00,0.04,8.97
5949,1942,5,480,6.00,22.50,0.00,0.21,135.00
5950,1942,6,31,2.22,1.99,0.00,0.04,4.42
5951,1943,1,590,3.00,11.49,0.00,0.10,34.47
5952,1944,1,83,1.00,4.99,0.00,0.21,4.99
5953,1944,2,32,1.00,3.50,0.00,0.21,3.50
5954,1944,3,403,1.00,7.99,0.00,0.21,7.99
5955,1945,1,206,1.00,2.99,0.00,0.21,2.99
5956,1946,1,93,2.45,13.99,0.00,0.04,34.28
5957,1947,1,401,1.00,3.75,0.00,0.10,3.75
5958,1947,2,256,1.00,21.50,0.00,0.21,21.50
5959,1947,3,454,2.00,1.99,0.00,0.10,3.98
5960,1947,4,261,3.00,2.50,0.00,0.10,7.50
5961,1947,5,7,1.00,2.50,0.00,0.21,2.50
5962,1947,6,41,1.00,4.75,0.00,0.10,4.75
5963,1948,1,482,1.00,4.50,0.00,0.04,4.50
5964,1948,2,397,1.00,3.99,0.00,0.21,3.99
5965,1948,3,344,3.00,11.99,0.00,0.10,35.97
5966,1948,4,308,2.00,9.99,0.00,0.21,19.98
5967,1949,1,373,1.00,8.95,0.00,0.21,8.95
5968,1949,2,593,2.00,4.25,0.00,0.21,8.50
5969,1950,1,337,1.00,2.99,0.00,0.10,2.99
5970,1951,1,369,1.00,7.99,0.00,0.10,7.99
5971,1951,2,453,2.00,4.49,0.00,0.21,8.98
5972,1951,3,130,1.00,4.95,0.00,0.21,4.95
5973,1951,4,486,2.00,1.75,0.00,0.04,3.50
5974,1951,5,426,1.00,1.99,0.00,0.10,1.99
5975,1951,6,550,1.00,3.95,0.00,0.04,3.95
5976,1951,7,559,3.00,4.99,0.00,0.10,14.97
5977,1951,8,263,1.00,2.49,0.00,0.04,2.49
5978,1952,1,162,1.00,1.49,0.00,0.10,1.49
5979,1953,1,267,1.89,1.95,0.00,0.04,3.69
5980,1953,2,359,1.00,3.99,0.00,0.04,3.99
5981,1953,3,117,2.00,2.99,0.00,0.21,5.98
5982,1953,4,154,1.85,3.49,0.00,0.21,6.46
5983,1953,5,212,1.00,17.99,0.00,0.04,17.99
5984,1953,6,570,1.00,1.99,0.00,0.10,1.99
5985,1953,7,502,1.00,9.00,0.00,0.10,9.00
5986,1953,8,468,1.91,7.95,0.00,0.04,15.18
5987,1953,9,53,4.00,2.99,0.00,0.10,11.96
5988,1953,10,73,1.17,0.99,0.00,0.10,1.16
5989,1953,11,432,2.11,10.75,0.00,0.04,22.68
5990,1953,12,34,3.00,2.99,0.00,0.21,8.97
5991,1953,13,95,1.00,1.99,0.00,0.10,1.99
5992,1953,14,179,1.00,12.75,0.00,0.04,12.75
5993,1953,15,273,0.56,4.99,0.00,0.21,2.79
5994,1954,1,562,1.00,3.95,0.00,0.21,3.95
5995,1955,1,61,4.00,4.99,0.00,0.04,19.96
5996,1956,1,453,1.00,4.49,0.00,0.21,4.49
5997,1956,2,108,2.00,3.95,0.00,0.21,7.90
5998,1956,3,504,2.00,2.49,0.00,0.10,4.98
5999,1957,1,160,1.01,0.50,0.00,0.10,0.50
6000,1957,2,466,1.00,2.95,0.00,0.21,2.95
6001,1957,3,26,2.00,1.99,0.00,0.21,3.98
6002,1957,4,552,2.00,2.50,0.00,0.04,5.00
6003,1957,5,348,2.00,3.00,0.00,0.21,6.00
6004,1957,6,127,1.00,6.99,0.00,0.10,6.99
6005,1958,1,286,1.00,3.25,0.00,0.21,3.25
6006,1958,2,249,1.00,3.99,0.00,0.21,3.99
6007,1958,3,11,1.00,4.95,0.00,0.21,4.95
6008,1958,4,40,3.00,3.99,0.00,0.21,11.97
6009,1958,5,89,2.00,2.99,0.00,0.21,5.98
6010,1959,1,398,1.55,3.99,0.00,0.21,6.18
6011,1959,2,550,4.00,3.95,0.00,0.04,15.80
6012,1959,3,34,1.00,2.99,0.00,0.21,2.99
6013,1959,4,484,3.00,1.99,0.00,0.04,5.97
6014,1960,1,564,1.00,16.95,0.00,0.04,16.95
6015,1960,2,219,2.00,3.75,0.00,0.21,7.50
6016,1961,1,239,2.00,5.99,0.00,0.21,11.98
6017,1961,2,44,2.00,3.99,0.00,0.21,7.98
6018,1961,3,242,3.00,22.99,0.00,0.21,68.97
6019,1961,4,566,1.00,1.95,0.00,0.04,1.95
6020,1962,1,170,1.00,7.99,0.00,0.21,7.99
6021,1962,2,36,2.00,2.95,0.00,0.10,5.90
6022,1962,3,60,4.00,1.99,0.00,0.21,7.96
6023,1962,4,506,1.00,2.99,0.00,0.21,2.99
6024,1962,5,162,2.00,1.49,0.00,0.10,2.98
6025,1962,6,247,1.00,3.99,0.00,0.04,3.99
6026,1962,7,497,2.00,1.99,0.00,0.10,3.98
6027,1962,8,45,1.00,4.99,0.00,0.21,4.99
6028,1962,9,416,2.00,2.99,0.00,0.21,5.98
6029,1962,10,400,1.00,2.99,0.00,0.21,2.99
6030,1963,1,526,0.38,4.49,0.00,0.21,1.71
6031,1963,2,282,3.00,1.75,0.00,0.10,5.25
6032,1964,1,546,1.00,2.99,0.00,0.04,2.99
6033,1964,2,261,1.00,2.50,0.00,0.10,2.50
6034,1965,1,195,1.00,5.99,0.00,0.21,5.99
6035,1966,1,13,1.00,4.75,0.00,0.21,4.75
6036,1967,1,456,2.00,8.99,0.00,0.21,17.98
6037,1968,1,486,1.00,1.75,0.00,0.04,1.75
6038,1968,2,165,1.00,3.99,0.00,0.04,3.99
6039,1968,3,479,1.00,3.75,0.00,0.10,3.75
6040,1968,4,50,2.00,2.25,0.00,0.21,4.50
6041,1968,5,153,1.00,2.99,0.00,0.10,2.99
6042,1968,6,363,2.00,4.50,0.00,0.21,9.00
6043,1968,7,155,4.00,2.99,0.00,0.21,11.96
6044,1968,8,346,4.00,6.99,0.00,0.21,27.96
6045,1968,9,261,1.00,2.50,0.00,0.10,2.50
6046,1968,10,378,1.00,0.99,0.00,0.21,0.99
6047,1969,1,83,4.00,4.99,0.00,0.21,19.96
6048,1970,1,301,2.00,11.25,0.00,0.10,22.50
6049,1971,1,76,1.00,1.99,0.00,0.04,1.99
6050,1971,2,510,1.00,3.99,0.00,0.21,3.99
6051,1971,3,565,1.00,22.99,0.00,0.21,22.99
6052,1971,4,524,0.40,2.99,0.00,0.21,1.20
6053,1971,5,116,1.17,6.49,0.00,0.04,7.59
6054,1972,1,568,1.00,2.99,0.00,0.04,2.99
6055,1973,1,185,2.00,2.99,0.00,0.10,5.98
6056,1973,2,31,0.40,1.99,0.00,0.04,0.80
6057,1973,3,421,1.00,10.49,0.00,0.04,10.49
6058,1974,1,63,2.00,2.95,0.00,0.10,5.90
6059,1975,1,404,1.00,4.99,0.00,0.10,4.99
6060,1975,2,83,1.00,4.99,0.00,0.21,4.99
6061,1975,3,435,4.00,2.99,0.00,0.21,11.96
6062,1975,4,380,2.00,3.99,0.00,0.21,7.98
6063,1975,5,186,2.00,4.25,0.00,0.21,8.50
6064,1975,6,511,1.00,1.99,0.00,0.10,1.99
6065,1975,7,527,1.00,2.99,0.00,0.21,2.99
6066,1975,8,523,1.00,3.49,0.00,0.10,3.49
6067,1976,1,364,2.00,5.00,0.00,0.04,10.00
6068,1976,2,519,3.00,2.95,0.00,0.10,8.85
6069,1976,3,587,2.00,3.99,0.00,0.21,7.98
6070,1976,4,390,1.65,4.99,0.00,0.04,8.23
6071,1976,5,248,1.00,5.49,0.00,0.21,5.49
6072,1976,6,138,2.00,1.75,0.00,0.10,3.50
6073,1976,7,445,1.00,1.99,0.00,0.10,1.99
6074,1976,8,534,0.93,12.49,0.00,0.04,11.62
6075,1976,9,383,2.00,5.99,0.00,0.21,11.98
6076,1976,10,130,2.00,4.95,0.00,0.21,9.90
6077,1976,11,398,1.32,3.99,0.00,0.21,5.27
6078,1976,12,524,0.41,2.99,0.00,0.21,1.23
6079,1976,13,517,1.31,3.99,0.00,0.21,5.23
6080,1977,1,314,3.00,1.99,0.00,0.04,5.97
6081,1977,2,581,2.00,7.99,0.00,0.10,15.98
6082,1977,3,40,1.00,3.99,0.00,0.21,3.99
6083,1977,4,143,0.39,9.95,0.00,0.04,3.88
6084,1977,5,407,6.00,4.95,0.00,0.21,29.70
6085,1978,1,314,1.00,1.99,0.00,0.04,1.99
6086,1978,2,188,2.00,4.99,0.00,0.10,9.98
6087,1978,3,343,1.00,4.49,0.00,0.21,4.49
6088,1978,4,123,1.00,2.50,0.00,0.10,2.50
6089,1979,1,510,3.00,3.99,0.00,0.21,11.97
6090,1979,2,491,2.00,5.99,0.00,0.10,11.98
6091,1979,3,537,1.00,5.95,0.00,0.21,5.95
6092,1979,4,296,2.00,5.49,0.00,0.21,10.98
6093,1979,5,355,2.00,3.75,0.00,0.10,7.50
6094,1980,1,43,1.00,1.95,0.00,0.10,1.95
6095,1980,2,283,1.00,1.95,0.00,0.10,1.95
6096,1980,3,386,2.00,9.95,0.00,0.21,19.90
6097,1981,1,355,1.00,3.75,0.00,0.10,3.75
6098,1981,2,384,1.00,4.99,0.00,0.21,4.99
6099,1982,1,240,2.00,1.95,0.00,0.10,3.90
6100,1982,2,425,1.00,3.99,0.00,0.21,3.99
6101,1982,3,123,3.00,2.50,0.00,0.10,7.50
6102,1982,4,593,2.00,4.25,0.00,0.21,8.50
6103,1982,5,364,1.00,5.00,0.00,0.04,5.00
6104,1983,1,238,3.00,2.49,0.00,0.21,7.47
6105,1983,2,478,1.00,15.00,0.00,0.21,15.00
6106,1983,3,328,1.00,2.99,0.00,0.04,2.99
6107,1983,4,253,1.00,3.00,0.00,0.21,3.00
6108,1983,5,433,1.00,3.99,0.00,0.04,3.99
6109,1983,6,219,2.00,3.75,0.00,0.21,7.50
6110,1983,7,562,1.00,3.95,0.00,0.21,3.95
6111,1983,8,399,1.00,1.99,0.00,0.10,1.99
6112,1983,9,600,2.00,2.00,0.00,0.21,4.00
6113,1983,10,194,2.00,2.95,0.00,0.10,5.90
6114,1983,11,259,1.00,2.95,0.00,0.04,2.95
6115,1983,12,272,3.00,2.95,0.00,0.21,8.85
6116,1983,13,265,2.00,2.95,0.00,0.21,5.90
6117,1983,14,269,1.00,6.99,0.00,0.10,6.99
6118,1983,15,199,2.00,3.75,0.00,0.21,7.50
6119,1983,16,233,2.00,5.99,0.00,0.21,11.98
6120,1983,17,101,1.00,2.99,0.00,0.04,2.99
6121,1984,1,310,1.00,1.99,0.00,0.21,1.99
6122,1985,1,240,1.00,1.95,0.00,0.10,1.95
6123,1985,2,292,1.00,3.49,0.00,0.21,3.49
6124,1986,1,13,2.00,4.75,0.00,0.21,9.50
6125,1987,1,131,2.00,10.99,0.00,0.21,21.98
6126,1987,2,126,0.87,2.50,0.00,0.21,2.18
6127,1987,3,142,1.49,4.49,0.00,0.04,6.69
6128,1987,4,328,2.00,2.99,0.00,0.04,5.98
6129,1987,5,63,3.00,2.95,0.00,0.10,8.85
6130,1987,6,400,1.00,2.99,0.00,0.21,2.99
6131,1988,1,235,1.00,2.49,0.00,0.04,2.49
6132,1988,2,517,0.66,3.99,0.00,0.21,2.63
6133,1988,3,126,1.24,2.50,0.00,0.21,3.10
6134,1989,1,566,1.00,1.95,0.00,0.04,1.95
6135,1989,2,539,2.00,4.50,0.00,0.21,9.00
6136,1989,3,480,3.00,22.50,0.00,0.21,67.50
6137,1989,4,431,1.00,2.49,0.00,0.21,2.49
6138,1989,5,568,6.00,2.99,0.00,0.04,17.94
6139,1990,1,554,1.00,4.49,0.00,0.21,4.49
6140,1991,1,359,1.00,3.99,0.00,0.04,3.99
6141,1991,2,442,2.44,3.00,0.00,0.21,7.32
6142,1992,1,588,1.00,5.25,0.00,0.21,5.25
6143,1993,1,169,1.00,4.50,0.00,0.04,4.50
6144,1993,2,210,1.00,4.99,0.00,0.21,4.99
6145,1993,3,337,1.00,2.99,0.00,0.10,2.99
6146,1994,1,8,1.00,2.99,0.00,0.04,2.99
6147,1995,1,51,1.00,3.99,0.00,0.21,3.99
6148,1996,1,216,1.00,2.95,0.00,0.21,2.95
6149,1996,2,589,0.26,11.99,0.00,0.04,3.12
6150,1997,1,15,1.00,7.75,0.00,0.21,7.75
6151,1998,1,455,2.00,1.99,0.00,0.10,3.98
6152,1998,2,549,1.00,6.99,0.00,0.21,6.99
6153,1998,3,485,1.00,2.99,0.00,0.04,2.99
6154,1998,4,568,1.00,2.99,0.00,0.04,2.99
6155,1998,5,432,0.51,10.75,0.00,0.04,5.48
6156,1998,6,176,1.00,1.49,0.00,0.10,1.49
6157,1999,1,90,1.00,6.49,0.00,0.21,6.49
6158,1999,2,496,3.00,3.50,0.00,0.10,10.50
6159,2000,1,452,1.00,7.95,0.00,0.10,7.95
6160,2000,2,231,4.00,4.99,0.00,0.04,19.96
6161,2001,1,53,1.00,2.99,0.00,0.10,2.99
6162,2001,2,552,1.00,2.50,0.00,0.04,2.50
6163,2002,1,377,2.00,2.99,0.00,0.21,5.98
6164,2002,2,422,1.00,11.75,0.00,0.21,11.75
6165,2002,3,237,1.00,14.95,0.00,0.04,14.95
6166,2002,4,498,1.00,2.99,0.00,0.21,2.99
6167,2002,5,501,2.00,0.99,0.00,0.04,1.98
6168,2002,6,562,1.00,3.95,0.00,0.21,3.95
6169,2002,7,350,1.00,1.99,0.00,0.10,1.99
6170,2002,8,425,2.00,3.99,0.00,0.21,7.98
6171,2002,9,395,1.00,5.25,0.00,0.10,5.25
6172,2002,10,361,0.47,2.49,0.00,0.04,1.17
6173,2002,11,569,1.00,2.95,0.00,0.21,2.95
6174,2002,12,276,2.00,4.50,0.00,0.04,9.00
6175,2002,13,327,1.00,1.49,0.00,0.10,1.49
6176,2002,14,450,2.00,3.99,0.00,0.21,7.98
6177,2002,15,480,2.00,22.50,0.00,0.21,45.00
6178,2002,16,263,2.00,2.49,0.00,0.04,4.98
6179,2002,17,247,1.00,3.99,0.00,0.04,3.99
6180,2002,18,474,1.00,2.99,0.00,0.21,2.99
6181,2002,19,209,2.00,6.75,0.00,0.21,13.50
6182,2002,20,332,1.00,1.99,0.00,0.10,1.99
6183,2002,21,528,1.00,2.99,0.00,0.10,2.99
6184,2002,22,281,1.00,2.00,0.00,0.21,2.00
6185,2002,23,125,1.06,2.00,0.00,0.10,2.12
6186,2002,24,467,0.21,3.25,0.00,0.21,0.68
6187,2002,25,179,1.00,12.75,0.00,0.04,12.75
6188,2003,1,382,1.00,3.95,0.00,0.21,3.95
6189,2003,2,335,1.00,2.50,0.00,0.21,2.50
6190,2003,3,400,3.00,2.99,0.00,0.21,8.97
6191,2004,1,200,1.00,12.75,0.00,0.21,12.75
6192,2004,2,391,1.00,2.99,0.00,0.04,2.99
6193,2005,1,220,2.35,3.00,0.00,0.21,7.05
6194,2005,2,180,1.00,0.99,0.00,0.10,0.99
6195,2005,3,494,1.00,10.25,0.00,0.21,10.25
6196,2005,4,400,2.00,2.99,0.00,0.21,5.98
6197,2005,5,206,2.00,2.99,0.00,0.21,5.98
6198,2005,6,213,1.00,2.99,0.00,0.21,2.99
6199,2005,7,150,2.00,2.00,0.00,0.21,4.00
6200,2005,8,228,1.00,2.50,0.00,0.21,2.50
6201,2005,9,556,1.00,2.95,0.00,0.10,2.95
6202,2005,10,76,2.00,1.99,0.00,0.04,3.98
6203,2005,11,258,2.00,5.99,0.00,0.21,11.98
6204,2005,12,351,4.00,5.99,0.00,0.21,23.96
6205,2005,13,375,1.42,11.99,0.00,0.04,17.03
6206,2005,14,503,1.00,3.99,0.00,0.10,3.99
6207,2006,1,391,2.00,2.99,0.00,0.04,5.98
6208,2006,2,449,1.00,3.25,0.00,0.21,3.25
6209,2006,3,356,2.00,12.25,0.00,0.21,24.50
6210,2006,4,192,1.00,14.99,0.00,0.04,14.99
6211,2007,1,52,2.00,2.95,0.00,0.04,5.90
6212,2008,1,351,1.00,5.99,0.00,0.21,5.99
6213,2009,1,169,1.00,4.50,0.00,0.04,4.50
6214,2009,2,17,1.00,2.49,0.00,0.10,2.49
6215,2009,3,215,2.00,8.95,0.00,0.21,17.90
6216,2010,1,122,1.00,2.95,0.00,0.04,2.95
6217,2010,2,314,1.00,1.99,0.00,0.04,1.99
6218,2010,3,48,3.00,1.95,0.00,0.21,5.85
6219,2010,4,450,4.00,3.99,0.00,0.21,15.96
6220,2010,5,102,3.00,3.00,0.00,0.04,9.00
6221,2010,6,144,6.00,2.95,0.00,0.21,17.70
6222,2011,1,582,2.00,22.99,0.00,0.21,45.98
6223,2011,2,180,1.00,0.99,0.00,0.10,0.99
6224,2011,3,555,1.00,1.99,0.00,0.04,1.99
6225,2011,4,587,2.00,3.99,0.00,0.21,7.98
6226,2011,5,457,1.00,10.99,0.00,0.10,10.99
6227,2011,6,475,1.00,2.99,0.00,0.10,2.99
6228,2011,7,224,1.00,2.99,0.00,0.04,2.99
6229,2011,8,498,1.00,2.99,0.00,0.21,2.99
6230,2011,9,518,1.00,2.95,0.00,0.04,2.95
6231,2011,10,211,0.49,3.00,0.00,0.21,1.47
6232,2011,11,60,1.00,1.99,0.00,0.21,1.99
6233,2011,12,436,2.00,4.99,0.00,0.04,9.98
6234,2011,13,474,2.00,2.99,0.00,0.21,5.98
6235,2011,14,511,1.00,1.99,0.00,0.10,1.99
6236,2011,15,133,2.00,1.99,0.00,0.21,3.98
6237,2011,16,425,1.00,3.99,0.00,0.21,3.99
6238,2011,17,99,1.00,15.75,0.00,0.21,15.75
6239,2011,18,405,1.00,4.75,0.00,0.21,4.75
6240,2012,1,459,1.00,2.99,0.00,0.21,2.99
6241,2012,2,532,1.00,2.95,0.00,0.21,2.95
6242,2012,3,483,2.00,2.99,0.00,0.10,5.98
6243,2012,4,194,2.00,2.95,0.00,0.10,5.90
6244,2012,5,89,3.00,2.99,0.00,0.21,8.97
6245,2012,6,418,3.00,10.99,0.00,0.21,32.97
6246,2012,7,42,1.00,14.99,0.00,0.21,14.99
6247,2012,8,470,1.00,6.25,0.00,0.21,6.25
6248,2012,9,580,2.00,6.50,0.00,0.10,13.00
6249,2012,10,37,1.00,5.99,0.00,0.21,5.99
6250,2012,11,25,3.00,2.49,0.00,0.21,7.47
6251,2012,12,563,2.00,7.95,0.00,0.21,15.90
6252,2012,13,400,1.00,2.99,0.00,0.21,2.99
6253,2013,1,437,3.00,4.50,0.00,0.21,13.50
6254,2014,1,47,1.00,5.99,0.00,0.10,5.99
6255,2015,1,208,1.00,22.99,0.00,0.21,22.99
6256,2015,2,54,1.00,5.50,0.00,0.21,5.50
6257,2015,3,188,1.00,4.99,0.00,0.10,4.99
6258,2015,4,519,1.00,2.95,0.00,0.10,2.95
6259,2016,1,279,1.00,7.99,0.00,0.21,7.99
6260,2017,1,508,1.00,10.99,0.00,0.21,10.99
6261,2017,2,244,1.64,11.95,0.00,0.04,19.60
6262,2018,1,433,2.00,3.99,0.00,0.04,7.98
6263,2018,2,209,1.00,6.75,0.00,0.21,6.75
6264,2018,3,73,0.90,0.99,0.00,0.10,0.89
6265,2018,4,592,1.00,1.50,0.00,0.04,1.50
6266,2018,5,494,1.00,10.25,0.00,0.21,10.25
6267,2018,6,280,1.00,1.75,0.00,0.10,1.75
6268,2019,1,577,1.00,2.50,0.00,0.21,2.50
6269,2020,1,570,1.00,1.99,0.00,0.10,1.99
6270,2020,2,320,6.00,5.99,0.00,0.21,35.94
6271,2020,3,380,3.00,3.99,0.00,0.21,11.97
6272,2020,4,565,1.00,22.99,0.00,0.21,22.99
6273,2020,5,567,1.00,1.49,0.00,0.10,1.49
6274,2020,6,433,2.00,3.99,0.00,0.04,7.98
6275,2020,7,180,1.00,0.99,0.00,0.10,0.99
6276,2020,8,381,1.50,4.00,0.00,0.04,6.00
6277,2020,9,43,3.00,1.95,0.00,0.10,5.85
6278,2020,10,555,1.00,1.99,0.00,0.04,1.99
6279,2020,11,459,1.00,2.99,0.00,0.21,2.99
6280,2021,1,53,2.00,2.99,0.00,0.10,5.98
6281,2021,2,471,1.00,1.99,0.00,0.04,1.99
6282,2021,3,437,1.00,4.50,0.00,0.21,4.50
6283,2021,4,323,3.00,4.95,0.00,0.10,14.85
6284,2022,1,431,2.00,2.49,0.00,0.21,4.98
6285,2022,2,511,1.00,1.99,0.00,0.10,1.99
6286,2023,1,563,2.00,7.95,0.00,0.21,15.90
6287,2023,2,578,3.00,1.99,0.00,0.10,5.97
6288,2024,1,358,1.00,2.95,0.00,0.21,2.95
6289,2025,1,366,1.00,4.75,0.00,0.04,4.75
6290,2026,1,559,3.00,4.99,0.00,0.10,14.97
6291,2026,2,375,1.75,11.99,0.00,0.04,20.98
6292,2026,3,358,4.00,2.95,0.00,0.21,11.80
6293,2026,4,308,2.00,9.99,0.00,0.21,19.98
6294,2026,5,23,1.00,13.99,0.00,0.04,13.99
6295,2026,6,228,3.00,2.50,0.00,0.21,7.50
6296,2026,7,363,1.00,4.50,0.00,0.21,4.50
6297,2026,8,140,1.00,2.99,0.00,0.21,2.99
6298,2027,1,365,4.00,17.99,30.00,0.21,50.37
6299,2027,2,355,1.00,3.75,0.00,0.10,3.75
6300,2027,3,307,1.00,5.25,0.00,0.10,5.25
6301,2028,1,473,3.00,1.25,0.00,0.10,3.75
6302,2028,2,102,1.00,3.00,0.00,0.04,3.00
6303,2029,1,546,6.00,2.99,0.00,0.04,17.94
6304,2030,1,76,2.00,1.99,0.00,0.04,3.98
6305,2031,1,538,2.00,2.00,0.00,0.21,4.00
6306,2031,2,207,2.00,1.49,0.00,0.21,2.98
6307,2031,3,71,1.00,2.99,0.00,0.10,2.99
6308,2031,4,351,3.00,5.99,0.00,0.21,17.97
6309,2031,5,151,4.00,1.95,0.00,0.04,7.80
6310,2032,1,424,1.00,1.95,0.00,0.10,1.95
6311,2032,2,519,1.00,2.95,0.00,0.10,2.95
6312,2033,1,20,1.82,1.99,0.00,0.04,3.62
6313,2033,2,184,2.00,7.99,0.00,0.21,15.98
6314,2033,3,207,1.00,1.49,0.00,0.21,1.49
6315,2033,4,297,2.00,10.95,0.00,0.21,21.90
6316,2033,5,225,2.30,1.95,0.00,0.04,4.48
6317,2033,6,195,1.00,5.99,0.00,0.21,5.99
6318,2034,1,27,1.00,13.95,0.00,0.04,13.95
6319,2035,1,496,2.00,3.50,0.00,0.10,7.00
6320,2035,2,591,1.00,2.49,0.00,0.21,2.49
6321,2035,3,429,1.40,5.95,0.00,0.21,8.33
6322,2036,1,284,2.00,21.50,0.00,0.21,43.00
6323,2036,2,459,1.00,2.99,0.00,0.21,2.99
6324,2036,3,454,1.00,1.99,0.00,0.10,1.99
6325,2037,1,184,1.00,7.99,0.00,0.21,7.99
6326,2037,2,110,2.00,1.99,0.00,0.21,3.98
6327,2037,3,42,1.00,14.99,0.00,0.21,14.99
6328,2037,4,139,1.00,2.99,0.00,0.04,2.99
6329,2037,5,429,0.88,5.95,0.00,0.21,5.24
6330,2037,6,308,1.00,9.99,0.00,0.21,9.99
6331,2037,7,392,1.87,1.49,0.00,0.04,2.79
6332,2037,8,442,1.44,3.00,0.00,0.21,4.32
6333,2037,9,513,1.00,0.99,0.00,0.04,0.99
6334,2037,10,28,1.00,6.99,0.00,0.21,6.99
6335,2038,1,36,3.00,2.95,0.00,0.10,8.85
6336,2038,2,136,1.00,7.95,0.00,0.21,7.95
6337,2039,1,498,1.00,2.99,0.00,0.21,2.99
6338,2039,2,341,2.00,1.99,0.00,0.10,3.98
6339,2039,3,271,2.05,1.99,0.00,0.04,4.08
6340,2039,4,276,1.00,4.50,0.00,0.04,4.50
6341,2039,5,392,2.45,1.49,0.00,0.04,3.65
6342,2039,6,213,1.00,2.99,0.00,0.21,2.99
6343,2040,1,545,2.00,5.95,0.00,0.21,11.90
6344,2040,2,448,2.00,6.75,0.00,0.10,13.50
6345,2041,1,22,1.00,8.49,0.00,0.21,8.49
6346,2042,1,240,1.00,1.95,0.00,0.10,1.95
6347,2042,2,152,3.00,2.49,0.00,0.10,7.47
6348,2042,3,509,2.00,2.99,0.00,0.04,5.98
6349,2042,4,439,3.00,3.75,0.00,0.21,11.25
6350,2042,5,568,2.00,2.99,0.00,0.04,5.98
6351,2042,6,185,2.00,2.99,0.00,0.10,5.98
6352,2042,7,166,2.00,8.25,0.00,0.21,16.50
6353,2042,8,367,3.00,7.49,0.00,0.10,22.47
6354,2042,9,525,1.00,2.99,0.00,0.04,2.99
6355,2043,1,469,2.00,4.50,0.00,0.21,9.00
6356,2044,1,12,1.00,1.50,0.00,0.10,1.50
6357,2044,2,371,1.00,5.75,0.00,0.04,5.75
6358,2044,3,226,1.00,1.99,0.00,0.10,1.99
6359,2044,4,373,1.00,8.95,0.00,0.21,8.95
6360,2044,5,383,2.00,5.99,0.00,0.21,11.98
6361,2045,1,124,1.00,3.99,0.00,0.04,3.99
6362,2045,2,251,1.00,3.95,0.00,0.21,3.95
6363,2046,1,216,1.00,2.95,0.00,0.21,2.95
6364,2047,1,261,1.00,2.50,0.00,0.10,2.50
6365,2047,2,99,1.00,15.75,0.00,0.21,15.75
6366,2047,3,106,3.00,3.49,0.00,0.21,10.47
6367,2047,4,401,2.00,3.75,0.00,0.10,7.50
6368,2047,5,402,1.00,2.99,0.00,0.21,2.99
6369,2047,6,311,1.00,3.49,0.00,0.10,3.49
6370,2048,1,101,1.00,2.99,0.00,0.04,2.99
6371,2048,2,174,1.00,4.49,0.00,0.21,4.49
6372,2049,1,218,1.00,2.95,0.00,0.10,2.95
6373,2049,2,205,1.00,4.99,0.00,0.21,4.99
6374,2049,3,203,1.00,2.75,0.00,0.10,2.75
6375,2050,1,55,2.00,5.49,0.00,0.04,10.98
6376,2050,2,581,1.00,7.99,0.00,0.10,7.99
6377,2050,3,51,1.00,3.99,0.00,0.21,3.99
6378,2050,4,187,1.00,2.99,0.00,0.10,2.99
6379,2051,1,225,1.09,1.95,0.00,0.04,2.13
6380,2051,2,114,2.00,5.95,0.00,0.04,11.90
6381,2051,3,137,1.00,1.49,0.00,0.10,1.49
6382,2052,1,451,2.00,4.99,0.00,0.10,9.98
6383,2052,2,430,2.00,4.50,0.00,0.21,9.00
6384,2052,3,232,1.00,2.50,0.00,0.21,2.50
6385,2053,1,353,1.00,1.99,0.00,0.10,1.99
6386,2053,2,520,2.00,2.99,0.00,0.10,5.98
6387,2054,1,10,1.00,2.99,0.00,0.10,2.99
6388,2054,2,222,2.00,2.75,0.00,0.10,5.50
6389,2055,1,506,1.00,2.99,0.00,0.21,2.99
6390,2056,1,315,3.00,1.99,0.00,0.10,5.97
6391,2056,2,417,1.00,1.99,0.00,0.21,1.99
6392,2056,3,563,2.00,7.95,0.00,0.21,15.90
6393,2056,4,594,1.68,10.99,0.00,0.04,18.46
6394,2056,5,240,1.00,1.95,0.00,0.10,1.95
6395,2056,6,49,1.00,3.99,0.00,0.21,3.99
6396,2056,7,481,1.43,1.99,0.00,0.04,2.85
6397,2056,8,145,2.37,2.75,0.00,0.21,6.52
6398,2056,9,244,1.70,11.95,0.00,0.04,20.32
6399,2056,10,262,1.00,12.99,0.00,0.04,12.99
6400,2056,11,423,1.00,2.99,0.00,0.21,2.99
6401,2056,12,553,2.00,7.99,0.00,0.04,15.98
6402,2056,13,592,3.00,1.50,0.00,0.04,4.50
6403,2056,14,304,1.00,4.95,0.00,0.21,4.95
6404,2057,1,182,1.00,2.75,0.00,0.04,2.75
6405,2057,2,475,1.00,2.99,0.00,0.10,2.99
6406,2057,3,345,1.00,7.50,0.00,0.21,7.50
6407,2058,1,435,2.00,2.99,0.00,0.21,5.98
6408,2059,1,415,2.00,9.50,0.00,0.21,19.00
6409,2059,2,507,1.00,8.95,0.00,0.21,8.95
6410,2059,3,440,1.96,1.99,0.00,0.10,3.90
6411,2060,1,316,1.00,3.75,0.00,0.21,3.75
6412,2060,2,322,2.00,4.49,0.00,0.21,8.98
6413,2060,3,498,1.00,2.99,0.00,0.21,2.99
6414,2061,1,281,6.00,2.00,0.00,0.21,12.00
6415,2062,1,463,1.00,4.25,0.00,0.04,4.25
6416,2062,2,266,1.00,11.49,0.00,0.10,11.49
6417,2062,3,25,2.00,2.49,0.00,0.21,4.98
6418,2062,4,338,1.00,3.99,0.00,0.21,3.99
6419,2063,1,547,1.00,5.95,0.00,0.04,5.95
6420,2064,1,536,1.00,3.25,0.00,0.21,3.25
6421,2065,1,479,1.00,3.75,0.00,0.10,3.75
6422,2066,1,68,1.00,3.49,0.00,0.21,3.49
6423,2067,1,273,2.34,4.99,0.00,0.21,11.68
6424,2067,2,102,1.00,3.00,0.00,0.04,3.00
6425,2067,3,260,1.00,1.99,0.00,0.04,1.99
6426,2067,4,235,1.00,2.49,0.00,0.04,2.49
6427,2068,1,340,1.00,11.00,0.00,0.10,11.00
6428,2068,2,448,2.00,6.75,0.00,0.10,13.50
6429,2068,3,199,2.00,3.75,0.00,0.21,7.50
6430,2068,4,580,1.00,6.50,0.00,0.10,6.50
6431,2069,1,596,1.00,5.95,0.00,0.21,5.95
6432,2069,2,328,1.00,2.99,0.00,0.04,2.99
6433,2070,1,18,3.00,4.49,0.00,0.21,13.47
6434,2071,1,470,3.00,6.25,0.00,0.21,18.75
6435,2072,1,224,1.00,2.99,0.00,0.04,2.99
6436,2072,2,205,2.00,4.99,0.00,0.21,9.98
6437,2073,1,565,2.00,22.99,0.00,0.21,45.98
6438,2073,2,304,2.00,4.95,0.00,0.21,9.90
6439,2073,3,86,1.00,3.99,0.00,0.10,3.99
6440,2073,4,473,2.00,1.25,0.00,0.10,2.50
6441,2074,1,243,1.00,1.49,0.00,0.21,1.49
6442,2074,2,341,1.00,1.99,0.00,0.10,1.99
6443,2074,3,159,1.00,24.99,0.00,0.21,24.99
6444,2074,4,491,1.00,5.99,0.00,0.10,5.99
6445,2074,5,38,0.41,3.99,0.00,0.21,1.64
6446,2074,6,299,2.00,5.99,0.00,0.04,11.98
6447,2074,7,296,1.00,5.49,0.00,0.21,5.49
6448,2074,8,520,6.00,2.99,0.00,0.10,17.94
6449,2075,1,30,1.00,1.49,0.00,0.21,1.49
6450,2076,1,300,1.00,2.99,0.00,0.21,2.99
6451,2076,2,31,0.75,1.99,0.00,0.04,1.49
6452,2077,1,33,1.00,3.99,0.00,0.21,3.99
6453,2078,1,245,2.00,3.95,0.00,0.21,7.90
6454,2079,1,369,1.00,7.99,0.00,0.10,7.99
6455,2079,2,307,2.00,5.25,0.00,0.10,10.50
6456,2080,1,355,2.00,3.75,0.00,0.10,7.50
6457,2080,2,372,6.00,3.95,0.00,0.21,23.70
6458,2080,3,122,4.00,2.95,0.00,0.04,11.80
6459,2080,4,256,2.00,21.50,0.00,0.21,43.00
6460,2081,1,176,1.00,1.49,0.00,0.10,1.49
6461,2081,2,433,1.00,3.99,0.00,0.04,3.99
6462,2082,1,183,2.00,0.95,0.00,0.04,1.90
6463,2083,1,29,1.00,3.50,0.00,0.21,3.50
6464,2083,2,147,2.00,0.99,0.00,0.10,1.98
6465,2084,1,573,1.00,2.00,0.00,0.10,2.00
6466,2085,1,43,1.00,1.95,0.00,0.10,1.95
6467,2086,1,245,4.00,3.95,0.00,0.21,15.80
6468,2087,1,118,1.00,5.99,0.00,0.21,5.99
6469,2087,2,344,1.00,11.99,0.00,0.10,11.99
6470,2087,3,33,2.00,3.99,0.00,0.21,7.98
6471,2087,4,43,1.00,1.95,0.00,0.10,1.95
6472,2087,5,16,1.00,2.99,0.00,0.21,2.99
6473,2087,6,388,2.02,1.99,0.00,0.10,4.02
6474,2087,7,234,2.00,4.00,0.00,0.10,8.00
6475,2087,8,393,0.63,5.50,0.00,0.04,3.46
6476,2087,9,260,1.00,1.99,0.00,0.04,1.99
6477,2088,1,323,1.00,4.95,0.00,0.10,4.95
6478,2088,2,579,1.00,2.49,0.00,0.10,2.49
6479,2088,3,75,1.00,2.49,0.00,0.21,2.49
6480,2088,4,255,1.00,16.99,0.00,0.21,16.99
6481,2088,5,366,1.00,4.75,0.00,0.04,4.75
6482,2088,6,277,2.00,4.99,0.00,0.10,9.98
6483,2088,7,357,1.00,1.95,0.00,0.10,1.95
6484,2088,8,485,2.00,2.99,0.00,0.04,5.98
6485,2089,1,98,1.00,1.49,0.00,0.21,1.49
6486,2089,2,524,0.45,2.99,0.00,0.21,1.35
6487,2090,1,440,1.63,1.99,0.00,0.10,3.24
6488,2091,1,359,1.00,3.99,0.00,0.04,3.99
6489,2092,1,555,1.00,1.99,0.00,0.04,1.99
6490,2092,2,378,1.00,0.99,0.00,0.21,0.99
6491,2092,3,532,1.00,2.95,0.00,0.21,2.95
6492,2092,4,47,1.00,5.99,0.00,0.10,5.99
6493,2092,5,6,3.00,6.99,0.00,0.21,20.97
6494,2092,6,129,1.00,2.99,0.00,0.10,2.99
6495,2092,7,248,1.00,5.49,0.00,0.21,5.49
6496,2092,8,85,1.00,7.99,0.00,0.21,7.99
6497,2093,1,26,1.00,1.99,0.00,0.21,1.99
6498,2094,1,514,0.98,1.99,0.00,0.04,1.95
6499,2095,1,410,1.00,2.99,0.00,0.21,2.99
6500,2095,2,315,1.00,1.99,0.00,0.10,1.99
6501,2096,1,350,1.00,1.99,0.00,0.10,1.99
6502,2096,2,314,1.00,1.99,0.00,0.04,1.99
6503,2096,3,294,1.00,1.99,0.00,0.04,1.99
6504,2096,4,87,3.00,2.99,0.00,0.10,8.97
6505,2097,1,103,2.00,2.99,0.00,0.21,5.98
6506,2098,1,547,1.00,5.95,0.00,0.04,5.95
6507,2098,2,8,3.00,2.99,0.00,0.04,8.97
6508,2098,3,30,1.00,1.49,0.00,0.21,1.49
6509,2099,1,571,1.00,11.99,0.00,0.21,11.99
6510,2099,2,358,2.00,2.95,0.00,0.21,5.90
6511,2099,3,129,2.00,2.99,0.00,0.10,5.98
6512,2099,4,361,1.66,2.49,0.00,0.04,4.13
6513,2099,5,324,2.00,2.95,0.00,0.04,5.90
6514,2099,6,229,1.00,2.75,0.00,0.10,2.75
6515,2099,7,520,2.00,2.99,0.00,0.10,5.98
6516,2099,8,452,1.00,7.95,0.00,0.10,7.95
6517,2099,9,374,2.00,2.00,0.00,0.10,4.00
6518,2099,10,409,2.00,3.99,0.00,0.21,7.98
6519,2099,11,352,1.00,2.50,0.00,0.10,2.50
6520,2099,12,88,1.00,5.99,0.00,0.10,5.99
6521,2099,13,527,1.00,2.99,0.00,0.21,2.99
6522,2099,14,80,4.00,2.95,0.00,0.10,11.80
6523,2100,1,181,1.00,3.50,0.00,0.10,3.50
6524,2100,2,326,1.00,4.95,0.00,0.21,4.95
6525,2100,3,203,1.00,2.75,0.00,0.10,2.75
6526,2101,1,10,1.00,2.99,0.00,0.10,2.99
6527,2101,2,123,2.00,2.50,0.00,0.10,5.00
6528,2101,3,168,1.00,10.95,0.00,0.21,10.95
6529,2101,4,451,1.00,4.99,25.00,0.10,3.74
6530,2101,5,293,1.00,5.49,0.00,0.04,5.49
6531,2101,6,566,1.00,1.95,0.00,0.04,1.95
6532,2102,1,583,1.00,2.99,0.00,0.21,2.99
6533,2102,2,153,2.00,2.99,0.00,0.10,5.98
6534,2102,3,203,2.00,2.75,0.00,0.10,5.50
6535,2102,4,116,2.15,6.49,0.00,0.04,13.95
6536,2103,1,462,1.00,2.49,0.00,0.10,2.49
6537,2103,2,160,0.19,0.50,0.00,0.10,0.10
6538,2103,3,350,4.00,1.99,0.00,0.10,7.96
6539,2104,1,205,2.00,4.99,0.00,0.21,9.98
6540,2104,2,323,2.00,4.95,0.00,0.10,9.90
6541,2104,3,211,2.04,3.00,0.00,0.21,6.12
6542,2104,4,392,1.76,1.49,0.00,0.04,2.62
6543,2105,1,255,1.00,16.99,0.00,0.21,16.99
6544,2105,2,272,1.00,2.95,0.00,0.21,2.95
6545,2105,3,158,1.00,3.99,0.00,0.21,3.99
6546,2105,4,19,3.00,8.99,0.00,0.21,26.97
6547,2106,1,445,2.00,1.99,0.00,0.10,3.98
6548,2107,1,560,1.00,7.95,0.00,0.21,7.95
6549,2107,2,562,1.00,3.95,0.00,0.21,3.95
6550,2107,3,277,1.00,4.99,0.00,0.10,4.99
6551,2108,1,532,1.00,2.95,0.00,0.21,2.95
6552,2109,1,14,1.00,7.99,0.00,0.21,7.99
6553,2110,1,147,3.00,0.99,0.00,0.10,2.97
6554,2110,2,308,1.00,9.99,0.00,0.21,9.99
6555,2110,3,358,2.00,2.95,0.00,0.21,5.90
6556,2111,1,458,2.00,1.75,0.00,0.21,3.50
6557,2111,2,369,1.00,7.99,0.00,0.10,7.99
6558,2111,3,234,1.00,4.00,0.00,0.10,4.00
6559,2111,4,246,3.00,4.50,0.00,0.10,13.50
6560,2111,5,503,1.00,3.99,0.00,0.10,3.99
6561,2111,6,439,2.00,3.75,0.00,0.21,7.50
6562,2111,7,94,1.00,2.99,0.00,0.21,2.99
6563,2111,8,97,2.00,4.95,0.00,0.21,9.90
6564,2111,9,2,2.00,1.49,0.00,0.21,2.98
6565,2111,10,456,1.00,8.99,0.00,0.21,8.99
6566,2111,11,582,1.00,22.99,0.00,0.21,22.99
6567,2111,12,584,3.00,19.95,0.00,0.21,59.85
6568,2111,13,26,1.00,1.99,0.00,0.21,1.99
6569,2111,14,134,4.00,3.49,0.00,0.10,13.96
6570,2111,15,407,1.00,4.95,0.00,0.21,4.95
6571,2111,16,30,1.00,1.49,0.00,0.21,1.49
6572,2112,1,433,2.00,3.99,0.00,0.04,7.98
6573,2112,2,582,1.00,22.99,0.00,0.21,22.99
6574,2113,1,346,2.00,6.99,0.00,0.21,13.98
6575,2113,2,160,1.81,0.50,0.00,0.10,0.90
6576,2113,3,507,1.00,8.95,0.00,0.21,8.95
6577,2113,4,106,1.00,3.49,0.00,0.21,3.49
6578,2113,5,267,0.85,1.95,0.00,0.04,1.66
6579,2113,6,115,4.00,6.99,0.00,0.21,27.96
6580,2113,7,41,1.00,4.75,0.00,0.10,4.75
6581,2114,1,381,0.54,4.00,0.00,0.04,2.16
6582,2114,2,547,1.00,5.95,0.00,0.04,5.95
6583,2115,1,555,2.00,1.99,0.00,0.04,3.98
6584,2115,2,103,1.00,2.99,0.00,0.21,2.99
6585,2116,1,300,2.00,2.99,0.00,0.21,5.98
6586,2116,2,482,1.00,4.50,0.00,0.04,4.50
6587,2116,3,452,1.00,7.95,0.00,0.10,7.95
6588,2116,4,203,1.00,2.75,0.00,0.10,2.75
6589,2116,5,289,1.00,3.99,0.00,0.10,3.99
6590,2117,1,600,2.00,2.00,0.00,0.21,4.00
6591,2118,1,513,1.00,0.99,0.00,0.04,0.99
6592,2119,1,407,1.00,4.95,0.00,0.21,4.95
6593,2119,2,550,1.00,3.95,0.00,0.04,3.95
6594,2120,1,522,2.00,5.99,0.00,0.21,11.98
6595,2120,2,453,6.00,4.49,0.00,0.21,26.94
6596,2120,3,82,2.00,5.95,0.00,0.21,11.90
6597,2121,1,225,0.93,1.95,0.00,0.04,1.81
6598,2122,1,95,2.00,1.99,0.00,0.10,3.98
6599,2123,1,22,1.00,8.49,0.00,0.21,8.49
6600,2123,2,321,1.00,2.99,0.00,0.10,2.99
6601,2124,1,474,2.00,2.99,0.00,0.21,5.98
6602,2124,2,331,1.00,1.99,0.00,0.04,1.99
6603,2124,3,295,1.00,1.99,0.00,0.21,1.99
6604,2125,1,49,1.00,3.99,0.00,0.21,3.99
6605,2126,1,43,2.00,1.95,0.00,0.10,3.90
6606,2126,2,419,1.00,8.99,0.00,0.21,8.99
6607,2127,1,203,4.00,2.75,0.00,0.10,11.00
6608,2128,1,354,2.00,3.49,0.00,0.21,6.98
6609,2129,1,489,1.00,1.00,0.00,0.04,1.00
6610,2129,2,125,1.38,2.00,0.00,0.10,2.76
6611,2130,1,286,1.00,3.25,0.00,0.21,3.25
6612,2131,1,306,1.00,8.95,0.00,0.04,8.95
6613,2132,1,438,1.00,5.49,0.00,0.21,5.49
6614,2132,2,392,0.32,1.49,0.00,0.04,0.48
6615,2133,1,374,1.00,2.00,0.00,0.10,2.00
6616,2134,1,351,1.00,5.99,0.00,0.21,5.99
6617,2134,2,38,0.93,3.99,0.00,0.21,3.71
6618,2135,1,416,1.00,2.99,0.00,0.21,2.99
6619,2136,1,212,1.00,17.99,0.00,0.04,17.99
6620,2136,2,416,1.00,2.99,0.00,0.21,2.99
6621,2136,3,583,1.00,2.99,0.00,0.21,2.99
6622,2137,1,580,1.00,6.50,0.00,0.10,6.50
6623,2137,2,240,1.00,1.95,0.00,0.10,1.95
6624,2138,1,382,1.00,3.95,0.00,0.21,3.95
6625,2138,2,345,1.00,7.50,0.00,0.21,7.50
6626,2138,3,369,3.00,7.99,0.00,0.10,23.97
6627,2138,4,174,1.00,4.49,0.00,0.21,4.49
6628,2138,5,82,1.00,5.95,0.00,0.21,5.95
6629,2139,1,261,1.00,2.50,0.00,0.10,2.50
6630,2140,1,382,1.00,3.95,0.00,0.21,3.95
6631,2141,1,554,1.00,4.49,0.00,0.21,4.49
6632,2141,2,153,1.00,2.99,0.00,0.10,2.99
6633,2141,3,19,1.00,8.99,0.00,0.21,8.99
6634,2142,1,317,2.00,4.50,0.00,0.21,9.00
6635,2143,1,181,1.00,3.50,0.00,0.10,3.50
6636,2144,1,252,1.00,3.50,0.00,0.10,3.50
6637,2144,2,522,2.00,5.99,0.00,0.21,11.98
6638,2144,3,142,1.01,4.49,0.00,0.04,4.53
6639,2144,4,322,1.00,4.49,0.00,0.21,4.49
6640,2144,5,329,1.00,3.99,0.00,0.10,3.99
6641,2144,6,484,2.00,1.99,0.00,0.04,3.98
6642,2144,7,599,2.00,8.00,0.00,0.10,16.00
6643,2144,8,60,1.00,1.99,0.00,0.21,1.99
6644,2145,1,475,1.00,2.99,0.00,0.10,2.99
6645,2146,1,528,1.00,2.99,0.00,0.10,2.99
6646,2146,2,512,1.00,2.49,0.00,0.04,2.49
6647,2146,3,139,4.00,2.99,0.00,0.04,11.96
6648,2146,4,448,1.00,6.75,0.00,0.10,6.75
6649,2147,1,301,1.00,11.25,0.00,0.10,11.25
6650,2147,2,230,1.00,7.99,0.00,0.21,7.99
6651,2147,3,579,1.00,2.49,0.00,0.10,2.49
6652,2147,4,82,6.00,5.95,0.00,0.21,35.70
6653,2147,5,69,1.00,4.99,0.00,0.10,4.99
6654,2148,1,288,2.00,2.00,0.00,0.21,4.00
6655,2149,1,536,1.00,3.25,0.00,0.21,3.25
6656,2150,1,170,1.00,7.99,0.00,0.21,7.99
6657,2150,2,3,1.00,2.95,0.00,0.10,2.95
6658,2150,3,369,1.00,7.99,0.00,0.10,7.99
6659,2150,4,440,0.69,1.99,0.00,0.10,1.37
6660,2150,5,38,2.20,3.99,0.00,0.21,8.78
6661,2150,6,573,1.00,2.00,0.00,0.10,2.00
6662,2150,7,30,1.00,1.49,0.00,0.21,1.49
6663,2150,8,49,1.00,3.99,0.00,0.21,3.99
6664,2150,9,337,1.00,2.99,0.00,0.10,2.99
6665,2151,1,547,1.00,5.95,0.00,0.04,5.95
6666,2152,1,491,1.00,5.99,0.00,0.10,5.99
6667,2153,1,371,1.00,5.75,0.00,0.04,5.75
6668,2153,2,472,1.00,0.99,0.00,0.10,0.99
6669,2154,1,570,1.00,1.99,0.00,0.10,1.99
6670,2154,2,358,1.00,2.95,0.00,0.21,2.95
6671,2154,3,130,2.00,4.95,0.00,0.21,9.90
6672,2154,4,360,1.00,2.49,0.00,0.21,2.49
6673,2154,5,432,1.17,10.75,0.00,0.04,12.58
6674,2154,6,309,1.00,4.95,0.00,0.21,4.95
6675,2154,7,293,2.00,5.49,0.00,0.04,10.98
6676,2155,1,486,1.00,1.75,0.00,0.04,1.75
6677,2155,2,132,1.00,2.95,0.00,0.21,2.95
6678,2155,3,5,1.30,0.99,0.00,0.10,1.29
6679,2155,4,330,2.00,11.75,0.00,0.04,23.50
6680,2155,5,24,1.00,7.50,0.00,0.21,7.50
6681,2155,6,75,1.00,2.49,0.00,0.21,2.49
6682,2155,7,84,1.67,11.95,0.00,0.04,19.96
6683,2155,8,62,1.00,5.99,0.00,0.21,5.99
6684,2155,9,414,1.00,4.00,0.00,0.10,4.00
6685,2156,1,134,2.00,3.49,0.00,0.10,6.98
6686,2156,2,317,3.00,4.50,0.00,0.21,13.50
6687,2156,3,59,1.00,1.99,0.00,0.10,1.99
6688,2157,1,429,1.19,5.95,0.00,0.21,7.08
6689,2157,2,191,2.00,3.50,0.00,0.21,7.00
6690,2157,3,116,0.93,6.49,0.00,0.04,6.04
6691,2157,4,583,1.00,2.99,0.00,0.21,2.99
6692,2157,5,378,3.00,0.99,0.00,0.21,2.97
6693,2157,6,418,1.00,10.99,0.00,0.21,10.99
6694,2157,7,343,6.00,4.49,0.00,0.21,26.94
6695,2157,8,94,1.00,2.99,0.00,0.21,2.99
6696,2157,9,121,6.00,2.75,0.00,0.04,16.50
6697,2157,10,552,1.00,2.50,0.00,0.04,2.50
6698,2157,11,485,1.00,2.99,0.00,0.04,2.99
6699,2157,12,79,1.00,1.49,0.00,0.10,1.49
6700,2157,13,389,1.86,11.95,0.00,0.04,22.23
6701,2157,14,500,1.00,1.95,0.00,0.10,1.95
6702,2158,1,310,1.00,1.99,0.00,0.21,1.99
6703,2158,2,217,1.00,4.99,0.00,0.21,4.99
6704,2159,1,215,2.00,8.95,0.00,0.21,17.90
6705,2159,2,162,2.00,1.49,0.00,0.10,2.98
6706,2159,3,90,1.00,6.49,0.00,0.21,6.49
6707,2160,1,419,1.00,8.99,0.00,0.21,8.99
6708,2160,2,508,2.00,10.99,0.00,0.21,21.98
6709,2160,3,49,1.00,3.99,0.00,0.21,3.99
6710,2160,4,461,1.00,1.95,0.00,0.10,1.95
6711,2160,5,329,1.00,3.99,0.00,0.10,3.99
6712,2160,6,376,2.00,5.99,0.00,0.10,11.98
6713,2161,1,343,1.00,4.49,0.00,0.21,4.49
6714,2162,1,254,1.00,1.50,0.00,0.10,1.50
6715,2162,2,557,2.00,4.99,0.00,0.10,9.98
6716,2162,3,379,3.00,2.95,0.00,0.10,8.85
6717,2162,4,99,2.00,15.75,0.00,0.21,31.50
6718,2163,1,432,1.25,10.75,0.00,0.04,13.44
6719,2163,2,228,1.00,2.50,0.00,0.21,2.50
6720,2164,1,111,2.00,6.99,0.00,0.10,13.98
6721,2164,2,256,2.00,21.50,0.00,0.21,43.00
6722,2165,1,259,4.00,2.95,0.00,0.04,11.80
6723,2166,1,455,1.00,1.99,0.00,0.10,1.99
6724,2167,1,361,1.94,2.49,0.00,0.04,4.83
6725,2168,1,500,1.00,1.95,0.00,0.10,1.95
6726,2168,2,375,0.29,11.99,0.00,0.04,3.48
6727,2168,3,578,2.00,1.99,0.00,0.10,3.98
6728,2169,1,557,1.00,4.99,0.00,0.10,4.99
6729,2169,2,450,1.00,3.99,0.00,0.21,3.99
6730,2170,1,343,1.00,4.49,0.00,0.21,4.49
6731,2170,2,471,1.00,1.99,0.00,0.04,1.99
6732,2170,3,351,4.00,5.99,0.00,0.21,23.96
6733,2170,4,582,1.00,22.99,0.00,0.21,22.99
6734,2170,5,470,3.00,6.25,0.00,0.21,18.75
6735,2170,6,300,3.00,2.99,0.00,0.21,8.97
6736,2170,7,56,1.00,1.95,0.00,0.10,1.95
6737,2171,1,108,1.00,3.95,0.00,0.21,3.95
6738,2172,1,495,2.00,14.95,0.00,0.21,29.90
6739,2172,2,190,1.00,3.95,0.00,0.21,3.95
6740,2172,3,510,1.00,3.99,0.00,0.21,3.99
6741,2172,4,101,1.00,2.99,0.00,0.04,2.99
6742,2172,5,161,2.00,1.99,0.00,0.21,3.98
6743,2173,1,141,1.00,4.50,0.00,0.10,4.50
6744,2173,2,57,1.00,18.00,0.00,0.21,18.00
6745,2173,3,538,1.00,2.00,0.00,0.21,2.00
6746,2173,4,15,1.00,7.75,0.00,0.21,7.75
6747,2173,5,336,1.00,0.99,0.00,0.10,0.99
6748,2173,6,358,1.00,2.95,0.00,0.21,2.95
6749,2173,7,128,1.00,3.99,0.00,0.10,3.99
6750,2173,8,475,2.00,2.99,0.00,0.10,5.98
6751,2173,9,153,2.00,2.99,0.00,0.10,5.98
6752,2173,10,374,2.00,2.00,0.00,0.10,4.00
6753,2173,11,383,1.00,5.99,0.00,0.21,5.99
6754,2173,12,457,2.00,10.99,0.00,0.10,21.98
6755,2174,1,525,1.00,2.99,0.00,0.04,2.99
6756,2174,2,43,1.00,1.95,0.00,0.10,1.95
6757,2174,3,559,1.00,4.99,0.00,0.10,4.99
6758,2174,4,511,1.00,1.99,0.00,0.10,1.99
6759,2174,5,428,1.00,12.99,0.00,0.21,12.99
6760,2174,6,272,1.00,2.95,0.00,0.21,2.95
6761,2174,7,357,2.00,1.95,0.00,0.10,3.90
6762,2174,8,595,1.00,2.49,0.00,0.10,2.49
6763,2174,9,410,1.00,2.99,0.00,0.21,2.99
6764,2174,10,147,2.00,0.99,0.00,0.10,1.98
6765,2174,11,181,3.00,3.50,0.00,0.10,10.50
6766,2174,12,192,6.00,14.99,0.00,0.04,89.94
6767,2174,13,107,2.00,5.99,0.00,0.21,11.98
6768,2175,1,242,1.00,22.99,0.00,0.21,22.99
6769,2176,1,26,1.00,1.99,0.00,0.21,1.99
6770,2177,1,265,4.00,2.95,0.00,0.21,11.80
6771,2178,1,372,1.00,3.95,0.00,0.21,3.95
6772,2178,2,454,2.00,1.99,0.00,0.10,3.98
6773,2178,3,520,1.00,2.99,0.00,0.10,2.99
6774,2178,4,324,1.00,2.95,0.00,0.04,2.95
6775,2178,5,57,1.00,18.00,0.00,0.21,18.00
6776,2178,6,9,1.00,2.99,0.00,0.21,2.99
6777,2178,7,413,2.41,1.95,0.00,0.10,4.70
6778,2179,1,513,3.00,0.99,0.00,0.04,2.97
6779,2180,1,314,1.00,1.99,0.00,0.04,1.99
6780,2180,2,585,1.03,1.95,0.00,0.21,2.01
6781,2181,1,152,1.00,2.49,0.00,0.10,2.49
6782,2181,2,60,2.00,1.99,0.00,0.21,3.98
6783,2182,1,360,6.00,2.49,0.00,0.21,14.94
6784,2182,2,372,1.00,3.95,0.00,0.21,3.95
6785,2182,3,319,6.00,2.50,0.00,0.10,15.00
6786,2182,4,547,1.00,5.95,0.00,0.04,5.95
6787,2183,1,19,1.00,8.99,0.00,0.21,8.99
6788,2184,1,433,1.00,3.99,0.00,0.04,3.99
6789,2185,1,559,3.00,4.99,0.00,0.10,14.97
6790,2185,2,69,1.00,4.99,0.00,0.10,4.99
6791,2185,3,537,1.00,5.95,0.00,0.21,5.95
6792,2185,4,595,1.00,2.49,0.00,0.10,2.49
6793,2185,5,18,1.00,4.49,0.00,0.21,4.49
6794,2186,1,401,1.00,3.75,0.00,0.10,3.75
6795,2186,2,320,1.00,5.99,0.00,0.21,5.99
6796,2186,3,337,2.00,2.99,0.00,0.10,5.98
6797,2187,1,291,2.00,0.99,0.00,0.21,1.98
6798,2187,2,197,1.05,5.95,0.00,0.21,6.25
6799,2188,1,203,3.00,2.75,0.00,0.10,8.25
6800,2188,2,481,0.74,1.99,0.00,0.04,1.47
6801,2189,1,304,1.00,4.95,0.00,0.21,4.95
6802,2189,2,272,1.00,2.95,0.00,0.21,2.95
6803,2189,3,62,3.00,5.99,0.00,0.21,17.97
6804,2189,4,115,2.00,6.99,0.00,0.21,13.98
6805,2189,5,310,4.00,1.99,0.00,0.21,7.96
6806,2189,6,567,3.00,1.49,0.00,0.10,4.47
6807,2189,7,146,3.00,1.49,0.00,0.21,4.47
6808,2189,8,559,2.00,4.99,0.00,0.10,9.98
6809,2189,9,188,1.00,4.99,0.00,0.10,4.99
6810,2189,10,393,2.01,5.50,0.00,0.04,11.06
6811,2189,11,82,2.00,5.95,0.00,0.21,11.90
6812,2189,12,237,2.00,14.95,0.00,0.04,29.90
6813,2189,13,215,1.00,8.95,0.00,0.21,8.95
6814,2189,14,292,1.00,3.49,0.00,0.21,3.49
6815,2190,1,31,1.78,1.99,0.00,0.04,3.54
6816,2190,2,347,1.08,5.99,0.00,0.04,6.47
6817,2191,1,198,1.00,2.49,0.00,0.10,2.49
6818,2191,2,137,1.00,1.49,0.00,0.10,1.49
6819,2191,3,579,1.00,2.49,0.00,0.10,2.49
6820,2192,1,426,1.00,1.99,0.00,0.10,1.99
6821,2192,2,321,1.00,2.99,0.00,0.10,2.99
6822,2192,3,553,2.00,7.99,0.00,0.04,15.98
6823,2192,4,349,1.00,2.99,0.00,0.21,2.99
6824,2192,5,92,1.00,2.25,0.00,0.21,2.25
6825,2192,6,436,4.00,4.99,0.00,0.04,19.96
6826,2193,1,106,1.00,3.49,0.00,0.21,3.49
6827,2194,1,20,1.74,1.99,0.00,0.04,3.46
6828,2195,1,259,4.00,2.95,0.00,0.04,11.80
6829,2195,2,565,2.00,22.99,0.00,0.21,45.98
6830,2195,3,328,1.00,2.99,0.00,0.04,2.99
6831,2195,4,495,1.00,14.95,0.00,0.21,14.95
6832,2196,1,473,1.00,1.25,0.00,0.10,1.25
6833,2196,2,41,4.00,4.75,0.00,0.10,19.00
6834,2196,3,562,3.00,3.95,0.00,0.21,11.85
6835,2197,1,479,1.00,3.75,0.00,0.10,3.75
6836,2197,2,484,1.00,1.99,0.00,0.04,1.99
6837,2197,3,146,2.00,1.49,0.00,0.21,2.98
6838,2197,4,182,1.00,2.75,0.00,0.04,2.75
6839,2197,5,468,0.72,7.95,0.00,0.04,5.72
6840,2198,1,324,1.00,2.95,0.00,0.04,2.95
6841,2198,2,293,2.00,5.49,0.00,0.04,10.98
6842,2199,1,454,2.00,1.99,0.00,0.10,3.98
6843,2200,1,256,1.00,21.50,0.00,0.21,21.50
6844,2200,2,425,1.00,3.99,0.00,0.21,3.99
6845,2200,3,52,1.00,2.95,0.00,0.04,2.95
6846,2200,4,126,1.64,2.50,0.00,0.21,4.10
6847,2200,5,171,2.00,1.49,0.00,0.10,2.98
6848,2201,1,192,2.00,14.99,0.00,0.04,29.98
6849,2201,2,445,1.00,1.99,0.00,0.10,1.99
6850,2201,3,120,2.00,2.49,0.00,0.21,4.98
6851,2202,1,286,1.00,3.25,0.00,0.21,3.25
6852,2202,2,231,1.00,4.99,0.00,0.04,4.99
6853,2202,3,16,3.00,2.99,0.00,0.21,8.97
6854,2202,4,161,1.00,1.99,0.00,0.21,1.99
6855,2202,5,374,1.00,2.00,0.00,0.10,2.00
6856,2202,6,308,1.00,9.99,0.00,0.21,9.99
6857,2202,7,321,1.00,2.99,0.00,0.10,2.99
6858,2202,8,467,2.47,3.25,0.00,0.21,8.03
6859,2202,9,9,2.00,2.99,0.00,0.21,5.98
6860,2203,1,11,4.00,4.95,0.00,0.21,19.80
6861,2203,2,505,1.00,3.95,0.00,0.21,3.95
6862,2203,3,279,2.00,7.99,0.00,0.21,15.98
6863,2203,4,237,1.00,14.95,0.00,0.04,14.95
6864,2203,5,409,1.00,3.99,0.00,0.21,3.99
6865,2203,6,46,1.49,15.99,0.00,0.04,23.83
6866,2203,7,188,1.00,4.99,0.00,0.10,4.99
6867,2203,8,373,1.00,8.95,0.00,0.21,8.95
6868,2203,9,511,1.00,1.99,0.00,0.10,1.99
6869,2203,10,413,1.67,1.95,0.00,0.10,3.26
6870,2203,11,497,1.00,1.99,0.00,0.10,1.99
6871,2204,1,588,1.00,5.25,0.00,0.21,5.25
6872,2205,1,317,4.00,4.50,0.00,0.21,18.00
6873,2206,1,73,1.24,0.99,0.00,0.10,1.23
6874,2207,1,383,1.00,5.99,0.00,0.21,5.99
6875,2207,2,216,1.00,2.95,0.00,0.21,2.95
6876,2208,1,374,1.00,2.00,0.00,0.10,2.00
6877,2208,2,338,3.00,3.99,0.00,0.21,11.97
6878,2209,1,551,1.00,3.50,0.00,0.21,3.50
6879,2209,2,45,1.00,4.99,0.00,0.21,4.99
6880,2209,3,481,2.07,1.99,0.00,0.04,4.12
6881,2210,1,300,1.00,2.99,0.00,0.21,2.99
6882,2210,2,201,1.00,2.99,0.00,0.04,2.99
6883,2210,3,264,1.00,1.99,0.00,0.10,1.99
6884,2210,4,247,1.00,3.99,0.00,0.04,3.99
6885,2211,1,77,1.00,1.00,0.00,0.10,1.00
6886,2211,2,544,4.00,3.99,0.00,0.21,15.96
6887,2211,3,351,1.00,5.99,0.00,0.21,5.99
6888,2211,4,496,1.00,3.50,0.00,0.10,3.50
6889,2212,1,254,1.00,1.50,0.00,0.10,1.50
6890,2212,2,568,4.00,2.99,0.00,0.04,11.96
6891,2212,3,258,1.00,5.99,0.00,0.21,5.99
6892,2213,1,226,1.00,1.99,0.00,0.10,1.99
6893,2213,2,42,3.00,14.99,0.00,0.21,44.97
6894,2213,3,35,1.00,3.99,0.00,0.21,3.99
6895,2213,4,142,2.24,4.49,0.00,0.04,10.06
6896,2213,5,24,2.00,7.50,0.00,0.21,15.00
6897,2213,6,421,1.00,10.49,0.00,0.04,10.49
6898,2213,7,213,4.00,2.99,0.00,0.21,11.96
6899,2213,8,219,1.00,3.75,0.00,0.21,3.75
6900,2213,9,233,2.00,5.99,0.00,0.21,11.98
6901,2213,10,124,2.00,3.99,0.00,0.04,7.98
6902,2213,11,445,1.00,1.99,0.00,0.10,1.99
6903,2213,12,203,1.00,2.75,0.00,0.10,2.75
6904,2213,13,211,2.24,3.00,0.00,0.21,6.72
6905,2213,14,243,2.00,1.49,0.00,0.21,2.98
6906,2213,15,280,1.00,1.75,0.00,0.10,1.75
6907,2214,1,157,2.00,5.49,0.00,0.21,10.98
6908,2214,2,362,3.00,3.25,0.00,0.21,9.75
6909,2214,3,399,3.00,1.99,0.00,0.10,5.97
6910,2214,4,74,1.00,3.99,0.00,0.21,3.99
6911,2214,5,376,1.00,5.99,0.00,0.10,5.99
6912,2214,6,199,1.00,3.75,0.00,0.21,3.75
6913,2215,1,147,3.00,0.99,0.00,0.10,2.97
6914,2216,1,62,2.00,5.99,0.00,0.21,11.98
6915,2216,2,80,2.00,2.95,0.00,0.10,5.90
6916,2217,1,35,2.00,3.99,0.00,0.21,7.98
6917,2217,2,421,1.00,10.49,0.00,0.04,10.49
6918,2218,1,80,2.00,2.95,0.00,0.10,5.90
6919,2219,1,572,3.00,2.49,0.00,0.21,7.47
6920,2220,1,407,1.00,4.95,0.00,0.21,4.95
6921,2220,2,27,1.00,13.95,0.00,0.04,13.95
6922,2220,3,342,1.00,2.95,0.00,0.21,2.95
6923,2220,4,289,4.00,3.99,0.00,0.10,15.96
6924,2221,1,144,2.00,2.95,0.00,0.21,5.90
6925,2221,2,496,1.00,3.50,0.00,0.10,3.50
6926,2222,1,463,1.00,4.25,0.00,0.04,4.25
6927,2223,1,480,2.00,22.50,0.00,0.21,45.00
6928,2224,1,70,1.00,3.50,0.00,0.21,3.50
6929,2225,1,579,2.00,2.49,0.00,0.10,4.98
6930,2225,2,259,1.00,2.95,0.00,0.04,2.95
6931,2226,1,76,1.00,1.99,0.00,0.04,1.99
6932,2227,1,222,1.00,2.75,0.00,0.10,2.75
6933,2228,1,592,1.00,1.50,0.00,0.04,1.50
6934,2229,1,507,1.00,8.95,0.00,0.21,8.95
6935,2230,1,409,1.00,3.99,0.00,0.21,3.99
6936,2230,2,48,2.00,1.95,0.00,0.21,3.90
6937,2231,1,280,1.00,1.75,0.00,0.10,1.75
6938,2231,2,33,2.00,3.99,0.00,0.21,7.98
6939,2232,1,134,2.00,3.49,0.00,0.10,6.98
6940,2233,1,236,1.00,2.99,0.00,0.21,2.99
6941,2233,2,279,1.00,7.99,0.00,0.21,7.99
6942,2233,3,416,1.00,2.99,0.00,0.21,2.99
6943,2233,4,143,2.28,9.95,0.00,0.04,22.69
6944,2233,5,20,1.33,1.99,0.00,0.04,2.65
6945,2234,1,433,1.00,3.99,0.00,0.04,3.99
6946,2234,2,180,2.00,0.99,0.00,0.10,1.98
6947,2235,1,54,1.00,5.50,0.00,0.21,5.50
6948,2236,1,82,1.00,5.95,0.00,0.21,5.95
6949,2236,2,513,3.00,0.99,0.00,0.04,2.97
6950,2236,3,315,1.00,1.99,0.00,0.10,1.99
6951,2237,1,70,1.00,3.50,0.00,0.21,3.50
6952,2238,1,55,1.00,5.49,0.00,0.04,5.49
6953,2239,1,595,6.00,2.49,0.00,0.10,14.94
6954,2240,1,557,2.00,4.99,0.00,0.10,9.98
6955,2240,2,165,1.00,3.99,0.00,0.04,3.99
6956,2240,3,399,1.00,1.99,0.00,0.10,1.99
6957,2240,4,458,1.00,1.75,0.00,0.21,1.75
6958,2240,5,549,1.00,6.99,0.00,0.21,6.99
6959,2241,1,165,2.00,3.99,0.00,0.04,7.98
6960,2241,2,117,1.00,2.99,0.00,0.21,2.99
6961,2241,3,523,1.00,3.49,0.00,0.10,3.49
6962,2241,4,246,2.00,4.50,0.00,0.10,9.00
6963,2242,1,296,1.00,5.49,0.00,0.21,5.49
6964,2243,1,259,1.00,2.95,0.00,0.04,2.95
6965,2243,2,174,1.00,4.49,0.00,0.21,4.49
6966,2243,3,350,3.00,1.99,0.00,0.10,5.97
6967,2243,4,105,3.00,6.99,0.00,0.21,20.97
6968,2243,5,60,3.00,1.99,0.00,0.21,5.97
6969,2243,6,106,1.00,3.49,0.00,0.21,3.49
6970,2243,7,412,1.00,3.99,0.00,0.21,3.99
6971,2243,8,342,1.00,2.95,0.00,0.21,2.95
6972,2243,9,390,0.71,4.99,0.00,0.04,3.54
6973,2244,1,561,0.90,4.00,0.00,0.21,3.60
6974,2244,2,429,1.26,5.95,0.00,0.21,7.50
6975,2244,3,142,0.75,4.49,0.00,0.04,3.37
6976,2244,4,115,1.00,6.99,0.00,0.21,6.99
6977,2244,5,551,2.00,3.50,0.00,0.21,7.00
6978,2245,1,253,1.00,3.00,0.00,0.21,3.00
6979,2245,2,305,1.00,3.99,0.00,0.10,3.99
6980,2245,3,81,4.00,7.99,0.00,0.04,31.96
6981,2246,1,373,3.00,8.95,0.00,0.21,26.85
6982,2246,2,298,2.00,1.50,0.00,0.10,3.00
6983,2246,3,8,1.00,2.99,0.00,0.04,2.99
6984,2246,4,428,3.00,12.99,0.00,0.21,38.97
6985,2247,1,33,2.00,3.99,0.00,0.21,7.98
6986,2247,2,148,2.00,3.00,0.00,0.10,6.00
6987,2248,1,20,1.66,1.99,0.00,0.04,3.30
6988,2248,2,123,2.00,2.50,0.00,0.10,5.00
6989,2249,1,495,4.00,14.95,0.00,0.21,59.80
6990,2249,2,254,1.00,1.50,0.00,0.10,1.50
6991,2249,3,228,1.00,2.50,0.00,0.21,2.50
6992,2250,1,265,3.00,2.95,0.00,0.21,8.85
6993,2250,2,521,1.00,5.99,0.00,0.21,5.99
6994,2250,3,37,1.00,5.99,0.00,0.21,5.99
6995,2250,4,460,1.00,7.99,0.00,0.21,7.99
6996,2251,1,447,4.00,2.95,0.00,0.04,11.80
6997,2252,1,335,1.00,2.50,0.00,0.21,2.50
6998,2252,2,128,1.00,3.99,0.00,0.10,3.99
6999,2253,1,469,1.00,4.50,0.00,0.21,4.50
7000,2254,1,198,2.00,2.49,0.00,0.10,4.98
7001,2254,2,574,2.00,10.00,0.00,0.21,20.00
7002,2254,3,293,2.00,5.49,0.00,0.04,10.98
7003,2254,4,561,2.40,4.00,0.00,0.21,9.60
7004,2255,1,409,1.00,3.99,0.00,0.21,3.99
7005,2256,1,523,1.00,3.49,0.00,0.10,3.49
7006,2256,2,505,2.00,3.95,0.00,0.21,7.90
7007,2256,3,291,1.00,0.99,0.00,0.21,0.99
7008,2257,1,473,2.00,1.25,0.00,0.10,2.50
7009,2257,2,341,3.00,1.99,0.00,0.10,5.97
7010,2258,1,263,2.00,2.49,0.00,0.04,4.98
7011,2259,1,29,2.00,3.50,0.00,0.21,7.00
7012,2259,2,540,1.00,8.99,0.00,0.21,8.99
7013,2259,3,86,2.00,3.99,0.00,0.10,7.98
7014,2260,1,337,2.00,2.99,0.00,0.10,5.98
7015,2261,1,500,2.00,1.95,0.00,0.10,3.90
7016,2262,1,136,1.00,7.95,0.00,0.21,7.95
7017,2262,2,288,4.00,2.00,0.00,0.21,8.00
7018,2262,3,444,1.00,3.99,0.00,0.21,3.99
7019,2262,4,98,1.00,1.49,0.00,0.21,1.49
7020,2262,5,6,6.00,6.99,0.00,0.21,41.94
7021,2263,1,187,1.00,2.99,0.00,0.10,2.99
7022,2263,2,474,1.00,2.99,0.00,0.21,2.99
7023,2263,3,99,4.00,15.75,0.00,0.21,63.00
7024,2263,4,242,2.00,22.99,0.00,0.21,45.98
7025,2263,5,424,2.00,1.95,0.00,0.10,3.90
7026,2263,6,291,1.00,0.99,0.00,0.21,0.99
7027,2263,7,182,3.00,2.75,0.00,0.04,8.25
7028,2263,8,160,1.99,0.50,0.00,0.10,1.00
7029,2263,9,564,2.00,16.95,0.00,0.04,33.90
7030,2264,1,435,1.00,2.99,0.00,0.21,2.99
7031,2265,1,218,2.00,2.95,0.00,0.10,5.90
7032,2265,2,43,2.00,1.95,0.00,0.10,3.90
7033,2266,1,387,2.00,3.95,0.00,0.21,7.90
7034,2266,2,423,2.00,2.99,0.00,0.21,5.98
7035,2266,3,80,2.00,2.95,0.00,0.10,5.90
7036,2266,4,431,6.00,2.49,0.00,0.21,14.94
7037,2266,5,305,3.00,3.99,0.00,0.10,11.97
7038,2267,1,145,1.46,2.75,0.00,0.21,4.02
7039,2267,2,419,2.00,8.99,0.00,0.21,17.98
7040,2267,3,86,1.00,3.99,0.00,0.10,3.99
7041,2267,4,553,1.00,7.99,0.00,0.04,7.99
7042,2267,5,179,1.00,12.75,0.00,0.04,12.75
7043,2267,6,21,3.00,2.49,0.00,0.21,7.47
7044,2268,1,544,1.00,3.99,0.00,0.21,3.99
7045,2268,2,221,0.20,5.95,0.00,0.04,1.19
7046,2268,3,411,2.00,3.99,0.00,0.21,7.98
7047,2268,4,401,6.00,3.75,0.00,0.10,22.50
7048,2269,1,420,1.02,13.99,0.00,0.04,14.27
7049,2269,2,327,1.00,1.49,0.00,0.10,1.49
7050,2270,1,378,1.00,0.99,0.00,0.21,0.99
7051,2271,1,405,1.00,4.75,0.00,0.21,4.75
7052,2271,2,447,1.00,2.95,0.00,0.04,2.95
7053,2272,1,106,3.00,3.49,0.00,0.21,10.47
7054,2273,1,363,3.00,4.50,0.00,0.21,13.50
7055,2273,2,569,3.00,2.95,0.00,0.21,8.85
7056,2274,1,87,1.00,2.99,0.00,0.10,2.99
7057,2274,2,184,2.00,7.99,0.00,0.21,15.98
7058,2275,1,351,1.00,5.99,0.00,0.21,5.99
7059,2276,1,266,1.00,11.49,0.00,0.10,11.49
7060,2277,1,87,1.00,2.99,0.00,0.10,2.99
7061,2277,2,344,1.00,11.99,0.00,0.10,11.99
7062,2277,3,541,1.00,5.95,0.00,0.21,5.95
7063,2277,4,97,1.00,4.95,0.00,0.21,4.95
7064,2277,5,447,1.00,2.95,0.00,0.04,2.95
7065,2277,6,527,1.00,2.99,0.00,0.21,2.99
7066,2277,7,55,1.00,5.49,0.00,0.04,5.49
7067,2277,8,308,2.00,9.99,0.00,0.21,19.98
7068,2277,9,590,1.00,11.49,0.00,0.10,11.49
7069,2277,10,507,1.00,8.95,0.00,0.21,8.95
7070,2277,11,555,1.00,1.99,0.00,0.04,1.99
7071,2278,1,379,1.00,2.95,0.00,0.10,2.95
7072,2278,2,360,1.00,2.49,0.00,0.21,2.49
7073,2278,3,223,3.00,2.99,0.00,0.21,8.97
7074,2278,4,378,2.00,0.99,0.00,0.21,1.98
7075,2278,5,346,1.00,6.99,0.00,0.21,6.99
7076,2278,6,37,2.00,5.99,0.00,0.21,11.98
7077,2278,7,469,1.00,4.50,0.00,0.21,4.50
7078,2278,8,524,1.27,2.99,0.00,0.21,3.80
7079,2278,9,521,2.00,5.99,0.00,0.21,11.98
7080,2278,10,588,6.00,5.25,0.00,0.21,31.50
7081,2279,1,335,1.00,2.50,0.00,0.21,2.50
7082,2280,1,403,1.00,7.99,0.00,0.21,7.99
7083,2280,2,406,1.20,13.99,0.00,0.04,16.79
7084,2280,3,289,2.00,3.99,0.00,0.10,7.98
7085,2280,4,299,2.00,5.99,0.00,0.04,11.98
7086,2280,5,24,1.00,7.50,0.00,0.21,7.50
7087,2280,6,419,1.00,8.99,0.00,0.21,8.99
7088,2280,7,505,4.00,3.95,0.00,0.21,15.80
7089,2280,8,190,1.00,3.95,0.00,0.21,3.95
7090,2280,9,509,1.00,2.99,0.00,0.04,2.99
7091,2281,1,419,1.00,8.99,0.00,0.21,8.99
7092,2281,2,431,1.00,2.49,0.00,0.21,2.49
7093,2281,3,517,1.37,3.99,0.00,0.21,5.47
7094,2281,4,194,2.00,2.95,0.00,0.10,5.90
7095,2281,5,88,1.00,5.99,0.00,0.10,5.99
7096,2281,6,353,1.00,1.99,0.00,0.10,1.99
7097,2282,1,22,2.00,8.49,0.00,0.21,16.98
7098,2283,1,34,2.00,2.99,0.00,0.21,5.98
7099,2283,2,301,1.00,11.25,0.00,0.10,11.25
7100,2283,3,508,1.00,10.99,0.00,0.21,10.99
7101,2283,4,565,1.00,22.99,0.00,0.21,22.99
7102,2284,1,403,4.00,7.99,0.00,0.21,31.96
7103,2284,2,501,2.00,0.99,0.00,0.04,1.98
7104,2285,1,354,1.00,3.49,0.00,0.21,3.49
7105,2285,2,220,1.55,3.00,0.00,0.21,4.65
7106,2286,1,494,6.00,10.25,0.00,0.21,61.50
7107,2286,2,554,3.00,4.49,0.00,0.21,13.47
7108,2286,3,477,2.00,5.00,0.00,0.21,10.00
7109,2286,4,489,2.00,1.00,0.00,0.04,2.00
7110,2286,5,579,2.00,2.49,0.00,0.10,4.98
7111,2286,6,321,4.00,2.99,0.00,0.10,11.96
7112,2286,7,96,1.00,1.99,0.00,0.21,1.99
7113,2286,8,518,3.00,2.95,0.00,0.04,8.85
7114,2286,9,441,3.00,6.95,0.00,0.21,20.85
7115,2287,1,412,2.00,3.99,0.00,0.21,7.98
7116,2288,1,406,0.99,13.99,0.00,0.04,13.85
7117,2288,2,596,1.00,5.95,0.00,0.21,5.95
7118,2289,1,594,0.17,10.99,0.00,0.04,1.87
7119,2290,1,142,0.87,4.49,0.00,0.04,3.91
7120,2291,1,189,1.00,1.50,0.00,0.04,1.50
7121,2291,2,268,1.00,1.95,0.00,0.10,1.95
7122,2291,3,64,1.00,4.99,0.00,0.21,4.99
7123,2291,4,77,1.00,1.00,0.00,0.10,1.00
7124,2291,5,591,1.00,2.49,0.00,0.21,2.49
7125,2292,1,112,1.00,3.99,0.00,0.10,3.99
7126,2293,1,302,2.00,1.99,0.00,0.10,3.98
7127,2293,2,356,3.00,12.25,0.00,0.21,36.75
7128,2294,1,125,1.13,2.00,0.00,0.10,2.26
7129,2294,2,532,1.00,2.95,0.00,0.21,2.95
7130,2294,3,16,3.00,2.99,0.00,0.21,8.97
7131,2295,1,536,1.00,3.25,0.00,0.21,3.25
7132,2296,1,396,1.00,0.99,0.00,0.21,0.99
7133,2296,2,198,2.00,2.49,0.00,0.10,4.98
7134,2296,3,281,1.00,2.00,0.00,0.21,2.00
7135,2296,4,264,3.00,1.99,0.00,0.10,5.97
7136,2297,1,114,1.00,5.95,0.00,0.04,5.95
7137,2297,2,1,1.00,12.99,0.00,0.21,12.99
7138,2298,1,117,1.00,2.99,0.00,0.21,2.99
7139,2298,2,123,6.00,2.50,0.00,0.10,15.00
7140,2299,1,208,2.00,22.99,0.00,0.21,45.98
7141,2299,2,479,1.00,3.75,0.00,0.10,3.75
7142,2299,3,6,1.00,6.99,0.00,0.21,6.99
7143,2299,4,262,1.00,12.99,0.00,0.04,12.99
7144,2299,5,580,1.00,6.50,0.00,0.10,6.50
7145,2299,6,511,1.00,1.99,0.00,0.10,1.99
7146,2299,7,577,2.00,2.50,0.00,0.21,5.00
7147,2300,1,14,1.00,7.99,0.00,0.21,7.99
7148,2300,2,467,2.38,3.25,0.00,0.21,7.74
7149,2300,3,172,1.00,14.50,0.00,0.21,14.50
7150,2301,1,323,1.00,4.95,0.00,0.10,4.95
7151,2301,2,350,1.00,1.99,0.00,0.10,1.99
7152,2302,1,154,0.81,3.49,0.00,0.21,2.83
7153,2303,1,90,1.00,6.49,0.00,0.21,6.49
7154,2303,2,92,3.00,2.25,0.00,0.21,6.75
7155,2304,1,77,1.00,1.00,0.00,0.10,1.00
7156,2304,2,310,2.00,1.99,0.00,0.21,3.98
7157,2304,3,403,1.00,7.99,0.00,0.21,7.99
7158,2304,4,260,1.00,1.99,0.00,0.04,1.99
7159,2304,5,350,1.00,1.99,0.00,0.10,1.99
7160,2304,6,362,3.00,3.25,0.00,0.21,9.75
7161,2305,1,557,1.00,4.99,0.00,0.10,4.99
7162,2305,2,587,1.00,3.99,0.00,0.21,3.99
7163,2305,3,34,1.00,2.99,0.00,0.21,2.99
7164,2305,4,522,1.00,5.99,0.00,0.21,5.99
7165,2306,1,328,2.00,2.99,0.00,0.04,5.98
7166,2307,1,494,3.00,10.25,0.00,0.21,30.75
7167,2307,2,543,1.00,1.99,0.00,0.21,1.99
7168,2307,3,8,2.00,2.99,0.00,0.04,5.98
7169,2307,4,22,3.00,8.49,0.00,0.21,25.47
7170,2307,5,172,1.00,14.50,0.00,0.21,14.50
7171,2307,6,211,1.94,3.00,0.00,0.21,5.82
7172,2308,1,392,2.27,1.49,0.00,0.04,3.38
7173,2309,1,402,1.00,2.99,0.00,0.21,2.99
7174,2309,2,219,2.00,3.75,0.00,0.21,7.50
7175,2309,3,291,4.00,0.99,0.00,0.21,3.96
7176,2309,4,317,1.00,4.50,0.00,0.21,4.50
7177,2310,1,319,1.00,2.50,0.00,0.10,2.50
7178,2310,2,250,1.00,1.49,0.00,0.21,1.49
7179,2310,3,482,3.00,4.50,0.00,0.04,13.50
7180,2310,4,197,1.64,5.95,0.00,0.21,9.76
7181,2311,1,9,1.00,2.99,0.00,0.21,2.99
7182,2311,2,578,3.00,1.99,0.00,0.10,5.97
7183,2311,3,434,1.00,3.50,0.00,0.04,3.50
7184,2311,4,25,1.00,2.49,0.00,0.21,2.49
7185,2312,1,453,1.00,4.49,0.00,0.21,4.49
7186,2312,2,464,2.00,2.50,0.00,0.21,5.00
7187,2312,3,415,1.00,9.50,0.00,0.21,9.50
7188,2312,4,450,2.00,3.99,0.00,0.21,7.98
7189,2312,5,434,2.00,3.50,0.00,0.04,7.00
7190,2312,6,302,2.00,1.99,0.00,0.10,3.98
7191,2312,7,499,2.00,1.99,0.00,0.10,3.98
7192,2313,1,406,0.17,13.99,0.00,0.04,2.38
7193,2313,2,292,3.00,3.49,0.00,0.21,10.47
7194,2314,1,278,1.00,3.25,0.00,0.21,3.25
7195,2314,2,212,4.00,17.99,0.00,0.04,71.96
7196,2315,1,310,1.00,1.99,0.00,0.21,1.99
7197,2315,2,130,2.00,4.95,0.00,0.21,9.90
7198,2315,3,274,1.00,7.99,0.00,0.21,7.99
7199,2315,4,456,3.00,8.99,0.00,0.21,26.97
7200,2316,1,24,1.00,7.50,0.00,0.21,7.50
7201,2316,2,437,1.00,4.50,0.00,0.21,4.50
7202,2316,3,179,1.00,12.75,0.00,0.04,12.75
7203,2317,1,115,1.00,6.99,0.00,0.21,6.99
7204,2317,2,226,2.00,1.99,0.00,0.10,3.98
7205,2317,3,23,3.00,13.99,0.00,0.04,41.97
7206,2317,4,486,2.00,1.75,0.00,0.04,3.50
7207,2317,5,462,1.00,2.49,0.00,0.10,2.49
7208,2317,6,230,1.00,7.99,0.00,0.21,7.99
7209,2318,1,354,2.00,3.49,0.00,0.21,6.98
7210,2318,2,89,3.00,2.99,0.00,0.21,8.97
7211,2318,3,247,2.00,3.99,0.00,0.04,7.98
7212,2319,1,382,3.00,3.95,0.00,0.21,11.85
7213,2319,2,485,3.00,2.99,0.00,0.04,8.97
7214,2320,1,249,1.00,3.99,0.00,0.21,3.99
7215,2320,2,517,0.62,3.99,0.00,0.21,2.47
7216,2321,1,97,1.00,4.95,0.00,0.21,4.95
7217,2322,1,191,1.00,3.50,0.00,0.21,3.50
7218,2322,2,38,0.30,3.99,0.00,0.21,1.20
7219,2322,3,389,1.97,11.95,0.00,0.04,23.54
7220,2322,4,399,1.00,1.99,0.00,0.10,1.99
7221,2322,5,146,3.00,1.49,0.00,0.21,4.47
7222,2322,6,213,1.00,2.99,0.00,0.21,2.99
7223,2323,1,405,1.00,4.75,0.00,0.21,4.75
7224,2323,2,395,1.00,5.25,0.00,0.10,5.25
7225,2324,1,397,1.00,3.99,0.00,0.21,3.99
7226,2324,2,471,1.00,1.99,0.00,0.04,1.99
7227,2324,3,249,1.00,3.99,0.00,0.21,3.99
7228,2324,4,194,1.00,2.95,0.00,0.10,2.95
7229,2324,5,546,1.00,2.99,0.00,0.04,2.99
7230,2324,6,235,1.00,2.49,0.00,0.04,2.49
7231,2324,7,16,1.00,2.99,0.00,0.21,2.99
7232,2324,8,536,1.00,3.25,0.00,0.21,3.25
7233,2324,9,383,2.00,5.99,0.00,0.21,11.98
7234,2324,10,437,2.00,4.50,0.00,0.21,9.00
7235,2325,1,432,1.15,10.75,0.00,0.04,12.36
7236,2326,1,145,1.01,2.75,0.00,0.21,2.78
7237,2327,1,253,1.00,3.00,0.00,0.21,3.00
7238,2328,1,148,1.00,3.00,0.00,0.10,3.00
7239,2328,2,180,1.00,0.99,0.00,0.10,0.99
7240,2329,1,19,3.00,8.99,0.00,0.21,26.97
7241,2330,1,380,3.00,3.99,0.00,0.21,11.97
7242,2330,2,128,1.00,3.99,0.00,0.10,3.99
7243,2331,1,333,1.00,8.95,0.00,0.21,8.95
7244,2332,1,554,1.00,4.49,0.00,0.21,4.49
7245,2333,1,287,2.18,1.99,0.00,0.10,4.34
7246,2333,2,595,2.00,2.49,0.00,0.10,4.98
7247,2333,3,507,1.00,8.95,0.00,0.21,8.95
7248,2334,1,116,1.17,6.49,0.00,0.04,7.59
7249,2334,2,459,1.00,2.99,0.00,0.21,2.99
7250,2334,3,29,2.00,3.50,0.00,0.21,7.00
7251,2334,4,139,1.00,2.99,0.00,0.04,2.99
7252,2334,5,167,1.22,19.95,0.00,0.04,24.34
7253,2334,6,303,0.69,2.25,0.00,0.10,1.55
7254,2335,1,262,1.00,12.99,0.00,0.04,12.99
7255,2335,2,472,1.00,0.99,0.00,0.10,0.99
7256,2335,3,368,1.00,2.99,0.00,0.10,2.99
7257,2336,1,587,1.00,3.99,0.00,0.21,3.99
7258,2337,1,97,2.00,4.95,0.00,0.21,9.90
7259,2337,2,306,2.00,8.95,0.00,0.04,17.90
7260,2337,3,500,2.00,1.95,0.00,0.10,3.90
7261,2337,4,305,1.00,3.99,0.00,0.10,3.99
7262,2338,1,371,1.00,5.75,0.00,0.04,5.75
7263,2338,2,168,1.00,10.95,0.00,0.21,10.95
7264,2338,3,161,1.00,1.99,0.00,0.21,1.99
7265,2338,4,77,3.00,1.00,0.00,0.10,3.00
7266,2339,1,126,0.72,2.50,0.00,0.21,1.80
7267,2339,2,6,1.00,6.99,0.00,0.21,6.99
7268,2340,1,474,2.00,2.99,0.00,0.21,5.98
7269,2341,1,155,2.00,2.99,0.00,0.21,5.98
7270,2341,2,479,3.00,3.75,0.00,0.10,11.25
7271,2342,1,568,1.00,2.99,0.00,0.04,2.99
7272,2342,2,532,3.00,2.95,0.00,0.21,8.85
7273,2342,3,484,2.00,1.99,0.00,0.04,3.98
7274,2342,4,392,1.34,1.49,0.00,0.04,2.00
7275,2343,1,279,1.00,7.99,0.00,0.21,7.99
7276,2343,2,393,2.21,5.50,0.00,0.04,12.16
7277,2343,3,406,0.51,13.99,0.00,0.04,7.13
7278,2343,4,459,1.00,2.99,0.00,0.21,2.99
7279,2343,5,300,1.00,2.99,0.00,0.21,2.99
7280,2343,6,357,3.00,1.95,0.00,0.10,5.85
7281,2343,7,311,3.00,3.49,0.00,0.10,10.47
7282,2343,8,399,1.00,1.99,0.00,0.10,1.99
7283,2343,9,221,1.73,5.95,0.00,0.04,10.29
7284,2343,10,261,1.00,2.50,0.00,0.10,2.50
7285,2343,11,126,0.62,2.50,0.00,0.21,1.55
7286,2343,12,582,1.00,22.99,0.00,0.21,22.99
7287,2343,13,562,1.00,3.95,0.00,0.21,3.95
7288,2343,14,230,2.00,7.99,0.00,0.21,15.98
7289,2343,15,523,1.00,3.49,0.00,0.10,3.49
7290,2343,16,396,2.00,0.99,0.00,0.21,1.98
7291,2343,17,550,1.00,3.95,0.00,0.04,3.95
7292,2343,18,83,1.00,4.99,0.00,0.21,4.99
7293,2343,19,35,1.00,3.99,0.00,0.21,3.99
7294,2343,20,110,1.00,1.99,0.00,0.21,1.99
7295,2343,21,81,3.00,7.99,0.00,0.04,23.97
7296,2343,22,345,4.00,7.50,0.00,0.21,30.00
7297,2343,23,25,2.00,2.49,0.00,0.21,4.98
7298,2343,24,192,1.00,14.99,0.00,0.04,14.99
7299,2343,25,592,1.00,1.50,0.00,0.04,1.50
7300,2343,26,361,1.36,2.49,0.00,0.04,3.39
7301,2343,27,498,1.00,2.99,0.00,0.21,2.99
7302,2343,28,46,1.52,15.99,0.00,0.04,24.30
7303,2343,29,86,3.00,3.99,0.00,0.10,11.97
7304,2343,30,170,2.00,7.99,0.00,0.21,15.98
7305,2343,31,215,4.00,8.95,0.00,0.21,35.80
7306,2343,32,67,2.00,5.99,0.00,0.21,11.98
7307,2343,33,545,1.00,5.95,0.00,0.21,5.95
7308,2343,34,201,6.00,2.99,0.00,0.04,17.94
7309,2343,35,513,1.00,0.99,0.00,0.04,0.99
7310,2343,36,38,1.54,3.99,0.00,0.21,6.14
7311,2343,37,149,1.00,3.99,0.00,0.10,3.99
7312,2343,38,354,1.00,3.49,0.00,0.21,3.49
7313,2343,39,315,1.00,1.99,0.00,0.10,1.99
7314,2343,40,356,2.00,12.25,0.00,0.21,24.50
7315,2344,1,417,1.00,1.99,0.00,0.21,1.99
7316,2345,1,472,3.00,0.99,0.00,0.10,2.97
7317,2346,1,198,1.00,2.49,0.00,0.10,2.49
7318,2347,1,94,2.00,2.99,0.00,0.21,5.98
7319,2347,2,253,1.00,3.00,0.00,0.21,3.00
7320,2347,3,467,0.58,3.25,0.00,0.21,1.88
7321,2347,4,339,1.69,1.95,0.00,0.10,3.30
7322,2348,1,43,3.00,1.95,0.00,0.10,5.85
7323,2348,2,493,1.00,9.99,0.00,0.21,9.99
7324,2349,1,159,1.00,24.99,0.00,0.21,24.99
7325,2349,2,170,1.00,7.99,0.00,0.21,7.99
7326,2350,1,313,1.00,3.99,0.00,0.10,3.99
7327,2350,2,151,3.00,1.95,0.00,0.04,5.85
7328,2350,3,153,1.00,2.99,0.00,0.10,2.99
7329,2350,4,594,0.63,10.99,0.00,0.04,6.92
7330,2351,1,480,1.00,22.50,0.00,0.21,22.50
7331,2352,1,20,0.50,1.99,0.00,0.04,1.00
7332,2352,2,211,0.95,3.00,0.00,0.21,2.85
7333,2352,3,468,0.73,7.95,0.00,0.04,5.80
7334,2352,4,108,3.00,3.95,0.00,0.21,11.85
7335,2353,1,434,1.00,3.50,0.00,0.04,3.50
7336,2353,2,478,6.00,15.00,0.00,0.21,90.00
7337,2354,1,44,1.00,3.99,0.00,0.21,3.99
7338,2354,2,279,1.00,7.99,0.00,0.21,7.99
7339,2354,3,227,2.00,13.49,0.00,0.21,26.98
7340,2355,1,250,1.00,1.49,0.00,0.21,1.49
7341,2355,2,417,2.00,1.99,0.00,0.21,3.98
7342,2355,3,265,1.00,2.95,0.00,0.21,2.95
7343,2355,4,493,2.00,9.99,0.00,0.21,19.98
7344,2355,5,169,2.00,4.50,0.00,0.04,9.00
7345,2356,1,79,1.00,1.49,0.00,0.10,1.49
7346,2356,2,310,1.00,1.99,0.00,0.21,1.99
7347,2357,1,505,3.00,3.95,0.00,0.21,11.85
7348,2357,2,352,1.00,2.50,0.00,0.10,2.50
7349,2358,1,360,1.00,2.49,0.00,0.21,2.49
7350,2358,2,382,1.00,3.95,0.00,0.21,3.95
7351,2358,3,282,1.00,1.75,0.00,0.10,1.75
7352,2358,4,192,1.00,14.99,0.00,0.04,14.99
7353,2358,5,237,1.00,14.95,0.00,0.04,14.95
7354,2359,1,106,2.00,3.49,0.00,0.21,6.98
7355,2359,2,312,1.00,10.99,0.00,0.04,10.99
7356,2359,3,31,1.53,1.99,0.00,0.04,3.04
7357,2360,1,85,1.00,7.99,0.00,0.21,7.99
7358,2360,2,321,1.00,2.99,0.00,0.10,2.99
7359,2360,3,426,2.00,1.99,0.00,0.10,3.98
7360,2360,4,8,1.00,2.99,0.00,0.04,2.99
7361,2360,5,84,2.09,11.95,0.00,0.04,24.98
7362,2361,1,218,1.00,2.95,0.00,0.10,2.95
7363,2362,1,548,2.00,3.49,0.00,0.21,6.98
7364,2362,2,478,1.00,15.00,0.00,0.21,15.00
7365,2363,1,160,1.69,0.50,0.00,0.10,0.84
7366,2364,1,283,1.00,1.95,0.00,0.10,1.95
7367,2364,2,387,2.00,3.95,0.00,0.21,7.90
7368,2364,3,65,1.00,10.49,0.00,0.04,10.49
7369,2364,4,170,1.00,7.99,0.00,0.21,7.99
7370,2364,5,106,1.00,3.49,0.00,0.21,3.49
7371,2365,1,259,1.00,2.95,0.00,0.04,2.95
7372,2365,2,39,1.00,5.99,0.00,0.21,5.99
7373,2365,3,463,2.00,4.25,0.00,0.04,8.50
7374,2365,4,385,1.00,2.75,0.00,0.21,2.75
7375,2365,5,178,2.00,5.99,0.00,0.10,11.98
7376,2365,6,148,2.00,3.00,0.00,0.10,6.00
7377,2365,7,102,1.00,3.00,0.00,0.04,3.00
7378,2365,8,321,2.00,2.99,0.00,0.10,5.98
7379,2365,9,313,3.00,3.99,0.00,0.10,11.97
7380,2365,10,423,1.00,2.99,0.00,0.21,2.99
7381,2366,1,125,0.26,2.00,0.00,0.10,0.52
7382,2367,1,496,1.00,3.50,0.00,0.10,3.50
7383,2368,1,360,1.00,2.49,0.00,0.21,2.49
7384,2369,1,455,1.00,1.99,0.00,0.10,1.99
7385,2369,2,44,1.00,3.99,0.00,0.21,3.99
7386,2369,3,78,1.00,9.99,0.00,0.21,9.99
7387,2369,4,269,1.00,6.99,0.00,0.10,6.99
7388,2369,5,365,2.00,17.99,0.00,0.21,35.98
7389,2369,6,278,2.00,3.25,0.00,0.21,6.50
7390,2369,7,242,1.00,22.99,0.00,0.21,22.99
7391,2369,8,567,2.00,1.49,0.00,0.10,2.98
7392,2369,9,390,1.95,4.99,0.00,0.04,9.73
7393,2369,10,574,2.00,10.00,0.00,0.21,20.00
7394,2370,1,343,3.00,4.49,0.00,0.21,13.47
7395,2371,1,75,2.00,2.49,0.00,0.21,4.98
7396,2371,2,571,4.00,11.99,0.00,0.21,47.96
7397,2372,1,469,3.00,4.50,0.00,0.21,13.50
7398,2372,2,23,1.00,13.99,0.00,0.04,13.99
7399,2372,3,3,1.00,2.95,0.00,0.10,2.95
7400,2372,4,334,1.00,1.50,0.00,0.10,1.50
7401,2372,5,345,1.00,7.50,0.00,0.21,7.50
7402,2372,6,378,1.00,0.99,0.00,0.21,0.99
7403,2372,7,267,0.43,1.95,0.00,0.04,0.84
7404,2372,8,481,2.39,1.99,0.00,0.04,4.76
7405,2372,9,441,3.00,6.95,0.00,0.21,20.85
7406,2372,10,34,1.00,2.99,0.00,0.21,2.99
7407,2372,11,555,1.00,1.99,0.00,0.04,1.99
7408,2373,1,327,1.00,1.49,0.00,0.10,1.49
7409,2373,2,81,2.00,7.99,0.00,0.04,15.98
7410,2373,3,408,1.00,4.00,0.00,0.21,4.00
7411,2373,4,440,0.61,1.99,0.00,0.10,1.21
7412,2373,5,93,0.19,13.99,0.00,0.04,2.66
7413,2373,6,105,2.00,6.99,0.00,0.21,13.98
7414,2373,7,371,1.00,5.75,0.00,0.04,5.75
7415,2373,8,364,4.00,5.00,0.00,0.04,20.00
7416,2373,9,562,2.00,3.95,0.00,0.21,7.90
7417,2373,10,56,2.00,1.95,0.00,0.10,3.90
7418,2374,1,327,1.00,1.49,0.00,0.10,1.49
7419,2375,1,472,1.00,0.99,0.00,0.10,0.99
7420,2375,2,5,1.57,0.99,0.00,0.10,1.55
7421,2375,3,453,1.00,4.49,0.00,0.21,4.49
7422,2376,1,469,2.00,4.50,0.00,0.21,9.00
7423,2377,1,34,1.00,2.99,0.00,0.21,2.99
7424,2377,2,362,3.00,3.25,0.00,0.21,9.75
7425,2378,1,309,1.00,4.95,0.00,0.21,4.95
7426,2378,2,140,1.00,2.99,0.00,0.21,2.99
7427,2378,3,213,1.00,2.99,0.00,0.21,2.99
7428,2378,4,266,3.00,11.49,0.00,0.10,34.47
7429,2378,5,442,0.77,3.00,0.00,0.21,2.31
7430,2378,6,591,1.00,2.49,0.00,0.21,2.49
7431,2378,7,187,1.00,2.99,0.00,0.10,2.99
7432,2379,1,476,2.00,6.99,0.00,0.21,13.98
7433,2379,2,28,1.00,6.99,0.00,0.21,6.99
7434,2379,3,203,2.00,2.75,0.00,0.10,5.50
7435,2379,4,295,1.00,1.99,0.00,0.21,1.99
7436,2379,5,50,6.00,2.25,0.00,0.21,13.50
7437,2379,6,88,1.00,5.99,0.00,0.10,5.99
7438,2380,1,567,2.00,1.49,0.00,0.10,2.98
7439,2381,1,28,1.00,6.99,0.00,0.21,6.99
7440,2381,2,384,2.00,4.99,0.00,0.21,9.98
7441,2382,1,32,1.00,3.50,0.00,0.21,3.50
7442,2383,1,460,1.00,7.99,0.00,0.21,7.99
7443,2383,2,361,1.49,2.49,0.00,0.04,3.71
7444,2384,1,280,1.00,1.75,0.00,0.10,1.75
7445,2384,2,88,1.00,5.99,0.00,0.10,5.99
7446,2385,1,407,3.00,4.95,0.00,0.21,14.85
7447,2385,2,120,2.00,2.49,0.00,0.21,4.98
7448,2385,3,102,2.00,3.00,0.00,0.04,6.00
7449,2385,4,176,2.00,1.49,0.00,0.10,2.98
7450,2385,5,212,2.00,17.99,0.00,0.04,35.98
7451,2386,1,70,4.00,3.50,0.00,0.21,14.00
7452,2387,1,54,2.00,5.50,0.00,0.21,11.00
7453,2387,2,340,1.00,11.00,0.00,0.10,11.00
7454,2387,3,472,1.00,0.99,0.00,0.10,0.99
7455,2387,4,71,1.00,2.99,0.00,0.10,2.99
7456,2387,5,248,2.00,5.49,0.00,0.21,10.98
7457,2387,6,92,1.00,2.25,0.00,0.21,2.25
7458,2387,7,222,1.00,2.75,0.00,0.10,2.75
7459,2387,8,430,2.00,4.50,0.00,0.21,9.00
7460,2387,9,482,1.00,4.50,0.00,0.04,4.50
7461,2387,10,275,3.00,5.95,0.00,0.04,17.85
7462,2387,11,83,1.00,4.99,0.00,0.21,4.99
7463,2387,12,43,1.00,1.95,0.00,0.10,1.95
7464,2387,13,263,1.00,2.49,0.00,0.04,2.49
7465,2387,14,545,1.00,5.95,0.00,0.21,5.95
7466,2387,15,304,2.00,4.95,0.00,0.21,9.90
7467,2387,16,308,1.00,9.99,0.00,0.21,9.99
7468,2388,1,427,1.00,6.95,0.00,0.21,6.95
7469,2389,1,144,1.00,2.95,0.00,0.21,2.95
7470,2390,1,70,2.00,3.50,0.00,0.21,7.00
7471,2391,1,367,1.00,7.49,0.00,0.10,7.49
7472,2391,2,442,2.09,3.00,0.00,0.21,6.27
7473,2392,1,451,3.00,4.99,0.00,0.10,14.97
7474,2392,2,471,1.00,1.99,0.00,0.04,1.99
7475,2393,1,146,1.00,1.49,0.00,0.21,1.49
7476,2394,1,394,1.00,7.99,0.00,0.21,7.99
7477,2394,2,164,1.00,5.99,0.00,0.21,5.99
7478,2394,3,75,2.00,2.49,0.00,0.21,4.98
7479,2394,4,82,1.00,5.95,0.00,0.21,5.95
7480,2395,1,296,2.00,5.49,0.00,0.21,10.98
7481,2395,2,234,1.00,4.00,0.00,0.10,4.00
7482,2396,1,275,1.00,5.95,0.00,0.04,5.95
7483,2396,2,329,1.00,3.99,0.00,0.10,3.99
7484,2396,3,404,1.00,4.99,0.00,0.10,4.99
7485,2396,4,592,4.00,1.50,0.00,0.04,6.00
7486,2396,5,334,1.00,1.50,0.00,0.10,1.50
7487,2397,1,488,1.00,2.49,0.00,0.21,2.49
7488,2397,2,338,2.00,3.99,0.00,0.21,7.98
7489,2397,3,293,6.00,5.49,0.00,0.04,32.94
7490,2398,1,48,1.00,1.95,0.00,0.21,1.95
7491,2398,2,150,1.00,2.00,0.00,0.21,2.00
7492,2398,3,299,1.00,5.99,0.00,0.04,5.99
7493,2398,4,488,3.00,2.49,0.00,0.21,7.47
7494,2398,5,215,4.00,8.95,0.00,0.21,35.80
7495,2399,1,49,2.00,3.99,0.00,0.21,7.98
7496,2399,2,417,1.00,1.99,0.00,0.21,1.99
7497,2399,3,329,1.00,3.99,0.00,0.10,3.99
7498,2399,4,15,2.00,7.75,0.00,0.21,15.50
7499,2399,5,56,1.00,1.95,0.00,0.10,1.95
7500,2399,6,130,1.00,4.95,0.00,0.21,4.95
7501,2399,7,81,2.00,7.99,0.00,0.04,15.98
7502,2400,1,230,4.00,7.99,0.00,0.21,31.96
7503,2400,2,550,1.00,3.95,0.00,0.04,3.95
7504,2400,3,128,1.00,3.99,0.00,0.10,3.99
7505,2400,4,272,4.00,2.95,0.00,0.21,11.80
7506,2401,1,208,1.00,22.99,0.00,0.21,22.99
7507,2401,2,304,1.00,4.95,0.00,0.21,4.95
7508,2401,3,470,1.00,6.25,0.00,0.21,6.25
7509,2402,1,150,1.00,2.00,0.00,0.21,2.00
7510,2402,2,63,1.00,2.95,0.00,0.10,2.95
7511,2403,1,139,3.00,2.99,0.00,0.04,8.97
7512,2403,2,458,1.00,1.75,0.00,0.21,1.75
7513,2403,3,293,1.00,5.49,0.00,0.04,5.49
7514,2404,1,138,6.00,1.75,0.00,0.10,10.50
7515,2404,2,548,1.00,3.49,0.00,0.21,3.49
7516,2404,3,556,4.00,2.95,0.00,0.10,11.80
7517,2405,1,417,2.00,1.99,0.00,0.21,3.98
7518,2405,2,278,2.00,3.25,0.00,0.21,6.50
7519,2405,3,323,1.00,4.95,0.00,0.10,4.95
7520,2405,4,32,6.00,3.50,0.00,0.21,21.00
7521,2405,5,591,3.00,2.49,0.00,0.21,7.47
7522,2406,1,238,2.00,2.49,0.00,0.21,4.98
7523,2407,1,125,1.61,2.00,0.00,0.10,3.22
7524,2408,1,55,2.00,5.49,0.00,0.04,10.98
7525,2409,1,211,1.33,3.00,0.00,0.21,3.99
7526,2409,2,366,1.00,4.75,0.00,0.04,4.75
7527,2409,3,414,3.00,4.00,0.00,0.10,12.00
7528,2409,4,293,1.00,5.49,0.00,0.04,5.49
7529,2410,1,342,1.00,2.95,0.00,0.21,2.95
7530,2411,1,473,2.00,1.25,0.00,0.10,2.50
7531,2412,1,253,1.00,3.00,0.00,0.21,3.00
7532,2412,2,568,6.00,2.99,0.00,0.04,17.94
7533,2412,3,286,2.00,3.25,0.00,0.21,6.50
7534,2412,4,584,4.00,19.95,0.00,0.21,79.80
7535,2412,5,189,1.00,1.50,0.00,0.04,1.50
7536,2412,6,291,3.00,0.99,0.00,0.21,2.97
7537,2413,1,278,1.00,3.25,0.00,0.21,3.25
7538,2413,2,15,3.00,7.75,0.00,0.21,23.25
7539,2414,1,596,1.00,5.95,0.00,0.21,5.95
7540,2414,2,572,1.00,2.49,0.00,0.21,2.49
7541,2414,3,454,1.00,1.99,25.00,0.10,1.49
7542,2414,4,455,2.00,1.99,0.00,0.10,3.98
7543,2414,5,533,2.00,6.75,0.00,0.21,13.50
7544,2415,1,108,1.00,3.95,0.00,0.21,3.95
7545,2415,2,518,6.00,2.95,0.00,0.04,17.70
7546,2416,1,316,1.00,3.75,0.00,0.21,3.75
7547,2416,2,598,3.00,23.99,0.00,0.21,71.97
7548,2416,3,574,2.00,10.00,0.00,0.21,20.00
7549,2416,4,434,1.00,3.50,0.00,0.04,3.50
7550,2417,1,37,2.00,5.99,0.00,0.21,11.98
7551,2418,1,230,1.00,7.99,0.00,0.21,7.99
7552,2418,2,537,4.00,5.95,0.00,0.21,23.80
7553,2418,3,395,1.00,5.25,0.00,0.10,5.25
7554,2418,4,106,1.00,3.49,0.00,0.21,3.49
7555,2418,5,242,1.00,22.99,0.00,0.21,22.99
7556,2418,6,208,4.00,22.99,0.00,0.21,91.96
7557,2418,7,466,2.00,2.95,0.00,0.21,5.90
7558,2418,8,206,6.00,2.99,0.00,0.21,17.94
7559,2418,9,236,3.00,2.99,0.00,0.21,8.97
7560,2419,1,583,1.00,2.99,0.00,0.21,2.99
7561,2419,2,562,2.00,3.95,0.00,0.21,7.90
7562,2419,3,210,6.00,4.99,0.00,0.21,29.94
7563,2419,4,295,2.00,1.99,0.00,0.21,3.98
7564,2419,5,58,1.00,2.99,0.00,0.21,2.99
7565,2419,6,500,1.00,1.95,0.00,0.10,1.95
7566,2419,7,65,1.00,10.49,0.00,0.04,10.49
7567,2419,8,586,1.00,6.00,0.00,0.21,6.00
7568,2419,9,119,1.00,6.99,0.00,0.21,6.99
7569,2420,1,282,2.00,1.75,0.00,0.10,3.50
7570,2420,2,132,1.00,2.95,0.00,0.21,2.95
7571,2420,3,145,2.14,2.75,0.00,0.21,5.88
7572,2421,1,482,1.00,4.50,0.00,0.04,4.50
7573,2421,2,70,1.00,3.50,0.00,0.21,3.50
7574,2421,3,567,4.00,1.49,0.00,0.10,5.96
7575,2422,1,203,1.00,2.75,0.00,0.10,2.75
7576,2422,2,460,1.00,7.99,0.00,0.21,7.99
7577,2423,1,208,2.00,22.99,0.00,0.21,45.98
7578,2423,2,129,2.00,2.99,0.00,0.10,5.98
7579,2424,1,389,1.87,11.95,0.00,0.04,22.35
7580,2425,1,35,1.00,3.99,0.00,0.21,3.99
7581,2426,1,286,1.00,3.25,0.00,0.21,3.25
7582,2427,1,405,1.00,4.75,0.00,0.21,4.75
7583,2428,1,138,1.00,1.75,0.00,0.10,1.75
7584,2429,1,22,2.00,8.49,0.00,0.21,16.98
7585,2430,1,271,0.18,1.99,0.00,0.04,0.36
7586,2431,1,187,1.00,2.99,0.00,0.10,2.99
7587,2432,1,286,4.00,3.25,0.00,0.21,13.00
7588,2432,2,217,3.00,4.99,0.00,0.21,14.97
7589,2433,1,566,1.00,1.95,0.00,0.04,1.95
7590,2433,2,524,0.21,2.99,0.00,0.21,0.63
7591,2434,1,550,1.00,3.95,0.00,0.04,3.95
7592,2434,2,577,1.00,2.50,0.00,0.21,2.50
7593,2435,1,233,1.00,5.99,0.00,0.21,5.99
7594,2435,2,354,1.00,3.49,0.00,0.21,3.49
7595,2435,3,189,1.00,1.50,0.00,0.04,1.50
7596,2435,4,459,1.00,2.99,0.00,0.21,2.99
7597,2435,5,133,3.00,1.99,0.00,0.21,5.97
7598,2435,6,120,3.00,2.49,0.00,0.21,7.47
7599,2435,7,361,1.53,2.49,0.00,0.04,3.81
7600,2435,8,268,1.00,1.95,0.00,0.10,1.95
7601,2436,1,386,6.00,9.95,0.00,0.21,59.70
7602,2437,1,484,3.00,1.99,0.00,0.04,5.97
7603,2438,1,507,2.00,8.95,0.00,0.21,17.90
7604,2439,1,135,1.00,7.49,0.00,0.21,7.49
7605,2440,1,465,3.00,1.99,0.00,0.10,5.97
7606,2440,2,564,2.00,16.95,0.00,0.04,33.90
7607,2440,3,208,1.00,22.99,0.00,0.21,22.99
7608,2440,4,389,0.73,11.95,0.00,0.04,8.72
7609,2440,5,406,1.10,13.99,0.00,0.04,15.39
7610,2440,6,427,4.00,6.95,0.00,0.21,27.80
7611,2440,7,322,1.00,4.49,0.00,0.21,4.49
7612,2441,1,149,2.00,3.99,0.00,0.10,7.98
7613,2441,2,464,6.00,2.50,0.00,0.21,15.00
7614,2441,3,458,2.00,1.75,0.00,0.21,3.50
7615,2441,4,472,2.00,0.99,0.00,0.10,1.98
7616,2442,1,241,2.00,5.95,0.00,0.21,11.90
7617,2443,1,279,1.00,7.99,0.00,0.21,7.99
7618,2443,2,151,1.00,1.95,0.00,0.04,1.95
7619,2443,3,522,1.00,5.99,0.00,0.21,5.99
7620,2443,4,429,0.61,5.95,0.00,0.21,3.63
7621,2444,1,256,1.00,21.50,0.00,0.21,21.50
7622,2444,2,456,1.00,8.99,0.00,0.21,8.99
7623,2444,3,40,1.00,3.99,0.00,0.21,3.99
7624,2444,4,358,1.00,2.95,0.00,0.21,2.95
7625,2444,5,344,1.00,11.99,0.00,0.10,11.99
7626,2444,6,593,1.00,4.25,0.00,0.21,4.25
7627,2445,1,14,4.00,7.99,0.00,0.21,31.96
7628,2446,1,577,2.00,2.50,0.00,0.21,5.00
7629,2447,1,211,0.50,3.00,0.00,0.21,1.50
7630,2448,1,223,2.00,2.99,0.00,0.21,5.98
7631,2449,1,485,1.00,2.99,0.00,0.04,2.99
7632,2450,1,47,1.00,5.99,0.00,0.10,5.99
7633,2451,1,546,3.00,2.99,0.00,0.04,8.97
7634,2451,2,555,1.00,1.99,0.00,0.04,1.99
7635,2451,3,97,1.00,4.95,0.00,0.21,4.95
7636,2451,4,173,1.00,1.95,0.00,0.04,1.95
7637,2451,5,395,4.00,5.25,0.00,0.10,21.00
7638,2452,1,478,1.00,15.00,0.00,0.21,15.00
7639,2452,2,442,1.27,3.00,0.00,0.21,3.81
7640,2452,3,128,4.00,3.99,0.00,0.10,15.96
7641,2453,1,435,3.00,2.99,0.00,0.21,8.97
7642,2453,2,224,2.00,2.99,0.00,0.04,5.98
7643,2454,1,352,2.00,2.50,0.00,0.10,5.00
7644,2454,2,17,1.00,2.49,0.00,0.10,2.49
7645,2454,3,199,1.00,3.75,0.00,0.21,3.75
7646,2454,4,508,1.00,10.99,0.00,0.21,10.99
7647,2455,1,151,1.00,1.95,0.00,0.04,1.95
7648,2456,1,97,2.00,4.95,0.00,0.21,9.90
7649,2456,2,200,1.00,12.75,0.00,0.21,12.75
7650,2457,1,36,1.00,2.95,0.00,0.10,2.95
7651,2457,2,27,2.00,13.95,0.00,0.04,27.90
7652,2457,3,275,1.00,5.95,0.00,0.04,5.95
7653,2457,4,107,1.00,5.99,0.00,0.21,5.99
7654,2457,5,444,4.00,3.99,0.00,0.21,15.96
7655,2458,1,183,2.00,0.95,0.00,0.04,1.90
7656,2458,2,574,1.00,10.00,0.00,0.21,10.00
7657,2458,3,184,2.00,7.99,0.00,0.21,15.98
7658,2458,4,133,1.00,1.99,0.00,0.21,1.99
7659,2459,1,314,6.00,1.99,0.00,0.04,11.94
7660,2460,1,361,1.74,2.49,0.00,0.04,4.33
7661,2461,1,88,1.00,5.99,0.00,0.10,5.99
7662,2462,1,176,1.00,1.49,0.00,0.10,1.49
7663,2462,2,564,1.00,16.95,0.00,0.04,16.95
7664,2462,3,130,2.00,4.95,0.00,0.21,9.90
7665,2462,4,19,1.00,8.99,0.00,0.21,8.99
7666,2463,1,304,1.00,4.95,0.00,0.21,4.95
7667,2464,1,60,1.00,1.99,0.00,0.21,1.99
7668,2464,2,332,4.00,1.99,0.00,0.10,7.96
7669,2464,3,166,1.00,8.25,0.00,0.21,8.25
7670,2464,4,544,1.00,3.99,0.00,0.21,3.99
7671,2464,5,51,2.00,3.99,0.00,0.21,7.98
7672,2464,6,254,2.00,1.50,0.00,0.10,3.00
7673,2465,1,89,3.00,2.99,0.00,0.21,8.97
7674,2466,1,389,1.95,11.95,0.00,0.04,23.30
7675,2466,2,311,1.00,3.49,0.00,0.10,3.49
7676,2466,3,195,1.00,5.99,0.00,0.21,5.99
7677,2466,4,526,0.71,4.49,0.00,0.21,3.19
7678,2466,5,430,6.00,4.50,0.00,0.21,27.00
7679,2467,1,458,1.00,1.75,0.00,0.21,1.75
7680,2467,2,474,1.00,2.99,0.00,0.21,2.99
7681,2467,3,267,2.48,1.95,0.00,0.04,4.84
7682,2467,4,377,1.00,2.99,0.00,0.21,2.99
7683,2467,5,19,2.00,8.99,0.00,0.21,17.98
7684,2467,6,562,2.00,3.95,0.00,0.21,7.90
7685,2467,7,531,1.37,1.99,0.00,0.10,2.73
7686,2467,8,393,2.29,5.50,0.00,0.04,12.60
7687,2467,9,134,2.00,3.49,0.00,0.10,6.98
7688,2467,10,328,1.00,2.99,0.00,0.04,2.99
7689,2467,11,31,0.46,1.99,0.00,0.04,0.92
7690,2467,12,437,1.00,4.50,0.00,0.21,4.50
7691,2467,13,324,3.00,2.95,0.00,0.04,8.85
7692,2467,14,98,2.00,1.49,0.00,0.21,2.98
7693,2467,15,183,1.00,0.95,0.00,0.04,0.95
7694,2467,16,436,1.00,4.99,0.00,0.04,4.99
7695,2468,1,75,1.00,2.49,0.00,0.21,2.49
7696,2469,1,404,1.00,4.99,0.00,0.10,4.99
7697,2470,1,101,1.00,2.99,0.00,0.04,2.99
7698,2470,2,599,3.00,8.00,0.00,0.10,24.00
7699,2470,3,435,1.00,2.99,0.00,0.21,2.99
7700,2470,4,114,2.00,5.95,0.00,0.04,11.90
7701,2470,5,452,1.00,7.95,0.00,0.10,7.95
7702,2470,6,206,1.00,2.99,0.00,0.21,2.99
7703,2471,1,330,2.00,11.75,0.00,0.04,23.50
7704,2472,1,196,1.00,4.95,0.00,0.04,4.95
7705,2472,2,589,2.31,11.99,0.00,0.04,27.70
7706,2472,3,176,1.00,1.49,0.00,0.10,1.49
7707,2472,4,425,1.00,3.99,0.00,0.21,3.99
7708,2473,1,84,2.42,11.95,0.00,0.04,28.92
7709,2473,2,292,1.00,3.49,0.00,0.21,3.49
7710,2473,3,88,6.00,5.99,0.00,0.10,35.94
7711,2474,1,502,2.00,9.00,0.00,0.10,18.00
7712,2474,2,466,1.00,2.95,0.00,0.21,2.95
7713,2474,3,518,1.00,2.95,0.00,0.04,2.95
7714,2474,4,240,1.00,1.95,0.00,0.10,1.95
7715,2474,5,134,2.00,3.49,0.00,0.10,6.98
7716,2474,6,392,2.47,1.49,0.00,0.04,3.68
7717,2474,7,80,1.00,2.95,0.00,0.10,2.95
7718,2474,8,517,1.53,3.99,0.00,0.21,6.10
7719,2474,9,38,0.58,3.99,0.00,0.21,2.31
7720,2474,10,145,1.99,2.75,0.00,0.21,5.47
7721,2474,11,434,3.00,3.50,0.00,0.04,10.50
7722,2474,12,325,1.00,1.50,0.00,0.21,1.50
7723,2474,13,129,1.00,2.99,0.00,0.10,2.99
7724,2474,14,99,2.00,15.75,0.00,0.21,31.50
7725,2474,15,170,1.00,7.99,0.00,0.21,7.99
7726,2474,16,542,3.00,9.99,0.00,0.21,29.97
7727,2474,17,11,1.00,4.95,0.00,0.21,4.95
7728,2475,1,370,1.00,2.95,0.00,0.10,2.95
7729,2475,2,546,1.00,2.99,0.00,0.04,2.99
7730,2475,3,383,1.00,5.99,0.00,0.21,5.99
7731,2476,1,243,1.00,1.49,0.00,0.21,1.49
7732,2476,2,173,1.00,1.95,0.00,0.04,1.95
7733,2477,1,455,1.00,1.99,0.00,0.10,1.99
7734,2477,2,109,2.00,0.99,0.00,0.04,1.98
7735,2477,3,580,2.00,6.50,0.00,0.10,13.00
7736,2478,1,434,3.00,3.50,0.00,0.04,10.50
7737,2479,1,598,1.00,23.99,0.00,0.21,23.99
7738,2479,2,546,3.00,2.99,0.00,0.04,8.97
7739,2479,3,551,1.00,3.50,0.00,0.21,3.50
7740,2479,4,211,0.80,3.00,0.00,0.21,2.40
7741,2480,1,495,2.00,14.95,0.00,0.21,29.90
7742,2481,1,547,1.00,5.95,0.00,0.04,5.95
7743,2482,1,570,3.00,1.99,0.00,0.10,5.97
7744,2483,1,287,2.15,1.99,0.00,0.10,4.28
7745,2483,2,466,1.00,2.95,0.00,0.21,2.95
7746,2484,1,71,1.00,2.99,0.00,0.10,2.99
7747,2485,1,393,1.68,5.50,0.00,0.04,9.24
7748,2486,1,537,3.00,5.95,0.00,0.21,17.85
7749,2486,2,395,3.00,5.25,0.00,0.10,15.75
7750,2486,3,526,2.27,4.49,0.00,0.21,10.19
7751,2487,1,330,1.00,11.75,0.00,0.04,11.75
7752,2487,2,272,4.00,2.95,0.00,0.21,11.80
7753,2487,3,194,2.00,2.95,0.00,0.10,5.90
7754,2488,1,149,1.00,3.99,0.00,0.10,3.99
7755,2488,2,35,1.00,3.99,0.00,0.21,3.99
7756,2488,3,580,1.00,6.50,0.00,0.10,6.50
7757,2488,4,262,1.00,12.99,0.00,0.04,12.99
7758,2489,1,187,1.00,2.99,0.00,0.10,2.99
7759,2490,1,67,6.00,5.99,0.00,0.21,35.94
7760,2490,2,206,2.00,2.99,0.00,0.21,5.98
7761,2490,3,116,0.72,6.49,0.00,0.04,4.67
7762,2491,1,392,2.10,1.49,0.00,0.04,3.13
7763,2491,2,153,1.00,2.99,0.00,0.10,2.99
7764,2491,3,257,1.00,4.00,0.00,0.21,4.00
7765,2492,1,397,1.00,3.99,0.00,0.21,3.99
7766,2493,1,141,1.00,4.50,0.00,0.10,4.50
7767,2493,2,229,3.00,2.75,0.00,0.10,8.25
7768,2493,3,391,1.00,2.99,0.00,0.04,2.99
7769,2494,1,586,4.00,6.00,0.00,0.21,24.00
7770,2494,2,219,1.00,3.75,0.00,0.21,3.75
7771,2495,1,284,1.00,21.50,0.00,0.21,21.50
7772,2496,1,206,3.00,2.99,0.00,0.21,8.97
7773,2496,2,356,1.00,12.25,0.00,0.21,12.25
7774,2497,1,125,0.25,2.00,0.00,0.10,0.50
7775,2497,2,355,4.00,3.75,0.00,0.10,15.00
7776,2497,3,257,1.00,4.00,0.00,0.21,4.00
7777,2497,4,520,1.00,2.99,0.00,0.10,2.99
7778,2498,1,71,2.00,2.99,0.00,0.10,5.98
7779,2499,1,452,4.00,7.95,0.00,0.10,31.80
7780,2499,2,54,2.00,5.50,0.00,0.21,11.00
7781,2499,3,537,2.00,5.95,0.00,0.21,11.90
7782,2500,1,102,1.00,3.00,0.00,0.04,3.00
7783,2501,1,94,2.00,2.99,0.00,0.21,5.98
7784,2502,1,222,2.00,2.75,0.00,0.10,5.50
7785,2503,1,579,1.00,2.49,0.00,0.10,2.49
7786,2503,2,292,3.00,3.49,0.00,0.21,10.47
7787,2504,1,441,2.00,6.95,0.00,0.21,13.90
7788,2505,1,489,3.00,1.00,0.00,0.04,3.00
7789,2506,1,75,1.00,2.49,0.00,0.21,2.49
7790,2507,1,455,4.00,1.99,0.00,0.10,7.96
7791,2507,2,414,1.00,4.00,0.00,0.10,4.00
7792,2507,3,385,1.00,2.75,0.00,0.21,2.75
7793,2508,1,366,1.00,4.75,0.00,0.04,4.75
7794,2508,2,320,2.00,5.99,0.00,0.21,11.98
7795,2508,3,206,1.00,2.99,0.00,0.21,2.99
7796,2508,4,10,1.00,2.99,0.00,0.10,2.99
7797,2509,1,125,0.65,2.00,0.00,0.10,1.30
7798,2509,2,182,2.00,2.75,0.00,0.04,5.50
7799,2510,1,276,1.00,4.50,0.00,0.04,4.50
7800,2510,2,65,1.00,10.49,0.00,0.04,10.49
7801,2510,3,3,1.00,2.95,0.00,0.10,2.95
7802,2511,1,559,1.00,4.99,0.00,0.10,4.99
7803,2512,1,380,1.00,3.99,0.00,0.21,3.99
7804,2512,2,501,1.00,0.99,0.00,0.04,0.99
7805,2512,3,317,1.00,4.50,0.00,0.21,4.50
7806,2512,4,331,3.00,1.99,0.00,0.04,5.97
7807,2513,1,58,1.00,2.99,0.00,0.21,2.99
7808,2513,2,574,3.00,10.00,0.00,0.21,30.00
7809,2514,1,537,1.00,5.95,0.00,0.21,5.95
7810,2514,2,346,2.00,6.99,0.00,0.21,13.98
7811,2514,3,582,1.00,22.99,0.00,0.21,22.99
7812,2514,4,493,1.00,9.99,0.00,0.21,9.99
7813,2514,5,434,3.00,3.50,0.00,0.04,10.50
7814,2514,6,578,2.00,1.99,0.00,0.10,3.98
7815,2515,1,452,1.00,7.95,0.00,0.10,7.95
7816,2515,2,459,1.00,2.99,0.00,0.21,2.99
7817,2516,1,320,1.00,5.99,0.00,0.21,5.99
7818,2516,2,276,1.00,4.50,0.00,0.04,4.50
7819,2516,3,126,1.15,2.50,0.00,0.21,2.88
7820,2517,1,564,1.00,16.95,0.00,0.04,16.95
7821,2517,2,356,1.00,12.25,0.00,0.21,12.25
7822,2518,1,64,4.00,4.99,0.00,0.21,19.96
7823,2518,2,46,1.92,15.99,0.00,0.04,30.70
7824,2518,3,169,1.00,4.50,0.00,0.04,4.50
7825,2518,4,330,1.00,11.75,0.00,0.04,11.75
7826,2518,5,301,1.00,11.25,0.00,0.10,11.25
7827,2518,6,149,1.00,3.99,0.00,0.10,3.99
7828,2518,7,294,1.00,1.99,0.00,0.04,1.99
7829,2518,8,343,3.00,4.49,0.00,0.21,13.47
7830,2518,9,153,1.00,2.99,0.00,0.10,2.99
7831,2519,1,428,1.00,12.99,0.00,0.21,12.99
7832,2520,1,297,1.00,10.95,0.00,0.21,10.95
7833,2520,2,250,1.00,1.49,0.00,0.21,1.49
7834,2520,3,362,1.00,3.25,0.00,0.21,3.25
7835,2520,4,484,1.00,1.99,0.00,0.04,1.99
7836,2520,5,210,1.00,4.99,0.00,0.21,4.99
7837,2520,6,371,4.00,5.75,0.00,0.04,23.00
7838,2521,1,124,2.00,3.99,0.00,0.04,7.98
7839,2522,1,79,1.00,1.49,0.00,0.10,1.49
7840,2522,2,416,4.00,2.99,0.00,0.21,11.96
7841,2522,3,553,2.00,7.99,0.00,0.04,15.98
7842,2522,4,138,3.00,1.75,0.00,0.10,5.25
7843,2523,1,291,2.00,0.99,0.00,0.21,1.98
7844,2524,1,552,1.00,2.50,0.00,0.04,2.50
7845,2524,2,360,1.00,2.49,0.00,0.21,2.49
7846,2524,3,250,1.00,1.49,0.00,0.21,1.49
7847,2525,1,59,1.00,1.99,0.00,0.10,1.99
7848,2526,1,271,2.33,1.99,0.00,0.04,4.64
7849,2526,2,422,1.00,11.75,0.00,0.21,11.75
7850,2526,3,323,1.00,4.95,0.00,0.10,4.95
7851,2527,1,556,1.00,2.95,0.00,0.10,2.95
7852,2527,2,88,1.00,5.99,0.00,0.10,5.99
7853,2528,1,179,1.00,12.75,0.00,0.04,12.75
7854,2528,2,403,4.00,7.99,0.00,0.21,31.96
7855,2528,3,153,4.00,2.99,0.00,0.10,11.96
7856,2528,4,302,1.00,1.99,0.00,0.10,1.99
7857,2528,5,68,2.00,3.49,0.00,0.21,6.98
7858,2529,1,404,4.00,4.99,0.00,0.10,19.96
7859,2530,1,348,1.00,3.00,0.00,0.21,3.00
7860,2530,2,467,0.70,3.25,0.00,0.21,2.28
7861,2531,1,73,2.14,0.99,0.00,0.10,2.12
7862,2532,1,134,6.00,3.49,0.00,0.10,20.94
7863,2532,2,453,1.00,4.49,0.00,0.21,4.49
7864,2532,3,126,0.42,2.50,0.00,0.21,1.05
7865,2532,4,217,1.00,4.99,0.00,0.21,4.99
7866,2532,5,227,6.00,13.49,0.00,0.21,80.94
7867,2532,6,539,1.00,4.50,0.00,0.21,4.50
7868,2532,7,129,2.00,2.99,0.00,0.10,5.98
7869,2533,1,309,2.00,4.95,0.00,0.21,9.90
7870,2534,1,419,1.00,8.99,0.00,0.21,8.99
7871,2535,1,121,1.00,2.75,0.00,0.04,2.75
7872,2535,2,260,2.00,1.99,0.00,0.04,3.98
7873,2536,1,569,2.00,2.95,0.00,0.21,5.90
7874,2536,2,420,2.07,13.99,0.00,0.04,28.96
7875,2536,3,264,2.00,1.99,0.00,0.10,3.98
7876,2536,4,396,2.00,0.99,0.00,0.21,1.98
7877,2537,1,106,1.00,3.49,0.00,0.21,3.49
7878,2537,2,303,0.16,2.25,0.00,0.10,0.36
7879,2538,1,16,1.00,2.99,0.00,0.21,2.99
7880,2538,2,107,1.00,5.99,0.00,0.21,5.99
7881,2538,3,379,1.00,2.95,0.00,0.10,2.95
7882,2539,1,524,1.89,2.99,0.00,0.21,5.65
7883,2539,2,202,1.00,4.50,0.00,0.21,4.50
7884,2540,1,376,1.00,5.99,0.00,0.10,5.99
7885,2541,1,535,1.00,4.50,0.00,0.10,4.50
7886,2542,1,544,1.00,3.99,0.00,0.21,3.99
7887,2542,2,518,2.00,2.95,0.00,0.04,5.90
7888,2543,1,131,1.00,10.99,0.00,0.21,10.99
7889,2544,1,133,1.00,1.99,0.00,0.21,1.99
7890,2545,1,291,3.00,0.99,0.00,0.21,2.97
7891,2545,2,539,1.00,4.50,0.00,0.21,4.50
7892,2545,3,73,0.31,0.99,0.00,0.10,0.31
7893,2545,4,576,2.00,2.99,0.00,0.10,5.98
7894,2546,1,583,1.00,2.99,0.00,0.21,2.99
7895,2546,2,501,2.00,0.99,0.00,0.04,1.98
7896,2546,3,331,2.00,1.99,0.00,0.04,3.98
7897,2547,1,500,1.00,1.95,0.00,0.10,1.95
7898,2548,1,37,1.00,5.99,0.00,0.21,5.99
7899,2548,2,259,1.00,2.95,0.00,0.04,2.95
7900,2549,1,219,2.00,3.75,0.00,0.21,7.50
7901,2549,2,450,2.00,3.99,0.00,0.21,7.98
7902,2549,3,21,1.00,2.49,0.00,0.21,2.49
7903,2549,4,98,1.00,1.49,0.00,0.21,1.49
7904,2549,5,230,1.00,7.99,0.00,0.21,7.99
7905,2549,6,371,1.00,5.75,0.00,0.04,5.75
7906,2549,7,347,1.14,5.99,0.00,0.04,6.83
7907,2549,8,296,1.00,5.49,0.00,0.21,5.49
7908,2549,9,334,1.00,1.50,0.00,0.10,1.50
7909,2549,10,578,4.00,1.99,0.00,0.10,7.96
7910,2549,11,238,2.00,2.49,0.00,0.21,4.98
7911,2549,12,140,1.00,2.99,0.00,0.21,2.99
7912,2549,13,321,1.00,2.99,0.00,0.10,2.99
7913,2549,14,337,1.00,2.99,0.00,0.10,2.99
7914,2549,15,118,1.00,5.99,0.00,0.21,5.99
7915,2549,16,569,1.00,2.95,0.00,0.21,2.95
7916,2549,17,385,1.00,2.75,0.00,0.21,2.75
7917,2549,18,242,1.00,22.99,0.00,0.21,22.99
7918,2550,1,464,1.00,2.50,0.00,0.21,2.50
7919,2550,2,403,1.00,7.99,0.00,0.21,7.99
7920,2551,1,568,1.00,2.99,0.00,0.04,2.99
7921,2552,1,264,1.00,1.99,0.00,0.10,1.99
7922,2553,1,222,1.00,2.75,0.00,0.10,2.75
7923,2554,1,323,1.00,4.95,0.00,0.10,4.95
7924,2555,1,428,1.00,12.99,0.00,0.21,12.99
7925,2556,1,130,1.00,4.95,0.00,0.21,4.95
7926,2557,1,170,2.00,7.99,0.00,0.21,15.98
7927,2557,2,115,1.00,6.99,0.00,0.21,6.99
7928,2557,3,272,2.00,2.95,0.00,0.21,5.90
7929,2557,4,223,1.00,2.99,0.00,0.21,2.99
7930,2557,5,216,3.00,2.95,0.00,0.21,8.85
7931,2558,1,5,1.00,0.99,0.00,0.10,0.99
7932,2558,2,487,0.74,10.49,0.00,0.04,7.76
7933,2558,3,453,1.00,4.49,0.00,0.21,4.49
7934,2558,4,205,1.00,4.99,0.00,0.21,4.99
7935,2558,5,217,1.00,4.99,0.00,0.21,4.99
7936,2558,6,307,1.00,5.25,0.00,0.10,5.25
7937,2558,7,138,1.00,1.75,0.00,0.10,1.75
7938,2559,1,316,1.00,3.75,0.00,0.21,3.75
7939,2560,1,587,1.00,3.99,0.00,0.21,3.99
7940,2560,2,562,1.00,3.95,0.00,0.21,3.95
7941,2561,1,239,1.00,5.99,0.00,0.21,5.99
7942,2561,2,365,1.00,17.99,0.00,0.21,17.99
7943,2562,1,513,1.00,0.99,0.00,0.04,0.99
7944,2562,2,587,2.00,3.99,0.00,0.21,7.98
7945,2562,3,370,2.00,2.95,0.00,0.10,5.90
7946,2562,4,214,1.00,4.25,0.00,0.21,4.25
7947,2562,5,57,1.00,18.00,0.00,0.21,18.00
7948,2562,6,101,6.00,2.99,0.00,0.04,17.94
7949,2563,1,99,6.00,15.75,0.00,0.21,94.50
7950,2563,2,304,1.00,4.95,0.00,0.21,4.95
7951,2563,3,475,2.00,2.99,0.00,0.10,5.98
7952,2564,1,20,1.30,1.99,0.00,0.04,2.59
7953,2565,1,194,1.00,2.95,0.00,0.10,2.95
7954,2565,2,410,1.00,2.99,0.00,0.21,2.99
7955,2565,3,219,1.00,3.75,0.00,0.21,3.75
7956,2566,1,341,1.00,1.99,0.00,0.10,1.99
7957,2566,2,110,1.00,1.99,0.00,0.21,1.99
7958,2566,3,598,1.00,23.99,0.00,0.21,23.99
7959,2566,4,540,1.00,8.99,0.00,0.21,8.99
7960,2566,5,191,1.00,3.50,0.00,0.21,3.50
7961,2566,6,190,1.00,3.95,0.00,0.21,3.95
7962,2566,7,416,4.00,2.99,0.00,0.21,11.96
7963,2566,8,120,1.00,2.49,0.00,0.21,2.49
7964,2566,9,227,1.00,13.49,0.00,0.21,13.49
7965,2566,10,83,3.00,4.99,0.00,0.21,14.97
7966,2566,11,338,1.00,3.99,0.00,0.21,3.99
7967,2566,12,407,1.00,4.95,0.00,0.21,4.95
7968,2566,13,198,1.00,2.49,0.00,0.10,2.49
7969,2566,14,455,1.00,1.99,0.00,0.10,1.99
7970,2566,15,158,1.00,3.99,0.00,0.21,3.99
7971,2566,16,87,2.00,2.99,0.00,0.10,5.98
7972,2566,17,36,3.00,2.95,0.00,0.10,8.85
7973,2566,18,20,2.33,1.99,0.00,0.04,4.64
7974,2567,1,263,1.00,2.49,0.00,0.04,2.49
7975,2568,1,76,2.00,1.99,0.00,0.04,3.98
7976,2568,2,484,2.00,1.99,0.00,0.04,3.98
7977,2568,3,28,1.00,6.99,0.00,0.21,6.99
7978,2568,4,388,0.94,1.99,0.00,0.10,1.87
7979,2568,5,191,1.00,3.50,0.00,0.21,3.50
7980,2568,6,6,1.00,6.99,0.00,0.21,6.99
7981,2569,1,417,1.00,1.99,0.00,0.21,1.99
7982,2569,2,145,0.92,2.75,0.00,0.21,2.53
7983,2569,3,473,1.00,1.25,0.00,0.10,1.25
7984,2570,1,232,1.00,2.50,0.00,0.21,2.50
7985,2571,1,246,2.00,4.50,0.00,0.10,9.00
7986,2571,2,71,2.00,2.99,0.00,0.10,5.98
7987,2571,3,238,1.00,2.49,0.00,0.21,2.49
7988,2571,4,515,1.00,2.99,0.00,0.04,2.99
7989,2572,1,593,2.00,4.25,0.00,0.21,8.50
7990,2573,1,582,2.00,22.99,0.00,0.21,45.98
7991,2573,2,168,1.00,10.95,0.00,0.21,10.95
7992,2573,3,290,2.00,4.95,0.00,0.21,9.90
7993,2573,4,139,1.00,2.99,0.00,0.04,2.99
7994,2573,5,262,2.00,12.99,0.00,0.04,25.98
7995,2574,1,346,1.00,6.99,0.00,0.21,6.99
7996,2575,1,467,2.35,3.25,0.00,0.21,7.64
7997,2576,1,499,1.00,1.99,0.00,0.10,1.99
7998,2576,2,239,3.00,5.99,0.00,0.21,17.97
7999,2576,3,489,1.00,1.00,0.00,0.04,1.00
8000,2576,4,594,2.31,10.99,0.00,0.04,25.39
8001,2576,5,383,1.00,5.99,0.00,0.21,5.99
8002,2576,6,215,1.00,8.95,0.00,0.21,8.95
8003,2576,7,537,2.00,5.95,0.00,0.21,11.90
8004,2577,1,148,1.00,3.00,40.00,0.10,1.80
8005,2577,2,447,1.00,2.95,0.00,0.04,2.95
8006,2578,1,293,2.00,5.49,0.00,0.04,10.98
8007,2578,2,331,1.00,1.99,0.00,0.04,1.99
8008,2578,3,290,1.00,4.95,0.00,0.21,4.95
8009,2578,4,496,2.00,3.50,0.00,0.10,7.00
8010,2579,1,562,1.00,3.95,0.00,0.21,3.95
8011,2579,2,377,1.00,2.99,0.00,0.21,2.99
8012,2580,1,588,2.00,5.25,0.00,0.21,10.50
8013,2580,2,597,1.00,3.75,0.00,0.21,3.75
8014,2580,3,470,1.00,6.25,0.00,0.21,6.25
8015,2581,1,150,1.00,2.00,0.00,0.21,2.00
8016,2581,2,483,1.00,2.99,0.00,0.10,2.99
8017,2582,1,219,1.00,3.75,0.00,0.21,3.75
8018,2582,2,133,1.00,1.99,0.00,0.21,1.99
8019,2582,3,537,2.00,5.95,0.00,0.21,11.90
8020,2582,4,167,0.83,19.95,0.00,0.04,16.56
8021,2583,1,316,2.00,3.75,0.00,0.21,7.50
8022,2583,2,574,2.00,10.00,0.00,0.21,20.00
8023,2583,3,194,2.00,2.95,0.00,0.10,5.90
8024,2584,1,1,1.00,12.99,0.00,0.21,12.99
8025,2584,2,345,2.00,7.50,0.00,0.21,15.00
8026,2584,3,457,1.00,10.99,0.00,0.10,10.99
8027,2584,4,436,2.00,4.99,0.00,0.04,9.98
8028,2585,1,73,1.03,0.99,0.00,0.10,1.02
8029,2586,1,381,1.74,4.00,0.00,0.04,6.96
8030,2587,1,268,1.00,1.95,0.00,0.10,1.95
8031,2587,2,76,1.00,1.99,0.00,0.04,1.99
8032,2587,3,399,1.00,1.99,0.00,0.10,1.99
8033,2587,4,396,1.00,0.99,0.00,0.21,0.99
8034,2588,1,130,2.00,4.95,0.00,0.21,9.90
8035,2589,1,521,1.00,5.99,0.00,0.21,5.99
8036,2590,1,532,1.00,2.95,0.00,0.21,2.95
8037,2590,2,132,1.00,2.95,0.00,0.21,2.95
8038,2591,1,487,0.85,10.49,0.00,0.04,8.92
8039,2592,1,533,1.00,6.75,0.00,0.21,6.75
8040,2593,1,391,1.00,2.99,0.00,0.04,2.99
8041,2593,2,303,0.77,2.25,0.00,0.10,1.73
8042,2594,1,3,2.00,2.95,0.00,0.10,5.90
8043,2595,1,335,1.00,2.50,0.00,0.21,2.50
8044,2595,2,178,1.00,5.99,0.00,0.10,5.99
8045,2595,3,292,1.00,3.49,0.00,0.21,3.49
8046,2595,4,304,2.00,4.95,0.00,0.21,9.90
8047,2595,5,430,1.00,4.50,0.00,0.21,4.50
8048,2595,6,596,2.00,5.95,0.00,0.21,11.90
8049,2595,7,273,0.61,4.99,0.00,0.21,3.04
8050,2595,8,573,1.00,2.00,0.00,0.10,2.00
8051,2596,1,3,2.00,2.95,0.00,0.10,5.90
8052,2597,1,407,1.00,4.95,0.00,0.21,4.95
8053,2597,2,378,2.00,0.99,0.00,0.21,1.98
8054,2597,3,433,1.00,3.99,0.00,0.04,3.99
8055,2597,4,125,2.46,2.00,0.00,0.10,4.92
8056,2597,5,386,4.00,9.95,0.00,0.21,39.80
8057,2597,6,537,1.00,5.95,0.00,0.21,5.95
8058,2598,1,106,1.00,3.49,0.00,0.21,3.49
8059,2598,2,490,1.00,4.99,0.00,0.21,4.99
8060,2599,1,98,4.00,1.49,0.00,0.21,5.96
8061,2599,2,491,3.00,5.99,0.00,0.10,17.97
8062,2600,1,434,3.00,3.50,0.00,0.04,10.50
8063,2601,1,473,3.00,1.25,0.00,0.10,3.75
8064,2602,1,52,1.00,2.95,0.00,0.04,2.95
8065,2602,2,430,1.00,4.50,0.00,0.21,4.50
8066,2602,3,287,2.00,1.99,0.00,0.10,3.98
8067,2602,4,543,2.00,1.99,0.00,0.21,3.98
8068,2602,5,396,3.00,0.99,0.00,0.21,2.97
8069,2602,6,135,4.00,7.49,0.00,0.21,29.96
8070,2602,7,348,1.00,3.00,0.00,0.21,3.00
8071,2602,8,364,1.00,5.00,0.00,0.04,5.00
8072,2603,1,221,2.32,5.95,0.00,0.04,13.80
8073,2603,2,47,1.00,5.99,0.00,0.10,5.99
8074,2603,3,8,1.00,2.99,0.00,0.04,2.99
8075,2604,1,190,2.00,3.95,0.00,0.21,7.90
8076,2605,1,349,1.00,2.99,0.00,0.21,2.99
8077,2605,2,22,1.00,8.49,0.00,0.21,8.49
8078,2605,3,395,1.00,5.25,0.00,0.10,5.25
8079,2606,1,160,0.95,0.50,0.00,0.10,0.48
8080,2606,2,337,2.00,2.99,0.00,0.10,5.98
8081,2606,3,163,1.00,3.25,0.00,0.21,3.25
8082,2606,4,553,2.00,7.99,0.00,0.04,15.98
8083,2606,5,575,1.00,8.99,0.00,0.21,8.99
8084,2607,1,342,1.00,2.95,0.00,0.21,2.95
8085,2608,1,508,1.00,10.99,0.00,0.21,10.99
8086,2608,2,357,1.00,1.95,0.00,0.10,1.95
8087,2609,1,159,1.00,24.99,0.00,0.21,24.99
8088,2609,2,487,2.33,10.49,0.00,0.04,24.44
8089,2609,3,549,1.00,6.99,0.00,0.21,6.99
8090,2610,1,544,1.00,3.99,0.00,0.21,3.99
8091,2611,1,222,1.00,2.75,0.00,0.10,2.75
8092,2612,1,597,1.00,3.75,0.00,0.21,3.75
8093,2612,2,216,3.00,2.95,0.00,0.21,8.85
8094,2612,3,585,0.47,1.95,0.00,0.21,0.92
8095,2612,4,254,1.00,1.50,0.00,0.10,1.50
8096,2612,5,245,1.00,3.95,0.00,0.21,3.95
8097,2612,6,285,2.00,9.99,0.00,0.21,19.98
8098,2612,7,93,0.48,13.99,0.00,0.04,6.72
8099,2612,8,433,1.00,3.99,0.00,0.04,3.99
8100,2613,1,565,4.00,22.99,0.00,0.21,91.96
8101,2614,1,12,3.00,1.50,0.00,0.10,4.50
8102,2614,2,122,1.00,2.95,0.00,0.04,2.95
8103,2614,3,302,2.00,1.99,0.00,0.10,3.98
8104,2614,4,235,1.00,2.49,0.00,0.04,2.49
8105,2614,5,498,1.00,2.99,20.00,0.21,2.39
8106,2614,6,466,1.00,2.95,0.00,0.21,2.95
8107,2614,7,342,2.00,2.95,0.00,0.21,5.90
8108,2614,8,577,1.00,2.50,0.00,0.21,2.50
8109,2614,9,561,1.24,4.00,0.00,0.21,4.96
8110,2614,10,151,2.00,1.95,0.00,0.04,3.90
8111,2614,11,10,2.00,2.99,0.00,0.10,5.98
8112,2614,12,415,2.00,9.50,0.00,0.21,19.00
8113,2614,13,418,1.00,10.99,0.00,0.21,10.99
8114,2614,14,401,1.00,3.75,0.00,0.10,3.75
8115,2614,15,294,1.00,1.99,0.00,0.04,1.99
8116,2614,16,163,2.00,3.25,0.00,0.21,6.50
8117,2614,17,545,1.00,5.95,0.00,0.21,5.95
8118,2614,18,437,2.00,4.50,0.00,0.21,9.00
8119,2614,19,106,1.00,3.49,0.00,0.21,3.49
8120,2615,1,128,1.00,3.99,0.00,0.10,3.99
8121,2615,2,202,1.00,4.50,0.00,0.21,4.50
8122,2616,1,54,1.00,5.50,0.00,0.21,5.50
8123,2616,2,585,1.57,1.95,0.00,0.21,3.06
8124,2616,3,347,1.89,5.99,0.00,0.04,11.32
8125,2616,4,110,1.00,1.99,0.00,0.21,1.99
8126,2616,5,67,1.00,5.99,0.00,0.21,5.99
8127,2616,6,79,1.00,1.49,0.00,0.10,1.49
8128,2616,7,309,1.00,4.95,0.00,0.21,4.95
8129,2616,8,39,2.00,5.99,0.00,0.21,11.98
8130,2616,9,63,1.00,2.95,0.00,0.10,2.95
8131,2616,10,399,1.00,1.99,0.00,0.10,1.99
8132,2616,11,358,1.00,2.95,0.00,0.21,2.95
8133,2616,12,310,2.00,1.99,0.00,0.21,3.98
8134,2616,13,92,1.00,2.25,0.00,0.21,2.25
8135,2616,14,535,1.00,4.50,0.00,0.10,4.50
8136,2617,1,85,4.00,7.99,0.00,0.21,31.96
8137,2617,2,521,1.00,5.99,0.00,0.21,5.99
8138,2618,1,446,1.00,1.25,0.00,0.04,1.25
8139,2618,2,411,3.00,3.99,0.00,0.21,11.97
8140,2618,3,310,1.00,1.99,0.00,0.21,1.99
8141,2619,1,408,1.00,4.00,0.00,0.21,4.00
8142,2620,1,206,1.00,2.99,0.00,0.21,2.99
8143,2621,1,551,1.00,3.50,0.00,0.21,3.50
8144,2621,2,192,1.00,14.99,0.00,0.04,14.99
8145,2622,1,320,2.00,5.99,0.00,0.21,11.98
8146,2622,2,268,1.00,1.95,0.00,0.10,1.95
8147,2622,3,463,1.00,4.25,0.00,0.04,4.25
8148,2622,4,166,1.00,8.25,0.00,0.21,8.25
8149,2623,1,361,0.51,2.49,0.00,0.04,1.27
8150,2624,1,317,4.00,4.50,0.00,0.21,18.00
8151,2624,2,575,1.00,8.99,0.00,0.21,8.99
8152,2624,3,388,1.64,1.99,0.00,0.10,3.26
8153,2625,1,362,2.00,3.25,0.00,0.21,6.50
8154,2625,2,125,2.27,2.00,0.00,0.10,4.54
8155,2625,3,114,1.00,5.95,0.00,0.04,5.95
8156,2625,4,458,1.00,1.75,0.00,0.21,1.75
8157,2626,1,60,1.00,1.99,0.00,0.21,1.99
8158,2627,1,508,1.00,10.99,0.00,0.21,10.99
8159,2627,2,151,1.00,1.95,0.00,0.04,1.95
8160,2627,3,42,1.00,14.99,0.00,0.21,14.99
8161,2627,4,138,1.00,1.75,0.00,0.10,1.75
8162,2627,5,170,1.00,7.99,0.00,0.21,7.99
8163,2627,6,464,1.00,2.50,0.00,0.21,2.50
8164,2627,7,560,3.00,7.95,0.00,0.21,23.85
8165,2627,8,231,1.00,4.99,0.00,0.04,4.99
8166,2627,9,344,1.00,11.99,0.00,0.10,11.99
8167,2627,10,141,1.00,4.50,0.00,0.10,4.50
8168,2627,11,239,2.00,5.99,0.00,0.21,11.98
8169,2628,1,167,0.75,19.95,0.00,0.04,14.96
8170,2629,1,463,1.00,4.25,0.00,0.04,4.25
8171,2629,2,35,3.00,3.99,0.00,0.21,11.97
8172,2629,3,31,0.46,1.99,0.00,0.04,0.92
8173,2629,4,581,1.00,7.99,0.00,0.10,7.99
8174,2629,5,559,3.00,4.99,0.00,0.10,14.97
8175,2629,6,67,1.00,5.99,0.00,0.21,5.99
8176,2630,1,383,1.00,5.99,0.00,0.21,5.99
8177,2631,1,372,2.00,3.95,0.00,0.21,7.90
8178,2631,2,498,1.00,2.99,20.00,0.21,2.39
8179,2632,1,277,1.00,4.99,0.00,0.10,4.99
8180,2633,1,328,2.00,2.99,0.00,0.04,5.98
8181,2633,2,460,1.00,7.99,0.00,0.21,7.99
8182,2633,3,153,1.00,2.99,0.00,0.10,2.99
8183,2634,1,528,1.00,2.99,0.00,0.10,2.99
8184,2634,2,526,0.44,4.49,0.00,0.21,1.98
8185,2634,3,297,1.00,10.95,0.00,0.21,10.95
8186,2634,4,32,4.00,3.50,0.00,0.21,14.00
8187,2634,5,383,1.00,5.99,0.00,0.21,5.99
8188,2634,6,364,2.00,5.00,0.00,0.04,10.00
8189,2634,7,121,2.00,2.75,0.00,0.04,5.50
8190,2634,8,92,2.00,2.25,0.00,0.21,4.50
8191,2634,9,500,2.00,1.95,0.00,0.10,3.90
8192,2634,10,353,1.00,1.99,0.00,0.10,1.99
8193,2635,1,572,4.00,2.49,0.00,0.21,9.96
8194,2635,2,141,1.00,4.50,0.00,0.10,4.50
8195,2635,3,515,2.00,2.99,0.00,0.04,5.98
8196,2635,4,23,2.00,13.99,0.00,0.04,27.98
8197,2635,5,250,3.00,1.49,0.00,0.21,4.47
8198,2635,6,396,2.00,0.99,0.00,0.21,1.98
8199,2635,7,278,1.00,3.25,0.00,0.21,3.25
8200,2636,1,302,2.00,1.99,0.00,0.10,3.98
8201,2637,1,528,1.00,2.99,0.00,0.10,2.99
8202,2637,2,55,3.00,5.49,0.00,0.04,16.47
8203,2637,3,61,2.00,4.99,0.00,0.04,9.98
8204,2637,4,306,1.00,8.95,0.00,0.04,8.95
8205,2637,5,144,1.00,2.95,0.00,0.21,2.95
8206,2638,1,307,1.00,5.25,0.00,0.10,5.25
8207,2639,1,290,6.00,4.95,0.00,0.21,29.70
8208,2639,2,312,1.00,10.99,0.00,0.04,10.99
8209,2639,3,122,1.00,2.95,0.00,0.04,2.95
8210,2639,4,228,1.00,2.50,0.00,0.21,2.50
8211,2640,1,250,2.00,1.49,0.00,0.21,2.98
8212,2641,1,40,1.00,3.99,0.00,0.21,3.99
8213,2641,2,335,1.00,2.50,0.00,0.21,2.50
8214,2642,1,243,1.00,1.49,0.00,0.21,1.49
8215,2643,1,263,1.00,2.49,0.00,0.04,2.49
8216,2643,2,43,2.00,1.95,0.00,0.10,3.90
8217,2643,3,586,1.00,6.00,0.00,0.21,6.00
8218,2643,4,308,1.00,9.99,0.00,0.21,9.99
8219,2643,5,378,1.00,0.99,0.00,0.21,0.99
8220,2643,6,111,2.00,6.99,0.00,0.10,13.98
8221,2643,7,99,1.00,15.75,0.00,0.21,15.75
8222,2643,8,11,2.00,4.95,0.00,0.21,9.90
8223,2643,9,47,1.00,5.99,0.00,0.10,5.99
8224,2643,10,450,1.00,3.99,0.00,0.21,3.99
8225,2644,1,564,4.00,16.95,0.00,0.04,67.80
8226,2645,1,432,0.87,10.75,0.00,0.04,9.35
8227,2645,2,45,1.00,4.99,0.00,0.21,4.99
8228,2645,3,554,1.00,4.49,0.00,0.21,4.49
8229,2646,1,280,4.00,1.75,0.00,0.10,7.00
8230,2647,1,84,0.24,11.95,0.00,0.04,2.87
8231,2648,1,510,1.00,3.99,0.00,0.21,3.99
8232,2649,1,11,2.00,4.95,0.00,0.21,9.90
8233,2649,2,85,1.00,7.99,0.00,0.21,7.99
8234,2649,3,8,1.00,2.99,0.00,0.04,2.99
8235,2650,1,168,1.00,10.95,0.00,0.21,10.95
8236,2650,2,54,1.00,5.50,0.00,0.21,5.50
8237,2650,3,99,2.00,15.75,0.00,0.21,31.50
8238,2650,4,6,6.00,6.99,0.00,0.21,41.94
8239,2650,5,450,1.00,3.99,0.00,0.21,3.99
8240,2650,6,502,1.00,9.00,0.00,0.10,9.00
8241,2651,1,569,1.00,2.95,0.00,0.21,2.95
8242,2652,1,435,1.00,2.99,0.00,0.21,2.99
8243,2653,1,367,1.00,7.49,0.00,0.10,7.49
8244,2653,2,563,1.00,7.95,0.00,0.21,7.95
8245,2653,3,419,2.00,8.99,0.00,0.21,17.98
8246,2653,4,281,1.00,2.00,0.00,0.21,2.00
8247,2653,5,310,3.00,1.99,0.00,0.21,5.97
8248,2653,6,284,1.00,21.50,0.00,0.21,21.50
8249,2653,7,181,2.00,3.50,0.00,0.10,7.00
8250,2653,8,408,2.00,4.00,0.00,0.21,8.00
8251,2653,9,41,1.00,4.75,0.00,0.10,4.75
8252,2653,10,143,0.85,9.95,0.00,0.04,8.46
8253,2653,11,574,1.00,10.00,0.00,0.21,10.00
8254,2653,12,428,1.00,12.99,0.00,0.21,12.99
8255,2654,1,443,2.00,0.99,0.00,0.10,1.98
8256,2654,2,124,2.00,3.99,0.00,0.04,7.98
8257,2655,1,591,2.00,2.49,0.00,0.21,4.98
8258,2655,2,241,2.00,5.95,0.00,0.21,11.90
8259,2656,1,111,1.00,6.99,0.00,0.10,6.99
8260,2656,2,528,1.00,2.99,0.00,0.10,2.99
8261,2657,1,578,1.00,1.99,0.00,0.10,1.99
8262,2658,1,258,1.00,5.99,0.00,0.21,5.99
8263,2659,1,486,3.00,1.75,0.00,0.04,5.25
8264,2660,1,576,1.00,2.99,0.00,0.10,2.99
8265,2661,1,176,3.00,1.49,0.00,0.10,4.47
8266,2662,1,181,1.00,3.50,0.00,0.10,3.50
8267,2663,1,123,2.00,2.50,0.00,0.10,5.00
8268,2663,2,447,1.00,2.95,0.00,0.04,2.95
8269,2663,3,535,1.00,4.50,0.00,0.10,4.50
8270,2663,4,68,1.00,3.49,0.00,0.21,3.49
8271,2663,5,458,3.00,1.75,0.00,0.21,5.25
8272,2663,6,544,1.00,3.99,0.00,0.21,3.99
8273,2663,7,88,1.00,5.99,0.00,0.10,5.99
8274,2664,1,14,1.00,7.99,0.00,0.21,7.99
8275,2664,2,166,2.00,8.25,0.00,0.21,16.50
8276,2665,1,97,1.00,4.95,0.00,0.21,4.95
8277,2665,2,522,3.00,5.99,0.00,0.21,17.97
8278,2665,3,129,2.00,2.99,0.00,0.10,5.98
8279,2665,4,461,2.00,1.95,0.00,0.10,3.90
8280,2665,5,17,1.00,2.49,0.00,0.10,2.49
8281,2665,6,581,1.00,7.99,0.00,0.10,7.99
8282,2665,7,311,1.00,3.49,0.00,0.10,3.49
8283,2665,8,285,1.00,9.99,0.00,0.21,9.99
8284,2666,1,235,2.00,2.49,0.00,0.04,4.98
8285,2666,2,133,1.00,1.99,0.00,0.21,1.99
8286,2667,1,354,2.00,3.49,0.00,0.21,6.98
8287,2667,2,529,1.00,5.49,0.00,0.10,5.49
8288,2667,3,288,1.00,2.00,0.00,0.21,2.00
8289,2667,4,431,2.00,2.49,0.00,0.21,4.98
8290,2667,5,499,1.00,1.99,0.00,0.10,1.99
8291,2668,1,139,1.00,2.99,0.00,0.04,2.99
8292,2669,1,71,3.00,2.99,0.00,0.10,8.97
8293,2669,2,10,1.00,2.99,0.00,0.10,2.99
8294,2669,3,290,2.00,4.95,0.00,0.21,9.90
8295,2670,1,39,2.00,5.99,0.00,0.21,11.98
8296,2670,2,160,0.27,0.50,0.00,0.10,0.14
8297,2670,3,56,3.00,1.95,0.00,0.10,5.85
8298,2671,1,38,2.28,3.99,0.00,0.21,9.10
8299,2671,2,63,1.00,2.95,0.00,0.10,2.95
8300,2671,3,397,1.00,3.99,0.00,0.21,3.99
8301,2671,4,140,1.00,2.99,0.00,0.21,2.99
8302,2671,5,500,3.00,1.95,0.00,0.10,5.85
8303,2671,6,68,1.00,3.49,0.00,0.21,3.49
8304,2671,7,257,1.00,4.00,0.00,0.21,4.00
8305,2671,8,374,1.00,2.00,0.00,0.10,2.00
8306,2671,9,308,2.00,9.99,0.00,0.21,19.98
8307,2671,10,537,2.00,5.95,0.00,0.21,11.90
8308,2671,11,432,0.56,10.75,0.00,0.04,6.02
8309,2671,12,37,1.00,5.99,0.00,0.21,5.99
8310,2672,1,146,1.00,1.49,0.00,0.21,1.49
8311,2673,1,503,1.00,3.99,0.00,0.10,3.99
8312,2674,1,81,1.00,7.99,0.00,0.04,7.99
8313,2674,2,137,1.00,1.49,0.00,0.10,1.49
8314,2675,1,391,1.00,2.99,0.00,0.04,2.99
8315,2675,2,462,1.00,2.49,0.00,0.10,2.49
8316,2676,1,337,3.00,2.99,0.00,0.10,8.97
8317,2677,1,466,2.00,2.95,0.00,0.21,5.90
8318,2678,1,376,1.00,5.99,0.00,0.10,5.99
8319,2678,2,356,1.00,12.25,0.00,0.21,12.25
8320,2678,3,115,1.00,6.99,0.00,0.21,6.99
8321,2679,1,440,1.72,1.99,0.00,0.10,3.42
8322,2679,2,535,2.00,4.50,0.00,0.10,9.00
8323,2680,1,285,1.00,9.99,0.00,0.21,9.99
8324,2680,2,151,1.00,1.95,0.00,0.04,1.95
8325,2680,3,322,1.00,4.49,0.00,0.21,4.49
8326,2681,1,307,1.00,5.25,0.00,0.10,5.25
8327,2681,2,302,1.00,1.99,0.00,0.10,1.99
8328,2681,3,155,1.00,2.99,0.00,0.21,2.99
8329,2682,1,113,1.00,2.99,0.00,0.04,2.99
8330,2683,1,167,1.00,19.95,0.00,0.04,19.95
8331,2683,2,369,2.00,7.99,0.00,0.10,15.98
8332,2683,3,465,1.00,1.99,0.00,0.10,1.99
8333,2683,4,236,2.00,2.99,0.00,0.21,5.98
8334,2683,5,196,1.00,4.95,0.00,0.04,4.95
8335,2683,6,178,2.00,5.99,0.00,0.10,11.98
8336,2683,7,561,2.27,4.00,0.00,0.21,9.08
8337,2683,8,249,3.00,3.99,0.00,0.21,11.97
8338,2683,9,287,1.81,1.99,0.00,0.10,3.60
8339,2684,1,567,1.00,1.49,0.00,0.10,1.49
8340,2684,2,436,1.00,4.99,0.00,0.04,4.99
8341,2684,3,320,1.00,5.99,0.00,0.21,5.99
8342,2684,4,457,3.00,10.99,0.00,0.10,32.97
8343,2684,5,415,2.00,9.50,0.00,0.21,19.00
8344,2684,6,191,2.00,3.50,0.00,0.21,7.00
8345,2685,1,368,1.00,2.99,0.00,0.10,2.99
8346,2685,2,350,1.00,1.99,0.00,0.10,1.99
8347,2685,3,159,1.00,24.99,0.00,0.21,24.99
8348,2685,4,35,1.00,3.99,0.00,0.21,3.99
8349,2685,5,137,1.00,1.49,0.00,0.10,1.49
8350,2686,1,513,2.00,0.99,0.00,0.04,1.98
8351,2686,2,403,1.00,7.99,0.00,0.21,7.99
8352,2686,3,99,2.00,15.75,0.00,0.21,31.50
8353,2686,4,536,4.00,3.25,0.00,0.21,13.00
8354,2686,5,234,1.00,4.00,0.00,0.10,4.00
8355,2686,6,290,1.00,4.95,0.00,0.21,4.95
8356,2686,7,129,6.00,2.99,0.00,0.10,17.94
8357,2686,8,569,1.00,2.95,0.00,0.21,2.95
8358,2686,9,83,2.00,4.99,0.00,0.21,9.98
8359,2686,10,47,1.00,5.99,0.00,0.10,5.99
8360,2686,11,450,1.00,3.99,0.00,0.21,3.99
8361,2686,12,598,2.00,23.99,0.00,0.21,47.98
8362,2687,1,528,1.00,2.99,0.00,0.10,2.99
8363,2688,1,129,1.00,2.99,0.00,0.10,2.99
8364,2688,2,530,3.00,11.95,0.00,0.04,35.85
8365,2688,3,286,1.00,3.25,0.00,0.21,3.25
8366,2688,4,101,6.00,2.99,0.00,0.04,17.94
8367,2688,5,243,1.00,1.49,0.00,0.21,1.49
8368,2688,6,192,2.00,14.99,0.00,0.04,29.98
8369,2689,1,226,1.00,1.99,0.00,0.10,1.99
8370,2689,2,17,2.00,2.49,0.00,0.10,4.98
8371,2689,3,590,1.00,11.49,0.00,0.10,11.49
8372,2689,4,49,1.00,3.99,0.00,0.21,3.99
8373,2690,1,295,1.00,1.99,0.00,0.21,1.99
8374,2691,1,581,1.00,7.99,0.00,0.10,7.99
8375,2692,1,50,1.00,2.25,0.00,0.21,2.25
8376,2692,2,462,1.00,2.49,0.00,0.10,2.49
8377,2693,1,234,1.00,4.00,0.00,0.10,4.00
8378,2693,2,105,1.00,6.99,0.00,0.21,6.99
8379,2693,3,560,2.00,7.95,0.00,0.21,15.90
8380,2693,4,101,1.00,2.99,0.00,0.04,2.99
8381,2693,5,173,1.00,1.95,0.00,0.04,1.95
8382,2694,1,231,1.00,4.99,0.00,0.04,4.99
8383,2695,1,366,1.00,4.75,0.00,0.04,4.75
8384,2695,2,54,2.00,5.50,0.00,0.21,11.00
8385,2696,1,335,1.00,2.50,0.00,0.21,2.50
8386,2697,1,138,1.00,1.75,0.00,0.10,1.75
8387,2697,2,463,1.00,4.25,0.00,0.04,4.25
8388,2698,1,282,1.00,1.75,0.00,0.10,1.75
8389,2698,2,526,1.23,4.49,0.00,0.21,5.52
8390,2699,1,213,1.00,2.99,0.00,0.21,2.99
8391,2700,1,130,3.00,4.95,0.00,0.21,14.85
8392,2700,2,16,1.00,2.99,0.00,0.21,2.99
8393,2701,1,153,1.00,2.99,0.00,0.10,2.99
8394,2701,2,348,2.00,3.00,0.00,0.21,6.00
8395,2701,3,144,1.00,2.95,0.00,0.21,2.95
8396,2701,4,480,2.00,22.50,0.00,0.21,45.00
8397,2701,5,446,2.00,1.25,0.00,0.04,2.50
8398,2701,6,477,1.00,5.00,0.00,0.21,5.00
8399,2702,1,113,2.00,2.99,0.00,0.04,5.98
8400,2703,1,548,4.00,3.49,0.00,0.21,13.96
8401,2703,2,551,2.00,3.50,0.00,0.21,7.00
8402,2704,1,77,3.00,1.00,0.00,0.10,3.00
8403,2704,2,455,1.00,1.99,0.00,0.10,1.99
8404,2704,3,1,4.00,12.99,0.00,0.21,51.96
8405,2704,4,463,1.00,4.25,0.00,0.04,4.25
8406,2704,5,255,1.00,16.99,0.00,0.21,16.99
8407,2704,6,566,3.00,1.95,0.00,0.04,5.85
8408,2704,7,247,1.00,3.99,0.00,0.04,3.99
8409,2705,1,434,4.00,3.50,0.00,0.04,14.00
8410,2705,2,599,2.00,8.00,0.00,0.10,16.00
8411,2705,3,38,1.95,3.99,0.00,0.21,7.78
8412,2705,4,145,2.26,2.75,0.00,0.21,6.22
8413,2706,1,504,6.00,2.49,0.00,0.10,14.94
8414,2707,1,231,1.00,4.99,0.00,0.04,4.99
8415,2707,2,217,3.00,4.99,0.00,0.21,14.97
8416,2708,1,202,1.00,4.50,0.00,0.21,4.50
8417,2708,2,255,1.00,16.99,0.00,0.21,16.99
8418,2708,3,467,0.79,3.25,0.00,0.21,2.57
8419,2708,4,406,2.20,13.99,0.00,0.04,30.78
8420,2709,1,585,2.32,1.95,0.00,0.21,4.52
8421,2709,2,337,1.00,2.99,0.00,0.10,2.99
8422,2710,1,270,4.00,1.99,0.00,0.10,7.96
8423,2711,1,432,0.25,10.75,0.00,0.04,2.69
8424,2712,1,142,1.03,4.49,0.00,0.04,4.62
8425,2713,1,194,1.00,2.95,0.00,0.10,2.95
8426,2713,2,202,2.00,4.50,0.00,0.21,9.00
8427,2714,1,329,1.00,3.99,0.00,0.10,3.99
8428,2715,1,153,1.00,2.99,0.00,0.10,2.99
8429,2715,2,168,1.00,10.95,0.00,0.21,10.95
8430,2716,1,543,1.00,1.99,0.00,0.21,1.99
8431,2717,1,423,2.00,2.99,0.00,0.21,5.98
8432,2718,1,459,6.00,2.99,0.00,0.21,17.94
8433,2718,2,73,0.40,0.99,0.00,0.10,0.40
8434,2718,3,446,2.00,1.25,0.00,0.04,2.50
8435,2719,1,206,1.00,2.99,0.00,0.21,2.99
8436,2719,2,507,2.00,8.95,0.00,0.21,17.90
8437,2720,1,389,0.64,11.95,0.00,0.04,7.65
8438,2721,1,580,2.00,6.50,0.00,0.10,13.00
8439,2722,1,564,1.00,16.95,0.00,0.04,16.95
8440,2722,2,89,1.00,2.99,0.00,0.21,2.99
8441,2722,3,60,2.00,1.99,0.00,0.21,3.98
8442,2722,4,330,1.00,11.75,0.00,0.04,11.75
8443,2722,5,195,1.00,5.99,0.00,0.21,5.99
8444,2723,1,169,1.00,4.50,0.00,0.04,4.50
8445,2723,2,55,1.00,5.49,0.00,0.04,5.49
8446,2724,1,348,1.00,3.00,0.00,0.21,3.00
8447,2724,2,21,1.00,2.49,0.00,0.21,2.49
8448,2724,3,384,2.00,4.99,0.00,0.21,9.98
8449,2724,4,570,1.00,1.99,0.00,0.10,1.99
8450,2725,1,2,2.00,1.49,0.00,0.21,2.98
8451,2726,1,392,1.36,1.49,0.00,0.04,2.03
8452,2726,2,573,1.00,2.00,0.00,0.10,2.00
8453,2726,3,90,1.00,6.49,0.00,0.21,6.49
8454,2726,4,225,1.20,1.95,0.00,0.04,2.34
8455,2727,1,75,1.00,2.49,0.00,0.21,2.49
8456,2727,2,28,1.00,6.99,0.00,0.21,6.99
8457,2727,3,52,3.00,2.95,0.00,0.04,8.85
8458,2727,4,181,1.00,3.50,0.00,0.10,3.50
8459,2728,1,579,1.00,2.49,0.00,0.10,2.49
8460,2728,2,496,1.00,3.50,0.00,0.10,3.50
8461,2729,1,503,6.00,3.99,0.00,0.10,23.94
8462,2729,2,33,1.00,3.99,0.00,0.21,3.99
8463,2729,3,149,1.00,3.99,0.00,0.10,3.99
8464,2729,4,1,3.00,12.99,0.00,0.21,38.97
8465,2729,5,222,1.00,2.75,0.00,0.10,2.75
8466,2729,6,525,1.00,2.99,0.00,0.04,2.99
8467,2729,7,511,1.00,1.99,0.00,0.10,1.99
8468,2729,8,29,3.00,3.50,0.00,0.21,10.50
8469,2729,9,433,1.00,3.99,0.00,0.04,3.99
8470,2729,10,25,1.00,2.49,0.00,0.21,2.49
8471,2729,11,199,3.00,3.75,0.00,0.21,11.25
8472,2730,1,91,0.21,3.49,0.00,0.21,0.73
8473,2731,1,117,1.00,2.99,0.00,0.21,2.99
8474,2731,2,76,2.00,1.99,0.00,0.04,3.98
8475,2732,1,156,2.00,6.99,0.00,0.21,13.98
8476,2732,2,556,3.00,2.95,0.00,0.10,8.85
8477,2733,1,222,1.00,2.75,0.00,0.10,2.75
8478,2734,1,274,1.00,7.99,0.00,0.21,7.99
8479,2734,2,457,2.00,10.99,0.00,0.10,21.98
8480,2735,1,81,2.00,7.99,0.00,0.04,15.98
8481,2736,1,21,1.00,2.49,0.00,0.21,2.49
8482,2736,2,561,1.26,4.00,0.00,0.21,5.04
8483,2736,3,446,1.00,1.25,0.00,0.04,1.25
8484,2737,1,128,1.00,3.99,0.00,0.10,3.99
8485,2737,2,357,6.00,1.95,0.00,0.10,11.70
8486,2737,3,204,1.00,8.49,0.00,0.21,8.49
8487,2737,4,207,1.00,1.49,0.00,0.21,1.49
8488,2738,1,201,2.00,2.99,0.00,0.04,5.98
8489,2738,2,198,2.00,2.49,0.00,0.10,4.98
8490,2738,3,54,1.00,5.50,0.00,0.21,5.50
8491,2738,4,155,2.00,2.99,0.00,0.21,5.98
8492,2739,1,244,1.12,11.95,0.00,0.04,13.38
8493,2740,1,34,1.00,2.99,0.00,0.21,2.99
8494,2740,2,232,3.00,2.50,0.00,0.21,7.50
8495,2740,3,357,4.00,1.95,0.00,0.10,7.80
8496,2740,4,293,2.00,5.49,0.00,0.04,10.98
8497,2740,5,584,1.00,19.95,0.00,0.21,19.95
8498,2740,6,472,1.00,0.99,0.00,0.10,0.99
8499,2741,1,219,1.00,3.75,0.00,0.21,3.75
8500,2741,2,372,2.00,3.95,0.00,0.21,7.90
8501,2741,3,460,1.00,7.99,0.00,0.21,7.99
8502,2741,4,104,2.00,2.99,0.00,0.04,5.98
8503,2741,5,210,3.00,4.99,0.00,0.21,14.97
8504,2742,1,418,2.00,10.99,0.00,0.21,21.98
8505,2743,1,413,0.80,1.95,0.00,0.10,1.56
8506,2743,2,285,2.00,9.99,0.00,0.21,19.98
8507,2743,3,94,1.00,2.99,0.00,0.21,2.99
8508,2744,1,401,1.00,3.75,0.00,0.10,3.75
8509,2745,1,412,4.00,3.99,0.00,0.21,15.96
8510,2745,2,379,1.00,2.95,0.00,0.10,2.95
8511,2746,1,446,1.00,1.25,0.00,0.04,1.25
8512,2746,2,575,1.00,8.99,0.00,0.21,8.99
8513,2746,3,545,1.00,5.95,0.00,0.21,5.95
8514,2747,1,384,2.00,4.99,0.00,0.21,9.98
8515,2747,2,457,2.00,10.99,0.00,0.10,21.98
8516,2748,1,516,0.57,1.99,0.00,0.04,1.13
8517,2748,2,140,1.00,2.99,0.00,0.21,2.99
8518,2748,3,55,1.00,5.49,0.00,0.04,5.49
8519,2748,4,420,2.41,13.99,0.00,0.04,33.72
8520,2749,1,273,0.42,4.99,0.00,0.21,2.10
8521,2749,2,439,2.00,3.75,0.00,0.21,7.50
8522,2749,3,469,2.00,4.50,0.00,0.21,9.00
8523,2749,4,18,1.00,4.49,0.00,0.21,4.49
8524,2750,1,466,1.00,2.95,0.00,0.21,2.95
8525,2750,2,267,2.25,1.95,0.00,0.04,4.39
8526,2750,3,582,1.00,22.99,0.00,0.21,22.99
8527,2750,4,8,1.00,2.99,0.00,0.04,2.99
8528,2751,1,155,1.00,2.99,0.00,0.21,2.99
8529,2751,2,145,0.27,2.75,0.00,0.21,0.74
8530,2751,3,204,2.00,8.49,0.00,0.21,16.98
8531,2751,4,425,2.00,3.99,0.00,0.21,7.98
8532,2751,5,58,1.00,2.99,0.00,0.21,2.99
8533,2751,6,264,2.00,1.99,0.00,0.10,3.98
8534,2751,7,281,1.00,2.00,0.00,0.21,2.00
8535,2751,8,469,3.00,4.50,0.00,0.21,13.50
8536,2752,1,441,1.00,6.95,0.00,0.21,6.95
8537,2752,2,254,1.00,1.50,0.00,0.10,1.50
8538,2753,1,306,3.00,8.95,0.00,0.04,26.85
8539,2753,2,402,2.00,2.99,0.00,0.21,5.98
8540,2753,3,154,2.49,3.49,0.00,0.21,8.69
8541,2753,4,577,1.00,2.50,0.00,0.21,2.50
8542,2753,5,301,2.00,11.25,0.00,0.10,22.50
8543,2753,6,324,1.00,2.95,0.00,0.04,2.95
8544,2753,7,298,1.00,1.50,0.00,0.10,1.50
8545,2753,8,429,1.10,5.95,0.00,0.21,6.54
8546,2753,9,437,1.00,4.50,0.00,0.21,4.50
8547,2753,10,91,1.77,3.49,0.00,0.21,6.18
8548,2753,11,204,1.00,8.49,0.00,0.21,8.49
8549,2753,12,566,3.00,1.95,0.00,0.04,5.85
8550,2754,1,204,3.00,8.49,0.00,0.21,25.47
8551,2755,1,140,1.00,2.99,0.00,0.21,2.99
8552,2755,2,198,1.00,2.49,0.00,0.10,2.49
8553,2755,3,7,1.00,2.50,0.00,0.21,2.50
8554,2756,1,453,1.00,4.49,0.00,0.21,4.49
8555,2756,2,80,2.00,2.95,0.00,0.10,5.90
8556,2756,3,584,1.00,19.95,0.00,0.21,19.95
8557,2756,4,315,4.00,1.99,0.00,0.10,7.96
8558,2756,5,537,2.00,5.95,0.00,0.21,11.90
8559,2756,6,570,2.00,1.99,0.00,0.10,3.98
8560,2756,7,63,1.00,2.95,0.00,0.10,2.95
8561,2757,1,460,1.00,7.99,0.00,0.21,7.99
8562,2758,1,157,1.00,5.49,0.00,0.21,5.49
8563,2758,2,310,1.00,1.99,0.00,0.21,1.99
8564,2759,1,169,2.00,4.50,0.00,0.04,9.00
8565,2759,2,45,4.00,4.99,0.00,0.21,19.96
8566,2760,1,455,1.00,1.99,0.00,0.10,1.99
8567,2760,2,548,1.00,3.49,0.00,0.21,3.49
8568,2760,3,497,2.00,1.99,0.00,0.10,3.98
8569,2760,4,440,1.13,1.99,0.00,0.10,2.25
8570,2760,5,477,1.00,5.00,0.00,0.21,5.00
8571,2760,6,258,1.00,5.99,0.00,0.21,5.99
8572,2761,1,78,3.00,9.99,0.00,0.21,29.97
8573,2761,2,420,2.40,13.99,0.00,0.04,33.58
8574,2761,3,107,1.00,5.99,0.00,0.21,5.99
8575,2761,4,311,2.00,3.49,0.00,0.10,6.98
8576,2761,5,571,1.00,11.99,0.00,0.21,11.99
8577,2762,1,461,1.00,1.95,0.00,0.10,1.95
8578,2763,1,492,2.00,3.00,0.00,0.21,6.00
8579,2764,1,29,1.00,3.50,0.00,0.21,3.50
8580,2764,2,82,2.00,5.95,0.00,0.21,11.90
8581,2764,3,26,1.00,1.99,0.00,0.21,1.99
8582,2765,1,385,1.00,2.75,0.00,0.21,2.75
8583,2765,2,482,1.00,4.50,0.00,0.04,4.50
8584,2765,3,190,3.00,3.95,0.00,0.21,11.85
8585,2765,4,391,1.00,2.99,0.00,0.04,2.99
8586,2766,1,511,1.00,1.99,0.00,0.10,1.99
8587,2767,1,143,1.38,9.95,0.00,0.04,13.73
8588,2768,1,203,3.00,2.75,0.00,0.10,8.25
8589,2768,2,233,1.00,5.99,0.00,0.21,5.99
8590,2769,1,145,2.34,2.75,0.00,0.21,6.44
8591,2769,2,348,1.00,3.00,0.00,0.21,3.00
8592,2770,1,445,1.00,1.99,0.00,0.10,1.99
8593,2771,1,590,4.00,11.49,0.00,0.10,45.96
8594,2771,2,277,2.00,4.99,0.00,0.10,9.98
8595,2771,3,158,1.00,3.99,0.00,0.21,3.99
8596,2772,1,150,1.00,2.00,0.00,0.21,2.00
8597,2773,1,407,1.00,4.95,0.00,0.21,4.95
8598,2773,2,86,3.00,3.99,0.00,0.10,11.97
8599,2773,3,234,2.00,4.00,0.00,0.10,8.00
8600,2774,1,117,1.00,2.99,0.00,0.21,2.99
8601,2775,1,219,1.00,3.75,0.00,0.21,3.75
8602,2776,1,164,1.00,5.99,0.00,0.21,5.99
8603,2776,2,168,2.00,10.95,0.00,0.21,21.90
8604,2776,3,59,1.00,1.99,0.00,0.10,1.99
8605,2776,4,600,1.00,2.00,0.00,0.21,2.00
8606,2777,1,68,1.00,3.49,0.00,0.21,3.49
8607,2778,1,257,1.00,4.00,0.00,0.21,4.00
8608,2779,1,29,2.00,3.50,0.00,0.21,7.00
8609,2779,2,189,1.00,1.50,0.00,0.04,1.50
8610,2779,3,491,1.00,5.99,0.00,0.10,5.99
8611,2779,4,289,2.00,3.99,0.00,0.10,7.98
8612,2779,5,188,1.00,4.99,0.00,0.10,4.99
8613,2779,6,578,1.00,1.99,0.00,0.10,1.99
8614,2779,7,299,1.00,5.99,0.00,0.04,5.99
8615,2779,8,282,2.00,1.75,0.00,0.10,3.50
8616,2779,9,193,1.00,1.99,0.00,0.10,1.99
8617,2779,10,236,4.00,2.99,0.00,0.21,11.96
8618,2779,11,80,1.00,2.95,0.00,0.10,2.95
8619,2779,12,149,1.00,3.99,0.00,0.10,3.99
8620,2779,13,5,1.07,0.99,0.00,0.10,1.06
8621,2779,14,9,1.00,2.99,0.00,0.21,2.99
8622,2779,15,128,1.00,3.99,0.00,0.10,3.99
8623,2780,1,474,1.00,2.99,0.00,0.21,2.99
8624,2780,2,552,1.00,2.50,0.00,0.04,2.50
8625,2780,3,126,1.07,2.50,0.00,0.21,2.68
8626,2781,1,69,1.00,4.99,0.00,0.10,4.99
8627,2781,2,463,1.00,4.25,0.00,0.04,4.25
8628,2781,3,493,2.00,9.99,0.00,0.21,19.98
8629,2781,4,46,0.89,15.99,0.00,0.04,14.23
8630,2781,5,29,4.00,3.50,0.00,0.21,14.00
8631,2782,1,600,1.00,2.00,0.00,0.21,2.00
8632,2782,2,554,1.00,4.49,0.00,0.21,4.49
8633,2783,1,354,1.00,3.49,0.00,0.21,3.49
8634,2783,2,345,2.00,7.50,0.00,0.21,15.00
8635,2784,1,507,1.00,8.95,0.00,0.21,8.95
8636,2785,1,388,1.60,1.99,0.00,0.10,3.18
8637,2785,2,589,0.16,11.99,0.00,0.04,1.92
8638,2785,3,488,2.00,2.49,0.00,0.21,4.98
8639,2786,1,241,1.00,5.95,0.00,0.21,5.95
8640,2786,2,12,1.00,1.50,0.00,0.10,1.50
8641,2786,3,543,4.00,1.99,0.00,0.21,7.96
8642,2786,4,251,4.00,3.95,0.00,0.21,15.80
8643,2786,5,578,1.00,1.99,0.00,0.10,1.99
8644,2786,6,518,1.00,2.95,0.00,0.04,2.95
8645,2787,1,84,1.03,11.95,0.00,0.04,12.31
8646,2788,1,565,2.00,22.99,0.00,0.21,45.98
8647,2788,2,497,2.00,1.99,0.00,0.10,3.98
8648,2788,3,70,1.00,3.50,0.00,0.21,3.50
8649,2789,1,213,2.00,2.99,10.00,0.21,5.38
8650,2790,1,282,1.00,1.75,0.00,0.10,1.75
8651,2790,2,266,6.00,11.49,0.00,0.10,68.94
8652,2791,1,431,1.00,2.49,0.00,0.21,2.49
8653,2791,2,365,3.00,17.99,0.00,0.21,53.97
8654,2791,3,208,3.00,22.99,0.00,0.21,68.97
8655,2791,4,525,1.00,2.99,0.00,0.04,2.99
8656,2791,5,362,2.00,3.25,0.00,0.21,6.50
8657,2792,1,380,2.00,3.99,0.00,0.21,7.98
8658,2792,2,260,2.00,1.99,0.00,0.04,3.98
8659,2792,3,517,1.19,3.99,0.00,0.21,4.75
8660,2792,4,91,0.47,3.49,0.00,0.21,1.64
8661,2793,1,195,1.00,5.99,0.00,0.21,5.99
8662,2793,2,424,1.00,1.95,0.00,0.10,1.95
8663,2794,1,521,1.00,5.99,0.00,0.21,5.99
8664,2795,1,143,0.60,9.95,0.00,0.04,5.97
8665,2796,1,301,1.00,11.25,0.00,0.10,11.25
8666,2796,2,520,2.00,2.99,0.00,0.10,5.98
8667,2797,1,1,2.00,12.99,0.00,0.21,25.98
8668,2798,1,46,2.42,15.99,0.00,0.04,38.70
8669,2799,1,571,1.00,11.99,0.00,0.21,11.99
8670,2800,1,503,1.00,3.99,0.00,0.10,3.99
8671,2800,2,35,4.00,3.99,0.00,0.21,15.96
8672,2800,3,347,2.20,5.99,0.00,0.04,13.18
8673,2801,1,177,3.00,3.95,0.00,0.21,11.85
8674,2801,2,598,6.00,23.99,0.00,0.21,143.94
8675,2801,3,244,0.93,11.95,0.00,0.04,11.11
8676,2801,4,292,1.00,3.49,0.00,0.21,3.49
8677,2801,5,40,1.00,3.99,0.00,0.21,3.99
8678,2801,6,321,1.00,2.99,0.00,0.10,2.99
8679,2802,1,137,1.00,1.49,0.00,0.10,1.49
8680,2802,2,274,1.00,7.99,0.00,0.21,7.99
8681,2802,3,107,1.00,5.99,0.00,0.21,5.99
8682,2803,1,459,1.00,2.99,0.00,0.21,2.99
8683,2803,2,570,1.00,1.99,0.00,0.10,1.99
8684,2803,3,521,2.00,5.99,0.00,0.21,11.98
8685,2804,1,515,1.00,2.99,0.00,0.04,2.99
8686,2804,2,59,1.00,1.99,0.00,0.10,1.99
8687,2804,3,457,6.00,10.99,0.00,0.10,65.94
8688,2804,4,524,0.97,2.99,0.00,0.21,2.90
8689,2804,5,542,1.00,9.99,0.00,0.21,9.99
8690,2805,1,311,1.00,3.49,0.00,0.10,3.49
8691,2805,2,217,1.00,4.99,0.00,0.21,4.99
8692,2805,3,274,2.00,7.99,0.00,0.21,15.98
8693,2805,4,131,4.00,10.99,0.00,0.21,43.96
8694,2805,5,383,1.00,5.99,0.00,0.21,5.99
8695,2806,1,172,1.00,14.50,0.00,0.21,14.50
8696,2806,2,262,1.00,12.99,0.00,0.04,12.99
8697,2806,3,412,1.00,3.99,0.00,0.21,3.99
8698,2807,1,407,1.00,4.95,0.00,0.21,4.95
8699,2807,2,578,2.00,1.99,0.00,0.10,3.98
8700,2808,1,169,1.00,4.50,0.00,0.04,4.50
8701,2808,2,402,1.00,2.99,0.00,0.21,2.99
8702,2808,3,534,1.19,12.49,0.00,0.04,14.86
8703,2808,4,89,1.00,2.99,0.00,0.21,2.99
8704,2809,1,141,1.00,4.50,0.00,0.10,4.50
8705,2809,2,423,1.00,2.99,0.00,0.21,2.99
8706,2810,1,198,2.00,2.49,0.00,0.10,4.98
8707,2810,2,2,2.00,1.49,0.00,0.21,2.98
8708,2811,1,387,1.00,3.95,0.00,0.21,3.95
8709,2811,2,40,1.00,3.99,0.00,0.21,3.99
8710,2811,3,530,2.00,11.95,0.00,0.04,23.90
8711,2811,4,108,1.00,3.95,0.00,0.21,3.95
8712,2811,5,521,2.00,5.99,0.00,0.21,11.98
8713,2812,1,500,1.00,1.95,0.00,0.10,1.95
8714,2813,1,515,3.00,2.99,0.00,0.04,8.97
8715,2813,2,113,3.00,2.99,0.00,0.04,8.97
8716,2813,3,446,1.00,1.25,0.00,0.04,1.25
8717,2813,4,342,1.00,2.95,0.00,0.21,2.95
8718,2814,1,443,1.00,0.99,0.00,0.10,0.99
8719,2815,1,359,1.00,3.99,0.00,0.04,3.99
8720,2815,2,224,1.00,2.99,0.00,0.04,2.99
8721,2815,3,210,1.00,4.99,0.00,0.21,4.99
8722,2816,1,101,1.00,2.99,0.00,0.04,2.99
8723,2816,2,79,2.00,1.49,0.00,0.10,2.98
8724,2816,3,171,1.00,1.49,0.00,0.10,1.49
8725,2816,4,483,2.00,2.99,0.00,0.10,5.98
8726,2816,5,577,1.00,2.50,0.00,0.21,2.50
8727,2817,1,169,1.00,4.50,0.00,0.04,4.50
8728,2818,1,127,2.00,6.99,0.00,0.10,13.98
8729,2818,2,577,1.00,2.50,0.00,0.21,2.50
8730,2818,3,41,1.00,4.75,0.00,0.10,4.75
8731,2818,4,352,1.00,2.50,0.00,0.10,2.50
8732,2818,5,331,2.00,1.99,0.00,0.04,3.98
8733,2818,6,27,1.00,13.95,0.00,0.04,13.95
8734,2819,1,184,1.00,7.99,0.00,0.21,7.99
8735,2819,2,569,1.00,2.95,0.00,0.21,2.95
8736,2819,3,307,1.00,5.25,0.00,0.10,5.25
8737,2820,1,251,1.00,3.95,0.00,0.21,3.95
8738,2821,1,87,1.00,2.99,0.00,0.10,2.99
8739,2821,2,597,1.00,3.75,0.00,0.21,3.75
8740,2821,3,316,1.00,3.75,0.00,0.21,3.75
8741,2821,4,180,1.00,0.99,0.00,0.10,0.99
8742,2821,5,223,3.00,2.99,0.00,0.21,8.97
8743,2821,6,186,2.00,4.25,0.00,0.21,8.50
8744,2821,7,187,2.00,2.99,0.00,0.10,5.98
8745,2821,8,144,1.00,2.95,0.00,0.21,2.95
8746,2821,9,426,1.00,1.99,0.00,0.10,1.99
8747,2821,10,546,2.00,2.99,0.00,0.04,5.98
8748,2821,11,15,3.00,7.75,0.00,0.21,23.25
8749,2821,12,235,1.00,2.49,0.00,0.04,2.49
8750,2821,13,495,1.00,14.95,0.00,0.21,14.95
8751,2821,14,50,2.00,2.25,0.00,0.21,4.50
8752,2821,15,99,1.00,15.75,0.00,0.21,15.75
8753,2821,16,143,0.80,9.95,0.00,0.04,7.96
8754,2821,17,440,2.05,1.99,0.00,0.10,4.08
8755,2822,1,332,6.00,1.99,0.00,0.10,11.94
8756,2823,1,26,2.00,1.99,0.00,0.21,3.98
8757,2823,2,497,1.00,1.99,0.00,0.10,1.99
8758,2824,1,74,1.00,3.99,0.00,0.21,3.99
8759,2824,2,508,1.00,10.99,0.00,0.21,10.99
8760,2824,3,348,1.00,3.00,0.00,0.21,3.00
8761,2825,1,156,2.00,6.99,0.00,0.21,13.98
8762,2825,2,461,2.00,1.95,0.00,0.10,3.90
8763,2825,3,414,2.00,4.00,0.00,0.10,8.00
8764,2825,4,11,3.00,4.95,0.00,0.21,14.85
8765,2825,5,361,1.46,2.49,0.00,0.04,3.64
8766,2826,1,441,2.00,6.95,0.00,0.21,13.90
8767,2826,2,339,2.39,1.95,0.00,0.10,4.66
8768,2827,1,176,4.00,1.49,0.00,0.10,5.96
8769,2828,1,474,1.00,2.99,0.00,0.21,2.99
8770,2828,2,439,2.00,3.75,0.00,0.21,7.50
8771,2828,3,477,1.00,5.00,0.00,0.21,5.00
8772,2828,4,392,1.87,1.49,0.00,0.04,2.79
8773,2829,1,483,2.00,2.99,0.00,0.10,5.98
8774,2829,2,533,1.00,6.75,0.00,0.21,6.75
8775,2830,1,243,2.00,1.49,0.00,0.21,2.98
8776,2830,2,159,1.00,24.99,0.00,0.21,24.99
8777,2830,3,206,2.00,2.99,0.00,0.21,5.98
8778,2831,1,103,1.00,2.99,0.00,0.21,2.99
8779,2831,2,540,4.00,8.99,0.00,0.21,35.96
8780,2831,3,187,2.00,2.99,0.00,0.10,5.98
8781,2831,4,164,3.00,5.99,0.00,0.21,17.97
8782,2832,1,405,2.00,4.75,0.00,0.21,9.50
8783,2833,1,359,2.00,3.99,0.00,0.04,7.98
8784,2833,2,358,1.00,2.95,0.00,0.21,2.95
8785,2833,3,242,1.00,22.99,0.00,0.21,22.99
8786,2833,4,248,2.00,5.49,0.00,0.21,10.98
8787,2834,1,415,4.00,9.50,0.00,0.21,38.00
8788,2834,2,157,1.00,5.49,0.00,0.21,5.49
8789,2835,1,585,0.33,1.95,0.00,0.21,0.64
8790,2835,2,101,2.00,2.99,0.00,0.04,5.98
8791,2835,3,373,1.00,8.95,0.00,0.21,8.95
8792,2835,4,34,6.00,2.99,0.00,0.21,17.94
8793,2835,5,263,1.00,2.49,0.00,0.04,2.49
8794,2835,6,146,6.00,1.49,0.00,0.21,8.94
8795,2836,1,597,1.00,3.75,0.00,0.21,3.75
8796,2836,2,81,1.00,7.99,0.00,0.04,7.99
8797,2836,3,407,6.00,4.95,0.00,0.21,29.70
8798,2837,1,449,2.00,3.25,0.00,0.21,6.50
8799,2838,1,555,1.00,1.99,0.00,0.04,1.99
8800,2839,1,580,1.00,6.50,0.00,0.10,6.50
8801,2840,1,591,1.00,2.49,0.00,0.21,2.49
8802,2840,2,112,1.00,3.99,0.00,0.10,3.99
8803,2840,3,207,1.00,1.49,0.00,0.21,1.49
8804,2840,4,71,2.00,2.99,0.00,0.10,5.98
8805,2840,5,288,1.00,2.00,0.00,0.21,2.00
8806,2840,6,168,1.00,10.95,0.00,0.21,10.95
8807,2841,1,97,1.00,4.95,0.00,0.21,4.95
8808,2841,2,214,2.00,4.25,0.00,0.21,8.50
8809,2842,1,84,1.07,11.95,0.00,0.04,12.79
8810,2842,2,200,1.00,12.75,0.00,0.21,12.75
8811,2842,3,35,4.00,3.99,0.00,0.21,15.96
8812,2842,4,547,2.00,5.95,0.00,0.04,11.90
8813,2842,5,231,1.00,4.99,0.00,0.04,4.99
8814,2842,6,193,1.00,1.99,0.00,0.10,1.99
8815,2842,7,489,1.00,1.00,0.00,0.04,1.00
8816,2842,8,298,1.00,1.50,0.00,0.10,1.50
8817,2842,9,173,1.00,1.95,0.00,0.04,1.95
8818,2842,10,552,1.00,2.50,0.00,0.04,2.50
8819,2842,11,350,2.00,1.99,0.00,0.10,3.98
8820,2843,1,409,1.00,3.99,0.00,0.21,3.99
8821,2843,2,159,4.00,24.99,0.00,0.21,99.96
8822,2843,3,402,2.00,2.99,0.00,0.21,5.98
8823,2843,4,484,4.00,1.99,0.00,0.04,7.96
8824,2843,5,194,1.00,2.95,0.00,0.10,2.95
8825,2843,6,239,1.00,5.99,0.00,0.21,5.99
8826,2843,7,352,1.00,2.50,0.00,0.10,2.50
8827,2844,1,362,2.00,3.25,0.00,0.21,6.50
8828,2844,2,260,1.00,1.99,0.00,0.04,1.99
8829,2845,1,154,1.90,3.49,0.00,0.21,6.63
8830,2845,2,241,1.00,5.95,0.00,0.21,5.95
8831,2846,1,192,2.00,14.99,0.00,0.04,29.98
8832,2846,2,453,1.00,4.49,0.00,0.21,4.49
8833,2846,3,407,1.00,4.95,0.00,0.21,4.95
8834,2846,4,27,1.00,13.95,0.00,0.04,13.95
8835,2846,5,37,1.00,5.99,0.00,0.21,5.99
8836,2846,6,9,1.00,2.99,0.00,0.21,2.99
8837,2847,1,370,1.00,2.95,0.00,0.10,2.95
8838,2848,1,364,1.00,5.00,0.00,0.04,5.00
8839,2848,2,550,3.00,3.95,0.00,0.04,11.85
8840,2848,3,103,1.00,2.99,0.00,0.21,2.99
8841,2849,1,52,1.00,2.95,0.00,0.04,2.95
8842,2849,2,47,1.00,5.99,0.00,0.10,5.99
8843,2849,3,242,2.00,22.99,0.00,0.21,45.98
8844,2849,4,501,3.00,0.99,0.00,0.04,2.97
8845,2850,1,358,1.00,2.95,0.00,0.21,2.95
8846,2850,2,311,3.00,3.49,0.00,0.10,10.47
8847,2851,1,509,1.00,2.99,0.00,0.04,2.99
8848,2851,2,530,2.00,11.95,0.00,0.04,23.90
8849,2851,3,215,1.00,8.95,0.00,0.21,8.95
8850,2851,4,565,2.00,22.99,0.00,0.21,45.98
8851,2851,5,226,2.00,1.99,0.00,0.10,3.98
8852,2851,6,256,1.00,21.50,0.00,0.21,21.50
8853,2851,7,446,2.00,1.25,0.00,0.04,2.50
8854,2851,8,208,1.00,22.99,0.00,0.21,22.99
8855,2851,9,295,1.00,1.99,0.00,0.21,1.99
8856,2851,10,438,1.00,5.49,0.00,0.21,5.49
8857,2851,11,70,1.00,3.50,0.00,0.21,3.50
8858,2851,12,557,1.00,4.99,0.00,0.10,4.99
8859,2851,13,554,3.00,4.49,0.00,0.21,13.47
8860,2852,1,256,3.00,21.50,0.00,0.21,64.50
8861,2852,2,599,4.00,8.00,0.00,0.10,32.00
8862,2852,3,500,1.00,1.95,0.00,0.10,1.95
8863,2852,4,120,1.00,2.49,0.00,0.21,2.49
8864,2852,5,21,2.00,2.49,0.00,0.21,4.98
8865,2852,6,20,1.41,1.99,0.00,0.04,2.81
8866,2852,7,503,1.00,3.99,0.00,0.10,3.99
8867,2852,8,494,1.00,10.25,0.00,0.21,10.25
8868,2852,9,263,1.00,2.49,0.00,0.04,2.49
8869,2852,10,380,1.00,3.99,0.00,0.21,3.99
8870,2853,1,21,4.00,2.49,0.00,0.21,9.96
8871,2853,2,596,1.00,5.95,0.00,0.21,5.95
8872,2854,1,573,1.00,2.00,0.00,0.10,2.00
8873,2855,1,415,1.00,9.50,0.00,0.21,9.50
8874,2855,2,587,1.00,3.99,0.00,0.21,3.99
8875,2855,3,201,4.00,2.99,0.00,0.04,11.96
8876,2855,4,244,1.68,11.95,0.00,0.04,20.08
8877,2855,5,349,4.00,2.99,0.00,0.21,11.96
8878,2855,6,485,1.00,2.99,0.00,0.04,2.99
8879,2856,1,307,1.00,5.25,0.00,0.10,5.25
8880,2857,1,424,2.00,1.95,0.00,0.10,3.90
8881,2857,2,125,1.28,2.00,0.00,0.10,2.56
8882,2857,3,277,2.00,4.99,0.00,0.10,9.98
8883,2857,4,29,2.00,3.50,0.00,0.21,7.00
8884,2857,5,442,1.22,3.00,0.00,0.21,3.66
8885,2858,1,276,1.00,4.50,0.00,0.04,4.50
8886,2858,2,160,1.71,0.50,0.00,0.10,0.86
8887,2858,3,596,4.00,5.95,0.00,0.21,23.80
8888,2858,4,232,3.00,2.50,0.00,0.21,7.50
8889,2858,5,478,2.00,15.00,0.00,0.21,30.00
8890,2859,1,319,1.00,2.50,0.00,0.10,2.50
8891,2859,2,107,1.00,5.99,0.00,0.21,5.99
8892,2859,3,99,1.00,15.75,0.00,0.21,15.75
8893,2859,4,269,2.00,6.99,0.00,0.10,13.98
8894,2860,1,540,3.00,8.99,0.00,0.21,26.97
8895,2860,2,443,1.00,0.99,0.00,0.10,0.99
8896,2860,3,506,1.00,2.99,0.00,0.21,2.99
8897,2861,1,2,2.00,1.49,0.00,0.21,2.98
8898,2862,1,98,1.00,1.49,0.00,0.21,1.49
8899,2862,2,95,4.00,1.99,0.00,0.10,7.96
8900,2862,3,327,2.00,1.49,0.00,0.10,2.98
8901,2863,1,137,3.00,1.49,0.00,0.10,4.47
8902,2863,2,499,1.00,1.99,0.00,0.10,1.99
8903,2864,1,428,1.00,12.99,0.00,0.21,12.99
8904,2864,2,121,2.00,2.75,0.00,0.04,5.50
8905,2864,3,7,2.00,2.50,0.00,0.21,5.00
8906,2864,4,508,3.00,10.99,0.00,0.21,32.97
8907,2864,5,146,4.00,1.49,0.00,0.21,5.96
8908,2864,6,250,1.00,1.49,0.00,0.21,1.49
8909,2864,7,57,2.00,18.00,0.00,0.21,36.00
8910,2864,8,21,1.00,2.49,0.00,0.21,2.49
8911,2865,1,121,1.00,2.75,0.00,0.04,2.75
8912,2866,1,528,1.00,2.99,0.00,0.10,2.99
8913,2866,2,184,2.00,7.99,0.00,0.21,15.98
8914,2866,3,396,4.00,0.99,0.00,0.21,3.96
8915,2866,4,340,1.00,11.00,0.00,0.10,11.00
8916,2866,5,369,1.00,7.99,0.00,0.10,7.99
8917,2867,1,293,1.00,5.49,0.00,0.04,5.49
8918,2868,1,105,3.00,6.99,0.00,0.21,20.97
8919,2868,2,118,3.00,5.99,0.00,0.21,17.97
8920,2868,3,533,1.00,6.75,0.00,0.21,6.75
8921,2868,4,270,3.00,1.99,0.00,0.10,5.97
8922,2868,5,184,1.00,7.99,0.00,0.21,7.99
8923,2868,6,350,6.00,1.99,0.00,0.10,11.94
8924,2868,7,65,2.00,10.49,0.00,0.04,20.98
8925,2869,1,408,2.00,4.00,0.00,0.21,8.00
8926,2870,1,214,1.00,4.25,0.00,0.21,4.25
8927,2870,2,322,1.00,4.49,0.00,0.21,4.49
8928,2870,3,396,2.00,0.99,0.00,0.21,1.98
8929,2870,4,318,2.00,2.49,0.00,0.21,4.98
8930,2871,1,99,6.00,15.75,0.00,0.21,94.50
8931,2872,1,262,1.00,12.99,0.00,0.04,12.99
8932,2873,1,451,2.00,4.99,0.00,0.10,9.98
8933,2873,2,79,4.00,1.49,0.00,0.10,5.96
8934,2873,3,459,1.00,2.99,0.00,0.21,2.99
8935,2873,4,58,1.00,2.99,0.00,0.21,2.99
8936,2874,1,459,1.00,2.99,0.00,0.21,2.99
8937,2874,2,389,1.84,11.95,0.00,0.04,21.99
8938,2874,3,422,1.00,11.75,0.00,0.21,11.75
8939,2875,1,494,1.00,10.25,0.00,0.21,10.25
8940,2875,2,206,1.00,2.99,0.00,0.21,2.99
8941,2875,3,471,1.00,1.99,0.00,0.04,1.99
8942,2875,4,422,1.00,11.75,0.00,0.21,11.75
8943,2876,1,99,1.00,15.75,0.00,0.21,15.75
8944,2876,2,402,1.00,2.99,0.00,0.21,2.99
8945,2876,3,434,1.00,3.50,0.00,0.04,3.50
8946,2877,1,275,2.00,5.95,0.00,0.04,11.90
8947,2878,1,207,2.00,1.49,0.00,0.21,2.98
8948,2878,2,483,1.00,2.99,0.00,0.10,2.99
8949,2878,3,311,1.00,3.49,0.00,0.10,3.49
8950,2878,4,48,3.00,1.95,0.00,0.21,5.85
8951,2879,1,422,1.00,11.75,0.00,0.21,11.75
8952,2879,2,566,1.00,1.95,0.00,0.04,1.95
8953,2880,1,89,3.00,2.99,0.00,0.21,8.97
8954,2880,2,178,3.00,5.99,0.00,0.10,17.97
8955,2881,1,554,2.00,4.49,0.00,0.21,8.98
8956,2882,1,5,1.12,0.99,0.00,0.10,1.11
8957,2882,2,62,2.00,5.99,0.00,0.21,11.98
8958,2882,3,217,2.00,4.99,0.00,0.21,9.98
8959,2883,1,278,1.00,3.25,0.00,0.21,3.25
8960,2883,2,467,2.34,3.25,0.00,0.21,7.60
8961,2883,3,93,1.12,13.99,0.00,0.04,15.67
8962,2884,1,470,6.00,6.25,0.00,0.21,37.50
8963,2884,2,590,1.00,11.49,0.00,0.10,11.49
8964,2884,3,321,1.00,2.99,0.00,0.10,2.99
8965,2884,4,307,1.00,5.25,0.00,0.10,5.25
8966,2885,1,419,2.00,8.99,0.00,0.21,17.98
8967,2885,2,438,1.00,5.49,0.00,0.21,5.49
8968,2886,1,563,2.00,7.95,0.00,0.21,15.90
8969,2887,1,57,1.00,18.00,0.00,0.21,18.00
8970,2888,1,124,1.00,3.99,0.00,0.04,3.99
8971,2888,2,220,0.85,3.00,0.00,0.21,2.55
8972,2888,3,120,1.00,2.49,0.00,0.21,2.49
8973,2889,1,168,1.00,10.95,0.00,0.21,10.95
8974,2889,2,13,6.00,4.75,0.00,0.21,28.50
8975,2889,3,353,1.00,1.99,0.00,0.10,1.99
8976,2889,4,399,2.00,1.99,0.00,0.10,3.98
8977,2890,1,552,1.00,2.50,0.00,0.04,2.50
8978,2890,2,8,1.00,2.99,0.00,0.04,2.99
8979,2891,1,396,1.00,0.99,0.00,0.21,0.99
8980,2892,1,546,1.00,2.99,0.00,0.04,2.99
8981,2893,1,337,1.00,2.99,0.00,0.10,2.99
8982,2894,1,512,1.00,2.49,0.00,0.04,2.49
8983,2894,2,201,3.00,2.99,0.00,0.04,8.97
8984,2895,1,370,2.00,2.95,0.00,0.10,5.90
8985,2896,1,76,1.00,1.99,0.00,0.04,1.99
8986,2897,1,13,1.00,4.75,0.00,0.21,4.75
8987,2898,1,75,3.00,2.49,0.00,0.21,7.47
8988,2898,2,107,1.00,5.99,0.00,0.21,5.99
8989,2898,3,489,4.00,1.00,0.00,0.04,4.00
8990,2898,4,359,1.00,3.99,0.00,0.04,3.99
8991,2898,5,144,2.00,2.95,0.00,0.21,5.90
8992,2899,1,362,1.00,3.25,0.00,0.21,3.25
8993,2899,2,573,1.00,2.00,0.00,0.10,2.00
8994,2899,3,316,3.00,3.75,0.00,0.21,11.25
8995,2899,4,457,3.00,10.99,0.00,0.10,32.97
8996,2899,5,34,1.00,2.99,0.00,0.21,2.99
8997,2899,6,408,1.00,4.00,0.00,0.21,4.00
8998,2899,7,260,1.00,1.99,0.00,0.04,1.99
8999,2899,8,342,1.00,2.95,0.00,0.21,2.95
9000,2899,9,499,1.00,1.99,0.00,0.10,1.99
9001,2900,1,88,1.00,5.99,0.00,0.10,5.99
9002,2900,2,125,1.66,2.00,0.00,0.10,3.32
9003,2900,3,371,1.00,5.75,0.00,0.04,5.75
9004,2900,4,147,1.00,0.99,0.00,0.10,0.99
9005,2900,5,517,2.11,3.99,0.00,0.21,8.42
9006,2900,6,157,1.00,5.49,0.00,0.21,5.49
9007,2900,7,2,1.00,1.49,0.00,0.21,1.49
9008,2900,8,493,1.00,9.99,0.00,0.21,9.99
9009,2900,9,274,3.00,7.99,0.00,0.21,23.97
9010,2900,10,332,2.00,1.99,0.00,0.10,3.98
9011,2900,11,227,1.00,13.49,0.00,0.21,13.49
9012,2900,12,186,2.00,4.25,0.00,0.21,8.50
9013,2900,13,172,2.00,14.50,0.00,0.21,29.00
9014,2901,1,401,1.00,3.75,0.00,0.10,3.75
9015,2901,2,469,2.00,4.50,0.00,0.21,9.00
9016,2901,3,453,1.00,4.49,0.00,0.21,4.49
9017,2901,4,446,3.00,1.25,0.00,0.04,3.75
9018,2902,1,323,2.00,4.95,0.00,0.10,9.90
9019,2902,2,418,1.00,10.99,0.00,0.21,10.99
9020,2902,3,573,1.00,2.00,0.00,0.10,2.00
9021,2902,4,196,1.00,4.95,0.00,0.04,4.95
9022,2902,5,450,1.00,3.99,0.00,0.21,3.99
9023,2902,6,334,2.00,1.50,0.00,0.10,3.00
9024,2902,7,263,3.00,2.49,0.00,0.04,7.47
9025,2902,8,86,1.00,3.99,0.00,0.10,3.99
9026,2903,1,390,0.49,4.99,0.00,0.04,2.45
9027,2904,1,492,2.00,3.00,0.00,0.21,6.00
9028,2905,1,527,1.00,2.99,0.00,0.21,2.99
9029,2906,1,511,1.00,1.99,0.00,0.10,1.99
9030,2906,2,331,3.00,1.99,0.00,0.04,5.97
9031,2907,1,414,1.00,4.00,0.00,0.10,4.00
9032,2907,2,46,2.23,15.99,0.00,0.04,35.66
9033,2908,1,359,1.00,3.99,0.00,0.04,3.99
9034,2908,2,594,0.72,10.99,0.00,0.04,7.91
9035,2908,3,534,1.07,12.49,0.00,0.04,13.36
9036,2908,4,492,2.00,3.00,0.00,0.21,6.00
9037,2908,5,78,1.00,9.99,0.00,0.21,9.99
9038,2909,1,284,1.00,21.50,0.00,0.21,21.50
9039,2909,2,455,2.00,1.99,0.00,0.10,3.98
9040,2910,1,244,0.27,11.95,0.00,0.04,3.23
9041,2911,1,403,6.00,7.99,0.00,0.21,47.94
9042,2911,2,137,2.00,1.49,0.00,0.10,2.98
9043,2911,3,365,2.00,17.99,0.00,0.21,35.98
9044,2911,4,91,0.33,3.49,0.00,0.21,1.15
9045,2911,5,337,2.00,2.99,0.00,0.10,5.98
9046,2911,6,62,1.00,5.99,0.00,0.21,5.99
9047,2911,7,168,1.00,10.95,0.00,0.21,10.95
9048,2911,8,72,1.00,4.95,0.00,0.21,4.95
9049,2911,9,513,1.00,0.99,0.00,0.04,0.99
9050,2912,1,7,1.00,2.50,0.00,0.21,2.50
9051,2913,1,585,1.74,1.95,0.00,0.21,3.39
9052,2913,2,392,0.68,1.49,0.00,0.04,1.01
9053,2913,3,42,1.00,14.99,0.00,0.21,14.99
9054,2913,4,429,1.34,5.95,0.00,0.21,7.97
9055,2913,5,201,1.00,2.99,0.00,0.04,2.99
9056,2913,6,556,1.00,2.95,0.00,0.10,2.95
9057,2913,7,422,1.00,11.75,0.00,0.21,11.75
9058,2914,1,243,1.00,1.49,0.00,0.21,1.49
9059,2915,1,105,1.00,6.99,0.00,0.21,6.99
9060,2916,1,319,2.00,2.50,0.00,0.10,5.00
9061,2916,2,125,1.49,2.00,0.00,0.10,2.98
9062,2916,3,544,1.00,3.99,0.00,0.21,3.99
9063,2917,1,164,1.00,5.99,0.00,0.21,5.99
9064,2917,2,322,2.00,4.49,0.00,0.21,8.98
9065,2917,3,120,1.00,2.49,0.00,0.21,2.49
9066,2918,1,319,2.00,2.50,0.00,0.10,5.00
9067,2918,2,496,1.00,3.50,0.00,0.10,3.50
9068,2919,1,340,1.00,11.00,0.00,0.10,11.00
9069,2920,1,575,2.00,8.99,0.00,0.21,17.98
9070,2920,2,461,1.00,1.95,0.00,0.10,1.95
9071,2920,3,428,2.00,12.99,0.00,0.21,25.98
9072,2920,4,438,1.00,5.49,0.00,0.21,5.49
9073,2920,5,173,2.00,1.95,0.00,0.04,3.90
9074,2920,6,41,1.00,4.75,0.00,0.10,4.75
9075,2920,7,70,4.00,3.50,0.00,0.21,14.00
9076,2920,8,371,3.00,5.75,0.00,0.04,17.25
9077,2920,9,405,1.00,4.75,0.00,0.21,4.75
9078,2920,10,257,1.00,4.00,0.00,0.21,4.00
9079,2920,11,151,1.00,1.95,0.00,0.04,1.95
9080,2921,1,560,1.00,7.95,0.00,0.21,7.95
9081,2921,2,285,1.00,9.99,0.00,0.21,9.99
9082,2922,1,462,2.00,2.49,0.00,0.10,4.98
9083,2922,2,431,1.00,2.49,0.00,0.21,2.49
9084,2923,1,298,3.00,1.50,0.00,0.10,4.50
9085,2923,2,436,1.00,4.99,0.00,0.04,4.99
9086,2923,3,166,1.00,8.25,0.00,0.21,8.25
9087,2923,4,419,2.00,8.99,0.00,0.21,17.98
9088,2924,1,367,2.00,7.49,0.00,0.10,14.98
9089,2924,2,77,1.00,1.00,0.00,0.10,1.00
9090,2924,3,119,1.00,6.99,0.00,0.21,6.99
9091,2924,4,161,3.00,1.99,0.00,0.21,5.97
9092,2924,5,142,0.43,4.49,0.00,0.04,1.93
9093,2924,6,169,1.00,4.50,0.00,0.04,4.50
9094,2924,7,127,1.00,6.99,0.00,0.10,6.99
9095,2925,1,127,2.00,6.99,0.00,0.10,13.98
9096,2926,1,587,1.00,3.99,0.00,0.21,3.99
9097,2926,2,460,6.00,7.99,0.00,0.21,47.94
9098,2927,1,189,3.00,1.50,0.00,0.04,4.50
9099,2927,2,278,1.00,3.25,0.00,0.21,3.25
9100,2927,3,527,1.00,2.99,0.00,0.21,2.99
9101,2927,4,463,1.00,4.25,0.00,0.04,4.25
9102,2927,5,399,1.00,1.99,0.00,0.10,1.99
9103,2928,1,454,2.00,1.99,0.00,0.10,3.98
9104,2928,2,16,1.00,2.99,0.00,0.21,2.99
9105,2928,3,199,1.00,3.75,0.00,0.21,3.75
9106,2929,1,380,1.00,3.99,0.00,0.21,3.99
9107,2929,2,313,1.00,3.99,0.00,0.10,3.99
9108,2929,3,575,1.00,8.99,0.00,0.21,8.99
9109,2930,1,296,1.00,5.49,0.00,0.21,5.49
9110,2931,1,298,1.00,1.50,0.00,0.10,1.50
9111,2931,2,425,1.00,3.99,0.00,0.21,3.99
9112,2931,3,543,1.00,1.99,0.00,0.21,1.99
9113,2931,4,225,2.10,1.95,0.00,0.04,4.10
9114,2932,1,527,1.00,2.99,0.00,0.21,2.99
9115,2932,2,583,1.00,2.99,0.00,0.21,2.99
9116,2932,3,248,1.00,5.49,0.00,0.21,5.49
9117,2932,4,516,1.96,1.99,0.00,0.04,3.90
9118,2932,5,312,2.00,10.99,0.00,0.04,21.98
9119,2932,6,54,3.00,5.50,0.00,0.21,16.50
9120,2932,7,520,1.00,2.99,0.00,0.10,2.99
9121,2933,1,124,2.00,3.99,0.00,0.04,7.98
9122,2934,1,48,1.00,1.95,0.00,0.21,1.95
9123,2934,2,276,1.00,4.50,0.00,0.04,4.50
9124,2934,3,497,1.00,1.99,0.00,0.10,1.99
9125,2935,1,185,2.00,2.99,0.00,0.10,5.98
9126,2936,1,395,1.00,5.25,0.00,0.10,5.25
9127,2936,2,520,4.00,2.99,0.00,0.10,11.96
9128,2937,1,4,1.00,1.49,25.00,0.21,1.12
9129,2937,2,270,1.00,1.99,0.00,0.10,1.99
9130,2937,3,185,1.00,2.99,0.00,0.10,2.99
9131,2938,1,489,1.00,1.00,0.00,0.04,1.00
9132,2939,1,139,1.00,2.99,0.00,0.04,2.99
9133,2939,2,106,1.00,3.49,0.00,0.21,3.49
9134,2939,3,31,2.38,1.99,0.00,0.04,4.74
9135,2939,4,468,0.70,7.95,0.00,0.04,5.56
9136,2939,5,179,1.00,12.75,0.00,0.04,12.75
9137,2939,6,193,1.00,1.99,0.00,0.10,1.99
9138,2940,1,290,1.00,4.95,0.00,0.21,4.95
9139,2940,2,18,1.00,4.49,0.00,0.21,4.49
9140,2941,1,249,1.00,3.99,0.00,0.21,3.99
9141,2941,2,507,3.00,8.95,0.00,0.21,26.85
9142,2941,3,311,2.00,3.49,0.00,0.10,6.98
9143,2941,4,338,2.00,3.99,0.00,0.21,7.98
9144,2941,5,166,1.00,8.25,0.00,0.21,8.25
9145,2941,6,461,1.00,1.95,0.00,0.10,1.95
9146,2941,7,559,1.00,4.99,0.00,0.10,4.99
9147,2941,8,23,2.00,13.99,0.00,0.04,27.98
9148,2941,9,524,1.56,2.99,0.00,0.21,4.66
9149,2942,1,105,6.00,6.99,0.00,0.21,41.94
9150,2942,2,528,1.00,2.99,0.00,0.10,2.99
9151,2942,3,592,1.00,1.50,0.00,0.04,1.50
9152,2942,4,18,1.00,4.49,0.00,0.21,4.49
9153,2942,5,132,3.00,2.95,0.00,0.21,8.85
9154,2943,1,559,1.00,4.99,0.00,0.10,4.99
9155,2943,2,342,3.00,2.95,0.00,0.21,8.85
9156,2943,3,477,1.00,5.00,0.00,0.21,5.00
9157,2944,1,350,2.00,1.99,0.00,0.10,3.98
9158,2944,2,192,1.00,14.99,15.00,0.04,12.74
9159,2945,1,156,1.00,6.99,0.00,0.21,6.99
9160,2945,2,461,1.00,1.95,0.00,0.10,1.95
9161,2946,1,82,1.00,5.95,0.00,0.21,5.95
9162,2946,2,36,2.00,2.95,0.00,0.10,5.90
9163,2947,1,129,1.00,2.99,0.00,0.10,2.99
9164,2948,1,529,1.00,5.49,0.00,0.10,5.49
9165,2948,2,96,1.00,1.99,0.00,0.21,1.99
9166,2948,3,161,1.00,1.99,0.00,0.21,1.99
9167,2949,1,435,1.00,2.99,0.00,0.21,2.99
9168,2949,2,388,0.27,1.99,0.00,0.10,0.54
9169,2949,3,526,1.22,4.49,0.00,0.21,5.48
9170,2950,1,78,1.00,9.99,0.00,0.21,9.99
9171,2950,2,138,1.00,1.75,0.00,0.10,1.75
9172,2950,3,495,1.00,14.95,0.00,0.21,14.95
9173,2950,4,313,6.00,3.99,0.00,0.10,23.94
9174,2950,5,430,2.00,4.50,0.00,0.21,9.00
9175,2950,6,151,1.00,1.95,0.00,0.04,1.95
9176,2950,7,247,1.00,3.99,0.00,0.04,3.99
9177,2950,8,509,1.00,2.99,0.00,0.04,2.99
9178,2950,9,278,1.00,3.25,0.00,0.21,3.25
9179,2950,10,376,1.00,5.99,0.00,0.10,5.99
9180,2950,11,348,2.00,3.00,0.00,0.21,6.00
9181,2950,12,182,1.00,2.75,0.00,0.04,2.75
9182,2950,13,28,1.00,6.99,0.00,0.21,6.99
9183,2951,1,518,1.00,2.95,0.00,0.04,2.95
9184,2952,1,252,2.00,3.50,0.00,0.10,7.00
9185,2953,1,276,2.00,4.50,0.00,0.04,9.00
9186,2953,2,66,1.39,0.99,0.00,0.10,1.38
9187,2953,3,143,1.07,9.95,0.00,0.04,10.65
9188,2954,1,401,1.00,3.75,0.00,0.10,3.75
9189,2954,2,88,1.00,5.99,0.00,0.10,5.99
9190,2954,3,315,4.00,1.99,0.00,0.10,7.96
9191,2955,1,474,1.00,2.99,0.00,0.21,2.99
9192,2955,2,596,1.00,5.95,0.00,0.21,5.95
9193,2956,1,577,1.00,2.50,0.00,0.21,2.50
9194,2956,2,556,1.00,2.95,0.00,0.10,2.95
9195,2957,1,471,2.00,1.99,0.00,0.04,3.98
9196,2958,1,488,1.00,2.49,0.00,0.21,2.49
9197,2959,1,363,1.00,4.50,0.00,0.21,4.50
9198,2960,1,105,1.00,6.99,0.00,0.21,6.99
9199,2960,2,468,1.14,7.95,0.00,0.04,9.06
9200,2960,3,262,4.00,12.99,0.00,0.04,51.96
9201,2960,4,306,2.00,8.95,0.00,0.04,17.90
9202,2960,5,148,1.00,3.00,0.00,0.10,3.00
9203,2960,6,115,2.00,6.99,0.00,0.21,13.98
9204,2960,7,345,2.00,7.50,0.00,0.21,15.00
9205,2960,8,520,1.00,2.99,0.00,0.10,2.99
9206,2960,9,80,2.00,2.95,0.00,0.10,5.90
9207,2960,10,151,3.00,1.95,0.00,0.04,5.85
9208,2961,1,56,2.00,1.95,0.00,0.10,3.90
9209,2961,2,174,1.00,4.49,0.00,0.21,4.49
9210,2962,1,584,1.00,19.95,0.00,0.21,19.95
9211,2962,2,467,1.25,3.25,0.00,0.21,4.06
9212,2962,3,246,1.00,4.50,0.00,0.10,4.50
9213,2962,4,496,1.00,3.50,0.00,0.10,3.50
9214,2963,1,329,1.00,3.99,0.00,0.10,3.99
9215,2964,1,516,0.52,1.99,0.00,0.04,1.03
9216,2964,2,323,6.00,4.95,0.00,0.10,29.70
9217,2965,1,417,2.00,1.99,0.00,0.21,3.98
9218,2965,2,440,1.42,1.99,0.00,0.10,2.83
9219,2965,3,245,1.00,3.95,0.00,0.21,3.95
9220,2966,1,97,1.00,4.95,0.00,0.21,4.95
9221,2966,2,4,1.00,1.49,25.00,0.21,1.12
9222,2966,3,264,1.00,1.99,0.00,0.10,1.99
9223,2966,4,63,1.00,2.95,0.00,0.10,2.95
9224,2966,5,335,1.00,2.50,0.00,0.21,2.50
9225,2966,6,506,1.00,2.99,0.00,0.21,2.99
9226,2966,7,503,3.00,3.99,0.00,0.10,11.97
9227,2966,8,191,2.00,3.50,0.00,0.21,7.00
9228,2966,9,77,2.00,1.00,0.00,0.10,2.00
9229,2966,10,29,2.00,3.50,0.00,0.21,7.00
9230,2966,11,352,1.00,2.50,0.00,0.10,2.50
9231,2966,12,160,2.48,0.50,0.00,0.10,1.24
9232,2966,13,575,2.00,8.99,0.00,0.21,17.98
9233,2966,14,165,1.00,3.99,0.00,0.04,3.99
9234,2966,15,47,6.00,5.99,0.00,0.10,35.94
9235,2966,16,152,1.00,2.49,0.00,0.10,2.49
9236,2966,17,439,2.00,3.75,0.00,0.21,7.50
9237,2966,18,580,1.00,6.50,0.00,0.10,6.50
9238,2967,1,553,1.00,7.99,0.00,0.04,7.99
9239,2967,2,187,6.00,2.99,0.00,0.10,17.94
9240,2967,3,548,1.00,3.49,0.00,0.21,3.49
9241,2968,1,350,1.00,1.99,0.00,0.10,1.99
9242,2968,2,586,1.00,6.00,0.00,0.21,6.00
9243,2968,3,320,1.00,5.99,0.00,0.21,5.99
9244,2969,1,358,1.00,2.95,0.00,0.21,2.95
9245,2970,1,302,1.00,1.99,0.00,0.10,1.99
9246,2970,2,425,1.00,3.99,0.00,0.21,3.99
9247,2971,1,381,0.28,4.00,0.00,0.04,1.12
9248,2971,2,220,1.52,3.00,0.00,0.21,4.56
9249,2972,1,445,2.00,1.99,0.00,0.10,3.98
9250,2972,2,197,2.07,5.95,0.00,0.21,12.32
9251,2972,3,44,6.00,3.99,0.00,0.21,23.94
9252,2972,4,8,1.00,2.99,0.00,0.04,2.99
9253,2973,1,556,3.00,2.95,0.00,0.10,8.85
9254,2973,2,321,1.00,2.99,0.00,0.10,2.99
9255,2974,1,299,2.00,5.99,0.00,0.04,11.98
9256,2974,2,367,4.00,7.49,0.00,0.10,29.96
9257,2974,3,447,2.00,2.95,0.00,0.04,5.90
9258,2974,4,19,1.00,8.99,0.00,0.21,8.99
9259,2975,1,442,2.00,3.00,0.00,0.21,6.00
9260,2976,1,140,1.00,2.99,0.00,0.21,2.99
9261,2976,2,163,1.00,3.25,0.00,0.21,3.25
9262,2977,1,420,1.59,13.99,0.00,0.04,22.24
9263,2978,1,149,1.00,3.99,0.00,0.10,3.99
9264,2978,2,187,1.00,2.99,0.00,0.10,2.99
9265,2978,3,207,1.00,1.49,0.00,0.21,1.49
9266,2978,4,173,1.00,1.95,0.00,0.04,1.95
9267,2978,5,385,2.00,2.75,0.00,0.21,5.50
9268,2978,6,211,1.66,3.00,0.00,0.21,4.98
9269,2978,7,244,0.95,11.95,0.00,0.04,11.35
9270,2978,8,408,1.00,4.00,0.00,0.21,4.00
9271,2978,9,90,3.00,6.49,0.00,0.21,19.47
9272,2979,1,297,1.00,10.95,0.00,0.21,10.95
9273,2980,1,241,1.00,5.95,0.00,0.21,5.95
9274,2980,2,214,1.00,4.25,0.00,0.21,4.25
9275,2981,1,451,1.00,4.99,0.00,0.10,4.99
9276,2982,1,140,2.00,2.99,0.00,0.21,5.98
9277,2983,1,487,2.45,10.49,0.00,0.04,25.70
9278,2984,1,14,1.00,7.99,0.00,0.21,7.99
9279,2985,1,434,2.00,3.50,0.00,0.04,7.00
9280,2985,2,140,2.00,2.99,0.00,0.21,5.98
9281,2985,3,85,2.00,7.99,0.00,0.21,15.98
9282,2986,1,531,0.72,1.99,0.00,0.10,1.43
9283,2987,1,38,1.57,3.99,0.00,0.21,6.26
9284,2987,2,477,1.00,5.00,0.00,0.21,5.00
9285,2987,3,575,2.00,8.99,0.00,0.21,17.98
9286,2987,4,142,1.92,4.49,0.00,0.04,8.62
9287,2987,5,97,1.00,4.95,0.00,0.21,4.95
9288,2987,6,503,2.00,3.99,0.00,0.10,7.98
9289,2988,1,467,0.70,3.25,0.00,0.21,2.28
9290,2988,2,47,3.00,5.99,0.00,0.10,17.97
9291,2989,1,418,6.00,10.99,0.00,0.21,65.94
9292,2989,2,433,1.00,3.99,0.00,0.04,3.99
9293,2989,3,168,1.00,10.95,0.00,0.21,10.95
9294,2989,4,412,6.00,3.99,0.00,0.21,23.94
9295,2989,5,511,1.00,1.99,0.00,0.10,1.99
9296,2989,6,285,2.00,9.99,0.00,0.21,19.98
9297,2989,7,492,1.00,3.00,0.00,0.21,3.00
9298,2989,8,269,2.00,6.99,0.00,0.10,13.98
9299,2989,9,17,1.00,2.49,0.00,0.10,2.49
9300,2989,10,8,1.00,2.99,0.00,0.04,2.99
9301,2989,11,204,1.00,8.49,0.00,0.21,8.49
9302,2990,1,74,1.00,3.99,0.00,0.21,3.99
9303,2991,1,436,1.00,4.99,0.00,0.04,4.99
9304,2991,2,282,4.00,1.75,0.00,0.10,7.00
9305,2992,1,396,1.00,0.99,0.00,0.21,0.99
9306,2993,1,521,1.00,5.99,0.00,0.21,5.99
9307,2993,2,44,2.00,3.99,0.00,0.21,7.98
9308,2993,3,197,0.53,5.95,0.00,0.21,3.15
9309,2993,4,203,1.00,2.75,0.00,0.10,2.75
9310,2994,1,227,1.00,13.49,0.00,0.21,13.49
9311,2994,2,395,1.00,5.25,0.00,0.10,5.25
9312,2994,3,551,1.00,3.50,0.00,0.21,3.50
9313,2995,1,81,6.00,7.99,0.00,0.04,47.94
9314,2995,2,251,1.00,3.95,0.00,0.21,3.95
9315,2995,3,417,1.00,1.99,0.00,0.21,1.99
9316,2995,4,282,1.00,1.75,0.00,0.10,1.75
9317,2996,1,78,2.00,9.99,0.00,0.21,19.98
9318,2996,2,130,1.00,4.95,0.00,0.21,4.95
9319,2997,1,356,1.00,12.25,0.00,0.21,12.25
9320,2997,2,75,1.00,2.49,0.00,0.21,2.49
9321,2997,3,90,1.00,6.49,0.00,0.21,6.49
9322,2998,1,401,1.00,3.75,0.00,0.10,3.75
9323,2999,1,527,4.00,2.99,0.00,0.21,11.96
9324,2999,2,403,1.00,7.99,0.00,0.21,7.99
9325,3000,1,244,2.38,11.95,0.00,0.04,28.44
