id,receipt_number,store_id,customer_id,cashier_id,occurred_at,payment_method,item_count,subtotal,vat_amount,total
1,0008-00002654,8,448,61,2023-01-01T17:35:00,card,2,16.51,2.28,18.79
2,0001-00000671,1,330,72,2023-01-02T09:10:00,card,2,19.91,3.89,23.80
3,0006-00002773,6,373,76,2023-01-02T18:33:00,cash,1,18.10,3.80,21.90
4,0002-00000674,2,,98,2023-01-03T11:44:00,mobile,7,68.96,11.05,80.01
5,0005-00000079,5,,89,2023-01-03T12:32:00,card,1,1.81,0.18,1.99
6,0002-00001182,2,,42,2023-01-03T13:21:00,card,2,8.62,1.23,9.85
7,0008-00001477,8,417,94,2023-01-03T18:27:00,cash,2,111.94,4.97,116.91
8,0006-00002225,6,,62,2023-01-04T10:33:00,cash,1,5.00,0.50,5.50
9,0002-00001113,2,,42,2023-01-04T18:18:00,cash,3,12.62,2.35,14.97
10,0002-00002327,2,199,98,2023-01-04T20:28:00,voucher,22,134.52,9.28,143.80
11,0007-00000835,7,,18,2023-01-04T20:32:00,card,2,8.62,0.35,8.97
12,0006-00001603,6,,76,2023-01-05T11:20:00,card,1,0.91,0.09,1.00
13,0004-00000076,4,,69,2023-01-05T13:10:00,mobile,4,20.47,2.19,22.66
14,0003-00002192,3,,9,2023-01-05T16:02:00,card,1,5.43,0.54,5.97
15,0005-00001300,5,,16,2023-01-05T19:23:00,card,1,2.06,0.43,2.49
16,0001-00002084,1,,72,2023-01-05T20:40:00,cash,9,46.14,8.41,54.55
17,0003-00002262,3,,9,2023-01-06T10:47:00,card,1,2.87,0.12,2.99
18,0006-00001545,6,,76,2023-01-06T15:36:00,card,1,4.35,0.43,4.78
19,0001-00001136,1,,72,2023-01-06T17:33:00,cash,1,10.00,1.00,11.00
20,0003-00002009,3,606,9,2023-01-06T20:26:00,voucher,3,26.38,5.54,31.92
21,0007-00001024,7,,73,2023-01-07T15:08:00,card,1,9.88,2.08,11.96
22,0008-00002753,8,477,21,2023-01-07T18:48:00,card,12,75.55,11.62,87.17
23,0002-00000869,2,,42,2023-01-07T21:15:00,voucher,2,11.40,2.39,13.79
24,0008-00000101,8,,47,2023-01-08T10:10:00,card,1,2.47,0.52,2.99
25,0002-00001411,2,,5,2023-01-09T13:12:00,card,1,10.74,2.25,12.99
26,0001-00002045,1,,72,2023-01-09T15:54:00,cash,6,26.57,4.39,30.96
27,0004-00001109,4,,69,2023-01-09T19:03:00,card,3,16.34,3.23,19.57
28,0008-00001350,8,152,29,2023-01-10T13:43:00,card,3,14.60,2.86,17.46
29,0001-00001281,1,,72,2023-01-10T13:55:00,cash,5,37.17,3.02,40.19
30,0004-00000077,4,,91,2023-01-10T16:42:00,cash,3,41.68,5.53,47.21
31,0004-00002020,4,180,69,2023-01-11T12:51:00,card,7,28.26,3.38,31.64
32,0003-00002861,3,,9,2023-01-11T17:06:00,cash,3,7.27,0.64,7.91
33,0003-00002515,3,,9,2023-01-12T11:45:00,cash,1,8.18,0.82,9.00
34,0007-00002139,7,855,10,2023-01-12T14:50:00,card,9,54.33,7.83,62.16
35,0002-00000586,2,,77,2023-01-12T19:32:00,card,6,31.23,3.70,34.93
36,0007-00002335,7,,18,2023-01-13T12:09:00,card,1,1.23,0.26,1.49
37,0006-00000448,6,10,23,2023-01-13T14:28:00,card,2,16.32,2.64,18.96
38,0008-00000184,8,,28,2023-01-13T18:41:00,cash,6,31.76,4.07,35.83
39,0001-00000862,1,,72,2023-01-13T19:17:00,mobile,2,9.73,0.63,10.36
40,0002-00002376,2,,85,2023-01-13T19:52:00,card,2,67.21,6.72,73.93
41,0001-00002421,1,,72,2023-01-14T09:42:00,card,1,8.58,1.80,10.38
42,0005-00001305,5,,8,2023-01-14T11:29:00,card,1,8.15,0.82,8.97
43,0006-00001706,6,,62,2023-01-14T17:35:00,cash,2,7.01,1.47,8.48
44,0002-00000410,2,,85,2023-01-14T17:49:00,card,1,2.89,0.61,3.50
45,0003-00002055,3,753,9,2023-01-14T19:25:00,card,2,7.39,1.06,8.45
46,0008-00000372,8,,94,2023-01-14T19:28:00,card,1,2.89,0.61,3.50
47,0001-00002853,1,100,72,2023-01-14T19:42:00,mobile,7,33.55,5.92,39.47
48,0005-00001456,5,119,99,2023-01-15T13:58:00,voucher,2,12.13,1.75,13.88
49,0007-00000156,7,,30,2023-01-15T16:11:00,card,1,1.59,0.16,1.75
50,0001-00001619,1,,72,2023-01-15T18:29:00,cash,2,16.48,3.47,19.95
51,0002-00000431,2,,42,2023-01-15T19:31:00,voucher,4,39.81,5.94,45.75
52,0005-00000278,5,,31,2023-01-15T19:56:00,voucher,7,50.68,7.76,58.44
53,0008-00002821,8,,84,2023-01-16T18:08:00,cash,3,14.79,2.16,16.95
54,0003-00001441,3,,9,2023-01-16T18:15:00,card,2,6.61,0.88,7.49
55,0007-00000652,7,,55,2023-01-16T18:20:00,card,3,9.80,1.17,10.97
56,0002-00002116,2,403,98,2023-01-16T18:29:00,cash,12,101.64,14.56,116.20
57,0004-00000255,4,,91,2023-01-16T20:07:00,card,2,6.74,1.22,7.96
58,0004-00001069,4,,69,2023-01-17T17:12:00,card,1,1.81,0.18,1.99
59,0001-00000638,1,,72,2023-01-17T17:48:00,cash,4,21.38,4.07,25.45
60,0003-00000400,3,,9,2023-01-17T20:01:00,card,2,55.58,2.33,57.91
61,0004-00001016,4,,91,2023-01-18T16:49:00,cash,2,23.08,4.19,27.27
62,0001-00000128,1,,72,2023-01-18T18:29:00,card,2,21.91,1.04,22.95
63,0002-00002829,2,,85,2023-01-19T13:52:00,card,1,2.44,0.51,2.95
64,0004-00000832,4,,91,2023-01-19T14:37:00,cash,1,6.57,1.38,7.95
65,0002-00002005,2,686,5,2023-01-19T15:52:00,card,11,80.59,11.11,91.70
66,0005-00000113,5,,89,2023-01-19T16:42:00,card,2,6.81,0.48,7.29
67,0005-00002171,5,,31,2023-01-19T16:42:00,card,2,11.87,2.45,14.32
68,0008-00001251,8,274,94,2023-01-20T16:37:00,card,5,16.69,2.73,19.42
69,0001-00001112,1,,72,2023-01-20T17:39:00,card,5,22.23,4.19,26.42
70,0008-00002670,8,,29,2023-01-20T17:40:00,cash,1,6.60,1.38,7.98
71,0008-00000515,8,,84,2023-01-21T11:00:00,card,1,2.47,0.52,2.99
72,0006-00002331,6,,71,2023-01-21T11:09:00,card,1,0.82,0.17,0.99
73,0007-00000975,7,,73,2023-01-21T11:12:00,mobile,2,7.18,1.21,8.39
74,0003-00002789,3,36,9,2023-01-21T12:33:00,card,1,3.26,0.69,3.95
75,0004-00000551,4,,91,2023-01-21T18:19:00,card,1,26.03,5.47,31.50
76,0002-00001506,2,,85,2023-01-21T20:00:00,card,1,22.06,0.88,22.94
77,0001-00001360,1,,72,2023-01-21T20:53:00,cash,1,1.81,0.18,1.99
78,0008-00000314,8,,21,2023-01-21T21:31:00,card,4,25.11,4.69,29.80
79,0007-00000887,7,,10,2023-01-21T21:39:00,card,4,22.02,3.47,25.49
80,0006-00000362,6,,71,2023-01-22T12:50:00,cash,2,5.36,1.12,6.48
81,0005-00000254,5,,31,2023-01-22T20:26:00,card,2,5.68,0.79,6.47
82,0007-00000240,7,529,18,2023-01-24T14:40:00,card,1,4.09,0.86,4.95
83,0007-00001048,7,,55,2023-01-25T18:18:00,card,3,24.78,5.20,29.98
84,0004-00002354,4,,91,2023-01-25T20:52:00,card,4,18.66,1.80,20.46
85,0003-00001349,3,,9,2023-01-26T11:51:00,mobile,1,7.25,0.73,7.98
86,0003-00002647,3,,9,2023-01-26T16:37:00,cash,13,90.86,10.50,101.36
87,0006-00001341,6,,23,2023-01-26T16:48:00,card,1,5.76,0.23,5.99
88,0006-00001851,6,97,95,2023-01-26T19:10:00,card,13,75.85,10.07,85.92
89,0002-00002633,2,895,85,2023-01-26T19:11:00,card,2,11.27,2.22,13.49
90,0008-00002686,8,,28,2023-01-26T20:58:00,mobile,3,9.69,1.23,10.92
91,0008-00000074,8,,103,2023-01-27T11:36:00,cash,1,5.44,0.54,5.98
92,0002-00000300,2,,77,2023-01-27T11:41:00,card,3,12.67,1.28,13.95
93,0006-00000244,6,,62,2023-01-27T13:32:00,cash,1,3.41,0.34,3.75
94,0007-00001484,7,292,18,2023-01-28T13:13:00,card,1,4.95,1.04,5.99
95,0007-00000651,7,,73,2023-01-28T18:42:00,card,1,3.22,0.68,3.90
96,0008-00001877,8,,29,2023-01-29T09:56:00,card,1,5.36,0.54,5.90
97,0003-00000201,3,899,9,2023-01-29T11:57:00,cash,8,39.79,6.36,46.15
98,0003-00001886,3,,9,2023-01-29T16:04:00,cash,2,27.23,5.71,32.94
99,0002-00002491,2,,42,2023-01-29T16:22:00,card,3,30.04,3.91,33.95
100,0001-00002161,1,,72,2023-01-30T12:03:00,card,1,3.10,0.65,3.75
101,0004-00001452,4,,69,2023-01-30T13:03:00,card,2,9.76,0.97,10.73
102,0007-00002219,7,,55,2023-01-30T16:13:00,cash,3,9.41,1.49,10.90
103,0001-00000026,1,,72,2023-01-30T17:22:00,card,2,5.40,0.90,6.30
104,0004-00002668,4,895,91,2023-02-01T11:13:00,card,2,6.63,0.61,7.24
105,0005-00001291,5,,31,2023-02-01T12:40:00,card,1,1.36,0.14,1.50
106,0003-00000948,3,,9,2023-02-01T13:45:00,cash,2,6.98,1.47,8.45
107,0001-00002655,1,,72,2023-02-01T18:36:00,card,15,77.21,11.48,88.69
108,0007-00000062,7,,73,2023-02-01T20:51:00,card,4,11.33,1.60,12.93
109,0001-00002422,1,,72,2023-02-02T11:25:00,card,3,16.07,1.98,18.05
110,0001-00001522,1,751,72,2023-02-02T11:50:00,cash,4,30.24,4.87,35.11
111,0008-00001860,8,,47,2023-02-02T16:03:00,cash,4,23.24,2.51,25.75
112,0002-00002728,2,,5,2023-02-02T16:08:00,card,2,21.32,3.58,24.90
113,0003-00002261,3,,9,2023-02-03T09:47:00,card,3,8.11,0.83,8.94
114,0006-00002168,6,,23,2023-02-03T16:08:00,cash,1,3.64,0.36,4.00
115,0005-00001470,5,,8,2023-02-03T19:18:00,mobile,8,41.27,5.42,46.69
116,0001-00000045,1,,72,2023-02-04T12:59:00,card,3,27.12,4.34,31.46
117,0008-00002088,8,896,28,2023-02-04T13:39:00,cash,2,6.63,0.85,7.48
118,0002-00002556,2,,98,2023-02-04T19:20:00,card,11,82.71,8.62,91.33
119,0007-00000188,7,,30,2023-02-04T20:22:00,mobile,6,64.33,11.04,75.37
120,0008-00000881,8,594,29,2023-02-04T20:56:00,card,4,19.39,2.49,21.88
121,0004-00001211,4,422,91,2023-02-05T15:48:00,card,6,45.45,5.22,50.67
122,0005-00001493,5,,16,2023-02-06T10:47:00,card,2,4.60,0.67,5.27
123,0002-00001271,2,318,77,2023-02-07T12:40:00,card,1,6.60,1.38,7.98
124,0006-00001836,6,,62,2023-02-07T19:38:00,card,2,12.36,2.59,14.95
125,0008-00000564,8,,21,2023-02-07T19:58:00,card,1,4.81,0.19,5.00
126,0001-00002661,1,,72,2023-02-07T20:14:00,cash,4,46.90,3.00,49.90
127,0003-00001560,3,,9,2023-02-08T09:39:00,card,1,3.26,0.69,3.95
128,0005-00000124,5,,99,2023-02-08T14:17:00,card,2,12.18,1.88,14.06
129,0001-00002209,1,284,72,2023-02-08T18:51:00,card,1,26.37,1.05,27.42
130,0008-00000931,8,,29,2023-02-10T11:31:00,mobile,1,3.51,0.74,4.25
131,0005-00000051,5,339,8,2023-02-10T12:56:00,card,2,10.51,2.20,12.71
132,0008-00002095,8,,61,2023-02-10T13:52:00,card,3,41.45,5.51,46.96
133,0001-00001792,1,83,72,2023-02-10T19:50:00,card,1,9.08,1.91,10.99
134,0007-00002402,7,,73,2023-02-11T09:46:00,card,1,0.33,0.07,0.40
135,0001-00000455,1,802,72,2023-02-11T09:56:00,cash,1,7.02,1.47,8.49
136,0004-00000446,4,,91,2023-02-11T15:39:00,card,1,25.42,2.54,27.96
137,0004-00000574,4,,69,2023-02-11T21:06:00,card,4,26.47,4.55,31.02
138,0005-00002286,5,,89,2023-02-13T17:13:00,card,3,14.73,3.10,17.83
139,0002-00002152,2,,98,2023-02-14T10:19:00,cash,1,1.59,0.16,1.75
140,0004-00001420,4,875,91,2023-02-14T10:24:00,mobile,2,13.14,2.77,15.91
141,0005-00002092,5,,99,2023-02-14T13:42:00,cash,2,20.21,1.24,21.45
142,0008-00001081,8,,94,2023-02-15T09:13:00,card,1,4.95,1.04,5.99
143,0007-00001840,7,,55,2023-02-15T09:44:00,card,4,59.25,5.09,64.34
144,0003-00002978,3,,9,2023-02-15T19:13:00,card,1,2.47,0.52,2.99
145,0006-00001747,6,,71,2023-02-16T17:37:00,mobile,4,23.04,3.38,26.42
146,0008-00001868,8,502,61,2023-02-16T21:45:00,mobile,4,19.53,3.70,23.23
147,0006-00002719,6,,95,2023-02-17T10:04:00,mobile,1,2.47,0.52,2.99
148,0006-00000005,6,,71,2023-02-17T11:56:00,card,4,15.58,2.80,18.38
149,0008-00000552,8,,61,2023-02-17T20:54:00,card,1,5.74,1.21,6.95
150,0001-00001723,1,,72,2023-02-18T12:01:00,card,3,26.69,5.10,31.79
151,0006-00002051,6,709,62,2023-02-18T12:06:00,card,2,4.15,0.47,4.62
152,0001-00001594,1,,72,2023-02-18T12:36:00,card,2,5.28,0.71,5.99
153,0002-00001833,2,,85,2023-02-18T13:00:00,card,4,12.62,2.31,14.93
154,0004-00002616,4,,91,2023-02-18T19:55:00,card,5,70.45,12.18,82.63
155,0004-00002006,4,,69,2023-02-19T12:01:00,card,5,42.69,8.69,51.38
156,0002-00000116,2,,98,2023-02-19T13:29:00,card,4,35.68,5.01,40.69
157,0004-00000542,4,,69,2023-02-19T15:48:00,cash,3,26.65,4.30,30.95
158,0006-00000172,6,255,62,2023-02-19T18:05:00,card,8,56.99,6.39,63.38
159,0001-00000974,1,,72,2023-02-19T18:39:00,card,1,2.05,0.21,2.26
160,0004-00001023,4,,91,2023-02-19T19:26:00,card,3,13.45,2.03,15.48
161,0001-00000529,1,,72,2023-02-20T09:52:00,cash,4,53.63,8.77,62.40
162,0005-00001373,5,,16,2023-02-20T11:10:00,card,1,10.73,2.25,12.98
163,0003-00001600,3,,9,2023-02-20T12:54:00,card,4,29.58,3.28,32.86
164,0004-00002957,4,,91,2023-02-21T13:35:00,card,2,3.94,0.34,4.28
165,0008-00002456,8,,61,2023-02-22T15:02:00,card,1,2.47,0.52,2.99
166,0008-00002027,8,679,47,2023-02-22T17:32:00,mobile,11,90.55,13.44,103.99
167,0005-00000392,5,,89,2023-02-22T18:32:00,card,2,3.50,0.49,3.99
168,0004-00001275,4,535,91,2023-02-22T18:53:00,card,6,23.63,3.36,26.99
169,0002-00000621,2,426,98,2023-02-22T19:58:00,card,1,6.53,1.37,7.90
170,0004-00002341,4,,69,2023-02-22T20:55:00,cash,5,18.14,3.00,21.14
171,0001-00002919,1,,72,2023-02-23T10:29:00,card,1,3.27,0.69,3.96
172,0006-00000109,6,,95,2023-02-23T12:01:00,mobile,1,0.91,0.04,0.95
173,0002-00001321,2,,5,2023-02-23T18:34:00,card,5,15.28,2.84,18.12
174,0006-00001370,6,,95,2023-02-23T19:27:00,card,1,4.92,1.03,5.95
175,0003-00002173,3,293,9,2023-02-24T13:07:00,cash,5,21.38,4.21,25.59
176,0007-00002264,7,77,18,2023-02-24T17:21:00,cash,2,15.16,2.29,17.45
177,0002-00002714,2,,98,2023-02-24T17:31:00,card,3,10.53,1.39,11.92
178,0003-00002672,3,757,9,2023-02-24T17:48:00,card,3,27.88,1.31,29.19
179,0007-00000567,7,,55,2023-02-24T18:12:00,cash,2,16.23,0.76,16.99
180,0003-00002397,3,,9,2023-02-24T20:00:00,card,2,9.49,1.99,11.48
181,0008-00000134,8,339,29,2023-02-24T20:59:00,cash,1,3.30,0.69,3.99
182,0006-00002462,6,,95,2023-02-25T15:02:00,cash,2,9.69,1.24,10.93
183,0004-00002478,4,,91,2023-02-25T15:14:00,card,4,9.59,1.01,10.60
184,0006-00002945,6,,62,2023-02-25T18:30:00,card,2,25.55,5.37,30.92
185,0008-00002533,8,,65,2023-02-25T18:53:00,card,5,29.01,3.79,32.80
186,0008-00002988,8,,61,2023-02-26T20:09:00,card,2,31.78,6.67,38.45
187,0004-00000007,4,,91,2023-02-26T21:12:00,card,4,18.15,3.82,21.97
188,0007-00002180,7,87,73,2023-02-27T10:52:00,card,1,1.23,0.26,1.49
189,0007-00002245,7,,73,2023-02-27T11:27:00,cash,4,25.75,3.91,29.66
190,0005-00000330,5,,8,2023-02-27T20:51:00,card,6,26.54,4.76,31.30
191,0001-00000701,1,20,72,2023-02-28T14:43:00,mobile,7,63.05,7.37,70.42
192,0004-00002921,4,,69,2023-02-28T19:03:00,card,1,39.65,8.33,47.98
193,0005-00001287,5,,31,2023-03-01T11:27:00,card,3,13.17,1.76,14.93
194,0005-00001431,5,,31,2023-03-01T17:22:00,card,5,35.01,5.33,40.34
195,0008-00001120,8,,84,2023-03-01T18:51:00,card,1,12.98,0.52,13.50
196,0001-00001917,1,,72,2023-03-02T10:21:00,cash,11,43.88,4.96,48.84
197,0003-00002350,3,,9,2023-03-02T12:48:00,cash,1,1.91,0.08,1.99
198,0007-00000971,7,,18,2023-03-02T15:39:00,mobile,3,32.08,6.73,38.81
199,0006-00000825,6,,95,2023-03-03T11:30:00,card,1,5.76,0.23,5.99
200,0007-00001125,7,730,73,2023-03-03T13:13:00,mobile,2,3.16,0.32,3.48
201,0001-00001499,1,,72,2023-03-03T18:25:00,card,1,5.72,0.23,5.95
202,0001-00002774,1,,72,2023-03-03T18:51:00,cash,1,4.12,0.87,4.99
203,0003-00002933,3,,9,2023-03-03T19:43:00,card,7,42.05,5.74,47.79
204,0005-00001602,5,129,99,2023-03-04T09:01:00,card,4,19.85,2.87,22.72
205,0003-00002367,3,802,9,2023-03-04T11:07:00,card,2,16.91,2.97,19.88
206,0003-00001089,3,,9,2023-03-04T12:37:00,cash,1,1.81,0.18,1.99
207,0001-00001785,1,531,72,2023-03-04T13:56:00,card,3,19.30,2.83,22.13
208,0002-00002222,2,,77,2023-03-04T14:03:00,cash,4,22.93,4.48,27.41
209,0001-00000424,1,,72,2023-03-05T10:03:00,card,4,35.20,6.00,41.20
210,0004-00001993,4,,69,2023-03-05T14:16:00,card,5,36.69,5.50,42.19
211,0008-00001623,8,,94,2023-03-05T20:05:00,card,2,1.80,0.18,1.98
212,0005-00001119,5,,99,2023-03-06T11:16:00,cash,2,12.39,2.60,14.99
213,0001-00001717,1,,72,2023-03-07T12:05:00,card,4,26.92,5.07,31.99
214,0005-00000645,5,,89,2023-03-07T12:06:00,card,1,2.44,0.51,2.95
215,0002-00002916,2,,85,2023-03-07T19:09:00,cash,6,94.88,16.79,111.67
216,0003-00001739,3,,9,2023-03-07T19:22:00,cash,1,2.72,0.27,2.99
217,0003-00000274,3,,9,2023-03-07T20:35:00,card,1,2.87,0.12,2.99
218,0008-00000899,8,,29,2023-03-08T10:01:00,card,5,27.26,2.46,29.72
219,0001-00000015,1,,72,2023-03-09T11:59:00,card,4,21.54,3.92,25.46
220,0006-00000595,6,,62,2023-03-09T20:15:00,mobile,8,117.62,14.04,131.66
221,0003-00000427,3,,9,2023-03-10T10:16:00,card,2,16.36,2.25,18.61
222,0006-00002179,6,124,76,2023-03-10T10:39:00,card,3,10.69,2.24,12.93
223,0006-00000168,6,531,95,2023-03-10T13:08:00,cash,1,19.80,4.16,23.96
224,0004-00001330,4,,69,2023-03-10T18:40:00,card,1,4.88,1.02,5.90
225,0002-00001068,2,,77,2023-03-10T20:19:00,card,1,17.33,3.64,20.97
226,0003-00002082,3,,9,2023-03-10T21:12:00,mobile,1,1.83,0.18,2.01
227,0007-00001301,7,883,55,2023-03-12T15:56:00,card,1,1.81,0.18,1.99
228,0005-00000619,5,,99,2023-03-12T19:35:00,card,1,2.44,0.51,2.95
229,0003-00002980,3,,9,2023-03-12T19:42:00,card,1,7.43,1.56,8.99
230,0002-00000210,2,200,77,2023-03-13T13:50:00,card,1,2.03,0.20,2.23
231,0007-00001657,7,,55,2023-03-14T11:52:00,card,1,1.91,0.08,1.99
232,0004-00002850,4,173,91,2023-03-14T12:14:00,card,1,4.53,0.45,4.98
233,0002-00000755,2,,5,2023-03-15T10:06:00,cash,1,2.47,0.52,2.99
234,0004-00001409,4,676,69,2023-03-15T15:56:00,card,3,17.33,3.64,20.97
235,0005-00000774,5,221,89,2023-03-15T17:22:00,card,5,42.91,6.51,49.42
236,0006-00002111,6,,62,2023-03-16T12:53:00,card,2,11.56,2.43,13.99
237,0002-00001741,2,,42,2023-03-16T13:47:00,mobile,2,9.22,1.74,10.96
238,0004-00000204,4,,69,2023-03-16T15:05:00,cash,3,8.45,1.53,9.98
239,0005-00000304,5,,99,2023-03-17T10:23:00,card,7,58.07,11.25,69.32
240,0003-00000022,3,,9,2023-03-17T12:43:00,mobile,4,27.70,3.82,31.52
241,0004-00000449,4,840,69,2023-03-17T14:36:00,card,1,2.48,0.52,3.00
242,0007-00000435,7,193,55,2023-03-17T17:00:00,cash,1,5.61,1.18,6.79
243,0006-00002479,6,886,23,2023-03-17T19:08:00,card,5,35.66,7.18,42.84
244,0004-00000603,4,693,91,2023-03-17T21:38:00,mobile,6,32.28,6.58,38.86
245,0001-00000280,1,,72,2023-03-18T11:50:00,card,1,3.35,0.13,3.48
246,0008-00000039,8,,29,2023-03-18T12:26:00,card,4,26.57,4.69,31.26
247,0005-00000747,5,900,8,2023-03-18T13:14:00,card,2,7.12,1.35,8.47
248,0007-00001541,7,,109,2023-03-18T16:57:00,card,1,1.87,0.08,1.95
249,0008-00002517,8,,94,2023-03-18T17:36:00,mobile,6,55.81,9.70,65.51
250,0005-00000660,5,,89,2023-03-18T18:00:00,cash,12,123.77,12.69,136.46
251,0002-00001832,2,785,5,2023-03-18T19:30:00,card,12,74.08,10.64,84.72
252,0005-00002112,5,293,89,2023-03-19T13:02:00,mobile,4,40.90,3.08,43.98
253,0007-00002151,7,,73,2023-03-19T19:00:00,card,2,11.87,0.56,12.43
254,0003-00001767,3,,9,2023-03-20T18:35:00,card,3,8.50,1.38,9.88
255,0005-00000290,5,,89,2023-03-21T12:40:00,cash,2,7.74,0.73,8.47
256,0001-00000719,1,,72,2023-03-21T18:02:00,card,8,58.42,5.93,64.35
257,0007-00002428,7,,55,2023-03-22T16:43:00,cash,2,4.55,0.40,4.95
258,0002-00002081,2,,42,2023-03-22T20:58:00,cash,1,6.60,1.38,7.98
259,0003-00000979,3,,9,2023-03-23T13:48:00,card,1,3.30,0.69,3.99
260,0002-00002866,2,,98,2023-03-23T14:01:00,cash,2,11.88,1.11,12.99
261,0008-00002684,8,175,103,2023-03-23T14:29:00,cash,5,34.25,3.18,37.43
262,0006-00002803,6,,95,2023-03-23T18:58:00,mobile,2,3.34,0.60,3.94
263,0007-00002454,7,579,55,2023-03-24T13:14:00,cash,1,5.75,0.23,5.98
264,0004-00001663,4,,69,2023-03-24T17:05:00,cash,1,2.48,0.52,3.00
265,0007-00002241,7,578,55,2023-03-24T17:05:00,card,1,34.33,1.37,35.70
266,0007-00001665,7,246,30,2023-03-24T19:39:00,card,2,5.95,0.66,6.61
267,0005-00002207,5,308,99,2023-03-24T20:32:00,voucher,1,2.68,0.27,2.95
268,0002-00000724,2,,85,2023-03-24T20:33:00,voucher,3,21.47,2.22,23.69
269,0003-00001319,3,,9,2023-03-25T10:10:00,card,2,16.93,1.00,17.93
270,0008-00001094,8,77,94,2023-03-25T11:34:00,card,1,9.28,0.37,9.65
271,0005-00000661,5,489,8,2023-03-25T11:36:00,card,3,25.98,5.46,31.44
272,0008-00001021,8,,84,2023-03-25T11:39:00,cash,4,25.90,1.53,27.43
273,0004-00000987,4,531,69,2023-03-25T12:13:00,card,2,6.85,0.80,7.65
274,0005-00002382,5,,31,2023-03-25T13:31:00,cash,2,14.51,1.45,15.96
275,0005-00000043,5,,99,2023-03-25T17:30:00,card,5,25.33,5.32,30.65
276,0004-00000848,4,,69,2023-03-25T18:01:00,card,6,75.69,13.92,89.61
277,0007-00001278,7,297,109,2023-03-25T20:15:00,card,5,20.84,3.98,24.82
278,0005-00002157,5,317,99,2023-03-26T14:37:00,cash,1,4.54,0.45,4.99
279,0004-00001472,4,,69,2023-03-27T09:26:00,mobile,3,7.60,1.12,8.72
280,0005-00002381,5,692,16,2023-03-27T10:25:00,card,5,17.57,2.90,20.47
281,0004-00001873,4,834,69,2023-03-27T16:54:00,cash,2,17.65,2.75,20.40
282,0005-00002305,5,,99,2023-03-28T13:39:00,cash,16,81.34,12.82,94.16
283,0001-00002127,1,4,72,2023-03-28T14:32:00,mobile,1,2.47,0.52,2.99
284,0007-00001466,7,,10,2023-03-29T10:34:00,card,1,9.90,2.08,11.98
285,0004-00001728,4,,69,2023-03-29T10:38:00,card,3,17.53,3.39,20.92
286,0004-00002895,4,,91,2023-03-29T14:11:00,card,1,11.54,2.42,13.96
287,0008-00000123,8,273,47,2023-03-29T15:10:00,card,5,12.82,2.39,15.21
288,0004-00002577,4,316,69,2023-03-29T20:30:00,card,1,4.09,0.86,4.95
289,0002-00000230,2,821,42,2023-03-30T11:03:00,cash,1,5.78,1.21,6.99
290,0003-00001223,3,,9,2023-03-30T19:14:00,cash,2,12.10,2.30,14.40
291,0005-00002131,5,358,99,2023-03-30T19:18:00,card,7,41.30,5.30,46.60
292,0007-00001633,7,,73,2023-03-30T20:13:00,card,3,31.76,1.87,33.63
293,0005-00002982,5,,8,2023-03-31T13:22:00,cash,1,2.71,0.27,2.98
294,0007-00002379,7,359,55,2023-03-31T18:10:00,card,3,16.78,1.15,17.93
295,0001-00001513,1,,72,2023-03-31T18:20:00,card,10,72.84,10.78,83.62
296,0004-00001820,4,,69,2023-03-31T20:05:00,cash,2,21.05,3.94,24.99
297,0001-00000413,1,552,72,2023-04-01T12:26:00,mobile,1,2.50,0.25,2.75
298,0001-00001422,1,,72,2023-04-01T12:43:00,card,1,2.71,0.27,2.98
299,0004-00002970,4,676,91,2023-04-01T14:07:00,card,2,21.48,4.31,25.79
300,0008-00000526,8,,84,2023-04-01T15:33:00,card,1,4.79,0.19,4.98
301,0003-00002485,3,,9,2023-04-01T15:54:00,card,1,4.09,0.86,4.95
302,0007-00000840,7,470,55,2023-04-01T19:38:00,voucher,2,13.95,1.18,15.13
303,0001-00001582,1,,72,2023-04-01T19:48:00,card,2,14.18,1.26,15.44
304,0002-00000439,2,413,5,2023-04-02T11:59:00,cash,4,10.97,1.50,12.47
305,0008-00001218,8,,28,2023-04-03T09:56:00,card,2,26.40,5.54,31.94
306,0002-00002204,2,,85,2023-04-03T20:03:00,voucher,1,2.47,0.52,2.99
307,0004-00002953,4,,69,2023-04-03T20:11:00,card,2,18.05,2.44,20.49
308,0004-00002483,4,576,91,2023-04-03T21:41:00,card,5,34.86,6.69,41.55
309,0003-00001664,3,,9,2023-04-04T19:20:00,cash,7,69.94,14.29,84.23
310,0002-00002566,2,,42,2023-04-05T11:17:00,mobile,1,10.45,1.04,11.49
311,0003-00000877,3,,9,2023-04-05T11:25:00,card,2,64.03,3.87,67.90
312,0006-00001952,6,482,71,2023-04-05T13:52:00,card,1,8.26,1.73,9.99
313,0005-00001587,5,,31,2023-04-05T14:57:00,cash,1,0.95,0.04,0.99
314,0007-00002073,7,,10,2023-04-05T19:00:00,mobile,2,13.44,1.34,14.78
315,0008-00001620,8,,61,2023-04-06T09:09:00,cash,1,36.33,7.63,43.96
316,0008-00000883,8,283,84,2023-04-06T12:55:00,card,5,16.23,2.30,18.53
317,0008-00002964,8,381,103,2023-04-06T13:30:00,card,3,8.70,1.08,9.78
318,0004-00000861,4,,69,2023-04-06T14:03:00,card,3,15.96,3.16,19.12
319,0007-00000916,7,,109,2023-04-06T17:59:00,card,8,74.52,9.03,83.55
320,0003-00002736,3,20,9,2023-04-06T18:08:00,card,1,2.50,0.25,2.75
321,0006-00001327,6,,23,2023-04-07T14:54:00,card,1,5.29,0.21,5.50
322,0004-00001381,4,615,91,2023-04-08T12:05:00,card,2,6.76,1.22,7.98
323,0004-00001447,4,,91,2023-04-08T17:41:00,card,4,26.26,3.27,29.53
324,0001-00000390,1,,72,2023-04-08T18:39:00,card,1,7.93,0.32,8.25
325,0003-00002170,3,,9,2023-04-08T19:26:00,cash,1,2.72,0.27,2.99
326,0002-00002413,2,,5,2023-04-08T20:00:00,card,1,2.26,0.23,2.49
327,0001-00001168,1,,72,2023-04-08T21:29:00,card,1,2.06,0.43,2.49
328,0001-00001519,1,,72,2023-04-10T16:14:00,voucher,3,14.18,2.23,16.41
329,0001-00002403,1,,72,2023-04-10T20:29:00,cash,1,2.26,0.23,2.49
330,0006-00001641,6,,62,2023-04-11T20:41:00,card,10,40.53,5.72,46.25
331,0004-00002008,4,,91,2023-04-12T12:36:00,card,4,13.63,2.55,16.18
332,0005-00001611,5,69,99,2023-04-12T14:12:00,mobile,1,1.77,0.18,1.95
333,0004-00000908,4,390,69,2023-04-12T19:54:00,card,1,3.26,0.69,3.95
334,0008-00002899,8,,84,2023-04-12T21:56:00,card,4,44.10,8.44,52.54
335,0001-00002699,1,,72,2023-04-13T10:40:00,card,2,6.05,1.24,7.29
336,0003-00001732,3,,9,2023-04-13T19:48:00,card,9,70.44,13.39,83.83
337,0003-00002438,3,831,9,2023-04-13T20:25:00,card,8,53.59,3.86,57.45
338,0007-00000421,7,,10,2023-04-14T11:41:00,card,1,2.64,0.11,2.75
339,0003-00002075,3,445,9,2023-04-14T18:38:00,card,5,18.57,1.83,20.40
340,0003-00002606,3,,9,2023-04-15T11:05:00,mobile,1,3.71,0.78,4.49
341,0007-00001297,7,,18,2023-04-15T13:37:00,cash,2,17.43,2.46,19.89
342,0004-00000495,4,,91,2023-04-15T15:12:00,card,4,18.85,2.23,21.08
343,0003-00000429,3,,9,2023-04-15T19:16:00,card,8,91.11,8.68,99.79
344,0003-00000996,3,274,9,2023-04-15T20:02:00,cash,1,8.18,1.72,9.90
345,0003-00002669,3,198,9,2023-04-16T10:25:00,card,1,7.74,0.31,8.05
346,0003-00000622,3,290,9,2023-04-16T12:24:00,card,6,44.45,6.31,50.76
347,0006-00002873,6,,95,2023-04-16T14:52:00,card,1,7.68,0.31,7.99
348,0001-00000822,1,1,72,2023-04-18T10:21:00,mobile,1,4.21,0.17,4.38
349,0002-00000588,2,,42,2023-04-18T11:22:00,voucher,1,9.05,1.90,10.95
350,0002-00002703,2,337,85,2023-04-18T12:52:00,mobile,2,14.55,2.26,16.81
351,0007-00000589,7,,109,2023-04-19T12:42:00,card,4,33.81,5.31,39.12
352,0007-00000522,7,317,10,2023-04-19T20:59:00,card,5,23.95,2.45,26.40
353,0007-00000310,7,579,18,2023-04-20T10:58:00,card,1,13.41,0.54,13.95
354,0007-00001206,7,,33,2023-04-20T12:40:00,card,1,21.08,0.84,21.92
355,0005-00001151,5,,8,2023-04-20T17:48:00,card,3,10.96,1.03,11.99
356,0004-00002620,4,,91,2023-04-20T19:04:00,cash,1,2.47,0.52,2.99
357,0004-00001687,4,432,69,2023-04-21T14:46:00,mobile,1,2.72,0.27,2.99
358,0004-00001540,4,,91,2023-04-21T16:59:00,card,1,2.89,0.61,3.50
359,0002-00001758,2,,85,2023-04-22T12:01:00,card,10,44.86,6.43,51.29
360,0003-00002482,3,,9,2023-04-22T13:03:00,card,2,28.32,5.95,34.27
361,0002-00002973,2,,98,2023-04-22T16:55:00,card,3,24.70,5.19,29.89
362,0004-00001386,4,,91,2023-04-24T12:39:00,mobile,4,20.93,3.91,24.84
363,0003-00001834,3,823,9,2023-04-24T16:00:00,card,2,26.49,3.47,29.96
364,0008-00001569,8,,84,2023-04-24T19:55:00,mobile,5,14.71,2.23,16.94
365,0002-00002590,2,,77,2023-04-25T14:47:00,cash,1,1.14,0.11,1.25
366,0001-00000776,1,,72,2023-04-25T20:40:00,cash,6,22.65,4.57,27.22
367,0006-00001784,6,,95,2023-04-26T12:00:00,cash,1,2.23,0.22,2.45
368,0007-00002015,7,,109,2023-04-26T14:34:00,cash,3,11.04,1.56,12.60
369,0007-00002900,7,,109,2023-04-26T14:41:00,cash,1,1.65,0.35,2.00
370,0004-00000896,4,,69,2023-04-26T18:30:00,card,2,7.39,1.55,8.94
371,0003-00000242,3,,9,2023-04-26T19:39:00,card,7,72.73,14.31,87.04
372,0004-00001473,4,40,91,2023-04-27T10:56:00,cash,6,27.81,5.83,33.64
373,0004-00000271,4,,69,2023-04-27T11:01:00,card,5,18.95,3.47,22.42
374,0006-00000762,6,469,76,2023-04-27T12:19:00,cash,2,10.11,0.82,10.93
375,0006-00000432,6,,62,2023-04-27T14:12:00,card,1,4.94,1.04,5.98
376,0003-00001535,3,,9,2023-04-28T11:54:00,cash,4,25.42,5.34,30.76
377,0007-00002417,7,,10,2023-04-28T13:59:00,cash,1,9.83,2.07,11.90
378,0002-00001563,2,,85,2023-04-28T16:01:00,card,9,78.07,6.86,84.93
379,0003-00001322,3,870,9,2023-04-28T20:29:00,cash,1,2.84,0.11,2.95
380,0004-00000728,4,,91,2023-04-29T11:02:00,card,1,4.13,0.87,5.00
381,0002-00000174,2,200,85,2023-04-29T11:37:00,card,2,4.52,0.47,4.99
382,0006-00001286,6,,71,2023-04-29T12:03:00,cash,1,3.84,0.15,3.99
383,0005-00000088,5,,89,2023-04-29T12:10:00,card,7,34.10,4.95,39.05
384,0004-00002141,4,,91,2023-04-29T13:55:00,card,2,3.55,0.75,4.30
385,0005-00000978,5,,31,2023-04-29T18:53:00,mobile,5,28.03,3.86,31.89
386,0007-00000785,7,,10,2023-04-29T21:33:00,cash,6,41.80,3.80,45.60
387,0008-00002118,8,,29,2023-05-01T11:51:00,card,4,29.34,5.61,34.95
388,0004-00001668,4,,91,2023-05-01T16:59:00,cash,3,32.15,6.76,38.91
389,0005-00000918,5,,89,2023-05-01T17:03:00,cash,2,7.56,1.14,8.70
390,0002-00002052,2,,42,2023-05-02T18:08:00,card,1,5.78,1.21,6.99
391,0008-00002700,8,886,94,2023-05-02T18:11:00,voucher,2,9.22,1.93,11.15
392,0003-00001195,3,,9,2023-05-02T20:37:00,card,1,0.96,0.04,1.00
393,0008-00002224,8,326,47,2023-05-04T11:04:00,card,2,12.45,2.29,14.74
394,0001-00002836,1,,72,2023-05-04T14:02:00,card,4,50.10,9.32,59.42
395,0002-00000093,2,,98,2023-05-04T19:50:00,card,1,5.93,1.25,7.18
396,0006-00000926,6,519,23,2023-05-04T19:53:00,cash,1,1.01,0.10,1.11
397,0005-00002188,5,,89,2023-05-04T19:53:00,card,1,3.17,0.32,3.49
398,0004-00001762,4,272,69,2023-05-05T10:54:00,cash,1,8.61,0.34,8.95
399,0007-00001990,7,,109,2023-05-05T11:50:00,cash,9,64.00,10.26,74.26
400,0006-00001667,6,,95,2023-05-05T12:58:00,card,1,0.45,0.09,0.54
401,0008-00000102,8,,47,2023-05-05T15:06:00,card,6,42.99,5.60,48.59
402,0002-00000083,2,,85,2023-05-05T17:07:00,card,2,66.72,13.22,79.94
403,0008-00002885,8,469,103,2023-05-05T19:08:00,card,2,4.49,0.45,4.94
404,0005-00001720,5,,8,2023-05-05T20:00:00,cash,1,2.07,0.43,2.50
405,0001-00002922,1,,72,2023-05-06T09:45:00,voucher,1,2.72,0.27,2.99
406,0003-00000447,3,,9,2023-05-06T09:54:00,card,1,1.81,0.18,1.99
407,0006-00001910,6,,95,2023-05-06T10:05:00,card,2,6.12,0.88,7.00
408,0006-00000789,6,,95,2023-05-06T11:38:00,mobile,11,117.93,11.43,129.36
409,0006-00002471,6,,95,2023-05-06T15:17:00,card,3,7.34,1.14,8.48
410,0003-00000345,3,,9,2023-05-06T18:15:00,card,1,7.67,0.31,7.98
411,0002-00000483,2,,85,2023-05-06T19:38:00,cash,1,2.73,0.27,3.00
412,0001-00001326,1,133,72,2023-05-07T18:24:00,card,2,24.67,3.79,28.46
413,0004-00002147,4,,69,2023-05-08T09:28:00,card,1,49.04,1.96,51.00
414,0002-00002977,2,417,98,2023-05-08T09:57:00,card,2,4.34,0.60,4.94
415,0003-00001937,3,,9,2023-05-08T12:15:00,cash,2,5.68,0.79,6.47
416,0004-00000470,4,733,69,2023-05-08T12:58:00,card,3,34.18,2.07,36.25
417,0005-00001980,5,,99,2023-05-08T17:10:00,voucher,9,89.99,10.42,100.41
418,0003-00001816,3,,9,2023-05-08T18:34:00,card,3,104.01,21.85,125.86
419,0006-00002429,6,,62,2023-05-08T18:49:00,card,1,4.77,0.48,5.25
420,0006-00001098,6,,95,2023-05-09T11:47:00,card,3,15.90,1.73,17.63
421,0005-00001279,5,,89,2023-05-09T19:00:00,cash,3,43.08,5.39,48.47
422,0008-00001601,8,668,94,2023-05-09T19:26:00,card,4,9.97,0.99,10.96
423,0006-00000154,6,,95,2023-05-09T20:08:00,cash,1,19.83,4.16,23.99
424,0008-00001516,8,,84,2023-05-10T11:54:00,card,1,7.67,0.31,7.98
425,0004-00001978,4,,91,2023-05-11T12:16:00,cash,8,75.85,9.19,85.04
426,0005-00001898,5,599,99,2023-05-11T12:20:00,card,2,13.22,0.74,13.96
427,0005-00000986,5,,99,2023-05-11T13:16:00,card,2,14.01,2.95,16.96
428,0005-00000749,5,,89,2023-05-11T15:21:00,cash,2,17.43,3.37,20.80
429,0001-00002732,1,,72,2023-05-11T18:21:00,card,1,7.26,0.73,7.99
430,0001-00001454,1,,72,2023-05-12T10:57:00,card,3,16.21,3.30,19.51
431,0002-00000337,2,,42,2023-05-12T11:18:00,card,2,8.93,1.61,10.54
432,0003-00001450,3,,9,2023-05-12T11:33:00,card,1,2.47,0.52,2.99
433,0002-00000814,2,491,85,2023-05-12T13:21:00,card,2,9.27,1.47,10.74
434,0002-00002174,2,,77,2023-05-12T13:58:00,card,3,22.81,4.38,27.19
435,0002-00001922,2,45,85,2023-05-12T18:32:00,mobile,2,10.96,1.98,12.94
436,0004-00000766,4,,69,2023-05-12T19:43:00,voucher,4,35.14,7.03,42.17
437,0007-00001227,7,,73,2023-05-12T21:25:00,cash,1,4.54,0.95,5.49
438,0001-00001257,1,53,72,2023-05-13T14:55:00,card,1,5.77,1.21,6.98
439,0004-00001487,4,,91,2023-05-13T18:40:00,card,4,16.95,3.28,20.23
440,0007-00002870,7,,73,2023-05-15T12:53:00,card,1,1.36,0.14,1.50
441,0002-00000334,2,,98,2023-05-15T13:26:00,mobile,3,22.08,1.64,23.72
442,0007-00001774,7,113,109,2023-05-15T19:50:00,mobile,1,12.39,2.60,14.99
443,0007-00001565,7,814,30,2023-05-16T12:10:00,card,6,18.91,3.12,22.03
444,0001-00001228,1,558,72,2023-05-16T13:53:00,card,1,1.69,0.07,1.76
445,0001-00001932,1,801,72,2023-05-16T14:43:00,mobile,4,56.96,10.83,67.79
446,0001-00001478,1,,72,2023-05-17T12:32:00,card,3,30.65,4.80,35.45
447,0007-00000335,7,889,30,2023-05-17T14:14:00,card,2,3.62,0.36,3.98
448,0006-00001077,6,,95,2023-05-17T18:32:00,card,21,111.98,12.49,124.47
449,0008-00000414,8,,65,2023-05-17T19:11:00,card,6,31.41,6.29,37.70
450,0003-00001491,3,,9,2023-05-18T10:42:00,cash,3,5.35,1.13,6.48
451,0004-00000165,4,,69,2023-05-18T20:16:00,card,2,8.04,1.44,9.48
452,0007-00000842,7,,73,2023-05-18T21:32:00,cash,6,31.07,4.96,36.03
453,0007-00000961,7,,55,2023-05-19T12:39:00,card,4,30.94,4.92,35.86
454,0006-00000500,6,,23,2023-05-19T13:07:00,card,2,11.41,2.39,13.80
455,0004-00000620,4,,69,2023-05-19T13:59:00,card,4,19.49,3.61,23.10
456,0002-00002445,2,568,5,2023-05-19T14:31:00,mobile,2,29.94,6.29,36.23
457,0002-00001410,2,,5,2023-05-19T17:26:00,voucher,8,43.51,8.59,52.10
458,0007-00001961,7,325,109,2023-05-19T18:50:00,cash,2,18.09,3.62,21.71
459,0005-00000194,5,,99,2023-05-19T19:03:00,card,2,21.28,1.45,22.73
460,0004-00001175,4,,91,2023-05-19T21:19:00,card,3,43.98,5.48,49.46
461,0008-00001008,8,,47,2023-05-20T13:07:00,card,1,3.55,0.35,3.90
462,0008-00002893,8,,28,2023-05-20T16:34:00,card,8,81.98,13.20,95.18
463,0002-00000982,2,710,77,2023-05-20T18:07:00,card,2,32.18,6.75,38.93
464,0004-00002010,4,,91,2023-05-21T11:59:00,card,4,40.19,8.44,48.63
465,0006-00001651,6,432,95,2023-05-21T17:30:00,card,3,16.94,2.98,19.92
466,0001-00002599,1,,72,2023-05-22T10:46:00,cash,5,16.82,3.00,19.82
467,0008-00002636,8,,103,2023-05-22T17:06:00,mobile,4,40.98,6.27,47.25
468,0008-00001035,8,,28,2023-05-22T19:24:00,cash,1,3.49,0.73,4.22
469,0007-00000782,7,,55,2023-05-23T11:28:00,card,9,58.71,6.65,65.36
470,0001-00000018,1,,72,2023-05-23T11:49:00,card,11,97.86,18.41,116.27
471,0008-00000788,8,,65,2023-05-24T10:45:00,mobile,3,15.58,2.56,18.14
472,0007-00000047,7,,10,2023-05-24T19:58:00,mobile,1,8.65,0.35,9.00
473,0002-00001760,2,,42,2023-05-24T20:56:00,card,6,82.07,11.31,93.38
474,0005-00001930,5,,31,2023-05-25T17:03:00,cash,1,4.12,0.87,4.99
475,0008-00002682,8,,65,2023-05-25T18:29:00,card,1,2.50,0.25,2.75
476,0002-00000019,2,881,77,2023-05-26T12:01:00,card,11,42.48,5.53,48.01
477,0004-00001043,4,561,69,2023-05-26T13:02:00,card,7,116.87,21.46,138.33
478,0003-00002265,3,,9,2023-05-26T15:14:00,card,7,63.05,10.06,73.11
479,0002-00001871,2,412,77,2023-05-26T17:06:00,card,4,9.54,1.42,10.96
480,0006-00002435,6,,76,2023-05-26T17:20:00,card,7,31.13,5.84,36.97
481,0006-00001544,6,596,62,2023-05-26T18:28:00,card,5,20.66,2.73,23.39
482,0004-00002511,4,,69,2023-05-26T19:46:00,card,1,16.49,3.46,19.95
483,0004-00000148,4,,69,2023-05-26T19:47:00,cash,6,27.86,4.95,32.81
484,0004-00001156,4,,91,2023-05-27T13:52:00,mobile,2,8.05,1.69,9.74
485,0002-00000650,2,,5,2023-05-27T19:11:00,mobile,3,38.82,8.15,46.97
486,0005-00000540,5,,31,2023-05-28T12:01:00,card,2,23.55,4.94,28.49
487,0004-00000163,4,,91,2023-05-28T13:24:00,card,1,4.95,1.04,5.99
488,0004-00000730,4,870,91,2023-05-29T12:09:00,card,1,2.50,0.25,2.75
489,0004-00001518,4,787,91,2023-05-29T12:35:00,card,3,7.96,1.47,9.43
490,0005-00000617,5,,8,2023-05-29T13:00:00,card,5,30.54,5.05,35.59
491,0004-00000293,4,,91,2023-05-29T13:34:00,card,4,42.57,8.79,51.36
492,0005-00002474,5,895,16,2023-05-29T13:57:00,cash,1,5.44,0.54,5.98
493,0002-00001266,2,610,5,2023-05-29T15:52:00,card,2,22.70,4.77,27.47
494,0001-00001408,1,,72,2023-05-29T16:23:00,card,5,36.76,5.13,41.89
495,0003-00002674,3,,9,2023-05-29T18:19:00,cash,1,9.55,0.95,10.50
496,0005-00001705,5,,16,2023-05-30T14:16:00,cash,1,6.57,1.38,7.95
497,0004-00002117,4,,91,2023-05-30T17:41:00,cash,6,39.67,6.67,46.34
498,0008-00001575,8,,21,2023-05-30T19:52:00,card,4,23.40,2.32,25.72
499,0002-00002663,2,,77,2023-05-30T20:29:00,voucher,9,95.35,9.51,104.86
500,0002-00002868,2,,42,2023-05-31T14:49:00,cash,1,2.68,0.27,2.95
501,0001-00002996,1,,72,2023-05-31T16:03:00,card,7,61.73,7.22,68.95
502,0003-00000519,3,,9,2023-05-31T19:48:00,card,2,16.69,3.10,19.79
503,0003-00000473,3,,9,2023-06-02T12:11:00,cash,1,1.20,0.05,1.25
504,0008-00002273,8,,84,2023-06-02T16:43:00,card,3,17.92,2.82,20.74
505,0005-00002324,5,,16,2023-06-02T16:58:00,card,6,36.45,4.77,41.22
506,0008-00000663,8,,21,2023-06-03T09:01:00,cash,1,4.53,0.45,4.98
507,0002-00000605,2,,42,2023-06-03T17:16:00,card,1,7.41,1.56,8.97
508,0005-00000193,5,,31,2023-06-03T18:49:00,cash,9,96.47,12.54,109.01
509,0003-00000160,3,,9,2023-06-04T12:29:00,card,5,63.90,12.25,76.15
510,0002-00002307,2,,98,2023-06-04T19:47:00,card,10,41.76,4.97,46.73
511,0008-00000440,8,,61,2023-06-04T21:26:00,card,1,11.44,0.46,11.90
512,0003-00002430,3,,9,2023-06-05T10:48:00,card,1,4.92,1.03,5.95
513,0008-00001166,8,865,28,2023-06-05T11:05:00,voucher,1,7.41,1.56,8.97
514,0002-00002591,2,,85,2023-06-05T12:34:00,card,9,97.62,12.65,110.27
515,0002-00000146,2,663,5,2023-06-05T12:56:00,cash,4,25.30,2.43,27.73
516,0007-00002038,7,,55,2023-06-05T13:05:00,card,5,17.67,2.78,20.45
517,0006-00002363,6,679,71,2023-06-05T13:23:00,card,5,33.16,4.09,37.25
518,0002-00002675,2,29,85,2023-06-05T14:51:00,card,1,3.30,0.69,3.99
519,0002-00002818,2,,77,2023-06-05T18:04:00,cash,5,28.27,3.40,31.67
520,0003-00000940,3,,9,2023-06-06T10:53:00,mobile,6,31.58,5.89,37.47
521,0006-00002679,6,,76,2023-06-06T12:54:00,card,2,10.28,1.17,11.45
522,0005-00002353,5,893,31,2023-06-06T17:27:00,card,10,45.11,8.80,53.91
523,0007-00001400,7,,33,2023-06-06T19:43:00,card,5,30.05,5.42,35.47
524,0002-00000162,2,,42,2023-06-07T17:12:00,card,2,20.66,4.33,24.99
525,0002-00001702,2,,77,2023-06-08T10:33:00,card,2,13.79,0.55,14.34
526,0008-00001328,8,,28,2023-06-08T12:43:00,card,2,12.37,2.60,14.97
527,0007-00001649,7,,55,2023-06-08T13:31:00,cash,9,73.12,13.20,86.32
528,0003-00001628,3,897,9,2023-06-08T16:36:00,mobile,1,4.55,0.95,5.50
529,0001-00002926,1,,72,2023-06-08T20:06:00,card,2,9.66,1.78,11.44
530,0007-00002146,7,,33,2023-06-09T16:21:00,card,4,33.20,4.20,37.40
531,0005-00002799,5,220,89,2023-06-09T17:30:00,card,1,5.44,0.54,5.98
532,0002-00001914,2,217,85,2023-06-09T19:41:00,card,1,20.98,0.84,21.82
533,0003-00000360,3,,9,2023-06-09T20:36:00,card,2,9.65,1.83,11.48
534,0002-00001178,2,,85,2023-06-10T12:09:00,card,2,23.53,1.92,25.45
535,0003-00001497,3,,9,2023-06-10T18:34:00,card,1,4.92,1.03,5.95
536,0002-00002529,2,,42,2023-06-11T13:54:00,card,1,3.07,0.12,3.19
537,0006-00001504,6,,62,2023-06-11T20:48:00,card,4,14.44,2.26,16.70
538,0001-00002993,1,,72,2023-06-12T21:29:00,card,2,7.37,1.37,8.74
539,0004-00001556,4,373,91,2023-06-13T09:54:00,mobile,1,6.60,1.38,7.98
540,0004-00002626,4,,69,2023-06-13T10:09:00,card,9,120.01,23.31,143.32
541,0006-00000893,6,,76,2023-06-13T12:34:00,card,4,13.57,1.56,15.13
542,0002-00001639,2,,5,2023-06-13T14:39:00,card,2,10.40,1.53,11.93
543,0003-00001645,3,,9,2023-06-14T10:45:00,card,3,8.63,1.81,10.44
544,0003-00000547,3,,9,2023-06-14T11:29:00,card,1,8.61,0.34,8.95
545,0006-00000317,6,,62,2023-06-14T12:55:00,card,10,72.90,11.00,83.90
546,0007-00001899,7,,30,2023-06-14T17:20:00,card,8,70.29,10.08,80.37
547,0006-00000511,6,,95,2023-06-15T16:20:00,card,2,5.31,0.63,5.94
548,0007-00002468,7,,10,2023-06-15T16:39:00,card,10,82.23,14.35,96.58
549,0007-00000684,7,413,73,2023-06-15T20:42:00,cash,11,69.64,10.27,79.91
550,0003-00001192,3,,9,2023-06-15T21:26:00,card,1,3.27,0.33,3.60
551,0003-00001865,3,,9,2023-06-16T12:00:00,mobile,6,27.39,3.38,30.77
552,0008-00000475,8,,61,2023-06-16T14:24:00,cash,2,11.21,1.75,12.96
553,0008-00000354,8,,65,2023-06-16T17:19:00,mobile,1,9.71,2.04,11.75
554,0006-00000253,6,218,95,2023-06-16T18:27:00,card,10,45.47,8.53,54.00
555,0004-00002208,4,757,69,2023-06-16T19:08:00,cash,1,2.84,0.11,2.95
556,0001-00000868,1,,72,2023-06-16T19:31:00,cash,1,4.53,0.45,4.98
557,0004-00001807,4,,69,2023-06-16T19:57:00,mobile,2,8.51,1.48,9.99
558,0004-00001697,4,,69,2023-06-18T11:12:00,cash,1,1.36,0.14,1.50
559,0008-00002358,8,852,65,2023-06-18T19:35:00,mobile,14,81.29,12.76,94.05
560,0004-00000164,4,,91,2023-06-19T12:42:00,card,3,21.42,4.51,25.93
561,0003-00002512,3,,9,2023-06-19T13:54:00,card,2,10.30,2.17,12.47
562,0006-00001433,6,,95,2023-06-19T15:16:00,card,4,29.96,4.80,34.76
563,0004-00000100,4,,91,2023-06-19T16:17:00,card,1,5.44,0.54,5.98
564,0003-00002246,3,,9,2023-06-19T17:00:00,cash,5,43.79,8.17,51.96
565,0003-00002808,3,,9,2023-06-19T17:31:00,cash,3,21.05,4.42,25.47
566,0004-00001878,4,,91,2023-06-19T19:45:00,cash,2,9.75,1.70,11.45
567,0002-00002401,2,,42,2023-06-19T20:35:00,card,3,12.14,1.85,13.99
568,0005-00000361,5,,89,2023-06-19T20:58:00,card,6,28.12,5.65,33.77
569,0008-00002349,8,,94,2023-06-20T18:10:00,cash,2,5.56,0.93,6.49
570,0004-00000114,4,885,91,2023-06-21T10:01:00,card,2,4.37,0.37,4.74
571,0004-00000777,4,,91,2023-06-21T13:11:00,mobile,1,2.89,0.61,3.50
572,0007-00001724,7,,55,2023-06-21T19:08:00,card,1,10.09,0.40,10.49
573,0008-00001483,8,,28,2023-06-22T21:32:00,cash,2,4.32,0.66,4.98
574,0005-00001307,5,,89,2023-06-23T09:37:00,cash,3,9.62,1.69,11.31
575,0004-00001586,4,428,91,2023-06-23T14:23:00,card,1,34.60,1.38,35.98
576,0007-00001562,7,,30,2023-06-23T15:48:00,cash,1,9.90,2.08,11.98
577,0007-00001889,7,,30,2023-06-23T20:37:00,voucher,2,26.38,4.57,30.95
578,0008-00001083,8,491,28,2023-06-24T10:25:00,card,3,23.60,4.87,28.47
579,0004-00001049,4,,69,2023-06-24T11:01:00,card,3,18.25,2.65,20.90
580,0004-00002284,4,,91,2023-06-24T11:32:00,card,1,14.41,0.58,14.99
581,0005-00000598,5,861,16,2023-06-24T12:35:00,cash,4,18.96,1.92,20.88
582,0008-00001800,8,196,61,2023-06-24T13:25:00,voucher,15,147.94,26.12,174.06
583,0002-00002154,2,,77,2023-06-24T18:04:00,card,3,39.94,3.01,42.95
584,0002-00002574,2,,5,2023-06-25T15:35:00,card,1,2.06,0.43,2.49
585,0006-00002817,6,,23,2023-06-25T20:57:00,card,3,14.82,1.15,15.97
586,0008-00001652,8,24,21,2023-06-26T17:09:00,card,5,28.21,3.58,31.79
587,0006-00001517,6,,23,2023-06-26T18:50:00,card,2,26.33,2.63,28.96
588,0001-00002530,1,,72,2023-06-26T19:20:00,cash,4,21.56,3.13,24.69
589,0003-00001882,3,,9,2023-06-27T10:36:00,card,1,10.74,2.25,12.99
590,0007-00000033,7,,18,2023-06-27T16:20:00,card,4,45.47,8.11,53.58
591,0007-00002716,7,,30,2023-06-27T20:05:00,card,2,50.03,6.91,56.94
592,0003-00000566,3,,9,2023-06-27T20:09:00,card,1,9.05,0.91,9.96
593,0006-00002903,6,,62,2023-06-28T09:56:00,card,1,14.75,3.10,17.85
594,0006-00002301,6,326,76,2023-06-29T19:27:00,card,5,21.32,3.28,24.60
595,0007-00001122,7,,73,2023-06-30T12:53:00,card,1,2.40,0.10,2.50
596,0005-00002837,5,,31,2023-06-30T19:59:00,mobile,1,3.51,0.74,4.25
597,0008-00002786,8,334,103,2023-07-01T12:24:00,card,2,7.54,1.21,8.75
598,0006-00001242,6,,23,2023-07-01T14:56:00,card,3,23.33,4.90,28.23
599,0003-00000824,3,,9,2023-07-02T14:14:00,card,1,5.28,0.21,5.49
600,0004-00002108,4,,69,2023-07-02T19:41:00,card,4,9.35,0.57,9.92
601,0002-00001205,2,133,5,2023-07-02T20:08:00,mobile,1,2.06,0.43,2.49
602,0002-00001656,2,,42,2023-07-03T09:40:00,cash,7,82.57,11.66,94.23
603,0002-00002948,2,,42,2023-07-03T16:57:00,card,1,3.55,0.35,3.90
604,0007-00000833,7,,18,2023-07-03T19:24:00,cash,1,32.98,6.92,39.90
605,0003-00002496,3,,9,2023-07-03T20:26:00,card,6,17.89,2.13,20.02
606,0008-00000326,8,,65,2023-07-04T18:25:00,card,2,5.20,0.42,5.62
607,0008-00002096,8,,47,2023-07-05T16:32:00,card,6,29.32,4.50,33.82
608,0008-00002896,8,,84,2023-07-05T20:29:00,card,10,60.27,10.21,70.48
609,0001-00002296,1,,72,2023-07-06T10:07:00,card,1,3.26,0.69,3.95
610,0008-00000809,8,,29,2023-07-06T15:50:00,card,1,2.47,0.52,2.99
611,0005-00002093,5,,8,2023-07-06T18:10:00,mobile,3,15.04,3.16,18.20
612,0003-00002743,3,,9,2023-07-06T19:48:00,card,11,126.31,22.49,148.80
613,0005-00002705,5,,31,2023-07-07T09:08:00,card,3,53.11,3.80,56.91
614,0004-00002106,4,,91,2023-07-07T09:44:00,card,1,9.54,2.00,11.54
615,0002-00000367,2,,5,2023-07-07T14:25:00,card,2,34.34,5.87,40.21
616,0001-00000577,1,,72,2023-07-07T19:33:00,card,3,18.06,3.51,21.57
617,0008-00001495,8,,28,2023-07-08T11:44:00,card,5,24.91,2.90,27.81
618,0001-00002612,1,640,72,2023-07-08T13:23:00,card,13,79.70,8.14,87.84
619,0002-00002356,2,861,85,2023-07-08T13:36:00,mobile,1,11.39,0.46,11.85
620,0002-00002724,2,,42,2023-07-08T14:29:00,mobile,1,14.37,0.58,14.95
621,0001-00002965,1,500,72,2023-07-08T15:55:00,mobile,1,4.94,1.04,5.98
622,0008-00001968,8,83,21,2023-07-08T18:37:00,cash,2,6.41,1.35,7.76
623,0001-00000973,1,,72,2023-07-08T18:53:00,cash,1,29.73,6.24,35.97
624,0002-00002737,2,,42,2023-07-08T19:21:00,card,2,14.43,3.03,17.46
625,0004-00002293,4,,91,2023-07-08T19:39:00,card,1,3.26,0.69,3.95
626,0003-00001133,3,,9,2023-07-09T11:21:00,card,3,12.61,0.50,13.11
627,0007-00001382,7,,18,2023-07-09T13:49:00,card,4,17.72,1.69,19.41
628,0006-00002580,6,,23,2023-07-09T18:07:00,cash,2,18.57,3.90,22.47
629,0003-00000618,3,538,9,2023-07-10T12:05:00,card,8,44.90,8.17,53.07
630,0002-00000793,2,273,5,2023-07-10T12:33:00,card,4,47.32,9.93,57.25
631,0006-00001359,6,,23,2023-07-10T20:56:00,card,1,2.70,0.27,2.97
632,0008-00000572,8,,21,2023-07-12T17:23:00,card,6,32.15,6.06,38.21
633,0001-00001213,1,,72,2023-07-12T19:12:00,card,1,1.81,0.18,1.99
634,0002-00000897,2,,85,2023-07-13T11:47:00,mobile,1,6.60,1.39,7.99
635,0004-00002860,4,827,69,2023-07-13T17:49:00,card,2,14.41,0.57,14.98
636,0008-00002191,8,,61,2023-07-13T21:39:00,card,1,3.64,0.36,4.00
637,0003-00000828,3,,9,2023-07-14T09:18:00,card,3,51.86,10.88,62.74
638,0003-00001082,3,,9,2023-07-14T12:52:00,card,2,7.22,1.27,8.49
639,0006-00001285,6,675,71,2023-07-14T13:59:00,voucher,4,17.28,3.63,20.91
640,0004-00002901,4,,91,2023-07-14T17:45:00,cash,1,1.45,0.30,1.75
641,0004-00002800,4,648,91,2023-07-15T10:17:00,card,1,3.26,0.69,3.95
642,0006-00000297,6,,62,2023-07-15T13:05:00,voucher,1,4.33,0.17,4.50
643,0008-00002981,8,358,47,2023-07-15T19:16:00,card,3,10.93,2.30,13.23
644,0001-00000346,1,,72,2023-07-15T19:35:00,cash,1,8.18,1.72,9.90
645,0003-00000004,3,,9,2023-07-16T12:26:00,mobile,5,14.73,2.25,16.98
646,0006-00001764,6,,62,2023-07-16T12:36:00,cash,1,9.92,2.08,12.00
647,0005-00002337,5,160,89,2023-07-16T14:20:00,card,1,2.47,0.52,2.99
648,0007-00001070,7,,55,2023-07-17T11:00:00,card,3,8.91,0.56,9.47
649,0002-00000666,2,258,77,2023-07-17T20:34:00,card,3,11.90,1.83,13.73
650,0004-00002221,4,,69,2023-07-18T17:00:00,card,3,19.96,1.71,21.67
651,0002-00000544,2,430,77,2023-07-18T17:30:00,card,3,12.36,1.89,14.25
652,0005-00002897,5,,99,2023-07-19T11:02:00,cash,1,5.45,0.55,6.00
653,0004-00002702,4,,69,2023-07-19T12:26:00,card,1,17.77,3.73,21.50
654,0005-00002352,5,276,31,2023-07-19T18:51:00,card,1,5.58,1.17,6.75
655,0006-00001146,6,839,62,2023-07-20T10:05:00,card,1,5.79,1.21,7.00
656,0001-00000286,1,,72,2023-07-20T11:59:00,card,1,1.21,0.25,1.46
657,0005-00002625,5,,8,2023-07-20T13:34:00,cash,1,2.72,0.27,2.99
658,0001-00001455,1,,72,2023-07-20T19:19:00,mobile,6,30.15,2.41,32.56
659,0007-00001788,7,,73,2023-07-20T19:53:00,card,6,88.97,17.25,106.22
660,0001-00002767,1,,72,2023-07-21T09:48:00,cash,9,47.85,9.33,57.18
661,0008-00001308,8,,28,2023-07-21T12:49:00,card,2,31.75,2.14,33.89
662,0008-00002253,8,,28,2023-07-21T17:35:00,cash,4,20.93,3.92,24.85
663,0004-00001338,4,539,69,2023-07-21T18:08:00,card,1,4.54,0.95,5.49
664,0002-00001797,2,627,42,2023-07-21T18:19:00,card,2,3.07,0.17,3.24
665,0007-00002487,7,,55,2023-07-21T19:55:00,cash,2,6.59,1.11,7.70
666,0006-00001432,6,,62,2023-07-22T10:30:00,card,2,13.36,1.61,14.97
667,0006-00001046,6,421,62,2023-07-22T11:55:00,card,3,9.80,0.64,10.44
668,0004-00002701,4,,69,2023-07-22T13:40:00,card,3,13.17,1.44,14.61
669,0004-00002115,4,97,91,2023-07-22T13:41:00,mobile,1,22.09,0.88,22.97
670,0008-00000512,8,334,28,2023-07-22T17:22:00,card,1,3.24,0.68,3.92
671,0003-00000753,3,,9,2023-07-22T18:01:00,cash,1,6.60,1.38,7.98
672,0007-00000034,7,1,33,2023-07-22T18:17:00,card,2,15.89,2.85,18.74
673,0001-00000746,1,,72,2023-07-22T18:28:00,card,3,22.56,2.29,24.85
674,0004-00001674,4,,91,2023-07-22T18:38:00,card,3,18.38,2.29,20.67
675,0004-00002357,4,410,69,2023-07-23T10:23:00,voucher,3,5.45,0.52,5.97
676,0003-00001097,3,,9,2023-07-23T13:33:00,card,11,45.47,6.73,52.20
677,0001-00002457,1,,72,2023-07-23T14:34:00,card,1,1.91,0.08,1.99
678,0002-00000610,2,341,5,2023-07-24T12:34:00,card,1,3.10,0.65,3.75
679,0004-00002627,4,,69,2023-07-24T20:06:00,card,1,2.39,0.10,2.49
680,0006-00002595,6,876,71,2023-07-25T14:22:00,card,1,3.18,0.32,3.50
681,0002-00001272,2,,42,2023-07-25T18:37:00,card,1,3.18,0.32,3.50
682,0006-00002845,6,,71,2023-07-26T12:10:00,cash,1,1.14,0.11,1.25
683,0001-00001596,1,,72,2023-07-26T12:43:00,card,1,9.75,2.05,11.80
684,0001-00000502,1,,72,2023-07-26T15:17:00,cash,1,2.87,0.12,2.99
685,0008-00001735,8,,94,2023-07-26T17:24:00,mobile,1,16.94,3.56,20.50
686,0006-00002589,6,,62,2023-07-27T17:15:00,card,1,2.44,0.51,2.95
687,0002-00000235,2,,5,2023-07-27T21:34:00,cash,1,3.30,0.69,3.99
688,0008-00002826,8,,94,2023-07-28T18:11:00,mobile,1,38.00,7.98,45.98
689,0003-00000514,3,55,9,2023-07-28T18:39:00,cash,1,3.10,0.65,3.75
690,0007-00001795,7,,18,2023-07-28T19:10:00,card,1,3.26,0.69,3.95
691,0007-00000173,7,396,109,2023-07-28T19:28:00,card,1,9.87,2.07,11.94
692,0002-00002840,2,,5,2023-07-29T09:27:00,card,1,3.71,0.78,4.49
693,0004-00000876,4,,69,2023-07-29T09:33:00,card,1,7.43,1.56,8.99
694,0004-00000628,4,,91,2023-07-29T11:03:00,cash,2,6.59,1.38,7.97
695,0006-00000560,6,,95,2023-07-29T11:24:00,card,1,3.17,0.32,3.49
696,0004-00002039,4,,91,2023-07-29T12:17:00,mobile,13,72.77,10.35,83.12
697,0004-00002426,4,3,69,2023-07-29T13:29:00,card,6,35.69,5.61,41.30
698,0008-00001905,8,,61,2023-07-29T15:07:00,card,2,4.78,0.70,5.48
699,0001-00001660,1,,72,2023-07-29T16:38:00,mobile,4,14.55,3.05,17.60
700,0003-00001152,3,538,9,2023-07-29T17:11:00,card,1,37.19,7.81,45.00
701,0004-00002199,4,704,69,2023-07-29T19:46:00,cash,1,3.71,0.78,4.49
702,0002-00002190,2,,42,2023-07-29T20:16:00,cash,1,14.87,3.12,17.99
703,0007-00002578,7,,30,2023-07-30T10:00:00,voucher,1,4.77,0.48,5.25
704,0003-00002396,3,629,9,2023-07-30T11:14:00,card,5,20.40,2.58,22.98
705,0004-00001246,4,474,69,2023-07-31T11:49:00,card,1,3.30,0.69,3.99
706,0004-00002267,4,,69,2023-07-31T12:23:00,cash,1,14.76,0.59,15.35
707,0001-00001310,1,,72,2023-07-31T12:25:00,cash,3,15.16,3.19,18.35
708,0004-00001772,4,,91,2023-07-31T16:40:00,card,1,29.70,6.24,35.94
709,0006-00001501,6,898,23,2023-07-31T17:44:00,card,10,101.35,12.45,113.80
710,0004-00001883,4,,69,2023-07-31T18:30:00,mobile,2,4.17,0.31,4.48
711,0007-00000263,7,522,109,2023-07-31T19:05:00,card,5,45.87,5.31,51.18
712,0004-00001938,4,,91,2023-07-31T19:18:00,cash,5,76.16,14.12,90.28
713,0003-00002469,3,248,9,2023-08-01T12:17:00,mobile,3,5.90,0.81,6.71
714,0005-00001065,5,,16,2023-08-01T20:26:00,card,2,17.57,2.39,19.96
715,0001-00000955,1,,72,2023-08-02T09:53:00,cash,1,12.49,0.50,12.99
716,0008-00000637,8,,28,2023-08-02T17:18:00,card,1,4.94,1.04,5.98
717,0003-00000037,3,,9,2023-08-02T17:58:00,card,5,25.10,3.23,28.33
718,0005-00002990,5,545,16,2023-08-02T18:13:00,cash,1,10.33,2.17,12.50
719,0008-00000763,8,30,84,2023-08-02T18:33:00,card,5,16.67,3.20,19.87
720,0003-00001699,3,116,9,2023-08-02T20:44:00,card,12,65.69,12.92,78.61
721,0001-00001163,1,399,72,2023-08-03T11:45:00,card,3,20.33,2.59,22.92
722,0003-00000376,3,,9,2023-08-03T13:58:00,card,1,3.63,0.36,3.99
723,0004-00001884,4,240,91,2023-08-03T16:57:00,card,1,1.80,0.18,1.98
724,0003-00001405,3,,9,2023-08-03T17:37:00,cash,1,1.91,0.08,1.99
725,0005-00000288,5,,89,2023-08-04T13:08:00,card,1,5.74,1.21,6.95
726,0002-00002706,2,,77,2023-08-04T15:25:00,cash,4,15.36,2.78,18.14
727,0002-00001269,2,,98,2023-08-06T17:21:00,cash,2,10.00,2.10,12.10
728,0004-00001554,4,,91,2023-08-06T20:21:00,cash,2,8.74,1.12,9.86
729,0001-00000249,1,,72,2023-08-07T10:43:00,cash,3,12.03,2.53,14.56
730,0006-00001975,6,,76,2023-08-07T13:16:00,card,6,32.07,3.78,35.85
731,0003-00002779,3,338,9,2023-08-07T16:12:00,card,1,2.16,0.09,2.25
732,0005-00001027,5,,8,2023-08-07T17:02:00,mobile,1,1.81,0.18,1.99
733,0007-00002835,7,507,55,2023-08-07T20:50:00,card,1,1.81,0.18,1.99
734,0007-00000505,7,,55,2023-08-07T21:05:00,cash,1,2.73,0.27,3.00
735,0008-00000223,8,,94,2023-08-08T09:41:00,card,5,41.90,2.92,44.82
736,0008-00000332,8,,103,2023-08-08T13:45:00,card,2,5.69,0.31,6.00
737,0006-00001826,6,,62,2023-08-08T17:04:00,cash,4,62.39,10.60,72.99
738,0001-00000467,1,,72,2023-08-08T18:06:00,card,1,19.99,0.80,20.79
739,0001-00001033,1,,72,2023-08-08T19:09:00,card,2,14.49,0.60,15.09
740,0002-00000917,2,,98,2023-08-09T13:46:00,card,1,5.45,0.54,5.99
741,0008-00001325,8,,29,2023-08-09T20:07:00,mobile,2,6.02,0.96,6.98
742,0002-00000091,2,,42,2023-08-10T10:39:00,card,5,16.22,2.62,18.84
743,0005-00000397,5,,16,2023-08-10T18:15:00,cash,4,25.99,4.26,30.25
744,0007-00000725,7,,55,2023-08-11T09:36:00,card,5,24.30,2.85,27.15
745,0005-00000302,5,,16,2023-08-11T12:46:00,mobile,1,24.51,0.98,25.49
746,0004-00000819,4,781,91,2023-08-11T18:24:00,cash,1,2.84,0.11,2.95
747,0004-00001461,4,192,69,2023-08-12T10:35:00,card,2,14.77,1.02,15.79
748,0004-00002936,4,644,69,2023-08-12T11:01:00,card,5,30.56,5.89,36.45
749,0003-00001743,3,,9,2023-08-12T11:14:00,card,1,2.26,0.23,2.49
750,0001-00000811,1,,72,2023-08-12T13:39:00,card,2,5.55,0.39,5.94
751,0005-00000626,5,,8,2023-08-12T17:47:00,cash,1,6.20,1.30,7.50
752,0006-00001105,6,,23,2023-08-12T18:14:00,card,5,30.68,5.81,36.49
753,0005-00001640,5,693,31,2023-08-12T18:46:00,cash,1,2.50,0.25,2.75
754,0006-00001912,6,,95,2023-08-12T20:39:00,cash,9,51.31,10.11,61.42
755,0002-00002490,2,474,98,2023-08-13T11:46:00,card,6,26.24,3.09,29.33
756,0008-00001659,8,,94,2023-08-13T13:25:00,card,7,34.97,5.80,40.77
757,0001-00000911,1,83,72,2023-08-13T15:48:00,card,1,2.98,0.62,3.60
758,0008-00000752,8,,47,2023-08-13T20:00:00,card,1,0.95,0.04,0.99
759,0005-00002177,5,,99,2023-08-14T12:23:00,cash,1,1.35,0.14,1.49
760,0004-00002226,4,,69,2023-08-16T11:12:00,cash,2,9.08,1.91,10.99
761,0006-00000657,6,,71,2023-08-16T11:17:00,cash,1,3.62,0.36,3.98
762,0007-00001356,7,,10,2023-08-16T11:30:00,mobile,2,13.75,1.70,15.45
763,0001-00001850,1,643,72,2023-08-16T11:51:00,cash,7,47.68,6.95,54.63
764,0005-00001721,5,,16,2023-08-16T17:35:00,card,1,3.81,0.15,3.96
765,0008-00001613,8,405,103,2023-08-16T19:08:00,card,3,18.97,1.08,20.05
766,0008-00000150,8,284,21,2023-08-16T19:11:00,cash,1,2.72,0.27,2.99
767,0005-00000010,5,,8,2023-08-17T12:34:00,mobile,1,9.90,2.08,11.98
768,0001-00001284,1,,72,2023-08-17T14:48:00,card,1,5.45,0.54,5.99
769,0001-00002160,1,,72,2023-08-17T19:58:00,cash,4,21.37,2.73,24.10
770,0004-00002757,4,349,69,2023-08-18T12:00:00,cash,1,9.07,1.91,10.98
771,0001-00002300,1,,72,2023-08-18T14:07:00,cash,1,2.72,0.27,2.99
772,0004-00000950,4,,69,2023-08-18T15:38:00,card,2,3.82,0.66,4.48
773,0008-00002986,8,,65,2023-08-18T18:04:00,mobile,2,8.04,0.88,8.92
774,0005-00000601,5,820,16,2023-08-18T18:53:00,card,4,21.29,2.20,23.49
775,0003-00000738,3,,9,2023-08-19T10:46:00,card,3,29.43,1.78,31.21
776,0001-00002635,1,,72,2023-08-19T10:57:00,card,3,26.52,4.42,30.94
777,0003-00002303,3,,9,2023-08-19T11:52:00,cash,1,1.64,0.35,1.99
778,0008-00001398,8,,65,2023-08-19T14:16:00,cash,1,2.26,0.23,2.49
779,0007-00002011,7,,109,2023-08-19T17:48:00,card,1,22.29,4.68,26.97
780,0003-00001839,3,,9,2023-08-19T21:48:00,card,2,13.58,1.38,14.96
781,0002-00000381,2,,42,2023-08-20T11:39:00,card,4,12.73,1.68,14.41
782,0002-00002503,2,,42,2023-08-20T16:59:00,card,2,7.26,0.72,7.98
783,0002-00000678,2,,42,2023-08-20T17:16:00,card,4,27.92,4.24,32.16
784,0005-00000028,5,,16,2023-08-22T13:29:00,card,1,9.07,1.91,10.98
785,0003-00001170,3,,9,2023-08-22T13:50:00,card,1,4.95,1.04,5.99
786,0004-00000268,4,,91,2023-08-22T17:59:00,cash,1,29.72,6.24,35.96
787,0008-00002007,8,100,84,2023-08-23T09:37:00,card,2,13.59,1.65,15.24
788,0003-00001526,3,,9,2023-08-23T09:52:00,card,3,34.57,3.35,37.92
789,0006-00002857,6,,62,2023-08-23T12:49:00,cash,1,4.93,1.04,5.97
790,0006-00000013,6,,23,2023-08-23T12:54:00,card,1,4.93,1.04,5.97
791,0003-00001361,3,,9,2023-08-23T17:15:00,card,3,33.50,5.19,38.69
792,0002-00000556,2,,85,2023-08-24T14:21:00,card,2,12.05,1.92,13.97
793,0005-00001200,5,,8,2023-08-24T16:49:00,mobile,1,4.30,0.90,5.20
794,0001-00001238,1,,72,2023-08-24T17:39:00,card,6,42.32,7.33,49.65
795,0004-00002915,4,,91,2023-08-24T18:30:00,card,1,3.30,0.69,3.99
796,0006-00000003,6,579,76,2023-08-25T11:49:00,card,1,6.82,1.43,8.25
797,0002-00001902,2,849,85,2023-08-25T21:02:00,mobile,7,43.78,7.71,51.49
798,0008-00002734,8,,28,2023-08-26T15:11:00,cash,1,2.47,0.52,2.99
799,0001-00001015,1,,72,2023-08-26T16:07:00,card,1,5.43,0.54,5.97
800,0005-00002976,5,,16,2023-08-26T16:40:00,cash,2,9.25,1.74,10.99
801,0001-00000498,1,868,72,2023-08-26T17:12:00,card,12,75.65,6.67,82.32
802,0001-00000772,1,,72,2023-08-26T17:33:00,card,13,115.48,19.45,134.93
803,0001-00000298,1,508,72,2023-08-26T19:38:00,card,3,3.88,0.79,4.67
804,0001-00000287,1,,72,2023-08-26T19:43:00,card,1,4.57,0.18,4.75
805,0008-00002037,8,,28,2023-08-29T09:25:00,cash,1,3.30,0.69,3.99
806,0003-00001926,3,109,9,2023-08-29T13:46:00,cash,6,32.25,6.17,38.42
807,0003-00001550,3,337,9,2023-08-29T21:58:00,card,2,19.08,1.11,20.19
808,0002-00002172,2,239,85,2023-08-30T09:38:00,cash,7,27.64,4.95,32.59
809,0003-00002167,3,,9,2023-08-30T11:51:00,card,3,21.15,3.75,24.90
810,0001-00002747,1,,72,2023-08-30T17:26:00,cash,1,17.77,3.73,21.50
811,0003-00001773,3,865,9,2023-08-30T18:04:00,card,1,1.81,0.18,1.99
812,0007-00000153,7,817,109,2023-08-31T12:41:00,card,3,11.41,2.07,13.48
813,0008-00000993,8,483,94,2023-08-31T14:29:00,card,1,3.26,0.69,3.95
814,0005-00001859,5,,99,2023-08-31T18:17:00,card,2,4.36,0.62,4.98
815,0008-00002399,8,,47,2023-09-01T09:32:00,cash,9,51.53,8.24,59.77
816,0001-00000089,1,,72,2023-09-01T11:07:00,card,7,32.94,5.46,38.40
817,0008-00002543,8,,84,2023-09-01T17:09:00,mobile,4,29.75,1.96,31.71
818,0008-00000593,8,,61,2023-09-01T17:19:00,card,2,11.21,2.03,13.24
819,0005-00001403,5,,31,2023-09-01T18:26:00,card,1,3.30,0.69,3.99
820,0004-00002186,4,,69,2023-09-01T19:11:00,card,1,4.33,0.17,4.50
821,0001-00001088,1,801,72,2023-09-01T19:30:00,cash,1,2.69,0.56,3.25
822,0004-00001661,4,,69,2023-09-01T20:51:00,cash,4,32.40,5.41,37.81
823,0008-00001352,8,306,21,2023-09-01T21:47:00,cash,3,7.04,0.93,7.97
824,0007-00000829,7,648,109,2023-09-02T09:00:00,mobile,1,1.56,0.06,1.62
825,0006-00000152,6,,95,2023-09-02T11:06:00,cash,12,71.77,11.47,83.24
826,0008-00002623,8,,28,2023-09-02T15:11:00,cash,1,19.83,4.16,23.99
827,0003-00002019,3,,9,2023-09-02T19:47:00,cash,1,16.54,0.66,17.20
828,0006-00002951,6,,62,2023-09-02T20:55:00,cash,1,3.26,0.69,3.95
829,0006-00001273,6,,62,2023-09-02T21:18:00,card,1,1.91,0.08,1.99
830,0002-00001857,2,560,77,2023-09-02T21:43:00,mobile,1,2.47,0.52,2.99
831,0007-00001802,7,,73,2023-09-03T09:39:00,card,2,9.30,1.65,10.95
832,0004-00001753,4,,91,2023-09-03T12:39:00,card,2,24.02,1.03,25.05
833,0005-00002332,5,,89,2023-09-03T20:10:00,cash,3,11.77,1.30,13.07
834,0001-00000675,1,382,72,2023-09-03T20:17:00,cash,3,10.62,1.35,11.97
835,0001-00001814,1,,72,2023-09-04T10:15:00,card,3,14.95,1.89,16.84
836,0005-00002718,5,,99,2023-09-05T12:30:00,mobile,2,7.22,1.27,8.49
837,0003-00001260,3,,9,2023-09-05T12:48:00,cash,3,19.65,3.34,22.99
838,0005-00001028,5,369,16,2023-09-05T15:36:00,card,2,6.31,0.67,6.98
839,0002-00002398,2,,42,2023-09-05T16:24:00,mobile,1,1.39,0.06,1.45
840,0004-00002012,4,,69,2023-09-05T19:22:00,card,4,29.89,1.47,31.36
841,0006-00001866,6,,71,2023-09-07T12:00:00,card,2,21.87,4.59,26.46
842,0006-00002940,6,,62,2023-09-07T13:59:00,mobile,1,4.13,0.87,5.00
843,0001-00001812,1,,72,2023-09-07T18:00:00,cash,4,31.59,3.84,35.43
844,0004-00002083,4,,69,2023-09-07T18:07:00,cash,5,36.15,5.39,41.54
845,0006-00000820,6,,23,2023-09-07T18:27:00,voucher,2,8.44,1.45,9.89
846,0008-00001777,8,,61,2023-09-08T09:44:00,card,2,5.19,0.29,5.48
847,0008-00000641,8,823,21,2023-09-08T09:56:00,cash,1,5.36,0.54,5.90
848,0003-00002494,3,,9,2023-09-08T11:29:00,card,4,8.55,1.63,10.18
849,0007-00001558,7,317,73,2023-09-08T13:37:00,cash,2,9.08,0.91,9.99
850,0003-00000426,3,,9,2023-09-08T18:04:00,card,1,6.19,1.30,7.49
851,0006-00002758,6,252,23,2023-09-08T18:19:00,card,4,21.60,3.34,24.94
852,0005-00002542,5,,89,2023-09-09T12:17:00,voucher,1,1.81,0.18,1.99
853,0008-00000765,8,,47,2023-09-09T12:18:00,card,1,4.13,0.87,5.00
854,0005-00001108,5,,16,2023-09-09T12:57:00,card,1,2.07,0.43,2.50
855,0001-00002749,1,124,72,2023-09-09T20:33:00,cash,4,19.96,1.45,21.41
856,0008-00000856,8,,94,2023-09-12T20:01:00,card,4,37.95,7.98,45.93
857,0001-00002425,1,539,72,2023-09-13T16:10:00,card,7,56.18,10.50,66.68
858,0004-00002240,4,,69,2023-09-13T19:52:00,cash,1,3.72,0.78,4.50
859,0002-00002954,2,,98,2023-09-14T14:49:00,cash,3,27.64,5.48,33.12
860,0004-00000185,4,,69,2023-09-14T19:16:00,card,2,7.56,1.18,8.74
861,0002-00002502,2,,85,2023-09-14T20:16:00,card,13,65.02,9.82,74.84
862,0002-00000105,2,,98,2023-09-15T13:13:00,card,11,71.31,8.12,79.43
863,0006-00001340,6,,62,2023-09-15T13:42:00,cash,1,2.68,0.27,2.95
864,0008-00000988,8,,94,2023-09-15T13:52:00,cash,4,15.30,1.61,16.91
865,0005-00002498,5,,31,2023-09-15T14:00:00,cash,1,3.62,0.36,3.98
866,0001-00001907,1,,72,2023-09-15T18:28:00,card,1,4.09,0.86,4.95
867,0006-00000541,6,177,23,2023-09-15T18:58:00,card,1,9.05,1.90,10.95
868,0006-00000970,6,,62,2023-09-16T12:30:00,mobile,4,29.01,3.81,32.82
869,0003-00001235,3,,9,2023-09-16T14:55:00,card,3,19.05,2.40,21.45
870,0002-00001117,2,442,42,2023-09-16T17:54:00,card,1,2.87,0.12,2.99
871,0007-00001799,7,,109,2023-09-16T19:08:00,card,1,3.41,0.34,3.75
872,0008-00000118,8,370,21,2023-09-16T20:04:00,cash,4,14.47,1.44,15.91
873,0002-00000756,2,692,5,2023-09-17T10:25:00,card,4,36.65,3.23,39.88
874,0005-00002135,5,,99,2023-09-17T12:54:00,mobile,1,2.26,0.23,2.49
875,0003-00000485,3,503,9,2023-09-18T09:46:00,cash,3,18.00,1.80,19.80
876,0001-00000520,1,,72,2023-09-18T15:57:00,cash,1,6.57,1.38,7.95
877,0008-00002497,8,,94,2023-09-18T21:20:00,cash,1,18.15,1.81,19.96
878,0008-00001936,8,,94,2023-09-19T12:19:00,card,1,1.77,0.18,1.95
879,0003-00001463,3,,9,2023-09-19T12:48:00,card,1,3.85,0.15,4.00
880,0007-00000480,7,,55,2023-09-19T16:36:00,card,1,2.46,0.52,2.98
881,0005-00001395,5,,8,2023-09-19T16:46:00,card,8,81.15,11.43,92.58
882,0004-00002461,4,,69,2023-09-20T14:57:00,card,3,11.93,2.50,14.43
883,0005-00000374,5,481,99,2023-09-21T11:54:00,mobile,1,4.09,0.41,4.50
884,0001-00002694,1,,72,2023-09-21T21:53:00,card,1,2.26,0.23,2.49
885,0002-00000839,2,,85,2023-09-23T12:01:00,mobile,1,1.64,0.35,1.99
886,0006-00002193,6,,95,2023-09-23T12:51:00,card,4,15.80,2.42,18.22
887,0005-00002553,5,586,31,2023-09-23T12:58:00,cash,4,21.22,2.66,23.88
888,0006-00001140,6,,62,2023-09-23T15:25:00,card,1,3.30,0.69,3.99
889,0003-00000685,3,,9,2023-09-23T17:34:00,mobile,1,3.62,0.36,3.98
890,0005-00001288,5,,16,2023-09-23T17:39:00,cash,1,18.17,3.81,21.98
891,0008-00000599,8,,94,2023-09-23T18:08:00,card,5,19.65,2.79,22.44
892,0005-00000808,5,,8,2023-09-23T21:00:00,cash,1,33.02,6.94,39.96
893,0001-00000265,1,707,72,2023-09-25T13:43:00,mobile,1,7.60,0.30,7.90
894,0002-00000985,2,,98,2023-09-25T20:10:00,mobile,2,10.29,1.71,12.00
895,0001-00001954,1,328,72,2023-09-27T14:40:00,cash,6,40.66,8.04,48.70
896,0005-00001339,5,,89,2023-09-27T21:26:00,cash,1,1.42,0.06,1.48
897,0003-00002370,3,,9,2023-09-28T15:03:00,mobile,3,24.26,4.89,29.15
898,0004-00002505,4,,69,2023-09-28T17:00:00,card,1,2.47,0.52,2.99
899,0003-00002404,3,,9,2023-09-28T18:10:00,card,3,16.15,3.24,19.39
900,0004-00001141,4,,69,2023-09-29T12:03:00,cash,4,25.98,1.44,27.42
901,0005-00000612,5,336,31,2023-09-29T17:11:00,cash,2,2.71,0.27,2.98
902,0007-00000023,7,,109,2023-09-29T17:23:00,card,1,53.31,11.19,64.50
903,0001-00002289,1,83,72,2023-09-29T18:09:00,cash,5,19.79,2.46,22.25
904,0007-00000682,7,,55,2023-09-30T12:20:00,cash,2,30.70,1.50,32.20
905,0001-00001453,1,437,72,2023-09-30T13:29:00,card,3,27.97,1.76,29.73
906,0002-00001896,2,,42,2023-09-30T13:44:00,card,1,2.47,0.52,2.99
907,0006-00002887,6,683,95,2023-09-30T14:29:00,cash,1,4.92,1.03,5.95
908,0005-00001388,5,,31,2023-09-30T14:53:00,card,1,2.88,0.61,3.49
909,0001-00001032,1,,72,2023-09-30T21:59:00,card,2,7.42,1.56,8.98
910,0003-00000343,3,397,9,2023-10-01T16:16:00,card,1,10.89,1.09,11.98
911,0006-00001944,6,726,23,2023-10-02T11:31:00,mobile,1,2.47,0.52,2.99
912,0006-00000221,6,299,62,2023-10-02T14:39:00,cash,9,94.44,6.70,101.14
913,0003-00002142,3,42,9,2023-10-02T15:24:00,cash,2,2.77,0.11,2.88
914,0005-00001026,5,822,89,2023-10-02T18:28:00,card,5,73.86,12.52,86.38
915,0001-00000837,1,,72,2023-10-02T20:02:00,mobile,2,21.58,4.15,25.73
916,0006-00001855,6,,95,2023-10-03T10:05:00,card,1,3.62,0.36,3.98
917,0004-00000805,4,64,91,2023-10-03T10:21:00,card,5,36.60,4.83,41.43
918,0002-00002937,2,,42,2023-10-04T11:42:00,card,1,14.37,0.58,14.95
919,0003-00002658,3,,9,2023-10-04T15:05:00,card,2,8.17,1.57,9.74
920,0008-00001940,8,595,47,2023-10-04T18:24:00,card,2,60.74,12.75,73.49
921,0007-00000521,7,508,18,2023-10-04T19:11:00,cash,2,4.02,0.40,4.42
922,0005-00002378,5,,8,2023-10-05T14:01:00,cash,10,86.26,14.24,100.50
923,0002-00002507,2,,98,2023-10-05T17:42:00,mobile,6,30.02,5.19,35.21
924,0006-00001230,6,,23,2023-10-05T20:45:00,card,2,10.53,1.42,11.95
925,0003-00002519,3,,9,2023-10-06T11:18:00,cash,7,37.86,6.87,44.73
926,0005-00002575,5,,8,2023-10-06T13:58:00,mobile,3,16.06,1.61,17.67
927,0001-00002805,1,,72,2023-10-06T14:14:00,card,1,1.23,0.26,1.49
928,0003-00000497,3,,9,2023-10-06T16:40:00,cash,3,20.34,4.16,24.50
929,0002-00000078,2,,98,2023-10-06T18:47:00,card,1,2.45,0.52,2.97
930,0008-00000036,8,464,84,2023-10-06T19:08:00,card,4,31.19,2.44,33.63
931,0004-00002569,4,634,69,2023-10-07T12:21:00,mobile,1,4.09,0.86,4.95
932,0007-00002368,7,,73,2023-10-07T15:21:00,card,2,15.69,3.29,18.98
933,0006-00002278,6,,62,2023-10-07T15:30:00,cash,1,7.40,1.55,8.95
934,0001-00002143,1,,72,2023-10-07T16:02:00,card,5,38.27,6.51,44.78
935,0006-00002423,6,,76,2023-10-07T18:58:00,card,1,12.07,0.48,12.55
936,0007-00002640,7,,30,2023-10-07T19:22:00,card,1,6.20,1.30,7.50
937,0008-00001643,8,,29,2023-10-07T19:56:00,card,3,9.86,2.07,11.93
938,0004-00002790,4,,69,2023-10-07T19:58:00,card,4,22.05,4.31,26.36
939,0002-00002660,2,,5,2023-10-07T20:01:00,card,1,10.12,2.13,12.25
940,0006-00000014,6,,62,2023-10-07T20:29:00,card,4,44.09,5.94,50.03
941,0004-00001412,4,655,91,2023-10-09T12:18:00,cash,2,4.47,0.78,5.25
942,0001-00002963,1,,72,2023-10-09T13:44:00,card,3,27.18,5.70,32.88
943,0004-00000315,4,,91,2023-10-09T18:15:00,mobile,4,22.98,4.83,27.81
944,0001-00002392,1,,72,2023-10-09T21:25:00,mobile,1,7.43,1.56,8.99
945,0004-00001468,4,,69,2023-10-10T13:19:00,card,13,124.13,18.31,142.44
946,0008-00001154,8,888,47,2023-10-10T18:31:00,card,1,5.50,1.16,6.66
947,0002-00001736,2,,98,2023-10-11T09:38:00,card,1,2.68,0.27,2.95
948,0001-00001208,1,,72,2023-10-11T13:37:00,card,1,1.68,0.07,1.75
949,0006-00000237,6,,62,2023-10-11T18:00:00,cash,6,108.16,7.57,115.73
950,0005-00000696,5,,8,2023-10-13T11:24:00,card,3,26.76,2.93,29.69
951,0006-00002518,6,,23,2023-10-13T12:43:00,card,1,4.12,0.86,4.98
952,0007-00002603,7,,18,2023-10-13T14:50:00,card,3,9.24,1.76,11.00
953,0007-00002608,7,,73,2023-10-13T14:54:00,card,1,3.31,0.69,4.00
954,0002-00001212,2,278,77,2023-10-14T10:42:00,card,2,18.54,2.43,20.97
955,0006-00000071,6,,62,2023-10-14T10:56:00,card,4,40.19,4.83,45.02
956,0007-00001306,7,,10,2023-10-14T11:51:00,cash,4,57.09,4.52,61.61
957,0002-00001258,2,278,77,2023-10-14T14:23:00,cash,1,3.84,0.15,3.99
958,0003-00001247,3,,9,2023-10-14T17:26:00,card,5,24.81,3.83,28.64
959,0007-00002277,7,,73,2023-10-14T20:06:00,card,5,19.48,2.04,21.52
960,0001-00002304,1,,72,2023-10-15T19:10:00,voucher,2,21.44,4.50,25.94
961,0004-00002212,4,,69,2023-10-16T18:31:00,cash,1,2.68,0.11,2.79
962,0005-00000468,5,172,31,2023-10-17T12:21:00,card,8,40.66,4.72,45.38
963,0008-00002559,8,,94,2023-10-17T14:46:00,cash,2,5.36,1.12,6.48
964,0007-00000614,7,288,18,2023-10-17T15:06:00,cash,2,15.00,1.50,16.50
965,0003-00002388,3,,9,2023-10-17T18:09:00,cash,2,6.67,0.27,6.94
966,0004-00002838,4,,69,2023-10-18T09:57:00,card,8,27.55,2.76,30.31
967,0004-00001895,4,,91,2023-10-18T13:41:00,card,1,4.95,1.04,5.99
968,0001-00002099,1,,72,2023-10-19T12:25:00,card,1,4.80,0.19,4.99
969,0005-00000902,5,328,31,2023-10-19T20:02:00,cash,1,2.47,0.52,2.99
970,0008-00001626,8,,21,2023-10-20T10:26:00,card,3,25.10,3.69,28.79
971,0003-00001374,3,,9,2023-10-20T13:46:00,card,1,8.47,1.78,10.25
972,0005-00000821,5,,89,2023-10-20T17:46:00,card,1,7.43,1.56,8.99
973,0007-00002046,7,,10,2023-10-20T18:34:00,cash,3,13.61,2.86,16.47
974,0008-00000425,8,531,28,2023-10-20T18:54:00,card,2,30.15,2.08,32.23
975,0007-00001819,7,312,73,2023-10-20T19:48:00,card,4,33.69,6.11,39.80
976,0005-00002025,5,,89,2023-10-20T20:18:00,card,6,18.03,3.60,21.63
977,0003-00002259,3,,9,2023-10-21T13:02:00,cash,1,3.72,0.78,4.50
978,0007-00001282,7,,73,2023-10-21T17:31:00,cash,3,6.86,1.12,7.98
979,0002-00001084,2,,42,2023-10-21T17:47:00,card,4,28.75,5.59,34.34
980,0003-00000070,3,252,9,2023-10-22T12:13:00,card,1,5.44,0.54,5.98
981,0001-00002551,1,,72,2023-10-22T15:35:00,card,1,71.07,14.93,86.00
982,0003-00002618,3,551,9,2023-10-23T12:25:00,card,4,18.74,1.18,19.92
983,0005-00002317,5,142,31,2023-10-23T12:35:00,card,2,42.29,2.02,44.31
984,0002-00001973,2,437,98,2023-10-23T13:09:00,card,3,16.26,2.13,18.39
985,0005-00000759,5,,99,2023-10-23T16:09:00,card,3,33.33,3.00,36.33
986,0004-00000815,4,,91,2023-10-23T16:43:00,card,5,29.70,4.55,34.25
987,0001-00001124,1,185,72,2023-10-24T16:25:00,mobile,2,13.75,0.69,14.44
988,0002-00001989,2,504,98,2023-10-24T20:06:00,card,2,15.68,3.29,18.97
989,0005-00002306,5,,16,2023-10-25T18:45:00,card,6,14.11,2.41,16.52
990,0008-00000488,8,655,103,2023-10-26T09:00:00,card,1,3.59,0.75,4.34
991,0006-00002532,6,,95,2023-10-26T12:39:00,cash,2,13.13,0.52,13.65
992,0008-00001616,8,,103,2023-10-26T14:11:00,card,5,45.10,9.08,54.18
993,0006-00002798,6,,71,2023-10-26T16:30:00,cash,2,6.86,1.12,7.98
994,0003-00001060,3,,9,2023-10-26T18:32:00,cash,1,3.51,0.74,4.25
995,0001-00002729,1,,72,2023-10-27T14:46:00,card,4,23.01,3.21,26.22
996,0003-00002642,3,,9,2023-10-27T19:22:00,card,3,14.64,2.11,16.75
997,0003-00000867,3,,9,2023-10-27T20:36:00,cash,3,7.13,1.02,8.15
998,0002-00002130,2,,98,2023-10-28T11:02:00,card,2,24.35,3.22,27.57
999,0006-00001752,6,832,23,2023-10-28T13:05:00,cash,5,20.10,1.85,21.95
1000,0007-00002828,7,,10,2023-10-28T14:55:00,cash,3,8.99,1.80,10.79
1001,0004-00002711,4,,69,2023-10-28T16:45:00,cash,2,8.35,1.56,9.91
1002,0001-00000140,1,,72,2023-10-29T11:54:00,cash,3,35.55,2.39,37.94
1003,0005-00002458,5,,8,2023-10-30T19:32:00,card,1,8.18,1.72,9.90
1004,0007-00001207,7,,30,2023-10-31T09:33:00,mobile,1,4.13,0.87,5.00
1005,0006-00000538,6,861,95,2023-10-31T09:43:00,card,5,15.67,2.56,18.23
1006,0008-00000623,8,133,47,2023-10-31T18:14:00,cash,1,11.78,2.47,14.25
1007,0004-00002638,4,803,91,2023-10-31T19:42:00,card,1,5.45,0.54,5.99
1008,0003-00000350,3,,9,2023-11-01T19:59:00,card,6,43.65,7.06,50.71
1009,0001-00002063,1,,72,2023-11-02T15:22:00,card,2,32.49,3.25,35.74
1010,0006-00002416,6,,23,2023-11-02T17:47:00,cash,1,3.88,0.39,4.27
1011,0006-00001979,6,381,71,2023-11-03T11:28:00,mobile,3,66.49,12.91,79.40
1012,0002-00001252,2,,98,2023-11-03T13:00:00,card,1,13.45,0.54,13.99
1013,0005-00001396,5,,99,2023-11-03T18:35:00,cash,5,66.37,3.46,69.83
1014,0007-00001678,7,,10,2023-11-03T20:09:00,mobile,3,12.99,1.95,14.94
1015,0001-00001303,1,622,72,2023-11-04T10:17:00,card,3,23.02,3.85,26.87
1016,0008-00000846,8,807,29,2023-11-04T10:42:00,card,5,45.58,2.62,48.20
1017,0008-00000524,8,,47,2023-11-04T13:20:00,card,1,44.60,9.36,53.96
1018,0003-00000943,3,,9,2023-11-04T17:00:00,card,1,2.44,0.51,2.95
1019,0006-00002956,6,343,76,2023-11-04T17:18:00,cash,2,7.38,0.56,7.94
1020,0003-00000960,3,,9,2023-11-04T19:45:00,card,4,31.61,4.84,36.45
1021,0008-00000393,8,,103,2023-11-05T10:20:00,card,3,8.46,0.51,8.97
1022,0004-00000226,4,811,91,2023-11-06T10:20:00,mobile,4,103.81,6.96,110.77
1023,0007-00002302,7,629,109,2023-11-06T13:23:00,card,4,25.35,5.12,30.47
1024,0008-00002030,8,,29,2023-11-06T16:12:00,card,4,16.40,2.77,19.17
1025,0003-00000177,3,325,9,2023-11-06T17:22:00,card,2,10.25,2.15,12.40
1026,0004-00001348,4,263,91,2023-11-06T20:15:00,cash,2,11.10,1.84,12.94
1027,0007-00000099,7,394,18,2023-11-07T11:04:00,card,10,41.12,6.94,48.06
1028,0002-00000734,2,,98,2023-11-07T11:32:00,card,2,7.14,0.84,7.98
1029,0002-00000494,2,244,98,2023-11-07T13:04:00,cash,1,10.74,2.25,12.99
1030,0003-00000316,3,193,9,2023-11-07T16:49:00,cash,2,9.38,1.08,10.46
1031,0004-00000137,4,,91,2023-11-07T18:06:00,voucher,3,19.90,3.57,23.47
1032,0003-00002239,3,,9,2023-11-07T18:29:00,mobile,1,3.55,0.35,3.90
1033,0004-00000990,4,846,69,2023-11-08T16:40:00,cash,17,148.04,20.36,168.40
1034,0004-00002516,4,,91,2023-11-09T18:05:00,cash,7,49.16,7.91,57.07
1035,0004-00000667,4,736,91,2023-11-09T18:57:00,cash,2,9.19,0.75,9.94
1036,0002-00002927,2,489,5,2023-11-10T09:34:00,cash,2,17.15,3.60,20.75
1037,0005-00002274,5,17,99,2023-11-10T09:53:00,cash,4,15.36,3.04,18.40
1038,0008-00001515,8,565,65,2023-11-10T13:42:00,cash,8,55.54,4.88,60.42
1039,0003-00001241,3,8,9,2023-11-10T14:38:00,card,1,6.14,0.61,6.75
1040,0003-00002050,3,,9,2023-11-10T16:00:00,cash,2,6.14,0.80,6.94
1041,0005-00000849,5,,31,2023-11-10T16:12:00,card,1,8.18,1.72,9.90
1042,0005-00000158,5,371,31,2023-11-10T17:54:00,card,1,8.47,1.78,10.25
1043,0007-00002781,7,,73,2023-11-10T18:56:00,cash,2,7.27,0.71,7.98
1044,0008-00000721,8,591,84,2023-11-11T09:29:00,cash,3,31.90,2.59,34.49
1045,0002-00002216,2,,85,2023-11-11T10:02:00,voucher,1,2.88,0.61,3.49
1046,0004-00002002,4,619,91,2023-11-11T13:01:00,card,1,1.03,0.10,1.13
1047,0004-00001831,4,,69,2023-11-11T19:12:00,card,7,45.92,8.71,54.63
1048,0002-00002905,2,,98,2023-11-12T18:23:00,mobile,1,7.88,0.32,8.20
1049,0008-00000256,8,,103,2023-11-12T18:56:00,card,1,2.47,0.52,2.99
1050,0004-00001615,4,,69,2023-11-13T17:11:00,card,1,3.31,0.69,4.00
1051,0005-00002390,5,,89,2023-11-13T19:26:00,card,7,77.28,13.57,90.85
1052,0006-00001890,6,154,62,2023-11-13T19:45:00,cash,4,22.09,4.34,26.43
1053,0003-00002065,3,,9,2023-11-13T19:51:00,cash,3,19.62,1.55,21.17
1054,0008-00000284,8,663,21,2023-11-13T21:00:00,card,1,3.40,0.72,4.12
1055,0001-00002486,1,,72,2023-11-14T14:25:00,cash,4,9.62,1.62,11.24
1056,0002-00002735,2,,42,2023-11-15T14:05:00,cash,6,28.59,3.74,32.33
1057,0004-00002908,4,,91,2023-11-15T18:50:00,card,10,70.34,10.38,80.72
1058,0007-00000543,7,,33,2023-11-16T10:43:00,card,1,2.72,0.27,2.99
1059,0003-00000838,3,,9,2023-11-16T13:27:00,cash,2,12.65,2.65,15.30
1060,0001-00000423,1,,72,2023-11-16T14:58:00,card,4,71.54,5.52,77.06
1061,0002-00002889,2,681,85,2023-11-17T09:19:00,card,1,2.47,0.52,2.99
1062,0005-00001458,5,768,99,2023-11-17T13:01:00,voucher,1,2.47,0.52,2.99
1063,0004-00002228,4,85,69,2023-11-17T13:20:00,mobile,4,15.42,1.03,16.45
1064,0003-00001413,3,733,9,2023-11-17T15:52:00,card,2,6.75,1.22,7.97
1065,0004-00002255,4,,91,2023-11-17T18:49:00,cash,3,14.71,2.78,17.49
1066,0006-00001392,6,,95,2023-11-17T20:04:00,card,1,3.30,0.69,3.99
1067,0003-00000405,3,,9,2023-11-17T20:30:00,card,1,1.91,0.08,1.99
1068,0004-00001419,4,,69,2023-11-17T20:33:00,voucher,1,3.71,0.78,4.49
1069,0008-00002150,8,,84,2023-11-17T20:46:00,card,3,11.07,2.13,13.20
1070,0006-00000224,6,878,62,2023-11-18T09:30:00,card,6,18.80,2.25,21.05
1071,0004-00000479,4,,69,2023-11-18T11:22:00,card,1,2.47,0.52,2.99
1072,0005-00001167,5,250,99,2023-11-18T13:53:00,cash,2,6.71,0.27,6.98
1073,0001-00000348,1,516,72,2023-11-19T09:10:00,card,1,13.14,2.76,15.90
1074,0006-00001827,6,,76,2023-11-19T17:29:00,card,1,4.77,0.48,5.25
1075,0002-00002847,2,740,98,2023-11-20T20:37:00,card,8,39.55,6.29,45.84
1076,0004-00001171,4,90,69,2023-11-20T20:44:00,mobile,1,2.65,0.26,2.91
1077,0007-00001768,7,851,10,2023-11-21T10:55:00,card,5,31.37,6.39,37.76
1078,0004-00002787,4,,91,2023-11-21T11:12:00,card,2,8.34,1.65,9.99
1079,0003-00001960,3,,9,2023-11-22T10:45:00,card,2,40.30,3.01,43.31
1080,0006-00002864,6,,62,2023-11-22T12:50:00,card,1,2.05,0.43,2.48
1081,0006-00000059,6,680,23,2023-11-22T13:59:00,cash,1,5.44,0.54,5.98
1082,0007-00001248,7,,73,2023-11-24T11:39:00,card,1,1.65,0.35,2.00
1083,0002-00001925,2,,98,2023-11-24T19:13:00,mobile,3,8.86,1.37,10.23
1084,0005-00002395,5,,16,2023-11-25T09:23:00,card,5,68.57,6.00,74.57
1085,0003-00002163,3,238,9,2023-11-25T14:24:00,cash,2,8.97,1.89,10.86
1086,0004-00000592,4,483,69,2023-11-25T19:19:00,card,1,2.07,0.43,2.50
1087,0007-00002806,7,824,30,2023-11-26T10:59:00,card,14,80.14,12.99,93.13
1088,0002-00000901,2,,85,2023-11-27T09:36:00,card,1,4.79,1.00,5.79
1089,0004-00002359,4,178,91,2023-11-27T16:07:00,mobile,4,14.64,1.19,15.83
1090,0003-00002351,3,,9,2023-11-27T20:12:00,mobile,1,2.87,0.12,2.99
1091,0008-00001700,8,,94,2023-11-28T13:14:00,cash,1,7.02,1.47,8.49
1092,0006-00001531,6,821,76,2023-11-28T13:19:00,card,8,34.30,6.90,41.20
1093,0002-00002923,2,,42,2023-11-28T16:49:00,card,3,18.72,3.93,22.65
1094,0005-00000135,5,445,31,2023-11-28T18:08:00,card,2,6.28,1.32,7.60
1095,0004-00002380,4,,69,2023-11-29T17:20:00,card,1,0.98,0.10,1.08
1096,0003-00000460,3,683,9,2023-11-30T14:43:00,cash,4,36.58,7.29,43.87
1097,0004-00000445,4,,91,2023-11-30T17:29:00,cash,7,23.94,3.29,27.23
1098,0005-00001976,5,,31,2023-12-01T15:42:00,cash,1,32.60,1.30,33.90
1099,0004-00000888,4,,91,2023-12-01T15:48:00,card,1,4.94,1.04,5.98
1100,0002-00002962,2,457,77,2023-12-01T18:55:00,mobile,3,33.64,5.88,39.52
1101,0008-00000378,8,,61,2023-12-01T19:19:00,card,2,4.11,0.87,4.98
1102,0007-00000609,7,,10,2023-12-02T11:34:00,card,1,19.42,4.08,23.50
1103,0007-00002287,7,,109,2023-12-02T12:11:00,card,6,28.13,4.27,32.40
1104,0007-00000352,7,,30,2023-12-02T12:45:00,card,4,26.71,2.67,29.38
1105,0003-00002890,3,472,9,2023-12-02T12:58:00,card,3,5.95,0.52,6.47
1106,0005-00002085,5,732,8,2023-12-02T14:13:00,cash,1,2.47,0.52,2.99
1107,0008-00000386,8,,21,2023-12-02T17:49:00,card,2,5.43,0.54,5.97
1108,0007-00001259,7,,18,2023-12-03T11:24:00,card,1,3.26,0.69,3.95
1109,0006-00002959,6,,71,2023-12-03T12:22:00,card,9,50.02,5.78,55.80
1110,0007-00000565,7,,18,2023-12-03T14:53:00,card,3,28.74,5.23,33.97
1111,0006-00002334,6,,76,2023-12-04T10:11:00,card,1,3.18,0.32,3.50
1112,0006-00000872,6,,62,2023-12-04T11:36:00,card,1,4.09,0.16,4.25
1113,0003-00001637,3,97,9,2023-12-04T16:10:00,cash,7,63.11,9.62,72.73
1114,0005-00000585,5,,31,2023-12-04T18:22:00,card,1,6.35,0.64,6.99
1115,0006-00002997,6,,76,2023-12-04T19:32:00,cash,2,20.89,2.36,23.25
1116,0003-00002819,3,,9,2023-12-04T20:44:00,cash,3,29.19,3.01,32.20
1117,0004-00000534,4,133,69,2023-12-05T14:00:00,cash,3,25.43,2.89,28.32
1118,0008-00001726,8,598,103,2023-12-05T14:21:00,card,4,18.60,2.28,20.88
1119,0001-00000050,1,,72,2023-12-05T16:21:00,card,1,3.98,0.16,4.14
1120,0004-00000084,4,,69,2023-12-05T18:12:00,card,11,48.75,6.00,54.75
1121,0002-00001969,2,707,5,2023-12-06T09:15:00,card,1,3.30,0.69,3.99
1122,0007-00001915,7,,10,2023-12-06T20:09:00,mobile,1,3.18,0.32,3.50
1123,0001-00002459,1,,72,2023-12-06T20:54:00,card,1,3.30,0.69,3.99
1124,0005-00001086,5,,31,2023-12-07T12:58:00,card,3,22.25,4.67,26.92
1125,0003-00002044,3,709,9,2023-12-07T14:24:00,cash,1,3.36,0.34,3.70
1126,0005-00000086,5,,16,2023-12-07T15:06:00,card,5,22.76,3.59,26.35
1127,0004-00000741,4,,69,2023-12-07T17:02:00,cash,2,45.23,2.55,47.78
1128,0008-00000129,8,707,29,2023-12-07T20:54:00,card,3,21.71,3.25,24.96
1129,0006-00001879,6,,23,2023-12-08T10:57:00,card,4,18.36,2.78,21.14
1130,0002-00002602,2,840,98,2023-12-08T10:57:00,card,1,4.53,0.45,4.98
1131,0001-00002811,1,,72,2023-12-08T11:34:00,cash,1,14.86,3.12,17.98
1132,0003-00000275,3,,9,2023-12-08T11:41:00,card,7,39.54,7.50,47.04
1133,0007-00000081,7,595,18,2023-12-08T12:57:00,cash,5,35.75,2.36,38.11
1134,0003-00001459,3,135,9,2023-12-08T13:42:00,card,10,42.38,5.93,48.31
1135,0007-00000927,7,381,18,2023-12-08T20:22:00,cash,6,90.86,17.90,108.76
1136,0007-00001614,7,197,33,2023-12-08T20:54:00,card,5,42.27,3.04,45.31
1137,0001-00001995,1,758,72,2023-12-08T20:54:00,card,2,11.77,2.17,13.94
1138,0001-00000807,1,614,72,2023-12-09T11:09:00,card,5,94.24,18.72,112.96
1139,0008-00000375,8,,47,2023-12-09T12:18:00,card,1,2.69,0.56,3.25
1140,0006-00001971,6,,95,2023-12-09T15:11:00,card,4,14.82,2.13,16.95
1141,0008-00002217,8,,47,2023-12-09T15:38:00,card,4,38.37,8.05,46.42
1142,0002-00002793,2,,42,2023-12-09T17:55:00,card,6,26.99,2.77,29.76
1143,0001-00001394,1,417,72,2023-12-09T18:40:00,card,3,9.74,1.70,11.44
1144,0006-00001123,6,438,95,2023-12-10T09:07:00,card,3,35.99,2.78,38.77
1145,0001-00001017,1,,72,2023-12-10T19:44:00,card,3,7.56,1.03,8.59
1146,0002-00001682,2,599,85,2023-12-12T14:37:00,mobile,3,12.11,1.43,13.54
1147,0001-00001921,1,768,72,2023-12-12T17:50:00,card,12,100.25,13.70,113.95
1148,0008-00000487,8,241,103,2023-12-12T18:33:00,cash,2,20.45,4.29,24.74
1149,0001-00001759,1,,72,2023-12-12T20:16:00,mobile,2,13.09,0.81,13.90
1150,0004-00002917,4,,91,2023-12-12T20:27:00,voucher,3,15.58,1.84,17.42
1151,0002-00002269,2,,5,2023-12-13T12:56:00,mobile,2,8.11,0.33,8.44
1152,0008-00001962,8,471,103,2023-12-13T13:44:00,card,18,139.95,23.91,163.86
1153,0005-00001716,5,,8,2023-12-13T13:58:00,card,3,24.51,3.42,27.93
1154,0004-00001355,4,831,91,2023-12-13T17:57:00,card,1,7.44,1.56,9.00
1155,0001-00001568,1,,72,2023-12-14T16:00:00,card,3,13.63,2.36,15.99
1156,0003-00000261,3,149,9,2023-12-14T16:18:00,cash,1,8.65,1.82,10.47
1157,0006-00002784,6,,62,2023-12-14T19:51:00,card,5,23.71,2.64,26.35
1158,0007-00002941,7,,30,2023-12-15T11:21:00,card,7,35.34,6.25,41.59
1159,0006-00002585,6,534,23,2023-12-15T14:21:00,card,3,22.18,3.70,25.88
1160,0007-00000466,7,693,73,2023-12-15T14:37:00,card,1,9.71,2.04,11.75
1161,0006-00001191,6,654,62,2023-12-15T16:33:00,mobile,1,1.86,0.39,2.25
1162,0004-00001648,4,,91,2023-12-15T21:44:00,card,2,5.96,0.50,6.46
1163,0003-00002510,3,,9,2023-12-16T11:55:00,card,3,27.86,4.13,31.99
1164,0003-00000418,3,452,9,2023-12-16T18:48:00,card,1,3.42,0.34,3.76
1165,0001-00000919,1,,72,2023-12-16T19:15:00,mobile,3,15.76,1.72,17.48
1166,0003-00000096,3,227,9,2023-12-16T20:05:00,card,8,51.33,7.84,59.17
1167,0006-00000433,6,147,23,2023-12-17T20:28:00,card,2,16.74,3.12,19.86
1168,0003-00002451,3,,9,2023-12-18T20:09:00,cash,1,9.09,0.91,10.00
1169,0005-00000582,5,,16,2023-12-19T17:36:00,cash,1,3.10,0.65,3.75
1170,0001-00001293,1,,72,2023-12-20T10:39:00,cash,1,2.88,0.61,3.49
1171,0002-00002041,2,,77,2023-12-20T10:48:00,card,9,46.96,5.86,52.82
1172,0008-00002450,8,,47,2023-12-20T13:05:00,card,4,13.16,2.06,15.22
1173,0006-00001324,6,,71,2023-12-21T17:22:00,cash,1,13.61,1.36,14.97
1174,0006-00002342,6,,95,2023-12-22T10:50:00,card,2,21.45,4.51,25.96
1175,0001-00002211,1,,72,2023-12-22T13:15:00,card,1,5.91,0.59,6.50
1176,0005-00001250,5,,8,2023-12-22T13:22:00,card,4,55.58,6.72,62.30
1177,0003-00001240,3,,9,2023-12-22T19:06:00,card,5,26.84,3.10,29.94
1178,0002-00000796,2,,42,2023-12-22T21:31:00,card,3,23.13,4.85,27.98
1179,0008-00000571,8,,103,2023-12-23T11:35:00,card,2,9.70,1.24,10.94
1180,0003-00001353,3,,9,2023-12-24T15:19:00,card,2,37.97,7.98,45.95
1181,0003-00001054,3,,9,2023-12-24T19:30:00,card,15,134.03,10.95,144.98
1182,0001-00000794,1,768,72,2023-12-24T19:36:00,cash,9,45.98,7.73,53.71
1183,0004-00000890,4,,91,2023-12-24T19:58:00,card,1,3.12,0.12,3.24
1184,0002-00000266,2,,77,2023-12-25T19:43:00,card,1,6.20,1.30,7.50
1185,0001-00001389,1,280,72,2023-12-26T11:12:00,cash,3,6.80,0.69,7.49
1186,0001-00002257,1,,72,2023-12-26T13:31:00,mobile,2,5.94,0.80,6.74
1187,0007-00002165,7,199,73,2023-12-26T15:47:00,card,1,1.23,0.26,1.49
1188,0008-00001488,8,20,103,2023-12-27T10:06:00,cash,10,101.57,20.15,121.72
1189,0008-00002888,8,859,94,2023-12-27T11:22:00,card,2,22.28,4.68,26.96
1190,0008-00000798,8,381,21,2023-12-27T15:12:00,card,4,16.14,3.00,19.14
1191,0005-00002023,5,,31,2023-12-27T18:32:00,cash,1,8.18,1.72,9.90
1192,0002-00000928,2,,98,2023-12-27T20:17:00,voucher,2,8.63,1.81,10.44
1193,0004-00001022,4,,91,2023-12-28T11:10:00,voucher,1,4.95,1.04,5.99
1194,0004-00000064,4,,91,2023-12-28T16:36:00,card,2,7.27,0.57,7.84
1195,0002-00000030,2,,5,2023-12-29T19:57:00,voucher,1,1.90,0.08,1.98
1196,0003-00001874,3,,9,2023-12-30T11:07:00,card,1,8.25,1.73,9.98
1197,0004-00000207,4,311,91,2023-12-30T11:28:00,card,3,17.05,1.48,18.53
1198,0005-00000141,5,,16,2023-12-30T11:45:00,card,2,8.25,1.73,9.98
1199,0001-00002759,1,460,72,2023-12-30T15:24:00,card,1,19.00,3.99,22.99
1200,0001-00000934,1,850,72,2023-12-30T15:39:00,card,6,65.94,12.17,78.11
1201,0001-00002547,1,,72,2023-12-30T19:02:00,cash,1,7.25,0.73,7.98
1202,0007-00001387,7,,109,2023-12-30T20:46:00,card,1,4.22,0.89,5.11
1203,0006-00002436,6,,95,2023-12-31T09:49:00,cash,2,13.63,2.86,16.49
1204,0006-00002110,6,,71,2023-12-31T18:10:00,card,2,6.55,1.37,7.92
1205,0004-00002090,4,722,91,2024-01-01T11:14:00,cash,2,4.33,0.66,4.99
1206,0008-00000773,8,,28,2024-01-01T17:40:00,card,3,13.21,1.74,14.95
1207,0005-00002056,5,,89,2024-01-01T20:26:00,card,1,2.89,0.61,3.50
1208,0006-00001948,6,456,23,2024-01-02T13:28:00,cash,7,36.14,5.29,41.43
1209,0001-00000803,1,,72,2024-01-02T17:47:00,voucher,1,1.83,0.07,1.90
1210,0003-00000677,3,,9,2024-01-02T18:47:00,card,1,4.32,0.43,4.75
1211,0006-00000205,6,,95,2024-01-03T09:03:00,card,4,10.76,2.16,12.92
1212,0001-00001908,1,893,72,2024-01-03T11:32:00,card,7,55.83,6.88,62.71
1213,0006-00001621,6,347,23,2024-01-03T11:55:00,mobile,2,7.81,1.45,9.26
1214,0008-00000110,8,,94,2024-01-03T19:55:00,card,4,12.97,1.91,14.88
1215,0002-00000058,2,,98,2024-01-04T11:54:00,card,1,13.64,1.36,15.00
1216,0001-00001249,1,190,72,2024-01-04T13:21:00,cash,9,33.28,3.74,37.02
1217,0004-00001204,4,,91,2024-01-05T09:48:00,card,1,3.84,0.15,3.99
1218,0007-00001053,7,491,109,2024-01-05T11:04:00,card,1,4.96,1.04,6.00
1219,0002-00000359,2,112,5,2024-01-05T12:13:00,card,1,5.44,0.54,5.98
1220,0005-00002158,5,,31,2024-01-05T13:18:00,cash,1,6.60,1.39,7.99
1221,0003-00002182,3,234,9,2024-01-05T13:43:00,card,4,11.04,2.18,13.22
1222,0008-00002597,8,717,103,2024-01-05T14:55:00,mobile,2,7.01,1.47,8.48
1223,0004-00001181,4,,69,2024-01-06T10:51:00,card,1,3.30,0.69,3.99
1224,0008-00000272,8,,94,2024-01-06T12:14:00,cash,5,26.64,2.27,28.91
1225,0001-00002407,1,683,72,2024-01-06T14:08:00,cash,5,75.67,9.55,85.22
1226,0008-00002448,8,,84,2024-01-06T14:14:00,card,3,28.08,1.54,29.62
1227,0005-00001512,5,,89,2024-01-06T14:37:00,card,2,9.51,1.99,11.50
1228,0003-00002031,3,,9,2024-01-06T20:27:00,card,2,5.69,0.57,6.26
1229,0005-00001104,5,,16,2024-01-07T09:27:00,card,4,43.54,8.90,52.44
1230,0006-00002653,6,684,71,2024-01-07T18:22:00,card,4,65.23,5.90,71.13
1231,0005-00000209,5,288,16,2024-01-07T19:55:00,card,35,208.59,29.97,238.56
1232,0002-00001958,2,,98,2024-01-08T10:09:00,voucher,2,20.50,4.22,24.72
1233,0005-00000642,5,,31,2024-01-08T13:54:00,card,4,24.20,4.89,29.09
1234,0002-00000247,2,599,42,2024-01-08T14:51:00,card,2,8.80,1.60,10.40
1235,0002-00002121,2,309,85,2024-01-08T20:06:00,card,5,18.72,1.93,20.65
1236,0006-00000216,6,661,62,2024-01-10T18:16:00,mobile,1,10.57,0.42,10.99
1237,0004-00002329,4,,91,2024-01-11T09:48:00,card,2,32.65,6.85,39.50
1238,0005-00000596,5,199,89,2024-01-11T11:13:00,card,2,15.76,0.88,16.64
1239,0008-00002412,8,229,103,2024-01-12T10:48:00,card,1,5.79,1.21,7.00
1240,0002-00000991,2,42,77,2024-01-12T12:45:00,card,3,10.19,1.65,11.84
1241,0004-00001505,4,,69,2024-01-12T13:43:00,card,1,1.91,0.08,1.99
1242,0002-00000562,2,,85,2024-01-12T16:29:00,cash,1,2.68,0.27,2.95
1243,0003-00001061,3,375,9,2024-01-12T17:35:00,cash,1,1.59,0.16,1.75
1244,0001-00002622,1,875,72,2024-01-13T12:34:00,card,1,0.91,0.09,1.00
1245,0004-00000800,4,,69,2024-01-13T13:02:00,card,1,13.21,2.77,15.98
1246,0004-00000234,4,,91,2024-01-13T13:52:00,card,1,10.23,1.02,11.25
1247,0001-00001578,1,,72,2024-01-13T16:28:00,card,3,9.45,1.78,11.23
1248,0007-00001887,7,248,109,2024-01-13T16:32:00,card,1,10.89,1.09,11.98
1249,0002-00000579,2,248,85,2024-01-14T20:25:00,mobile,4,17.65,2.00,19.65
1250,0001-00000703,1,507,72,2024-01-15T11:05:00,mobile,18,104.61,18.50,123.11
1251,0006-00000496,6,,76,2024-01-15T11:07:00,cash,14,64.02,10.26,74.28
1252,0002-00002989,2,600,85,2024-01-15T11:54:00,cash,3,18.96,1.51,20.47
1253,0006-00002573,6,283,71,2024-01-15T12:30:00,card,7,32.44,5.12,37.56
1254,0004-00000705,4,,91,2024-01-16T13:36:00,card,1,2.47,0.52,2.99
1255,0005-00000700,5,,89,2024-01-16T15:34:00,cash,1,18.60,3.90,22.50
1256,0007-00001942,7,247,18,2024-01-16T20:26:00,card,1,2.69,0.56,3.25
1257,0002-00001180,2,,42,2024-01-17T15:25:00,card,1,3.30,0.69,3.99
1258,0006-00001555,6,,62,2024-01-18T17:05:00,cash,4,9.72,0.97,10.69
1259,0005-00000291,5,347,16,2024-01-18T18:48:00,card,2,6.57,0.42,6.99
1260,0003-00000946,3,,9,2024-01-19T10:15:00,card,5,40.24,6.73,46.97
1261,0003-00002003,3,7,9,2024-01-19T10:31:00,card,6,22.52,4.30,26.82
1262,0007-00001436,7,,109,2024-01-19T12:02:00,card,1,6.60,1.38,7.98
1263,0008-00002442,8,,47,2024-01-19T12:17:00,card,10,61.30,5.44,66.74
1264,0002-00000031,2,5,42,2024-01-19T16:51:00,card,3,12.17,2.56,14.73
1265,0006-00001507,6,,71,2024-01-19T21:28:00,card,1,2.47,0.52,2.99
1266,0002-00002087,2,,5,2024-01-19T21:31:00,cash,8,40.45,7.81,48.26
1267,0002-00001337,2,,42,2024-01-20T11:00:00,card,2,13.84,1.15,14.99
1268,0008-00000408,8,,47,2024-01-20T12:22:00,card,1,2.88,0.61,3.49
1269,0002-00000404,2,,85,2024-01-20T14:28:00,card,2,4.75,0.20,4.95
1270,0003-00002924,3,,9,2024-01-20T17:04:00,card,2,4.66,0.83,5.49
1271,0001-00001830,1,,72,2024-01-20T20:37:00,card,2,9.50,0.95,10.45
1272,0001-00000385,1,,72,2024-01-21T09:00:00,card,1,3.26,0.69,3.95
1273,0001-00002587,1,,72,2024-01-21T14:45:00,card,2,8.07,1.17,9.24
1274,0008-00000481,8,,29,2024-01-23T11:17:00,cash,1,5.77,1.21,6.98
1275,0008-00001087,8,,47,2024-01-23T15:44:00,card,3,27.91,1.98,29.89
1276,0002-00002525,2,,42,2024-01-23T16:40:00,cash,1,4.57,0.18,4.75
1277,0004-00002637,4,81,69,2024-01-23T18:22:00,card,1,7.22,1.52,8.74
1278,0005-00000761,5,476,16,2024-01-24T10:25:00,card,5,22.50,3.17,25.67
1279,0007-00000636,7,740,33,2024-01-24T14:55:00,card,3,17.75,3.72,21.47
1280,0005-00002159,5,,31,2024-01-24T18:21:00,cash,2,18.78,1.67,20.45
1281,0005-00002281,5,540,89,2024-01-24T21:42:00,card,8,112.28,18.18,130.46
1282,0002-00002968,2,,98,2024-01-25T10:52:00,card,1,8.25,1.73,9.98
1283,0001-00002704,1,149,72,2024-01-25T12:16:00,card,1,9.13,0.37,9.50
1284,0002-00001460,2,,98,2024-01-25T14:05:00,card,3,9.31,1.15,10.46
1285,0008-00001986,8,,65,2024-01-25T19:02:00,card,3,22.82,1.19,24.01
1286,0008-00000949,8,594,103,2024-01-26T11:20:00,card,1,8.26,1.73,9.99
1287,0001-00001443,1,517,72,2024-01-26T13:52:00,card,5,25.02,4.27,29.29
1288,0003-00000965,3,424,9,2024-01-26T18:47:00,cash,1,13.64,2.86,16.50
1289,0004-00002876,4,728,91,2024-01-27T09:35:00,card,1,5.78,1.21,6.99
1290,0001-00002252,1,,72,2024-01-27T18:29:00,card,3,14.53,2.44,16.97
1291,0003-00001425,3,,9,2024-01-27T18:46:00,mobile,2,17.86,2.11,19.97
1292,0006-00002492,6,597,71,2024-01-28T10:15:00,cash,2,4.54,0.45,4.99
1293,0007-00000289,7,,18,2024-01-28T11:47:00,card,1,10.57,0.42,10.99
1294,0001-00000419,1,,72,2024-01-28T19:51:00,cash,3,47.37,9.54,56.91
1295,0005-00002400,5,,16,2024-01-29T12:24:00,card,3,20.00,1.99,21.99
1296,0003-00000690,3,553,9,2024-01-29T12:44:00,card,1,7.44,1.56,9.00
1297,0002-00000530,2,244,98,2024-01-29T18:17:00,card,1,9.98,2.10,12.08
1298,0006-00002741,6,247,62,2024-01-31T11:13:00,mobile,4,21.28,2.90,24.18
1299,0004-00002685,4,846,69,2024-01-31T21:20:00,card,3,18.74,3.63,22.37
1300,0008-00000625,8,,65,2024-02-01T09:48:00,card,8,67.22,11.54,78.76
1301,0007-00000714,7,382,33,2024-02-01T10:09:00,mobile,2,11.11,1.38,12.49
1302,0007-00002646,7,,18,2024-02-01T11:36:00,cash,2,47.85,9.70,57.55
1303,0005-00001835,5,,99,2024-02-01T11:51:00,card,2,18.36,0.94,19.30
1304,0006-00002795,6,,76,2024-02-01T19:33:00,card,3,6.29,1.13,7.42
1305,0006-00000080,6,,95,2024-02-01T21:43:00,card,4,46.95,6.70,53.65
1306,0005-00002598,5,,99,2024-02-02T12:15:00,card,3,13.68,1.42,15.10
1307,0005-00002198,5,,89,2024-02-02T16:29:00,card,2,14.43,3.04,17.47
1308,0007-00001714,7,535,33,2024-02-03T10:10:00,card,2,5.77,1.21,6.98
1309,0006-00000880,6,,23,2024-02-03T11:06:00,card,1,4.95,1.04,5.99
1310,0002-00002865,2,,42,2024-02-03T13:18:00,cash,1,4.94,1.04,5.98
1311,0005-00000781,5,620,89,2024-02-03T19:22:00,cash,1,13.64,2.86,16.50
1312,0002-00001075,2,,42,2024-02-03T19:27:00,card,4,34.89,7.34,42.23
1313,0006-00001311,6,,23,2024-02-03T19:31:00,card,2,25.66,1.03,26.69
1314,0001-00000438,1,,72,2024-02-03T20:02:00,card,1,2.68,0.27,2.95
1315,0004-00001316,4,863,91,2024-02-04T11:19:00,card,3,18.15,3.81,21.96
1316,0006-00001913,6,128,95,2024-02-04T12:01:00,card,5,27.01,3.39,30.40
1317,0008-00000155,8,,61,2024-02-05T20:40:00,card,4,17.26,2.21,19.47
1318,0004-00001744,4,226,91,2024-02-05T21:47:00,cash,15,105.78,8.78,114.56
1319,0002-00001162,2,28,85,2024-02-06T17:15:00,card,1,2.07,0.43,2.50
1320,0002-00000757,2,,42,2024-02-06T18:31:00,card,2,21.45,4.51,25.96
1321,0003-00002068,3,,9,2024-02-07T11:42:00,card,1,3.30,0.69,3.99
1322,0005-00002133,5,,99,2024-02-07T13:08:00,card,4,33.97,4.92,38.89
1323,0005-00001364,5,518,31,2024-02-07T14:12:00,cash,3,23.90,4.39,28.29
1324,0006-00002523,6,,95,2024-02-07T18:44:00,card,1,2.84,0.11,2.95
1325,0005-00002229,5,,89,2024-02-08T10:46:00,card,1,2.26,0.23,2.49
1326,0004-00002815,4,365,69,2024-02-08T10:56:00,voucher,2,5.18,0.52,5.70
1327,0007-00000680,7,,73,2024-02-08T13:13:00,card,3,15.65,2.52,18.17
1328,0001-00002830,1,403,72,2024-02-08T14:21:00,cash,11,118.83,15.14,133.97
1329,0005-00002308,5,496,89,2024-02-09T13:10:00,card,1,1.87,0.08,1.95
1330,0002-00000104,2,,5,2024-02-09T18:52:00,card,4,17.35,2.58,19.93
1331,0007-00000484,7,467,55,2024-02-10T10:28:00,cash,1,4.95,1.04,5.99
1332,0007-00000797,7,49,10,2024-02-10T10:44:00,card,1,29.59,6.21,35.80
1333,0008-00001309,8,802,21,2024-02-10T11:37:00,card,2,9.89,2.08,11.97
1334,0001-00002283,1,898,72,2024-02-10T13:22:00,card,2,16.18,1.28,17.46
1335,0007-00002140,7,,18,2024-02-10T14:51:00,cash,1,8.65,0.35,9.00
1336,0005-00002101,5,,8,2024-02-10T17:09:00,cash,3,28.17,3.81,31.98
1337,0001-00000364,1,,72,2024-02-10T19:18:00,card,8,93.33,15.75,109.08
1338,0004-00000231,4,,91,2024-02-10T20:03:00,mobile,1,1.29,0.27,1.56
1339,0001-00001276,1,820,72,2024-02-11T12:11:00,cash,5,16.73,2.13,18.86
1340,0007-00002439,7,,33,2024-02-11T13:10:00,cash,3,24.81,4.02,28.83
1341,0001-00002592,1,77,72,2024-02-11T20:12:00,card,3,14.89,2.03,16.92
1342,0001-00001888,1,,72,2024-02-12T10:05:00,mobile,5,48.30,2.95,51.25
1343,0003-00002340,3,350,9,2024-02-12T12:28:00,cash,6,29.17,3.35,32.52
1344,0003-00000285,3,,9,2024-02-13T11:17:00,card,13,57.34,7.97,65.31
1345,0006-00000368,6,,23,2024-02-13T12:27:00,card,1,7.43,1.56,8.99
1346,0001-00002914,1,,72,2024-02-13T14:38:00,cash,3,24.92,3.96,28.88
1347,0005-00000491,5,,99,2024-02-13T16:55:00,mobile,1,7.42,1.56,8.98
1348,0005-00001031,5,660,89,2024-02-14T10:38:00,card,1,2.46,0.52,2.98
1349,0002-00002312,2,,77,2024-02-14T18:30:00,card,1,3.51,0.74,4.25
1350,0005-00001844,5,,89,2024-02-15T09:14:00,cash,1,13.45,0.54,13.99
1351,0003-00000533,3,,9,2024-02-15T10:53:00,card,4,33.06,6.07,39.13
1352,0008-00000442,8,,103,2024-02-16T12:48:00,card,6,23.30,4.09,27.39
1353,0008-00001482,8,,84,2024-02-16T14:44:00,card,3,13.80,1.09,14.89
1354,0008-00000859,8,,65,2024-02-16T19:17:00,cash,6,28.08,3.74,31.82
1355,0007-00002202,7,,18,2024-02-17T10:37:00,card,5,21.63,2.65,24.28
1356,0004-00002313,4,40,69,2024-02-17T10:59:00,voucher,1,3.30,0.69,3.99
1357,0008-00001671,8,,29,2024-02-17T12:26:00,card,2,5.19,0.79,5.98
1358,0008-00000270,8,,65,2024-02-17T13:25:00,cash,1,2.64,0.11,2.75
1359,0005-00000689,5,,31,2024-02-17T13:28:00,card,5,33.83,6.83,40.66
1360,0007-00001738,7,,109,2024-02-17T16:19:00,card,1,25.42,1.02,26.44
1361,0008-00001002,8,,29,2024-02-17T17:41:00,card,5,94.04,19.04,113.08
1362,0006-00002297,6,447,95,2024-02-17T19:33:00,cash,1,5.19,1.09,6.28
1363,0004-00002628,4,491,69,2024-02-18T11:36:00,card,1,6.60,1.38,7.98
1364,0001-00000853,1,251,72,2024-02-18T16:55:00,card,5,30.39,5.42,35.81
1365,0002-00000843,2,,5,2024-02-18T19:19:00,card,1,3.30,0.69,3.99
1366,0005-00001658,5,255,31,2024-02-18T19:25:00,cash,1,2.84,0.11,2.95
1367,0005-00001471,5,,16,2024-02-18T21:06:00,card,1,5.44,0.54,5.98
1368,0007-00000733,7,544,73,2024-02-19T17:50:00,cash,5,33.42,6.37,39.79
1369,0002-00001751,2,,98,2024-02-19T19:14:00,voucher,7,104.51,20.54,125.05
1370,0004-00001143,4,,69,2024-02-20T19:17:00,cash,1,2.72,0.27,2.99
1371,0004-00001931,4,,91,2024-02-21T11:11:00,card,1,6.60,1.38,7.98
1372,0005-00000008,5,90,99,2024-02-21T12:31:00,cash,3,25.11,4.29,29.40
1373,0006-00001072,6,,71,2024-02-21T13:40:00,card,1,5.97,1.25,7.22
1374,0008-00000097,8,,29,2024-02-21T15:49:00,card,3,17.03,2.27,19.30
1375,0004-00001841,4,200,69,2024-02-21T20:35:00,voucher,4,15.34,2.62,17.96
1376,0005-00001462,5,,89,2024-02-21T20:52:00,card,1,3.94,0.16,4.10
1377,0005-00002001,5,,16,2024-02-22T12:05:00,card,2,23.03,2.82,25.85
1378,0002-00000640,2,673,85,2024-02-22T13:09:00,mobile,1,1.81,0.18,1.99
1379,0007-00002852,7,,30,2024-02-22T15:22:00,card,4,12.77,2.42,15.19
1380,0008-00001624,8,24,65,2024-02-22T19:47:00,card,4,18.41,3.47,21.88
1381,0005-00001494,5,,16,2024-02-23T12:45:00,card,5,26.41,5.28,31.69
1382,0001-00002720,1,602,72,2024-02-23T13:40:00,cash,5,21.19,3.22,24.41
1383,0006-00001862,6,423,76,2024-02-23T13:58:00,card,1,2.06,0.43,2.49
1384,0001-00000233,1,,72,2024-02-23T18:53:00,cash,2,5.49,0.44,5.93
1385,0001-00002983,1,180,72,2024-02-24T10:33:00,mobile,8,66.27,7.94,74.21
1386,0008-00000061,8,,65,2024-02-24T11:23:00,cash,1,1.81,0.18,1.99
1387,0008-00000802,8,,94,2024-02-24T16:17:00,card,3,43.90,5.79,49.69
1388,0007-00001847,7,,109,2024-02-24T17:30:00,card,3,13.85,1.84,15.69
1389,0005-00002176,5,300,16,2024-02-24T17:31:00,mobile,3,9.06,1.43,10.49
1390,0002-00000509,2,284,85,2024-02-24T19:29:00,card,1,4.13,0.87,5.00
1391,0007-00000600,7,41,33,2024-02-26T17:07:00,card,6,73.34,15.42,88.76
1392,0004-00002545,4,,91,2024-02-26T19:50:00,cash,7,42.82,6.15,48.97
1393,0004-00001047,4,387,69,2024-02-26T19:56:00,card,1,2.28,0.48,2.76
1394,0007-00000215,7,,10,2024-02-27T10:13:00,card,3,18.14,3.81,21.95
1395,0008-00001438,8,103,94,2024-02-27T17:29:00,card,3,39.33,2.21,41.54
1396,0001-00000399,1,800,72,2024-02-27T20:43:00,card,11,69.46,7.93,77.39
1397,0001-00002984,1,253,72,2024-02-28T11:27:00,card,1,2.73,0.27,3.00
1398,0004-00001529,4,736,91,2024-02-28T11:45:00,card,2,7.67,1.31,8.98
1399,0005-00002275,5,790,89,2024-02-28T12:37:00,card,5,42.12,5.45,47.57
1400,0005-00002992,5,283,8,2024-02-28T17:10:00,card,2,17.35,3.64,20.99
1401,0008-00000478,8,424,29,2024-02-28T18:25:00,card,3,56.07,9.65,65.72
1402,0003-00002832,3,,9,2024-02-28T19:17:00,card,1,1.36,0.14,1.50
1403,0002-00002097,2,,98,2024-02-29T10:23:00,cash,1,9.88,2.08,11.96
1404,0003-00001144,3,,9,2024-02-29T12:56:00,cash,1,1.81,0.18,1.99
1405,0007-00001165,7,,109,2024-02-29T17:56:00,mobile,3,23.89,4.57,28.46
1406,0001-00001329,1,279,72,2024-02-29T18:09:00,card,4,18.11,2.06,20.17
1407,0002-00002427,2,87,42,2024-03-01T12:46:00,card,5,49.99,9.45,59.44
1408,0002-00000699,2,885,77,2024-03-01T18:10:00,cash,8,43.96,7.50,51.46
1409,0002-00001551,2,,98,2024-03-01T19:01:00,card,4,11.00,1.46,12.46
1410,0005-00000607,5,757,16,2024-03-01T20:38:00,cash,1,4.92,1.03,5.95
1411,0001-00001635,1,,72,2024-03-02T11:44:00,card,3,33.05,6.03,39.08
1412,0007-00001567,7,,10,2024-03-02T14:06:00,card,1,4.09,0.86,4.95
1413,0004-00002777,4,,91,2024-03-02T16:36:00,cash,2,5.99,0.96,6.95
1414,0002-00002763,2,203,98,2024-03-02T20:56:00,card,4,33.43,6.03,39.46
1415,0003-00002113,3,,9,2024-03-03T10:06:00,card,1,13.14,2.76,15.90
1416,0004-00000186,4,252,69,2024-03-04T15:35:00,card,3,28.50,5.98,34.48
1417,0002-00002588,2,443,42,2024-03-04T17:50:00,card,2,25.11,1.85,26.96
1418,0002-00001780,2,,77,2024-03-04T17:58:00,cash,2,16.22,1.13,17.35
1419,0007-00002034,7,500,18,2024-03-04T18:10:00,card,3,25.26,3.45,28.71
1420,0003-00000968,3,362,9,2024-03-05T10:40:00,cash,6,31.84,4.90,36.74
1421,0003-00000951,3,633,9,2024-03-05T15:17:00,card,4,29.34,4.57,33.91
1422,0008-00002910,8,,28,2024-03-05T20:26:00,card,1,1.91,0.08,1.99
1423,0001-00001417,1,116,72,2024-03-06T10:18:00,cash,2,18.03,3.44,21.47
1424,0003-00000898,3,,9,2024-03-06T11:43:00,card,2,11.67,2.26,13.93
1425,0006-00000664,6,,95,2024-03-06T12:40:00,card,1,1.81,0.18,1.99
1426,0006-00002624,6,693,23,2024-03-06T19:25:00,cash,3,20.56,2.37,22.93
1427,0008-00002169,8,517,103,2024-03-06T19:31:00,card,1,10.09,0.40,10.49
1428,0001-00000972,1,439,72,2024-03-07T11:11:00,card,1,4.02,0.40,4.42
1429,0002-00001669,2,848,85,2024-03-07T13:00:00,card,1,9.55,0.95,10.50
1430,0007-00001681,7,,73,2024-03-07T18:30:00,card,2,18.16,3.82,21.98
1431,0004-00000740,4,,69,2024-03-07T18:45:00,card,2,13.84,2.15,15.99
1432,0001-00001147,1,,72,2024-03-07T19:20:00,card,1,5.17,1.08,6.25
1433,0005-00000052,5,,99,2024-03-07T19:52:00,cash,2,5.17,1.08,6.25
1434,0004-00001085,4,,69,2024-03-08T13:12:00,card,3,15.13,2.21,17.34
1435,0007-00000161,7,,30,2024-03-08T14:21:00,card,1,3.51,0.74,4.25
1436,0001-00001299,1,,72,2024-03-08T17:12:00,card,3,8.60,1.33,9.93
1437,0003-00002907,3,112,9,2024-03-08T19:42:00,card,5,61.42,3.24,64.66
1438,0004-00000584,4,834,69,2024-03-08T19:45:00,cash,4,14.36,1.55,15.91
1439,0007-00001135,7,658,18,2024-03-09T14:53:00,card,1,11.15,2.34,13.49
1440,0007-00002064,7,880,33,2024-03-09T17:18:00,cash,2,4.63,0.35,4.98
1441,0002-00000764,2,,98,2024-03-09T18:41:00,card,10,94.56,16.60,111.16
1442,0001-00002966,1,140,72,2024-03-09T19:03:00,mobile,1,3.62,0.36,3.98
1443,0004-00000710,4,476,69,2024-03-09T19:36:00,cash,1,4.13,0.87,5.00
1444,0001-00001996,1,,72,2024-03-10T14:27:00,cash,3,53.22,4.52,57.74
1445,0008-00000042,8,,94,2024-03-10T17:46:00,card,2,14.19,2.01,16.20
1446,0005-00000434,5,95,31,2024-03-10T19:06:00,card,4,16.92,3.27,20.19
1447,0002-00002629,2,,85,2024-03-11T10:26:00,cash,1,6.82,0.68,7.50
1448,0003-00001442,3,,9,2024-03-11T13:07:00,card,1,5.67,0.23,5.90
1449,0002-00001680,2,247,98,2024-03-11T16:37:00,voucher,3,7.96,1.02,8.98
1450,0002-00000744,2,784,77,2024-03-11T19:30:00,mobile,2,19.01,0.97,19.98
1451,0005-00001580,5,472,31,2024-03-12T10:20:00,cash,6,60.34,8.49,68.83
1452,0004-00002333,4,,69,2024-03-12T19:22:00,cash,1,2.06,0.43,2.49
1453,0006-00001066,6,186,76,2024-03-13T13:35:00,card,8,47.56,6.41,53.97
1454,0007-00001737,7,291,10,2024-03-13T16:12:00,card,1,0.92,0.09,1.01
1455,0002-00002651,2,45,98,2024-03-13T17:19:00,card,1,1.81,0.18,1.99
1456,0002-00002537,2,,5,2024-03-15T15:04:00,card,1,4.09,0.86,4.95
1457,0007-00000737,7,,109,2024-03-15T16:21:00,cash,8,61.23,11.70,72.93
1458,0004-00002766,4,,69,2024-03-15T20:34:00,cash,1,19.06,1.91,20.97
1459,0005-00002920,5,98,89,2024-03-16T10:25:00,card,5,44.98,3.36,48.34
1460,0005-00002022,5,,89,2024-03-16T10:38:00,card,2,7.27,0.48,7.75
1461,0002-00000790,2,396,98,2024-03-16T11:54:00,card,2,27.24,3.01,30.25
1462,0006-00001318,6,,76,2024-03-16T13:57:00,card,2,12.18,0.98,13.16
1463,0008-00002509,8,,61,2024-03-16T17:16:00,cash,1,11.44,0.46,11.90
1464,0008-00002615,8,,29,2024-03-16T20:36:00,card,6,41.90,5.77,47.67
1465,0005-00000506,5,,31,2024-03-17T13:11:00,card,7,32.53,6.33,38.86
1466,0006-00001983,6,,95,2024-03-17T14:25:00,card,2,14.96,1.95,16.91
1467,0007-00001317,7,,18,2024-03-17T14:50:00,card,1,6.60,1.38,7.98
1468,0003-00000559,3,,9,2024-03-17T16:22:00,card,2,5.57,0.56,6.13
1469,0005-00000980,5,,99,2024-03-17T19:53:00,cash,4,18.76,3.42,22.18
1470,0004-00000573,4,664,91,2024-03-17T20:05:00,card,1,0.82,0.17,0.99
1471,0008-00000260,8,,28,2024-03-18T09:38:00,card,5,32.23,4.52,36.75
1472,0004-00002465,4,,69,2024-03-19T15:49:00,cash,10,34.18,2.63,36.81
1473,0003-00001263,3,,9,2024-03-19T19:17:00,card,2,5.48,1.00,6.48
1474,0005-00002854,5,,8,2024-03-20T17:47:00,cash,2,8.24,1.73,9.97
1475,0006-00000937,6,,71,2024-03-21T14:50:00,card,1,1.23,0.26,1.49
1476,0006-00001885,6,454,76,2024-03-21T15:09:00,mobile,1,30.00,1.20,31.20
1477,0003-00002290,3,238,9,2024-03-21T16:20:00,card,3,13.31,1.66,14.97
1478,0007-00001019,7,899,109,2024-03-21T17:17:00,voucher,1,3.71,0.78,4.49
1479,0002-00001347,2,,85,2024-03-21T19:50:00,voucher,3,10.05,1.53,11.58
1480,0007-00000983,7,521,73,2024-03-22T11:14:00,card,1,1.91,0.08,1.99
1481,0004-00001730,4,,91,2024-03-22T14:26:00,card,2,14.54,1.46,16.00
1482,0004-00000422,4,,69,2024-03-22T17:48:00,mobile,5,24.84,4.77,29.61
1483,0005-00001838,5,209,8,2024-03-22T18:33:00,card,6,17.34,2.61,19.95
1484,0001-00001435,1,55,72,2024-03-23T10:23:00,card,1,2.44,0.51,2.95
1485,0006-00002175,6,,62,2024-03-23T11:40:00,card,2,17.81,2.68,20.49
1486,0003-00001421,3,,9,2024-03-23T12:25:00,card,1,6.19,1.30,7.49
1487,0002-00002677,2,387,5,2024-03-23T14:55:00,mobile,1,9.15,1.92,11.07
1488,0003-00001698,3,,9,2024-03-23T17:03:00,card,3,6.34,1.13,7.47
1489,0004-00000930,4,56,91,2024-03-23T18:20:00,cash,6,15.21,1.76,16.97
1490,0003-00001034,3,69,9,2024-03-23T19:20:00,card,2,3.37,0.61,3.98
1491,0007-00002630,7,,73,2024-03-23T20:41:00,card,1,3.30,0.69,3.99
1492,0006-00001916,6,,71,2024-03-24T12:24:00,card,2,13.51,1.36,14.87
1493,0003-00002690,3,,9,2024-03-24T14:19:00,cash,1,3.31,0.69,4.00
1494,0006-00001067,6,800,95,2024-03-24T20:11:00,card,9,42.27,7.01,49.28
1495,0007-00000196,7,,109,2024-03-24T20:38:00,cash,3,27.69,2.76,30.45
1496,0001-00000771,1,663,72,2024-03-25T19:18:00,card,6,66.80,13.53,80.33
1497,0006-00002447,6,833,71,2024-03-26T12:57:00,card,10,43.57,8.24,51.81
1498,0007-00002833,7,,18,2024-03-27T16:41:00,card,1,4.75,0.19,4.94
1499,0005-00001987,5,,31,2024-03-27T20:39:00,voucher,2,9.22,1.74,10.96
1500,0008-00002237,8,,21,2024-03-28T10:49:00,voucher,11,54.74,7.05,61.79
1501,0005-00001801,5,,8,2024-03-28T13:38:00,card,5,22.21,3.06,25.27
1502,0004-00000504,4,591,69,2024-03-28T19:26:00,cash,1,2.72,0.27,2.99
1503,0006-00002256,6,312,95,2024-03-28T19:36:00,card,3,28.35,5.55,33.90
1504,0007-00002016,7,596,18,2024-03-28T19:46:00,card,4,13.63,2.61,16.24
1505,0001-00000613,1,266,72,2024-03-29T10:11:00,cash,1,6.60,1.38,7.98
1506,0006-00002942,6,362,76,2024-03-29T12:58:00,card,1,1.64,0.35,1.99
1507,0005-00002322,5,410,89,2024-03-29T14:08:00,card,2,6.09,0.38,6.47
1508,0008-00001825,8,,29,2024-03-29T14:14:00,card,2,7.82,1.16,8.98
1509,0006-00000197,6,,76,2024-03-29T17:59:00,card,1,3.93,0.82,4.75
1510,0004-00001490,4,,69,2024-03-29T20:36:00,card,10,48.12,5.10,53.22
1511,0001-00001566,1,,72,2024-03-29T21:51:00,card,1,1.81,0.18,1.99
1512,0008-00001132,8,,65,2024-03-30T13:19:00,card,1,1.36,0.14,1.50
1513,0006-00002249,6,,71,2024-03-30T21:13:00,card,1,2.27,0.23,2.50
1514,0001-00002810,1,,72,2024-03-31T10:39:00,card,1,5.58,1.17,6.75
1515,0001-00001127,1,,72,2024-03-31T11:16:00,card,2,10.98,1.99,12.97
1516,0001-00001416,1,,72,2024-03-31T13:39:00,card,1,1.81,0.18,1.99
1517,0002-00002153,2,,85,2024-03-31T14:32:00,card,4,29.76,3.33,33.09
1518,0001-00002026,1,,72,2024-04-01T12:27:00,cash,1,2.87,0.12,2.99
1519,0001-00000157,1,,72,2024-04-01T19:14:00,card,5,20.12,3.12,23.24
1520,0005-00002539,5,,31,2024-04-02T11:34:00,card,1,3.62,0.36,3.98
1521,0008-00000327,8,877,28,2024-04-02T19:55:00,cash,10,52.51,9.76,62.27
1522,0006-00001343,6,,23,2024-04-03T09:10:00,card,4,124.27,26.09,150.36
1523,0007-00001202,7,,18,2024-04-03T12:33:00,card,2,12.80,2.69,15.49
1524,0002-00002725,2,146,98,2024-04-03T16:35:00,card,3,18.55,3.90,22.45
1525,0006-00002934,6,387,23,2024-04-04T17:01:00,card,3,50.13,8.25,58.38
1526,0006-00001236,6,370,62,2024-04-04T20:29:00,card,2,4.90,1.03,5.93
1527,0003-00000692,3,557,9,2024-04-05T12:17:00,card,1,7.40,1.55,8.95
1528,0004-00001354,4,,69,2024-04-05T12:42:00,cash,2,6.40,1.05,7.45
1529,0001-00002894,1,,72,2024-04-05T13:05:00,card,8,54.22,6.49,60.71
1530,0004-00001629,4,10,69,2024-04-05T13:41:00,mobile,1,4.13,0.87,5.00
1531,0001-00000329,1,,72,2024-04-05T20:11:00,cash,11,62.42,8.78,71.20
1532,0002-00000457,2,617,98,2024-04-05T20:35:00,card,1,2.47,0.52,2.99
1533,0001-00000924,1,787,72,2024-04-06T10:30:00,cash,1,2.72,0.27,2.99
1534,0006-00001632,6,,23,2024-04-06T11:38:00,card,2,38.44,2.93,41.37
1535,0002-00001675,2,847,42,2024-04-06T11:43:00,card,1,6.64,1.39,8.03
1536,0004-00002076,4,,69,2024-04-06T16:10:00,card,1,1.64,0.35,1.99
1537,0003-00000910,3,318,9,2024-04-06T17:36:00,card,2,4.27,0.18,4.45
1538,0002-00002248,2,55,85,2024-04-06T18:15:00,cash,3,17.96,3.71,21.67
1539,0001-00002464,1,210,72,2024-04-07T17:07:00,card,5,20.72,2.89,23.61
1540,0006-00001893,6,,95,2024-04-07T18:59:00,cash,1,8.26,1.73,9.99
1541,0008-00000087,8,,29,2024-04-09T16:29:00,card,2,3.77,0.16,3.93
1542,0008-00001014,8,,47,2024-04-09T18:50:00,cash,1,2.89,0.61,3.50
1543,0007-00001055,7,266,33,2024-04-10T11:31:00,cash,1,3.72,0.78,4.50
1544,0003-00002561,3,,9,2024-04-10T12:03:00,cash,3,23.54,3.08,26.62
1545,0007-00002200,7,,55,2024-04-10T20:53:00,card,1,1.15,0.12,1.27
1546,0002-00000038,2,,85,2024-04-11T09:06:00,card,4,19.86,3.07,22.93
1547,0006-00001030,6,,76,2024-04-11T10:37:00,card,4,16.96,2.50,19.46
1548,0007-00000245,7,,30,2024-04-11T12:46:00,card,2,4.62,0.82,5.44
1549,0001-00001334,1,,72,2024-04-11T15:57:00,card,2,5.20,0.77,5.97
1550,0004-00002662,4,,91,2024-04-11T20:17:00,card,1,6.60,1.38,7.98
1551,0001-00000151,1,290,72,2024-04-11T21:08:00,card,1,3.75,0.15,3.90
1552,0002-00000377,2,,77,2024-04-12T09:00:00,card,1,4.05,0.16,4.21
1553,0002-00000356,2,,42,2024-04-12T11:28:00,card,2,18.60,1.86,20.46
1554,0006-00002693,6,545,71,2024-04-12T16:28:00,mobile,4,18.26,3.34,21.60
1555,0007-00000799,7,,18,2024-04-13T19:30:00,mobile,2,5.08,0.80,5.88
1556,0008-00001803,8,659,65,2024-04-13T20:02:00,mobile,1,3.26,0.69,3.95
1557,0003-00001426,3,,9,2024-04-13T20:28:00,card,5,32.00,4.93,36.93
1558,0004-00002571,4,,91,2024-04-14T09:31:00,cash,4,42.23,7.44,49.67
1559,0006-00002645,6,,76,2024-04-14T10:05:00,mobile,1,1.23,0.26,1.49
1560,0001-00000282,1,,72,2024-04-14T13:02:00,card,2,6.57,1.39,7.96
1561,0002-00001063,2,,85,2024-04-14T14:20:00,card,3,14.19,0.67,14.86
1562,0005-00002768,5,679,31,2024-04-15T17:03:00,mobile,2,9.84,0.60,10.44
1563,0003-00002467,3,703,9,2024-04-15T18:02:00,voucher,2,20.82,4.07,24.89
1564,0004-00002243,4,,69,2024-04-16T09:19:00,card,1,20.25,4.25,24.50
1565,0005-00001794,5,681,99,2024-04-16T11:29:00,card,1,5.77,1.21,6.98
1566,0008-00000855,8,,21,2024-04-16T14:51:00,card,6,49.02,6.01,55.03
1567,0008-00002035,8,207,29,2024-04-16T14:58:00,mobile,1,5.44,0.54,5.98
1568,0002-00001891,2,,77,2024-04-16T18:32:00,mobile,2,6.56,1.38,7.94
1569,0003-00001262,3,,9,2024-04-17T15:37:00,cash,1,3.37,0.13,3.50
1570,0006-00001778,6,449,71,2024-04-18T13:07:00,mobile,1,3.30,0.69,3.99
1571,0006-00000125,6,,23,2024-04-18T17:02:00,cash,1,4.94,1.04,5.98
1572,0007-00002527,7,104,55,2024-04-18T19:01:00,card,1,4.77,0.48,5.25
1573,0004-00002024,4,,69,2024-04-18T19:40:00,card,10,46.76,5.31,52.07
1574,0001-00000417,1,,72,2024-04-19T10:37:00,card,1,0.97,0.10,1.07
1575,0002-00002144,2,,98,2024-04-19T11:20:00,cash,4,49.72,7.74,57.46
1576,0001-00001771,1,380,72,2024-04-19T16:58:00,card,7,45.45,7.45,52.90
1577,0002-00002667,2,,85,2024-04-20T17:29:00,card,7,44.64,4.99,49.63
1578,0004-00000032,4,,69,2024-04-20T20:07:00,card,15,87.62,11.01,98.63
1579,0007-00001846,7,347,10,2024-04-21T09:57:00,cash,1,2.47,0.52,2.99
1580,0006-00002918,6,,62,2024-04-21T14:25:00,card,6,45.96,8.35,54.31
1581,0003-00000006,3,,9,2024-04-22T10:27:00,cash,1,2.60,0.54,3.14
1582,0003-00001686,3,,9,2024-04-22T12:53:00,card,6,45.25,7.77,53.02
1583,0004-00001371,4,126,91,2024-04-22T13:03:00,cash,4,26.61,5.29,31.90
1584,0008-00000992,8,,21,2024-04-22T20:53:00,card,3,12.95,1.45,14.40
1585,0001-00001150,1,,72,2024-04-23T12:44:00,mobile,4,39.96,2.70,42.66
1586,0004-00001044,4,317,91,2024-04-23T12:57:00,card,2,19.82,4.16,23.98
1587,0002-00001406,2,566,5,2024-04-23T13:09:00,card,3,10.21,1.29,11.50
1588,0001-00001943,1,390,72,2024-04-23T13:42:00,card,1,3.62,0.36,3.98
1589,0007-00000117,7,358,18,2024-04-24T12:30:00,card,3,9.61,1.82,11.43
1590,0007-00002501,7,34,73,2024-04-24T12:43:00,card,2,11.06,1.64,12.70
1591,0004-00000306,4,412,69,2024-04-24T15:46:00,card,2,25.05,1.84,26.89
1592,0006-00000656,6,,23,2024-04-24T18:24:00,cash,1,1.81,0.18,1.99
1593,0002-00002827,2,,77,2024-04-25T10:51:00,cash,1,10.62,0.42,11.04
1594,0007-00001268,7,240,109,2024-04-25T11:15:00,card,1,5.43,0.54,5.97
1595,0001-00002013,1,,72,2024-04-25T14:27:00,card,7,50.93,8.65,59.58
1596,0001-00000712,1,,72,2024-04-25T20:37:00,card,3,14.04,2.95,16.99
1597,0004-00001694,4,,69,2024-04-25T20:58:00,cash,3,15.06,2.92,17.98
1598,0003-00001696,3,,9,2024-04-26T09:37:00,card,1,0.90,0.09,0.99
1599,0005-00001231,5,,8,2024-04-26T11:19:00,card,1,12.27,1.23,13.50
1600,0005-00000672,5,,31,2024-04-26T12:36:00,card,11,73.13,10.92,84.05
1601,0007-00000786,7,324,55,2024-04-26T13:02:00,card,3,22.41,4.71,27.12
1602,0007-00001379,7,,33,2024-04-26T13:03:00,card,7,45.28,9.03,54.31
1603,0006-00001843,6,,95,2024-04-26T17:25:00,card,3,28.93,1.16,30.09
1604,0002-00002524,2,,98,2024-04-27T10:12:00,mobile,2,15.64,1.57,17.21
1605,0001-00000969,1,,72,2024-04-27T11:39:00,cash,1,2.87,0.12,2.99
1606,0003-00001608,3,241,9,2024-04-27T13:26:00,mobile,1,2.68,0.27,2.95
1607,0004-00001451,4,619,91,2024-04-27T18:32:00,card,1,4.95,1.04,5.99
1608,0001-00000536,1,655,72,2024-04-28T17:37:00,card,1,1.64,0.35,1.99
1609,0001-00001118,1,785,72,2024-04-28T18:30:00,card,1,32.60,1.30,33.90
1610,0006-00000984,6,496,23,2024-04-28T20:26:00,card,1,10.56,0.42,10.98
1611,0006-00002268,6,519,62,2024-04-30T12:28:00,cash,3,43.06,8.67,51.73
1612,0008-00001829,8,,65,2024-04-30T13:48:00,card,3,11.42,1.55,12.97
1613,0006-00000694,6,782,95,2024-04-30T20:51:00,card,1,5.44,0.54,5.98
1614,0003-00001552,3,751,9,2024-05-01T09:04:00,mobile,1,5.75,0.23,5.98
1615,0008-00000292,8,624,28,2024-05-01T10:23:00,cash,1,4.13,0.87,5.00
1616,0003-00001828,3,,9,2024-05-01T11:23:00,card,1,7.43,1.56,8.99
1617,0004-00001673,4,,69,2024-05-01T12:15:00,cash,1,3.26,0.69,3.95
1618,0008-00002473,8,897,61,2024-05-02T11:34:00,card,7,54.24,3.75,57.99
1619,0003-00002644,3,,9,2024-05-02T14:03:00,card,1,10.12,2.13,12.25
1620,0006-00001718,6,191,62,2024-05-02T16:57:00,card,21,168.34,30.79,199.13
1621,0008-00001719,8,,94,2024-05-02T20:37:00,card,2,57.43,12.05,69.48
1622,0001-00000122,1,497,72,2024-05-03T10:55:00,card,1,2.26,0.23,2.49
1623,0005-00001184,5,777,99,2024-05-03T19:03:00,cash,1,4.54,0.95,5.49
1624,0001-00001210,1,263,72,2024-05-04T11:01:00,card,3,15.24,2.60,17.84
1625,0004-00000549,4,,69,2024-05-04T11:05:00,card,2,8.99,0.47,9.46
1626,0005-00000351,5,685,99,2024-05-04T13:41:00,card,5,22.09,2.50,24.59
1627,0001-00002770,1,482,72,2024-05-04T19:10:00,card,9,55.34,6.77,62.11
1628,0008-00000823,8,,28,2024-05-06T12:15:00,card,1,2.87,0.12,2.99
1629,0007-00002362,7,497,18,2024-05-06T13:57:00,cash,5,13.76,1.15,14.91
1630,0007-00002279,7,,109,2024-05-06T17:48:00,card,1,14.79,3.11,17.90
1631,0008-00001571,8,,21,2024-05-06T20:11:00,card,7,36.10,6.37,42.47
1632,0005-00002032,5,606,99,2024-05-08T15:41:00,cash,2,21.02,4.27,25.29
1633,0008-00000748,8,,103,2024-05-08T20:37:00,mobile,3,15.83,1.97,17.80
1634,0007-00002129,7,266,109,2024-05-09T10:19:00,voucher,1,15.11,0.60,15.71
1635,0004-00002047,4,594,91,2024-05-09T13:26:00,card,3,20.09,1.84,21.93
1636,0005-00001037,5,338,31,2024-05-09T16:05:00,card,1,5.78,1.21,6.99
1637,0008-00002528,8,,21,2024-05-10T11:15:00,mobile,2,13.84,2.61,16.45
1638,0007-00000770,7,,33,2024-05-10T12:00:00,cash,3,15.43,3.04,18.47
1639,0007-00002760,7,333,33,2024-05-10T15:03:00,card,6,76.95,14.30,91.25
1640,0002-00001875,2,,85,2024-05-10T17:16:00,card,2,11.34,0.90,12.24
1641,0002-00001199,2,,42,2024-05-10T17:24:00,cash,1,3.71,0.78,4.49
1642,0003-00002565,3,,9,2024-05-11T10:10:00,mobile,2,10.84,1.63,12.47
1643,0001-00001429,1,,72,2024-05-11T10:33:00,card,6,31.42,5.90,37.32
1644,0006-00001711,6,,23,2024-05-11T11:58:00,card,4,60.56,6.39,66.95
1645,0007-00000464,7,342,33,2024-05-11T19:00:00,card,1,2.72,0.27,2.99
1646,0005-00002648,5,74,8,2024-05-11T21:54:00,card,4,28.01,5.42,33.43
1647,0006-00002972,6,854,95,2024-05-12T20:20:00,cash,5,27.40,5.51,32.91
1648,0001-00002875,1,,72,2024-05-13T17:19:00,card,1,9.07,0.91,9.98
1649,0001-00001530,1,353,72,2024-05-13T18:26:00,card,1,7.44,1.56,9.00
1650,0005-00002823,5,205,16,2024-05-13T20:06:00,card,6,29.02,5.65,34.67
1651,0004-00002909,4,,69,2024-05-14T11:04:00,card,1,19.83,4.16,23.99
1652,0004-00001091,4,519,69,2024-05-14T12:46:00,cash,1,2.76,0.11,2.87
1653,0002-00000321,2,324,42,2024-05-14T13:46:00,card,1,20.17,0.81,20.98
1654,0004-00000407,4,,91,2024-05-14T18:39:00,card,1,6.61,1.39,8.00
1655,0003-00000523,3,441,9,2024-05-14T19:27:00,card,2,8.24,1.73,9.97
1656,0001-00001045,1,,72,2024-05-14T19:51:00,mobile,1,5.67,0.23,5.90
1657,0004-00002299,4,158,91,2024-05-14T21:22:00,cash,3,9.39,1.57,10.96
1658,0003-00001345,3,,9,2024-05-15T09:39:00,card,3,16.50,3.46,19.96
1659,0003-00000668,3,,9,2024-05-15T09:40:00,card,2,8.64,1.81,10.45
1660,0005-00000305,5,129,89,2024-05-15T18:12:00,voucher,2,15.32,1.05,16.37
1661,0007-00001036,7,,55,2024-05-16T10:05:00,card,4,23.87,2.74,26.61
1662,0007-00002671,7,,73,2024-05-16T18:46:00,card,7,38.09,6.32,44.41
1663,0008-00001074,8,,65,2024-05-17T13:19:00,card,2,35.11,7.38,42.49
1664,0008-00000503,8,,84,2024-05-17T13:47:00,card,1,4.55,0.95,5.50
1665,0004-00000874,4,,69,2024-05-17T17:16:00,card,2,9.17,1.73,10.90
1666,0002-00002639,2,317,77,2024-05-17T21:29:00,cash,13,114.40,21.31,135.71
1667,0004-00001415,4,189,69,2024-05-18T12:03:00,card,2,19.77,1.98,21.75
1668,0006-00002017,6,,62,2024-05-18T14:14:00,card,1,1.26,0.05,1.31
1669,0008-00000267,8,801,94,2024-05-18T17:21:00,card,1,11.57,2.43,14.00
1670,0001-00001001,1,559,72,2024-05-18T18:02:00,cash,1,3.93,0.82,4.75
1671,0004-00001811,4,596,91,2024-05-18T18:46:00,cash,6,51.18,3.34,54.52
1672,0008-00000903,8,,29,2024-05-18T19:27:00,card,6,66.37,3.24,69.61
1673,0008-00001062,8,,65,2024-05-20T16:57:00,card,1,5.44,0.54,5.98
1674,0001-00002726,1,,72,2024-05-22T12:36:00,cash,4,16.55,2.88,19.43
1675,0007-00001823,7,,30,2024-05-23T11:50:00,card,1,19.83,4.16,23.99
1676,0002-00001683,2,821,5,2024-05-23T12:00:00,mobile,2,8.47,1.78,10.25
1677,0007-00001666,7,497,30,2024-05-23T15:42:00,card,9,63.78,7.20,70.98
1678,0004-00002183,4,,69,2024-05-23T19:37:00,cash,5,14.48,2.51,16.99
1679,0004-00001142,4,239,91,2024-05-23T21:55:00,cash,4,15.79,2.44,18.23
1680,0004-00000711,4,,91,2024-05-24T20:51:00,card,2,8.25,1.73,9.98
1681,0008-00001197,8,,103,2024-05-25T09:35:00,card,9,58.27,8.09,66.36
1682,0004-00000009,4,,91,2024-05-25T10:53:00,card,2,3.10,0.65,3.75
1683,0005-00002210,5,,8,2024-05-25T11:57:00,card,1,2.84,0.11,2.95
1684,0003-00002387,3,,9,2024-05-25T11:59:00,card,2,15.57,3.27,18.84
1685,0001-00002678,1,,72,2024-05-25T12:21:00,card,4,28.52,5.39,33.91
1686,0003-00002950,3,,9,2024-05-25T13:08:00,card,2,3.70,0.29,3.99
1687,0006-00001486,6,,76,2024-05-25T13:39:00,mobile,1,20.89,2.09,22.98
1688,0004-00001253,4,,91,2024-05-25T15:03:00,card,1,9.55,0.95,10.50
1689,0001-00001467,1,,72,2024-05-25T19:40:00,card,2,8.22,1.28,9.50
1690,0007-00002526,7,840,10,2024-05-26T14:20:00,card,1,5.74,0.23,5.97
1691,0008-00001790,8,709,47,2024-05-26T15:37:00,card,4,50.36,10.09,60.45
1692,0001-00001115,1,,72,2024-05-26T19:36:00,card,2,9.90,2.08,11.98
1693,0001-00002086,1,852,72,2024-05-26T20:31:00,mobile,7,35.88,6.95,42.83
1694,0008-00001864,8,,47,2024-05-27T13:38:00,card,3,22.20,2.08,24.28
1695,0005-00000430,5,,89,2024-05-27T14:12:00,cash,9,48.07,7.76,55.83
1696,0007-00001358,7,143,10,2024-05-27T15:32:00,cash,3,8.15,1.31,9.46
1697,0005-00000691,5,272,31,2024-05-28T10:19:00,cash,2,4.77,0.48,5.25
1698,0004-00002949,4,,69,2024-05-29T11:08:00,cash,4,42.87,2.09,44.96
1699,0002-00001904,2,605,77,2024-05-29T19:11:00,card,1,2.71,0.27,2.98
1700,0008-00001391,8,,61,2024-05-29T19:28:00,card,5,29.94,3.18,33.12
1701,0002-00002124,2,57,85,2024-05-29T20:43:00,cash,5,22.23,2.30,24.53
1702,0002-00002867,2,44,98,2024-05-29T21:56:00,card,2,15.37,2.07,17.44
1703,0001-00000020,1,,72,2024-05-30T13:41:00,card,1,7.43,1.56,8.99
1704,0004-00001880,4,599,69,2024-05-30T15:05:00,cash,6,26.64,3.15,29.79
1705,0003-00000027,3,,9,2024-05-30T15:57:00,cash,4,25.37,5.33,30.70
1706,0007-00002596,7,691,18,2024-05-30T16:07:00,cash,1,2.48,0.52,3.00
1707,0005-00000729,5,,89,2024-05-30T20:40:00,card,7,27.02,2.92,29.94
1708,0008-00001399,8,852,47,2024-05-31T17:37:00,cash,5,45.31,8.92,54.23
1709,0001-00000952,1,,72,2024-05-31T20:00:00,card,3,18.79,3.10,21.89
1710,0007-00001534,7,,109,2024-06-01T09:40:00,card,1,2.47,0.52,2.99
1711,0004-00000179,4,66,91,2024-06-01T10:51:00,card,8,65.67,9.89,75.56
1712,0001-00002040,1,,72,2024-06-01T11:55:00,card,3,13.47,1.87,15.34
1713,0001-00000328,1,,72,2024-06-01T17:02:00,cash,7,49.58,7.63,57.21
1714,0005-00001277,5,,16,2024-06-02T12:38:00,cash,1,7.85,1.65,9.50
1715,0005-00002692,5,227,31,2024-06-02T13:17:00,card,11,82.85,8.11,90.96
1716,0005-00002871,5,,31,2024-06-02T17:49:00,card,1,7.23,0.72,7.95
1717,0002-00000136,2,385,42,2024-06-03T09:46:00,card,2,8.88,1.87,10.75
1718,0007-00000783,7,,109,2024-06-03T12:32:00,card,1,1.77,0.18,1.95
1719,0007-00002632,7,,30,2024-06-03T13:39:00,card,1,1.31,0.05,1.36
1720,0004-00002804,4,,91,2024-06-03T14:05:00,card,1,20.25,4.25,24.50
1721,0003-00001583,3,,9,2024-06-03T19:47:00,card,4,20.31,3.92,24.23
1722,0007-00000132,7,413,73,2024-06-03T21:57:00,card,1,2.26,0.23,2.49
1723,0003-00000489,3,,9,2024-06-04T14:41:00,cash,2,5.20,0.79,5.99
1724,0002-00002863,2,,98,2024-06-04T19:58:00,card,3,18.93,2.02,20.95
1725,0002-00002605,2,452,77,2024-06-05T09:21:00,mobile,1,15.87,0.64,16.51
1726,0001-00001557,1,,72,2024-06-05T11:33:00,card,8,63.30,10.93,74.23
1727,0005-00001782,5,,99,2024-06-05T13:06:00,card,6,47.97,5.12,53.09
1728,0006-00001644,6,118,95,2024-06-05T13:59:00,card,1,2.44,0.51,2.95
1729,0001-00001439,1,,72,2024-06-05T15:59:00,card,2,27.56,1.94,29.50
1730,0006-00000366,6,,71,2024-06-06T19:11:00,cash,1,2.47,0.52,2.99
1731,0006-00001981,6,150,76,2024-06-06T19:33:00,card,1,2.06,0.43,2.49
1732,0007-00002958,7,,33,2024-06-07T13:36:00,card,2,9.32,1.66,10.98
1733,0007-00001196,7,,10,2024-06-07T15:40:00,card,1,1.81,0.18,1.99
1734,0005-00000594,5,,99,2024-06-08T18:59:00,card,2,16.52,3.46,19.98
1735,0001-00002347,1,661,72,2024-06-08T19:31:00,card,3,24.14,3.81,27.95
1736,0003-00001967,3,,9,2024-06-08T19:38:00,card,1,6.20,1.30,7.50
1737,0005-00000510,5,,8,2024-06-08T21:01:00,card,2,12.49,0.50,12.99
1738,0004-00001401,4,,69,2024-06-09T10:03:00,card,9,53.12,9.78,62.90
1739,0001-00002792,1,,72,2024-06-09T10:42:00,cash,1,17.30,0.69,17.99
1740,0004-00001007,4,,91,2024-06-09T11:56:00,voucher,1,5.44,0.54,5.98
1741,0002-00000933,2,,98,2024-06-09T13:54:00,card,3,12.13,2.35,14.48
1742,0006-00000344,6,,62,2024-06-09T20:56:00,card,3,14.32,0.77,15.09
1743,0003-00001344,3,,9,2024-06-10T15:51:00,card,2,9.39,1.49,10.88
1744,0008-00001746,8,,65,2024-06-10T17:47:00,card,1,3.10,0.65,3.75
1745,0006-00000373,6,341,23,2024-06-10T18:01:00,card,2,22.18,1.45,23.63
1746,0006-00000841,6,557,95,2024-06-10T19:21:00,card,4,14.85,2.57,17.42
1747,0007-00000482,7,,18,2024-06-11T10:46:00,card,1,1.86,0.39,2.25
1748,0007-00000683,7,,33,2024-06-11T13:54:00,card,5,25.02,4.61,29.63
1749,0006-00002521,6,883,23,2024-06-11T20:39:00,cash,1,9.90,2.08,11.98
1750,0004-00001188,4,615,69,2024-06-12T10:43:00,cash,1,12.64,0.51,13.15
1751,0001-00000200,1,,72,2024-06-12T12:07:00,mobile,4,14.17,1.69,15.86
1752,0008-00000873,8,,28,2024-06-12T12:57:00,card,1,1.59,0.16,1.75
1753,0004-00001407,4,175,69,2024-06-12T18:18:00,cash,1,1.77,0.18,1.95
1754,0006-00002018,6,,23,2024-06-13T09:17:00,mobile,1,10.09,0.40,10.49
1755,0001-00000958,1,,72,2024-06-13T17:07:00,card,3,9.45,1.39,10.84
1756,0007-00002374,7,347,10,2024-06-13T17:23:00,card,1,4.12,0.87,4.99
1757,0004-00002538,4,338,91,2024-06-13T20:05:00,card,2,12.52,0.66,13.18
1758,0006-00001690,6,464,76,2024-06-13T20:24:00,card,4,11.55,1.38,12.93
1759,0006-00000597,6,,23,2024-06-14T13:10:00,card,2,13.59,1.36,14.95
1760,0004-00001304,4,,91,2024-06-14T17:25:00,card,4,37.46,4.49,41.95
1761,0008-00001161,8,,94,2024-06-14T18:10:00,card,4,27.75,4.68,32.43
1762,0002-00000090,2,,98,2024-06-14T20:19:00,card,2,9.92,2.08,12.00
1763,0002-00000384,2,,85,2024-06-14T20:21:00,cash,2,9.07,1.90,10.97
1764,0008-00000309,8,496,103,2024-06-15T10:59:00,card,1,9.30,1.95,11.25
1765,0006-00001647,6,324,95,2024-06-15T11:59:00,cash,1,37.17,7.80,44.97
1766,0006-00001679,6,,71,2024-06-15T16:23:00,card,1,2.84,0.11,2.95
1767,0007-00001731,7,,55,2024-06-15T16:57:00,card,5,25.82,3.94,29.76
1768,0004-00000648,4,347,69,2024-06-15T21:59:00,card,3,21.02,4.42,25.44
1769,0005-00002164,5,,99,2024-06-16T13:19:00,voucher,1,3.10,0.65,3.75
1770,0002-00002372,2,,85,2024-06-16T20:40:00,card,2,23.55,4.94,28.49
1771,0007-00000176,7,,10,2024-06-17T11:38:00,cash,1,3.26,0.69,3.95
1772,0003-00002162,3,,9,2024-06-17T18:35:00,card,9,41.13,5.99,47.12
1773,0008-00002242,8,859,61,2024-06-17T19:15:00,cash,3,5.45,0.98,6.43
1774,0001-00001688,1,50,72,2024-06-18T12:09:00,cash,6,20.83,2.58,23.41
1775,0006-00001514,6,229,95,2024-06-18T14:33:00,card,3,20.76,1.63,22.39
1776,0003-00000818,3,452,9,2024-06-18T18:27:00,card,1,4.12,0.86,4.98
1777,0007-00002227,7,,18,2024-06-18T20:24:00,card,5,23.66,4.96,28.62
1778,0002-00001393,2,,77,2024-06-19T20:40:00,voucher,4,30.39,6.39,36.78
1779,0002-00001964,2,,5,2024-06-20T09:10:00,card,1,5.37,1.13,6.50
1780,0004-00000098,4,5,91,2024-06-20T11:34:00,card,1,3.72,0.78,4.50
1781,0001-00002218,1,26,72,2024-06-21T15:47:00,card,4,15.96,2.68,18.64
1782,0008-00001935,8,684,21,2024-06-22T09:47:00,card,4,10.09,1.87,11.96
1783,0008-00001018,8,13,29,2024-06-22T19:06:00,card,3,37.99,7.78,45.77
1784,0003-00001918,3,,9,2024-06-22T19:49:00,cash,2,6.59,1.38,7.97
1785,0005-00000575,5,331,16,2024-06-22T20:55:00,card,3,31.21,1.44,32.65
1786,0006-00002881,6,696,23,2024-06-23T14:09:00,cash,3,8.98,1.49,10.47
1787,0007-00002689,7,,18,2024-06-23T14:55:00,card,2,9.83,1.66,11.49
1788,0005-00002294,5,452,8,2024-06-23T18:34:00,card,1,3.71,0.78,4.49
1789,0006-00000633,6,512,71,2024-06-24T11:20:00,cash,2,9.36,0.59,9.95
1790,0008-00002325,8,644,21,2024-06-24T16:24:00,card,1,1.81,0.18,1.99
1791,0001-00002480,1,,72,2024-06-24T18:44:00,cash,1,2.72,0.27,2.99
1792,0003-00001267,3,,9,2024-06-25T12:59:00,card,3,18.12,3.33,21.45
1793,0004-00000662,4,,69,2024-06-25T18:54:00,cash,2,6.01,0.96,6.97
1794,0007-00002772,7,750,55,2024-06-26T17:17:00,card,2,56.14,9.83,65.97
1795,0005-00000569,5,,31,2024-06-26T18:18:00,cash,1,2.51,0.10,2.61
1796,0001-00002062,1,137,72,2024-06-26T18:49:00,card,6,33.59,3.93,37.52
1797,0006-00002813,6,,23,2024-06-27T12:29:00,cash,6,38.80,6.01,44.81
1798,0001-00000743,1,538,72,2024-06-27T19:22:00,card,7,32.15,4.41,36.56
1799,0005-00002048,5,216,31,2024-06-27T19:41:00,cash,2,13.51,0.89,14.40
1800,0005-00002282,5,405,16,2024-06-28T11:27:00,card,7,67.49,12.60,80.09
1801,0008-00001538,8,55,94,2024-06-28T11:35:00,card,1,4.09,0.86,4.95
1802,0007-00000590,7,198,73,2024-06-28T14:16:00,card,10,56.22,9.27,65.49
1803,0006-00002475,6,,62,2024-06-28T14:28:00,voucher,1,1.64,0.35,1.99
1804,0006-00000229,6,,23,2024-06-28T16:16:00,card,2,6.15,1.29,7.44
1805,0003-00001650,3,,9,2024-06-28T16:53:00,card,8,41.62,6.34,47.96
1806,0002-00000073,2,370,98,2024-06-29T09:32:00,card,1,7.02,1.47,8.49
1807,0005-00000370,5,,16,2024-06-29T10:20:00,cash,11,64.40,7.68,72.08
1808,0004-00001057,4,,69,2024-06-29T11:11:00,card,2,4.31,0.43,4.74
1809,0001-00002687,1,882,72,2024-06-29T12:43:00,cash,7,53.39,3.88,57.27
1810,0005-00002967,5,665,8,2024-06-29T14:05:00,cash,3,12.80,1.88,14.68
1811,0008-00001631,8,,61,2024-06-29T14:16:00,card,2,6.06,0.87,6.93
1812,0008-00002481,8,,28,2024-06-29T17:06:00,card,1,2.27,0.23,2.50
1813,0002-00002119,2,16,42,2024-06-30T10:43:00,card,1,3.80,0.15,3.95
1814,0007-00000225,7,88,10,2024-07-01T13:37:00,card,5,28.52,3.85,32.37
1815,0007-00000202,7,644,18,2024-07-02T11:37:00,card,1,3.62,0.36,3.98
1816,0004-00002145,4,132,69,2024-07-03T12:46:00,card,5,24.99,4.10,29.09
1817,0005-00000190,5,10,8,2024-07-03T18:11:00,card,1,2.87,0.12,2.99
1818,0007-00000864,7,,18,2024-07-03T19:19:00,mobile,2,5.74,1.00,6.74
1819,0001-00001923,1,,72,2024-07-04T12:06:00,cash,1,5.58,1.17,6.75
1820,0006-00000900,6,744,23,2024-07-04T13:31:00,cash,2,6.52,0.97,7.49
1821,0005-00000365,5,,31,2024-07-05T09:56:00,cash,2,9.89,1.58,11.47
1822,0003-00001796,3,,9,2024-07-05T12:22:00,cash,2,34.06,2.91,36.97
1823,0005-00002601,5,,89,2024-07-05T14:03:00,card,1,2.46,0.52,2.98
1824,0006-00002272,6,,62,2024-07-05T17:43:00,card,4,34.15,6.77,40.92
1825,0001-00002077,1,,72,2024-07-05T20:23:00,cash,1,2.44,0.51,2.95
1826,0004-00002291,4,581,91,2024-07-06T10:23:00,card,1,1.23,0.26,1.49
1827,0001-00000325,1,,72,2024-07-06T12:48:00,card,2,5.99,0.96,6.95
1828,0008-00000217,8,,47,2024-07-06T13:13:00,cash,1,0.40,0.08,0.48
1829,0003-00001090,3,301,9,2024-07-07T11:12:00,cash,3,29.23,5.94,35.17
1830,0004-00001997,4,825,91,2024-07-07T15:43:00,cash,1,6.14,0.61,6.75
1831,0002-00001448,2,,77,2024-07-07T17:04:00,card,1,2.87,0.12,2.99
1832,0001-00000693,1,712,72,2024-07-08T11:51:00,mobile,2,78.50,16.48,94.98
1833,0008-00000779,8,77,94,2024-07-08T12:44:00,mobile,4,18.65,2.57,21.22
1834,0003-00001750,3,,9,2024-07-08T18:48:00,voucher,1,3.62,0.36,3.98
1835,0004-00002522,4,,69,2024-07-09T11:50:00,card,9,62.23,11.95,74.18
1836,0003-00000750,3,,9,2024-07-09T12:36:00,card,7,43.15,8.74,51.89
1837,0007-00000402,7,,10,2024-07-09T12:42:00,card,2,16.38,0.91,17.29
1838,0007-00000857,7,135,30,2024-07-10T10:18:00,card,2,25.34,1.61,26.95
1839,0008-00001533,8,422,28,2024-07-10T17:24:00,card,1,13.64,2.86,16.50
1840,0007-00002594,7,625,33,2024-07-10T19:30:00,card,2,7.29,1.19,8.48
1841,0003-00001335,3,,9,2024-07-11T14:27:00,card,1,13.21,2.77,15.98
1842,0005-00001524,5,,8,2024-07-11T18:01:00,card,2,11.48,2.42,13.90
1843,0004-00002872,4,,91,2024-07-11T18:18:00,card,1,7.25,0.73,7.98
1844,0006-00000191,6,,23,2024-07-12T10:18:00,card,1,2.48,0.52,3.00
1845,0002-00001509,2,,98,2024-07-12T12:19:00,card,2,6.81,0.60,7.41
1846,0002-00000942,2,125,77,2024-07-12T18:36:00,card,1,1.81,0.18,1.99
1847,0006-00002058,6,752,95,2024-07-12T19:18:00,cash,3,41.32,6.53,47.85
1848,0002-00001985,2,,42,2024-07-12T19:40:00,cash,2,10.12,1.62,11.74
1849,0002-00000907,2,,77,2024-07-12T20:41:00,card,2,24.37,2.73,27.10
1850,0002-00002109,2,367,5,2024-07-12T20:50:00,voucher,1,5.45,0.55,6.00
1851,0008-00002877,8,718,103,2024-07-13T11:11:00,card,4,34.05,5.86,39.91
1852,0005-00000085,5,234,16,2024-07-13T11:25:00,card,4,25.94,5.15,31.09
1853,0006-00002727,6,238,23,2024-07-13T12:00:00,card,1,6.60,1.38,7.98
1854,0008-00001786,8,296,29,2024-07-14T11:26:00,card,1,1.77,0.18,1.95
1855,0005-00000865,5,,8,2024-07-14T12:40:00,card,4,16.02,1.87,17.89
1856,0007-00002715,7,,73,2024-07-14T19:55:00,card,4,20.55,3.92,24.47
1857,0003-00001549,3,207,9,2024-07-15T11:16:00,cash,1,2.40,0.10,2.50
1858,0006-00000945,6,712,71,2024-07-15T13:12:00,cash,5,32.71,3.50,36.21
1859,0005-00002100,5,118,99,2024-07-15T17:46:00,cash,1,4.33,0.17,4.50
1860,0001-00001570,1,104,72,2024-07-15T18:53:00,card,1,9.90,2.08,11.98
1861,0004-00002315,4,,69,2024-07-16T13:08:00,card,6,25.33,4.49,29.82
1862,0001-00002557,1,,72,2024-07-16T18:19:00,card,2,24.46,4.99,29.45
1863,0004-00002886,4,237,91,2024-07-17T17:03:00,card,2,11.07,0.85,11.92
1864,0007-00000784,7,636,18,2024-07-17T19:55:00,card,1,3.30,0.69,3.99
1865,0006-00001539,6,,71,2024-07-17T21:36:00,card,3,50.71,10.16,60.87
1866,0006-00000679,6,,71,2024-07-18T13:15:00,mobile,1,4.55,0.45,5.00
1867,0001-00001126,1,,72,2024-07-18T13:21:00,mobile,12,84.10,15.04,99.14
1868,0003-00002250,3,,9,2024-07-18T14:38:00,card,1,5.45,0.55,6.00
1869,0003-00001593,3,,9,2024-07-18T15:40:00,card,1,2.06,0.43,2.49
1870,0002-00000731,2,,42,2024-07-19T10:12:00,card,3,10.93,2.00,12.93
1871,0008-00000451,8,71,29,2024-07-19T11:31:00,card,19,136.92,15.64,152.56
1872,0006-00000546,6,,76,2024-07-19T12:30:00,mobile,7,57.17,7.04,64.21
1873,0005-00001176,5,367,31,2024-07-19T12:31:00,cash,2,40.87,8.10,48.97
1874,0007-00000630,7,,55,2024-07-19T12:54:00,card,2,25.35,4.63,29.98
1875,0001-00000702,1,,72,2024-07-19T13:28:00,card,1,8.22,1.73,9.95
1876,0001-00000878,1,570,72,2024-07-19T17:20:00,card,29,192.12,26.25,218.37
1877,0002-00002036,2,589,5,2024-07-19T17:53:00,card,4,9.89,1.04,10.93
1878,0001-00002609,1,,72,2024-07-20T11:45:00,card,1,1.81,0.18,1.99
1879,0005-00002738,5,,89,2024-07-20T13:42:00,card,2,23.06,4.84,27.90
1880,0005-00002657,5,129,89,2024-07-20T16:45:00,cash,3,21.42,1.56,22.98
1881,0005-00002969,5,,8,2024-07-20T18:15:00,card,6,53.31,8.86,62.17
1882,0007-00001479,7,122,10,2024-07-20T18:39:00,cash,12,78.47,12.10,90.57
1883,0008-00000409,8,,94,2024-07-21T10:10:00,card,15,120.00,17.36,137.36
1884,0006-00002731,6,,95,2024-07-21T12:47:00,cash,5,14.71,2.49,17.20
1885,0002-00001779,2,644,5,2024-07-21T13:27:00,card,1,0.95,0.04,0.99
1886,0008-00000727,8,,103,2024-07-21T15:37:00,cash,8,39.57,7.16,46.73
1887,0007-00000106,7,,33,2024-07-21T19:12:00,card,1,5.44,0.54,5.98
1888,0001-00002656,1,,72,2024-07-21T19:42:00,card,1,10.64,1.06,11.70
1889,0006-00000591,6,544,23,2024-07-22T18:04:00,cash,6,43.53,5.58,49.11
1890,0007-00002059,7,,55,2024-07-22T18:12:00,card,2,9.09,0.90,9.99
1891,0007-00002288,7,,109,2024-07-22T18:13:00,card,1,2.47,0.52,2.99
1892,0008-00002361,8,,28,2024-07-22T19:42:00,cash,1,21.76,2.18,23.94
1893,0002-00002377,2,514,85,2024-07-23T10:54:00,card,3,8.80,0.78,9.58
1894,0003-00000477,3,,9,2024-07-23T12:32:00,card,6,44.14,7.41,51.55
1895,0001-00001221,1,28,72,2024-07-23T13:05:00,card,1,5.45,0.54,5.99
1896,0008-00001255,8,365,21,2024-07-24T13:20:00,cash,1,19.00,3.99,22.99
1897,0003-00001224,3,249,9,2024-07-24T13:50:00,card,2,5.49,0.50,5.99
1898,0003-00002617,3,,9,2024-07-24T15:08:00,card,2,14.87,3.12,17.99
1899,0007-00001691,7,,10,2024-07-24T20:50:00,card,1,2.87,0.12,2.99
1900,0007-00000355,7,,33,2024-07-25T13:51:00,card,1,3.80,0.15,3.95
1901,0004-00000525,4,531,91,2024-07-25T17:35:00,card,1,8.33,0.33,8.66
1902,0006-00000936,6,369,71,2024-07-25T20:21:00,card,1,28.15,1.13,29.28
1903,0001-00001809,1,251,72,2024-07-25T20:53:00,card,1,2.48,0.52,3.00
1904,0005-00002824,5,,99,2024-07-26T11:29:00,cash,2,7.39,1.55,8.94
1905,0008-00001672,8,,28,2024-07-26T12:20:00,mobile,1,8.26,1.73,9.99
1906,0005-00001038,5,,8,2024-07-26T17:56:00,cash,7,66.64,12.04,78.68
1907,0001-00002385,1,775,72,2024-07-27T09:16:00,card,2,22.69,3.27,25.96
1908,0008-00002326,8,689,94,2024-07-27T11:06:00,card,1,1.91,0.08,1.99
1909,0003-00002463,3,,9,2024-07-27T11:08:00,card,5,13.57,1.72,15.29
1910,0005-00001929,5,,16,2024-07-27T11:23:00,mobile,1,1.81,0.18,1.99
1911,0002-00002371,2,,77,2024-07-27T11:30:00,cash,3,18.02,2.96,20.98
1912,0006-00000624,6,,62,2024-07-27T13:22:00,card,3,24.78,2.17,26.95
1913,0008-00000057,8,48,103,2024-07-27T17:28:00,card,3,34.08,6.86,40.94
1914,0002-00001292,2,,98,2024-07-27T19:58:00,card,3,43.82,8.90,52.72
1915,0004-00000767,4,,69,2024-07-28T11:41:00,cash,2,10.54,2.21,12.75
1916,0006-00001190,6,,95,2024-07-28T20:33:00,voucher,4,26.17,2.65,28.82
1917,0004-00000444,4,614,91,2024-07-29T11:27:00,card,3,24.54,4.43,28.97
1918,0007-00001520,7,521,10,2024-07-29T12:18:00,card,2,5.17,0.77,5.94
1919,0003-00002298,3,121,9,2024-07-30T11:07:00,card,8,32.17,4.51,36.68
1920,0002-00002788,2,,77,2024-07-30T13:54:00,card,1,2.68,0.27,2.95
1921,0006-00001900,6,,95,2024-07-30T14:44:00,card,1,10.12,2.13,12.25
1922,0008-00000322,8,92,47,2024-07-30T16:12:00,card,5,24.73,3.70,28.43
1923,0006-00002576,6,,62,2024-07-30T18:02:00,mobile,2,11.77,1.18,12.95
1924,0008-00002621,8,609,29,2024-07-30T19:02:00,card,5,38.39,3.30,41.69
1925,0008-00000107,8,347,65,2024-07-31T09:38:00,card,1,20.00,2.00,22.00
1926,0006-00000126,6,889,62,2024-07-31T12:22:00,card,1,6.79,1.43,8.22
1927,0002-00002276,2,80,98,2024-07-31T12:25:00,card,1,6.20,1.30,7.50
1928,0007-00001974,7,,55,2024-07-31T17:12:00,card,2,23.01,4.48,27.49
1929,0004-00002698,4,,91,2024-07-31T18:59:00,card,3,15.22,2.70,17.92
1930,0002-00001957,2,71,77,2024-08-01T17:52:00,cash,5,20.75,2.80,23.55
1931,0003-00000389,3,879,9,2024-08-01T20:24:00,card,1,2.47,0.52,2.99
1932,0005-00001217,5,224,31,2024-08-02T10:08:00,cash,4,10.91,1.27,12.18
1933,0006-00000082,6,,95,2024-08-02T10:37:00,card,4,21.12,1.80,22.92
1934,0008-00002107,8,676,84,2024-08-02T10:40:00,card,1,5.78,1.21,6.99
1935,0002-00000383,2,,5,2024-08-02T10:44:00,card,2,21.34,1.55,22.89
1936,0007-00002884,7,789,109,2024-08-03T11:43:00,card,8,67.46,12.75,80.21
1937,0005-00001351,5,,16,2024-08-03T11:49:00,card,2,4.01,0.69,4.70
1938,0005-00001965,5,540,31,2024-08-03T13:46:00,card,4,20.25,2.93,23.18
1939,0004-00002000,4,,91,2024-08-03T21:03:00,cash,4,41.93,6.75,48.68
1940,0005-00001226,5,,16,2024-08-04T10:36:00,card,1,2.47,0.52,2.99
1941,0005-00002384,5,423,8,2024-08-04T18:01:00,card,2,6.53,1.37,7.90
1942,0004-00000554,4,41,91,2024-08-05T12:34:00,cash,6,134.21,24.48,158.69
1943,0003-00001763,3,659,9,2024-08-05T17:34:00,cash,1,31.34,3.13,34.47
1944,0001-00002991,1,,72,2024-08-05T19:10:00,card,3,13.61,2.87,16.48
1945,0002-00002707,2,,77,2024-08-05T20:13:00,card,1,2.47,0.52,2.99
1946,0002-00002960,2,188,77,2024-08-06T13:53:00,card,1,32.96,1.32,34.28
1947,0006-00002794,6,,23,2024-08-06T19:13:00,card,6,38.01,5.97,43.98
1948,0008-00000142,8,685,29,2024-08-06T20:37:00,card,4,56.84,7.60,64.44
1949,0006-00001950,6,,62,2024-08-07T18:56:00,card,2,14.42,3.03,17.45
1950,0005-00001992,5,196,99,2024-08-07T20:53:00,card,1,2.72,0.27,2.99
1951,0007-00002641,7,,33,2024-08-08T14:55:00,card,8,43.75,5.07,48.82
1952,0005-00001842,5,,8,2024-08-08T16:12:00,mobile,1,1.35,0.14,1.49
1953,0001-00001776,1,240,72,2024-08-08T16:34:00,card,15,117.08,9.50,126.58
1954,0003-00000643,3,,9,2024-08-08T17:40:00,mobile,1,3.26,0.69,3.95
1955,0001-00001464,1,,72,2024-08-08T18:06:00,mobile,1,19.19,0.77,19.96
1956,0005-00000369,5,,31,2024-08-09T12:29:00,card,3,14.77,2.60,17.37
1957,0002-00002137,2,423,85,2024-08-09T12:33:00,card,6,22.30,3.12,25.42
1958,0008-00002155,8,,47,2024-08-09T17:27:00,card,5,24.91,5.23,30.14
1959,0005-00000054,5,,8,2024-08-09T17:38:00,card,4,28.51,2.43,30.94
1960,0006-00001755,6,,71,2024-08-10T12:58:00,card,2,22.50,1.95,24.45
1961,0001-00002122,1,,72,2024-08-10T15:40:00,cash,4,75.37,15.51,90.88
1962,0005-00001368,5,419,89,2024-08-10T17:22:00,card,10,42.71,7.04,49.75
1963,0001-00001005,1,,72,2024-08-12T10:54:00,card,2,6.18,0.78,6.96
1964,0006-00000443,6,,76,2024-08-12T18:55:00,cash,2,5.14,0.35,5.49
1965,0002-00001480,2,,77,2024-08-12T19:16:00,cash,1,4.95,1.04,5.99
1966,0001-00002443,1,,72,2024-08-12T19:24:00,voucher,1,3.93,0.82,4.75
1967,0008-00000977,8,,65,2024-08-13T12:39:00,cash,1,14.86,3.12,17.98
1968,0006-00002776,6,,71,2024-08-13T19:31:00,mobile,10,58.89,10.50,69.39
1969,0001-00000545,1,,72,2024-08-13T20:37:00,card,1,16.50,3.46,19.96
1970,0005-00000203,5,,99,2024-08-14T11:24:00,card,1,20.45,2.05,22.50
1971,0007-00000324,7,,18,2024-08-14T18:54:00,card,5,32.50,5.26,37.76
1972,0007-00000331,7,676,10,2024-08-14T20:18:00,cash,1,2.87,0.12,2.99
1973,0008-00002514,8,,84,2024-08-15T12:32:00,cash,3,16.30,0.97,17.27
1974,0008-00002859,8,,47,2024-08-15T13:40:00,card,1,5.36,0.54,5.90
1975,0008-00002925,8,,21,2024-08-15T20:44:00,card,8,39.61,7.28,46.89
1976,0007-00000342,7,,30,2024-08-16T16:01:00,card,13,80.66,10.61,91.27
1977,0005-00000214,5,,89,2024-08-16T21:39:00,cash,5,51.85,7.67,59.52
1978,0005-00001157,5,331,31,2024-08-17T16:57:00,cash,4,16.96,2.00,18.96
1979,0004-00001685,4,,91,2024-08-17T18:56:00,card,5,41.59,6.79,48.38
1980,0001-00002558,1,576,72,2024-08-17T20:55:00,card,3,19.99,3.81,23.80
1981,0006-00002780,6,,76,2024-08-18T11:37:00,cash,2,7.53,1.21,8.74
1982,0006-00001791,6,253,71,2024-08-18T18:51:00,card,5,25.50,3.39,28.89
1983,0008-00002285,8,,28,2024-08-19T11:14:00,card,17,88.05,14.90,102.95
1984,0008-00000308,8,,28,2024-08-19T16:21:00,card,1,1.64,0.35,1.99
1985,0007-00002765,7,806,30,2024-08-19T18:54:00,card,2,4.65,0.79,5.44
1986,0008-00002740,8,,84,2024-08-20T10:45:00,cash,1,7.85,1.65,9.50
1987,0003-00001280,3,480,9,2024-08-20T11:06:00,cash,6,42.67,6.00,48.67
1988,0001-00002546,1,87,72,2024-08-20T12:19:00,cash,3,7.12,1.10,8.22
1989,0007-00000806,7,379,109,2024-08-20T12:58:00,cash,5,84.41,14.47,98.88
1990,0006-00000144,6,264,23,2024-08-21T13:19:00,cash,1,3.71,0.78,4.49
1991,0001-00002346,1,,72,2024-08-21T15:16:00,card,2,9.89,1.42,11.31
1992,0005-00000944,5,,99,2024-08-22T11:07:00,card,1,4.34,0.91,5.25
1993,0007-00001428,7,217,18,2024-08-22T11:19:00,card,3,11.17,1.31,12.48
1994,0004-00000072,4,372,69,2024-08-22T13:43:00,cash,1,2.87,0.12,2.99
1995,0008-00000553,8,,28,2024-08-22T17:37:00,cash,1,3.30,0.69,3.99
1996,0007-00000688,7,113,10,2024-08-23T12:46:00,card,2,5.44,0.63,6.07
1997,0003-00000411,3,,9,2024-08-23T15:22:00,card,1,6.40,1.35,7.75
1998,0006-00002244,6,,71,2024-08-23T16:06:00,card,6,21.76,2.16,23.92
1999,0003-00001863,3,,9,2024-08-23T17:42:00,card,2,14.91,2.08,16.99
2000,0002-00002053,2,727,98,2024-08-23T21:18:00,card,2,26.42,1.49,27.91
2001,0007-00000066,7,,30,2024-08-24T09:58:00,card,2,5.12,0.37,5.49
2002,0003-00001627,3,286,9,2024-08-24T11:50:00,card,25,150.38,22.02,172.40
2003,0005-00001707,5,,89,2024-08-24T11:55:00,mobile,3,12.74,2.68,15.42
2004,0003-00002196,3,,9,2024-08-24T13:37:00,cash,2,13.41,2.33,15.74
2005,0004-00001051,4,243,91,2024-08-24T20:42:00,cash,14,89.14,14.49,103.63
2006,0004-00000754,4,691,69,2024-08-24T20:56:00,card,4,43.10,5.62,48.72
2007,0001-00001270,1,,72,2024-08-25T11:57:00,card,1,5.67,0.23,5.90
2008,0001-00000108,1,,72,2024-08-25T16:00:00,card,1,4.95,1.04,5.99
2009,0003-00000149,3,,9,2024-08-27T12:19:00,cash,3,21.38,3.51,24.89
2010,0001-00002424,1,,72,2024-08-27T13:54:00,card,6,46.05,7.40,53.45
2011,0006-00001498,6,,23,2024-08-27T15:57:00,card,18,111.04,18.69,129.73
2012,0001-00001630,1,,72,2024-08-27T17:28:00,card,13,106.48,19.87,126.35
2013,0004-00001333,4,,91,2024-08-27T19:55:00,mobile,1,11.16,2.34,13.50
2014,0005-00002195,5,380,8,2024-08-28T11:38:00,card,1,5.45,0.54,5.99
2015,0003-00002681,3,56,9,2024-08-29T11:31:00,mobile,4,30.77,5.66,36.43
2016,0002-00000349,2,,85,2024-08-29T20:52:00,cash,1,6.60,1.39,7.99
2017,0002-00000067,2,280,42,2024-08-30T09:55:00,mobile,2,27.93,2.66,30.59
2018,0006-00000834,6,347,62,2024-08-30T12:07:00,card,6,25.56,3.56,29.12
2019,0004-00000858,4,,69,2024-08-30T13:19:00,cash,1,2.07,0.43,2.50
2020,0004-00001740,4,,69,2024-08-30T13:27:00,voucher,11,85.79,14.39,100.18
2021,0004-00002231,4,30,69,2024-08-30T15:06:00,card,4,24.57,2.75,27.32
2022,0003-00001500,3,,9,2024-08-30T15:13:00,mobile,2,5.93,1.04,6.97
2023,0005-00001789,5,262,89,2024-08-30T17:07:00,card,2,18.57,3.30,21.87
2024,0005-00002844,5,,99,2024-08-30T18:30:00,card,1,2.44,0.51,2.95
2025,0004-00002858,4,786,69,2024-08-30T20:56:00,card,1,4.57,0.18,4.75
2026,0004-00000847,4,,91,2024-08-30T21:06:00,card,8,85.88,10.83,96.71
2027,0005-00000428,5,445,16,2024-08-31T11:06:00,card,3,49.81,9.56,59.37
2028,0004-00001920,4,419,91,2024-08-31T11:29:00,card,2,6.29,0.46,6.75
2029,0002-00001821,2,878,98,2024-08-31T11:48:00,cash,1,17.25,0.69,17.94
2030,0005-00002691,5,145,89,2024-08-31T12:40:00,card,1,3.83,0.15,3.98
2031,0001-00002834,1,778,72,2024-08-31T12:42:00,card,5,30.84,4.90,35.74
2032,0001-00000646,1,,72,2024-08-31T13:49:00,card,2,4.45,0.45,4.90
2033,0001-00000787,1,243,72,2024-08-31T15:57:00,card,6,45.28,8.18,53.46
2034,0007-00001475,7,295,30,2024-08-31T18:17:00,card,1,13.41,0.54,13.95
2035,0004-00002375,4,,91,2024-08-31T19:15:00,card,3,15.30,2.52,17.82
2036,0008-00001946,8,,103,2024-08-31T19:23:00,card,3,39.82,8.16,47.98
2037,0004-00001984,4,,69,2024-08-31T19:46:00,card,10,50.72,9.55,60.27
2038,0001-00000964,1,,72,2024-08-31T19:55:00,mobile,2,14.62,2.18,16.80
2039,0008-00000454,8,,65,2024-09-01T12:53:00,cash,6,20.32,1.87,22.19
2040,0004-00000041,4,,69,2024-09-01T14:41:00,card,2,22.10,3.30,25.40
2041,0003-00000437,3,,9,2024-09-02T17:32:00,card,1,7.02,1.47,8.49
2042,0005-00002437,5,307,99,2024-09-02T18:39:00,cash,9,71.74,8.83,80.57
2043,0007-00001806,7,250,18,2024-09-03T10:19:00,card,1,7.44,1.56,9.00
2044,0006-00000885,6,,23,2024-09-03T16:48:00,card,5,26.00,4.17,30.17
2045,0003-00002563,3,,9,2024-09-03T18:33:00,cash,2,7.10,0.84,7.94
2046,0005-00000670,5,42,31,2024-09-03T19:56:00,card,1,2.44,0.51,2.95
2047,0002-00001595,2,,98,2024-09-03T21:11:00,card,6,36.40,6.30,42.70
2048,0001-00002733,1,,72,2024-09-04T11:51:00,card,2,6.58,0.90,7.48
2049,0001-00001754,1,,72,2024-09-05T13:11:00,cash,3,9.30,1.39,10.69
2050,0003-00000456,3,,9,2024-09-05T19:17:00,card,4,23.84,2.11,25.95
2051,0005-00002570,5,,16,2024-09-05T20:06:00,cash,3,14.84,0.68,15.52
2052,0002-00001527,2,69,85,2024-09-06T11:23:00,card,3,18.58,2.90,21.48
2053,0006-00001612,6,829,95,2024-09-06T12:46:00,card,2,7.25,0.72,7.97
2054,0002-00002583,2,472,85,2024-09-06T16:50:00,card,2,7.72,0.77,8.49
2055,0007-00002995,7,,10,2024-09-06T18:16:00,voucher,1,2.47,0.52,2.99
2056,0007-00001457,7,815,10,2024-09-07T13:32:00,card,14,109.45,9.91,119.36
2057,0008-00002316,8,156,21,2024-09-07T13:53:00,card,3,11.56,1.68,13.24
2058,0006-00001642,6,,76,2024-09-07T20:07:00,card,1,4.94,1.04,5.98
2059,0001-00000576,1,372,72,2024-09-08T12:45:00,mobile,3,26.65,5.20,31.85
2060,0007-00001264,7,,30,2024-09-09T10:08:00,card,3,12.99,2.73,15.72
2061,0002-00002730,2,,85,2024-09-09T16:16:00,cash,1,9.92,2.08,12.00
2062,0001-00002493,1,,72,2024-09-10T12:55:00,card,4,21.96,2.75,24.71
2063,0005-00002214,5,,8,2024-09-10T13:29:00,card,1,5.72,0.23,5.95
2064,0003-00002455,3,,9,2024-09-10T15:30:00,card,1,2.69,0.56,3.25
2065,0003-00001861,3,340,9,2024-09-11T13:37:00,card,1,3.41,0.34,3.75
2066,0002-00000535,2,,42,2024-09-11T18:45:00,card,1,2.88,0.61,3.49
2067,0005-00002544,5,540,99,2024-09-11T19:48:00,cash,4,16.83,2.33,19.16
2068,0007-00002880,7,,18,2024-09-12T09:07:00,card,4,34.38,4.12,38.50
2069,0008-00000094,8,413,65,2024-09-12T09:08:00,cash,2,7.79,1.15,8.94
2070,0004-00002535,4,,91,2024-09-12T13:35:00,card,1,11.13,2.34,13.47
2071,0007-00000159,7,168,18,2024-09-12T14:08:00,card,1,15.50,3.25,18.75
2072,0002-00001798,2,,5,2024-09-12T16:26:00,card,2,11.12,1.85,12.97
2073,0002-00001693,2,340,85,2024-09-13T10:49:00,card,4,52.08,10.29,62.37
2074,0005-00001510,5,,31,2024-09-13T11:49:00,mobile,8,62.87,8.64,71.51
2075,0007-00000277,7,793,18,2024-09-13T12:27:00,card,1,1.23,0.26,1.49
2076,0003-00002060,3,,9,2024-09-13T13:04:00,card,2,3.90,0.58,4.48
2077,0004-00002531,4,,91,2024-09-13T15:43:00,cash,1,3.30,0.69,3.99
2078,0003-00002344,3,354,9,2024-09-14T09:06:00,card,1,6.53,1.37,7.90
2079,0001-00000379,1,474,72,2024-09-14T12:05:00,cash,2,16.81,1.68,18.49
2080,0006-00001283,6,641,76,2024-09-14T12:06:00,mobile,4,73.30,12.70,86.00
2081,0008-00001372,8,,47,2024-09-14T12:55:00,card,2,5.19,0.29,5.48
2082,0002-00001314,2,125,98,2024-09-14T19:33:00,voucher,1,1.83,0.07,1.90
2083,0006-00001496,6,,71,2024-09-14T20:02:00,card,2,4.69,0.79,5.48
2084,0007-00002489,7,,109,2024-09-16T09:36:00,card,1,1.82,0.18,2.00
2085,0001-00000243,1,,72,2024-09-16T19:30:00,cash,1,1.77,0.18,1.95
2086,0007-00002579,7,,73,2024-09-16T19:40:00,voucher,1,13.06,2.74,15.80
2087,0004-00000817,4,469,69,2024-09-17T15:19:00,mobile,9,42.85,5.52,48.37
2088,0001-00001137,1,,72,2024-09-17T21:32:00,card,8,44.02,5.56,49.58
2089,0007-00001559,7,551,73,2024-09-18T13:18:00,card,2,2.35,0.49,2.84
2090,0004-00001972,4,,69,2024-09-19T09:45:00,cash,1,2.95,0.29,3.24
2091,0008-00002484,8,431,29,2024-09-19T10:04:00,cash,1,3.84,0.15,3.99
2092,0003-00001404,3,,9,2024-09-19T12:45:00,card,8,41.81,7.55,49.36
2093,0003-00003000,3,458,9,2024-09-20T16:15:00,cash,1,1.64,0.35,1.99
2094,0008-00002820,8,,21,2024-09-20T17:45:00,cash,1,1.87,0.08,1.95
2095,0001-00001793,1,739,72,2024-09-21T10:35:00,card,2,4.28,0.70,4.98
2096,0002-00001991,2,117,5,2024-09-21T13:52:00,card,4,13.78,1.16,14.94
2097,0005-00001383,5,,8,2024-09-21T16:18:00,mobile,1,4.94,1.04,5.98
2098,0002-00000029,2,,85,2024-09-21T21:59:00,card,3,15.58,0.83,16.41
2099,0007-00000813,7,405,73,2024-09-22T11:43:00,card,14,76.20,9.64,85.84
2100,0004-00002935,4,,69,2024-09-22T12:12:00,cash,3,9.77,1.43,11.20
2101,0005-00002709,5,701,99,2024-09-22T12:45:00,voucher,6,26.87,3.25,30.12
2102,0008-00002723,8,527,61,2024-09-22T18:37:00,card,4,26.32,2.10,28.42
2103,0005-00000708,5,,16,2024-09-23T10:39:00,card,3,9.59,0.96,10.55
2104,0005-00001131,5,,16,2024-09-23T19:01:00,card,4,24.83,3.79,28.62
2105,0002-00001294,2,,85,2024-09-23T20:21:00,cash,4,42.07,8.83,50.90
2106,0003-00000709,3,,9,2024-09-23T20:37:00,card,1,3.62,0.36,3.98
2107,0001-00000222,1,,72,2024-09-24T16:35:00,card,3,14.37,2.52,16.89
2108,0004-00000884,4,,69,2024-09-24T20:04:00,card,1,2.44,0.51,2.95
2109,0002-00000269,2,43,5,2024-09-25T12:25:00,card,1,6.60,1.39,7.99
2110,0001-00000995,1,,72,2024-09-25T13:47:00,cash,3,15.84,3.02,18.86
2111,0001-00002614,1,,72,2024-09-25T19:12:00,cash,16,144.54,26.03,170.57
2112,0008-00000199,8,,21,2024-09-26T13:51:00,mobile,2,26.67,4.30,30.97
2113,0006-00001543,6,26,62,2024-09-26T16:01:00,card,7,51.68,10.01,61.69
2114,0008-00001145,8,153,28,2024-09-27T13:50:00,mobile,2,7.80,0.31,8.11
2115,0001-00000518,1,438,72,2024-09-27T20:40:00,card,2,6.30,0.67,6.97
2116,0002-00001239,2,31,85,2024-09-27T21:56:00,cash,5,22.63,2.54,25.17
2117,0007-00002123,7,347,30,2024-09-28T11:49:00,cash,1,3.31,0.69,4.00
2118,0006-00000492,6,,23,2024-09-28T12:25:00,card,1,0.95,0.04,0.99
2119,0002-00000338,2,,5,2024-09-28T16:03:00,card,2,7.89,1.01,8.90
2120,0001-00001101,1,,72,2024-09-28T17:33:00,card,3,41.99,8.83,50.82
2121,0002-00000262,2,,98,2024-09-28T18:16:00,cash,1,1.74,0.07,1.81
2122,0008-00001365,8,384,61,2024-09-29T10:09:00,cash,1,3.62,0.36,3.98
2123,0007-00002506,7,,18,2024-09-29T11:22:00,voucher,2,9.74,1.74,11.48
2124,0007-00002433,7,,73,2024-09-29T18:47:00,card,3,8.49,1.47,9.96
2125,0006-00000850,6,537,23,2024-09-29T19:58:00,cash,1,3.30,0.69,3.99
2126,0002-00001617,2,,98,2024-09-30T09:24:00,card,2,10.98,1.91,12.89
2127,0007-00001000,7,,30,2024-09-30T12:45:00,cash,1,10.00,1.00,11.00
2128,0003-00000462,3,452,9,2024-09-30T14:11:00,card,1,5.77,1.21,6.98
2129,0008-00001025,8,,94,2024-10-01T16:02:00,card,2,3.47,0.29,3.76
2130,0003-00001959,3,568,9,2024-10-01T18:24:00,cash,1,2.69,0.56,3.25
2131,0005-00000133,5,,8,2024-10-02T10:25:00,card,1,8.61,0.34,8.95
2132,0006-00000182,6,520,62,2024-10-02T11:15:00,card,2,5.00,0.97,5.97
2133,0003-00001813,3,,9,2024-10-02T11:31:00,card,1,1.82,0.18,2.00
2134,0006-00002410,6,470,95,2024-10-02T12:40:00,card,2,8.02,1.68,9.70
2135,0002-00001174,2,53,85,2024-10-02T18:23:00,cash,1,2.47,0.52,2.99
2136,0005-00002078,5,553,8,2024-10-02T19:54:00,card,3,22.24,1.73,23.97
2137,0003-00000131,3,,9,2024-10-03T14:17:00,card,2,7.68,0.77,8.45
2138,0005-00000339,5,95,31,2024-10-03T19:03:00,mobile,5,39.88,5.98,45.86
2139,0006-00001824,6,562,62,2024-10-04T10:06:00,card,1,2.27,0.23,2.50
2140,0005-00001148,5,106,89,2024-10-04T17:43:00,card,1,3.26,0.69,3.95
2141,0001-00001476,1,,72,2024-10-04T17:44:00,card,3,13.86,2.61,16.47
2142,0007-00001378,7,,30,2024-10-04T17:58:00,card,1,7.44,1.56,9.00
2143,0008-00000889,8,119,84,2024-10-04T18:28:00,cash,1,3.18,0.32,3.50
2144,0001-00000726,1,556,72,2024-10-04T19:01:00,cash,8,44.80,5.66,50.46
2145,0008-00001256,8,,28,2024-10-04T20:11:00,card,1,2.72,0.27,2.99
2146,0008-00000388,8,,84,2024-10-05T09:20:00,card,4,22.75,1.44,24.19
2147,0003-00002232,3,450,9,2024-10-05T10:05:00,mobile,5,53.13,9.29,62.42
2148,0003-00002739,3,556,9,2024-10-05T11:36:00,card,1,3.31,0.69,4.00
2149,0002-00001727,2,,42,2024-10-05T11:53:00,cash,1,2.69,0.56,3.25
2150,0003-00000130,3,,9,2024-10-05T20:26:00,card,9,34.12,5.43,39.55
2151,0006-00002310,6,474,76,2024-10-05T21:56:00,mobile,1,5.72,0.23,5.95
2152,0001-00002148,1,,72,2024-10-06T11:10:00,cash,1,5.45,0.54,5.99
2153,0004-00000532,4,600,91,2024-10-06T13:13:00,card,2,6.43,0.31,6.74
2154,0003-00000713,3,853,9,2024-10-07T13:11:00,card,7,41.24,4.60,45.84
2155,0003-00001848,3,,9,2024-10-07T14:20:00,cash,9,63.93,5.50,69.43
2156,0001-00000398,1,127,72,2024-10-07T19:48:00,cash,3,19.32,3.15,22.47
2157,0008-00001783,8,,84,2024-10-08T10:53:00,cash,14,101.81,12.85,114.66
2158,0003-00000303,3,87,9,2024-10-08T15:10:00,cash,2,5.76,1.22,6.98
2159,0003-00001894,3,,9,2024-10-08T21:40:00,voucher,3,22.86,4.51,27.37
2160,0007-00002879,7,,30,2024-10-09T11:56:00,mobile,6,45.19,7.69,52.88
2161,0003-00001849,3,18,9,2024-10-09T13:35:00,mobile,1,3.71,0.78,4.49
2162,0004-00002071,4,,91,2024-10-09T16:01:00,card,4,44.51,7.32,51.83
2163,0006-00001590,6,,95,2024-10-09T18:40:00,card,2,14.99,0.95,15.94
2164,0008-00001818,8,764,61,2024-10-09T18:45:00,cash,2,48.25,8.73,56.98
2165,0002-00002851,2,,42,2024-10-10T10:34:00,card,1,11.35,0.45,11.80
2166,0004-00001215,4,,91,2024-10-10T11:42:00,cash,1,1.81,0.18,1.99
2167,0003-00002042,3,,9,2024-10-10T13:09:00,card,1,4.64,0.19,4.83
2168,0005-00000021,5,,31,2024-10-10T16:21:00,mobile,3,8.74,0.67,9.41
2169,0006-00002235,6,,95,2024-10-10T20:45:00,cash,2,7.84,1.14,8.98
2170,0001-00002631,1,832,72,2024-10-11T12:40:00,cash,7,69.10,14.00,83.10
2171,0002-00000791,2,,98,2024-10-11T12:43:00,card,1,3.26,0.69,3.95
2172,0007-00001233,7,,33,2024-10-11T14:47:00,card,5,37.43,7.38,44.81
2173,0008-00000698,8,,61,2024-10-11T17:13:00,card,12,73.44,10.67,84.11
2174,0006-00000219,6,655,23,2024-10-11T18:13:00,mobile,13,140.18,11.46,151.64
2175,0002-00001298,2,786,85,2024-10-11T19:55:00,mobile,1,19.00,3.99,22.99
2176,0003-00001574,3,490,9,2024-10-12T14:33:00,mobile,1,1.64,0.35,1.99
2177,0003-00000241,3,92,9,2024-10-12T19:35:00,cash,1,9.75,2.05,11.80
2178,0008-00002472,8,605,21,2024-10-12T19:40:00,mobile,7,34.06,5.50,39.56
2179,0006-00000452,6,,95,2024-10-12T20:50:00,cash,1,2.86,0.11,2.97
2180,0003-00000283,3,,9,2024-10-12T21:48:00,cash,2,3.57,0.43,4.00
2181,0005-00000854,5,498,16,2024-10-13T11:03:00,cash,2,5.55,0.92,6.47
2182,0002-00002149,2,323,85,2024-10-13T11:45:00,card,4,34.97,4.87,39.84
2183,0001-00002874,1,,72,2024-10-13T19:27:00,card,1,7.43,1.56,8.99
2184,0006-00001511,6,739,95,2024-10-14T13:33:00,card,1,3.84,0.15,3.99
2185,0004-00001390,4,,91,2024-10-14T17:14:00,card,5,29.04,3.85,32.89
2186,0007-00001745,7,,18,2024-10-16T12:58:00,card,3,13.80,1.92,15.72
2187,0008-00000913,8,247,21,2024-10-16T20:06:00,mobile,2,6.81,1.42,8.23
2188,0001-00000649,1,,72,2024-10-17T09:07:00,card,2,8.91,0.81,9.72
2189,0001-00002205,1,561,72,2024-10-18T14:18:00,card,14,120.36,16.66,137.02
2190,0008-00000318,8,,29,2024-10-18T16:05:00,card,2,9.62,0.39,10.01
2191,0007-00002004,7,39,33,2024-10-18T16:50:00,cash,3,5.87,0.60,6.47
2192,0004-00001903,4,,69,2024-10-18T18:07:00,card,6,43.42,2.74,46.16
2193,0006-00001597,6,,62,2024-10-19T12:59:00,cash,1,2.88,0.61,3.49
2194,0007-00001729,7,453,109,2024-10-19T14:58:00,card,1,3.33,0.13,3.46
2195,0002-00002549,2,218,5,2024-10-19T16:05:00,cash,4,64.58,11.14,75.72
2196,0002-00000751,2,,42,2024-10-19T20:50:00,card,3,28.20,3.90,32.10
2197,0007-00001528,7,,109,2024-10-19T20:58:00,card,5,15.92,1.27,17.19
2198,0008-00002807,8,,61,2024-10-20T17:50:00,card,2,13.40,0.53,13.93
2199,0002-00001481,2,,98,2024-10-21T11:39:00,card,1,3.62,0.36,3.98
2200,0006-00001508,6,302,76,2024-10-21T14:31:00,card,5,30.01,5.51,35.52
2201,0005-00000812,5,,8,2024-10-22T12:11:00,cash,3,34.76,2.19,36.95
2202,0001-00000340,1,650,72,2024-10-22T18:16:00,card,9,40.92,7.27,48.19
2203,0003-00000537,3,629,9,2024-10-22T19:41:00,card,11,91.93,11.75,103.68
2204,0003-00000568,3,532,9,2024-10-22T19:50:00,card,1,4.34,0.91,5.25
2205,0004-00002722,4,525,69,2024-10-22T21:08:00,card,1,14.88,3.12,18.00
2206,0001-00000720,1,411,72,2024-10-23T12:05:00,card,1,1.12,0.11,1.23
2207,0006-00002955,6,,95,2024-10-23T18:01:00,card,2,7.39,1.55,8.94
2208,0003-00000935,3,,9,2024-10-23T20:08:00,card,2,11.71,2.26,13.97
2209,0005-00002816,5,,99,2024-10-24T11:36:00,card,3,10.97,1.64,12.61
2210,0008-00001110,8,866,21,2024-10-24T15:13:00,mobile,4,10.99,0.97,11.96
2211,0005-00002270,5,,8,2024-10-24T17:13:00,card,4,22.23,4.22,26.45
2212,0004-00002708,4,29,91,2024-10-24T20:58:00,mobile,3,17.81,1.64,19.45
2213,0003-00000875,3,364,9,2024-10-25T11:42:00,card,15,118.90,19.46,138.36
2214,0004-00001402,4,273,69,2024-10-25T20:46:00,mobile,6,34.41,6.02,40.43
2215,0004-00002477,4,,91,2024-10-26T09:12:00,card,1,2.70,0.27,2.97
2216,0001-00000604,1,278,72,2024-10-26T11:20:00,card,2,15.26,2.62,17.88
2217,0004-00001111,4,707,69,2024-10-26T12:08:00,card,2,16.69,1.78,18.47
2218,0001-00002236,1,634,72,2024-10-26T12:48:00,mobile,1,5.36,0.54,5.90
2219,0007-00000459,7,119,109,2024-10-26T13:41:00,card,1,6.17,1.30,7.47
2220,0003-00002238,3,71,9,2024-10-26T15:34:00,cash,4,34.45,3.36,37.81
2221,0001-00001160,1,715,72,2024-10-26T16:20:00,voucher,2,8.06,1.34,9.40
2222,0001-00001934,1,596,72,2024-10-26T18:18:00,card,1,4.09,0.16,4.25
2223,0006-00002049,6,,95,2024-10-26T19:24:00,card,1,37.19,7.81,45.00
2224,0001-00001492,1,,72,2024-10-26T19:59:00,card,1,2.89,0.61,3.50
2225,0008-00000795,8,,65,2024-10-28T13:43:00,cash,2,7.37,0.56,7.93
2226,0001-00000227,1,106,72,2024-10-28T19:01:00,cash,1,1.91,0.08,1.99
2227,0008-00001852,8,,65,2024-10-29T18:39:00,card,1,2.50,0.25,2.75
2228,0001-00002251,1,244,72,2024-10-29T19:22:00,card,1,1.44,0.06,1.50
2229,0001-00002697,1,,72,2024-10-30T10:27:00,cash,1,7.40,1.55,8.95
2230,0004-00001423,4,,91,2024-10-30T20:44:00,mobile,2,6.52,1.37,7.89
2231,0007-00000845,7,,10,2024-10-30T21:39:00,cash,2,8.19,1.54,9.73
2232,0005-00001042,5,221,89,2024-10-31T10:24:00,mobile,1,6.35,0.63,6.98
2233,0004-00002911,4,274,69,2024-10-31T13:46:00,card,5,35.91,3.40,39.31
2234,0007-00001100,7,681,33,2024-10-31T19:39:00,card,2,5.64,0.33,5.97
2235,0008-00000644,8,578,65,2024-10-31T20:29:00,card,1,4.55,0.95,5.50
2236,0005-00002762,5,,8,2024-11-01T09:54:00,card,3,9.59,1.32,10.91
2237,0008-00001009,8,,65,2024-11-01T10:07:00,card,1,2.89,0.61,3.50
2238,0003-00002932,3,,9,2024-11-01T12:22:00,card,1,5.28,0.21,5.49
2239,0003-00001892,3,240,9,2024-11-01T20:25:00,card,1,13.58,1.36,14.94
2240,0007-00001854,7,,30,2024-11-01T20:57:00,card,5,21.95,2.75,24.70
2241,0002-00002721,2,,98,2024-11-02T09:15:00,card,4,21.49,1.97,23.46
2242,0006-00000259,6,884,95,2024-11-02T12:52:00,cash,1,4.54,0.95,5.49
2243,0008-00001579,8,861,84,2024-11-02T17:30:00,card,9,46.26,8.06,54.32
2244,0003-00000333,3,,9,2024-11-03T11:27:00,card,5,23.99,4.47,28.46
2245,0001-00000394,1,,72,2024-11-04T12:13:00,card,3,36.84,2.11,38.95
2246,0007-00001733,7,,33,2024-11-05T14:44:00,card,4,60.00,11.81,71.81
2247,0001-00002128,1,19,72,2024-11-05T15:15:00,cash,2,12.05,1.93,13.98
2248,0004-00000706,4,112,69,2024-11-05T19:54:00,cash,2,7.72,0.58,8.30
2249,0004-00001323,4,183,69,2024-11-06T10:49:00,card,3,52.85,10.95,63.80
2250,0008-00001336,8,92,29,2024-11-06T11:35:00,card,4,23.81,5.01,28.82
2251,0003-00001296,3,728,9,2024-11-06T13:14:00,card,1,11.35,0.45,11.80
2252,0006-00002263,6,,62,2024-11-06T18:49:00,card,2,5.70,0.79,6.49
2253,0003-00000925,3,238,9,2024-11-06T19:11:00,mobile,1,3.72,0.78,4.50
2254,0004-00000879,4,356,69,2024-11-07T11:31:00,cash,4,39.55,6.01,45.56
2255,0005-00000145,5,344,16,2024-11-07T12:27:00,card,1,3.30,0.69,3.99
2256,0008-00000391,8,,94,2024-11-07T16:49:00,card,3,10.52,1.86,12.38
2257,0005-00000490,5,,16,2024-11-08T16:08:00,cash,2,7.70,0.77,8.47
2258,0006-00000635,6,,76,2024-11-08T19:04:00,cash,1,4.79,0.19,4.98
2259,0001-00002928,1,,72,2024-11-09T10:04:00,cash,3,20.47,3.50,23.97
2260,0006-00002536,6,220,62,2024-11-09T11:02:00,mobile,1,5.44,0.54,5.98
2261,0002-00002748,2,778,42,2024-11-09T20:31:00,card,1,3.55,0.35,3.90
2262,0004-00001064,4,283,69,2024-11-10T16:03:00,card,5,52.37,11.00,63.37
2263,0008-00000017,8,308,21,2024-11-10T19:31:00,card,9,141.07,21.93,163.00
2264,0004-00000380,4,,91,2024-11-11T12:46:00,card,1,2.47,0.52,2.99
2265,0007-00001927,7,236,73,2024-11-11T16:01:00,card,2,8.91,0.89,9.80
2266,0005-00000561,5,460,16,2024-11-11T18:50:00,cash,5,40.06,6.63,46.69
2267,0003-00002258,3,143,9,2024-11-13T19:20:00,card,6,47.92,6.28,54.20
2268,0002-00002254,2,,98,2024-11-13T20:59:00,cash,4,31.49,4.17,35.66
2269,0008-00000639,8,,103,2024-11-14T12:05:00,card,2,15.07,0.69,15.76
2270,0003-00002072,3,,9,2024-11-14T12:13:00,cash,1,0.82,0.17,0.99
2271,0002-00001424,2,194,85,2024-11-15T09:47:00,cash,2,6.77,0.93,7.70
2272,0005-00002947,5,208,89,2024-11-15T10:26:00,card,1,8.65,1.82,10.47
2273,0005-00000474,5,,8,2024-11-15T11:01:00,card,2,18.47,3.88,22.35
2274,0008-00000886,8,,61,2024-11-15T13:32:00,card,2,15.93,3.04,18.97
2275,0004-00000119,4,291,91,2024-11-15T15:56:00,card,1,4.95,1.04,5.99
2276,0005-00002138,5,800,99,2024-11-15T16:41:00,card,1,10.45,1.04,11.49
2277,0005-00000578,5,97,89,2024-11-15T19:01:00,card,11,69.49,10.23,79.72
2278,0006-00001346,6,,62,2024-11-15T19:17:00,card,10,72.26,14.88,87.14
2279,0003-00002132,3,,9,2024-11-16T11:26:00,card,1,2.07,0.43,2.50
2280,0001-00001076,1,854,72,2024-11-16T12:14:00,mobile,9,74.33,9.64,83.97
2281,0003-00000827,3,329,9,2024-11-16T12:33:00,cash,6,26.63,4.20,30.83
2282,0002-00000301,2,113,98,2024-11-16T18:22:00,cash,1,14.03,2.95,16.98
2283,0001-00002419,1,,72,2024-11-16T19:59:00,card,4,43.25,7.96,51.21
2284,0007-00001073,7,,30,2024-11-16T21:43:00,card,2,28.31,5.63,33.94
2285,0003-00001362,3,,9,2024-11-17T10:21:00,mobile,2,6.72,1.42,8.14
2286,0002-00002434,2,745,85,2024-11-17T18:57:00,cash,9,114.92,20.68,135.60
2287,0005-00002540,5,,99,2024-11-18T13:16:00,voucher,1,6.60,1.38,7.98
2288,0002-00002938,2,,77,2024-11-19T18:01:00,card,2,18.24,1.56,19.80
2289,0006-00001953,6,428,76,2024-11-19T19:48:00,card,1,1.80,0.07,1.87
2290,0001-00001537,1,757,72,2024-11-19T20:48:00,card,1,3.76,0.15,3.91
2291,0005-00002266,5,329,99,2024-11-20T10:15:00,cash,5,10.30,1.63,11.93
2292,0004-00002466,4,,69,2024-11-20T19:46:00,card,1,3.63,0.36,3.99
2293,0005-00002843,5,63,89,2024-11-21T10:37:00,card,2,33.99,6.74,40.73
2294,0006-00002453,6,890,95,2024-11-21T10:58:00,cash,3,11.90,2.28,14.18
2295,0003-00000299,3,,9,2024-11-21T11:59:00,cash,1,2.69,0.56,3.25
2296,0003-00002550,3,,9,2024-11-21T12:48:00,card,4,12.43,1.51,13.94
2297,0008-00001765,8,,47,2024-11-21T12:54:00,mobile,2,16.46,2.48,18.94
2298,0001-00000476,1,193,72,2024-11-21T16:48:00,card,2,16.11,1.88,17.99
2299,0007-00002999,7,721,109,2024-11-21T16:50:00,card,7,71.53,11.67,83.20
2300,0004-00002946,4,812,69,2024-11-21T17:16:00,card,3,24.98,5.25,30.23
2301,0003-00000213,3,360,9,2024-11-22T10:51:00,mobile,2,6.31,0.63,6.94
2302,0006-00001376,6,,23,2024-11-23T11:21:00,cash,1,2.34,0.49,2.83
2303,0003-00000170,3,,9,2024-11-23T11:22:00,card,2,10.94,2.30,13.24
2304,0003-00002913,3,,9,2024-11-23T12:15:00,mobile,6,22.58,4.12,26.70
2305,0003-00001588,3,,9,2024-11-23T19:58:00,card,4,15.26,2.70,17.96
2306,0001-00001216,1,895,72,2024-11-23T21:35:00,card,1,5.75,0.23,5.98
2307,0003-00002314,3,,9,2024-11-24T12:20:00,mobile,6,70.64,13.87,84.51
2308,0006-00000103,6,,62,2024-11-24T20:18:00,card,1,3.25,0.13,3.38
2309,0007-00001198,7,591,18,2024-11-25T12:43:00,card,4,15.66,3.29,18.95
2310,0001-00002593,1,,72,2024-11-25T13:50:00,card,4,24.55,2.70,27.25
2311,0001-00002405,1,886,72,2024-11-25T15:41:00,cash,4,13.33,1.62,14.95
2312,0003-00000307,3,,9,2024-11-25T16:09:00,card,7,36.26,5.67,41.93
2313,0004-00002713,4,,69,2024-11-26T21:49:00,card,2,10.94,1.91,12.85
2314,0005-00001781,5,,99,2024-11-27T13:26:00,card,2,71.88,3.33,75.21
2315,0003-00002600,3,172,9,2024-11-27T14:11:00,card,4,38.71,8.14,46.85
2316,0003-00000997,3,777,9,2024-11-27T14:52:00,card,3,22.18,2.57,24.75
2317,0003-00001689,3,,9,2024-11-27T15:00:00,cash,6,61.99,4.93,66.92
2318,0005-00000722,5,400,31,2024-11-28T10:31:00,cash,3,20.85,3.08,23.93
2319,0001-00001610,1,841,72,2024-11-28T21:10:00,card,2,18.42,2.40,20.82
2320,0006-00001214,6,326,23,2024-11-29T12:18:00,cash,2,5.34,1.12,6.46
2321,0004-00001553,4,482,69,2024-11-29T20:20:00,card,1,4.09,0.86,4.95
2322,0008-00002364,8,218,47,2024-11-30T12:54:00,card,6,34.48,3.21,37.69
2323,0001-00001367,1,280,72,2024-11-30T19:48:00,card,2,8.70,1.30,10.00
2324,0007-00000655,7,,55,2024-11-30T20:23:00,card,10,38.95,6.67,45.62
2325,0001-00000183,1,124,72,2024-11-30T21:05:00,card,1,11.88,0.48,12.36
2326,0002-00000250,2,784,77,2024-12-03T14:05:00,cash,1,2.30,0.48,2.78
2327,0007-00001966,7,54,30,2024-12-03T15:03:00,cash,1,2.48,0.52,3.00
2328,0003-00001933,3,835,9,2024-12-04T09:30:00,cash,2,3.63,0.36,3.99
2329,0005-00002134,5,413,89,2024-12-04T13:04:00,cash,1,22.29,4.68,26.97
2330,0002-00000826,2,,5,2024-12-04T14:07:00,mobile,2,13.52,2.44,15.96
2331,0006-00001244,6,,23,2024-12-05T11:34:00,card,1,7.40,1.55,8.95
2332,0008-00000939,8,417,103,2024-12-05T12:19:00,card,1,3.71,0.78,4.49
2333,0008-00002365,8,,65,2024-12-07T12:47:00,card,3,15.88,2.39,18.27
2334,0005-00001734,5,562,16,2024-12-07T14:54:00,mobile,6,43.24,3.22,46.46
2335,0008-00000697,8,,21,2024-12-07T19:11:00,mobile,3,16.11,0.86,16.97
2336,0003-00000092,3,59,9,2024-12-07T20:58:00,card,1,3.30,0.69,3.99
2337,0001-00001095,1,,72,2024-12-08T20:59:00,card,4,32.57,3.12,35.69
2338,0003-00000558,3,,9,2024-12-09T19:32:00,card,4,18.95,2.74,21.69
2339,0001-00002194,1,,72,2024-12-10T09:45:00,cash,2,7.27,1.52,8.79
2340,0008-00001186,8,2,47,2024-12-10T11:12:00,card,1,4.94,1.04,5.98
2341,0003-00000252,3,,9,2024-12-10T18:12:00,card,2,15.17,2.06,17.23
2342,0003-00001114,3,,9,2024-12-11T13:10:00,card,4,15.93,1.89,17.82
2343,0002-00000412,2,686,98,2024-12-11T17:02:00,cash,40,330.57,45.49,376.06
2344,0008-00002446,8,,21,2024-12-11T19:47:00,cash,1,1.64,0.35,1.99
2345,0006-00000954,6,619,62,2024-12-12T19:00:00,card,1,2.70,0.27,2.97
2346,0002-00002181,2,501,42,2024-12-13T18:19:00,card,1,2.26,0.23,2.49
2347,0002-00002033,2,,5,2024-12-14T12:27:00,card,4,11.97,2.19,14.16
2348,0001-00002330,1,,72,2024-12-14T13:47:00,card,2,13.58,2.26,15.84
2349,0004-00001722,4,,91,2024-12-14T18:47:00,card,2,27.25,5.73,32.98
2350,0004-00002848,4,,69,2024-12-14T19:34:00,cash,4,18.63,1.12,19.75
2351,0007-00002343,7,,109,2024-12-14T20:11:00,card,1,18.60,3.90,22.50
2352,0008-00001449,8,784,28,2024-12-15T15:39:00,cash,4,18.69,2.81,21.50
2353,0005-00000804,5,602,31,2024-12-16T11:03:00,card,2,77.75,15.75,93.50
2354,0007-00000406,7,,30,2024-12-16T17:49:00,card,3,32.20,6.76,38.96
2355,0004-00001261,4,164,91,2024-12-16T18:53:00,cash,5,32.12,5.28,37.40
2356,0006-00002156,6,,23,2024-12-16T20:14:00,card,2,2.99,0.49,3.48
2357,0003-00001564,3,48,9,2024-12-17T12:45:00,cash,2,12.06,2.29,14.35
2358,0002-00001274,2,,42,2024-12-17T16:22:00,card,5,35.69,2.44,38.13
2359,0007-00001056,7,,109,2024-12-17T17:29:00,card,3,19.26,1.75,21.01
2360,0001-00002504,1,56,72,2024-12-17T18:10:00,card,5,39.83,3.10,42.93
2361,0005-00000311,5,,16,2024-12-18T13:44:00,mobile,1,2.68,0.27,2.95
2362,0007-00000120,7,,18,2024-12-18T18:16:00,card,2,18.17,3.81,21.98
2363,0004-00000313,4,842,69,2024-12-19T11:04:00,card,1,0.76,0.08,0.84
2364,0005-00000403,5,556,99,2024-12-20T09:27:00,cash,5,27.87,3.95,31.82
2365,0004-00002323,4,261,91,2024-12-20T11:18:00,cash,10,56.24,5.87,62.11
2366,0001-00000248,1,,72,2024-12-20T12:05:00,card,1,0.47,0.05,0.52
2367,0006-00001837,6,660,95,2024-12-20T19:06:00,card,1,3.18,0.32,3.50
2368,0004-00002548,4,,91,2024-12-21T09:01:00,card,1,2.06,0.43,2.49
2369,0008-00002311,8,717,65,2024-12-21T10:28:00,card,10,102.43,18.71,121.14
2370,0005-00000112,5,776,99,2024-12-21T10:31:00,voucher,1,11.13,2.34,13.47
2371,0001-00000957,1,,72,2024-12-21T15:42:00,cash,2,43.76,9.18,52.94
2372,0007-00002846,7,175,18,2024-12-21T19:06:00,card,11,62.67,9.19,71.86
2373,0006-00002742,6,253,76,2024-12-21T19:37:00,mobile,10,70.08,6.79,76.87
2374,0001-00000012,1,,72,2024-12-22T10:26:00,card,1,1.35,0.14,1.49
2375,0003-00002676,3,473,9,2024-12-22T11:26:00,card,3,6.02,1.01,7.03
2376,0005-00001121,5,266,89,2024-12-22T14:53:00,card,1,7.44,1.56,9.00
2377,0008-00002114,8,,84,2024-12-23T16:59:00,card,2,10.53,2.21,12.74
2378,0008-00002586,8,722,65,2024-12-23T18:28:00,mobile,7,47.06,6.13,53.19
2379,0008-00001808,8,383,84,2024-12-23T20:44:00,cash,6,40.58,7.37,47.95
2380,0001-00002091,1,,72,2024-12-24T17:33:00,cash,1,2.71,0.27,2.98
2381,0005-00001004,5,841,99,2024-12-24T18:42:00,card,2,14.03,2.94,16.97
2382,0002-00001653,2,,85,2024-12-26T12:43:00,cash,1,2.89,0.61,3.50
2383,0004-00001999,4,,69,2024-12-26T15:32:00,card,2,10.17,1.53,11.70
2384,0006-00001029,6,,62,2024-12-26T16:57:00,card,2,7.04,0.70,7.74
2385,0006-00002688,6,690,62,2024-12-26T18:01:00,card,5,59.47,5.32,64.79
2386,0006-00001970,6,861,95,2024-12-27T10:52:00,card,1,11.57,2.43,14.00
2387,0001-00000195,1,299,72,2024-12-27T15:50:00,cash,16,94.71,13.87,108.58
2388,0005-00000279,5,,16,2024-12-27T20:16:00,cash,1,5.74,1.21,6.95
2389,0006-00002369,6,502,23,2024-12-28T11:48:00,cash,1,2.44,0.51,2.95
2390,0004-00002339,4,18,69,2024-12-28T11:53:00,card,1,5.79,1.21,7.00
2391,0007-00001219,7,404,10,2024-12-28T16:55:00,cash,2,11.99,1.77,13.76
2392,0005-00002652,5,,99,2024-12-28T19:20:00,card,2,15.52,1.44,16.96
2393,0004-00001622,4,,69,2024-12-28T19:26:00,card,1,1.23,0.26,1.49
2394,0002-00001187,2,458,42,2024-12-28T19:46:00,card,4,20.59,4.32,24.91
2395,0006-00002825,6,440,76,2024-12-29T10:41:00,card,2,12.71,2.27,14.98
2396,0008-00001876,8,,29,2024-12-29T16:33:00,card,5,21.02,1.41,22.43
2397,0008-00001521,8,,29,2024-12-29T18:49:00,card,3,40.33,3.08,43.41
2398,0005-00000676,5,582,31,2024-12-31T10:51:00,card,5,44.78,8.43,53.21
2399,0006-00000246,6,,71,2024-12-31T19:21:00,mobile,7,45.91,6.43,52.34
2400,0005-00002476,5,,31,2025-01-01T19:34:00,card,4,43.59,8.11,51.70
2401,0003-00000056,3,705,9,2025-01-02T09:57:00,cash,3,28.26,5.93,34.19
2402,0008-00000760,8,780,103,2025-01-02T11:20:00,cash,2,4.33,0.62,4.95
2403,0005-00000273,5,5,99,2025-01-02T18:55:00,card,3,15.36,0.85,16.21
2404,0002-00002406,2,,5,2025-01-02T19:18:00,cash,3,23.16,2.63,25.79
2405,0006-00000882,6,,95,2025-01-03T11:19:00,card,5,36.69,7.21,43.90
2406,0001-00002849,1,528,72,2025-01-03T11:30:00,card,1,4.12,0.86,4.98
2407,0008-00000870,8,,29,2025-01-03T12:31:00,card,1,2.93,0.29,3.22
2408,0001-00002409,1,,72,2025-01-03T13:59:00,card,1,10.56,0.42,10.98
2409,0008-00000602,8,,21,2025-01-04T10:47:00,cash,4,24.06,2.17,26.23
2410,0001-00002659,1,696,72,2025-01-04T12:19:00,card,1,2.44,0.51,2.95
2411,0007-00001692,7,,55,2025-01-04T13:39:00,card,1,2.27,0.23,2.50
2412,0006-00001071,6,,62,2025-01-04T15:28:00,card,6,94.94,16.77,111.71
2413,0001-00001155,1,606,72,2025-01-04T18:30:00,mobile,2,21.90,4.60,26.50
2414,0006-00000831,6,316,23,2025-01-04T19:18:00,cash,5,23.11,4.30,27.41
2415,0005-00001234,5,,16,2025-01-04T19:55:00,cash,2,20.28,1.37,21.65
2416,0004-00000486,4,,91,2025-01-05T11:09:00,card,4,82.48,16.74,99.22
2417,0003-00000963,3,619,9,2025-01-06T10:13:00,card,1,9.90,2.08,11.98
2418,0002-00000415,2,,98,2025-01-06T11:24:00,card,9,156.04,32.25,188.29
2419,0003-00000852,3,731,9,2025-01-06T20:34:00,cash,9,62.10,11.13,73.23
2420,0008-00000606,8,358,29,2025-01-07T12:18:00,cash,3,10.48,1.85,12.33
2421,0004-00000654,4,,69,2025-01-07T14:22:00,card,3,12.64,1.32,13.96
2422,0003-00000941,3,,9,2025-01-07T15:57:00,card,2,9.10,1.64,10.74
2423,0004-00001941,4,,69,2025-01-07T17:08:00,card,2,43.44,8.52,51.96
2424,0007-00001815,7,783,109,2025-01-07T19:41:00,cash,1,21.49,0.86,22.35
2425,0006-00002318,6,,62,2025-01-08T14:56:00,card,1,3.30,0.69,3.99
2426,0004-00001994,4,220,69,2025-01-08T17:28:00,card,1,2.69,0.56,3.25
2427,0008-00000239,8,653,84,2025-01-08T19:22:00,card,1,3.93,0.82,4.75
2428,0003-00000396,3,,9,2025-01-09T12:54:00,cash,1,1.59,0.16,1.75
2429,0006-00000236,6,131,23,2025-01-11T12:10:00,cash,1,14.03,2.95,16.98
2430,0004-00002336,4,,69,2025-01-11T17:46:00,card,1,0.35,0.01,0.36
2431,0007-00001581,7,4,109,2025-01-11T19:07:00,card,1,2.72,0.27,2.99
2432,0007-00002809,7,,10,2025-01-11T20:17:00,card,2,23.11,4.86,27.97
2433,0002-00002414,2,,77,2025-01-12T12:27:00,card,2,2.39,0.19,2.58
2434,0008-00001092,8,,94,2025-01-12T14:42:00,cash,2,5.87,0.58,6.45
2435,0006-00000461,6,171,23,2025-01-12T17:55:00,cash,8,28.27,4.90,33.17
2436,0003-00002089,3,108,9,2025-01-12T19:58:00,card,1,49.34,10.36,59.70
2437,0007-00001377,7,92,18,2025-01-13T11:00:00,cash,1,5.74,0.23,5.97
2438,0005-00000634,5,324,99,2025-01-13T12:43:00,card,1,14.79,3.11,17.90
2439,0008-00002104,8,361,61,2025-01-13T20:04:00,card,1,6.19,1.30,7.49
2440,0006-00002985,6,,76,2025-01-14T10:43:00,card,7,106.90,12.36,119.26
2441,0007-00000395,7,218,10,2025-01-14T11:45:00,card,4,24.34,4.12,28.46
2442,0002-00000469,2,230,77,2025-01-14T12:39:00,card,1,9.83,2.07,11.90
2443,0001-00000548,1,73,72,2025-01-15T11:05:00,card,4,16.42,3.14,19.56
2444,0008-00000704,8,,94,2025-01-15T16:05:00,card,6,45.35,8.32,53.67
2445,0002-00000695,2,360,42,2025-01-15T16:17:00,card,1,26.41,5.55,31.96
2446,0004-00000416,4,,69,2025-01-15T18:59:00,card,1,4.13,0.87,5.00
2447,0001-00000024,1,,72,2025-01-15T20:25:00,cash,1,1.24,0.26,1.50
2448,0005-00001909,5,268,89,2025-01-16T13:12:00,card,1,4.94,1.04,5.98
2449,0003-00002562,3,749,9,2025-01-16T15:43:00,cash,1,2.87,0.12,2.99
2450,0002-00002869,2,334,98,2025-01-16T20:06:00,card,1,5.45,0.54,5.99
2451,0001-00000218,1,,72,2025-01-17T10:31:00,cash,5,35.59,3.27,38.86
2452,0005-00001332,5,95,89,2025-01-17T10:43:00,card,3,30.06,4.71,34.77
2453,0008-00002564,8,,103,2025-01-17T12:01:00,card,2,13.16,1.79,14.95
2454,0004-00000513,4,860,91,2025-01-17T12:34:00,card,4,18.99,3.24,22.23
2455,0007-00001384,7,550,33,2025-01-17T19:49:00,cash,1,1.87,0.08,1.95
2456,0001-00000068,1,,72,2025-01-17T21:25:00,card,2,18.72,3.93,22.65
2457,0001-00001185,1,692,72,2025-01-18T11:51:00,cash,5,53.37,5.38,58.75
2458,0001-00001670,1,,72,2025-01-18T11:51:00,card,4,24.94,4.93,29.87
2459,0008-00000892,8,163,65,2025-01-18T12:36:00,voucher,1,11.48,0.46,11.94
2460,0004-00000871,4,716,69,2025-01-18T17:04:00,cash,1,4.16,0.17,4.33
2461,0008-00002411,8,558,61,2025-01-18T18:36:00,card,1,5.45,0.54,5.99
2462,0006-00001290,6,21,76,2025-01-19T10:18:00,cash,4,33.26,4.07,37.33
2463,0003-00001138,3,,9,2025-01-19T10:25:00,card,1,4.09,0.86,4.95
2464,0008-00002105,8,,29,2025-01-19T13:19:00,cash,6,28.33,4.84,33.17
2465,0007-00000463,7,4,18,2025-01-19T14:15:00,card,1,7.41,1.56,8.97
2466,0008-00000276,8,,61,2025-01-20T11:32:00,card,5,55.47,7.50,62.97
2467,0006-00002321,6,873,71,2025-01-21T14:43:00,card,16,77.53,9.41,86.94
2468,0005-00000866,5,484,89,2025-01-21T18:41:00,cash,1,2.06,0.43,2.49
2469,0006-00002260,6,,62,2025-01-21T21:10:00,voucher,1,4.54,0.45,4.99
2470,0005-00000994,5,106,99,2025-01-22T10:07:00,card,6,48.30,4.52,52.82
2471,0001-00000341,1,193,72,2025-01-22T13:23:00,cash,1,22.60,0.90,23.50
2472,0002-00002746,2,169,85,2025-01-22T18:26:00,mobile,4,36.04,2.09,38.13
2473,0006-00000147,6,452,95,2025-01-22T19:49:00,card,3,63.36,4.99,68.35
2474,0002-00001881,2,,5,2025-01-23T15:11:00,card,17,123.00,19.74,142.74
2475,0005-00001576,5,203,31,2025-01-24T09:39:00,card,3,10.50,1.43,11.93
2476,0006-00001949,6,,71,2025-01-25T18:52:00,card,2,3.10,0.34,3.44
2477,0003-00001856,3,503,9,2025-01-25T20:59:00,card,3,15.53,1.44,16.97
2478,0004-00000632,4,373,91,2025-01-26T17:05:00,cash,1,10.10,0.40,10.50
2479,0004-00001302,4,130,69,2025-01-26T20:42:00,card,4,33.33,5.53,38.86
2480,0006-00001502,6,,76,2025-01-27T11:23:00,card,1,24.71,5.19,29.90
2481,0004-00000550,4,831,69,2025-01-27T12:12:00,mobile,1,5.72,0.23,5.95
2482,0003-00002750,3,558,9,2025-01-27T16:05:00,cash,1,5.43,0.54,5.97
2483,0006-00002271,6,372,76,2025-01-28T09:50:00,mobile,2,6.33,0.90,7.23
2484,0001-00000905,1,511,72,2025-01-28T10:19:00,voucher,1,2.72,0.27,2.99
2485,0002-00000251,2,112,98,2025-01-28T11:47:00,card,1,8.88,0.36,9.24
2486,0006-00002391,6,466,62,2025-01-28T11:59:00,cash,3,37.49,6.30,43.79
2487,0004-00001548,4,441,91,2025-01-28T12:48:00,cash,3,26.41,3.04,29.45
2488,0005-00002495,5,324,99,2025-01-28T13:31:00,cash,4,25.33,2.14,27.47
2489,0002-00001532,2,88,77,2025-01-29T17:06:00,cash,1,2.72,0.27,2.99
2490,0008-00002778,8,545,28,2025-01-29T18:02:00,cash,3,39.13,7.46,46.59
2491,0002-00002079,2,,85,2025-01-30T09:17:00,card,3,9.04,1.08,10.12
2492,0004-00000570,4,648,91,2025-01-30T09:52:00,cash,1,3.30,0.69,3.99
2493,0006-00002912,6,,71,2025-01-30T18:23:00,voucher,3,14.46,1.28,15.74
2494,0002-00001164,2,,5,2025-01-31T09:16:00,card,2,22.93,4.82,27.75
2495,0008-00002415,8,367,61,2025-01-31T11:42:00,cash,1,17.77,3.73,21.50
2496,0008-00001607,8,,94,2025-01-31T13:33:00,card,2,17.53,3.69,21.22
2497,0003-00001592,3,,9,2025-01-31T13:43:00,card,4,20.12,2.37,22.49
2498,0002-00000715,2,695,77,2025-01-31T13:56:00,card,1,5.44,0.54,5.98
2499,0001-00000220,1,307,72,2025-02-01T17:26:00,cash,3,47.83,6.87,54.70
2500,0006-00000860,6,568,71,2025-02-01T18:57:00,cash,1,2.88,0.12,3.00
2501,0001-00002230,1,,72,2025-02-01T20:24:00,cash,1,4.94,1.04,5.98
2502,0006-00002891,6,700,95,2025-02-02T13:31:00,card,1,5.00,0.50,5.50
2503,0006-00001869,6,,71,2025-02-03T12:04:00,card,2,10.91,2.05,12.96
2504,0008-00002665,8,,65,2025-02-03T13:40:00,card,1,11.49,2.41,13.90
2505,0008-00001870,8,330,29,2025-02-03T13:44:00,card,1,2.88,0.12,3.00
2506,0001-00001703,1,,72,2025-02-03T14:35:00,card,1,2.06,0.43,2.49
2507,0003-00001222,3,63,9,2025-02-04T10:01:00,card,3,13.15,1.56,14.71
2508,0001-00002014,1,33,72,2025-02-05T09:31:00,cash,4,19.66,3.05,22.71
2509,0006-00002745,6,286,62,2025-02-06T16:35:00,card,2,6.47,0.33,6.80
2510,0001-00000258,1,,72,2025-02-06T20:25:00,card,3,17.10,0.84,17.94
2511,0002-00002125,2,727,77,2025-02-07T10:29:00,mobile,1,4.54,0.45,4.99
2512,0005-00002856,5,6,8,2025-02-07T11:29:00,cash,4,13.71,1.74,15.45
2513,0007-00001201,7,,55,2025-02-07T12:27:00,card,2,27.26,5.73,32.99
2514,0001-00000894,1,85,72,2025-02-07T15:01:00,card,6,57.45,9.94,67.39
2515,0007-00002373,7,,18,2025-02-07T17:48:00,card,2,9.70,1.24,10.94
2516,0001-00002508,1,34,72,2025-02-07T18:33:00,voucher,3,11.66,1.71,13.37
2517,0006-00000923,6,,95,2025-02-07T18:41:00,card,2,26.42,2.78,29.20
2518,0007-00000658,7,414,18,2025-02-07T20:25:00,card,9,91.27,9.33,100.60
2519,0001-00000775,1,,72,2025-02-08T09:10:00,cash,1,10.74,2.25,12.99
2520,0007-00002610,7,530,73,2025-02-08T12:19:00,card,6,41.12,4.55,45.67
2521,0001-00000527,1,887,72,2025-02-08T14:18:00,mobile,1,7.67,0.31,7.98
2522,0003-00002712,3,,9,2025-02-08T16:48:00,cash,4,31.37,3.31,34.68
2523,0007-00001805,7,,10,2025-02-08T18:52:00,mobile,1,1.64,0.34,1.98
2524,0008-00002555,8,,65,2025-02-08T20:03:00,card,3,5.69,0.79,6.48
2525,0007-00001149,7,897,33,2025-02-08T20:55:00,cash,1,1.81,0.18,1.99
2526,0007-00000673,7,899,30,2025-02-09T11:49:00,card,3,18.67,2.67,21.34
2527,0007-00002710,7,,30,2025-02-09T12:17:00,card,2,8.13,0.81,8.94
2528,0004-00002785,4,,69,2025-02-09T12:18:00,card,5,57.12,8.52,65.64
2529,0006-00000956,6,,95,2025-02-09T16:18:00,card,1,18.15,1.81,19.96
2530,0001-00001177,1,599,72,2025-02-10T13:48:00,card,2,4.36,0.92,5.28
2531,0001-00001153,1,214,72,2025-02-10T16:14:00,card,1,1.93,0.19,2.12
2532,0008-00002028,8,160,28,2025-02-10T17:02:00,mobile,7,103.79,19.10,122.89
2533,0005-00002197,5,762,89,2025-02-11T12:48:00,card,1,8.18,1.72,9.90
2534,0001-00002080,1,242,72,2025-02-11T14:50:00,cash,1,7.43,1.56,8.99
2535,0002-00000358,2,610,5,2025-02-11T15:13:00,cash,2,6.47,0.26,6.73
2536,0006-00001867,6,839,23,2025-02-11T17:24:00,card,4,37.99,2.83,40.82
2537,0005-00001134,5,,31,2025-02-11T19:00:00,card,2,3.21,0.64,3.85
2538,0002-00001003,2,689,42,2025-02-12T11:54:00,card,3,10.10,1.83,11.93
2539,0005-00000742,5,63,8,2025-02-12T12:44:00,card,2,8.39,1.76,10.15
2540,0006-00001158,6,393,62,2025-02-12T13:52:00,voucher,1,5.45,0.54,5.99
2541,0003-00002572,3,,9,2025-02-12T18:42:00,card,1,4.09,0.41,4.50
2542,0003-00000732,3,,9,2025-02-13T10:26:00,mobile,2,8.97,0.92,9.89
2543,0002-00000816,2,,42,2025-02-13T12:12:00,card,1,9.08,1.91,10.99
2544,0001-00000167,1,65,72,2025-02-13T12:48:00,card,1,1.64,0.35,1.99
2545,0006-00002203,6,,71,2025-02-13T13:00:00,cash,4,11.89,1.87,13.76
2546,0002-00000891,2,2,77,2025-02-13T13:19:00,card,3,8.20,0.75,8.95
2547,0007-00000909,7,,109,2025-02-14T10:24:00,card,1,1.77,0.18,1.95
2548,0002-00002184,2,675,42,2025-02-14T12:42:00,cash,2,7.79,1.15,8.94
2549,0006-00000681,6,77,62,2025-02-14T13:32:00,card,18,88.62,14.99,103.61
2550,0007-00002906,7,,33,2025-02-14T14:26:00,card,2,8.67,1.82,10.49
2551,0007-00000830,7,681,33,2025-02-14T15:28:00,card,1,2.87,0.12,2.99
2552,0008-00002389,8,,47,2025-02-14T16:53:00,card,1,1.81,0.18,1.99
2553,0006-00000557,6,339,23,2025-02-15T09:38:00,cash,1,2.50,0.25,2.75
2554,0005-00001445,5,,89,2025-02-15T12:31:00,card,1,4.50,0.45,4.95
2555,0006-00000507,6,10,71,2025-02-15T15:51:00,cash,1,10.74,2.25,12.99
2556,0002-00002444,2,528,42,2025-02-15T16:57:00,cash,1,4.09,0.86,4.95
2557,0001-00002432,1,147,72,2025-02-16T09:48:00,card,5,33.65,7.06,40.71
2558,0008-00000294,8,,103,2025-02-16T21:26:00,card,7,26.67,3.55,30.22
2559,0004-00002418,4,263,69,2025-02-17T12:04:00,card,1,3.10,0.65,3.75
2560,0001-00000499,1,187,72,2025-02-17T13:10:00,cash,2,6.56,1.38,7.94
2561,0004-00000357,4,,69,2025-02-17T14:09:00,card,2,19.82,4.16,23.98
2562,0003-00001485,3,156,9,2025-02-17T15:55:00,card,6,48.55,6.51,55.06
2563,0004-00001099,4,,69,2025-02-18T15:33:00,cash,3,87.63,17.80,105.43
2564,0002-00002223,2,705,98,2025-02-19T10:29:00,mobile,1,2.49,0.10,2.59
2565,0001-00000138,1,,72,2025-02-19T12:10:00,card,3,8.25,1.44,9.69
2566,0008-00001093,8,402,28,2025-02-19T16:31:00,card,18,105.03,19.17,124.20
2567,0005-00002057,5,,99,2025-02-20T10:35:00,cash,1,2.39,0.10,2.49
2568,0003-00001397,3,,9,2025-02-20T14:30:00,cash,6,23.81,3.50,27.31
2569,0002-00000472,2,,77,2025-02-20T15:37:00,mobile,3,4.87,0.90,5.77
2570,0007-00002769,7,,10,2025-02-20T16:13:00,card,1,2.07,0.43,2.50
2571,0004-00000025,4,505,69,2025-02-20T17:01:00,cash,4,18.55,1.91,20.46
2572,0002-00001139,2,,98,2025-02-20T19:20:00,card,1,7.02,1.48,8.50
2573,0004-00000659,4,21,91,2025-02-21T10:08:00,cash,5,83.08,12.72,95.80
2574,0004-00002952,4,,91,2025-02-21T17:13:00,card,1,5.78,1.21,6.99
2575,0007-00000075,7,,73,2025-02-21T19:53:00,card,1,6.31,1.33,7.64
2576,0008-00001769,8,,94,2025-02-22T10:16:00,card,7,64.21,8.98,73.19
2577,0004-00002295,4,,91,2025-02-22T11:55:00,card,2,4.48,0.27,4.75
2578,0002-00001414,2,373,85,2025-02-22T13:21:00,mobile,4,22.92,2.00,24.92
2579,0003-00002939,3,444,9,2025-02-22T13:25:00,card,2,5.73,1.21,6.94
2580,0007-00000192,7,690,33,2025-02-22T14:45:00,voucher,3,16.95,3.55,20.50
2581,0002-00001437,2,756,98,2025-02-23T10:30:00,cash,2,4.37,0.62,4.99
2582,0008-00000904,8,,103,2025-02-23T12:54:00,card,4,30.49,3.71,34.20
2583,0005-00002470,5,336,8,2025-02-24T10:41:00,cash,3,28.09,5.31,33.40
2584,0008-00001757,8,,21,2025-02-24T11:32:00,card,4,42.73,6.23,48.96
2585,0008-00002554,8,,65,2025-02-24T12:15:00,cash,1,0.93,0.09,1.02
2586,0004-00000966,4,,69,2025-02-24T12:37:00,cash,1,6.69,0.27,6.96
2587,0006-00001725,6,,62,2025-02-24T20:07:00,card,4,6.31,0.61,6.92
2588,0002-00002568,2,217,42,2025-02-24T21:09:00,cash,1,8.18,1.72,9.90
2589,0005-00001977,5,450,8,2025-02-26T09:44:00,cash,1,4.95,1.04,5.99
2590,0003-00000665,3,457,9,2025-02-27T17:42:00,card,2,4.88,1.02,5.90
2591,0005-00000851,5,125,8,2025-02-28T16:32:00,card,1,8.58,0.34,8.92
2592,0005-00000055,5,,31,2025-02-28T18:29:00,card,1,5.58,1.17,6.75
2593,0004-00002775,4,,69,2025-03-01T11:51:00,card,2,4.44,0.28,4.72
2594,0006-00002386,6,,23,2025-03-01T12:58:00,cash,1,5.36,0.54,5.90
2595,0003-00000401,3,208,9,2025-03-01T18:01:00,card,8,36.46,6.86,43.32
2596,0003-00000687,3,,9,2025-03-02T14:13:00,cash,1,5.36,0.54,5.90
2597,0007-00002187,7,486,18,2025-03-02T19:49:00,cash,6,51.85,9.74,61.59
2598,0003-00000629,3,185,9,2025-03-03T12:54:00,card,2,7.00,1.48,8.48
2599,0004-00001947,4,725,69,2025-03-03T13:54:00,card,2,21.27,2.66,23.93
2600,0001-00002650,1,416,72,2025-03-03T14:19:00,card,1,10.10,0.40,10.50
2601,0001-00001320,1,,72,2025-03-03T18:18:00,card,1,3.41,0.34,3.75
2602,0005-00001676,5,698,89,2025-03-04T09:07:00,cash,8,47.97,8.37,56.34
2603,0004-00001173,4,,69,2025-03-04T20:05:00,cash,3,21.59,1.19,22.78
2604,0008-00000508,8,835,29,2025-03-05T14:00:00,cash,1,6.53,1.37,7.90
2605,0008-00000739,8,,61,2025-03-05T14:19:00,card,3,14.26,2.47,16.73
2606,0008-00002975,8,,61,2025-03-05T14:50:00,card,5,31.37,3.31,34.68
2607,0003-00001598,3,,9,2025-03-05T17:08:00,cash,1,2.44,0.51,2.95
2608,0008-00002695,8,743,21,2025-03-05T19:39:00,card,2,10.85,2.09,12.94
2609,0008-00000583,8,,84,2025-03-05T20:45:00,card,3,49.93,6.49,56.42
2610,0002-00001103,2,,85,2025-03-06T11:46:00,card,1,3.30,0.69,3.99
2611,0006-00001375,6,,23,2025-03-06T12:14:00,voucher,1,2.50,0.25,2.75
2612,0005-00002974,5,573,16,2025-03-06T16:13:00,card,8,42.60,7.06,49.66
2613,0007-00000531,7,,109,2025-03-06T17:22:00,mobile,1,76.00,15.96,91.96
2614,0004-00000211,4,433,69,2025-03-06T21:23:00,card,19,88.31,14.86,103.17
2615,0004-00001810,4,,69,2025-03-07T19:08:00,card,2,7.35,1.14,8.49
2616,0003-00002756,3,673,9,2025-03-07T19:51:00,card,14,56.06,8.84,64.90
2617,0001-00000493,1,,72,2025-03-07T20:09:00,card,2,31.36,6.59,37.95
2618,0006-00001312,6,115,62,2025-03-08T09:36:00,card,3,12.73,2.48,15.21
2619,0007-00001606,7,100,109,2025-03-08T12:26:00,card,1,3.31,0.69,4.00
2620,0002-00002613,2,28,98,2025-03-08T13:05:00,card,1,2.47,0.52,2.99
2621,0001-00001742,1,,72,2025-03-08T18:32:00,mobile,2,17.30,1.19,18.49
2622,0002-00002534,2,,85,2025-03-08T18:46:00,card,4,22.58,3.85,26.43
2623,0008-00001254,8,361,94,2025-03-08T20:41:00,card,1,1.22,0.05,1.27
2624,0002-00000048,2,,85,2025-03-08T21:42:00,cash,3,25.27,4.98,30.25
2625,0008-00000999,8,,84,2025-03-09T19:20:00,card,4,16.67,2.07,18.74
2626,0005-00002452,5,,8,2025-03-09T19:49:00,cash,1,1.64,0.35,1.99
2627,0004-00002355,4,76,69,2025-03-10T11:38:00,card,11,83.00,14.48,97.48
2628,0006-00001845,6,,95,2025-03-10T14:25:00,card,1,14.38,0.58,14.96
2629,0005-00000065,5,48,31,2025-03-10T16:59:00,card,6,40.68,5.41,46.09
2630,0008-00001229,8,,65,2025-03-10T19:59:00,card,1,4.95,1.04,5.99
2631,0006-00001385,6,799,71,2025-03-10T20:46:00,card,2,8.51,1.78,10.29
2632,0006-00002771,6,95,95,2025-03-11T09:25:00,card,1,4.54,0.45,4.99
2633,0004-00002680,4,,91,2025-03-11T19:48:00,cash,3,15.07,1.89,16.96
2634,0001-00002178,1,,72,2025-03-13T12:30:00,card,10,53.92,7.88,61.80
2635,0003-00001928,3,,9,2025-03-13T19:29:00,card,7,52.99,5.13,58.12
2636,0008-00002206,8,,28,2025-03-14T14:46:00,mobile,1,3.62,0.36,3.98
2637,0001-00001654,1,638,72,2025-03-14T16:57:00,card,5,39.21,2.13,41.34
2638,0006-00001011,6,,23,2025-03-14T17:09:00,cash,1,4.77,0.48,5.25
2639,0007-00002069,7,877,10,2025-03-14T18:07:00,card,4,40.03,6.11,46.14
2640,0006-00001906,6,,23,2025-03-14T19:06:00,cash,1,2.46,0.52,2.98
2641,0002-00002878,2,237,5,2025-03-14T19:45:00,cash,2,5.37,1.12,6.49
2642,0004-00002882,4,,69,2025-03-14T19:52:00,cash,1,1.23,0.26,1.49
2643,0001-00000929,1,632,72,2025-03-15T09:06:00,card,10,62.64,10.34,72.98
2644,0004-00002822,4,,69,2025-03-15T12:31:00,card,1,65.19,2.61,67.80
2645,0008-00000053,8,669,21,2025-03-15T12:44:00,mobile,3,16.82,2.01,18.83
2646,0003-00000653,3,132,9,2025-03-15T12:49:00,cash,1,6.36,0.64,7.00
2647,0007-00000450,7,,10,2025-03-15T17:16:00,cash,1,2.76,0.11,2.87
2648,0003-00000471,3,,9,2025-03-15T18:53:00,cash,1,3.30,0.69,3.99
2649,0007-00000863,7,796,30,2025-03-15T20:02:00,voucher,3,17.65,3.23,20.88
2650,0004-00000353,4,267,69,2025-03-15T20:57:00,cash,6,85.77,17.11,102.88
2651,0006-00000002,6,90,62,2025-03-16T13:00:00,card,1,2.44,0.51,2.95
2652,0004-00001536,4,,69,2025-03-16T13:26:00,card,1,2.47,0.52,2.99
2653,0002-00000998,2,286,42,2025-03-16T16:30:00,card,12,97.01,17.08,114.09
2654,0007-00001357,7,503,10,2025-03-16T20:37:00,card,2,9.47,0.49,9.96
2655,0006-00001599,6,479,76,2025-03-17T15:55:00,voucher,2,13.95,2.93,16.88
2656,0002-00001584,2,152,77,2025-03-18T09:02:00,cash,2,9.07,0.91,9.98
2657,0005-00001542,5,,99,2025-03-19T10:40:00,card,1,1.81,0.18,1.99
2658,0006-00002581,6,,95,2025-03-19T11:48:00,card,1,4.95,1.04,5.99
2659,0007-00000517,7,,33,2025-03-21T10:03:00,cash,1,5.05,0.20,5.25
2660,0001-00000387,1,774,72,2025-03-21T12:41:00,cash,1,2.72,0.27,2.99
2661,0005-00000441,5,82,99,2025-03-21T16:13:00,card,1,4.06,0.41,4.47
2662,0003-00002460,3,,9,2025-03-21T17:48:00,card,1,3.18,0.32,3.50
2663,0008-00001756,8,842,21,2025-03-21T17:57:00,card,7,27.45,3.72,31.17
2664,0002-00001638,2,900,5,2025-03-21T19:39:00,card,2,20.24,4.25,24.49
2665,0007-00002394,7,396,30,2025-03-22T10:31:00,card,8,48.88,7.88,56.76
2666,0003-00001444,3,164,9,2025-03-22T17:44:00,cash,2,6.43,0.54,6.97
2667,0005-00000095,5,,8,2025-03-22T18:13:00,card,5,18.34,3.10,21.44
2668,0006-00002360,6,884,95,2025-03-22T19:05:00,card,1,2.87,0.12,2.99
2669,0003-00001573,3,,9,2025-03-23T14:16:00,card,3,19.05,2.81,21.86
2670,0004-00002449,4,,69,2025-03-23T19:58:00,card,3,15.35,2.62,17.97
2671,0001-00002348,1,890,72,2025-03-24T13:16:00,card,12,66.38,11.88,78.26
2672,0006-00001547,6,563,95,2025-03-24T16:56:00,card,1,1.23,0.26,1.49
2673,0002-00001919,2,,85,2025-03-24T18:32:00,card,1,3.63,0.36,3.99
2674,0001-00002220,1,738,72,2025-03-24T19:13:00,card,2,9.03,0.45,9.48
2675,0007-00002683,7,,109,2025-03-25T12:40:00,card,2,5.13,0.35,5.48
2676,0008-00000319,8,510,94,2025-03-25T13:14:00,card,1,8.15,0.82,8.97
2677,0001-00002862,1,,72,2025-03-25T13:29:00,mobile,1,4.88,1.02,5.90
2678,0005-00000257,5,493,8,2025-03-26T12:48:00,card,3,21.35,3.88,25.23
2679,0001-00000049,1,298,72,2025-03-26T12:50:00,mobile,2,11.29,1.13,12.42
2680,0001-00001625,1,,72,2025-03-26T17:20:00,cash,3,13.84,2.59,16.43
2681,0008-00002604,8,,21,2025-03-27T11:10:00,card,3,9.05,1.18,10.23
2682,0001-00000228,1,754,72,2025-03-27T12:09:00,cash,1,2.87,0.12,2.99
2683,0004-00000539,4,,91,2025-03-28T13:29:00,mobile,9,76.77,8.71,85.48
2684,0008-00001710,8,,65,2025-03-28T19:30:00,cash,6,62.56,8.88,71.44
2685,0008-00001107,8,,65,2025-03-29T10:01:00,cash,5,29.83,5.62,35.45
2686,0006-00002054,6,92,76,2025-03-29T12:43:00,cash,12,128.40,23.85,152.25
2687,0002-00000631,2,12,5,2025-03-29T13:45:00,card,1,2.72,0.27,2.99
2688,0001-00001039,1,650,72,2025-03-29T16:43:00,mobile,6,87.19,4.31,91.50
2689,0003-00000647,3,,9,2025-03-29T20:25:00,card,4,20.09,2.36,22.45
2690,0005-00001313,5,712,99,2025-03-30T10:33:00,cash,1,1.64,0.35,1.99
2691,0002-00001766,2,,42,2025-03-30T19:29:00,card,1,7.26,0.73,7.99
2692,0002-00001243,2,,77,2025-04-01T12:12:00,cash,2,4.12,0.62,4.74
2693,0005-00000069,5,,8,2025-04-01T20:01:00,voucher,5,27.30,4.53,31.83
2694,0008-00002979,8,218,28,2025-04-02T14:03:00,cash,1,4.80,0.19,4.99
2695,0005-00000707,5,,89,2025-04-02T21:53:00,card,2,13.66,2.09,15.75
2696,0004-00002931,4,208,69,2025-04-03T12:18:00,cash,1,2.07,0.43,2.50
2697,0008-00001052,8,532,94,2025-04-03T18:31:00,mobile,2,5.68,0.32,6.00
2698,0004-00001646,4,563,69,2025-04-04T10:13:00,card,2,6.15,1.12,7.27
2699,0004-00001901,4,806,91,2025-04-04T10:24:00,card,1,2.47,0.52,2.99
2700,0007-00000967,7,,55,2025-04-04T10:51:00,card,2,14.74,3.10,17.84
2701,0002-00001012,2,682,77,2025-04-04T14:06:00,card,6,53.84,10.60,64.44
2702,0004-00001489,4,618,69,2025-04-04T14:41:00,cash,1,5.75,0.23,5.98
2703,0006-00001179,6,855,71,2025-04-04T19:33:00,card,2,17.33,3.63,20.96
2704,0006-00001159,6,,62,2025-04-05T14:25:00,card,7,75.08,12.95,88.03
2705,0005-00001822,5,,8,2025-04-05T17:05:00,cash,4,39.58,4.42,44.00
2706,0007-00001050,7,,33,2025-04-05T18:28:00,mobile,1,13.58,1.36,14.94
2707,0006-00000127,6,,71,2025-04-07T11:40:00,card,2,17.17,2.79,19.96
2708,0001-00002500,1,685,72,2025-04-07T14:07:00,card,4,49.48,5.36,54.84
2709,0001-00001116,1,,72,2025-04-07T16:59:00,card,2,6.46,1.05,7.51
2710,0002-00000178,2,18,42,2025-04-07T18:37:00,card,1,7.24,0.72,7.96
2711,0007-00002782,7,125,10,2025-04-07T19:09:00,card,1,2.59,0.10,2.69
2712,0003-00000768,3,481,9,2025-04-07T19:28:00,cash,1,4.44,0.18,4.62
2713,0003-00000198,3,150,9,2025-04-08T11:26:00,card,2,10.12,1.83,11.95
2714,0002-00002067,2,,77,2025-04-08T11:30:00,cash,1,3.63,0.36,3.99
2715,0008-00002345,8,,103,2025-04-08T17:50:00,card,2,11.77,2.17,13.94
2716,0005-00000735,5,20,89,2025-04-08T19:30:00,card,1,1.64,0.35,1.99
2717,0008-00002987,8,854,28,2025-04-08T20:09:00,voucher,1,4.94,1.04,5.98
2718,0003-00000212,3,365,9,2025-04-08T20:24:00,card,3,17.59,3.25,20.84
2719,0003-00001465,3,635,9,2025-04-09T10:14:00,cash,2,17.26,3.63,20.89
2720,0005-00001749,5,49,8,2025-04-09T12:00:00,cash,1,7.36,0.29,7.65
2721,0003-00001955,3,,9,2025-04-09T18:44:00,card,1,11.82,1.18,13.00
2722,0005-00002098,5,214,89,2025-04-09T20:30:00,card,5,38.31,3.35,41.66
2723,0005-00002855,5,,8,2025-04-09T20:57:00,cash,2,9.61,0.38,9.99
2724,0006-00001172,6,185,95,2025-04-10T11:17:00,mobile,4,14.60,2.86,17.46
2725,0001-00001183,1,842,72,2025-04-10T14:16:00,card,1,2.46,0.52,2.98
2726,0005-00001748,5,,8,2025-04-10T17:29:00,cash,4,11.38,1.48,12.86
2727,0002-00000580,2,,42,2025-04-11T11:31:00,card,4,19.53,2.30,21.83
2728,0007-00000780,7,,109,2025-04-11T12:49:00,cash,2,5.44,0.55,5.99
2729,0007-00000264,7,636,73,2025-04-11T13:39:00,card,11,91.96,14.89,106.85
2730,0001-00001010,1,265,72,2025-04-11T19:58:00,card,1,0.60,0.13,0.73
2731,0002-00000295,2,835,85,2025-04-12T11:41:00,card,2,6.30,0.67,6.97
2732,0003-00002892,3,146,9,2025-04-12T11:53:00,cash,2,19.60,3.23,22.83
2733,0005-00000912,5,28,31,2025-04-12T11:54:00,card,1,2.50,0.25,2.75
2734,0007-00000336,7,860,30,2025-04-12T13:00:00,mobile,2,26.58,3.39,29.97
2735,0004-00000281,4,190,69,2025-04-12T14:46:00,card,1,15.37,0.61,15.98
2736,0001-00001440,1,,72,2025-04-12T17:47:00,card,3,7.43,1.35,8.78
2737,0002-00002126,2,,5,2025-04-12T17:52:00,card,4,22.52,3.15,25.67
2738,0008-00000016,8,479,21,2025-04-13T13:56:00,card,4,19.77,2.67,22.44
2739,0008-00002280,8,358,61,2025-04-13T19:10:00,card,1,12.87,0.51,13.38
2740,0008-00000420,8,811,84,2025-04-14T11:52:00,card,6,43.71,6.50,50.21
2741,0003-00000627,3,,9,2025-04-14T12:57:00,card,5,34.35,6.24,40.59
2742,0004-00002764,4,,91,2025-04-14T14:31:00,card,1,18.17,3.81,21.98
2743,0004-00000347,4,101,69,2025-04-14T18:45:00,cash,3,20.40,4.13,24.53
2744,0004-00002607,4,,69,2025-04-15T11:16:00,card,1,3.41,0.34,3.75
2745,0006-00000312,6,105,95,2025-04-15T13:54:00,card,2,15.87,3.04,18.91
2746,0002-00002120,2,821,98,2025-04-15T19:17:00,card,3,13.55,2.64,16.19
2747,0006-00000962,6,,95,2025-04-15T19:46:00,card,2,28.23,3.73,31.96
2748,0002-00000981,2,838,5,2025-04-16T14:08:00,cash,4,41.26,2.07,43.33
2749,0005-00002499,5,,89,2025-04-16T19:25:00,card,4,19.09,4.00,23.09
2750,0006-00001561,6,,23,2025-04-17T16:06:00,card,4,28.53,4.79,33.32
2751,0008-00000959,8,,21,2025-04-18T09:17:00,card,8,42.61,8.55,51.16
2752,0003-00000555,3,,9,2025-04-18T18:41:00,cash,2,7.10,1.35,8.45
2753,0006-00001130,6,881,95,2025-04-18T18:59:00,card,12,91.54,10.99,102.53
2754,0001-00002584,1,205,72,2025-04-18T21:59:00,card,1,21.05,4.42,25.47
2755,0005-00002185,5,,99,2025-04-19T11:40:00,mobile,3,6.80,1.18,7.98
2756,0003-00001427,3,306,9,2025-04-19T12:33:00,mobile,7,48.93,8.20,57.13
2757,0004-00001169,4,416,69,2025-04-19T14:49:00,cash,1,6.60,1.39,7.99
2758,0001-00002070,1,430,72,2025-04-19T16:41:00,card,2,6.18,1.30,7.48
2759,0005-00001013,5,,16,2025-04-19T18:11:00,card,2,25.15,3.81,28.96
2760,0005-00001939,5,825,99,2025-04-20T12:52:00,cash,6,19.44,3.26,22.70
2761,0003-00001232,3,,9,2025-04-20T14:08:00,mobile,5,78.27,10.24,88.51
2762,0005-00001963,5,,16,2025-04-20T14:49:00,cash,1,1.77,0.18,1.95
2763,0002-00000810,2,,5,2025-04-20T20:23:00,cash,1,4.96,1.04,6.00
2764,0006-00002649,6,,62,2025-04-21T10:16:00,card,3,14.36,3.03,17.39
2765,0003-00000718,3,,9,2025-04-21T11:51:00,card,4,19.26,2.83,22.09
2766,0005-00002634,5,439,89,2025-04-21T12:48:00,card,1,1.81,0.18,1.99
2767,0004-00002567,4,225,69,2025-04-21T14:16:00,cash,1,13.20,0.53,13.73
2768,0007-00000436,7,,10,2025-04-21T17:56:00,cash,2,12.45,1.79,14.24
2769,0002-00002061,2,507,77,2025-04-21T20:37:00,card,2,7.80,1.64,9.44
2770,0002-00001589,2,732,5,2025-04-22T09:39:00,card,1,1.81,0.18,1.99
2771,0005-00001474,5,827,31,2025-04-22T12:40:00,card,3,54.15,5.78,59.93
2772,0003-00002761,3,,9,2025-04-22T20:37:00,voucher,1,1.65,0.35,2.00
2773,0001-00001715,1,,72,2025-04-23T13:12:00,card,3,22.24,2.68,24.92
2774,0005-00001006,5,,8,2025-04-24T12:40:00,card,1,2.47,0.52,2.99
2775,0005-00002366,5,,16,2025-04-24T15:40:00,card,1,3.10,0.65,3.75
2776,0004-00001469,4,554,69,2025-04-25T11:47:00,mobile,4,26.51,5.37,31.88
2777,0007-00002814,7,,73,2025-04-25T18:06:00,card,1,2.88,0.61,3.49
2778,0005-00001858,5,,89,2025-04-26T09:52:00,card,1,3.31,0.69,4.00
2779,0002-00000528,2,350,85,2025-04-26T11:55:00,card,15,60.28,7.59,67.87
2780,0005-00000516,5,876,99,2025-04-26T13:19:00,card,3,7.08,1.09,8.17
2781,0001-00001618,1,,72,2025-04-26T13:24:00,cash,5,50.39,7.06,57.45
2782,0006-00001684,6,,76,2025-04-26T14:28:00,card,2,5.36,1.13,6.49
2783,0002-00001609,2,461,98,2025-04-26T17:04:00,card,2,15.28,3.21,18.49
2784,0007-00002961,7,,73,2025-04-27T16:21:00,card,1,7.40,1.55,8.95
2785,0004-00002338,4,477,69,2025-04-28T13:41:00,cash,3,8.86,1.22,10.08
2786,0006-00001209,6,,95,2025-04-29T13:50:00,card,6,30.57,5.58,36.15
2787,0005-00001956,5,,8,2025-04-29T14:39:00,card,1,11.84,0.47,12.31
2788,0002-00002619,2,,77,2025-04-29T17:43:00,voucher,3,44.51,8.95,53.46
2789,0005-00002801,5,381,31,2025-04-29T19:07:00,card,1,4.45,0.93,5.38
2790,0001-00002696,1,744,72,2025-04-30T13:58:00,card,2,64.26,6.43,70.69
2791,0003-00002520,3,519,9,2025-04-30T20:26:00,cash,5,111.90,23.02,134.92
2792,0007-00000115,7,604,18,2025-05-02T11:20:00,card,4,15.72,2.63,18.35
2793,0002-00001342,2,,85,2025-05-02T13:19:00,cash,2,6.72,1.22,7.94
2794,0001-00001897,1,189,72,2025-05-02T20:12:00,mobile,1,4.95,1.04,5.99
2795,0007-00000953,7,151,10,2025-05-02T21:26:00,card,1,5.74,0.23,5.97
2796,0006-00000922,6,,95,2025-05-03T09:29:00,card,2,15.67,1.56,17.23
2797,0008-00002841,8,646,84,2025-05-03T10:53:00,card,1,21.47,4.51,25.98
2798,0008-00001770,8,,28,2025-05-03T10:56:00,card,1,37.21,1.49,38.70
2799,0008-00002233,8,148,29,2025-05-03T14:17:00,card,1,9.91,2.08,11.99
2800,0007-00002166,7,898,10,2025-05-03T15:39:00,card,3,29.49,3.64,33.13
2801,0007-00002904,7,719,73,2025-05-03T18:51:00,card,6,148.33,29.04,177.37
2802,0006-00002441,6,419,76,2025-05-03T19:48:00,cash,3,12.90,2.57,15.47
2803,0001-00000232,1,762,72,2025-05-03T20:11:00,cash,3,14.18,2.78,16.96
2804,0002-00002883,2,,5,2025-05-03T20:37:00,cash,5,75.29,8.52,83.81
2805,0003-00000989,3,,9,2025-05-04T12:02:00,cash,5,61.78,12.63,74.41
2806,0007-00002898,7,180,73,2025-05-04T12:25:00,cash,3,27.77,3.71,31.48
2807,0007-00001079,7,,30,2025-05-04T12:28:00,card,2,7.71,1.22,8.93
2808,0002-00000465,2,676,77,2025-05-05T09:51:00,card,4,23.56,1.78,25.34
2809,0006-00001761,6,883,71,2025-05-06T09:00:00,cash,2,6.56,0.93,7.49
2810,0006-00001712,6,333,71,2025-05-06T12:05:00,card,2,6.99,0.97,7.96
2811,0005-00001295,5,395,16,2025-05-06T16:00:00,card,5,42.70,5.07,47.77
2812,0003-00000206,3,226,9,2025-05-06T17:52:00,card,1,1.77,0.18,1.95
2813,0005-00001605,5,,16,2025-05-06T18:05:00,card,4,20.90,1.24,22.14
2814,0005-00001982,5,,16,2025-05-06T19:27:00,cash,1,0.90,0.09,0.99
2815,0002-00000363,2,205,5,2025-05-06T21:16:00,card,3,10.83,1.14,11.97
2816,0007-00000608,7,,10,2025-05-07T18:45:00,card,5,14.44,1.50,15.94
2817,0001-00002328,1,144,72,2025-05-08T11:28:00,cash,1,4.33,0.17,4.50
2818,0006-00001775,6,109,95,2025-05-08T11:52:00,cash,6,38.61,3.05,41.66
2819,0005-00002752,5,571,31,2025-05-08T12:47:00,cash,3,13.81,2.38,16.19
2820,0008-00000040,8,707,29,2025-05-08T14:51:00,mobile,1,3.26,0.69,3.95
2821,0004-00000111,4,326,69,2025-05-08T21:29:00,card,17,101.75,17.08,118.83
2822,0001-00002902,1,,72,2025-05-09T10:52:00,card,1,10.85,1.09,11.94
2823,0001-00002320,1,262,72,2025-05-09T14:11:00,card,2,5.10,0.87,5.97
2824,0005-00002673,5,,8,2025-05-09T17:30:00,card,3,14.86,3.12,17.98
2825,0004-00001523,4,868,91,2025-05-10T09:18:00,card,5,38.14,6.23,44.37
2826,0008-00000046,8,272,61,2025-05-10T11:40:00,card,2,15.73,2.83,18.56
2827,0006-00002043,6,,62,2025-05-10T13:18:00,cash,1,5.42,0.54,5.96
2828,0005-00001503,5,,16,2025-05-10T14:28:00,cash,4,15.48,2.80,18.28
2829,0003-00000717,3,141,9,2025-05-10T17:30:00,card,2,11.02,1.71,12.73
2830,0003-00000382,3,,9,2025-05-11T12:49:00,card,3,28.05,5.90,33.95
2831,0008-00001059,8,566,47,2025-05-12T17:51:00,voucher,4,52.48,10.42,62.90
2832,0007-00000669,7,,109,2025-05-12T17:57:00,card,1,7.85,1.65,9.50
2833,0001-00000581,1,,72,2025-05-12T18:49:00,card,4,38.18,6.72,44.90
2834,0002-00002994,2,,42,2025-05-12T19:28:00,card,2,35.94,7.55,43.49
2835,0007-00000171,7,,55,2025-05-13T17:50:00,card,6,38.29,6.65,44.94
2836,0007-00002560,7,29,73,2025-05-14T10:06:00,card,3,35.33,6.11,41.44
2837,0007-00001315,7,195,10,2025-05-14T11:20:00,card,1,5.37,1.13,6.50
2838,0003-00002247,3,,9,2025-05-14T17:32:00,card,1,1.91,0.08,1.99
2839,0006-00001128,6,,62,2025-05-15T19:51:00,card,1,5.91,0.59,6.50
2840,0002-00000296,2,,85,2025-05-15T20:31:00,card,6,23.06,3.84,26.90
2841,0004-00000371,4,327,91,2025-05-16T10:20:00,cash,2,11.11,2.34,13.45
2842,0004-00001380,4,833,69,2025-05-16T18:40:00,mobile,11,64.29,7.02,71.31
2843,0008-00001787,8,,65,2025-05-16T19:48:00,cash,7,108.40,20.93,129.33
2844,0005-00000611,5,,8,2025-05-17T13:22:00,card,2,7.28,1.21,8.49
2845,0002-00000175,2,382,85,2025-05-17T19:32:00,cash,2,10.40,2.18,12.58
2846,0007-00001853,7,,73,2025-05-17T20:23:00,card,6,57.46,4.89,62.35
2847,0004-00000453,4,,69,2025-05-18T10:50:00,cash,1,2.68,0.27,2.95
2848,0004-00001041,4,253,91,2025-05-18T17:00:00,card,3,18.67,1.17,19.84
2849,0002-00002066,2,692,42,2025-05-19T14:40:00,card,4,49.15,8.74,57.89
2850,0008-00002319,8,771,47,2025-05-19T16:08:00,card,2,11.96,1.46,13.42
2851,0006-00001220,6,,71,2025-05-19T18:14:00,cash,13,138.78,23.45,162.23
2852,0006-00002213,6,716,71,2025-05-19T19:52:00,card,10,110.84,18.61,129.45
2853,0005-00001988,5,430,16,2025-05-19T21:37:00,cash,2,13.15,2.76,15.91
2854,0003-00001203,3,,9,2025-05-20T09:46:00,mobile,1,1.82,0.18,2.00
2855,0003-00001911,3,364,9,2025-05-20T11:24:00,cash,6,54.71,5.77,60.48
2856,0004-00001677,4,,91,2025-05-20T13:03:00,card,1,4.77,0.48,5.25
2857,0004-00000938,4,272,91,2025-05-20T16:20:00,cash,5,23.76,3.34,27.10
2858,0001-00000736,1,,72,2025-05-20T17:44:00,cash,5,55.77,10.89,66.66
2859,0002-00000323,2,715,5,2025-05-20T17:57:00,card,4,32.95,5.27,38.22
2860,0006-00001020,6,747,62,2025-05-20T19:07:00,card,3,25.66,5.29,30.95
2861,0007-00002998,7,478,10,2025-05-20T19:53:00,mobile,1,2.46,0.52,2.98
2862,0006-00000716,6,885,71,2025-05-21T12:03:00,mobile,3,11.18,1.25,12.43
2863,0007-00001129,7,,30,2025-05-22T13:09:00,mobile,2,5.87,0.59,6.46
2864,0002-00002831,2,,85,2025-05-22T18:15:00,card,8,85.38,17.02,102.40
2865,0007-00002383,7,,30,2025-05-23T10:19:00,voucher,1,2.64,0.11,2.75
2866,0007-00002802,7,,55,2025-05-23T11:17:00,card,5,36.46,5.46,41.92
2867,0007-00002842,7,709,73,2025-05-23T12:50:00,cash,1,5.28,0.21,5.49
2868,0002-00001265,2,,42,2025-05-23T14:14:00,card,7,80.81,11.76,92.57
2869,0006-00000895,6,542,23,2025-05-24T11:18:00,card,1,6.61,1.39,8.00
2870,0008-00002611,8,700,61,2025-05-24T14:15:00,card,4,12.98,2.72,15.70
2871,0005-00001434,5,,99,2025-05-24T19:01:00,card,1,78.10,16.40,94.50
2872,0003-00001078,3,,9,2025-05-25T11:30:00,card,1,12.49,0.50,12.99
2873,0005-00000060,5,,31,2025-05-25T17:35:00,card,4,19.43,2.49,21.92
2874,0004-00001363,4,,69,2025-05-25T18:05:00,card,3,33.32,3.41,36.73
2875,0002-00002783,2,789,42,2025-05-26T09:43:00,card,4,22.56,4.42,26.98
2876,0001-00001189,1,,72,2025-05-27T09:27:00,card,3,18.86,3.38,22.24
2877,0007-00000169,7,582,33,2025-05-27T09:44:00,card,1,11.44,0.46,11.90
2878,0005-00001080,5,,99,2025-05-27T11:18:00,card,4,13.18,2.13,15.31
2879,0006-00002102,6,,23,2025-05-27T13:56:00,card,2,11.58,2.12,13.70
2880,0008-00002420,8,,21,2025-05-27T17:09:00,card,2,23.75,3.19,26.94
2881,0007-00000187,7,344,10,2025-05-27T18:35:00,card,1,7.42,1.56,8.98
2882,0006-00002215,6,174,23,2025-05-28T16:21:00,card,3,19.16,3.91,23.07
2883,0001-00001817,1,616,72,2025-05-28T17:16:00,card,3,24.04,2.48,26.52
2884,0008-00000976,8,,84,2025-05-28T17:56:00,card,4,48.93,8.30,57.23
2885,0006-00000011,6,411,23,2025-05-28T19:50:00,voucher,2,19.40,4.07,23.47
2886,0007-00000745,7,,30,2025-05-29T11:04:00,card,1,13.14,2.76,15.90
2887,0008-00000035,8,,65,2025-05-29T11:55:00,cash,1,14.88,3.12,18.00
2888,0008-00001525,8,,103,2025-05-30T10:09:00,card,3,8.01,1.02,9.03
2889,0007-00002201,7,,10,2025-05-30T11:03:00,cash,4,38.03,7.39,45.42
2890,0008-00002744,8,679,61,2025-05-30T13:08:00,cash,2,5.27,0.22,5.49
2891,0007-00001604,7,495,73,2025-05-30T13:47:00,mobile,1,0.82,0.17,0.99
2892,0001-00001709,1,862,72,2025-05-30T16:18:00,card,1,2.87,0.12,2.99
2893,0005-00000723,5,488,99,2025-05-30T16:39:00,mobile,1,2.72,0.27,2.99
2894,0006-00002754,6,568,76,2025-05-30T18:47:00,cash,2,11.02,0.44,11.46
2895,0006-00001331,6,,62,2025-05-30T19:32:00,card,1,5.36,0.54,5.90
2896,0006-00000844,6,150,62,2025-05-30T20:07:00,card,1,1.91,0.08,1.99
2897,0003-00002189,3,246,9,2025-05-31T09:27:00,card,1,3.93,0.82,4.75
2898,0004-00001634,4,463,91,2025-05-31T10:51:00,cash,5,23.69,3.66,27.35
2899,0003-00001193,3,,9,2025-05-31T11:08:00,card,9,55.72,7.67,63.39
2900,0004-00002944,4,315,69,2025-05-31T14:57:00,card,13,101.46,18.92,120.38
2901,0006-00000947,6,844,23,2025-05-31T15:41:00,card,4,18.17,2.82,20.99
2902,0003-00001998,3,,9,2025-05-31T18:06:00,card,8,41.50,4.79,46.29
2903,0003-00002234,3,341,9,2025-05-31T21:07:00,cash,1,2.36,0.09,2.45
2904,0007-00001446,7,,33,2025-06-01T14:31:00,cash,1,4.96,1.04,6.00
2905,0006-00001662,6,584,62,2025-06-01T20:59:00,card,1,2.47,0.52,2.99
2906,0004-00000044,4,795,69,2025-06-02T13:12:00,card,2,7.55,0.41,7.96
2907,0007-00000238,7,,109,2025-06-02T13:45:00,card,2,37.93,1.73,39.66
2908,0006-00002393,6,109,76,2025-06-02T19:45:00,card,5,37.52,3.73,41.25
2909,0006-00001058,6,,76,2025-06-02T20:03:00,card,2,21.39,4.09,25.48
2910,0006-00001804,6,663,76,2025-06-03T13:38:00,mobile,1,3.11,0.12,3.23
2911,0002-00001713,2,,77,2025-06-03T16:15:00,card,9,97.50,19.41,116.91
2912,0006-00002309,6,,76,2025-06-03T19:36:00,cash,1,2.07,0.43,2.50
2913,0005-00000615,5,24,8,2025-06-03T19:41:00,cash,7,38.01,7.04,45.05
2914,0008-00002103,8,,61,2025-06-03T20:27:00,cash,1,1.23,0.26,1.49
2915,0001-00002541,1,240,72,2025-06-04T12:35:00,card,1,5.78,1.21,6.99
2916,0003-00001106,3,783,9,2025-06-04T12:45:00,card,3,10.56,1.41,11.97
2917,0006-00001237,6,419,95,2025-06-04T14:19:00,card,3,14.43,3.03,17.46
2918,0007-00001572,7,,33,2025-06-04T14:56:00,card,2,7.73,0.77,8.50
2919,0005-00000458,5,747,89,2025-06-04T15:29:00,card,1,10.00,1.00,11.00
2920,0002-00001655,2,683,42,2025-06-04T15:55:00,card,11,87.98,14.02,102.00
2921,0003-00001636,3,,9,2025-06-06T13:42:00,card,2,14.83,3.11,17.94
2922,0007-00001951,7,348,33,2025-06-06T18:16:00,card,2,6.59,0.88,7.47
2923,0008-00000932,8,154,94,2025-06-06T20:55:00,card,4,30.57,5.15,35.72
2924,0004-00000563,4,873,91,2025-06-07T10:45:00,card,7,37.78,4.58,42.36
2925,0007-00001102,7,,109,2025-06-07T11:04:00,card,1,12.71,1.27,13.98
2926,0002-00001591,2,608,42,2025-06-07T11:11:00,card,2,42.92,9.01,51.93
2927,0006-00001585,6,,23,2025-06-07T12:09:00,card,5,15.39,1.59,16.98
2928,0004-00000320,4,314,91,2025-06-09T11:51:00,voucher,3,9.19,1.53,10.72
2929,0004-00002666,4,582,69,2025-06-09T14:08:00,card,3,14.36,2.61,16.97
2930,0006-00002791,6,,62,2025-06-09T14:10:00,cash,1,4.54,0.95,5.49
2931,0006-00002971,6,41,71,2025-06-10T19:36:00,card,4,10.24,1.34,11.58
2932,0006-00002751,6,741,95,2025-06-11T11:35:00,card,7,50.72,6.12,56.84
2933,0004-00002755,4,,69,2025-06-11T12:15:00,card,1,7.67,0.31,7.98
2934,0003-00001289,3,151,9,2025-06-11T16:09:00,cash,3,7.75,0.69,8.44
2935,0001-00000063,1,729,72,2025-06-12T09:19:00,card,1,5.44,0.54,5.98
2936,0004-00001418,4,604,91,2025-06-12T12:20:00,cash,2,15.64,1.57,17.21
2937,0005-00002839,5,175,99,2025-06-12T12:42:00,cash,3,5.46,0.64,6.10
2938,0001-00002431,1,452,72,2025-06-12T16:16:00,card,1,0.96,0.04,1.00
2939,0002-00000001,2,216,5,2025-06-12T21:18:00,card,6,29.73,1.79,31.52
2940,0007-00000758,7,,33,2025-06-13T10:13:00,cash,2,7.80,1.64,9.44
2941,0004-00000801,4,,69,2025-06-13T11:56:00,card,9,82.32,11.31,93.63
2942,0003-00001701,3,,9,2025-06-13T20:24:00,card,5,49.84,9.93,59.77
2943,0002-00001872,2,,98,2025-06-14T09:39:00,card,3,15.98,2.86,18.84
2944,0001-00002292,1,,72,2025-06-14T12:24:00,cash,2,15.87,0.85,16.72
2945,0004-00002440,4,401,91,2025-06-14T13:46:00,card,2,7.55,1.39,8.94
2946,0002-00001924,2,569,5,2025-06-14T15:44:00,cash,2,10.28,1.57,11.85
2947,0001-00002717,1,770,72,2025-06-14T18:01:00,cash,1,2.72,0.27,2.99
2948,0005-00001096,5,671,8,2025-06-14T19:13:00,card,3,8.27,1.20,9.47
2949,0008-00000181,8,348,65,2025-06-14T19:14:00,card,3,7.49,1.52,9.01
2950,0008-00001695,8,682,28,2025-06-14T19:21:00,card,13,81.51,12.03,93.54
2951,0005-00002643,5,,99,2025-06-14T19:28:00,card,1,2.84,0.11,2.95
2952,0001-00000587,1,,72,2025-06-14T20:30:00,card,1,6.36,0.64,7.00
2953,0004-00000501,4,411,91,2025-06-14T20:43:00,card,3,20.14,0.89,21.03
2954,0005-00001366,5,,31,2025-06-15T13:41:00,cash,3,16.10,1.60,17.70
2955,0005-00002664,5,,31,2025-06-15T21:49:00,cash,2,7.39,1.55,8.94
2956,0002-00000121,2,,98,2025-06-16T10:37:00,card,2,4.75,0.70,5.45
2957,0005-00001369,5,,16,2025-06-16T19:19:00,card,1,3.83,0.15,3.98
2958,0006-00000686,6,692,62,2025-06-17T13:54:00,voucher,1,2.06,0.43,2.49
2959,0002-00002136,2,252,5,2025-06-17T17:43:00,card,1,3.72,0.78,4.50
2960,0001-00000180,1,,72,2025-06-18T10:24:00,card,10,122.05,10.58,132.63
2961,0003-00000208,3,201,9,2025-06-18T12:07:00,mobile,2,7.26,1.13,8.39
2962,0005-00000921,5,682,99,2025-06-18T12:36:00,card,4,27.12,4.89,32.01
2963,0005-00002930,5,300,16,2025-06-18T13:33:00,card,1,3.63,0.36,3.99
2964,0007-00001945,7,,55,2025-06-19T11:06:00,card,2,27.99,2.74,30.73
2965,0001-00000836,1,,72,2025-06-19T19:57:00,voucher,3,9.12,1.64,10.76
2966,0006-00002074,6,743,23,2025-06-20T09:19:00,voucher,18,107.47,15.14,122.61
2967,0006-00000143,6,,23,2025-06-20T12:37:00,cash,3,26.87,2.55,29.42
2968,0008-00000914,8,853,29,2025-06-20T14:21:00,card,3,11.72,2.26,13.98
2969,0006-00001704,6,,23,2025-06-20T18:18:00,card,1,2.44,0.51,2.95
2970,0001-00000778,1,289,72,2025-06-20T18:46:00,cash,2,5.11,0.87,5.98
2971,0006-00002513,6,445,95,2025-06-21T11:55:00,mobile,2,4.85,0.83,5.68
2972,0008-00001546,8,609,47,2025-06-21T13:55:00,card,4,36.46,6.77,43.23
2973,0002-00002094,2,273,85,2025-06-21T19:23:00,cash,2,10.77,1.07,11.84
2974,0002-00002552,2,,77,2025-06-21T19:36:00,card,4,51.86,4.97,56.83
2975,0003-00001708,3,,9,2025-06-21T19:55:00,card,1,4.96,1.04,6.00
2976,0001-00002929,1,,72,2025-06-21T20:26:00,cash,2,5.16,1.08,6.24
2977,0008-00000616,8,782,84,2025-06-22T11:19:00,cash,1,21.38,0.86,22.24
2978,0003-00000189,3,24,9,2025-06-23T15:18:00,cash,9,48.43,7.29,55.72
2979,0001-00001577,1,165,72,2025-06-24T11:16:00,card,1,9.05,1.90,10.95
2980,0007-00001430,7,,55,2025-06-24T16:22:00,card,2,8.43,1.77,10.20
2981,0006-00002943,6,,95,2025-06-24T16:38:00,card,1,4.54,0.45,4.99
2982,0008-00002029,8,,28,2025-06-24T17:07:00,cash,1,4.94,1.04,5.98
2983,0004-00002812,4,454,69,2025-06-24T18:55:00,card,1,24.71,0.99,25.70
2984,0004-00002797,4,335,91,2025-06-24T19:47:00,card,1,6.60,1.39,7.99
2985,0001-00000769,1,,72,2025-06-25T12:10:00,card,3,24.88,4.08,28.96
2986,0004-00000166,4,,69,2025-06-26T11:27:00,card,1,1.30,0.13,1.43
2987,0001-00002582,1,317,72,2025-06-26T17:43:00,card,6,43.79,7.00,50.79
2988,0001-00001225,1,,72,2025-06-26T18:00:00,mobile,2,18.22,2.03,20.25
2989,0008-00002408,8,,65,2025-06-27T10:48:00,cash,11,132.84,24.90,157.74
2990,0006-00001040,6,512,71,2025-06-27T12:02:00,mobile,1,3.30,0.69,3.99
2991,0007-00000139,7,,10,2025-06-27T13:53:00,card,2,11.16,0.83,11.99
2992,0002-00002796,2,38,85,2025-06-27T14:26:00,card,1,0.82,0.17,0.99
2993,0008-00002021,8,65,61,2025-06-27T18:39:00,card,4,16.65,3.22,19.87
2994,0006-00001194,6,884,71,2025-06-27T20:20:00,card,3,18.81,3.43,22.24
2995,0002-00000906,2,600,85,2025-06-28T10:12:00,card,4,52.59,3.04,55.63
2996,0006-00000792,6,,71,2025-06-28T11:40:00,card,2,20.60,4.33,24.93
2997,0003-00001245,3,,9,2025-06-29T13:31:00,card,3,17.54,3.69,21.23
2998,0002-00000920,2,205,77,2025-06-29T17:35:00,card,1,3.41,0.34,3.75
2999,0003-00000915,3,600,9,2025-06-30T12:07:00,card,2,16.48,3.47,19.95
3000,0007-00002488,7,,109,2025-06-30T13:28:00,cash,1,27.35,1.09,28.44
