id,enrollment_id,session_date,status,minutes_late
1,1,2024-04-08,present,0
2,1,2024-02-09,late,20
3,1,2024-05-13,present,0
4,1,2024-02-29,excused,0
5,1,2024-04-23,present,0
6,1,2024-05-08,absent,0
7,1,2023-11-20,present,0
8,1,2024-05-09,present,0
9,1,2024-06-03,present,0
10,1,2024-03-22,present,0
11,2,2024-12-23,present,0
12,2,2025-02-17,present,0
13,2,2025-04-08,present,0
14,2,2025-02-28,present,0
15,2,2025-04-04,present,0
16,2,2024-11-04,present,0
17,2,2024-10-08,present,0
18,2,2024-09-17,present,0
19,2,2024-12-09,present,0
20,2,2024-12-03,present,0
21,3,2025-04-14,present,0
22,3,2024-09-16,present,0
23,3,2025-04-25,excused,0
24,3,2024-12-11,present,0
25,3,2025-04-11,absent,0
26,3,2024-12-30,present,0
27,3,2025-02-25,present,0
28,3,2025-06-09,present,0
29,3,2025-05-30,present,0
30,3,2024-10-07,present,0
31,4,2024-11-25,present,0
32,4,2025-05-26,present,0
33,4,2024-11-28,present,0
34,4,2025-05-15,present,0
35,4,2024-12-24,present,0
36,4,2025-01-17,present,0
37,4,2024-11-21,present,0
38,4,2025-04-30,late,23
39,4,2024-12-04,present,0
40,4,2025-03-26,present,0
41,5,2022-10-31,present,0
42,5,2023-03-01,present,0
43,5,2022-10-26,present,0
44,5,2023-04-25,present,0
45,5,2022-12-07,present,0
46,5,2022-09-13,excused,0
47,5,2023-04-27,present,0
48,5,2023-06-05,present,0
49,5,2023-01-11,present,0
50,5,2022-11-21,present,0
51,6,2025-02-13,present,0
52,6,2025-01-22,present,0
53,6,2024-10-21,present,0
54,6,2025-06-06,present,0
55,6,2024-10-07,present,0
56,6,2025-02-24,present,0
57,6,2024-09-09,present,0
58,6,2025-05-29,present,0
59,6,2024-10-23,present,0
60,6,2024-11-29,present,0
61,7,2023-03-20,present,0
62,7,2023-05-09,present,0
63,7,2022-11-28,absent,0
64,7,2022-09-27,present,0
65,7,2022-09-26,absent,0
66,7,2023-06-12,present,0
67,7,2022-12-19,present,0
68,7,2023-05-25,present,0
69,7,2023-04-07,present,0
70,7,2022-12-23,present,0
71,8,2023-09-18,present,0
72,8,2024-01-29,excused,0
73,8,2023-11-06,present,0
74,8,2024-02-19,present,0
75,8,2023-11-03,present,0
76,8,2024-06-13,present,0
77,8,2024-02-16,present,0
78,8,2023-12-18,present,0
79,8,2024-02-09,present,0
80,8,2024-01-15,present,0
81,9,2024-12-05,present,0
82,9,2025-04-21,present,0
83,9,2025-01-06,present,0
84,9,2024-11-12,late,30
85,9,2024-10-17,present,0
86,9,2025-06-05,late,19
87,9,2024-11-11,present,0
88,9,2024-09-16,excused,0
89,9,2025-06-02,present,0
90,9,2024-10-15,absent,0
91,10,2024-01-01,present,0
92,10,2024-04-15,absent,0
93,10,2024-02-05,present,0
94,10,2024-02-22,present,0
95,10,2024-04-15,present,0
96,10,2023-12-26,absent,0
97,10,2024-03-15,present,0
98,10,2024-06-03,present,0
99,10,2024-06-11,present,0
100,10,2024-06-19,absent,0
101,11,2022-09-20,present,0
102,11,2023-03-27,present,0
103,11,2023-02-20,present,0
104,11,2023-04-24,present,0
105,11,2023-05-09,present,0
106,11,2022-12-09,absent,0
107,11,2023-02-28,present,0
108,11,2022-09-29,absent,0
109,11,2022-12-01,excused,0
110,11,2022-11-24,present,0
111,12,2024-06-13,present,0
112,12,2024-06-20,present,0
113,12,2024-06-17,present,0
114,12,2023-09-13,present,0
115,12,2024-01-19,present,0
116,12,2024-05-22,late,29
117,12,2023-09-25,present,0
118,12,2024-06-10,present,0
119,12,2023-10-09,present,0
120,12,2024-03-26,present,0
121,13,2022-09-16,present,0
122,13,2023-01-20,present,0
123,13,2023-01-23,present,0
124,13,2023-05-22,present,0
125,13,2022-12-12,present,0
126,13,2023-06-12,present,0
127,13,2022-12-05,present,0
128,13,2023-04-20,present,0
129,13,2023-03-16,present,0
130,13,2023-04-17,present,0
131,14,2022-11-14,present,0
132,14,2023-05-15,present,0
133,14,2022-11-14,present,0
134,14,2023-01-05,present,0
135,14,2022-12-19,present,0
136,14,2023-05-16,present,0
137,14,2023-01-06,present,0
138,14,2023-02-06,present,0
139,14,2023-05-02,present,0
140,14,2023-04-11,present,0
141,15,2023-04-05,present,0
142,15,2023-03-30,present,0
143,15,2023-05-26,present,0
144,15,2023-05-16,present,0
145,15,2022-12-06,present,0
146,15,2023-02-08,present,0
147,15,2023-05-08,present,0
148,15,2023-05-22,present,0
149,15,2022-11-16,present,0
150,15,2023-01-05,present,0
151,16,2025-04-17,present,0
152,16,2024-10-09,late,30
153,16,2025-01-07,present,0
154,16,2025-03-06,present,0
155,16,2024-12-19,present,0
156,16,2025-04-21,present,0
157,16,2024-09-12,present,0
158,16,2024-12-13,present,0
159,16,2025-03-03,present,0
160,16,2025-01-08,present,0
161,17,2024-09-23,present,0
162,17,2025-05-29,present,0
163,17,2024-10-25,present,0
164,17,2025-05-13,present,0
165,17,2025-06-02,present,0
166,17,2025-03-10,present,0
167,17,2024-10-04,present,0
168,17,2025-03-27,late,34
169,17,2025-02-07,present,0
170,17,2025-06-09,present,0
171,18,2025-01-02,present,0
172,18,2025-02-14,present,0
173,18,2024-12-12,absent,0
174,18,2025-04-07,excused,0
175,18,2025-01-13,present,0
176,18,2024-10-17,present,0
177,18,2024-10-15,present,0
178,18,2025-02-17,present,0
179,18,2025-01-27,present,0
180,18,2025-01-13,present,0
181,19,2024-04-15,present,0
182,19,2023-10-13,present,0
183,19,2024-05-14,present,0
184,19,2023-12-11,present,0
185,19,2024-02-20,present,0
186,19,2024-05-06,late,17
187,19,2024-05-10,present,0
188,19,2024-06-17,present,0
189,19,2023-10-02,present,0
190,19,2024-05-31,present,0
191,20,2024-05-09,present,0
192,20,2024-06-12,present,0
193,20,2024-01-31,present,0
194,20,2024-02-05,present,0
195,20,2024-04-12,present,0
196,20,2023-12-11,present,0
197,20,2023-10-04,present,0
198,20,2024-02-05,excused,0
199,20,2024-01-08,present,0
200,20,2024-02-28,present,0
201,21,2024-05-13,present,0
202,21,2023-09-18,present,0
203,21,2024-04-01,present,0
204,21,2024-05-27,present,0
205,21,2024-06-10,present,0
206,21,2024-03-25,present,0
207,21,2023-10-05,present,0
208,21,2024-05-20,present,0
209,21,2023-10-30,present,0
210,21,2023-09-25,present,0
211,22,2024-11-04,present,0
212,22,2024-12-02,present,0
213,22,2024-12-06,present,0
214,22,2025-04-23,present,0
215,22,2025-01-09,present,0
216,22,2025-02-19,present,0
217,22,2025-04-21,present,0
218,22,2025-01-27,present,0
219,22,2025-01-24,late,14
220,22,2024-12-16,present,0
221,23,2023-03-09,present,0
222,23,2023-03-30,present,0
223,23,2023-05-17,present,0
224,23,2023-01-16,present,0
225,23,2023-01-02,present,0
226,23,2023-05-11,present,0
227,23,2023-01-09,present,0
228,23,2023-05-25,present,0
229,23,2022-10-14,excused,0
230,23,2023-02-06,present,0
231,24,2023-04-17,present,0
232,24,2023-06-07,late,8
233,24,2023-05-08,present,0
234,24,2022-12-19,present,0
235,24,2023-03-09,present,0
236,24,2023-03-07,present,0
237,24,2023-06-19,present,0
238,24,2023-01-11,present,0
239,24,2023-05-03,present,0
240,24,2023-02-20,present,0
241,25,2023-06-19,present,0
242,25,2023-06-02,present,0
243,25,2023-01-09,present,0
244,25,2023-02-20,present,0
245,25,2023-03-07,present,0
246,25,2022-12-05,absent,0
247,25,2023-03-20,present,0
248,25,2022-09-13,present,0
249,25,2023-04-10,late,25
250,25,2022-12-28,present,0
251,26,2024-10-21,present,0
252,26,2025-01-28,present,0
253,26,2025-04-14,absent,0
254,26,2024-10-16,present,0
255,26,2025-05-01,present,0
256,26,2025-06-19,present,0
257,26,2025-02-18,present,0
258,26,2025-02-17,present,0
259,26,2025-03-13,present,0
260,26,2025-05-26,present,0
261,27,2023-04-25,present,0
262,27,2022-09-22,present,0
263,27,2022-11-24,present,0
264,27,2023-03-13,present,0
265,27,2023-06-05,present,0
266,27,2023-02-28,present,0
267,27,2023-01-03,present,0
268,27,2023-03-22,present,0
269,27,2022-12-05,present,0
270,27,2023-06-15,present,0
271,28,2023-02-10,present,0
272,28,2023-01-06,present,0
273,28,2022-09-22,late,35
274,28,2023-06-12,present,0
275,28,2022-12-21,absent,0
276,28,2022-10-19,present,0
277,28,2023-01-09,present,0
278,28,2022-09-22,present,0
279,28,2023-04-10,present,0
280,28,2022-10-03,absent,0
281,29,2025-05-07,present,0
282,29,2025-03-27,present,0
283,29,2024-12-30,present,0
284,29,2024-11-07,present,0
285,29,2025-06-02,present,0
286,29,2024-09-10,present,0
287,29,2024-10-16,present,0
288,29,2024-12-27,absent,0
289,29,2025-04-15,present,0
290,29,2025-01-13,present,0
291,30,2024-11-04,present,0
292,30,2025-02-25,late,14
293,30,2025-05-06,late,25
294,30,2025-05-19,present,0
295,30,2025-04-15,present,0
296,30,2024-10-14,present,0
297,30,2024-10-28,absent,0
298,30,2025-04-25,present,0
299,30,2024-11-25,absent,0
300,30,2025-05-13,present,0
301,31,2025-06-16,present,0
302,31,2025-05-12,present,0
303,31,2024-12-12,present,0
304,31,2024-10-28,present,0
305,31,2024-10-11,excused,0
306,31,2024-11-14,present,0
307,31,2024-09-20,absent,0
308,31,2025-04-14,present,0
309,31,2025-01-21,absent,0
310,31,2024-12-27,present,0
311,32,2023-10-04,present,0
312,32,2024-02-07,present,0
313,32,2024-06-10,present,0
314,32,2023-09-28,present,0
315,32,2024-01-29,present,0
316,32,2023-10-16,present,0
317,32,2024-01-17,present,0
318,32,2023-11-08,absent,0
319,32,2024-04-19,present,0
320,32,2023-12-27,present,0
321,33,2024-12-17,present,0
322,33,2024-11-18,present,0
323,33,2025-06-02,present,0
324,33,2024-11-19,present,0
325,33,2025-03-03,present,0
326,33,2024-12-11,present,0
327,33,2025-03-12,present,0
328,33,2025-05-26,present,0
329,33,2024-10-21,present,0
330,33,2025-04-24,present,0
331,34,2024-06-10,absent,0
332,34,2024-03-04,absent,0
333,34,2024-06-10,present,0
334,34,2023-12-25,present,0
335,34,2024-04-11,present,0
336,34,2023-12-05,present,0
337,34,2024-04-08,present,0
338,34,2024-01-03,present,0
339,34,2023-12-18,present,0
340,34,2024-05-24,present,0
341,35,2022-09-27,present,0
342,35,2022-09-21,present,0
343,35,2022-10-07,present,0
344,35,2022-12-01,present,0
345,35,2022-12-02,present,0
346,35,2023-02-15,present,0
347,35,2023-02-16,present,0
348,35,2022-10-31,absent,0
349,35,2023-05-25,present,0
350,35,2023-02-21,present,0
351,36,2024-12-24,present,0
352,36,2024-11-04,present,0
353,36,2025-01-03,excused,0
354,36,2024-10-09,excused,0
355,36,2024-12-02,absent,0
356,36,2024-09-23,present,0
357,36,2025-02-11,present,0
358,36,2025-06-18,present,0
359,36,2024-10-03,present,0
360,36,2025-03-07,present,0
361,37,2023-02-22,present,0
362,37,2023-02-06,present,0
363,37,2023-02-08,present,0
364,37,2023-06-12,present,0
365,37,2022-10-27,present,0
366,37,2023-02-15,present,0
367,37,2023-02-09,present,0
368,37,2022-12-08,present,0
369,37,2022-10-10,excused,0
370,37,2023-01-02,present,0
371,38,2024-10-14,present,0
372,38,2025-01-20,present,0
373,38,2025-05-26,present,0
374,38,2025-01-20,present,0
375,38,2025-03-21,present,0
376,38,2025-06-11,present,0
377,38,2024-12-23,present,0
378,38,2025-02-10,present,0
379,38,2024-10-21,present,0
380,38,2025-01-27,present,0
381,39,2024-11-28,present,0
382,39,2024-11-22,present,0
383,39,2025-02-10,present,0
384,39,2024-11-21,late,30
385,39,2024-11-25,present,0
386,39,2024-11-25,present,0
387,39,2025-02-24,present,0
388,39,2025-05-06,present,0
389,39,2024-12-13,present,0
390,39,2025-03-07,present,0
391,40,2024-06-11,absent,0
392,40,2024-04-17,present,0
393,40,2024-06-17,present,0
394,40,2024-02-02,present,0
395,40,2024-02-15,present,0
396,40,2023-09-26,present,0
397,40,2023-10-04,present,0
398,40,2024-06-11,present,0
399,40,2024-03-05,present,0
400,40,2023-10-09,excused,0
401,41,2023-02-13,present,0
402,41,2022-12-28,present,0
403,41,2022-11-07,present,0
404,41,2023-02-28,present,0
405,41,2022-09-16,present,0
406,41,2023-01-11,late,32
407,41,2022-11-01,present,0
408,41,2022-11-25,present,0
409,41,2022-09-13,present,0
410,41,2022-09-12,present,0
411,42,2024-10-28,present,0
412,42,2025-06-16,present,0
413,42,2024-11-04,present,0
414,42,2025-02-18,present,0
415,42,2025-05-16,late,28
416,42,2025-05-05,present,0
417,42,2025-04-30,present,0
418,42,2025-06-06,present,0
419,42,2024-09-16,present,0
420,42,2025-01-17,present,0
421,43,2025-06-03,present,0
422,43,2024-11-01,present,0
423,43,2025-03-03,present,0
424,43,2025-02-03,present,0
425,43,2025-02-18,present,0
426,43,2024-10-04,present,0
427,43,2024-09-23,late,20
428,43,2025-03-10,present,0
429,43,2024-11-27,present,0
430,43,2024-11-05,present,0
431,44,2025-01-20,present,0
432,44,2025-05-12,present,0
433,44,2024-09-20,absent,0
434,44,2024-10-28,absent,0
435,44,2025-04-04,present,0
436,44,2024-09-25,present,0
437,44,2025-04-07,present,0
438,44,2025-02-18,present,0
439,44,2024-10-28,late,28
440,44,2025-04-10,present,0
441,45,2024-12-30,present,0
442,45,2025-05-29,present,0
443,45,2024-11-11,present,0
444,45,2025-04-17,present,0
445,45,2025-03-11,present,0
446,45,2025-04-15,present,0
447,45,2025-01-24,present,0
448,45,2024-09-23,present,0
449,45,2024-10-21,present,0
450,45,2025-04-24,present,0
451,46,2023-02-20,present,0
452,46,2023-01-30,late,34
453,46,2023-04-06,present,0
454,46,2023-02-10,late,13
455,46,2023-03-27,present,0
456,46,2023-01-16,present,0
457,46,2023-02-01,present,0
458,46,2023-04-03,present,0
459,46,2023-05-08,present,0
460,46,2022-10-21,late,7
461,47,2024-11-06,absent,0
462,47,2025-04-09,excused,0
463,47,2024-11-18,present,0
464,47,2024-09-19,present,0
465,47,2025-05-23,excused,0
466,47,2025-03-28,late,13
467,47,2025-06-12,present,0
468,47,2025-03-04,late,25
469,47,2024-11-18,present,0
470,47,2025-01-24,present,0
471,48,2023-01-09,present,0
472,48,2023-01-16,present,0
473,48,2022-10-31,present,0
474,48,2022-12-19,present,0
475,48,2023-06-19,present,0
476,48,2023-05-24,present,0
477,48,2022-11-07,present,0
478,48,2023-04-03,present,0
479,48,2023-04-10,late,35
480,48,2023-03-27,present,0
481,49,2023-12-14,present,0
482,49,2023-10-09,present,0
483,49,2024-01-15,present,0
484,49,2023-09-26,present,0
485,49,2023-11-17,present,0
486,49,2024-05-06,present,0
487,49,2023-10-09,present,0
488,49,2024-03-08,present,0
489,49,2024-05-09,present,0
490,49,2024-01-29,present,0
491,50,2024-12-02,present,0
492,50,2025-06-13,present,0
493,50,2024-09-20,present,0
494,50,2024-10-24,present,0
495,50,2025-04-07,present,0
496,50,2024-12-23,present,0
497,50,2025-03-31,present,0
498,50,2024-10-07,present,0
499,50,2025-06-16,present,0
500,50,2024-10-21,present,0
501,51,2024-03-18,present,0
502,51,2023-12-19,present,0
503,51,2023-10-16,present,0
504,51,2024-06-12,present,0
505,51,2024-01-08,present,0
506,51,2023-12-15,late,5
507,51,2024-05-31,present,0
508,51,2023-12-11,late,21
509,51,2024-03-08,present,0
510,51,2023-11-13,present,0
511,52,2023-05-02,present,0
512,52,2022-10-28,present,0
513,52,2023-02-10,present,0
514,52,2022-10-24,present,0
515,52,2023-05-15,excused,0
516,52,2023-01-31,present,0
517,52,2023-05-25,present,0
518,52,2023-04-03,present,0
519,52,2022-10-26,present,0
520,52,2022-10-31,present,0
521,53,2022-12-20,present,0
522,53,2023-05-26,present,0
523,53,2022-12-13,present,0
524,53,2022-10-06,present,0
525,53,2023-02-27,present,0
526,53,2022-11-23,present,0
527,53,2023-02-13,present,0
528,53,2023-06-09,present,0
529,53,2022-10-03,present,0
530,53,2022-10-06,present,0
531,54,2025-02-24,present,0
532,54,2025-03-14,present,0
533,54,2025-06-05,present,0
534,54,2024-09-19,present,0
535,54,2024-12-10,present,0
536,54,2024-10-22,present,0
537,54,2025-02-10,present,0
538,54,2024-12-23,present,0
539,54,2024-11-01,present,0
540,54,2024-10-07,late,21
541,55,2025-04-21,present,0
542,55,2025-05-12,present,0
543,55,2024-11-13,present,0
544,55,2025-01-02,present,0
545,55,2025-03-24,present,0
546,55,2025-03-20,present,0
547,55,2025-04-25,late,30
548,55,2024-10-30,present,0
549,55,2025-03-24,absent,0
550,55,2025-02-03,present,0
551,56,2023-10-31,present,0
552,56,2023-09-29,present,0
553,56,2023-10-09,present,0
554,56,2024-04-01,present,0
555,56,2024-06-17,present,0
556,56,2024-04-29,present,0
557,56,2023-11-06,late,31
558,56,2023-09-25,present,0
559,56,2023-11-03,absent,0
560,56,2024-01-18,late,32
561,57,2025-04-02,present,0
562,57,2025-04-22,present,0
563,57,2025-02-18,present,0
564,57,2025-02-20,late,34
565,57,2024-11-18,present,0
566,57,2025-04-28,present,0
567,57,2024-11-27,present,0
568,57,2025-02-27,present,0
569,57,2025-06-02,present,0
570,57,2024-10-10,present,0
571,58,2025-02-13,present,0
572,58,2024-12-10,present,0
573,58,2024-09-11,present,0
574,58,2025-04-28,present,0
575,58,2024-10-07,present,0
576,58,2025-01-20,present,0
577,58,2025-01-01,present,0
578,58,2025-06-10,present,0
579,58,2025-03-10,present,0
580,58,2025-05-12,present,0
581,59,2024-09-13,present,0
582,59,2025-04-10,present,0
583,59,2025-05-22,present,0
584,59,2024-09-16,present,0
585,59,2025-01-20,present,0
586,59,2025-06-13,absent,0
587,59,2025-03-24,present,0
588,59,2025-01-31,present,0
589,59,2024-10-24,present,0
590,59,2024-11-21,present,0
591,60,2023-12-27,present,0
592,60,2023-10-02,present,0
593,60,2024-03-04,present,0
594,60,2024-03-14,present,0
595,60,2024-01-23,present,0
596,60,2023-09-14,present,0
597,60,2024-06-03,present,0
598,60,2024-03-19,late,5
599,60,2024-03-22,present,0
600,60,2023-09-12,present,0
601,61,2022-12-12,late,11
602,61,2023-05-30,late,5
603,61,2023-03-27,late,30
604,61,2022-10-13,present,0
605,61,2023-04-13,late,6
606,61,2023-02-01,present,0
607,61,2023-05-25,present,0
608,61,2022-10-03,present,0
609,61,2022-11-18,present,0
610,61,2023-01-09,late,33
611,62,2022-12-06,present,0
612,62,2023-03-08,present,0
613,62,2023-01-24,present,0
614,62,2022-09-19,present,0
615,62,2022-09-19,present,0
616,62,2022-09-20,late,16
617,62,2023-04-24,present,0
618,62,2022-10-12,excused,0
619,62,2023-03-10,present,0
620,62,2023-03-10,present,0
621,63,2024-12-24,present,0
622,63,2025-02-20,present,0
623,63,2025-05-26,present,0
624,63,2025-03-24,present,0
625,63,2024-12-06,present,0
626,63,2024-09-30,present,0
627,63,2024-10-04,present,0
628,63,2025-05-23,present,0
629,63,2025-06-20,present,0
630,63,2025-01-13,present,0
631,64,2024-04-01,present,0
632,64,2024-03-25,present,0
633,64,2023-12-21,present,0
634,64,2024-06-03,present,0
635,64,2024-04-11,present,0
636,64,2024-03-27,present,0
637,64,2024-04-08,present,0
638,64,2024-02-05,present,0
639,64,2024-04-15,present,0
640,64,2024-05-07,present,0
641,65,2023-02-01,present,0
642,65,2022-12-16,present,0
643,65,2022-11-14,present,0
644,65,2023-01-12,present,0
645,65,2023-03-22,present,0
646,65,2023-05-24,present,0
647,65,2023-02-17,present,0
648,65,2022-11-11,present,0
649,65,2023-06-13,present,0
650,65,2023-05-29,present,0
651,66,2025-02-19,present,0
652,66,2025-01-08,present,0
653,66,2024-10-28,present,0
654,66,2024-10-16,present,0
655,66,2025-06-18,present,0
656,66,2025-02-12,present,0
657,66,2024-12-02,present,0
658,66,2025-02-07,present,0
659,66,2025-01-08,present,0
660,66,2025-03-31,present,0
661,67,2023-01-25,present,0
662,67,2022-12-12,present,0
663,67,2022-09-26,present,0
664,67,2023-01-18,present,0
665,67,2022-09-19,present,0
666,67,2022-11-03,present,0
667,67,2022-10-03,present,0
668,67,2023-06-12,present,0
669,67,2023-04-05,late,30
670,67,2022-11-30,present,0
671,68,2024-12-23,present,0
672,68,2024-11-18,late,16
673,68,2024-09-16,present,0
674,68,2024-10-21,present,0
675,68,2024-10-07,present,0
676,68,2025-01-27,present,0
677,68,2024-11-11,present,0
678,68,2025-03-27,present,0
679,68,2025-04-28,late,16
680,68,2025-03-31,present,0
681,69,2022-10-27,present,0
682,69,2023-06-15,present,0
683,69,2023-06-05,present,0
684,69,2022-09-09,present,0
685,69,2022-12-23,present,0
686,69,2023-03-20,present,0
687,69,2023-02-06,present,0
688,69,2022-10-11,present,0
689,69,2022-11-23,present,0
690,69,2023-02-06,present,0
691,70,2023-10-31,present,0
692,70,2023-12-13,present,0
693,70,2023-10-23,present,0
694,70,2024-02-06,present,0
695,70,2024-06-12,present,0
696,70,2024-04-05,present,0
697,70,2023-11-15,present,0
698,70,2023-10-16,present,0
699,70,2024-03-25,present,0
700,70,2024-01-25,present,0
701,71,2024-03-21,present,0
702,71,2023-09-20,present,0
703,71,2024-04-12,present,0
704,71,2024-06-17,present,0
705,71,2023-11-22,present,0
706,71,2024-04-19,present,0
707,71,2024-02-26,late,25
708,71,2024-04-08,present,0
709,71,2023-09-13,present,0
710,71,2023-12-14,present,0
711,72,2025-01-02,present,0
712,72,2025-01-10,present,0
713,72,2025-01-27,present,0
714,72,2025-04-24,present,0
715,72,2025-04-24,present,0
716,72,2025-03-31,present,0
717,72,2024-10-28,present,0
718,72,2024-11-04,present,0
719,72,2025-01-16,present,0
720,72,2025-02-05,present,0
721,73,2024-09-16,present,0
722,73,2025-03-31,present,0
723,73,2024-10-02,present,0
724,73,2025-02-12,present,0
725,73,2024-12-24,present,0
726,73,2025-01-03,present,0
727,73,2025-04-28,present,0
728,73,2025-04-07,present,0
729,73,2024-10-07,present,0
730,73,2024-10-24,present,0
731,74,2024-01-16,present,0
732,74,2024-04-24,present,0
733,74,2023-09-20,present,0
734,74,2023-10-16,present,0
735,74,2023-12-27,present,0
736,74,2023-10-18,present,0
737,74,2023-12-14,present,0
738,74,2024-01-29,present,0
739,74,2024-03-19,present,0
740,74,2024-03-01,present,0
741,75,2023-02-28,present,0
742,75,2022-09-26,excused,0
743,75,2023-05-22,present,0
744,75,2023-05-29,present,0
745,75,2022-12-12,present,0
746,75,2023-05-03,present,0
747,75,2023-06-16,present,0
748,75,2022-11-29,present,0
749,75,2022-10-24,present,0
750,75,2023-01-04,present,0
751,76,2024-12-09,present,0
752,76,2024-10-31,present,0
753,76,2025-06-10,present,0
754,76,2025-03-11,present,0
755,76,2025-04-28,present,0
756,76,2024-10-30,present,0
757,76,2025-05-06,present,0
758,76,2025-05-16,present,0
759,76,2025-06-09,present,0
760,76,2025-01-23,present,0
761,77,2024-05-20,present,0
762,77,2024-02-26,present,0
763,77,2024-05-08,present,0
764,77,2023-12-21,present,0
765,77,2024-02-13,present,0
766,77,2024-03-13,present,0
767,77,2023-12-05,present,0
768,77,2024-02-05,present,0
769,77,2023-11-13,present,0
770,77,2024-05-28,present,0
771,78,2023-10-23,present,0
772,78,2024-06-17,present,0
773,78,2024-05-13,present,0
774,78,2023-12-11,present,0
775,78,2023-09-19,present,0
776,78,2023-10-24,present,0
777,78,2023-10-04,present,0
778,78,2024-01-10,present,0
779,78,2024-02-28,present,0
780,78,2023-12-18,present,0
781,79,2023-11-07,present,0
782,79,2024-05-15,present,0
783,79,2024-03-18,present,0
784,79,2024-05-29,present,0
785,79,2024-05-03,present,0
786,79,2023-10-02,present,0
787,79,2024-01-19,present,0
788,79,2023-09-21,present,0
789,79,2024-03-25,present,0
790,79,2023-10-02,present,0
791,80,2024-09-30,present,0
792,80,2025-03-31,present,0
793,80,2024-09-12,late,34
794,80,2024-10-16,present,0
795,80,2024-10-30,present,0
796,80,2025-06-19,present,0
797,80,2024-12-30,present,0
798,80,2025-06-18,present,0
799,80,2025-01-20,late,21
800,80,2024-10-17,present,0
801,81,2025-05-09,excused,0
802,81,2025-01-28,present,0
803,81,2024-11-01,present,0
804,81,2024-12-30,present,0
805,81,2025-01-27,present,0
806,81,2025-02-10,present,0
807,81,2025-04-08,present,0
808,81,2024-12-02,present,0
809,81,2025-05-13,present,0
810,81,2025-01-13,present,0
811,82,2023-06-05,present,0
812,82,2022-11-14,present,0
813,82,2023-03-03,present,0
814,82,2023-03-13,present,0
815,82,2023-05-03,absent,0
816,82,2023-06-12,present,0
817,82,2022-09-13,present,0
818,82,2023-03-27,present,0
819,82,2022-12-12,present,0
820,82,2023-05-12,present,0
821,83,2022-12-13,present,0
822,83,2022-12-09,present,0
823,83,2022-09-21,present,0
824,83,2023-04-04,present,0
825,83,2022-12-01,absent,0
826,83,2022-12-23,present,0
827,83,2022-11-01,present,0
828,83,2022-09-23,present,0
829,83,2023-02-21,present,0
830,83,2023-06-19,present,0
831,84,2024-10-01,late,11
832,84,2025-04-29,present,0
833,84,2025-01-28,present,0
834,84,2024-12-02,present,0
835,84,2024-09-26,present,0
836,84,2025-01-27,present,0
837,84,2025-04-28,late,31
838,84,2025-01-13,present,0
839,84,2024-09-18,present,0
840,84,2025-02-03,present,0
841,85,2022-11-21,present,0
842,85,2023-02-06,present,0
843,85,2023-02-13,present,0
844,85,2022-10-13,present,0
845,85,2023-02-02,present,0
846,85,2023-02-06,present,0
847,85,2022-11-16,present,0
848,85,2023-03-20,present,0
849,85,2022-09-12,present,0
850,85,2022-12-26,present,0
851,86,2025-04-25,present,0
852,86,2025-01-20,present,0
853,86,2025-01-20,present,0
854,86,2024-12-23,present,0
855,86,2025-06-18,present,0
856,86,2025-04-29,present,0
857,86,2025-06-11,present,0
858,86,2024-10-25,present,0
859,86,2025-06-20,present,0
860,86,2024-11-12,present,0
861,87,2024-09-20,present,0
862,87,2025-02-27,present,0
863,87,2024-10-31,excused,0
864,87,2024-11-14,present,0
865,87,2025-03-17,present,0
866,87,2025-04-18,present,0
867,87,2025-04-22,present,0
868,87,2025-03-20,present,0
869,87,2024-11-11,present,0
870,87,2025-04-14,excused,0
871,88,2022-12-07,present,0
872,88,2022-09-21,present,0
873,88,2023-04-10,present,0
874,88,2023-04-21,present,0
875,88,2023-05-08,late,19
876,88,2023-02-27,present,0
877,88,2023-02-06,present,0
878,88,2023-05-24,present,0
879,88,2022-10-10,present,0
880,88,2023-01-18,present,0
881,89,2023-09-14,present,0
882,89,2024-06-04,present,0
883,89,2024-02-19,late,34
884,89,2024-01-08,present,0
885,89,2023-12-20,present,0
886,89,2024-06-17,present,0
887,89,2023-09-18,present,0
888,89,2023-12-22,present,0
889,89,2024-01-04,present,0
890,89,2024-06-14,present,0
891,90,2023-06-06,present,0
892,90,2023-05-29,present,0
893,90,2023-05-05,present,0
894,90,2023-01-18,present,0
895,90,2023-03-14,present,0
896,90,2022-10-17,present,0
897,90,2023-03-20,present,0
898,90,2022-12-02,present,0
899,90,2023-05-15,present,0
900,90,2023-01-23,present,0
901,91,2023-02-27,present,0
902,91,2023-02-28,present,0
903,91,2022-11-28,present,0
904,91,2023-04-10,present,0
905,91,2023-05-31,late,34
906,91,2023-04-27,present,0
907,91,2022-12-05,present,0
908,91,2023-02-13,present,0
909,91,2023-02-06,present,0
910,91,2022-09-19,present,0
911,92,2023-03-07,present,0
912,92,2023-02-07,present,0
913,92,2023-02-03,present,0
914,92,2023-05-15,present,0
915,92,2023-05-24,present,0
916,92,2023-05-10,present,0
917,92,2023-04-03,present,0
918,92,2023-02-23,late,34
919,92,2023-04-24,present,0
920,92,2022-09-23,present,0
921,93,2024-11-04,present,0
922,93,2025-01-13,late,9
923,93,2025-05-23,present,0
924,93,2024-09-10,present,0
925,93,2025-01-16,present,0
926,93,2025-03-10,present,0
927,93,2025-06-16,present,0
928,93,2024-10-15,present,0
929,93,2024-11-28,present,0
930,93,2024-10-17,late,12
931,94,2023-02-08,present,0
932,94,2023-05-25,present,0
933,94,2022-12-29,present,0
934,94,2023-02-06,present,0
935,94,2023-02-24,late,23
936,94,2023-01-09,present,0
937,94,2022-10-17,present,0
938,94,2023-02-13,present,0
939,94,2023-04-17,present,0
940,94,2023-02-17,present,0
941,95,2024-01-15,present,0
942,95,2023-10-16,present,0
943,95,2024-01-18,present,0
944,95,2024-01-31,present,0
945,95,2024-06-18,present,0
946,95,2024-04-17,present,0
947,95,2023-10-16,present,0
948,95,2023-10-25,present,0
949,95,2023-11-27,present,0
950,95,2024-01-15,present,0
951,96,2022-09-19,present,0
952,96,2023-04-03,present,0
953,96,2023-05-15,present,0
954,96,2022-11-21,present,0
955,96,2023-01-12,present,0
956,96,2023-01-23,present,0
957,96,2023-04-03,present,0
958,96,2022-11-24,present,0
959,96,2023-01-16,present,0
960,96,2022-10-20,present,0
961,97,2024-05-17,present,0
962,97,2024-03-15,present,0
963,97,2024-06-19,present,0
964,97,2024-05-17,present,0
965,97,2023-12-08,present,0
966,97,2023-12-21,present,0
967,97,2024-03-22,late,11
968,97,2024-01-01,present,0
969,97,2023-10-02,present,0
970,97,2024-02-13,present,0
971,98,2023-05-02,present,0
972,98,2022-11-07,present,0
973,98,2023-04-17,late,15
974,98,2022-12-29,present,0
975,98,2022-12-01,present,0
976,98,2023-04-06,present,0
977,98,2023-04-26,present,0
978,98,2022-12-22,present,0
979,98,2023-02-02,present,0
980,98,2022-09-13,present,0
981,99,2024-11-27,excused,0
982,99,2024-11-27,present,0
983,99,2025-05-22,present,0
984,99,2025-01-20,present,0
985,99,2025-02-19,present,0
986,99,2025-03-31,present,0
987,99,2024-10-30,present,0
988,99,2024-09-12,present,0
989,99,2024-11-25,present,0
990,99,2024-11-25,present,0
991,100,2023-09-11,present,0
992,100,2024-04-09,present,0
993,100,2024-05-06,present,0
994,100,2024-05-28,present,0
995,100,2024-03-22,present,0
996,100,2024-05-31,present,0
997,100,2024-01-01,present,0
998,100,2024-04-19,present,0
999,100,2024-06-14,present,0
1000,100,2023-12-14,absent,0
1001,101,2024-06-05,present,0
1002,101,2024-06-20,late,13
1003,101,2024-01-15,present,0
1004,101,2024-03-28,present,0
1005,101,2024-03-25,present,0
1006,101,2023-12-01,present,0
1007,101,2024-06-05,present,0
1008,101,2023-11-15,present,0
1009,101,2024-02-29,present,0
1010,101,2023-10-11,present,0
1011,102,2025-01-22,present,0
1012,102,2024-12-05,present,0
1013,102,2024-09-10,present,0
1014,102,2025-03-31,present,0
1015,102,2025-01-03,present,0
1016,102,2025-02-28,present,0
1017,102,2025-02-10,present,0
1018,102,2025-06-09,present,0
1019,102,2025-01-27,present,0
1020,102,2025-06-16,present,0
1021,103,2023-12-01,excused,0
1022,103,2024-05-30,present,0
1023,103,2023-11-15,present,0
1024,103,2023-11-06,present,0
1025,103,2024-06-18,present,0
1026,103,2024-01-29,present,0
1027,103,2023-10-02,present,0
1028,103,2024-04-29,present,0
1029,103,2024-04-03,present,0
1030,103,2024-01-19,present,0
1031,104,2023-11-06,excused,0
1032,104,2024-03-21,present,0
1033,104,2023-12-19,present,0
1034,104,2024-06-19,present,0
1035,104,2024-02-05,present,0
1036,104,2024-04-18,present,0
1037,104,2023-10-05,present,0
1038,104,2024-05-30,present,0
1039,104,2024-04-04,present,0
1040,104,2024-02-23,present,0
1041,105,2024-03-25,present,0
1042,105,2023-12-13,present,0
1043,105,2023-10-20,present,0
1044,105,2023-12-04,present,0
1045,105,2024-01-03,absent,0
1046,105,2023-12-18,present,0
1047,105,2024-06-17,present,0
1048,105,2024-01-31,absent,0
1049,105,2024-01-08,present,0
1050,105,2024-05-20,present,0
1051,106,2023-10-02,present,0
1052,106,2024-01-12,present,0
1053,106,2023-12-11,present,0
1054,106,2024-01-25,present,0
1055,106,2024-04-12,present,0
1056,106,2024-03-11,present,0
1057,106,2023-11-06,present,0
1058,106,2024-03-11,present,0
1059,106,2024-01-30,present,0
1060,106,2023-11-17,present,0
1061,107,2022-12-30,present,0
1062,107,2023-03-27,present,0
1063,107,2023-01-02,present,0
1064,107,2022-11-23,present,0
1065,107,2023-05-09,present,0
1066,107,2022-10-10,present,0
1067,107,2023-03-20,present,0
1068,107,2022-11-07,present,0
1069,107,2023-02-27,present,0
1070,107,2022-09-27,present,0
1071,108,2024-09-30,present,0
1072,108,2024-09-16,present,0
1073,108,2025-04-14,present,0
1074,108,2025-02-03,present,0
1075,108,2025-03-19,present,0
1076,108,2025-03-17,present,0
1077,108,2025-05-23,present,0
1078,108,2024-12-16,present,0
1079,108,2025-06-16,present,0
1080,108,2024-12-02,present,0
1081,109,2024-04-15,present,0
1082,109,2023-09-18,present,0
1083,109,2023-10-09,present,0
1084,109,2023-11-21,present,0
1085,109,2024-01-10,present,0
1086,109,2023-11-09,present,0
1087,109,2023-09-12,present,0
1088,109,2024-05-21,present,0
1089,109,2023-12-21,present,0
1090,109,2024-03-20,present,0
1091,110,2023-02-21,present,0
1092,110,2023-02-20,present,0
1093,110,2023-05-01,present,0
1094,110,2022-11-07,present,0
1095,110,2022-10-05,present,0
1096,110,2023-04-17,present,0
1097,110,2022-11-08,present,0
1098,110,2023-01-04,present,0
1099,110,2023-03-06,present,0
1100,110,2023-02-03,present,0
1101,111,2023-06-05,present,0
1102,111,2023-06-19,present,0
1103,111,2023-03-01,present,0
1104,111,2022-09-19,present,0
1105,111,2022-11-22,present,0
1106,111,2022-10-14,present,0
1107,111,2022-12-14,present,0
1108,111,2023-04-10,present,0
1109,111,2022-11-28,present,0
1110,111,2023-03-21,present,0
1111,112,2023-03-22,present,0
1112,112,2023-02-23,present,0
1113,112,2022-12-20,present,0
1114,112,2023-06-14,present,0
1115,112,2023-04-19,present,0
1116,112,2023-02-17,present,0
1117,112,2023-01-23,present,0
1118,112,2023-03-15,present,0
1119,112,2022-09-19,present,0
1120,112,2023-03-27,present,0
1121,113,2025-02-18,present,0
1122,113,2025-01-13,present,0
1123,113,2024-09-17,present,0
1124,113,2024-11-06,present,0
1125,113,2024-09-09,present,0
1126,113,2024-10-31,present,0
1127,113,2025-04-21,present,0
1128,113,2024-12-11,present,0
1129,113,2025-01-02,present,0
1130,113,2024-11-04,present,0
1131,114,2023-05-29,present,0
1132,114,2023-01-03,present,0
1133,114,2022-11-01,present,0
1134,114,2022-12-02,present,0
1135,114,2023-05-25,present,0
1136,114,2022-10-10,present,0
1137,114,2022-09-21,late,35
1138,114,2023-04-03,present,0
1139,114,2023-02-28,present,0
1140,114,2022-10-12,late,34
1141,115,2023-12-27,present,0
1142,115,2023-10-30,present,0
1143,115,2023-11-06,absent,0
1144,115,2023-12-04,late,10
1145,115,2023-09-20,present,0
1146,115,2023-09-28,present,0
1147,115,2024-02-16,present,0
1148,115,2024-03-07,late,7
1149,115,2024-06-03,present,0
1150,115,2024-03-06,present,0
1151,116,2023-12-11,present,0
1152,116,2024-03-05,present,0
1153,116,2023-10-23,present,0
1154,116,2024-02-19,present,0
1155,116,2023-10-05,absent,0
1156,116,2024-01-29,present,0
1157,116,2024-06-18,present,0
1158,116,2024-01-17,absent,0
1159,116,2024-04-29,present,0
1160,116,2023-12-12,present,0
1161,117,2022-09-26,present,0
1162,117,2023-01-24,absent,0
1163,117,2023-02-13,present,0
1164,117,2023-04-17,present,0
1165,117,2023-01-06,present,0
1166,117,2022-09-12,present,0
1167,117,2022-10-03,present,0
1168,117,2022-09-13,present,0
1169,117,2023-04-24,present,0
1170,117,2022-10-14,present,0
1171,118,2022-10-28,absent,0
1172,118,2022-11-10,excused,0
1173,118,2023-01-30,present,0
1174,118,2023-06-15,present,0
1175,118,2023-03-20,excused,0
1176,118,2022-12-13,present,0
1177,118,2023-06-14,excused,0
1178,118,2022-11-17,present,0
1179,118,2023-02-17,late,17
1180,118,2023-01-30,present,0
1181,119,2023-06-12,present,0
1182,119,2023-02-06,present,0
1183,119,2022-12-08,present,0
1184,119,2022-11-21,present,0
1185,119,2022-10-17,present,0
1186,119,2022-12-23,present,0
1187,119,2023-04-17,present,0
1188,119,2023-03-27,present,0
1189,119,2022-11-03,absent,0
1190,119,2023-05-09,present,0
1191,120,2025-05-13,present,0
1192,120,2024-09-20,present,0
1193,120,2025-03-07,present,0
1194,120,2024-12-04,late,16
1195,120,2025-05-30,excused,0
1196,120,2025-04-07,present,0
1197,120,2024-10-16,present,0
1198,120,2024-10-21,late,20
1199,120,2024-09-30,present,0
1200,120,2024-11-25,present,0
1201,121,2022-10-28,present,0
1202,121,2023-02-17,present,0
1203,121,2023-01-02,present,0
1204,121,2023-02-20,present,0
1205,121,2023-04-20,present,0
1206,121,2023-06-15,present,0
1207,121,2023-02-20,late,10
1208,121,2023-04-11,present,0
1209,121,2023-04-03,present,0
1210,121,2023-06-12,present,0
1211,122,2025-02-21,present,0
1212,122,2025-05-19,present,0
1213,122,2024-11-29,present,0
1214,122,2024-12-11,late,28
1215,122,2025-03-10,late,22
1216,122,2024-12-09,present,0
1217,122,2025-03-11,present,0
1218,122,2024-10-30,present,0
1219,122,2024-10-23,present,0
1220,122,2024-11-13,present,0
1221,123,2025-01-10,present,0
1222,123,2024-12-16,present,0
1223,123,2025-06-20,present,0
1224,123,2024-12-09,present,0
1225,123,2025-06-13,present,0
1226,123,2025-03-31,present,0
1227,123,2025-05-02,present,0
1228,123,2024-11-11,present,0
1229,123,2024-11-22,present,0
1230,123,2024-10-08,present,0
1231,124,2023-03-17,absent,0
1232,124,2023-04-10,absent,0
1233,124,2022-12-20,excused,0
1234,124,2023-04-03,present,0
1235,124,2022-10-10,present,0
1236,124,2023-01-09,present,0
1237,124,2023-01-26,present,0
1238,124,2022-10-03,present,0
1239,124,2022-09-26,present,0
1240,124,2022-09-15,late,6
1241,125,2023-09-28,present,0
1242,125,2024-03-11,present,0
1243,125,2024-02-05,present,0
1244,125,2024-04-25,excused,0
1245,125,2023-12-25,late,9
1246,125,2023-11-06,present,0
1247,125,2023-10-12,late,17
1248,125,2024-06-03,present,0
1249,125,2024-02-09,present,0
1250,125,2024-06-10,present,0
1251,126,2022-12-12,present,0
1252,126,2022-09-22,present,0
1253,126,2023-06-15,present,0
1254,126,2023-04-10,present,0
1255,126,2023-01-02,present,0
1256,126,2023-05-01,present,0
1257,126,2023-02-23,present,0
1258,126,2023-05-15,present,0
1259,126,2022-10-04,present,0
1260,126,2022-10-19,late,28
1261,127,2023-02-27,present,0
1262,127,2022-11-25,present,0
1263,127,2022-11-08,present,0
1264,127,2022-12-27,present,0
1265,127,2022-09-19,present,0
1266,127,2023-03-30,present,0
1267,127,2023-03-08,present,0
1268,127,2022-11-28,present,0
1269,127,2023-01-30,present,0
1270,127,2023-03-09,present,0
1271,128,2024-01-19,present,0
1272,128,2023-12-04,present,0
1273,128,2024-05-15,present,0
1274,128,2024-05-20,present,0
1275,128,2024-05-27,present,0
1276,128,2023-10-05,present,0
1277,128,2024-02-13,present,0
1278,128,2024-02-14,present,0
1279,128,2024-01-15,present,0
1280,128,2023-09-11,present,0
1281,129,2023-01-09,present,0
1282,129,2023-01-13,present,0
1283,129,2022-09-19,present,0
1284,129,2022-10-12,present,0
1285,129,2022-11-22,present,0
1286,129,2023-04-27,present,0
1287,129,2023-02-03,present,0
1288,129,2023-06-05,present,0
1289,129,2023-05-26,present,0
1290,129,2023-01-19,present,0
1291,130,2022-11-07,present,0
1292,130,2022-11-29,present,0
1293,130,2023-03-13,present,0
1294,130,2023-04-05,present,0
1295,130,2023-05-15,present,0
1296,130,2023-04-11,present,0
1297,130,2023-01-13,present,0
1298,130,2023-04-10,present,0
1299,130,2023-04-18,excused,0
1300,130,2023-01-06,present,0
1301,131,2023-05-08,absent,0
1302,131,2023-01-25,present,0
1303,131,2023-05-10,absent,0
1304,131,2022-11-02,present,0
1305,131,2023-03-13,present,0
1306,131,2023-04-03,present,0
1307,131,2023-04-03,late,19
1308,131,2023-03-22,present,0
1309,131,2023-03-14,absent,0
1310,131,2023-01-23,present,0
1311,132,2022-11-23,present,0
1312,132,2023-05-29,late,18
1313,132,2023-06-14,present,0
1314,132,2022-11-02,present,0
1315,132,2022-11-07,present,0
1316,132,2022-10-18,present,0
1317,132,2023-02-03,present,0
1318,132,2022-12-05,excused,0
1319,132,2023-04-18,present,0
1320,132,2022-12-19,present,0
1321,133,2022-11-08,present,0
1322,133,2023-03-30,present,0
1323,133,2022-09-22,present,0
1324,133,2022-11-16,present,0
1325,133,2022-11-09,present,0
1326,133,2023-03-14,present,0
1327,133,2023-03-29,present,0
1328,133,2023-02-22,present,0
1329,133,2023-04-03,present,0
1330,133,2022-11-30,absent,0
1331,134,2022-12-26,present,0
1332,134,2022-09-14,present,0
1333,134,2023-02-24,present,0
1334,134,2022-11-21,excused,0
1335,134,2023-03-15,present,0
1336,134,2023-01-30,present,0
1337,134,2023-03-27,present,0
1338,134,2022-11-08,present,0
1339,134,2023-06-05,present,0
1340,134,2023-04-03,present,0
1341,135,2023-10-10,present,0
1342,135,2024-05-09,present,0
1343,135,2024-06-05,present,0
1344,135,2024-06-12,late,19
1345,135,2024-04-05,present,0
1346,135,2024-01-24,present,0
1347,135,2024-01-16,present,0
1348,135,2024-05-10,present,0
1349,135,2024-04-26,present,0
1350,135,2023-10-17,present,0
1351,136,2024-12-16,absent,0
1352,136,2025-02-17,present,0
1353,136,2024-10-25,present,0
1354,136,2024-09-16,present,0
1355,136,2024-12-09,absent,0
1356,136,2025-03-13,present,0
1357,136,2025-02-20,absent,0
1358,136,2024-12-09,present,0
1359,136,2025-01-27,present,0
1360,136,2025-02-26,present,0
1361,137,2022-09-09,present,0
1362,137,2022-10-26,absent,0
1363,137,2022-09-21,present,0
1364,137,2023-03-23,present,0
1365,137,2022-12-29,present,0
1366,137,2022-12-15,late,21
1367,137,2023-01-11,present,0
1368,137,2023-04-18,excused,0
1369,137,2023-05-10,present,0
1370,137,2023-03-09,present,0
1371,138,2023-02-27,present,0
1372,138,2023-04-24,present,0
1373,138,2023-01-02,absent,0
1374,138,2022-10-20,present,0
1375,138,2023-06-13,present,0
1376,138,2023-01-02,present,0
1377,138,2022-10-28,absent,0
1378,138,2022-10-05,present,0
1379,138,2022-09-16,present,0
1380,138,2022-12-27,present,0
1381,139,2024-04-02,present,0
1382,139,2023-10-30,present,0
1383,139,2023-09-11,present,0
1384,139,2024-03-25,present,0
1385,139,2023-11-30,present,0
1386,139,2023-10-04,absent,0
1387,139,2024-04-10,present,0
1388,139,2023-09-28,present,0
1389,139,2024-06-03,present,0
1390,139,2024-04-25,late,18
1391,140,2024-10-21,present,0
1392,140,2024-10-03,present,0
1393,140,2024-09-13,present,0
1394,140,2025-06-10,present,0
1395,140,2025-06-16,present,0
1396,140,2025-06-19,present,0
1397,140,2025-05-22,present,0
1398,140,2024-11-14,present,0
1399,140,2025-06-09,present,0
1400,140,2025-03-31,present,0
1401,141,2024-01-08,present,0
1402,141,2024-06-07,present,0
1403,141,2024-01-29,present,0
1404,141,2024-01-15,present,0
1405,141,2024-05-02,present,0
1406,141,2024-05-20,present,0
1407,141,2023-10-16,present,0
1408,141,2023-12-15,present,0
1409,141,2024-06-10,present,0
1410,141,2024-03-04,present,0
1411,142,2024-04-22,present,0
1412,142,2024-02-19,present,0
1413,142,2023-11-15,present,0
1414,142,2023-11-06,present,0
1415,142,2023-12-07,present,0
1416,142,2023-10-30,excused,0
1417,142,2024-05-13,present,0
1418,142,2023-09-25,present,0
1419,142,2024-01-25,present,0
1420,142,2024-02-23,present,0
1421,143,2025-03-11,present,0
1422,143,2024-09-18,late,19
1423,143,2025-06-19,present,0
1424,143,2024-11-04,excused,0
1425,143,2024-12-24,present,0
1426,143,2024-11-18,present,0
1427,143,2025-03-31,excused,0
1428,143,2025-05-22,present,0
1429,143,2024-12-04,present,0
1430,143,2024-09-30,present,0
1431,144,2022-09-21,present,0
1432,144,2023-03-30,present,0
1433,144,2023-06-19,late,10
1434,144,2023-06-12,present,0
1435,144,2023-03-31,present,0
1436,144,2023-03-30,present,0
1437,144,2023-03-28,present,0
1438,144,2023-04-12,present,0
1439,144,2023-04-07,present,0
1440,144,2022-12-30,present,0
1441,145,2024-12-10,present,0
1442,145,2025-01-23,present,0
1443,145,2024-12-16,present,0
1444,145,2025-03-10,present,0
1445,145,2025-02-24,present,0
1446,145,2024-12-09,present,0
1447,145,2024-09-23,present,0
1448,145,2024-10-04,present,0
1449,145,2024-12-04,late,8
1450,145,2024-09-26,present,0
1451,146,2024-05-30,present,0
1452,146,2023-12-28,present,0
1453,146,2024-06-06,present,0
1454,146,2024-03-27,excused,0
1455,146,2024-05-21,present,0
1456,146,2024-05-16,present,0
1457,146,2023-10-12,present,0
1458,146,2024-05-21,present,0
1459,146,2024-04-22,present,0
1460,146,2023-10-24,present,0
1461,147,2025-02-17,present,0
1462,147,2025-03-04,present,0
1463,147,2025-05-05,late,19
1464,147,2025-04-24,present,0
1465,147,2024-11-11,present,0
1466,147,2025-01-06,present,0
1467,147,2024-12-25,late,14
1468,147,2025-06-13,present,0
1469,147,2024-10-14,present,0
1470,147,2025-01-07,present,0
1471,148,2023-06-16,present,0
1472,148,2022-12-26,present,0
1473,148,2022-11-04,present,0
1474,148,2022-10-11,present,0
1475,148,2022-09-29,present,0
1476,148,2023-02-13,present,0
1477,148,2022-12-12,present,0
1478,148,2023-04-12,present,0
1479,148,2022-11-18,present,0
1480,148,2022-09-15,present,0
1481,149,2024-10-22,present,0
1482,149,2024-09-27,present,0
1483,149,2024-10-28,present,0
1484,149,2025-06-12,present,0
1485,149,2025-02-03,present,0
1486,149,2024-11-11,present,0
1487,149,2025-01-06,present,0
1488,149,2025-02-11,present,0
1489,149,2025-01-21,present,0
1490,149,2025-05-22,present,0
1491,150,2024-01-15,present,0
1492,150,2023-11-27,present,0
1493,150,2024-06-11,present,0
1494,150,2024-02-26,present,0
1495,150,2024-03-13,late,13
1496,150,2023-11-03,present,0
1497,150,2023-12-04,present,0
1498,150,2024-05-09,present,0
1499,150,2023-12-08,present,0
1500,150,2023-12-20,present,0
1501,151,2023-06-14,present,0
1502,151,2023-05-30,present,0
1503,151,2023-03-21,present,0
1504,151,2023-01-24,late,22
1505,151,2023-02-06,present,0
1506,151,2022-10-05,present,0
1507,151,2023-02-06,present,0
1508,151,2023-05-17,present,0
1509,151,2023-04-21,present,0
1510,151,2023-01-02,present,0
1511,152,2023-02-23,late,34
1512,152,2022-12-29,present,0
1513,152,2022-09-16,present,0
1514,152,2022-10-04,present,0
1515,152,2023-04-27,present,0
1516,152,2023-05-29,present,0
1517,152,2022-12-16,excused,0
1518,152,2023-01-02,present,0
1519,152,2023-05-26,present,0
1520,152,2023-04-20,present,0
1521,153,2025-04-21,present,0
1522,153,2024-11-18,excused,0
1523,153,2024-10-21,present,0
1524,153,2024-10-24,present,0
1525,153,2025-06-03,present,0
1526,153,2025-02-14,present,0
1527,153,2025-02-04,present,0
1528,153,2024-10-28,present,0
1529,153,2025-06-09,excused,0
1530,153,2025-02-03,present,0
1531,154,2022-10-03,present,0
1532,154,2023-06-06,present,0
1533,154,2022-11-28,present,0
1534,154,2023-02-09,present,0
1535,154,2023-03-06,present,0
1536,154,2022-11-18,present,0
1537,154,2023-05-25,present,0
1538,154,2022-10-17,present,0
1539,154,2023-03-20,present,0
1540,154,2023-01-18,present,0
1541,155,2024-10-30,present,0
1542,155,2024-11-20,present,0
1543,155,2024-12-04,late,10
1544,155,2024-09-12,present,0
1545,155,2025-04-14,present,0
1546,155,2024-10-14,present,0
1547,155,2025-03-31,present,0
1548,155,2024-12-30,present,0
1549,155,2024-09-09,late,27
1550,155,2024-10-21,present,0
1551,156,2024-02-16,present,0
1552,156,2024-01-17,present,0
1553,156,2023-11-08,present,0
1554,156,2023-09-18,present,0
1555,156,2024-05-20,late,19
1556,156,2023-11-27,present,0
1557,156,2024-04-05,present,0
1558,156,2024-01-31,present,0
1559,156,2023-12-25,present,0
1560,156,2023-12-08,present,0
1561,157,2025-01-06,present,0
1562,157,2025-05-23,present,0
1563,157,2025-01-20,present,0
1564,157,2025-04-14,present,0
1565,157,2025-05-26,present,0
1566,157,2025-05-26,late,25
1567,157,2024-10-22,present,0
1568,157,2024-12-23,present,0
1569,157,2024-12-12,present,0
1570,157,2024-12-11,present,0
1571,158,2024-04-10,present,0
1572,158,2024-04-29,absent,0
1573,158,2024-03-11,present,0
1574,158,2024-05-14,present,0
1575,158,2023-11-27,present,0
1576,158,2023-12-11,present,0
1577,158,2023-09-27,present,0
1578,158,2024-02-16,present,0
1579,158,2024-06-05,present,0
1580,158,2024-03-20,present,0
1581,159,2025-03-17,present,0
1582,159,2025-02-07,present,0
1583,159,2025-05-27,present,0
1584,159,2025-03-13,present,0
1585,159,2025-01-07,present,0
1586,159,2025-06-16,present,0
1587,159,2024-11-11,present,0
1588,159,2025-03-12,present,0
1589,159,2024-10-24,present,0
1590,159,2024-12-20,present,0
1591,160,2023-12-11,present,0
1592,160,2023-10-05,present,0
1593,160,2023-10-30,late,35
1594,160,2023-11-13,present,0
1595,160,2024-04-22,present,0
1596,160,2023-09-20,present,0
1597,160,2024-01-30,present,0
1598,160,2024-03-26,present,0
1599,160,2024-01-16,present,0
1600,160,2023-12-11,absent,0
1601,161,2025-01-10,absent,0
1602,161,2024-12-09,present,0
1603,161,2024-11-06,absent,0
1604,161,2024-12-02,present,0
1605,161,2025-02-25,present,0
1606,161,2025-03-24,present,0
1607,161,2024-11-25,present,0
1608,161,2025-05-26,present,0
1609,161,2025-06-19,present,0
1610,161,2024-12-16,late,35
1611,162,2025-04-07,present,0
1612,162,2025-06-02,present,0
1613,162,2024-12-04,present,0
1614,162,2024-12-24,present,0
1615,162,2025-01-13,present,0
1616,162,2024-12-17,present,0
1617,162,2025-05-26,present,0
1618,162,2025-01-07,present,0
1619,162,2024-12-25,present,0
1620,162,2025-03-25,excused,0
1621,163,2022-10-12,present,0
1622,163,2023-04-10,present,0
1623,163,2023-05-17,present,0
1624,163,2023-04-03,present,0
1625,163,2023-02-20,present,0
1626,163,2023-02-02,present,0
1627,163,2022-10-24,present,0
1628,163,2022-11-14,present,0
1629,163,2023-05-08,late,8
1630,163,2023-03-09,present,0
1631,164,2024-02-29,present,0
1632,164,2024-06-07,present,0
1633,164,2023-10-23,present,0
1634,164,2024-03-25,present,0
1635,164,2024-04-22,present,0
1636,164,2024-02-28,present,0
1637,164,2023-12-18,present,0
1638,164,2024-02-06,present,0
1639,164,2024-02-06,present,0
1640,164,2023-12-11,present,0
1641,165,2025-05-23,present,0
1642,165,2024-09-10,present,0
1643,165,2024-10-07,present,0
1644,165,2024-11-15,present,0
1645,165,2025-05-09,present,0
1646,165,2025-03-17,present,0
1647,165,2024-11-06,present,0
1648,165,2024-09-19,present,0
1649,165,2025-01-06,present,0
1650,165,2024-12-23,present,0
1651,166,2024-02-12,late,20
1652,166,2023-09-25,present,0
1653,166,2023-12-13,late,10
1654,166,2024-02-22,present,0
1655,166,2023-11-20,present,0
1656,166,2024-05-27,present,0
1657,166,2024-06-19,present,0
1658,166,2023-10-16,present,0
1659,166,2023-12-20,present,0
1660,166,2024-03-15,present,0
1661,167,2024-01-18,present,0
1662,167,2024-05-06,present,0
1663,167,2024-01-10,present,0
1664,167,2024-03-04,present,0
1665,167,2023-09-22,present,0
1666,167,2024-01-05,late,32
1667,167,2024-01-19,present,0
1668,167,2023-11-16,present,0
1669,167,2023-09-14,present,0
1670,167,2024-01-22,present,0
1671,168,2023-05-22,present,0
1672,168,2023-05-23,present,0
1673,168,2023-06-08,present,0
1674,168,2022-09-26,present,0
1675,168,2022-12-15,present,0
1676,168,2023-04-04,present,0
1677,168,2022-12-14,present,0
1678,168,2023-01-04,present,0
1679,168,2023-02-23,present,0
1680,168,2023-03-23,present,0
1681,169,2024-03-01,present,0
1682,169,2024-06-17,present,0
1683,169,2023-09-13,present,0
1684,169,2024-02-02,present,0
1685,169,2024-05-03,present,0
1686,169,2024-05-27,present,0
1687,169,2023-12-11,present,0
1688,169,2024-06-20,present,0
1689,169,2024-04-30,present,0
1690,169,2023-10-05,present,0
1691,170,2022-09-30,present,0
1692,170,2022-10-17,present,0
1693,170,2022-12-27,present,0
1694,170,2022-11-07,present,0
1695,170,2022-11-14,present,0
1696,170,2023-04-17,present,0
1697,170,2023-02-24,present,0
1698,170,2022-12-12,present,0
1699,170,2022-09-22,present,0
1700,170,2023-05-31,late,22
1701,171,2025-04-28,present,0
1702,171,2024-11-14,late,26
1703,171,2025-02-06,present,0
1704,171,2024-10-18,present,0
1705,171,2024-11-11,present,0
1706,171,2025-05-29,present,0
1707,171,2025-01-27,present,0
1708,171,2024-11-04,present,0
1709,171,2025-04-07,present,0
1710,171,2025-05-26,present,0
1711,172,2025-02-10,present,0
1712,172,2025-04-21,present,0
1713,172,2024-12-25,present,0
1714,172,2025-01-03,present,0
1715,172,2025-03-03,present,0
1716,172,2025-06-05,present,0
1717,172,2025-05-14,present,0
1718,172,2025-01-06,present,0
1719,172,2025-03-06,present,0
1720,172,2025-01-27,present,0
1721,173,2023-05-16,present,0
1722,173,2022-12-26,present,0
1723,173,2023-02-01,present,0
1724,173,2023-04-04,present,0
1725,173,2023-02-07,present,0
1726,173,2023-02-13,present,0
1727,173,2023-02-27,present,0
1728,173,2023-06-12,present,0
1729,173,2023-03-06,present,0
1730,173,2022-11-01,present,0
1731,174,2024-04-04,present,0
1732,174,2024-01-31,present,0
1733,174,2024-01-08,present,0
1734,174,2024-01-02,present,0
1735,174,2024-01-18,excused,0
1736,174,2023-10-23,present,0
1737,174,2024-06-14,present,0
1738,174,2023-12-12,present,0
1739,174,2024-03-29,present,0
1740,174,2023-09-22,excused,0
1741,175,2025-04-07,present,0
1742,175,2025-03-14,present,0
1743,175,2025-01-29,present,0
1744,175,2024-09-27,present,0
1745,175,2025-04-07,excused,0
1746,175,2024-10-23,absent,0
1747,175,2025-04-01,present,0
1748,175,2025-05-08,present,0
1749,175,2025-03-25,absent,0
1750,175,2025-03-27,late,8
1751,176,2025-03-04,absent,0
1752,176,2024-12-10,excused,0
1753,176,2025-05-27,present,0
1754,176,2024-12-12,present,0
1755,176,2024-09-23,excused,0
1756,176,2025-02-17,present,0
1757,176,2025-02-11,present,0
1758,176,2024-09-18,present,0
1759,176,2025-06-12,late,5
1760,176,2024-10-31,present,0
1761,177,2023-06-01,present,0
1762,177,2023-04-26,present,0
1763,177,2023-03-16,present,0
1764,177,2022-12-29,present,0
1765,177,2023-02-08,present,0
1766,177,2023-06-02,present,0
1767,177,2023-03-13,present,0
1768,177,2022-10-24,present,0
1769,177,2023-04-21,present,0
1770,177,2023-03-08,present,0
1771,178,2023-10-11,present,0
1772,178,2023-11-01,present,0
1773,178,2024-04-04,present,0
1774,178,2023-09-18,late,9
1775,178,2024-03-13,present,0
1776,178,2023-09-11,present,0
1777,178,2024-02-05,present,0
1778,178,2024-01-08,present,0
1779,178,2023-10-16,present,0
1780,178,2024-01-05,present,0
1781,179,2023-05-11,present,0
1782,179,2023-06-16,present,0
1783,179,2023-04-11,present,0
1784,179,2023-05-22,present,0
1785,179,2023-01-23,present,0
1786,179,2023-02-08,present,0
1787,179,2023-05-24,present,0
1788,179,2022-12-14,present,0
1789,179,2022-12-16,present,0
1790,179,2023-04-26,present,0
1791,180,2025-04-11,absent,0
1792,180,2025-01-30,present,0
1793,180,2025-05-12,present,0
1794,180,2025-04-07,late,15
1795,180,2024-11-08,present,0
1796,180,2025-02-11,absent,0
1797,180,2024-10-02,present,0
1798,180,2025-02-07,present,0
1799,180,2025-03-26,present,0
1800,180,2025-06-02,present,0
1801,181,2024-10-08,present,0
1802,181,2025-05-12,present,0
1803,181,2024-11-25,present,0
1804,181,2024-09-12,present,0
1805,181,2024-12-03,present,0
1806,181,2025-01-03,present,0
1807,181,2025-02-28,late,31
1808,181,2025-01-22,present,0
1809,181,2025-06-13,present,0
1810,181,2025-02-07,present,0
1811,182,2023-02-24,late,20
1812,182,2022-10-04,late,12
1813,182,2022-12-20,present,0
1814,182,2022-11-21,present,0
1815,182,2022-12-29,present,0
1816,182,2023-03-03,present,0
1817,182,2023-03-24,present,0
1818,182,2023-03-07,present,0
1819,182,2022-11-24,present,0
1820,182,2023-05-22,present,0
1821,183,2024-10-21,present,0
1822,183,2025-05-30,present,0
1823,183,2025-03-14,late,9
1824,183,2025-01-27,present,0
1825,183,2024-12-10,present,0
1826,183,2024-12-23,present,0
1827,183,2024-12-03,present,0
1828,183,2024-09-11,present,0
1829,183,2025-03-25,present,0
1830,183,2025-03-14,present,0
1831,184,2024-12-02,present,0
1832,184,2024-12-03,present,0
1833,184,2025-05-06,present,0
1834,184,2025-05-05,present,0
1835,184,2025-03-21,present,0
1836,184,2025-02-27,present,0
1837,184,2025-01-13,present,0
1838,184,2025-03-18,present,0
1839,184,2024-09-18,present,0
1840,184,2024-12-04,present,0
1841,185,2024-12-09,present,0
1842,185,2024-11-11,present,0
1843,185,2024-11-07,present,0
1844,185,2024-09-30,present,0
1845,185,2024-11-14,present,0
1846,185,2025-02-27,present,0
1847,185,2024-12-27,present,0
1848,185,2025-04-28,present,0
1849,185,2025-03-10,present,0
1850,185,2025-01-31,present,0
1851,186,2023-12-27,present,0
1852,186,2024-02-09,present,0
1853,186,2024-02-05,late,22
1854,186,2023-10-26,present,0
1855,186,2024-06-12,present,0
1856,186,2024-02-19,present,0
1857,186,2023-09-11,present,0
1858,186,2023-10-26,present,0
1859,186,2024-01-22,present,0
1860,186,2023-11-28,present,0
1861,187,2024-11-11,present,0
1862,187,2024-10-07,present,0
1863,187,2024-09-16,present,0
1864,187,2024-09-16,present,0
1865,187,2024-11-21,present,0
1866,187,2025-04-02,present,0
1867,187,2024-12-24,present,0
1868,187,2025-05-21,present,0
1869,187,2024-11-04,present,0
1870,187,2025-04-30,present,0
1871,188,2024-06-10,present,0
1872,188,2023-09-20,present,0
1873,188,2024-06-10,present,0
1874,188,2023-12-06,present,0
1875,188,2024-05-24,present,0
1876,188,2024-05-20,present,0
1877,188,2024-05-13,present,0
1878,188,2024-02-16,present,0
1879,188,2024-03-11,present,0
1880,188,2023-12-06,present,0
1881,189,2022-11-21,present,0
1882,189,2022-12-02,present,0
1883,189,2023-04-05,present,0
1884,189,2023-04-10,present,0
1885,189,2023-03-14,present,0
1886,189,2023-06-05,present,0
1887,189,2023-04-03,present,0
1888,189,2023-03-17,present,0
1889,189,2023-03-15,present,0
1890,189,2023-06-19,present,0
1891,190,2023-05-08,present,0
1892,190,2023-04-21,present,0
1893,190,2023-02-20,present,0
1894,190,2023-04-11,present,0
1895,190,2022-12-06,present,0
1896,190,2023-02-27,late,19
1897,190,2023-05-29,present,0
1898,190,2022-12-15,present,0
1899,190,2023-02-27,present,0
1900,190,2022-12-20,present,0
1901,191,2024-11-18,present,0
1902,191,2024-09-30,present,0
1903,191,2025-05-06,present,0
1904,191,2025-01-07,present,0
1905,191,2025-01-27,late,24
1906,191,2024-12-30,late,6
1907,191,2025-06-03,present,0
1908,191,2024-09-11,present,0
1909,191,2025-02-13,present,0
1910,191,2024-09-18,present,0
1911,192,2023-02-16,present,0
1912,192,2023-05-15,late,9
1913,192,2022-12-20,present,0
1914,192,2022-10-11,present,0
1915,192,2022-10-12,present,0
1916,192,2023-04-19,present,0
1917,192,2023-01-16,present,0
1918,192,2022-10-17,present,0
1919,192,2022-11-24,present,0
1920,192,2022-11-11,present,0
1921,193,2025-01-31,present,0
1922,193,2025-01-27,present,0
1923,193,2025-03-24,present,0
1924,193,2024-12-09,present,0
1925,193,2025-05-30,present,0
1926,193,2025-05-26,present,0
1927,193,2025-02-03,present,0
1928,193,2025-02-11,present,0
1929,193,2025-04-24,excused,0
1930,193,2024-10-07,present,0
1931,194,2023-02-10,present,0
1932,194,2023-06-05,excused,0
1933,194,2022-09-15,present,0
1934,194,2023-02-02,present,0
1935,194,2022-10-26,present,0
1936,194,2023-02-08,present,0
1937,194,2023-05-04,present,0
1938,194,2023-04-04,present,0
1939,194,2023-01-10,present,0
1940,194,2023-05-11,present,0
1941,195,2023-04-10,present,0
1942,195,2022-10-04,present,0
1943,195,2022-12-20,present,0
1944,195,2023-04-17,present,0
1945,195,2023-04-05,present,0
1946,195,2022-11-01,present,0
1947,195,2023-02-13,late,29
1948,195,2023-04-28,present,0
1949,195,2023-01-23,present,0
1950,195,2023-03-29,present,0
1951,196,2024-09-19,present,0
1952,196,2025-03-14,present,0
1953,196,2025-06-05,present,0
1954,196,2025-04-14,absent,0
1955,196,2025-05-30,present,0
1956,196,2025-03-24,present,0
1957,196,2025-04-07,late,27
1958,196,2025-03-20,present,0
1959,196,2025-04-07,present,0
1960,196,2025-06-02,present,0
1961,197,2023-11-10,present,0
1962,197,2023-09-11,present,0
1963,197,2024-05-29,present,0
1964,197,2024-01-09,present,0
1965,197,2024-06-12,present,0
1966,197,2024-05-01,present,0
1967,197,2024-06-18,present,0
1968,197,2023-12-18,present,0
1969,197,2023-12-22,present,0
1970,197,2024-05-06,present,0
1971,198,2024-12-02,present,0
1972,198,2024-10-08,present,0
1973,198,2025-02-28,present,0
1974,198,2025-01-30,present,0
1975,198,2025-06-18,present,0
1976,198,2025-05-22,present,0
1977,198,2025-06-19,present,0
1978,198,2025-05-30,present,0
1979,198,2024-10-23,present,0
1980,198,2024-10-15,present,0
1981,199,2023-02-22,present,0
1982,199,2023-01-02,present,0
1983,199,2022-10-13,present,0
1984,199,2023-01-03,present,0
1985,199,2022-12-30,present,0
1986,199,2022-11-14,excused,0
1987,199,2023-02-10,present,0
1988,199,2023-04-10,present,0
1989,199,2023-02-06,present,0
1990,199,2022-10-11,present,0
1991,200,2025-05-27,present,0
1992,200,2025-06-09,present,0
1993,200,2024-12-30,present,0
1994,200,2025-02-14,present,0
1995,200,2025-04-17,present,0
1996,200,2024-09-13,present,0
1997,200,2024-09-20,absent,0
1998,200,2025-04-02,present,0
1999,200,2024-11-18,present,0
2000,200,2025-01-24,present,0
2001,201,2024-01-11,present,0
2002,201,2023-10-26,late,15
2003,201,2023-12-15,present,0
2004,201,2024-05-30,present,0
2005,201,2024-05-14,present,0
2006,201,2023-10-30,present,0
2007,201,2024-01-24,present,0
2008,201,2024-02-05,present,0
2009,201,2024-02-07,present,0
2010,201,2024-03-08,present,0
2011,202,2023-02-24,present,0
2012,202,2022-10-14,present,0
2013,202,2022-09-30,present,0
2014,202,2022-10-27,present,0
2015,202,2022-10-31,present,0
2016,202,2023-06-07,present,0
2017,202,2022-10-28,absent,0
2018,202,2023-02-27,present,0
2019,202,2023-04-03,present,0
2020,202,2022-09-26,present,0
2021,203,2023-05-01,present,0
2022,203,2023-04-17,absent,0
2023,203,2023-03-21,present,0
2024,203,2023-04-10,late,33
2025,203,2023-05-04,present,0
2026,203,2023-03-31,present,0
2027,203,2022-10-26,present,0
2028,203,2023-05-01,present,0
2029,203,2023-03-10,present,0
2030,203,2023-01-31,present,0
2031,204,2025-04-09,present,0
2032,204,2024-09-16,present,0
2033,204,2025-01-20,present,0
2034,204,2024-12-27,present,0
2035,204,2025-03-12,present,0
2036,204,2024-12-20,present,0
2037,204,2024-10-21,present,0
2038,204,2025-04-21,present,0
2039,204,2024-12-09,present,0
2040,204,2025-03-13,present,0
2041,205,2025-05-20,present,0
2042,205,2025-05-09,present,0
2043,205,2025-06-11,present,0
2044,205,2025-03-24,present,0
2045,205,2025-04-28,present,0
2046,205,2025-04-04,present,0
2047,205,2024-12-24,present,0
2048,205,2025-02-13,present,0
2049,205,2024-10-07,present,0
2050,205,2025-04-28,present,0
2051,206,2023-12-27,present,0
2052,206,2024-01-04,present,0
2053,206,2023-11-17,present,0
2054,206,2024-01-09,late,5
2055,206,2024-05-03,present,0
2056,206,2024-06-04,present,0
2057,206,2024-03-06,present,0
2058,206,2023-10-18,present,0
2059,206,2023-09-22,present,0
2060,206,2024-06-03,present,0
2061,207,2024-05-24,present,0
2062,207,2024-04-24,present,0
2063,207,2024-05-08,present,0
2064,207,2024-04-01,present,0
2065,207,2024-06-12,present,0
2066,207,2023-11-27,present,0
2067,207,2024-02-26,present,0
2068,207,2024-01-15,present,0
2069,207,2024-05-06,present,0
2070,207,2023-10-23,present,0
2071,208,2023-02-23,present,0
2072,208,2022-11-07,present,0
2073,208,2023-03-27,present,0
2074,208,2023-05-05,present,0
2075,208,2023-04-10,present,0
2076,208,2022-12-14,present,0
2077,208,2023-05-19,present,0
2078,208,2022-12-12,present,0
2079,208,2023-05-05,present,0
2080,208,2023-03-08,present,0
2081,209,2023-01-09,present,0
2082,209,2023-03-17,present,0
2083,209,2023-03-07,present,0
2084,209,2022-12-26,present,0
2085,209,2022-11-14,present,0
2086,209,2023-04-17,present,0
2087,209,2022-11-22,present,0
2088,209,2023-03-21,present,0
2089,209,2023-02-13,present,0
2090,209,2023-01-16,present,0
2091,210,2024-06-18,present,0
2092,210,2024-06-06,present,0
2093,210,2024-02-26,present,0
2094,210,2024-06-10,present,0
2095,210,2023-12-14,absent,0
2096,210,2024-01-29,present,0
2097,210,2023-12-26,present,0
2098,210,2024-05-31,absent,0
2099,210,2024-05-06,present,0
2100,210,2024-05-20,absent,0
2101,211,2023-03-10,present,0
2102,211,2022-11-08,present,0
2103,211,2023-03-20,present,0
2104,211,2022-11-29,present,0
2105,211,2023-06-14,present,0
2106,211,2023-03-22,present,0
2107,211,2022-12-26,present,0
2108,211,2023-06-05,present,0
2109,211,2023-05-29,absent,0
2110,211,2022-10-20,excused,0
2111,212,2025-02-19,present,0
2112,212,2025-05-07,present,0
2113,212,2024-09-18,present,0
2114,212,2025-05-12,present,0
2115,212,2025-05-21,late,19
2116,212,2025-01-24,present,0
2117,212,2024-09-13,absent,0
2118,212,2025-06-12,present,0
2119,212,2025-04-30,present,0
2120,212,2024-11-11,present,0
2121,213,2025-03-31,excused,0
2122,213,2024-11-05,absent,0
2123,213,2025-02-03,present,0
2124,213,2024-12-02,present,0
2125,213,2025-04-14,excused,0
2126,213,2024-12-05,present,0
2127,213,2024-09-23,late,22
2128,213,2024-09-20,absent,0
2129,213,2025-02-03,present,0
2130,213,2025-04-02,present,0
2131,214,2023-04-24,present,0
2132,214,2022-10-27,present,0
2133,214,2023-05-17,late,8
2134,214,2023-06-01,present,0
2135,214,2023-03-13,present,0
2136,214,2023-03-08,present,0
2137,214,2022-12-02,present,0
2138,214,2023-02-21,present,0
2139,214,2023-04-03,present,0
2140,214,2023-04-03,present,0
2141,215,2024-11-14,absent,0
2142,215,2025-06-09,present,0
2143,215,2025-03-12,present,0
2144,215,2024-10-24,absent,0
2145,215,2025-05-30,present,0
2146,215,2025-01-27,present,0
2147,215,2025-05-22,present,0
2148,215,2025-01-31,absent,0
2149,215,2025-03-20,present,0
2150,215,2025-03-21,late,5
2151,216,2023-11-20,present,0
2152,216,2024-03-11,present,0
2153,216,2023-11-16,present,0
2154,216,2023-11-07,present,0
2155,216,2023-09-15,present,0
2156,216,2024-04-01,present,0
2157,216,2024-01-03,present,0
2158,216,2024-02-28,present,0
2159,216,2024-06-10,present,0
2160,216,2023-12-27,present,0
2161,217,2024-12-27,present,0
2162,217,2025-06-16,present,0
2163,217,2024-12-16,present,0
2164,217,2025-03-25,present,0
2165,217,2024-11-05,present,0
2166,217,2024-09-30,present,0
2167,217,2024-10-15,present,0
2168,217,2025-01-29,present,0
2169,217,2025-05-19,present,0
2170,217,2024-10-10,present,0
2171,218,2022-10-17,present,0
2172,218,2023-06-02,present,0
2173,218,2022-11-22,present,0
2174,218,2022-10-20,present,0
2175,218,2023-03-17,present,0
2176,218,2023-01-09,present,0
2177,218,2022-12-19,present,0
2178,218,2022-10-10,present,0
2179,218,2022-10-05,present,0
2180,218,2022-09-16,present,0
2181,219,2023-04-25,present,0
2182,219,2022-11-14,present,0
2183,219,2022-12-01,present,0
2184,219,2022-11-28,excused,0
2185,219,2023-03-27,present,0
2186,219,2022-10-03,present,0
2187,219,2023-05-08,present,0
2188,219,2023-01-12,present,0
2189,219,2022-12-19,present,0
2190,219,2022-12-27,present,0
2191,220,2023-10-02,present,0
2192,220,2024-02-12,present,0
2193,220,2024-04-11,present,0
2194,220,2023-12-08,late,29
2195,220,2024-06-03,late,12
2196,220,2024-01-22,present,0
2197,220,2024-06-10,present,0
2198,220,2023-12-04,present,0
2199,220,2023-12-22,present,0
2200,220,2023-09-18,late,7
2201,221,2025-01-24,present,0
2202,221,2024-12-09,present,0
2203,221,2025-05-13,present,0
2204,221,2024-11-21,present,0
2205,221,2025-05-12,present,0
2206,221,2025-06-09,present,0
2207,221,2025-05-27,present,0
2208,221,2025-02-17,absent,0
2209,221,2025-01-09,present,0
2210,221,2025-06-02,present,0
2211,222,2025-01-22,present,0
2212,222,2024-10-21,present,0
2213,222,2024-11-25,present,0
2214,222,2024-09-23,present,0
2215,222,2024-12-09,present,0
2216,222,2024-09-12,present,0
2217,222,2025-04-07,present,0
2218,222,2025-03-24,present,0
2219,222,2024-11-18,present,0
2220,222,2025-02-17,present,0
2221,223,2023-12-18,late,32
2222,223,2024-06-10,present,0
2223,223,2024-05-27,present,0
2224,223,2023-11-24,present,0
2225,223,2024-02-05,present,0
2226,223,2024-04-08,present,0
2227,223,2024-02-19,absent,0
2228,223,2024-05-06,present,0
2229,223,2023-11-06,present,0
2230,223,2023-09-11,present,0
2231,224,2023-04-04,present,0
2232,224,2022-11-08,excused,0
2233,224,2023-04-13,present,0
2234,224,2023-04-17,present,0
2235,224,2022-12-22,present,0
2236,224,2023-01-10,present,0
2237,224,2022-09-20,present,0
2238,224,2023-01-31,present,0
2239,224,2023-02-24,present,0
2240,224,2023-01-02,late,20
2241,225,2022-12-30,late,33
2242,225,2023-03-09,present,0
2243,225,2023-02-28,present,0
2244,225,2023-03-24,present,0
2245,225,2023-05-05,present,0
2246,225,2022-11-07,late,12
2247,225,2023-03-06,present,0
2248,225,2022-11-28,present,0
2249,225,2022-12-05,present,0
2250,225,2023-02-28,present,0
2251,226,2024-01-24,present,0
2252,226,2024-02-26,present,0
2253,226,2024-03-14,present,0
2254,226,2024-02-21,present,0
2255,226,2023-09-28,present,0
2256,226,2024-03-08,present,0
2257,226,2024-03-28,present,0
2258,226,2024-05-03,present,0
2259,226,2024-01-01,present,0
2260,226,2024-05-16,present,0
2261,227,2023-12-22,absent,0
2262,227,2024-05-01,present,0
2263,227,2024-05-20,excused,0
2264,227,2024-02-08,present,0
2265,227,2024-03-04,late,14
2266,227,2024-05-20,present,0
2267,227,2023-12-04,present,0
2268,227,2024-05-06,present,0
2269,227,2024-04-25,present,0
2270,227,2024-02-13,present,0
2271,228,2024-04-23,late,13
2272,228,2024-01-02,absent,0
2273,228,2024-02-28,present,0
2274,228,2024-05-13,present,0
2275,228,2024-02-29,present,0
2276,228,2023-10-18,present,0
2277,228,2024-05-02,late,34
2278,228,2024-01-11,present,0
2279,228,2024-01-30,present,0
2280,228,2023-12-18,present,0
2281,229,2023-10-26,present,0
2282,229,2024-04-29,present,0
2283,229,2024-02-28,present,0
2284,229,2023-11-30,present,0
2285,229,2023-09-19,present,0
2286,229,2024-06-04,present,0
2287,229,2024-02-01,present,0
2288,229,2023-11-17,present,0
2289,229,2024-05-29,present,0
2290,229,2024-05-16,present,0
2291,230,2024-11-06,present,0
2292,230,2025-05-26,present,0
2293,230,2025-04-22,present,0
2294,230,2024-11-22,late,25
2295,230,2024-11-25,present,0
2296,230,2024-10-21,late,16
2297,230,2024-11-18,present,0
2298,230,2025-04-10,present,0
2299,230,2025-03-14,present,0
2300,230,2025-02-07,present,0
2301,231,2022-11-17,present,0
2302,231,2022-11-18,present,0
2303,231,2023-04-12,present,0
2304,231,2022-10-24,present,0
2305,231,2023-02-20,present,0
2306,231,2023-05-04,present,0
2307,231,2023-04-14,present,0
2308,231,2022-10-21,present,0
2309,231,2022-11-08,present,0
2310,231,2022-11-17,present,0
2311,232,2025-06-09,present,0
2312,232,2025-06-10,present,0
2313,232,2025-05-30,present,0
2314,232,2025-01-29,present,0
2315,232,2025-03-05,present,0
2316,232,2024-11-11,present,0
2317,232,2025-01-14,present,0
2318,232,2024-09-19,present,0
2319,232,2025-02-03,present,0
2320,232,2025-04-01,present,0
2321,233,2023-02-27,present,0
2322,233,2023-05-08,present,0
2323,233,2023-05-01,present,0
2324,233,2023-05-26,present,0
2325,233,2022-10-10,present,0
2326,233,2023-02-08,absent,0
2327,233,2023-04-10,absent,0
2328,233,2023-03-06,absent,0
2329,233,2022-11-02,present,0
2330,233,2023-05-26,present,0
2331,234,2024-06-11,present,0
2332,234,2024-06-17,present,0
2333,234,2024-05-13,present,0
2334,234,2024-03-22,absent,0
2335,234,2024-04-16,present,0
2336,234,2023-10-06,present,0
2337,234,2024-04-04,present,0
2338,234,2023-11-02,present,0
2339,234,2023-11-10,present,0
2340,234,2023-09-26,present,0
2341,235,2025-02-10,present,0
2342,235,2025-03-03,present,0
2343,235,2024-12-04,present,0
2344,235,2025-06-11,present,0
2345,235,2025-06-12,present,0
2346,235,2024-12-30,present,0
2347,235,2024-11-07,late,35
2348,235,2025-02-21,present,0
2349,235,2025-05-26,present,0
2350,235,2025-02-24,present,0
2351,236,2025-04-28,present,0
2352,236,2025-06-13,present,0
2353,236,2024-09-30,present,0
2354,236,2025-06-02,present,0
2355,236,2025-05-05,present,0
2356,236,2024-10-22,present,0
2357,236,2025-02-27,present,0
2358,236,2024-12-16,present,0
2359,236,2025-05-01,present,0
2360,236,2025-05-05,present,0
2361,237,2023-04-24,present,0
2362,237,2023-03-14,present,0
2363,237,2023-01-17,present,0
2364,237,2023-03-13,present,0
2365,237,2023-05-22,present,0
2366,237,2022-12-12,present,0
2367,237,2023-01-16,present,0
2368,237,2023-06-01,present,0
2369,237,2022-09-30,present,0
2370,237,2023-03-20,present,0
2371,238,2025-01-15,present,0
2372,238,2025-05-19,present,0
2373,238,2025-01-23,present,0
2374,238,2025-03-07,present,0
2375,238,2025-05-08,present,0
2376,238,2025-04-08,present,0
2377,238,2024-10-22,present,0
2378,238,2025-03-17,present,0
2379,238,2025-03-24,present,0
2380,238,2024-09-12,present,0
2381,239,2023-03-13,present,0
2382,239,2022-11-14,present,0
2383,239,2023-04-19,present,0
2384,239,2022-10-03,present,0
2385,239,2023-05-01,present,0
2386,239,2023-06-19,present,0
2387,239,2023-03-30,present,0
2388,239,2023-01-20,present,0
2389,239,2022-10-10,present,0
2390,239,2022-11-24,present,0
2391,240,2022-12-28,present,0
2392,240,2023-04-06,present,0
2393,240,2023-06-12,present,0
2394,240,2023-02-13,present,0
2395,240,2022-10-10,present,0
2396,240,2022-10-21,present,0
2397,240,2023-06-15,present,0
2398,240,2023-03-02,present,0
2399,240,2022-12-19,present,0
2400,240,2022-11-30,present,0
2401,241,2023-03-31,present,0
2402,241,2023-01-16,present,0
2403,241,2023-03-28,present,0
2404,241,2023-05-15,present,0
2405,241,2022-09-12,present,0
2406,241,2022-11-15,present,0
2407,241,2023-03-06,present,0
2408,241,2023-04-12,present,0
2409,241,2022-10-17,present,0
2410,241,2022-09-23,present,0
2411,242,2023-03-28,present,0
2412,242,2023-04-24,present,0
2413,242,2023-06-05,present,0
2414,242,2022-09-27,present,0
2415,242,2022-11-16,present,0
2416,242,2023-06-19,late,19
2417,242,2023-02-13,present,0
2418,242,2023-06-19,present,0
2419,242,2023-01-02,present,0
2420,242,2022-11-22,present,0
2421,243,2025-02-24,present,0
2422,243,2024-09-12,late,23
2423,243,2024-10-18,present,0
2424,243,2025-05-09,present,0
2425,243,2025-04-21,present,0
2426,243,2025-02-18,present,0
2427,243,2025-02-13,present,0
2428,243,2024-11-07,present,0
2429,243,2025-01-28,present,0
2430,243,2024-10-21,present,0
2431,244,2022-11-30,present,0
2432,244,2023-06-01,present,0
2433,244,2022-12-26,present,0
2434,244,2023-01-02,present,0
2435,244,2022-12-23,present,0
2436,244,2022-11-24,present,0
2437,244,2023-01-09,present,0
2438,244,2022-11-02,present,0
2439,244,2022-10-19,present,0
2440,244,2023-05-29,present,0
2441,245,2024-12-27,present,0
2442,245,2024-11-26,present,0
2443,245,2025-03-03,present,0
2444,245,2025-03-10,present,0
2445,245,2025-05-02,present,0
2446,245,2025-02-20,present,0
2447,245,2024-09-23,present,0
2448,245,2025-03-21,present,0
2449,245,2025-01-09,present,0
2450,245,2025-01-30,present,0
2451,246,2024-12-16,present,0
2452,246,2025-05-06,present,0
2453,246,2024-12-16,present,0
2454,246,2024-10-14,present,0
2455,246,2025-04-09,present,0
2456,246,2024-12-16,present,0
2457,246,2024-09-26,present,0
2458,246,2024-12-05,present,0
2459,246,2025-05-27,present,0
2460,246,2024-09-16,present,0
2461,247,2022-11-21,present,0
2462,247,2023-04-27,present,0
2463,247,2023-06-19,present,0
2464,247,2022-11-28,present,0
2465,247,2023-03-17,present,0
2466,247,2023-02-03,late,5
2467,247,2023-04-03,present,0
2468,247,2022-11-08,present,0
2469,247,2023-04-10,present,0
2470,247,2022-12-08,present,0
2471,248,2024-02-16,present,0
2472,248,2024-04-10,late,21
2473,248,2024-06-11,present,0
2474,248,2024-03-04,present,0
2475,248,2023-10-24,present,0
2476,248,2024-04-08,present,0
2477,248,2023-11-24,present,0
2478,248,2023-11-22,present,0
2479,248,2024-05-22,present,0
2480,248,2024-02-13,late,26
2481,249,2024-09-20,present,0
2482,249,2025-03-24,late,12
2483,249,2025-05-12,present,0
2484,249,2024-11-14,present,0
2485,249,2025-01-20,present,0
2486,249,2024-09-30,present,0
2487,249,2024-09-10,present,0
2488,249,2024-10-16,present,0
2489,249,2025-03-31,present,0
2490,249,2025-05-01,present,0
2491,250,2024-02-08,present,0
2492,250,2023-10-11,present,0
2493,250,2024-01-22,present,0
2494,250,2023-12-27,present,0
2495,250,2024-06-03,present,0
2496,250,2024-04-01,present,0
2497,250,2024-01-08,present,0
2498,250,2024-04-16,present,0
2499,250,2024-03-27,present,0
2500,250,2024-03-04,present,0
2501,251,2022-12-05,present,0
2502,251,2023-04-11,present,0
2503,251,2022-10-20,present,0
2504,251,2022-10-06,present,0
2505,251,2023-03-27,present,0
2506,251,2023-01-31,present,0
2507,251,2022-11-02,present,0
2508,251,2022-12-06,present,0
2509,251,2023-04-05,present,0
2510,251,2022-09-20,present,0
2511,252,2023-03-16,present,0
2512,252,2022-10-21,present,0
2513,252,2023-04-17,present,0
2514,252,2023-04-19,present,0
2515,252,2023-05-03,present,0
2516,252,2023-04-25,present,0
2517,252,2023-02-06,present,0
2518,252,2022-12-23,present,0
2519,252,2022-11-14,present,0
2520,252,2022-12-05,present,0
2521,253,2024-02-05,present,0
2522,253,2024-03-18,present,0
2523,253,2024-06-12,present,0
2524,253,2023-12-26,present,0
2525,253,2024-03-04,present,0
2526,253,2024-02-09,present,0
2527,253,2024-05-23,present,0
2528,253,2024-04-01,present,0
2529,253,2023-10-11,present,0
2530,253,2024-01-05,present,0
2531,254,2025-03-03,present,0
2532,254,2025-06-04,absent,0
2533,254,2025-02-03,present,0
2534,254,2025-03-24,present,0
2535,254,2024-11-19,present,0
2536,254,2025-02-24,present,0
2537,254,2025-06-03,present,0
2538,254,2024-10-30,present,0
2539,254,2024-09-27,present,0
2540,254,2025-01-13,present,0
2541,255,2023-04-03,present,0
2542,255,2022-10-21,present,0
2543,255,2023-01-09,present,0
2544,255,2023-06-20,absent,0
2545,255,2022-12-15,present,0
2546,255,2022-11-21,late,8
2547,255,2022-10-11,excused,0
2548,255,2023-01-11,present,0
2549,255,2023-03-06,present,0
2550,255,2023-04-04,present,0
2551,256,2024-12-09,present,0
2552,256,2024-10-10,present,0
2553,256,2025-02-20,present,0
2554,256,2025-01-17,present,0
2555,256,2024-10-07,present,0
2556,256,2025-01-13,present,0
2557,256,2024-09-16,present,0
2558,256,2025-01-06,present,0
2559,256,2025-01-01,present,0
2560,256,2025-02-10,present,0
2561,257,2022-12-12,present,0
2562,257,2023-02-13,present,0
2563,257,2022-12-26,present,0
2564,257,2022-09-12,present,0
2565,257,2022-10-17,present,0
2566,257,2023-05-08,present,0
2567,257,2022-11-07,present,0
2568,257,2023-01-12,present,0
2569,257,2022-09-26,present,0
2570,257,2023-04-03,present,0
2571,258,2023-05-18,late,5
2572,258,2023-03-09,present,0
2573,258,2023-01-24,present,0
2574,258,2023-03-17,present,0
2575,258,2023-03-23,present,0
2576,258,2023-04-12,present,0
2577,258,2023-03-13,present,0
2578,258,2023-06-12,present,0
2579,258,2022-09-19,present,0
2580,258,2023-04-20,present,0
2581,259,2023-05-09,present,0
2582,259,2023-06-07,present,0
2583,259,2023-02-07,present,0
2584,259,2022-12-16,present,0
2585,259,2023-03-13,present,0
2586,259,2023-05-19,present,0
2587,259,2022-10-25,present,0
2588,259,2023-03-06,present,0
2589,259,2023-02-22,absent,0
2590,259,2023-06-19,present,0
2591,260,2023-06-07,present,0
2592,260,2023-05-25,present,0
2593,260,2023-06-05,present,0
2594,260,2023-05-18,present,0
2595,260,2022-12-26,present,0
2596,260,2023-01-05,present,0
2597,260,2022-12-26,present,0
2598,260,2023-02-20,late,26
2599,260,2022-10-10,present,0
2600,260,2022-09-22,present,0
2601,261,2025-06-04,present,0
2602,261,2025-01-22,present,0
2603,261,2025-01-24,present,0
2604,261,2025-03-10,present,0
2605,261,2024-12-02,present,0
2606,261,2024-12-06,present,0
2607,261,2024-10-28,present,0
2608,261,2025-01-23,present,0
2609,261,2025-03-11,present,0
2610,261,2025-06-02,present,0
2611,262,2024-10-22,present,0
2612,262,2025-04-18,present,0
2613,262,2024-10-21,present,0
2614,262,2024-11-28,present,0
2615,262,2024-12-23,late,12
2616,262,2024-10-29,present,0
2617,262,2025-05-12,present,0
2618,262,2025-04-15,present,0
2619,262,2025-02-12,present,0
2620,262,2025-06-03,present,0
2621,263,2023-02-13,present,0
2622,263,2023-01-12,present,0
2623,263,2023-05-12,present,0
2624,263,2022-11-14,present,0
2625,263,2022-09-12,late,19
2626,263,2023-03-29,present,0
2627,263,2023-06-12,present,0
2628,263,2022-10-11,present,0
2629,263,2023-03-13,present,0
2630,263,2023-05-12,present,0
2631,264,2024-01-01,excused,0
2632,264,2024-05-06,present,0
2633,264,2024-01-15,late,18
2634,264,2024-05-07,present,0
2635,264,2024-05-13,present,0
2636,264,2024-05-23,present,0
2637,264,2024-03-19,present,0
2638,264,2023-10-25,present,0
2639,264,2024-04-15,present,0
2640,264,2023-10-10,present,0
2641,265,2024-04-23,present,0
2642,265,2023-10-30,present,0
2643,265,2024-05-06,present,0
2644,265,2023-10-24,present,0
2645,265,2023-09-18,present,0
2646,265,2024-02-14,present,0
2647,265,2023-12-15,late,10
2648,265,2024-06-11,present,0
2649,265,2023-09-11,present,0
2650,265,2024-06-11,present,0
2651,266,2023-12-08,present,0
2652,266,2023-11-20,present,0
2653,266,2023-11-30,present,0
2654,266,2023-11-22,present,0
2655,266,2024-04-08,present,0
2656,266,2024-03-04,present,0
2657,266,2023-11-27,present,0
2658,266,2023-10-02,present,0
2659,266,2024-04-18,present,0
2660,266,2024-06-11,present,0
2661,267,2023-06-01,present,0
2662,267,2023-04-26,present,0
2663,267,2023-04-14,present,0
2664,267,2022-11-07,present,0
2665,267,2022-10-18,present,0
2666,267,2022-11-22,present,0
2667,267,2023-02-13,present,0
2668,267,2022-11-28,present,0
2669,267,2023-02-13,absent,0
2670,267,2023-04-17,present,0
2671,268,2024-04-25,present,0
2672,268,2023-12-05,present,0
2673,268,2024-03-26,present,0
2674,268,2024-04-22,present,0
2675,268,2024-05-10,present,0
2676,268,2024-04-29,present,0
2677,268,2024-01-25,present,0
2678,268,2023-09-19,present,0
2679,268,2024-01-15,present,0
2680,268,2024-05-13,present,0
2681,269,2024-11-06,present,0
2682,269,2024-10-14,present,0
2683,269,2024-10-10,present,0
2684,269,2025-03-21,present,0
2685,269,2025-05-21,present,0
2686,269,2025-03-25,present,0
2687,269,2024-10-02,present,0
2688,269,2025-01-08,present,0
2689,269,2025-03-25,present,0
2690,269,2025-02-03,present,0
2691,270,2023-12-04,present,0
2692,270,2023-12-22,present,0
2693,270,2023-11-07,present,0
2694,270,2024-05-08,present,0
2695,270,2024-03-18,present,0
2696,270,2024-05-17,late,9
2697,270,2024-04-09,present,0
2698,270,2024-03-29,present,0
2699,270,2024-03-22,present,0
2700,270,2023-11-13,late,28
2701,271,2025-02-17,present,0
2702,271,2025-06-09,present,0
2703,271,2024-10-21,present,0
2704,271,2024-11-15,present,0
2705,271,2024-11-08,present,0
2706,271,2025-03-10,present,0
2707,271,2024-11-20,present,0
2708,271,2025-05-28,present,0
2709,271,2025-02-03,present,0
2710,271,2025-03-31,present,0
2711,272,2022-09-19,present,0
2712,272,2022-10-19,present,0
2713,272,2023-04-13,present,0
2714,272,2023-01-02,late,20
2715,272,2022-10-10,present,0
2716,272,2022-12-13,present,0
2717,272,2023-01-31,present,0
2718,272,2023-03-22,present,0
2719,272,2023-05-25,present,0
2720,272,2023-01-27,present,0
2721,273,2023-02-02,present,0
2722,273,2023-02-01,present,0
2723,273,2022-10-05,present,0
2724,273,2022-11-23,present,0
2725,273,2023-02-16,present,0
2726,273,2023-02-27,late,7
2727,273,2023-05-08,present,0
2728,273,2022-11-07,present,0
2729,273,2023-04-24,present,0
2730,273,2022-10-31,present,0
2731,274,2024-04-01,present,0
2732,274,2024-03-04,present,0
2733,274,2024-06-03,present,0
2734,274,2023-10-30,present,0
2735,274,2024-01-05,present,0
2736,274,2024-01-15,present,0
2737,274,2024-05-06,present,0
2738,274,2023-12-08,present,0
2739,274,2023-12-22,present,0
2740,274,2024-04-05,present,0
2741,275,2024-01-02,present,0
2742,275,2023-11-06,present,0
2743,275,2024-06-17,present,0
2744,275,2023-11-16,present,0
2745,275,2024-03-01,present,0
2746,275,2023-10-27,present,0
2747,275,2024-01-15,present,0
2748,275,2023-12-07,present,0
2749,275,2024-06-19,present,0
2750,275,2023-10-12,present,0
2751,276,2024-12-17,present,0
2752,276,2025-02-24,present,0
2753,276,2025-04-21,present,0
2754,276,2025-04-08,late,5
2755,276,2024-09-30,present,0
2756,276,2024-12-05,present,0
2757,276,2025-04-28,present,0
2758,276,2024-09-16,present,0
2759,276,2025-01-06,present,0
2760,276,2024-10-14,present,0
2761,277,2025-02-17,present,0
2762,277,2025-03-20,present,0
2763,277,2025-05-08,present,0
2764,277,2025-01-08,present,0
2765,277,2024-10-14,present,0
2766,277,2025-02-06,present,0
2767,277,2025-02-03,present,0
2768,277,2025-05-27,present,0
2769,277,2025-02-10,present,0
2770,277,2024-09-23,present,0
2771,278,2025-05-19,present,0
2772,278,2025-03-20,late,27
2773,278,2025-05-01,present,0
2774,278,2025-03-28,absent,0
2775,278,2025-01-09,present,0
2776,278,2025-02-11,present,0
2777,278,2025-05-19,present,0
2778,278,2025-01-30,present,0
2779,278,2025-06-17,late,22
2780,278,2024-12-25,present,0
2781,279,2023-10-20,present,0
2782,279,2023-11-01,present,0
2783,279,2024-03-18,present,0
2784,279,2024-03-15,present,0
2785,279,2023-10-26,late,9
2786,279,2024-06-18,present,0
2787,279,2023-11-29,present,0
2788,279,2024-01-08,present,0
2789,279,2024-02-19,present,0
2790,279,2023-12-11,late,14
2791,280,2025-03-24,present,0
2792,280,2024-11-11,present,0
2793,280,2025-01-31,present,0
2794,280,2025-03-31,present,0
2795,280,2024-11-28,present,0
2796,280,2024-11-04,present,0
2797,280,2024-09-12,present,0
2798,280,2024-10-11,excused,0
2799,280,2024-10-18,late,6
2800,280,2025-05-12,excused,0
2801,281,2023-10-26,present,0
2802,281,2024-02-21,present,0
2803,281,2024-05-02,present,0
2804,281,2024-06-05,present,0
2805,281,2024-03-18,present,0
2806,281,2023-12-04,excused,0
2807,281,2024-06-03,present,0
2808,281,2024-01-22,absent,0
2809,281,2023-11-13,present,0
2810,281,2023-12-14,absent,0
2811,282,2024-05-17,present,0
2812,282,2024-05-07,present,0
2813,282,2023-09-25,present,0
2814,282,2023-11-13,present,0
2815,282,2024-01-04,present,0
2816,282,2024-04-19,present,0
2817,282,2024-06-10,present,0
2818,282,2024-02-05,present,0
2819,282,2024-05-29,present,0
2820,282,2024-04-29,present,0
2821,283,2023-05-31,present,0
2822,283,2023-04-10,present,0
2823,283,2022-09-27,present,0
2824,283,2023-03-29,present,0
2825,283,2023-06-16,present,0
2826,283,2023-01-13,present,0
2827,283,2022-12-19,present,0
2828,283,2023-05-22,present,0
2829,283,2023-02-27,absent,0
2830,283,2023-03-14,present,0
2831,284,2024-11-25,present,0
2832,284,2025-02-03,present,0
2833,284,2024-12-17,present,0
2834,284,2025-02-12,present,0
2835,284,2024-11-08,present,0
2836,284,2025-05-14,present,0
2837,284,2024-11-04,present,0
2838,284,2024-10-21,present,0
2839,284,2025-04-28,present,0
2840,284,2025-03-17,present,0
2841,285,2025-06-05,present,0
2842,285,2025-06-09,present,0
2843,285,2025-03-03,present,0
2844,285,2025-05-19,present,0
2845,285,2025-05-05,present,0
2846,285,2024-09-13,present,0
2847,285,2024-09-11,present,0
2848,285,2025-04-17,present,0
2849,285,2024-09-09,present,0
2850,285,2025-01-13,present,0
2851,286,2023-01-11,present,0
2852,286,2022-11-07,present,0
2853,286,2023-04-03,late,27
2854,286,2023-04-28,present,0
2855,286,2022-12-13,present,0
2856,286,2022-11-09,present,0
2857,286,2023-06-19,present,0
2858,286,2022-12-27,present,0
2859,286,2022-10-03,present,0
2860,286,2023-05-12,present,0
2861,287,2023-10-02,present,0
2862,287,2023-10-25,present,0
2863,287,2023-09-25,present,0
2864,287,2024-04-29,present,0
2865,287,2024-05-07,present,0
2866,287,2024-04-08,present,0
2867,287,2024-05-06,present,0
2868,287,2023-10-11,present,0
2869,287,2024-02-22,present,0
2870,287,2024-06-10,present,0
2871,288,2024-10-14,present,0
2872,288,2025-04-24,present,0
2873,288,2025-03-05,present,0
2874,288,2025-03-18,present,0
2875,288,2024-10-23,present,0
2876,288,2024-12-30,present,0
2877,288,2025-06-04,present,0
2878,288,2024-12-31,present,0
2879,288,2025-01-22,present,0
2880,288,2025-02-10,present,0
2881,289,2024-11-29,present,0
2882,289,2025-06-20,present,0
2883,289,2025-02-24,present,0
2884,289,2024-11-22,present,0
2885,289,2025-03-06,present,0
2886,289,2025-06-16,present,0
2887,289,2025-03-03,present,0
2888,289,2024-11-01,absent,0
2889,289,2025-02-24,present,0
2890,289,2025-05-08,present,0
2891,290,2024-11-19,present,0
2892,290,2025-01-29,present,0
2893,290,2025-06-10,present,0
2894,290,2025-05-02,present,0
2895,290,2025-06-05,present,0
2896,290,2024-12-04,absent,0
2897,290,2024-09-11,present,0
2898,290,2025-03-03,present,0
2899,290,2025-03-24,present,0
2900,290,2024-11-06,present,0
2901,291,2023-03-07,present,0
2902,291,2022-12-05,present,0
2903,291,2023-06-12,present,0
2904,291,2022-11-03,present,0
2905,291,2022-09-21,present,0
2906,291,2023-04-18,present,0
2907,291,2023-03-27,present,0
2908,291,2022-12-21,present,0
2909,291,2023-02-15,absent,0
2910,291,2022-09-15,present,0
2911,292,2025-02-17,present,0
2912,292,2025-01-27,present,0
2913,292,2025-02-27,present,0
2914,292,2025-02-28,present,0
2915,292,2025-03-21,present,0
2916,292,2024-10-08,present,0
2917,292,2025-02-04,present,0
2918,292,2025-03-17,present,0
2919,292,2024-09-30,present,0
2920,292,2025-01-20,present,0
2921,293,2024-01-16,present,0
2922,293,2023-10-13,present,0
2923,293,2023-10-10,present,0
2924,293,2024-02-14,present,0
2925,293,2024-02-16,present,0
2926,293,2024-05-20,present,0
2927,293,2024-02-02,present,0
2928,293,2023-10-19,present,0
2929,293,2024-03-18,present,0
2930,293,2024-02-13,present,0
2931,294,2025-04-29,present,0
2932,294,2025-01-13,present,0
2933,294,2025-01-13,present,0
2934,294,2025-04-30,present,0
2935,294,2025-06-09,present,0
2936,294,2024-12-31,present,0
2937,294,2024-10-24,late,18
2938,294,2024-12-30,present,0
2939,294,2024-09-30,present,0
2940,294,2025-01-17,present,0
2941,295,2024-12-16,present,0
2942,295,2025-04-17,present,0
2943,295,2024-09-24,present,0
2944,295,2025-04-07,present,0
2945,295,2025-01-23,present,0
2946,295,2025-01-17,absent,0
2947,295,2025-03-03,present,0
2948,295,2024-12-03,present,0
2949,295,2025-06-12,present,0
2950,295,2025-01-02,present,0
2951,296,2023-01-31,present,0
2952,296,2022-09-13,present,0
2953,296,2023-03-08,present,0
2954,296,2023-06-15,present,0
2955,296,2022-11-14,present,0
2956,296,2022-09-21,present,0
2957,296,2023-04-24,present,0
2958,296,2022-10-04,present,0
2959,296,2023-03-23,present,0
2960,296,2022-12-12,present,0
2961,297,2023-06-19,present,0
2962,297,2023-03-03,present,0
2963,297,2022-10-03,present,0
2964,297,2023-05-10,present,0
2965,297,2023-01-20,present,0
2966,297,2022-10-20,absent,0
2967,297,2022-09-12,present,0
2968,297,2023-01-24,late,9
2969,297,2023-05-10,present,0
2970,297,2023-06-05,present,0
2971,298,2024-03-27,present,0
2972,298,2024-05-21,present,0
2973,298,2023-10-23,present,0
2974,298,2024-05-29,present,0
2975,298,2024-02-26,excused,0
2976,298,2024-06-12,present,0
2977,298,2023-11-21,present,0
2978,298,2024-01-15,present,0
2979,298,2023-12-01,present,0
2980,298,2023-10-04,present,0
2981,299,2025-06-02,present,0
2982,299,2024-10-09,present,0
2983,299,2024-09-17,present,0
2984,299,2025-05-01,present,0
2985,299,2024-09-23,present,0
2986,299,2025-05-23,present,0
2987,299,2024-12-30,present,0
2988,299,2025-03-10,present,0
2989,299,2024-12-09,present,0
2990,299,2025-01-03,present,0
2991,300,2024-04-19,late,24
2992,300,2024-05-14,present,0
2993,300,2023-11-01,present,0
2994,300,2024-06-10,excused,0
2995,300,2024-06-17,present,0
2996,300,2024-03-13,present,0
2997,300,2024-02-20,absent,0
2998,300,2024-02-21,present,0
2999,300,2023-10-17,present,0
3000,300,2023-10-23,present,0
3001,301,2024-12-02,present,0
3002,301,2025-03-19,present,0
3003,301,2025-03-10,late,22
3004,301,2025-04-18,present,0
3005,301,2024-12-23,present,0
3006,301,2025-03-27,late,27
3007,301,2025-04-07,absent,0
3008,301,2025-03-06,present,0
3009,301,2024-09-27,present,0
3010,301,2024-09-13,present,0
3011,302,2025-06-13,present,0
3012,302,2025-06-13,present,0
3013,302,2025-05-26,present,0
3014,302,2025-02-06,absent,0
3015,302,2024-12-19,present,0
3016,302,2025-01-09,present,0
3017,302,2024-10-18,present,0
3018,302,2024-11-18,present,0
3019,302,2024-10-21,present,0
3020,302,2025-04-08,present,0
3021,303,2023-04-11,present,0
3022,303,2023-01-03,present,0
3023,303,2023-01-24,absent,0
3024,303,2023-01-18,present,0
3025,303,2022-12-09,present,0
3026,303,2022-09-27,present,0
3027,303,2022-12-20,absent,0
3028,303,2022-11-18,present,0
3029,303,2022-11-21,present,0
3030,303,2023-03-22,present,0
3031,304,2024-11-11,present,0
3032,304,2025-02-27,present,0
3033,304,2024-10-28,present,0
3034,304,2025-02-27,present,0
3035,304,2024-10-14,present,0
3036,304,2024-09-16,absent,0
3037,304,2024-12-04,present,0
3038,304,2024-11-04,present,0
3039,304,2025-01-07,present,0
3040,304,2024-10-28,present,0
3041,305,2024-03-12,present,0
3042,305,2024-02-12,present,0
3043,305,2024-02-08,present,0
3044,305,2024-04-22,present,0
3045,305,2024-04-15,present,0
3046,305,2024-04-02,present,0
3047,305,2023-11-06,present,0
3048,305,2024-01-12,late,29
3049,305,2024-01-26,present,0
3050,305,2023-10-09,absent,0
3051,306,2022-09-19,present,0
3052,306,2022-11-08,excused,0
3053,306,2022-12-30,present,0
3054,306,2022-09-12,present,0
3055,306,2022-11-21,present,0
3056,306,2023-05-22,present,0
3057,306,2023-04-28,present,0
3058,306,2023-01-10,present,0
3059,306,2023-01-30,present,0
3060,306,2023-05-23,present,0
3061,307,2023-10-30,present,0
3062,307,2023-10-16,present,0
3063,307,2024-01-05,present,0
3064,307,2023-10-05,present,0
3065,307,2023-10-24,late,20
3066,307,2024-06-03,present,0
3067,307,2023-10-24,present,0
3068,307,2024-04-08,present,0
3069,307,2024-02-06,present,0
3070,307,2024-06-14,present,0
3071,308,2025-05-20,present,0
3072,308,2025-03-24,present,0
3073,308,2025-03-17,late,26
3074,308,2025-02-17,present,0
3075,308,2024-10-17,present,0
3076,308,2024-12-12,present,0
3077,308,2025-06-12,present,0
3078,308,2024-12-02,present,0
3079,308,2025-02-03,present,0
3080,308,2024-10-28,present,0
3081,309,2025-03-07,present,0
3082,309,2025-01-06,present,0
3083,309,2025-01-02,present,0
3084,309,2024-11-18,present,0
3085,309,2025-03-31,present,0
3086,309,2025-04-07,present,0
3087,309,2024-10-28,late,9
3088,309,2025-04-03,present,0
3089,309,2025-03-31,late,20
3090,309,2025-01-13,present,0
3091,310,2022-11-03,present,0
3092,310,2023-04-05,present,0
3093,310,2023-05-25,present,0
3094,310,2023-01-30,late,7
3095,310,2023-02-06,present,0
3096,310,2022-11-30,present,0
3097,310,2023-03-16,late,15
3098,310,2022-12-19,present,0
3099,310,2023-04-12,present,0
3100,310,2023-05-01,present,0
3101,311,2024-02-07,present,0
3102,311,2023-10-31,absent,0
3103,311,2024-02-01,present,0
3104,311,2023-11-02,present,0
3105,311,2024-02-01,present,0
3106,311,2024-05-06,present,0
3107,311,2023-10-04,present,0
3108,311,2023-09-18,absent,0
3109,311,2024-01-02,present,0
3110,311,2024-04-19,present,0
3111,312,2024-02-07,present,0
3112,312,2023-12-01,present,0
3113,312,2023-09-11,present,0
3114,312,2024-05-22,absent,0
3115,312,2024-02-05,present,0
3116,312,2023-10-06,absent,0
3117,312,2024-02-26,present,0
3118,312,2024-04-15,present,0
3119,312,2024-05-30,present,0
3120,312,2023-11-06,present,0
3121,313,2025-05-13,absent,0
3122,313,2024-11-26,late,18
3123,313,2025-02-17,present,0
3124,313,2025-03-10,present,0
3125,313,2025-04-14,present,0
3126,313,2024-09-27,present,0
3127,313,2025-02-04,present,0
3128,313,2024-10-16,present,0
3129,313,2025-03-04,present,0
3130,313,2025-01-20,present,0
3131,314,2024-03-20,present,0
3132,314,2024-03-20,excused,0
3133,314,2024-04-29,present,0
3134,314,2024-04-09,present,0
3135,314,2024-05-13,present,0
3136,314,2024-01-11,present,0
3137,314,2024-03-25,present,0
3138,314,2024-02-05,present,0
3139,314,2023-11-17,present,0
3140,314,2024-02-29,present,0
3141,315,2023-09-12,present,0
3142,315,2023-11-20,absent,0
3143,315,2023-12-04,present,0
3144,315,2024-03-27,present,0
3145,315,2024-02-13,excused,0
3146,315,2024-03-13,present,0
3147,315,2024-01-30,present,0
3148,315,2024-06-07,excused,0
3149,315,2024-01-15,present,0
3150,315,2024-06-17,present,0
3151,316,2023-06-09,present,0
3152,316,2023-04-06,present,0
3153,316,2022-09-22,absent,0
3154,316,2023-01-16,present,0
3155,316,2023-05-09,late,33
3156,316,2022-10-17,late,25
3157,316,2022-12-21,present,0
3158,316,2023-03-27,present,0
3159,316,2022-10-03,present,0
3160,316,2023-05-08,present,0
3161,317,2025-04-11,present,0
3162,317,2024-11-11,present,0
3163,317,2025-05-19,present,0
3164,317,2025-05-13,present,0
3165,317,2024-10-23,present,0
3166,317,2025-02-25,present,0
3167,317,2025-05-27,present,0
3168,317,2025-06-17,excused,0
3169,317,2024-12-30,present,0
3170,317,2024-10-16,present,0
3171,318,2022-10-14,present,0
3172,318,2022-10-11,present,0
3173,318,2023-02-10,present,0
3174,318,2022-09-21,present,0
3175,318,2023-02-24,present,0
3176,318,2023-03-06,present,0
3177,318,2022-09-14,present,0
3178,318,2022-12-08,absent,0
3179,318,2022-09-13,present,0
3180,318,2022-11-07,present,0
3181,319,2024-02-20,late,33
3182,319,2024-05-01,present,0
3183,319,2024-01-29,present,0
3184,319,2024-02-26,present,0
3185,319,2023-12-14,present,0
3186,319,2024-04-16,present,0
3187,319,2024-01-08,absent,0
3188,319,2024-06-17,present,0
3189,319,2023-12-08,present,0
3190,319,2024-01-30,present,0
3191,320,2025-04-29,late,15
3192,320,2025-06-10,present,0
3193,320,2025-04-14,present,0
3194,320,2025-06-02,present,0
3195,320,2025-06-12,present,0
3196,320,2024-11-04,present,0
3197,320,2024-11-13,present,0
3198,320,2025-06-04,present,0
3199,320,2024-11-04,present,0
3200,320,2025-03-26,absent,0
3201,321,2025-01-06,present,0
3202,321,2024-11-11,present,0
3203,321,2025-02-18,present,0
3204,321,2025-06-09,present,0
3205,321,2024-12-20,present,0
3206,321,2024-10-24,present,0
3207,321,2025-01-08,present,0
3208,321,2024-12-19,present,0
3209,321,2025-03-31,present,0
3210,321,2024-11-21,present,0
3211,322,2022-11-07,present,0
3212,322,2022-11-14,present,0
3213,322,2023-04-24,present,0
3214,322,2023-03-13,present,0
3215,322,2022-11-16,present,0
3216,322,2022-10-10,present,0
3217,322,2023-02-08,present,0
3218,322,2023-03-03,present,0
3219,322,2022-12-15,present,0
3220,322,2022-12-09,present,0
3221,323,2022-12-12,present,0
3222,323,2023-04-27,present,0
3223,323,2022-12-12,present,0
3224,323,2022-10-03,present,0
3225,323,2023-03-08,present,0
3226,323,2022-12-30,present,0
3227,323,2023-01-16,present,0
3228,323,2023-03-30,present,0
3229,323,2022-09-16,present,0
3230,323,2023-02-27,present,0
3231,324,2023-06-09,present,0
3232,324,2023-02-07,late,6
3233,324,2023-05-12,present,0
3234,324,2022-11-07,present,0
3235,324,2022-12-27,present,0
3236,324,2022-10-31,present,0
3237,324,2023-06-16,present,0
3238,324,2023-03-27,present,0
3239,324,2023-01-16,present,0
3240,324,2022-09-27,present,0
3241,325,2023-03-23,present,0
3242,325,2023-02-24,present,0
3243,325,2022-09-12,present,0
3244,325,2022-09-21,present,0
3245,325,2022-12-22,present,0
3246,325,2022-10-10,present,0
3247,325,2023-04-06,present,0
3248,325,2023-02-01,present,0
3249,325,2022-10-27,present,0
3250,325,2022-11-21,present,0
3251,326,2023-02-21,present,0
3252,326,2022-12-27,present,0
3253,326,2022-12-22,present,0
3254,326,2023-03-13,present,0
3255,326,2022-12-16,present,0
3256,326,2023-01-02,present,0
3257,326,2023-05-30,present,0
3258,326,2023-02-07,absent,0
3259,326,2023-02-24,present,0
3260,326,2023-05-29,present,0
3261,327,2023-10-25,present,0
3262,327,2024-01-02,present,0
3263,327,2023-10-03,present,0
3264,327,2023-09-11,present,0
3265,327,2023-11-03,present,0
3266,327,2023-10-11,present,0
3267,327,2024-03-22,present,0
3268,327,2024-05-29,present,0
3269,327,2023-12-13,present,0
3270,327,2024-02-16,present,0
3271,328,2025-01-13,present,0
3272,328,2024-10-07,present,0
3273,328,2024-11-07,present,0
3274,328,2024-10-31,absent,0
3275,328,2024-10-07,present,0
3276,328,2024-10-09,present,0
3277,328,2024-11-22,present,0
3278,328,2024-09-30,excused,0
3279,328,2024-12-16,present,0
3280,328,2024-11-12,present,0
3281,329,2024-11-04,absent,0
3282,329,2025-05-05,late,5
3283,329,2025-06-12,present,0
3284,329,2025-05-12,present,0
3285,329,2024-11-28,present,0
3286,329,2025-04-24,absent,0
3287,329,2025-03-20,present,0
3288,329,2025-01-09,present,0
3289,329,2024-09-10,absent,0
3290,329,2025-01-21,present,0
3291,330,2023-02-23,absent,0
3292,330,2023-04-17,present,0
3293,330,2023-02-03,present,0
3294,330,2023-05-30,present,0
3295,330,2022-09-23,late,32
3296,330,2023-05-08,present,0
3297,330,2022-12-26,present,0
3298,330,2022-09-15,present,0
3299,330,2023-05-25,present,0
3300,330,2023-03-06,present,0
3301,331,2023-09-21,present,0
3302,331,2024-02-22,present,0
3303,331,2024-06-17,present,0
3304,331,2024-05-15,absent,0
3305,331,2023-12-11,excused,0
3306,331,2023-12-18,present,0
3307,331,2024-06-12,present,0
3308,331,2024-01-26,present,0
3309,331,2024-02-02,present,0
3310,331,2024-02-08,present,0
3311,332,2024-04-29,present,0
3312,332,2024-01-18,present,0
3313,332,2023-09-25,absent,0
3314,332,2023-11-16,present,0
3315,332,2023-10-03,present,0
3316,332,2024-02-26,present,0
3317,332,2024-05-07,present,0
3318,332,2024-04-01,present,0
3319,332,2024-06-10,present,0
3320,332,2024-02-12,late,22
3321,333,2023-05-01,present,0
3322,333,2022-12-06,present,0
3323,333,2022-10-27,present,0
3324,333,2022-09-22,present,0
3325,333,2023-01-25,present,0
3326,333,2022-12-19,present,0
3327,333,2023-05-22,present,0
3328,333,2022-11-23,present,0
3329,333,2022-10-07,present,0
3330,333,2023-05-15,present,0
3331,334,2025-02-03,present,0
3332,334,2024-10-23,present,0
3333,334,2025-05-30,present,0
3334,334,2025-01-24,present,0
3335,334,2024-12-02,present,0
3336,334,2025-05-29,present,0
3337,334,2025-04-21,present,0
3338,334,2025-06-04,present,0
3339,334,2024-10-07,excused,0
3340,334,2024-11-04,present,0
3341,335,2025-05-22,present,0
3342,335,2025-03-12,present,0
3343,335,2025-06-11,present,0
3344,335,2024-12-09,present,0
3345,335,2025-01-20,present,0
3346,335,2024-12-02,present,0
3347,335,2025-01-03,present,0
3348,335,2025-02-20,present,0
3349,335,2024-11-05,present,0
3350,335,2025-01-27,present,0
3351,336,2022-09-12,present,0
3352,336,2023-01-09,excused,0
3353,336,2022-11-02,present,0
3354,336,2022-09-21,present,0
3355,336,2023-01-16,present,0
3356,336,2023-04-03,present,0
3357,336,2023-03-21,present,0
3358,336,2023-04-05,present,0
3359,336,2023-06-16,present,0
3360,336,2023-04-18,present,0
3361,337,2025-02-17,late,11
3362,337,2025-04-07,present,0
3363,337,2025-05-23,present,0
3364,337,2025-05-07,present,0
3365,337,2024-11-04,present,0
3366,337,2025-03-19,present,0
3367,337,2025-01-03,present,0
3368,337,2025-06-19,late,30
3369,337,2024-11-25,present,0
3370,337,2025-02-24,present,0
3371,338,2025-04-28,present,0
3372,338,2025-01-30,present,0
3373,338,2025-02-17,present,0
3374,338,2025-03-10,present,0
3375,338,2025-03-24,present,0
3376,338,2025-06-13,present,0
3377,338,2024-12-09,present,0
3378,338,2025-02-07,present,0
3379,338,2024-10-09,present,0
3380,338,2025-05-30,present,0
3381,339,2024-01-29,present,0
3382,339,2024-03-26,late,22
3383,339,2023-10-30,present,0
3384,339,2024-05-28,present,0
3385,339,2024-01-25,present,0
3386,339,2023-10-17,late,23
3387,339,2023-09-11,present,0
3388,339,2023-12-08,present,0
3389,339,2023-10-05,present,0
3390,339,2023-11-27,present,0
3391,340,2024-11-28,present,0
3392,340,2025-04-10,present,0
3393,340,2024-11-25,present,0
3394,340,2024-10-21,present,0
3395,340,2024-11-01,present,0
3396,340,2025-02-13,present,0
3397,340,2025-04-21,present,0
3398,340,2024-12-19,present,0
3399,340,2025-03-24,present,0
3400,340,2024-09-16,absent,0
3401,341,2025-03-19,present,0
3402,341,2025-06-20,present,0
3403,341,2024-11-11,present,0
3404,341,2025-02-27,present,0
3405,341,2024-10-28,present,0
3406,341,2024-11-04,present,0
3407,341,2025-02-17,present,0
3408,341,2024-09-27,present,0
3409,341,2025-05-19,present,0
3410,341,2025-04-28,present,0
3411,342,2023-02-28,present,0
3412,342,2022-12-16,present,0
3413,342,2023-05-02,present,0
3414,342,2022-09-13,present,0
3415,342,2022-10-19,present,0
3416,342,2022-12-19,present,0
3417,342,2022-12-26,present,0
3418,342,2022-12-23,present,0
3419,342,2023-04-27,present,0
3420,342,2022-12-13,present,0
3421,343,2025-03-03,present,0
3422,343,2025-03-21,present,0
3423,343,2025-03-07,present,0
3424,343,2024-11-06,present,0
3425,343,2025-04-28,present,0
3426,343,2025-02-10,present,0
3427,343,2025-04-30,present,0
3428,343,2024-12-16,present,0
3429,343,2025-02-24,present,0
3430,343,2025-05-12,present,0
3431,344,2023-03-01,present,0
3432,344,2023-06-09,present,0
3433,344,2023-03-07,present,0
3434,344,2022-12-09,present,0
3435,344,2022-11-02,present,0
3436,344,2022-11-21,present,0
3437,344,2023-03-30,present,0
3438,344,2022-12-30,late,31
3439,344,2022-12-05,present,0
3440,344,2023-04-17,present,0
3441,345,2024-06-17,present,0
3442,345,2023-12-26,present,0
3443,345,2024-06-10,present,0
3444,345,2024-03-25,present,0
3445,345,2024-01-01,present,0
3446,345,2024-05-06,present,0
3447,345,2023-11-16,present,0
3448,345,2023-10-27,present,0
3449,345,2023-12-11,present,0
3450,345,2024-05-10,present,0
3451,346,2025-01-01,absent,0
3452,346,2025-02-18,present,0
3453,346,2025-01-16,present,0
3454,346,2024-12-10,present,0
3455,346,2024-09-23,present,0
3456,346,2025-02-10,present,0
3457,346,2025-03-10,present,0
3458,346,2024-11-25,present,0
3459,346,2025-06-20,present,0
3460,346,2025-01-06,present,0
3461,347,2024-01-19,present,0
3462,347,2024-03-11,present,0
3463,347,2024-05-27,present,0
3464,347,2023-11-29,present,0
3465,347,2024-01-02,late,22
3466,347,2024-02-21,present,0
3467,347,2023-10-16,present,0
3468,347,2023-12-26,late,35
3469,347,2024-02-08,present,0
3470,347,2024-02-02,present,0
3471,348,2023-11-24,present,0
3472,348,2024-02-09,present,0
3473,348,2023-12-27,absent,0
3474,348,2023-11-23,present,0
3475,348,2024-06-10,absent,0
3476,348,2024-01-16,present,0
3477,348,2024-01-16,present,0
3478,348,2024-03-28,present,0
3479,348,2024-06-10,present,0
3480,348,2023-12-05,late,10
3481,349,2023-04-03,present,0
3482,349,2022-10-07,present,0
3483,349,2023-02-06,present,0
3484,349,2022-10-24,present,0
3485,349,2022-09-20,present,0
3486,349,2022-09-30,present,0
3487,349,2023-05-26,present,0
3488,349,2023-05-19,present,0
3489,349,2022-12-29,present,0
3490,349,2022-11-07,present,0
3491,350,2024-01-24,present,0
3492,350,2024-01-24,present,0
3493,350,2023-12-26,late,6
3494,350,2024-04-08,present,0
3495,350,2024-01-17,present,0
3496,350,2023-11-29,present,0
3497,350,2024-01-31,present,0
3498,350,2023-10-16,present,0
3499,350,2023-11-27,present,0
3500,350,2024-02-28,present,0
3501,351,2025-02-28,present,0
3502,351,2025-02-26,present,0
3503,351,2025-01-23,present,0
3504,351,2025-02-25,present,0
3505,351,2025-04-29,present,0
3506,351,2025-01-16,present,0
3507,351,2025-05-07,present,0
3508,351,2025-04-02,present,0
3509,351,2024-12-27,present,0
3510,351,2024-12-18,late,13
3511,352,2023-09-25,present,0
3512,352,2024-06-04,present,0
3513,352,2024-03-19,present,0
3514,352,2023-12-04,present,0
3515,352,2024-03-07,present,0
3516,352,2024-06-17,present,0
3517,352,2023-11-01,present,0
3518,352,2023-10-23,present,0
3519,352,2024-06-17,present,0
3520,352,2023-09-13,late,7
3521,353,2023-03-06,present,0
3522,353,2022-10-05,present,0
3523,353,2022-12-16,present,0
3524,353,2023-02-24,late,12
3525,353,2022-09-14,present,0
3526,353,2022-11-07,present,0
3527,353,2023-06-15,present,0
3528,353,2023-04-10,present,0
3529,353,2023-03-13,present,0
3530,353,2023-01-25,present,0
3531,354,2023-09-13,present,0
3532,354,2024-01-03,absent,0
3533,354,2024-03-25,present,0
3534,354,2023-10-04,present,0
3535,354,2024-05-06,present,0
3536,354,2023-11-17,present,0
3537,354,2023-09-26,present,0
3538,354,2024-02-26,late,15
3539,354,2023-09-26,present,0
3540,354,2024-04-25,present,0
3541,355,2025-02-24,present,0
3542,355,2025-01-17,absent,0
3543,355,2025-05-19,present,0
3544,355,2025-05-06,late,19
3545,355,2025-04-10,present,0
3546,355,2025-03-19,present,0
3547,355,2025-03-31,absent,0
3548,355,2024-11-27,present,0
3549,355,2025-02-04,present,0
3550,355,2024-12-12,present,0
3551,356,2023-01-23,excused,0
3552,356,2022-09-23,present,0
3553,356,2023-04-03,present,0
3554,356,2023-01-24,present,0
3555,356,2022-12-12,present,0
3556,356,2023-01-23,present,0
3557,356,2022-09-14,present,0
3558,356,2022-11-14,present,0
3559,356,2022-11-24,excused,0
3560,356,2023-06-09,present,0
3561,357,2025-05-05,present,0
3562,357,2024-10-21,present,0
3563,357,2025-03-10,present,0
3564,357,2024-09-19,present,0
3565,357,2025-05-12,present,0
3566,357,2025-04-18,present,0
3567,357,2024-09-17,present,0
3568,357,2025-04-03,present,0
3569,357,2025-06-20,present,0
3570,357,2024-11-29,present,0
3571,358,2023-11-06,present,0
3572,358,2024-05-15,present,0
3573,358,2023-10-02,present,0
3574,358,2024-02-15,present,0
3575,358,2024-03-18,present,0
3576,358,2023-11-08,present,0
3577,358,2024-02-05,present,0
3578,358,2024-01-08,present,0
3579,358,2023-12-21,present,0
3580,358,2024-04-01,present,0
3581,359,2023-02-28,present,0
3582,359,2022-09-30,present,0
3583,359,2022-11-25,present,0
3584,359,2023-04-03,present,0
3585,359,2022-09-19,present,0
3586,359,2023-01-13,present,0
3587,359,2022-12-26,present,0
3588,359,2023-01-12,present,0
3589,359,2023-02-07,present,0
3590,359,2023-02-23,present,0
3591,360,2025-01-06,present,0
3592,360,2024-11-26,present,0
3593,360,2024-10-08,present,0
3594,360,2024-12-13,present,0
3595,360,2025-01-23,present,0
3596,360,2024-12-13,present,0
3597,360,2025-03-11,present,0
3598,360,2024-10-31,present,0
3599,360,2025-04-11,absent,0
3600,360,2025-02-24,present,0
3601,361,2024-12-10,present,0
3602,361,2024-09-16,present,0
3603,361,2025-01-06,late,30
3604,361,2025-04-10,present,0
3605,361,2024-09-12,present,0
3606,361,2025-03-03,present,0
3607,361,2024-10-01,present,0
3608,361,2024-12-11,late,22
3609,361,2025-04-28,present,0
3610,361,2025-02-20,present,0
3611,362,2023-12-13,present,0
3612,362,2024-02-19,present,0
3613,362,2024-02-19,present,0
3614,362,2023-09-15,present,0
3615,362,2024-04-29,present,0
3616,362,2024-04-15,present,0
3617,362,2023-09-27,present,0
3618,362,2024-02-29,present,0
3619,362,2024-01-23,present,0
3620,362,2024-03-15,present,0
3621,363,2023-01-06,present,0
3622,363,2023-06-05,absent,0
3623,363,2022-09-28,present,0
3624,363,2022-11-04,present,0
3625,363,2022-10-18,present,0
3626,363,2022-11-15,present,0
3627,363,2022-10-26,absent,0
3628,363,2023-05-22,present,0
3629,363,2023-04-24,present,0
3630,363,2023-02-08,present,0
3631,364,2025-03-20,present,0
3632,364,2025-06-02,present,0
3633,364,2024-10-18,late,35
3634,364,2025-01-13,present,0
3635,364,2024-12-23,present,0
3636,364,2025-05-19,present,0
3637,364,2025-01-20,absent,0
3638,364,2025-04-14,present,0
3639,364,2025-04-21,present,0
3640,364,2024-12-23,late,16
3641,365,2023-06-19,late,25
3642,365,2023-06-13,present,0
3643,365,2022-12-19,present,0
3644,365,2023-02-06,present,0
3645,365,2023-01-02,present,0
3646,365,2023-01-30,present,0
3647,365,2022-12-20,present,0
3648,365,2023-01-23,present,0
3649,365,2022-12-13,present,0
3650,365,2023-03-15,present,0
3651,366,2025-03-05,present,0
3652,366,2025-03-25,absent,0
3653,366,2024-11-18,present,0
3654,366,2025-01-08,present,0
3655,366,2025-03-13,present,0
3656,366,2024-11-26,present,0
3657,366,2025-03-24,late,11
3658,366,2025-03-20,present,0
3659,366,2025-04-17,present,0
3660,366,2025-04-15,absent,0
3661,367,2024-12-02,present,0
3662,367,2025-01-23,absent,0
3663,367,2025-01-08,present,0
3664,367,2025-05-19,present,0
3665,367,2025-02-14,present,0
3666,367,2025-05-26,late,11
3667,367,2025-03-31,present,0
3668,367,2024-10-11,present,0
3669,367,2025-02-13,late,28
3670,367,2025-04-24,absent,0
3671,368,2024-12-18,absent,0
3672,368,2025-01-30,present,0
3673,368,2025-05-28,present,0
3674,368,2025-06-13,present,0
3675,368,2024-11-01,present,0
3676,368,2025-02-24,absent,0
3677,368,2025-04-07,present,0
3678,368,2024-09-17,absent,0
3679,368,2024-12-30,present,0
3680,368,2024-12-23,present,0
3681,369,2022-10-03,present,0
3682,369,2023-02-21,late,22
3683,369,2022-10-10,present,0
3684,369,2022-11-28,present,0
3685,369,2023-03-01,present,0
3686,369,2023-01-11,present,0
3687,369,2023-06-12,absent,0
3688,369,2023-04-10,absent,0
3689,369,2023-01-02,absent,0
3690,369,2023-02-16,excused,0
3691,370,2023-05-26,present,0
3692,370,2023-04-26,present,0
3693,370,2023-04-06,present,0
3694,370,2022-11-08,present,0
3695,370,2023-05-15,present,0
3696,370,2022-11-28,present,0
3697,370,2022-12-02,present,0
3698,370,2023-04-04,late,24
3699,370,2022-09-26,present,0
3700,370,2023-03-06,late,22
3701,371,2024-10-28,present,0
3702,371,2025-03-04,present,0
3703,371,2025-01-15,present,0
3704,371,2024-11-15,present,0
3705,371,2024-10-28,absent,0
3706,371,2024-12-26,present,0
3707,371,2025-05-29,present,0
3708,371,2025-04-30,present,0
3709,371,2025-05-21,present,0
3710,371,2024-09-17,present,0
3711,372,2023-11-17,present,0
3712,372,2024-04-03,present,0
3713,372,2024-05-13,present,0
3714,372,2024-01-22,present,0
3715,372,2024-06-04,absent,0
3716,372,2023-10-10,present,0
3717,372,2024-02-12,present,0
3718,372,2023-10-16,present,0
3719,372,2024-03-05,present,0
3720,372,2024-06-10,present,0
3721,373,2023-10-09,present,0
3722,373,2024-06-13,present,0
3723,373,2024-06-17,present,0
3724,373,2024-02-19,present,0
3725,373,2024-05-16,present,0
3726,373,2024-01-17,present,0
3727,373,2024-04-22,absent,0
3728,373,2024-02-15,late,31
3729,373,2023-10-23,present,0
3730,373,2023-10-02,late,20
3731,374,2024-10-28,present,0
3732,374,2025-03-24,present,0
3733,374,2025-06-20,present,0
3734,374,2025-01-10,present,0
3735,374,2024-09-24,present,0
3736,374,2024-11-04,present,0
3737,374,2025-01-06,present,0
3738,374,2024-12-27,present,0
3739,374,2025-06-09,present,0
3740,374,2024-09-16,present,0
3741,375,2025-04-17,present,0
3742,375,2025-02-14,present,0
3743,375,2025-03-07,present,0
3744,375,2025-05-05,absent,0
3745,375,2025-05-20,present,0
3746,375,2025-04-28,late,26
3747,375,2024-10-03,present,0
3748,375,2025-06-03,present,0
3749,375,2025-03-04,absent,0
3750,375,2024-10-14,absent,0
3751,376,2023-11-17,present,0
3752,376,2023-12-04,present,0
3753,376,2024-06-03,present,0
3754,376,2023-11-09,absent,0
3755,376,2024-06-07,present,0
3756,376,2023-10-19,present,0
3757,376,2024-04-09,present,0
3758,376,2023-12-27,present,0
3759,376,2023-12-25,present,0
3760,376,2024-04-26,present,0
3761,377,2023-02-27,present,0
3762,377,2022-09-21,present,0
3763,377,2022-12-23,present,0
3764,377,2022-11-09,present,0
3765,377,2022-09-14,present,0
3766,377,2023-05-29,present,0
3767,377,2022-09-22,present,0
3768,377,2022-11-29,present,0
3769,377,2022-12-05,present,0
3770,377,2023-01-23,present,0
3771,378,2023-10-13,present,0
3772,378,2024-05-01,present,0
3773,378,2024-02-08,present,0
3774,378,2023-09-25,present,0
3775,378,2024-01-22,present,0
3776,378,2024-03-25,present,0
3777,378,2023-11-13,present,0
3778,378,2024-04-12,present,0
3779,378,2024-06-12,present,0
3780,378,2024-04-08,present,0
3781,379,2022-12-20,present,0
3782,379,2023-06-16,present,0
3783,379,2022-12-15,present,0
3784,379,2022-11-29,present,0
3785,379,2022-09-28,present,0
3786,379,2023-06-12,present,0
3787,379,2022-10-31,present,0
3788,379,2023-05-15,present,0
3789,379,2023-06-12,present,0
3790,379,2023-03-20,present,0
3791,380,2023-05-25,present,0
3792,380,2023-05-31,present,0
3793,380,2023-03-14,present,0
3794,380,2023-01-30,absent,0
3795,380,2022-11-28,present,0
3796,380,2023-02-27,present,0
3797,380,2022-11-28,present,0
3798,380,2022-10-10,present,0
3799,380,2023-01-24,absent,0
3800,380,2022-10-17,present,0
3801,381,2023-03-27,present,0
3802,381,2023-01-30,present,0
3803,381,2023-02-15,present,0
3804,381,2023-01-02,present,0
3805,381,2023-02-02,present,0
3806,381,2022-12-27,present,0
3807,381,2022-11-24,present,0
3808,381,2022-11-07,present,0
3809,381,2023-04-06,absent,0
3810,381,2023-04-05,present,0
3811,382,2023-09-12,present,0
3812,382,2023-09-27,present,0
3813,382,2024-02-06,present,0
3814,382,2023-11-16,present,0
3815,382,2024-05-21,present,0
3816,382,2023-12-14,present,0
3817,382,2023-12-12,present,0
3818,382,2024-01-08,present,0
3819,382,2024-03-05,present,0
3820,382,2023-12-11,present,0
3821,383,2023-06-05,present,0
3822,383,2023-03-07,present,0
3823,383,2022-12-28,present,0
3824,383,2022-11-22,present,0
3825,383,2023-02-28,absent,0
3826,383,2023-03-08,present,0
3827,383,2022-10-07,present,0
3828,383,2023-03-06,present,0
3829,383,2022-12-14,absent,0
3830,383,2022-09-27,absent,0
3831,384,2025-06-05,present,0
3832,384,2025-04-04,present,0
3833,384,2025-01-13,present,0
3834,384,2024-10-29,present,0
3835,384,2024-11-08,present,0
3836,384,2024-12-09,present,0
3837,384,2024-12-24,present,0
3838,384,2024-10-14,present,0
3839,384,2025-02-05,present,0
3840,384,2025-04-01,present,0
3841,385,2025-05-27,present,0
3842,385,2025-04-01,present,0
3843,385,2025-04-08,present,0
3844,385,2024-11-29,present,0
3845,385,2025-06-04,present,0
3846,385,2024-12-23,present,0
3847,385,2025-05-26,present,0
3848,385,2024-10-07,present,0
3849,385,2024-12-03,present,0
3850,385,2024-09-16,present,0
3851,386,2023-01-23,present,0
3852,386,2022-09-21,present,0
3853,386,2023-03-03,present,0
3854,386,2023-03-17,present,0
3855,386,2022-10-31,present,0
3856,386,2023-05-30,present,0
3857,386,2023-03-02,present,0
3858,386,2023-03-20,present,0
3859,386,2023-05-08,present,0
3860,386,2023-03-17,present,0
3861,387,2025-01-20,present,0
3862,387,2025-02-28,present,0
3863,387,2024-12-30,present,0
3864,387,2025-01-27,present,0
3865,387,2025-06-10,present,0
3866,387,2025-04-10,present,0
3867,387,2025-02-24,present,0
3868,387,2024-10-11,present,0
3869,387,2024-11-28,present,0
3870,387,2024-09-10,present,0
3871,388,2024-11-12,present,0
3872,388,2024-09-30,present,0
3873,388,2025-04-21,present,0
3874,388,2025-04-17,present,0
3875,388,2025-04-14,present,0
3876,388,2024-12-05,present,0
3877,388,2025-01-15,present,0
3878,388,2024-10-07,present,0
3879,388,2025-02-10,present,0
3880,388,2025-01-21,present,0
3881,389,2025-05-15,present,0
3882,389,2025-02-13,present,0
3883,389,2024-11-06,present,0
3884,389,2025-02-17,present,0
3885,389,2024-12-20,present,0
3886,389,2025-06-03,present,0
3887,389,2024-09-17,present,0
3888,389,2025-05-15,present,0
3889,389,2024-10-08,present,0
3890,389,2025-03-03,present,0
3891,390,2022-11-24,present,0
3892,390,2023-03-17,present,0
3893,390,2022-12-15,present,0
3894,390,2023-03-21,present,0
3895,390,2023-02-06,present,0
3896,390,2023-05-01,present,0
3897,390,2023-01-16,present,0
3898,390,2022-10-05,present,0
3899,390,2023-04-17,present,0
3900,390,2023-03-10,present,0
3901,391,2025-01-06,present,0
3902,391,2025-06-20,present,0
3903,391,2024-12-16,present,0
3904,391,2025-03-24,present,0
3905,391,2024-12-24,present,0
3906,391,2025-04-29,present,0
3907,391,2025-05-05,present,0
3908,391,2025-04-08,present,0
3909,391,2025-05-06,present,0
3910,391,2024-12-12,present,0
3911,392,2024-10-30,present,0
3912,392,2025-05-15,present,0
3913,392,2025-05-12,present,0
3914,392,2024-10-24,present,0
3915,392,2025-03-14,present,0
3916,392,2024-11-08,present,0
3917,392,2024-10-07,present,0
3918,392,2024-11-11,present,0
3919,392,2025-05-05,present,0
3920,392,2025-05-07,present,0
3921,393,2024-01-25,present,0
3922,393,2024-04-19,present,0
3923,393,2023-09-25,present,0
3924,393,2024-04-22,present,0
3925,393,2023-10-06,present,0
3926,393,2024-06-04,present,0
3927,393,2024-01-03,present,0
3928,393,2024-05-03,present,0
3929,393,2024-04-25,present,0
3930,393,2024-03-21,present,0
3931,394,2023-06-07,late,32
3932,394,2022-12-12,present,0
3933,394,2022-10-28,present,0
3934,394,2023-06-12,present,0
3935,394,2023-04-10,present,0
3936,394,2023-01-09,present,0
3937,394,2023-02-13,present,0
3938,394,2022-09-19,present,0
3939,394,2023-06-07,present,0
3940,394,2022-09-23,absent,0
3941,395,2024-04-22,present,0
3942,395,2024-03-14,present,0
3943,395,2024-05-06,present,0
3944,395,2023-10-09,absent,0
3945,395,2024-04-01,present,0
3946,395,2024-05-28,present,0
3947,395,2024-02-05,present,0
3948,395,2023-10-11,late,15
3949,395,2023-11-02,late,6
3950,395,2023-09-26,excused,0
3951,396,2023-03-31,present,0
3952,396,2022-12-21,present,0
3953,396,2022-10-10,present,0
3954,396,2023-02-24,present,0
3955,396,2023-03-20,present,0
3956,396,2022-09-12,present,0
3957,396,2023-01-03,present,0
3958,396,2023-02-20,present,0
3959,396,2022-11-10,present,0
3960,396,2022-11-11,absent,0
3961,397,2023-04-12,present,0
3962,397,2023-05-10,absent,0
3963,397,2023-01-19,absent,0
3964,397,2023-05-26,late,34
3965,397,2022-09-14,absent,0
3966,397,2023-01-27,present,0
3967,397,2022-12-27,present,0
3968,397,2023-03-13,late,30
3969,397,2022-11-07,present,0
3970,397,2022-11-21,absent,0
3971,398,2024-04-03,present,0
3972,398,2023-10-26,present,0
3973,398,2024-03-18,late,23
3974,398,2024-06-11,present,0
3975,398,2023-10-02,absent,0
3976,398,2023-10-16,excused,0
3977,398,2024-02-23,excused,0
3978,398,2024-05-31,absent,0
3979,398,2023-10-31,present,0
3980,398,2023-10-23,present,0
3981,399,2022-12-26,present,0
3982,399,2022-12-12,present,0
3983,399,2023-06-01,present,0
3984,399,2023-03-27,present,0
3985,399,2022-11-17,absent,0
3986,399,2023-05-15,present,0
3987,399,2023-06-15,present,0
3988,399,2023-04-18,present,0
3989,399,2022-12-29,present,0
3990,399,2023-05-29,present,0
3991,400,2023-01-03,absent,0
3992,400,2022-10-28,present,0
3993,400,2023-05-08,present,0
3994,400,2023-01-23,present,0
3995,400,2023-05-25,excused,0
3996,400,2023-04-20,present,0
3997,400,2022-11-14,present,0
3998,400,2023-02-13,excused,0
3999,400,2023-04-03,present,0
4000,400,2023-06-15,present,0
4001,401,2023-06-20,present,0
4002,401,2023-03-21,present,0
4003,401,2023-02-23,late,31
4004,401,2023-01-13,late,23
4005,401,2022-12-07,present,0
4006,401,2022-10-24,present,0
4007,401,2023-04-10,absent,0
4008,401,2023-01-02,present,0
4009,401,2022-10-24,present,0
4010,401,2023-03-14,present,0
4011,402,2022-11-24,late,32
4012,402,2022-10-24,present,0
4013,402,2022-12-01,absent,0
4014,402,2023-06-08,present,0
4015,402,2022-09-28,present,0
4016,402,2023-03-24,present,0
4017,402,2023-05-30,present,0
4018,402,2022-10-28,present,0
4019,402,2023-06-20,present,0
4020,402,2022-10-10,present,0
4021,403,2024-03-21,absent,0
4022,403,2023-09-14,excused,0
4023,403,2024-04-01,absent,0
4024,403,2024-04-17,present,0
4025,403,2024-04-09,present,0
4026,403,2023-12-28,late,19
4027,403,2024-01-17,present,0
4028,403,2024-03-04,present,0
4029,403,2023-10-03,present,0
4030,403,2024-04-15,present,0
4031,404,2024-11-11,present,0
4032,404,2025-03-03,present,0
4033,404,2025-03-10,present,0
4034,404,2025-04-21,absent,0
4035,404,2025-01-28,present,0
4036,404,2025-03-03,present,0
4037,404,2024-12-17,present,0
4038,404,2025-05-12,absent,0
4039,404,2024-11-11,present,0
4040,404,2025-06-09,present,0
4041,405,2023-03-17,present,0
4042,405,2023-03-21,excused,0
4043,405,2023-05-24,present,0
4044,405,2023-05-09,present,0
4045,405,2022-12-13,present,0
4046,405,2022-11-07,present,0
4047,405,2023-04-18,present,0
4048,405,2023-05-04,present,0
4049,405,2022-11-10,present,0
4050,405,2023-03-01,excused,0
4051,406,2022-11-16,present,0
4052,406,2022-09-29,present,0
4053,406,2023-02-20,present,0
4054,406,2022-09-19,present,0
4055,406,2022-12-26,present,0
4056,406,2023-06-15,present,0
4057,406,2023-06-19,present,0
4058,406,2023-04-21,present,0
4059,406,2022-12-20,present,0
4060,406,2022-10-24,present,0
4061,407,2023-03-02,present,0
4062,407,2023-02-09,present,0
4063,407,2022-10-03,late,22
4064,407,2023-04-14,present,0
4065,407,2023-02-08,excused,0
4066,407,2023-02-07,present,0
4067,407,2023-02-13,present,0
4068,407,2023-05-31,present,0
4069,407,2023-03-22,present,0
4070,407,2023-03-27,present,0
4071,408,2025-06-10,late,7
4072,408,2025-04-07,present,0
4073,408,2025-02-18,present,0
4074,408,2025-01-13,present,0
4075,408,2024-10-03,present,0
4076,408,2024-10-28,present,0
4077,408,2025-01-30,present,0
4078,408,2025-04-02,absent,0
4079,408,2025-06-20,present,0
4080,408,2025-03-13,present,0
4081,409,2022-09-23,present,0
4082,409,2022-09-19,present,0
4083,409,2023-04-28,present,0
4084,409,2022-10-27,present,0
4085,409,2023-03-27,present,0
4086,409,2022-10-31,present,0
4087,409,2023-02-10,late,21
4088,409,2022-09-27,present,0
4089,409,2023-01-23,present,0
4090,409,2023-02-28,present,0
4091,410,2025-02-03,present,0
4092,410,2024-09-23,present,0
4093,410,2024-12-31,present,0
4094,410,2025-05-06,late,6
4095,410,2024-10-21,present,0
4096,410,2024-09-23,present,0
4097,410,2025-01-06,present,0
4098,410,2024-12-10,present,0
4099,410,2025-04-15,present,0
4100,410,2024-09-11,excused,0
4101,411,2022-11-10,present,0
4102,411,2022-10-24,present,0
4103,411,2023-04-28,present,0
4104,411,2022-11-17,present,0
4105,411,2022-10-17,present,0
4106,411,2023-04-17,present,0
4107,411,2023-03-08,present,0
4108,411,2023-02-27,present,0
4109,411,2023-04-27,present,0
4110,411,2022-10-24,present,0
4111,412,2024-03-11,present,0
4112,412,2023-10-18,present,0
4113,412,2023-10-23,present,0
4114,412,2023-11-13,present,0
4115,412,2023-12-01,present,0
4116,412,2024-02-19,late,23
4117,412,2024-05-03,present,0
4118,412,2024-05-20,late,30
4119,412,2024-01-12,present,0
4120,412,2024-06-19,present,0
4121,413,2025-05-28,present,0
4122,413,2025-03-14,present,0
4123,413,2024-11-20,present,0
4124,413,2025-01-09,present,0
4125,413,2025-04-28,present,0
4126,413,2024-12-19,present,0
4127,413,2025-01-29,present,0
4128,413,2025-03-11,present,0
4129,413,2025-05-28,present,0
4130,413,2025-05-02,present,0
4131,414,2024-05-06,excused,0
4132,414,2024-02-26,present,0
4133,414,2023-09-18,present,0
4134,414,2023-10-18,present,0
4135,414,2023-09-21,present,0
4136,414,2024-06-03,present,0
4137,414,2023-12-01,present,0
4138,414,2024-04-09,present,0
4139,414,2024-06-14,present,0
4140,414,2024-02-12,present,0
4141,415,2024-04-08,present,0
4142,415,2024-01-16,present,0
4143,415,2023-12-04,present,0
4144,415,2024-02-28,present,0
4145,415,2024-04-17,present,0
4146,415,2023-09-11,present,0
4147,415,2023-12-13,present,0
4148,415,2024-06-07,present,0
4149,415,2023-10-06,present,0
4150,415,2024-04-23,present,0
4151,416,2023-11-01,excused,0
4152,416,2023-09-28,present,0
4153,416,2024-03-05,present,0
4154,416,2024-02-06,present,0
4155,416,2023-11-29,present,0
4156,416,2024-05-30,present,0
4157,416,2024-03-05,present,0
4158,416,2024-05-13,present,0
4159,416,2023-10-31,present,0
4160,416,2024-05-13,present,0
4161,417,2022-10-24,present,0
4162,417,2022-10-03,present,0
4163,417,2023-05-30,present,0
4164,417,2023-05-09,present,0
4165,417,2023-06-19,present,0
4166,417,2023-03-24,present,0
4167,417,2022-09-12,excused,0
4168,417,2023-01-27,present,0
4169,417,2023-02-13,present,0
4170,417,2023-02-20,present,0
4171,418,2024-03-19,present,0
4172,418,2024-04-08,present,0
4173,418,2024-04-10,present,0
4174,418,2023-10-02,present,0
4175,418,2023-12-28,present,0
4176,418,2023-12-11,present,0
4177,418,2023-11-13,present,0
4178,418,2023-12-18,present,0
4179,418,2024-03-11,present,0
4180,418,2023-10-09,present,0
4181,419,2022-12-23,present,0
4182,419,2022-12-26,present,0
4183,419,2022-11-11,present,0
4184,419,2022-10-20,present,0
4185,419,2023-06-19,present,0
4186,419,2022-10-28,present,0
4187,419,2023-04-10,present,0
4188,419,2022-11-18,excused,0
4189,419,2022-12-19,present,0
4190,419,2023-01-16,present,0
4191,420,2025-05-19,present,0
4192,420,2024-11-04,present,0
4193,420,2025-05-21,present,0
4194,420,2025-03-10,present,0
4195,420,2025-04-14,present,0
4196,420,2024-10-28,present,0
4197,420,2024-12-09,present,0
4198,420,2025-03-20,present,0
4199,420,2024-10-01,present,0
4200,420,2025-05-22,present,0
4201,421,2023-03-29,present,0
4202,421,2022-09-19,late,8
4203,421,2022-10-13,present,0
4204,421,2022-12-26,present,0
4205,421,2023-03-31,present,0
4206,421,2022-11-22,present,0
4207,421,2023-01-10,present,0
4208,421,2022-12-26,present,0
4209,421,2023-05-29,present,0
4210,421,2022-09-19,present,0
4211,422,2024-09-30,present,0
4212,422,2025-05-26,present,0
4213,422,2025-04-24,present,0
4214,422,2024-11-11,excused,0
4215,422,2024-12-23,present,0
4216,422,2025-06-16,present,0
4217,422,2025-01-30,present,0
4218,422,2025-05-23,absent,0
4219,422,2025-04-08,present,0
4220,422,2024-12-25,present,0
4221,423,2022-11-17,present,0
4222,423,2023-03-08,present,0
4223,423,2023-03-27,present,0
4224,423,2023-02-16,present,0
4225,423,2023-04-11,absent,0
4226,423,2023-04-11,present,0
4227,423,2023-01-24,present,0
4228,423,2023-02-16,present,0
4229,423,2023-03-01,present,0
4230,423,2022-09-30,present,0
4231,424,2023-11-16,present,0
4232,424,2023-11-08,present,0
4233,424,2023-11-17,present,0
4234,424,2024-01-18,present,0
4235,424,2024-03-21,present,0
4236,424,2024-01-19,present,0
4237,424,2024-06-12,present,0
4238,424,2023-09-25,late,16
4239,424,2023-11-01,present,0
4240,424,2024-03-12,absent,0
4241,425,2023-01-05,absent,0
4242,425,2023-01-16,present,0
4243,425,2023-05-08,present,0
4244,425,2023-04-04,present,0
4245,425,2023-04-27,present,0
4246,425,2022-12-06,present,0
4247,425,2023-02-02,absent,0
4248,425,2023-03-20,absent,0
4249,425,2023-02-06,absent,0
4250,425,2022-12-05,present,0
4251,426,2023-03-06,late,33
4252,426,2022-11-01,present,0
4253,426,2022-10-03,absent,0
4254,426,2023-06-02,present,0
4255,426,2023-03-28,present,0
4256,426,2023-01-02,present,0
4257,426,2022-10-18,present,0
4258,426,2023-01-10,present,0
4259,426,2022-09-29,present,0
4260,426,2022-11-07,present,0
4261,427,2022-09-13,present,0
4262,427,2023-02-28,present,0
4263,427,2022-10-10,present,0
4264,427,2022-10-13,late,21
4265,427,2023-04-27,present,0
4266,427,2023-03-14,present,0
4267,427,2023-06-05,late,16
4268,427,2023-06-12,present,0
4269,427,2023-06-15,absent,0
4270,427,2023-01-27,present,0
4271,428,2024-01-05,present,0
4272,428,2023-09-11,present,0
4273,428,2024-01-23,present,0
4274,428,2024-01-29,present,0
4275,428,2023-12-20,present,0
4276,428,2024-06-03,present,0
4277,428,2024-03-25,present,0
4278,428,2024-02-27,present,0
4279,428,2023-09-27,present,0
4280,428,2024-03-26,present,0
4281,429,2023-04-14,present,0
4282,429,2022-11-23,present,0
4283,429,2022-11-15,present,0
4284,429,2023-06-13,present,0
4285,429,2022-12-26,present,0
4286,429,2022-12-26,present,0
4287,429,2023-03-06,present,0
4288,429,2022-11-21,present,0
4289,429,2022-11-29,present,0
4290,429,2023-02-06,present,0
4291,430,2022-11-10,present,0
4292,430,2023-05-15,present,0
4293,430,2022-11-03,present,0
4294,430,2023-06-07,present,0
4295,430,2023-03-30,present,0
4296,430,2022-12-26,present,0
4297,430,2023-01-05,present,0
4298,430,2022-10-24,present,0
4299,430,2023-01-10,present,0
4300,430,2023-05-05,present,0
4301,431,2022-12-02,present,0
4302,431,2022-11-21,present,0
4303,431,2023-03-15,present,0
4304,431,2022-12-12,present,0
4305,431,2022-09-12,present,0
4306,431,2022-11-03,present,0
4307,431,2023-05-30,present,0
4308,431,2023-05-04,present,0
4309,431,2022-10-24,present,0
4310,431,2023-03-20,present,0
4311,432,2024-05-17,present,0
4312,432,2023-12-25,present,0
4313,432,2024-02-13,present,0
4314,432,2023-12-14,present,0
4315,432,2024-03-11,present,0
4316,432,2023-11-29,present,0
4317,432,2024-03-11,present,0
4318,432,2024-03-18,present,0
4319,432,2023-11-02,present,0
4320,432,2023-12-01,present,0
4321,433,2025-02-10,present,0
4322,433,2025-02-26,present,0
4323,433,2024-12-18,present,0
4324,433,2025-02-24,present,0
4325,433,2024-12-06,late,28
4326,433,2025-02-12,present,0
4327,433,2025-04-07,present,0
4328,433,2025-01-06,present,0
4329,433,2025-02-13,present,0
4330,433,2025-03-05,late,30
4331,434,2023-02-01,late,10
4332,434,2022-09-23,present,0
4333,434,2022-10-28,present,0
4334,434,2022-12-16,present,0
4335,434,2023-05-22,late,15
4336,434,2022-12-19,present,0
4337,434,2023-04-04,present,0
4338,434,2023-03-30,present,0
4339,434,2023-05-31,late,26
4340,434,2023-01-23,present,0
4341,435,2023-10-30,present,0
4342,435,2024-05-24,late,27
4343,435,2023-09-14,present,0
4344,435,2024-03-04,late,28
4345,435,2024-05-16,present,0
4346,435,2023-12-11,present,0
4347,435,2023-09-11,late,17
4348,435,2023-12-21,late,27
4349,435,2024-04-29,present,0
4350,435,2023-11-28,present,0
4351,436,2024-10-09,present,0
4352,436,2024-10-04,present,0
4353,436,2025-01-13,present,0
4354,436,2024-10-10,present,0
4355,436,2024-11-25,present,0
4356,436,2025-04-03,present,0
4357,436,2024-11-11,present,0
4358,436,2025-02-03,present,0
4359,436,2025-01-15,present,0
4360,436,2025-03-13,present,0
4361,437,2025-05-14,present,0
4362,437,2024-12-16,present,0
4363,437,2025-03-24,present,0
4364,437,2025-05-16,present,0
4365,437,2025-05-23,present,0
4366,437,2025-01-14,present,0
4367,437,2025-01-02,present,0
4368,437,2025-02-03,present,0
4369,437,2025-03-31,present,0
4370,437,2025-02-20,present,0
4371,438,2025-03-28,present,0
4372,438,2025-02-06,excused,0
4373,438,2025-04-04,present,0
4374,438,2025-06-06,present,0
4375,438,2024-09-11,present,0
4376,438,2024-09-12,present,0
4377,438,2024-09-23,present,0
4378,438,2025-06-13,present,0
4379,438,2024-12-02,present,0
4380,438,2025-04-28,present,0
4381,439,2024-09-17,present,0
4382,439,2025-04-16,present,0
4383,439,2025-02-06,present,0
4384,439,2024-10-07,present,0
4385,439,2025-05-29,present,0
4386,439,2024-10-25,present,0
4387,439,2025-02-03,present,0
4388,439,2025-05-05,present,0
4389,439,2025-03-06,present,0
4390,439,2024-12-23,present,0
4391,440,2022-10-04,present,0
4392,440,2023-01-23,present,0
4393,440,2023-05-22,present,0
4394,440,2022-11-21,present,0
4395,440,2022-10-17,present,0
4396,440,2022-10-10,present,0
4397,440,2023-04-24,present,0
4398,440,2023-04-25,present,0
4399,440,2023-03-06,present,0
4400,440,2022-10-24,present,0
4401,441,2023-09-18,excused,0
4402,441,2023-10-27,present,0
4403,441,2024-02-14,present,0
4404,441,2023-09-28,present,0
4405,441,2023-11-21,present,0
4406,441,2023-12-27,present,0
4407,441,2024-02-23,present,0
4408,441,2023-10-23,excused,0
4409,441,2024-02-29,present,0
4410,441,2024-04-22,present,0
4411,442,2025-02-26,present,0
4412,442,2024-12-02,late,22
4413,442,2025-06-18,excused,0
4414,442,2024-11-18,present,0
4415,442,2025-06-11,present,0
4416,442,2025-04-21,present,0
4417,442,2025-04-25,present,0
4418,442,2024-12-17,present,0
4419,442,2025-04-14,present,0
4420,442,2024-11-27,present,0
4421,443,2025-05-12,present,0
4422,443,2024-10-28,present,0
4423,443,2024-09-17,present,0
4424,443,2025-04-01,present,0
4425,443,2024-11-29,present,0
4426,443,2025-01-29,present,0
4427,443,2025-03-05,absent,0
4428,443,2025-02-19,present,0
4429,443,2025-01-06,present,0
4430,443,2024-09-10,present,0
4431,444,2025-01-22,present,0
4432,444,2024-11-29,present,0
4433,444,2024-09-17,present,0
4434,444,2025-05-28,present,0
4435,444,2025-03-27,excused,0
4436,444,2025-01-22,present,0
4437,444,2024-10-01,present,0
4438,444,2025-05-19,present,0
4439,444,2025-05-26,late,10
4440,444,2024-11-29,present,0
4441,445,2024-02-28,present,0
4442,445,2023-10-06,absent,0
4443,445,2024-05-02,present,0
4444,445,2023-11-06,present,0
4445,445,2024-05-29,absent,0
4446,445,2024-01-08,present,0
4447,445,2023-09-18,present,0
4448,445,2023-12-04,present,0
4449,445,2023-09-26,present,0
4450,445,2024-03-04,absent,0
4451,446,2024-10-18,late,24
4452,446,2025-02-04,present,0
4453,446,2025-02-24,present,0
4454,446,2025-01-17,excused,0
4455,446,2025-02-03,present,0
4456,446,2024-12-13,present,0
4457,446,2024-12-11,present,0
4458,446,2024-10-14,present,0
4459,446,2025-06-09,late,17
4460,446,2025-02-04,present,0
4461,447,2024-03-18,present,0
4462,447,2023-11-30,present,0
4463,447,2024-04-01,present,0
4464,447,2023-12-25,present,0
4465,447,2023-10-16,present,0
4466,447,2023-10-10,excused,0
4467,447,2023-10-09,present,0
4468,447,2023-09-28,present,0
4469,447,2023-09-11,present,0
4470,447,2023-10-16,present,0
4471,448,2022-10-06,present,0
4472,448,2022-11-28,present,0
4473,448,2023-02-15,late,28
4474,448,2022-10-17,absent,0
4475,448,2022-09-26,present,0
4476,448,2022-10-17,present,0
4477,448,2023-02-20,present,0
4478,448,2023-04-05,present,0
4479,448,2023-02-22,present,0
4480,448,2022-11-21,absent,0
4481,449,2024-03-27,present,0
4482,449,2024-04-24,present,0
4483,449,2024-03-25,present,0
4484,449,2023-11-13,present,0
4485,449,2023-09-11,present,0
4486,449,2023-10-02,present,0
4487,449,2024-02-19,present,0
4488,449,2024-01-29,present,0
4489,449,2024-04-29,present,0
4490,449,2024-05-01,present,0
4491,450,2024-01-22,present,0
4492,450,2024-05-13,present,0
4493,450,2024-01-29,present,0
4494,450,2023-11-28,present,0
4495,450,2023-11-14,present,0
4496,450,2024-04-26,present,0
4497,450,2024-05-08,present,0
4498,450,2023-12-28,present,0
4499,450,2023-11-30,present,0
4500,450,2023-12-26,present,0
4501,451,2025-06-16,present,0
4502,451,2025-04-25,present,0
4503,451,2024-10-29,present,0
4504,451,2025-02-18,present,0
4505,451,2024-10-02,present,0
4506,451,2024-11-25,present,0
4507,451,2025-06-18,present,0
4508,451,2024-12-02,present,0
4509,451,2025-04-07,present,0
4510,451,2025-03-12,late,5
4511,452,2025-06-06,late,15
4512,452,2024-12-17,present,0
4513,452,2025-01-08,present,0
4514,452,2025-01-07,present,0
4515,452,2024-11-18,present,0
4516,452,2025-01-02,present,0
4517,452,2025-06-04,present,0
4518,452,2025-01-20,present,0
4519,452,2025-04-02,present,0
4520,452,2025-01-31,late,21
4521,453,2023-05-09,present,0
4522,453,2023-05-10,present,0
4523,453,2022-11-07,present,0
4524,453,2022-12-12,present,0
4525,453,2023-03-20,present,0
4526,453,2023-03-01,present,0
4527,453,2023-03-03,present,0
4528,453,2022-12-27,present,0
4529,453,2023-05-12,present,0
4530,453,2023-03-10,present,0
4531,454,2024-11-19,present,0
4532,454,2024-11-15,present,0
4533,454,2025-06-03,present,0
4534,454,2025-04-04,present,0
4535,454,2025-03-24,present,0
4536,454,2025-03-28,present,0
4537,454,2025-03-17,present,0
4538,454,2024-10-11,present,0
4539,454,2025-01-16,present,0
4540,454,2024-12-30,present,0
4541,455,2023-05-23,present,0
4542,455,2022-12-29,present,0
4543,455,2023-01-02,present,0
4544,455,2023-04-28,present,0
4545,455,2022-09-21,present,0
4546,455,2023-06-02,present,0
4547,455,2022-12-16,present,0
4548,455,2023-03-06,present,0
4549,455,2023-03-24,late,29
4550,455,2023-05-18,present,0
4551,456,2025-03-31,present,0
4552,456,2024-12-23,present,0
4553,456,2025-06-04,present,0
4554,456,2025-05-19,present,0
4555,456,2024-11-25,present,0
4556,456,2024-10-21,present,0
4557,456,2024-12-31,present,0
4558,456,2025-01-28,present,0
4559,456,2024-12-02,present,0
4560,456,2025-01-20,present,0
4561,457,2023-12-08,present,0
4562,457,2024-05-15,late,22
4563,457,2024-01-08,excused,0
4564,457,2023-12-04,present,0
4565,457,2023-09-25,present,0
4566,457,2023-10-17,present,0
4567,457,2023-11-06,present,0
4568,457,2023-09-22,present,0
4569,457,2023-09-11,present,0
4570,457,2023-09-26,present,0
4571,458,2024-02-28,present,0
4572,458,2023-10-10,present,0
4573,458,2024-04-29,present,0
4574,458,2023-10-24,present,0
4575,458,2024-04-17,present,0
4576,458,2024-04-22,present,0
4577,458,2023-10-16,present,0
4578,458,2024-03-26,present,0
4579,458,2024-03-25,late,13
4580,458,2024-02-28,present,0
4581,459,2023-01-09,present,0
4582,459,2023-03-07,present,0
4583,459,2022-12-08,present,0
4584,459,2023-04-26,late,21
4585,459,2022-09-27,present,0
4586,459,2022-09-19,present,0
4587,459,2022-11-17,present,0
4588,459,2023-02-20,present,0
4589,459,2023-05-05,present,0
4590,459,2022-11-11,present,0
4591,460,2024-03-18,present,0
4592,460,2024-06-10,excused,0
4593,460,2023-09-12,present,0
4594,460,2024-04-16,late,25
4595,460,2024-05-22,present,0
4596,460,2023-10-05,absent,0
4597,460,2023-10-09,present,0
4598,460,2023-10-11,present,0
4599,460,2023-12-14,present,0
4600,460,2024-01-30,present,0
4601,461,2024-03-14,present,0
4602,461,2024-02-02,present,0
4603,461,2023-12-28,present,0
4604,461,2024-05-27,present,0
4605,461,2024-03-11,present,0
4606,461,2024-04-11,present,0
4607,461,2024-05-01,present,0
4608,461,2024-01-22,present,0
4609,461,2024-04-24,present,0
4610,461,2024-02-20,present,0
4611,462,2022-09-26,present,0
4612,462,2023-02-28,present,0
4613,462,2023-06-20,present,0
4614,462,2023-05-08,present,0
4615,462,2022-10-03,present,0
4616,462,2022-10-19,present,0
4617,462,2023-05-10,present,0
4618,462,2022-12-26,present,0
4619,462,2023-05-05,present,0
4620,462,2023-04-03,present,0
4621,463,2023-01-23,present,0
4622,463,2022-11-07,present,0
4623,463,2023-06-14,present,0
4624,463,2023-01-16,present,0
4625,463,2022-12-19,present,0
4626,463,2023-06-01,present,0
4627,463,2023-06-01,present,0
4628,463,2023-04-24,present,0
4629,463,2023-04-20,present,0
4630,463,2022-10-10,present,0
4631,464,2022-11-14,absent,0
4632,464,2023-01-02,present,0
4633,464,2023-04-13,present,0
4634,464,2022-09-12,present,0
4635,464,2023-01-13,present,0
4636,464,2022-10-24,absent,0
4637,464,2022-11-01,present,0
4638,464,2023-03-21,present,0
4639,464,2023-02-06,present,0
4640,464,2022-09-12,present,0
4641,465,2024-02-05,present,0
4642,465,2023-11-07,present,0
4643,465,2024-02-08,present,0
4644,465,2024-04-29,present,0
4645,465,2024-02-19,late,14
4646,465,2023-09-21,late,18
4647,465,2024-05-13,present,0
4648,465,2024-01-10,present,0
4649,465,2024-03-28,absent,0
4650,465,2024-04-18,present,0
4651,466,2023-05-15,absent,0
4652,466,2023-01-02,present,0
4653,466,2023-01-18,present,0
4654,466,2023-05-01,late,10
4655,466,2023-01-23,present,0
4656,466,2022-11-28,present,0
4657,466,2023-03-01,present,0
4658,466,2022-11-16,present,0
4659,466,2022-10-31,late,26
4660,466,2022-11-28,present,0
4661,467,2023-05-01,present,0
4662,467,2023-05-23,present,0
4663,467,2023-03-07,present,0
4664,467,2023-03-27,present,0
4665,467,2023-01-27,present,0
4666,467,2023-01-23,present,0
4667,467,2023-01-18,present,0
4668,467,2022-11-21,present,0
4669,467,2023-03-13,present,0
4670,467,2023-06-19,present,0
4671,468,2024-11-25,late,23
4672,468,2025-06-16,present,0
4673,468,2024-11-04,present,0
4674,468,2025-02-27,present,0
4675,468,2024-09-16,present,0
4676,468,2025-03-11,present,0
4677,468,2025-03-17,present,0
4678,468,2024-11-06,present,0
4679,468,2025-03-24,present,0
4680,468,2024-11-04,present,0
4681,469,2023-12-04,present,0
4682,469,2023-12-11,late,22
4683,469,2023-10-19,present,0
4684,469,2024-04-23,present,0
4685,469,2024-05-27,present,0
4686,469,2023-10-30,present,0
4687,469,2023-12-04,present,0
4688,469,2023-09-11,present,0
4689,469,2023-10-23,present,0
4690,469,2024-02-13,present,0
4691,470,2025-04-30,present,0
4692,470,2024-12-18,present,0
4693,470,2025-03-03,present,0
4694,470,2024-10-08,present,0
4695,470,2024-11-21,present,0
4696,470,2025-01-14,present,0
4697,470,2025-02-07,present,0
4698,470,2025-06-13,present,0
4699,470,2025-03-18,late,24
4700,470,2024-11-05,present,0
4701,471,2025-01-29,present,0
4702,471,2025-02-25,present,0
4703,471,2025-02-18,absent,0
4704,471,2024-12-03,present,0
4705,471,2024-10-30,present,0
4706,471,2025-03-25,absent,0
4707,471,2025-03-05,late,6
4708,471,2025-05-15,present,0
4709,471,2024-10-18,present,0
4710,471,2025-05-19,late,24
4711,472,2023-01-30,present,0
4712,472,2023-05-19,present,0
4713,472,2023-01-30,present,0
4714,472,2022-09-26,present,0
4715,472,2022-10-07,present,0
4716,472,2023-02-06,present,0
4717,472,2022-10-31,late,8
4718,472,2022-12-27,present,0
4719,472,2022-12-05,present,0
4720,472,2023-04-24,present,0
4721,473,2025-04-25,present,0
4722,473,2025-06-16,present,0
4723,473,2025-03-24,present,0
4724,473,2024-11-05,present,0
4725,473,2025-05-02,present,0
4726,473,2025-05-20,late,14
4727,473,2025-04-21,present,0
4728,473,2024-11-18,present,0
4729,473,2025-01-15,present,0
4730,473,2024-10-16,present,0
4731,474,2025-04-25,present,0
4732,474,2024-10-02,absent,0
4733,474,2025-05-12,absent,0
4734,474,2024-12-25,present,0
4735,474,2025-04-04,late,9
4736,474,2025-02-06,present,0
4737,474,2025-01-24,absent,0
4738,474,2024-12-11,present,0
4739,474,2024-10-28,present,0
4740,474,2024-10-02,present,0
4741,475,2022-12-28,present,0
4742,475,2023-04-19,present,0
4743,475,2023-02-22,present,0
4744,475,2022-10-03,absent,0
4745,475,2023-04-20,present,0
4746,475,2022-11-14,present,0
4747,475,2023-02-27,present,0
4748,475,2023-03-10,present,0
4749,475,2023-01-30,present,0
4750,475,2023-04-03,present,0
4751,476,2025-05-12,present,0
4752,476,2025-05-07,present,0
4753,476,2024-12-26,present,0
4754,476,2024-12-09,present,0
4755,476,2024-11-08,present,0
4756,476,2025-03-10,present,0
4757,476,2025-05-09,present,0
4758,476,2025-05-20,present,0
4759,476,2025-01-06,present,0
4760,476,2024-10-07,present,0
4761,477,2024-06-04,present,0
4762,477,2024-06-17,present,0
4763,477,2024-04-23,present,0
4764,477,2024-03-05,present,0
4765,477,2024-04-17,present,0
4766,477,2023-10-24,present,0
4767,477,2024-04-02,present,0
4768,477,2023-10-17,present,0
4769,477,2024-04-09,absent,0
4770,477,2024-01-01,present,0
4771,478,2024-02-13,present,0
4772,478,2024-02-12,present,0
4773,478,2024-03-20,present,0
4774,478,2024-01-01,present,0
4775,478,2023-12-18,present,0
4776,478,2023-11-13,present,0
4777,478,2024-01-23,present,0
4778,478,2024-02-29,present,0
4779,478,2024-01-25,present,0
4780,478,2024-03-04,present,0
4781,479,2023-12-21,present,0
4782,479,2024-06-05,present,0
4783,479,2024-03-11,absent,0
4784,479,2023-11-17,present,0
4785,479,2024-06-11,present,0
4786,479,2023-10-16,present,0
4787,479,2023-11-09,absent,0
4788,479,2023-11-08,present,0
4789,479,2024-04-29,present,0
4790,479,2024-03-19,excused,0
4791,480,2022-10-24,absent,0
4792,480,2023-05-12,present,0
4793,480,2023-03-20,present,0
4794,480,2022-12-29,present,0
4795,480,2023-03-03,present,0
4796,480,2023-03-13,present,0
4797,480,2023-02-06,present,0
4798,480,2022-10-18,present,0
4799,480,2022-11-17,present,0
4800,480,2023-02-13,present,0
4801,481,2024-05-27,present,0
4802,481,2024-03-21,absent,0
4803,481,2024-03-20,present,0
4804,481,2023-09-18,present,0
4805,481,2024-04-01,excused,0
4806,481,2024-02-12,present,0
4807,481,2023-11-27,present,0
4808,481,2024-01-08,present,0
4809,481,2024-05-03,present,0
4810,481,2023-12-26,present,0
4811,482,2023-01-04,present,0
4812,482,2023-04-10,present,0
4813,482,2023-02-24,present,0
4814,482,2023-02-20,present,0
4815,482,2023-05-02,present,0
4816,482,2022-10-31,present,0
4817,482,2023-01-16,excused,0
4818,482,2023-04-24,present,0
4819,482,2023-02-06,present,0
4820,482,2022-12-28,excused,0
4821,483,2023-02-13,absent,0
4822,483,2023-04-03,present,0
4823,483,2022-11-14,present,0
4824,483,2022-12-07,present,0
4825,483,2022-09-27,absent,0
4826,483,2022-12-02,present,0
4827,483,2023-05-03,absent,0
4828,483,2023-06-14,present,0
4829,483,2023-05-08,present,0
4830,483,2022-11-22,present,0
4831,484,2025-05-05,present,0
4832,484,2025-02-10,present,0
4833,484,2025-03-21,present,0
4834,484,2025-03-24,present,0
4835,484,2025-05-26,present,0
4836,484,2024-12-23,present,0
4837,484,2025-05-19,present,0
4838,484,2024-10-21,present,0
4839,484,2025-06-04,present,0
4840,484,2024-11-01,present,0
4841,485,2025-05-16,present,0
4842,485,2025-01-27,present,0
4843,485,2025-04-28,present,0
4844,485,2024-09-23,present,0
4845,485,2025-05-12,present,0
4846,485,2025-04-14,present,0
4847,485,2025-03-19,present,0
4848,485,2024-12-23,present,0
4849,485,2025-04-10,present,0
4850,485,2025-06-13,present,0
4851,486,2023-01-26,excused,0
4852,486,2022-10-31,present,0
4853,486,2023-03-24,present,0
4854,486,2023-01-04,present,0
4855,486,2023-05-29,present,0
4856,486,2023-01-30,late,13
4857,486,2023-05-26,present,0
4858,486,2023-04-26,present,0
4859,486,2023-05-15,present,0
4860,486,2022-12-26,present,0
4861,487,2023-11-13,present,0
4862,487,2024-01-18,present,0
4863,487,2023-10-30,present,0
4864,487,2024-06-03,present,0
4865,487,2024-06-06,present,0
4866,487,2024-02-08,present,0
4867,487,2024-03-11,present,0
4868,487,2023-10-11,present,0
4869,487,2023-11-08,present,0
4870,487,2024-05-27,present,0
4871,488,2024-12-16,present,0
4872,488,2025-04-03,excused,0
4873,488,2025-01-14,present,0
4874,488,2024-10-07,present,0
4875,488,2025-04-21,excused,0
4876,488,2025-05-15,present,0
4877,488,2025-01-27,present,0
4878,488,2025-05-22,excused,0
4879,488,2025-06-02,present,0
4880,488,2025-04-21,present,0
4881,489,2023-09-26,present,0
4882,489,2024-04-08,present,0
4883,489,2024-02-26,present,0
4884,489,2024-06-17,present,0
4885,489,2023-12-05,present,0
4886,489,2024-02-27,present,0
4887,489,2024-05-07,absent,0
4888,489,2023-12-12,present,0
4889,489,2023-10-30,present,0
4890,489,2023-11-06,present,0
4891,490,2024-05-08,present,0
4892,490,2024-02-26,present,0
4893,490,2024-01-29,present,0
4894,490,2024-01-22,present,0
4895,490,2024-04-30,present,0
4896,490,2023-12-28,present,0
4897,490,2023-10-17,present,0
4898,490,2024-02-02,present,0
4899,490,2024-02-23,present,0
4900,490,2024-05-03,present,0
4901,491,2023-04-07,present,0
4902,491,2022-11-21,present,0
4903,491,2022-12-26,present,0
4904,491,2023-01-30,present,0
4905,491,2023-03-08,present,0
4906,491,2023-03-27,present,0
4907,491,2022-12-06,present,0
4908,491,2022-11-28,present,0
4909,491,2022-11-15,present,0
4910,491,2023-01-02,present,0
4911,492,2023-12-04,present,0
4912,492,2023-11-13,present,0
4913,492,2024-06-03,present,0
4914,492,2023-10-23,present,0
4915,492,2024-04-08,present,0
4916,492,2024-06-14,present,0
4917,492,2024-02-15,present,0
4918,492,2024-05-15,present,0
4919,492,2023-12-19,present,0
4920,492,2023-10-30,present,0
4921,493,2024-12-12,present,0
4922,493,2025-06-16,present,0
4923,493,2024-11-18,present,0
4924,493,2025-03-26,present,0
4925,493,2025-05-12,present,0
4926,493,2024-12-16,present,0
4927,493,2025-03-31,present,0
4928,493,2025-04-25,present,0
4929,493,2025-04-15,present,0
4930,493,2025-06-18,present,0
4931,494,2023-10-04,present,0
4932,494,2023-12-06,present,0
4933,494,2023-12-04,present,0
4934,494,2024-01-02,present,0
4935,494,2024-01-15,present,0
4936,494,2024-04-08,late,7
4937,494,2023-09-21,present,0
4938,494,2023-09-26,present,0
4939,494,2024-06-14,present,0
4940,494,2024-03-25,present,0
4941,495,2023-04-10,present,0
4942,495,2022-11-14,present,0
4943,495,2022-10-24,present,0
4944,495,2022-10-27,present,0
4945,495,2023-01-11,present,0
4946,495,2022-10-04,present,0
4947,495,2023-03-10,present,0
4948,495,2022-12-26,present,0
4949,495,2023-03-13,present,0
4950,495,2023-06-20,present,0
4951,496,2022-12-07,present,0
4952,496,2023-05-22,present,0
4953,496,2023-05-22,present,0
4954,496,2023-04-17,present,0
4955,496,2022-11-21,present,0
4956,496,2023-05-29,present,0
4957,496,2023-04-24,present,0
4958,496,2023-04-10,present,0
4959,496,2023-06-14,present,0
4960,496,2022-12-27,present,0
4961,497,2023-04-05,present,0
4962,497,2023-05-16,present,0
4963,497,2023-01-23,present,0
4964,497,2023-06-20,present,0
4965,497,2023-01-18,present,0
4966,497,2023-02-03,present,0
4967,497,2022-11-08,late,13
4968,497,2022-10-19,present,0
4969,497,2023-05-22,present,0
4970,497,2023-04-17,present,0
4971,498,2024-01-01,present,0
4972,498,2023-09-18,present,0
4973,498,2024-05-06,present,0
4974,498,2024-05-24,present,0
4975,498,2023-10-13,present,0
4976,498,2023-09-26,present,0
4977,498,2024-02-09,present,0
4978,498,2024-05-17,present,0
4979,498,2024-04-24,present,0
4980,498,2024-03-12,present,0
4981,499,2023-02-27,present,0
4982,499,2022-12-05,present,0
4983,499,2023-05-08,present,0
4984,499,2023-05-10,present,0
4985,499,2023-01-09,present,0
4986,499,2023-05-04,late,12
4987,499,2022-11-03,present,0
4988,499,2023-02-21,present,0
4989,499,2023-05-08,present,0
4990,499,2023-01-23,present,0
4991,500,2024-05-14,excused,0
4992,500,2024-06-17,present,0
4993,500,2024-04-16,late,32
4994,500,2024-04-29,present,0
4995,500,2024-02-05,present,0
4996,500,2024-01-15,excused,0
4997,500,2023-11-08,present,0
4998,500,2024-02-07,present,0
4999,500,2024-03-15,present,0
5000,500,2023-11-13,present,0
5001,501,2024-03-08,absent,0
5002,501,2023-09-12,present,0
5003,501,2024-04-01,excused,0
5004,501,2023-10-16,present,0
5005,501,2023-12-12,present,0
5006,501,2024-02-26,absent,0
5007,501,2023-10-16,present,0
5008,501,2024-05-20,present,0
5009,501,2024-04-05,present,0
5010,501,2023-11-22,present,0
5011,502,2023-12-13,present,0
5012,502,2024-04-09,present,0
5013,502,2024-02-26,present,0
5014,502,2023-12-01,present,0
5015,502,2023-09-18,present,0
5016,502,2024-05-21,present,0
5017,502,2024-04-08,present,0
5018,502,2024-06-06,late,26
5019,502,2023-12-12,present,0
5020,502,2024-02-05,present,0
5021,503,2023-06-08,present,0
5022,503,2022-12-26,present,0
5023,503,2023-02-15,present,0
5024,503,2023-04-13,present,0
5025,503,2023-03-08,present,0
5026,503,2023-05-05,present,0
5027,503,2022-12-15,present,0
5028,503,2023-02-13,present,0
5029,503,2023-05-16,present,0
5030,503,2022-10-05,present,0
5031,504,2022-11-04,present,0
5032,504,2023-03-07,present,0
5033,504,2023-03-28,present,0
5034,504,2022-11-07,late,31
5035,504,2023-03-01,late,15
5036,504,2023-06-12,present,0
5037,504,2023-05-03,present,0
5038,504,2023-01-02,present,0
5039,504,2022-11-24,present,0
5040,504,2023-02-08,present,0
5041,505,2023-02-10,present,0
5042,505,2023-01-30,present,0
5043,505,2023-03-06,present,0
5044,505,2023-05-12,present,0
5045,505,2022-09-15,present,0
5046,505,2023-06-12,present,0
5047,505,2022-12-02,present,0
5048,505,2022-10-24,present,0
5049,505,2023-03-29,present,0
5050,505,2023-05-08,absent,0
5051,506,2025-05-01,present,0
5052,506,2024-11-01,present,0
5053,506,2025-02-06,present,0
5054,506,2025-02-10,present,0
5055,506,2025-03-04,present,0
5056,506,2024-10-04,late,18
5057,506,2025-01-31,present,0
5058,506,2025-03-10,present,0
5059,506,2025-05-26,present,0
5060,506,2024-12-09,present,0
5061,507,2024-03-05,excused,0
5062,507,2023-10-16,present,0
5063,507,2024-01-01,present,0
5064,507,2024-06-12,present,0
5065,507,2023-11-27,present,0
5066,507,2024-01-12,present,0
5067,507,2023-11-27,present,0
5068,507,2024-04-30,present,0
5069,507,2024-05-23,present,0
5070,507,2024-01-15,present,0
5071,508,2023-12-18,present,0
5072,508,2024-03-26,present,0
5073,508,2023-09-26,present,0
5074,508,2024-02-22,present,0
5075,508,2024-02-08,present,0
5076,508,2024-03-11,present,0
5077,508,2024-01-15,present,0
5078,508,2024-05-06,present,0
5079,508,2023-12-11,present,0
5080,508,2023-12-13,present,0
5081,509,2023-02-22,present,0
5082,509,2023-05-16,excused,0
5083,509,2022-09-23,absent,0
5084,509,2022-10-10,late,31
5085,509,2023-03-02,present,0
5086,509,2022-11-07,present,0
5087,509,2023-06-06,present,0
5088,509,2023-04-18,present,0
5089,509,2022-11-03,present,0
5090,509,2023-02-23,excused,0
5091,510,2024-11-15,present,0
5092,510,2025-05-21,present,0
5093,510,2025-04-22,present,0
5094,510,2025-03-05,absent,0
5095,510,2024-10-17,present,0
5096,510,2025-03-24,present,0
5097,510,2025-04-24,present,0
5098,510,2025-04-01,present,0
5099,510,2025-05-12,present,0
5100,510,2024-10-14,present,0
5101,511,2024-02-20,present,0
5102,511,2023-09-11,absent,0
5103,511,2024-03-18,present,0
5104,511,2024-04-11,absent,0
5105,511,2024-06-19,present,0
5106,511,2023-10-02,absent,0
5107,511,2023-10-25,present,0
5108,511,2024-02-05,present,0
5109,511,2024-04-26,absent,0
5110,511,2023-09-15,present,0
5111,512,2023-09-28,absent,0
5112,512,2024-02-14,present,0
5113,512,2024-03-14,present,0
5114,512,2024-03-18,present,0
5115,512,2023-09-26,present,0
5116,512,2023-11-07,present,0
5117,512,2024-04-15,present,0
5118,512,2023-09-25,present,0
5119,512,2024-02-20,present,0
5120,512,2024-03-20,present,0
5121,513,2025-06-05,present,0
5122,513,2024-11-22,present,0
5123,513,2025-06-05,present,0
5124,513,2025-02-12,present,0
5125,513,2024-10-17,present,0
5126,513,2024-11-14,present,0
5127,513,2024-09-19,absent,0
5128,513,2025-05-19,present,0
5129,513,2024-09-20,present,0
5130,513,2025-03-10,present,0
5131,514,2024-10-21,absent,0
5132,514,2025-05-19,late,8
5133,514,2025-02-05,late,22
5134,514,2025-06-09,present,0
5135,514,2025-01-13,present,0
5136,514,2025-01-31,present,0
5137,514,2025-04-03,present,0
5138,514,2025-01-08,present,0
5139,514,2025-01-22,present,0
5140,514,2025-02-27,absent,0
5141,515,2023-03-15,present,0
5142,515,2022-11-09,absent,0
5143,515,2023-06-09,present,0
5144,515,2022-11-29,present,0
5145,515,2022-10-07,present,0
5146,515,2022-11-09,present,0
5147,515,2023-04-11,present,0
5148,515,2023-03-27,present,0
5149,515,2023-03-06,present,0
5150,515,2023-06-20,present,0
5151,516,2023-02-13,present,0
5152,516,2023-01-09,late,13
5153,516,2022-09-26,present,0
5154,516,2022-09-16,present,0
5155,516,2023-04-11,late,28
5156,516,2023-04-28,present,0
5157,516,2023-04-11,late,8
5158,516,2022-12-16,present,0
5159,516,2022-11-15,excused,0
5160,516,2023-06-12,present,0
5161,517,2024-02-02,present,0
5162,517,2024-05-13,present,0
5163,517,2023-12-25,present,0
5164,517,2024-03-19,present,0
5165,517,2023-11-15,present,0
5166,517,2024-04-30,present,0
5167,517,2024-02-19,present,0
5168,517,2023-11-20,present,0
5169,517,2024-01-10,present,0
5170,517,2024-03-04,present,0
5171,518,2023-05-09,present,0
5172,518,2023-05-22,present,0
5173,518,2023-05-12,present,0
5174,518,2023-05-22,present,0
5175,518,2023-05-31,present,0
5176,518,2023-06-15,present,0
5177,518,2023-04-19,present,0
5178,518,2023-04-24,present,0
5179,518,2023-02-08,present,0
5180,518,2023-02-20,present,0
5181,519,2023-05-10,present,0
5182,519,2023-05-15,present,0
5183,519,2022-11-25,present,0
5184,519,2022-12-12,present,0
5185,519,2023-06-08,present,0
5186,519,2023-04-10,present,0
5187,519,2023-01-17,present,0
5188,519,2023-01-05,present,0
5189,519,2023-05-22,present,0
5190,519,2022-11-01,present,0
5191,520,2022-12-20,present,0
5192,520,2023-03-27,present,0
5193,520,2022-12-23,present,0
5194,520,2023-04-03,present,0
5195,520,2023-04-04,present,0
5196,520,2023-04-26,present,0
5197,520,2023-04-24,present,0
5198,520,2023-02-21,present,0
5199,520,2023-02-20,present,0
5200,520,2023-03-27,present,0
5201,521,2024-01-22,present,0
5202,521,2024-01-15,present,0
5203,521,2024-02-06,present,0
5204,521,2023-09-28,present,0
5205,521,2024-05-28,present,0
5206,521,2024-05-17,present,0
5207,521,2023-12-06,present,0
5208,521,2024-01-26,late,17
5209,521,2024-03-18,present,0
5210,521,2024-04-03,present,0
5211,522,2023-12-26,present,0
5212,522,2023-11-10,present,0
5213,522,2023-12-11,present,0
5214,522,2024-02-19,present,0
5215,522,2024-02-15,present,0
5216,522,2024-05-01,late,32
5217,522,2023-10-06,present,0
5218,522,2023-11-23,present,0
5219,522,2024-04-08,present,0
5220,522,2024-06-18,present,0
5221,523,2024-03-05,present,0
5222,523,2024-04-18,present,0
5223,523,2024-02-09,present,0
5224,523,2024-04-23,late,33
5225,523,2024-04-15,present,0
5226,523,2024-03-04,present,0
5227,523,2024-01-29,present,0
5228,523,2024-02-05,present,0
5229,523,2024-05-13,present,0
5230,523,2024-01-01,present,0
5231,524,2023-10-24,present,0
5232,524,2024-03-11,present,0
5233,524,2024-06-10,present,0
5234,524,2023-12-15,present,0
5235,524,2023-12-22,present,0
5236,524,2024-05-10,present,0
5237,524,2024-01-22,present,0
5238,524,2024-05-06,present,0
5239,524,2024-02-23,present,0
5240,524,2024-01-08,present,0
5241,525,2023-10-25,present,0
5242,525,2024-05-16,present,0
5243,525,2024-02-12,present,0
5244,525,2024-01-04,present,0
5245,525,2024-02-26,present,0
5246,525,2023-09-25,present,0
5247,525,2024-05-02,present,0
5248,525,2024-03-14,present,0
5249,525,2023-11-24,present,0
5250,525,2024-06-03,absent,0
5251,526,2023-05-01,present,0
5252,526,2022-11-14,late,23
5253,526,2022-10-18,present,0
5254,526,2022-11-11,present,0
5255,526,2022-10-10,present,0
5256,526,2023-01-30,absent,0
5257,526,2023-01-04,absent,0
5258,526,2023-03-03,present,0
5259,526,2023-03-17,present,0
5260,526,2022-11-14,present,0
5261,527,2023-05-23,present,0
5262,527,2023-04-24,late,28
5263,527,2022-10-07,present,0
5264,527,2023-02-09,present,0
5265,527,2022-12-27,present,0
5266,527,2023-05-29,present,0
5267,527,2023-04-17,excused,0
5268,527,2023-01-11,present,0
5269,527,2022-10-06,present,0
5270,527,2022-11-14,present,0
5271,528,2024-11-11,absent,0
5272,528,2025-01-20,present,0
5273,528,2024-10-09,present,0
5274,528,2025-04-15,present,0
5275,528,2025-01-20,present,0
5276,528,2025-03-24,present,0
5277,528,2025-04-28,present,0
5278,528,2025-04-21,present,0
5279,528,2024-12-12,present,0
5280,528,2025-02-05,present,0
5281,529,2025-05-14,present,0
5282,529,2024-10-10,present,0
5283,529,2024-09-09,present,0
5284,529,2024-10-14,present,0
5285,529,2024-10-28,present,0
5286,529,2024-09-17,present,0
5287,529,2025-02-20,present,0
5288,529,2024-11-11,present,0
5289,529,2025-06-18,present,0
5290,529,2025-05-01,present,0
5291,530,2025-05-08,present,0
5292,530,2025-05-26,late,5
5293,530,2025-01-07,present,0
5294,530,2025-04-17,present,0
5295,530,2024-11-18,present,0
5296,530,2025-05-23,present,0
5297,530,2024-12-11,late,16
5298,530,2025-06-10,present,0
5299,530,2024-11-11,present,0
5300,530,2025-03-26,absent,0
5301,531,2024-12-23,present,0
5302,531,2025-04-28,present,0
5303,531,2024-09-19,present,0
5304,531,2024-11-04,late,26
5305,531,2025-06-20,late,12
5306,531,2025-03-06,present,0
5307,531,2025-04-15,excused,0
5308,531,2024-09-23,present,0
5309,531,2025-02-11,present,0
5310,531,2025-06-09,present,0
5311,532,2024-03-13,present,0
5312,532,2023-11-17,present,0
5313,532,2024-03-18,present,0
5314,532,2023-11-29,excused,0
5315,532,2023-12-15,present,0
5316,532,2024-03-26,present,0
5317,532,2024-02-29,present,0
5318,532,2024-05-29,present,0
5319,532,2024-02-29,present,0
5320,532,2023-11-27,late,34
5321,533,2023-06-05,present,0
5322,533,2023-02-27,present,0
5323,533,2023-01-27,present,0
5324,533,2023-01-09,present,0
5325,533,2023-02-20,absent,0
5326,533,2023-03-06,present,0
5327,533,2023-03-02,absent,0
5328,533,2023-06-19,excused,0
5329,533,2023-03-24,absent,0
5330,533,2023-01-30,present,0
5331,534,2023-02-03,present,0
5332,534,2022-11-23,present,0
5333,534,2023-03-27,late,6
5334,534,2023-06-05,present,0
5335,534,2022-09-13,absent,0
5336,534,2023-04-24,present,0
5337,534,2022-10-26,excused,0
5338,534,2022-09-12,present,0
5339,534,2022-10-24,absent,0
5340,534,2023-03-27,absent,0
5341,535,2025-02-14,excused,0
5342,535,2025-01-08,present,0
5343,535,2025-03-25,late,9
5344,535,2024-10-14,present,0
5345,535,2024-12-16,absent,0
5346,535,2025-02-17,absent,0
5347,535,2024-12-13,present,0
5348,535,2024-09-11,present,0
5349,535,2025-02-27,present,0
5350,535,2024-12-06,present,0
5351,536,2024-03-04,present,0
5352,536,2024-04-18,absent,0
5353,536,2024-02-15,absent,0
5354,536,2024-05-07,present,0
5355,536,2023-11-21,present,0
5356,536,2023-12-04,present,0
5357,536,2023-11-09,present,0
5358,536,2024-01-12,present,0
5359,536,2024-03-11,excused,0
5360,536,2023-10-09,present,0
5361,537,2025-05-19,present,0
5362,537,2024-12-30,present,0
5363,537,2025-06-02,absent,0
5364,537,2024-12-31,present,0
5365,537,2025-03-31,present,0
5366,537,2024-09-30,present,0
5367,537,2025-03-12,present,0
5368,537,2024-12-27,present,0
5369,537,2025-03-25,present,0
5370,537,2025-05-20,present,0
5371,538,2024-02-14,present,0
5372,538,2024-03-11,present,0
5373,538,2023-10-23,present,0
5374,538,2024-04-15,present,0
5375,538,2024-06-12,present,0
5376,538,2024-05-01,present,0
5377,538,2024-04-05,absent,0
5378,538,2024-01-09,present,0
5379,538,2024-01-17,late,28
5380,538,2024-01-16,present,0
5381,539,2022-11-28,present,0
5382,539,2022-10-07,present,0
5383,539,2023-03-20,present,0
5384,539,2023-06-08,present,0
5385,539,2022-11-15,present,0
5386,539,2022-12-19,present,0
5387,539,2022-10-28,present,0
5388,539,2023-01-04,present,0
5389,539,2022-10-31,present,0
5390,539,2023-06-05,present,0
5391,540,2023-03-03,present,0
5392,540,2023-03-02,present,0
5393,540,2023-05-22,late,23
5394,540,2023-01-23,present,0
5395,540,2022-12-19,present,0
5396,540,2022-11-28,present,0
5397,540,2022-09-30,present,0
5398,540,2022-12-28,present,0
5399,540,2022-09-22,present,0
5400,540,2023-04-17,present,0
5401,541,2023-03-01,present,0
5402,541,2023-04-19,present,0
5403,541,2023-02-13,present,0
5404,541,2023-05-08,present,0
5405,541,2023-01-13,present,0
5406,541,2022-12-05,present,0
5407,541,2022-10-06,present,0
5408,541,2023-03-24,present,0
5409,541,2023-05-03,present,0
5410,541,2023-03-20,present,0
5411,542,2023-11-06,present,0
5412,542,2024-03-26,present,0
5413,542,2023-09-18,present,0
5414,542,2024-02-05,present,0
5415,542,2024-03-18,present,0
5416,542,2024-04-01,present,0
5417,542,2023-09-11,present,0
5418,542,2024-03-25,present,0
5419,542,2023-11-24,present,0
5420,542,2023-09-28,present,0
5421,543,2024-06-03,present,0
5422,543,2024-02-23,present,0
5423,543,2023-11-02,present,0
5424,543,2024-05-27,present,0
5425,543,2023-10-11,present,0
5426,543,2023-11-20,present,0
5427,543,2023-11-08,present,0
5428,543,2024-04-17,present,0
5429,543,2024-04-15,present,0
5430,543,2023-12-08,present,0
5431,544,2023-01-02,present,0
5432,544,2022-09-22,present,0
5433,544,2023-06-05,present,0
5434,544,2022-11-25,present,0
5435,544,2023-01-31,present,0
5436,544,2022-11-18,present,0
5437,544,2022-10-06,present,0
5438,544,2023-02-06,present,0
5439,544,2023-04-24,present,0
5440,544,2022-11-29,present,0
5441,545,2022-10-18,absent,0
5442,545,2022-10-03,present,0
5443,545,2023-01-23,present,0
5444,545,2023-01-06,present,0
5445,545,2023-05-03,present,0
5446,545,2023-03-31,present,0
5447,545,2022-09-26,absent,0
5448,545,2023-02-27,present,0
5449,545,2023-02-13,present,0
5450,545,2023-06-08,excused,0
5451,546,2024-03-04,present,0
5452,546,2023-10-10,present,0
5453,546,2024-01-19,present,0
5454,546,2023-12-13,present,0
5455,546,2024-03-06,present,0
5456,546,2023-10-02,present,0
5457,546,2023-10-25,present,0
5458,546,2024-04-15,present,0
5459,546,2024-03-22,present,0
5460,546,2024-05-15,present,0
5461,547,2023-10-24,present,0
5462,547,2024-06-17,present,0
5463,547,2024-04-22,present,0
5464,547,2024-01-04,present,0
5465,547,2023-09-20,present,0
5466,547,2023-12-19,present,0
5467,547,2024-05-14,present,0
5468,547,2024-03-11,present,0
5469,547,2023-12-07,present,0
5470,547,2023-10-09,absent,0
5471,548,2024-05-06,absent,0
5472,548,2023-12-19,present,0
5473,548,2023-10-23,present,0
5474,548,2024-04-22,present,0
5475,548,2023-10-23,present,0
5476,548,2024-06-19,present,0
5477,548,2023-10-30,present,0
5478,548,2024-05-21,present,0
5479,548,2024-06-17,present,0
5480,548,2024-01-04,present,0
5481,549,2024-10-03,present,0
5482,549,2024-09-09,late,28
5483,549,2025-03-21,present,0
5484,549,2024-12-16,present,0
5485,549,2024-12-26,present,0
5486,549,2024-09-09,absent,0
5487,549,2025-03-31,present,0
5488,549,2024-10-11,present,0
5489,549,2025-05-29,present,0
5490,549,2025-02-19,present,0
5491,550,2022-11-28,present,0
5492,550,2022-12-09,late,29
5493,550,2022-12-12,present,0
5494,550,2022-11-02,present,0
5495,550,2023-03-15,present,0
5496,550,2022-09-26,present,0
5497,550,2022-11-04,present,0
5498,550,2022-09-15,present,0
5499,550,2023-05-04,present,0
5500,550,2022-10-17,present,0
5501,551,2024-01-02,present,0
5502,551,2024-02-26,present,0
5503,551,2024-05-06,present,0
5504,551,2024-04-22,late,33
5505,551,2024-04-29,present,0
5506,551,2024-05-14,present,0
5507,551,2023-09-11,present,0
5508,551,2023-11-06,present,0
5509,551,2024-04-29,present,0
5510,551,2024-03-14,present,0
5511,552,2024-01-24,present,0
5512,552,2024-03-11,present,0
5513,552,2024-06-11,present,0
5514,552,2024-05-30,present,0
5515,552,2023-10-10,present,0
5516,552,2023-09-11,present,0
5517,552,2024-01-15,present,0
5518,552,2024-04-08,present,0
5519,552,2023-09-15,present,0
5520,552,2023-11-21,present,0
5521,553,2025-01-30,present,0
5522,553,2025-02-06,late,24
5523,553,2025-03-27,late,5
5524,553,2025-05-28,present,0
5525,553,2025-06-02,absent,0
5526,553,2025-02-20,present,0
5527,553,2025-03-13,present,0
5528,553,2024-10-17,present,0
5529,553,2025-02-05,absent,0
5530,553,2025-05-29,present,0
5531,554,2023-04-11,present,0
5532,554,2022-12-26,present,0
5533,554,2022-09-23,present,0
5534,554,2022-12-19,present,0
5535,554,2022-12-05,present,0
5536,554,2022-12-07,present,0
5537,554,2022-11-14,present,0
5538,554,2023-02-02,present,0
5539,554,2023-03-08,late,33
5540,554,2023-02-16,present,0
5541,555,2025-04-21,present,0
5542,555,2024-12-16,present,0
5543,555,2024-11-19,present,0
5544,555,2025-04-15,present,0
5545,555,2025-02-24,late,21
5546,555,2024-12-09,present,0
5547,555,2025-02-25,present,0
5548,555,2024-12-31,present,0
5549,555,2024-09-16,present,0
5550,555,2025-04-07,present,0
5551,556,2025-02-14,present,0
5552,556,2025-01-06,present,0
5553,556,2025-06-09,present,0
5554,556,2024-10-10,present,0
5555,556,2025-06-03,present,0
5556,556,2024-09-27,present,0
5557,556,2025-03-25,present,0
5558,556,2024-11-04,present,0
5559,556,2024-10-23,present,0
5560,556,2025-02-25,present,0
5561,557,2025-02-25,present,0
5562,557,2024-12-03,absent,0
5563,557,2024-11-11,present,0
5564,557,2024-11-27,present,0
5565,557,2025-03-17,absent,0
5566,557,2025-04-07,present,0
5567,557,2025-01-16,absent,0
5568,557,2025-01-06,present,0
5569,557,2024-10-14,present,0
5570,557,2024-11-25,present,0
5571,558,2022-11-07,present,0
5572,558,2023-02-13,late,16
5573,558,2023-05-30,present,0
5574,558,2022-09-14,present,0
5575,558,2022-10-03,present,0
5576,558,2023-03-14,absent,0
5577,558,2023-01-10,late,13
5578,558,2022-11-21,present,0
5579,558,2022-12-06,present,0
5580,558,2023-04-03,excused,0
5581,559,2022-10-21,absent,0
5582,559,2022-12-05,present,0
5583,559,2022-11-17,absent,0
5584,559,2023-06-19,present,0
5585,559,2023-05-22,present,0
5586,559,2022-12-14,present,0
5587,559,2022-10-24,present,0
5588,559,2023-04-25,present,0
5589,559,2022-10-24,present,0
5590,559,2023-05-08,present,0
5591,560,2024-01-26,present,0
5592,560,2024-05-27,present,0
5593,560,2024-05-22,present,0
5594,560,2024-01-08,absent,0
5595,560,2023-12-19,excused,0
5596,560,2023-10-02,present,0
5597,560,2024-01-04,present,0
5598,560,2023-09-11,present,0
5599,560,2023-12-07,present,0
5600,560,2024-01-15,present,0
5601,561,2025-06-04,present,0
5602,561,2024-12-31,present,0
5603,561,2025-02-24,present,0
5604,561,2024-09-30,present,0
5605,561,2024-10-10,present,0
5606,561,2024-11-12,present,0
5607,561,2025-02-11,present,0
5608,561,2024-10-14,present,0
5609,561,2024-12-16,present,0
5610,561,2024-11-11,present,0
5611,562,2024-09-23,present,0
5612,562,2024-11-15,present,0
5613,562,2025-01-27,present,0
5614,562,2025-03-26,present,0
5615,562,2024-11-28,present,0
5616,562,2024-11-20,absent,0
5617,562,2025-02-24,present,0
5618,562,2025-06-13,present,0
5619,562,2025-03-06,present,0
5620,562,2024-12-30,present,0
5621,563,2023-03-06,present,0
5622,563,2023-04-10,present,0
5623,563,2022-12-20,present,0
5624,563,2022-12-28,present,0
5625,563,2023-01-16,present,0
5626,563,2023-05-16,present,0
5627,563,2022-10-03,present,0
5628,563,2023-03-20,present,0
5629,563,2023-01-10,present,0
5630,563,2022-09-16,present,0
5631,564,2024-04-25,present,0
5632,564,2023-12-04,present,0
5633,564,2024-05-13,present,0
5634,564,2024-06-04,present,0
5635,564,2024-04-15,present,0
5636,564,2024-01-23,present,0
5637,564,2023-10-27,present,0
5638,564,2024-02-06,present,0
5639,564,2024-04-25,present,0
5640,564,2024-01-12,present,0
5641,565,2025-05-05,present,0
5642,565,2025-05-15,present,0
5643,565,2025-02-03,present,0
5644,565,2025-04-07,present,0
5645,565,2025-01-08,present,0
5646,565,2025-01-13,present,0
5647,565,2024-09-27,present,0
5648,565,2025-05-27,excused,0
5649,565,2024-09-10,late,26
5650,565,2024-11-01,present,0
5651,566,2023-09-20,present,0
5652,566,2024-05-10,present,0
5653,566,2024-03-06,excused,0
5654,566,2024-04-29,present,0
5655,566,2023-12-04,present,0
5656,566,2023-12-05,present,0
5657,566,2024-04-04,present,0
5658,566,2024-05-29,present,0
5659,566,2023-10-02,present,0
5660,566,2023-09-11,present,0
5661,567,2023-01-23,present,0
5662,567,2022-10-24,present,0
5663,567,2022-09-19,present,0
5664,567,2023-06-07,present,0
5665,567,2022-12-15,present,0
5666,567,2023-04-20,present,0
5667,567,2022-11-22,present,0
5668,567,2023-05-29,present,0
5669,567,2023-04-14,present,0
5670,567,2022-10-28,present,0
5671,568,2023-09-18,present,0
5672,568,2024-02-05,present,0
5673,568,2024-05-01,present,0
5674,568,2023-11-10,present,0
5675,568,2024-02-06,late,24
5676,568,2024-01-18,present,0
5677,568,2024-05-21,present,0
5678,568,2024-04-01,present,0
5679,568,2024-01-01,present,0
5680,568,2023-10-04,present,0
5681,569,2023-12-25,present,0
5682,569,2024-05-17,present,0
5683,569,2024-01-22,present,0
5684,569,2024-04-15,late,29
5685,569,2024-02-05,present,0
5686,569,2023-12-14,present,0
5687,569,2024-04-16,present,0
5688,569,2023-12-25,present,0
5689,569,2023-09-19,present,0
5690,569,2023-10-09,present,0
5691,570,2024-10-07,present,0
5692,570,2024-11-06,present,0
5693,570,2025-06-05,present,0
5694,570,2025-02-17,late,8
5695,570,2025-06-20,present,0
5696,570,2025-04-09,present,0
5697,570,2025-04-14,present,0
5698,570,2024-12-27,present,0
5699,570,2025-03-24,present,0
5700,570,2024-11-21,present,0
5701,571,2022-09-26,present,0
5702,571,2022-11-01,present,0
5703,571,2022-10-10,present,0
5704,571,2022-10-18,present,0
5705,571,2022-10-17,present,0
5706,571,2023-06-16,present,0
5707,571,2023-01-17,present,0
5708,571,2023-04-24,present,0
5709,571,2023-06-12,present,0
5710,571,2023-02-06,present,0
5711,572,2024-09-26,present,0
5712,572,2025-06-05,present,0
5713,572,2024-12-05,present,0
5714,572,2025-06-12,present,0
5715,572,2025-06-02,present,0
5716,572,2024-12-02,late,32
5717,572,2024-12-27,late,11
5718,572,2024-11-25,present,0
5719,572,2025-04-22,present,0
5720,572,2024-10-23,present,0
5721,573,2025-01-14,present,0
5722,573,2025-06-09,present,0
5723,573,2024-10-31,present,0
5724,573,2024-12-26,present,0
5725,573,2024-12-23,late,7
5726,573,2025-01-14,present,0
5727,573,2024-12-26,present,0
5728,573,2025-05-14,present,0
5729,573,2025-06-11,present,0
5730,573,2025-03-06,present,0
5731,574,2025-02-19,present,0
5732,574,2025-02-14,present,0
5733,574,2024-09-27,present,0
5734,574,2025-03-17,present,0
5735,574,2025-02-13,present,0
5736,574,2025-04-24,present,0
5737,574,2024-12-23,present,0
5738,574,2025-01-16,present,0
5739,574,2025-06-06,present,0
5740,574,2025-02-24,present,0
5741,575,2024-05-09,present,0
5742,575,2023-10-11,present,0
5743,575,2023-09-18,present,0
5744,575,2023-10-05,present,0
5745,575,2024-02-23,present,0
5746,575,2024-06-05,present,0
5747,575,2024-05-28,present,0
5748,575,2024-04-01,present,0
5749,575,2023-09-18,late,33
5750,575,2023-12-11,late,33
5751,576,2023-05-29,present,0
5752,576,2023-05-29,present,0
5753,576,2023-05-09,present,0
5754,576,2022-12-26,present,0
5755,576,2023-01-11,present,0
5756,576,2022-10-14,present,0
5757,576,2023-05-17,present,0
5758,576,2022-11-21,present,0
5759,576,2023-01-27,present,0
5760,576,2022-10-24,present,0
5761,577,2023-09-11,present,0
5762,577,2024-02-06,present,0
5763,577,2023-09-13,present,0
5764,577,2024-05-28,present,0
5765,577,2024-01-15,present,0
5766,577,2024-04-02,present,0
5767,577,2023-11-06,present,0
5768,577,2024-05-28,present,0
5769,577,2024-03-04,present,0
5770,577,2024-05-20,present,0
5771,578,2024-02-12,present,0
5772,578,2024-05-13,present,0
5773,578,2023-09-28,present,0
5774,578,2024-06-03,present,0
5775,578,2024-02-19,late,31
5776,578,2024-03-20,present,0
5777,578,2024-03-01,present,0
5778,578,2023-10-16,present,0
5779,578,2024-03-20,present,0
5780,578,2023-11-06,present,0
5781,579,2025-03-07,present,0
5782,579,2025-04-29,late,33
5783,579,2025-01-13,present,0
5784,579,2025-03-04,present,0
5785,579,2025-05-13,present,0
5786,579,2024-12-05,present,0
5787,579,2024-09-30,excused,0
5788,579,2025-05-19,present,0
5789,579,2025-04-25,absent,0
5790,579,2024-09-30,present,0
5791,580,2022-11-02,present,0
5792,580,2022-12-26,present,0
5793,580,2023-04-24,present,0
5794,580,2023-06-19,present,0
5795,580,2022-10-12,present,0
5796,580,2023-04-24,present,0
5797,580,2022-11-25,late,13
5798,580,2023-05-04,present,0
5799,580,2023-04-12,present,0
5800,580,2022-11-29,present,0
5801,581,2025-03-03,present,0
5802,581,2025-06-06,present,0
5803,581,2025-05-21,present,0
5804,581,2024-11-18,present,0
5805,581,2024-11-12,present,0
5806,581,2024-12-19,present,0
5807,581,2024-11-04,present,0
5808,581,2024-12-19,present,0
5809,581,2025-05-12,present,0
5810,581,2025-03-10,present,0
5811,582,2025-03-03,present,0
5812,582,2025-02-07,present,0
5813,582,2024-09-23,present,0
5814,582,2024-09-16,present,0
5815,582,2025-02-03,absent,0
5816,582,2025-06-18,late,23
5817,582,2025-06-19,present,0
5818,582,2025-06-13,present,0
5819,582,2024-12-09,present,0
5820,582,2025-02-03,excused,0
5821,583,2025-06-09,present,0
5822,583,2025-04-07,present,0
5823,583,2025-04-21,present,0
5824,583,2025-03-06,present,0
5825,583,2024-10-14,present,0
5826,583,2025-02-24,present,0
5827,583,2024-10-02,present,0
5828,583,2025-02-05,present,0
5829,583,2024-12-30,present,0
5830,583,2024-09-24,present,0
5831,584,2024-02-07,present,0
5832,584,2024-02-13,excused,0
5833,584,2023-11-20,absent,0
5834,584,2024-02-12,present,0
5835,584,2023-10-04,late,11
5836,584,2024-06-04,absent,0
5837,584,2024-04-09,present,0
5838,584,2024-05-21,present,0
5839,584,2024-05-27,present,0
5840,584,2024-04-23,present,0
5841,585,2023-12-27,present,0
5842,585,2024-01-31,present,0
5843,585,2023-12-07,present,0
5844,585,2024-05-09,present,0
5845,585,2024-02-08,present,0
5846,585,2024-05-13,present,0
5847,585,2023-09-28,present,0
5848,585,2024-04-22,present,0
5849,585,2024-04-23,excused,0
5850,585,2024-03-01,present,0
5851,586,2023-03-24,present,0
5852,586,2022-09-09,present,0
5853,586,2022-11-21,present,0
5854,586,2023-01-23,present,0
5855,586,2023-06-19,present,0
5856,586,2022-10-17,present,0
5857,586,2023-02-21,present,0
5858,586,2022-11-30,present,0
5859,586,2022-12-05,present,0
5860,586,2023-04-17,absent,0
5861,587,2023-06-15,present,0
5862,587,2022-12-01,absent,0
5863,587,2023-02-06,present,0
5864,587,2023-04-06,present,0
5865,587,2023-03-17,present,0
5866,587,2022-12-05,present,0
5867,587,2023-05-17,present,0
5868,587,2023-03-07,present,0
5869,587,2023-05-31,present,0
5870,587,2023-03-27,present,0
5871,588,2022-12-26,excused,0
5872,588,2023-06-19,present,0
5873,588,2022-11-14,present,0
5874,588,2022-10-31,present,0
5875,588,2022-12-02,late,10
5876,588,2023-03-27,present,0
5877,588,2023-01-13,present,0
5878,588,2023-02-20,present,0
5879,588,2023-02-15,present,0
5880,588,2023-06-05,present,0
5881,589,2024-09-23,present,0
5882,589,2024-11-05,present,0
5883,589,2025-02-21,absent,0
5884,589,2024-11-11,present,0
5885,589,2025-01-28,late,24
5886,589,2024-10-28,present,0
5887,589,2025-03-05,late,31
5888,589,2024-11-25,present,0
5889,589,2024-10-21,present,0
5890,589,2024-11-08,present,0
5891,590,2023-10-30,present,0
5892,590,2023-11-27,present,0
5893,590,2024-01-03,present,0
5894,590,2024-05-07,late,13
5895,590,2024-05-13,present,0
5896,590,2023-10-24,present,0
5897,590,2024-05-06,present,0
5898,590,2023-09-18,present,0
5899,590,2024-04-15,present,0
5900,590,2023-12-28,present,0
5901,591,2024-09-23,present,0
5902,591,2025-01-27,present,0
5903,591,2024-10-04,present,0
5904,591,2024-10-14,present,0
5905,591,2025-03-12,present,0
5906,591,2025-03-12,present,0
5907,591,2025-04-14,present,0
5908,591,2025-03-10,present,0
5909,591,2025-06-16,present,0
5910,591,2025-05-13,present,0
5911,592,2025-02-28,present,0
5912,592,2024-11-13,present,0
5913,592,2024-12-30,present,0
5914,592,2025-03-24,present,0
5915,592,2025-03-17,present,0
5916,592,2025-02-03,present,0
5917,592,2025-05-09,present,0
5918,592,2025-02-12,present,0
5919,592,2025-01-24,present,0
5920,592,2025-06-09,present,0
5921,593,2023-03-13,present,0
5922,593,2023-04-05,present,0
5923,593,2023-03-09,present,0
5924,593,2022-09-21,present,0
5925,593,2022-10-03,present,0
5926,593,2022-12-12,absent,0
5927,593,2022-11-28,present,0
5928,593,2023-05-19,present,0
5929,593,2023-02-03,present,0
5930,593,2022-10-27,present,0
5931,594,2022-11-24,present,0
5932,594,2023-01-27,present,0
5933,594,2023-02-27,present,0
5934,594,2023-05-26,present,0
5935,594,2022-10-10,present,0
5936,594,2023-02-06,present,0
5937,594,2023-01-19,present,0
5938,594,2022-10-24,present,0
5939,594,2023-06-06,present,0
5940,594,2023-05-15,late,31
5941,595,2023-04-04,present,0
5942,595,2022-10-31,present,0
5943,595,2023-01-30,present,0
5944,595,2022-10-04,present,0
5945,595,2023-01-16,present,0
5946,595,2022-12-02,present,0
5947,595,2022-12-22,present,0
5948,595,2023-05-15,present,0
5949,595,2022-11-11,present,0
5950,595,2022-12-12,present,0
5951,596,2023-11-06,present,0
5952,596,2023-11-16,present,0
5953,596,2024-05-06,late,26
5954,596,2023-11-08,present,0
5955,596,2023-10-25,present,0
5956,596,2024-01-01,present,0
5957,596,2024-01-01,present,0
5958,596,2024-03-25,present,0
5959,596,2024-05-21,late,26
5960,596,2023-11-01,present,0
5961,597,2022-12-15,present,0
5962,597,2023-05-03,present,0
5963,597,2023-02-03,present,0
5964,597,2023-06-12,late,33
5965,597,2022-12-01,present,0
5966,597,2022-12-05,present,0
5967,597,2022-10-11,present,0
5968,597,2023-04-26,present,0
5969,597,2023-02-13,present,0
5970,597,2023-01-31,present,0
5971,598,2022-10-10,present,0
5972,598,2023-04-19,present,0
5973,598,2022-11-29,present,0
5974,598,2022-09-29,present,0
5975,598,2022-12-29,present,0
5976,598,2023-01-23,present,0
5977,598,2023-02-21,present,0
5978,598,2023-03-27,present,0
5979,598,2022-10-18,present,0
5980,598,2022-11-14,present,0
5981,599,2024-11-11,present,0
5982,599,2024-10-10,present,0
5983,599,2024-11-18,present,0
5984,599,2025-05-12,present,0
5985,599,2024-10-14,present,0
5986,599,2024-12-23,present,0
5987,599,2025-02-04,present,0
5988,599,2025-06-09,present,0
5989,599,2025-01-09,late,14
5990,599,2025-06-12,present,0
5991,600,2024-01-12,present,0
5992,600,2024-04-01,present,0
5993,600,2024-03-04,present,0
5994,600,2024-01-15,present,0
5995,600,2024-03-18,present,0
5996,600,2024-02-26,present,0
5997,600,2024-02-26,present,0
5998,600,2024-05-06,present,0
5999,600,2023-10-19,present,0
6000,600,2023-11-06,present,0
6001,601,2025-02-11,present,0
6002,601,2025-06-02,present,0
6003,601,2025-04-15,excused,0
6004,601,2025-02-11,present,0
6005,601,2024-09-18,excused,0
6006,601,2025-05-26,present,0
6007,601,2024-09-25,present,0
6008,601,2025-06-20,present,0
6009,601,2024-12-02,present,0
6010,601,2025-01-17,present,0
6011,602,2023-02-23,present,0
6012,602,2023-01-30,present,0
6013,602,2023-03-09,present,0
6014,602,2022-12-15,excused,0
6015,602,2023-03-02,present,0
6016,602,2022-12-26,present,0
6017,602,2023-03-27,present,0
6018,602,2023-06-12,present,0
6019,602,2023-01-09,present,0
6020,602,2022-09-12,present,0
6021,603,2023-04-20,present,0
6022,603,2022-10-10,late,13
6023,603,2023-04-25,present,0
6024,603,2022-11-18,present,0
6025,603,2023-05-22,present,0
6026,603,2023-02-09,absent,0
6027,603,2023-03-13,present,0
6028,603,2023-03-24,present,0
6029,603,2023-01-27,present,0
6030,603,2022-10-24,present,0
6031,604,2025-05-23,present,0
6032,604,2024-12-16,present,0
6033,604,2025-02-17,absent,0
6034,604,2025-05-19,present,0
6035,604,2025-02-13,present,0
6036,604,2025-04-01,late,6
6037,604,2024-11-14,present,0
6038,604,2025-02-05,present,0
6039,604,2024-11-01,present,0
6040,604,2024-10-17,present,0
6041,605,2022-11-09,present,0
6042,605,2022-12-23,present,0
6043,605,2022-11-10,present,0
6044,605,2023-03-13,present,0
6045,605,2022-10-05,present,0
6046,605,2023-03-16,present,0
6047,605,2022-11-14,present,0
6048,605,2023-03-07,present,0
6049,605,2023-01-09,present,0
6050,605,2022-10-07,present,0
6051,606,2023-12-26,present,0
6052,606,2023-10-30,present,0
6053,606,2024-03-06,present,0
6054,606,2024-04-26,present,0
6055,606,2023-10-06,present,0
6056,606,2024-01-02,present,0
6057,606,2024-01-19,present,0
6058,606,2024-06-11,late,13
6059,606,2024-02-06,present,0
6060,606,2023-11-17,present,0
6061,607,2023-06-16,present,0
6062,607,2022-12-12,present,0
6063,607,2023-03-21,present,0
6064,607,2023-05-17,present,0
6065,607,2023-03-30,present,0
6066,607,2023-02-13,present,0
6067,607,2022-10-31,present,0
6068,607,2022-09-30,present,0
6069,607,2023-05-31,present,0
6070,607,2023-06-01,present,0
6071,608,2024-12-20,present,0
6072,608,2025-03-10,present,0
6073,608,2025-01-31,present,0
6074,608,2024-11-21,present,0
6075,608,2025-05-15,present,0
6076,608,2024-09-10,present,0
6077,608,2025-04-15,present,0
6078,608,2025-03-05,present,0
6079,608,2025-01-15,present,0
6080,608,2025-02-03,present,0
6081,609,2023-04-03,present,0
6082,609,2022-10-18,present,0
6083,609,2023-05-01,present,0
6084,609,2022-11-07,present,0
6085,609,2023-03-13,present,0
6086,609,2023-05-15,present,0
6087,609,2022-10-03,present,0
6088,609,2022-12-19,present,0
6089,609,2023-06-06,present,0
6090,609,2022-11-29,present,0
6091,610,2022-10-06,present,0
6092,610,2023-05-22,present,0
6093,610,2022-11-22,present,0
6094,610,2023-03-17,present,0
6095,610,2023-06-12,present,0
6096,610,2023-04-03,present,0
6097,610,2023-04-24,present,0
6098,610,2023-01-30,present,0
6099,610,2022-12-12,present,0
6100,610,2023-04-21,present,0
6101,611,2022-11-07,present,0
6102,611,2022-11-25,present,0
6103,611,2023-03-13,present,0
6104,611,2022-09-20,present,0
6105,611,2023-04-24,absent,0
6106,611,2023-05-04,present,0
6107,611,2022-11-14,present,0
6108,611,2023-06-13,absent,0
6109,611,2023-01-27,present,0
6110,611,2022-09-12,excused,0
6111,612,2022-10-25,present,0
6112,612,2023-02-06,present,0
6113,612,2023-06-05,present,0
6114,612,2023-02-09,present,0
6115,612,2023-03-14,present,0
6116,612,2023-02-14,present,0
6117,612,2023-04-14,present,0
6118,612,2023-06-05,present,0
6119,612,2023-04-13,present,0
6120,612,2022-12-19,present,0
6121,613,2025-03-28,present,0
6122,613,2025-05-19,present,0
6123,613,2025-02-03,present,0
6124,613,2024-12-25,present,0
6125,613,2024-09-26,present,0
6126,613,2024-12-04,excused,0
6127,613,2025-04-09,present,0
6128,613,2025-04-24,late,23
6129,613,2024-12-30,present,0
6130,613,2025-05-26,present,0
6131,614,2023-09-11,late,17
6132,614,2023-12-18,present,0
6133,614,2024-03-20,present,0
6134,614,2023-09-20,present,0
6135,614,2024-06-17,present,0
6136,614,2023-09-11,present,0
6137,614,2024-04-01,late,14
6138,614,2023-09-28,present,0
6139,614,2024-04-29,present,0
6140,614,2023-10-23,present,0
6141,615,2023-06-06,present,0
6142,615,2022-12-01,present,0
6143,615,2022-10-03,late,34
6144,615,2022-09-15,present,0
6145,615,2023-01-25,present,0
6146,615,2023-05-25,late,33
6147,615,2023-01-03,present,0
6148,615,2023-02-16,present,0
6149,615,2023-05-11,present,0
6150,615,2023-03-13,present,0
6151,616,2024-10-28,present,0
6152,616,2025-02-21,late,35
6153,616,2025-03-17,present,0
6154,616,2025-02-26,present,0
6155,616,2025-04-22,present,0
6156,616,2025-03-18,present,0
6157,616,2025-01-23,present,0
6158,616,2025-06-09,present,0
6159,616,2025-01-22,present,0
6160,616,2024-10-23,present,0
6161,617,2022-10-04,present,0
6162,617,2023-06-13,present,0
6163,617,2022-09-28,present,0
6164,617,2023-01-16,present,0
6165,617,2023-04-12,present,0
6166,617,2023-05-26,present,0
6167,617,2022-11-15,present,0
6168,617,2023-01-31,present,0
6169,617,2023-04-17,present,0
6170,617,2023-03-01,present,0
6171,618,2024-05-06,present,0
6172,618,2024-02-15,present,0
6173,618,2024-05-20,present,0
6174,618,2024-03-25,present,0
6175,618,2024-01-08,present,0
6176,618,2023-11-15,present,0
6177,618,2023-11-23,present,0
6178,618,2023-12-18,present,0
6179,618,2024-01-01,present,0
6180,618,2024-02-29,present,0
6181,619,2025-04-21,present,0
6182,619,2025-01-07,present,0
6183,619,2025-04-04,present,0
6184,619,2025-02-17,present,0
6185,619,2024-10-28,present,0
6186,619,2025-02-19,present,0
6187,619,2024-11-22,present,0
6188,619,2024-11-22,present,0
6189,619,2025-02-06,present,0
6190,619,2025-06-09,present,0
6191,620,2023-03-16,present,0
6192,620,2023-06-12,present,0
6193,620,2023-05-10,present,0
6194,620,2023-05-15,present,0
6195,620,2023-02-08,present,0
6196,620,2023-02-21,present,0
6197,620,2023-01-09,present,0
6198,620,2023-02-14,present,0
6199,620,2022-10-21,present,0
6200,620,2023-01-23,present,0
6201,621,2023-01-02,present,0
6202,621,2022-11-18,present,0
6203,621,2022-10-24,present,0
6204,621,2023-01-02,present,0
6205,621,2022-11-17,present,0
6206,621,2023-02-06,present,0
6207,621,2023-01-20,present,0
6208,621,2023-03-02,present,0
6209,621,2022-12-28,present,0
6210,621,2022-12-13,excused,0
6211,622,2023-03-22,present,0
6212,622,2023-02-27,present,0
6213,622,2023-06-16,present,0
6214,622,2023-01-09,present,0
6215,622,2023-03-21,present,0
6216,622,2023-05-26,late,25
6217,622,2022-10-21,late,30
6218,622,2023-02-09,present,0
6219,622,2022-09-20,present,0
6220,622,2023-05-04,present,0
6221,623,2022-12-22,present,0
6222,623,2022-11-18,present,0
6223,623,2023-03-13,present,0
6224,623,2022-09-09,present,0
6225,623,2023-01-30,present,0
6226,623,2023-05-12,present,0
6227,623,2022-11-21,present,0
6228,623,2023-03-06,absent,0
6229,623,2023-06-13,present,0
6230,623,2023-01-16,present,0
6231,624,2024-03-13,present,0
6232,624,2024-02-05,present,0
6233,624,2024-01-05,present,0
6234,624,2024-01-08,present,0
6235,624,2024-05-17,present,0
6236,624,2024-02-12,present,0
6237,624,2023-10-30,present,0
6238,624,2024-05-27,present,0
6239,624,2024-06-04,present,0
6240,624,2024-02-12,present,0
6241,625,2023-03-23,present,0
6242,625,2023-05-18,present,0
6243,625,2023-03-06,present,0
6244,625,2023-02-15,present,0
6245,625,2023-01-17,present,0
6246,625,2023-01-30,present,0
6247,625,2022-12-13,present,0
6248,625,2022-12-14,present,0
6249,625,2022-09-16,present,0
6250,625,2023-03-21,present,0
6251,626,2023-01-25,present,0
6252,626,2022-10-27,present,0
6253,626,2022-11-08,present,0
6254,626,2023-04-03,present,0
6255,626,2023-03-21,present,0
6256,626,2023-04-25,present,0
6257,626,2022-12-19,present,0
6258,626,2023-02-01,present,0
6259,626,2023-03-06,present,0
6260,626,2022-11-04,present,0
6261,627,2023-05-01,present,0
6262,627,2022-09-19,present,0
6263,627,2023-05-18,present,0
6264,627,2023-02-27,present,0
6265,627,2022-09-12,present,0
6266,627,2023-04-24,present,0
6267,627,2022-10-24,present,0
6268,627,2023-04-26,absent,0
6269,627,2023-05-26,present,0
6270,627,2023-02-20,present,0
6271,628,2025-01-20,present,0
6272,628,2024-11-18,present,0
6273,628,2024-10-10,present,0
6274,628,2025-05-23,late,27
6275,628,2025-03-10,present,0
6276,628,2024-09-23,present,0
6277,628,2025-04-28,present,0
6278,628,2024-09-23,present,0
6279,628,2024-10-18,present,0
6280,628,2024-09-30,present,0
6281,629,2024-01-15,present,0
6282,629,2024-01-01,present,0
6283,629,2024-02-02,present,0
6284,629,2024-06-11,present,0
6285,629,2024-01-08,present,0
6286,629,2024-05-20,present,0
6287,629,2023-09-25,present,0
6288,629,2023-10-18,present,0
6289,629,2023-10-02,present,0
6290,629,2023-10-16,present,0
6291,630,2022-10-20,absent,0
6292,630,2023-03-07,present,0
6293,630,2023-02-17,present,0
6294,630,2023-03-22,present,0
6295,630,2023-03-24,absent,0
6296,630,2023-03-15,present,0
6297,630,2022-10-31,present,0
6298,630,2023-04-18,present,0
6299,630,2023-03-13,present,0
6300,630,2022-09-29,present,0
6301,631,2024-01-17,absent,0
6302,631,2023-11-17,present,0
6303,631,2023-11-29,excused,0
6304,631,2024-01-09,present,0
6305,631,2024-01-29,present,0
6306,631,2023-10-16,present,0
6307,631,2024-05-22,absent,0
6308,631,2024-01-08,absent,0
6309,631,2024-05-14,present,0
6310,631,2023-12-07,late,13
6311,632,2024-03-22,present,0
6312,632,2023-09-14,present,0
6313,632,2024-05-01,present,0
6314,632,2024-05-07,present,0
6315,632,2024-01-15,late,10
6316,632,2023-09-29,present,0
6317,632,2023-11-27,late,10
6318,632,2024-05-16,present,0
6319,632,2023-12-21,present,0
6320,632,2024-02-22,present,0
6321,633,2022-12-28,absent,0
6322,633,2023-03-13,present,0
6323,633,2023-03-06,present,0
6324,633,2023-03-20,late,5
6325,633,2023-03-13,present,0
6326,633,2023-01-31,present,0
6327,633,2023-04-10,late,22
6328,633,2022-10-31,present,0
6329,633,2022-09-14,absent,0
6330,633,2022-12-05,present,0
6331,634,2024-04-29,present,0
6332,634,2023-12-08,present,0
6333,634,2024-03-04,present,0
6334,634,2024-05-13,present,0
6335,634,2023-09-19,present,0
6336,634,2024-02-15,present,0
6337,634,2023-10-30,present,0
6338,634,2023-11-08,present,0
6339,634,2024-04-08,present,0
6340,634,2024-06-19,present,0
6341,635,2023-03-31,excused,0
6342,635,2023-01-11,present,0
6343,635,2023-05-02,present,0
6344,635,2023-05-29,present,0
6345,635,2022-10-18,present,0
6346,635,2022-12-20,present,0
6347,635,2023-01-16,present,0
6348,635,2022-10-24,present,0
6349,635,2023-02-20,present,0
6350,635,2023-06-20,present,0
6351,636,2024-11-25,present,0
6352,636,2024-10-07,present,0
6353,636,2025-03-10,present,0
6354,636,2024-11-28,present,0
6355,636,2025-06-16,absent,0
6356,636,2025-02-14,present,0
6357,636,2025-03-03,present,0
6358,636,2024-11-25,present,0
6359,636,2025-05-12,excused,0
6360,636,2025-05-05,present,0
6361,637,2024-04-16,present,0
6362,637,2023-10-25,present,0
6363,637,2024-01-29,present,0
6364,637,2023-11-06,present,0
6365,637,2023-11-13,excused,0
6366,637,2024-02-19,late,5
6367,637,2023-12-04,present,0
6368,637,2023-11-03,present,0
6369,637,2024-04-29,present,0
6370,637,2024-05-09,absent,0
6371,638,2025-03-25,present,0
6372,638,2025-06-16,present,0
6373,638,2025-01-07,present,0
6374,638,2024-10-15,present,0
6375,638,2025-03-24,present,0
6376,638,2025-03-17,present,0
6377,638,2025-03-25,present,0
6378,638,2025-02-10,present,0
6379,638,2025-03-10,present,0
6380,638,2025-03-03,present,0
6381,639,2022-11-16,present,0
6382,639,2023-05-29,present,0
6383,639,2023-01-06,present,0
6384,639,2022-12-22,present,0
6385,639,2023-03-20,present,0
6386,639,2022-12-29,present,0
6387,639,2023-03-22,present,0
6388,639,2022-10-11,present,0
6389,639,2023-01-30,present,0
6390,639,2022-10-07,present,0
6391,640,2023-12-26,present,0
6392,640,2023-11-13,present,0
6393,640,2023-09-25,present,0
6394,640,2023-10-16,present,0
6395,640,2023-12-04,present,0
6396,640,2024-01-01,present,0
6397,640,2023-12-22,present,0
6398,640,2023-10-05,present,0
6399,640,2024-06-06,present,0
6400,640,2023-11-28,present,0
6401,641,2025-04-07,present,0
6402,641,2025-03-03,present,0
6403,641,2024-12-16,present,0
6404,641,2024-10-22,present,0
6405,641,2024-11-04,present,0
6406,641,2025-01-06,present,0
6407,641,2025-06-09,present,0
6408,641,2024-12-23,present,0
6409,641,2024-12-02,present,0
6410,641,2024-10-14,present,0
6411,642,2024-11-11,present,0
6412,642,2025-06-06,present,0
6413,642,2024-12-02,late,18
6414,642,2024-10-31,present,0
6415,642,2025-02-10,present,0
6416,642,2024-12-24,present,0
6417,642,2025-04-14,present,0
6418,642,2024-09-20,present,0
6419,642,2025-05-14,present,0
6420,642,2024-12-18,present,0
6421,643,2024-12-10,present,0
6422,643,2025-05-27,present,0
6423,643,2024-11-15,present,0
6424,643,2024-12-02,present,0
6425,643,2025-01-20,present,0
6426,643,2024-11-29,present,0
6427,643,2025-03-10,present,0
6428,643,2025-06-13,present,0
6429,643,2025-04-18,present,0
6430,643,2025-02-17,present,0
6431,644,2023-03-27,present,0
6432,644,2022-11-07,present,0
6433,644,2022-09-20,present,0
6434,644,2023-04-12,present,0
6435,644,2023-03-30,present,0
6436,644,2023-03-02,present,0
6437,644,2023-05-15,present,0
6438,644,2023-01-27,present,0
6439,644,2022-10-10,present,0
6440,644,2022-11-28,present,0
6441,645,2024-02-26,present,0
6442,645,2023-10-09,present,0
6443,645,2023-10-26,present,0
6444,645,2023-09-15,present,0
6445,645,2023-12-26,present,0
6446,645,2023-09-27,present,0
6447,645,2024-03-11,present,0
6448,645,2023-10-18,present,0
6449,645,2024-01-22,present,0
6450,645,2024-04-16,present,0
6451,646,2025-02-11,present,0
6452,646,2024-11-20,absent,0
6453,646,2025-04-30,present,0
6454,646,2025-06-06,present,0
6455,646,2024-10-22,present,0
6456,646,2024-09-16,present,0
6457,646,2024-10-04,absent,0
6458,646,2024-11-27,present,0
6459,646,2024-12-05,present,0
6460,646,2025-01-13,present,0
6461,647,2023-01-12,present,0
6462,647,2022-09-14,present,0
6463,647,2023-04-07,present,0
6464,647,2023-06-16,present,0
6465,647,2022-11-14,present,0
6466,647,2023-02-17,absent,0
6467,647,2022-10-17,present,0
6468,647,2022-12-22,present,0
6469,647,2023-01-03,present,0
6470,647,2023-05-26,present,0
6471,648,2022-11-08,present,0
6472,648,2023-01-12,absent,0
6473,648,2023-05-15,absent,0
6474,648,2023-03-20,present,0
6475,648,2022-10-13,present,0
6476,648,2023-05-31,present,0
6477,648,2022-09-26,present,0
6478,648,2022-10-27,present,0
6479,648,2022-09-26,late,20
6480,648,2023-01-19,present,0
6481,649,2025-04-03,present,0
6482,649,2025-02-19,present,0
6483,649,2024-12-30,absent,0
6484,649,2025-03-25,present,0
6485,649,2025-01-17,late,11
6486,649,2025-03-26,present,0
6487,649,2024-12-23,present,0
6488,649,2024-09-16,present,0
6489,649,2024-12-30,present,0
6490,649,2024-09-11,present,0
6491,650,2023-10-03,present,0
6492,650,2024-06-20,present,0
6493,650,2023-09-20,excused,0
6494,650,2024-05-13,present,0
6495,650,2024-06-10,present,0
6496,650,2023-09-27,absent,0
6497,650,2024-02-14,present,0
6498,650,2023-12-05,present,0
6499,650,2023-10-30,present,0
6500,650,2024-05-13,present,0
6501,651,2025-02-10,present,0
6502,651,2024-12-12,present,0
6503,651,2024-09-19,absent,0
6504,651,2025-05-12,present,0
6505,651,2024-10-21,late,17
6506,651,2025-03-31,present,0
6507,651,2025-02-19,present,0
6508,651,2025-04-28,present,0
6509,651,2025-04-23,present,0
6510,651,2025-04-21,present,0
6511,652,2023-10-20,present,0
6512,652,2024-05-17,present,0
6513,652,2024-03-25,present,0
6514,652,2024-03-18,present,0
6515,652,2023-11-22,absent,0
6516,652,2023-12-28,present,0
6517,652,2023-12-21,present,0
6518,652,2023-11-02,present,0
6519,652,2023-09-12,present,0
6520,652,2024-01-24,present,0
6521,653,2023-12-15,present,0
6522,653,2023-11-30,present,0
6523,653,2024-02-05,present,0
6524,653,2023-10-27,present,0
6525,653,2023-09-22,present,0
6526,653,2023-11-13,present,0
6527,653,2024-04-01,present,0
6528,653,2023-10-05,present,0
6529,653,2024-02-13,present,0
6530,653,2024-03-04,present,0
6531,654,2023-03-15,late,5
6532,654,2022-10-10,present,0
6533,654,2023-02-02,present,0
6534,654,2023-06-09,present,0
6535,654,2023-05-01,present,0
6536,654,2022-10-07,present,0
6537,654,2023-04-19,present,0
6538,654,2023-03-29,present,0
6539,654,2023-03-30,present,0
6540,654,2023-04-13,present,0
6541,655,2024-12-11,present,0
6542,655,2024-12-05,present,0
6543,655,2025-06-02,present,0
6544,655,2024-09-27,present,0
6545,655,2025-02-03,present,0
6546,655,2024-11-29,present,0
6547,655,2025-03-31,present,0
6548,655,2024-10-28,present,0
6549,655,2025-05-21,present,0
6550,655,2024-12-16,present,0
6551,656,2025-04-08,present,0
6552,656,2024-12-04,present,0
6553,656,2024-10-18,present,0
6554,656,2025-05-19,present,0
6555,656,2025-02-21,present,0
6556,656,2024-10-22,present,0
6557,656,2025-06-20,present,0
6558,656,2025-02-19,present,0
6559,656,2024-11-20,present,0
6560,656,2025-05-05,present,0
6561,657,2023-04-12,present,0
6562,657,2023-01-13,present,0
6563,657,2022-09-19,present,0
6564,657,2023-02-20,present,0
6565,657,2023-02-10,present,0
6566,657,2022-11-08,absent,0
6567,657,2023-06-19,present,0
6568,657,2022-12-05,present,0
6569,657,2023-05-19,present,0
6570,657,2023-03-15,present,0
6571,658,2025-01-17,present,0
6572,658,2024-11-27,present,0
6573,658,2025-01-21,present,0
6574,658,2025-05-30,present,0
6575,658,2024-10-29,present,0
6576,658,2024-09-20,present,0
6577,658,2024-10-17,present,0
6578,658,2024-12-02,present,0
6579,658,2025-02-17,present,0
6580,658,2024-11-15,present,0
6581,659,2024-02-29,present,0
6582,659,2023-09-14,present,0
6583,659,2024-02-13,present,0
6584,659,2024-04-29,present,0
6585,659,2023-10-04,present,0
6586,659,2024-05-13,present,0
6587,659,2024-03-25,present,0
6588,659,2024-05-08,absent,0
6589,659,2024-06-17,present,0
6590,659,2023-10-27,present,0
6591,660,2024-11-14,present,0
6592,660,2025-04-04,present,0
6593,660,2024-11-04,present,0
6594,660,2025-03-19,present,0
6595,660,2025-04-07,present,0
6596,660,2025-03-10,present,0
6597,660,2025-06-04,present,0
6598,660,2024-10-23,present,0
6599,660,2025-05-29,present,0
6600,660,2025-02-06,present,0
6601,661,2023-11-13,present,0
6602,661,2024-03-18,present,0
6603,661,2024-05-10,present,0
6604,661,2024-05-20,present,0
6605,661,2024-06-17,present,0
6606,661,2024-05-29,absent,0
6607,661,2023-11-21,present,0
6608,661,2024-04-22,present,0
6609,661,2023-10-05,present,0
6610,661,2024-04-15,present,0
6611,662,2024-12-16,absent,0
6612,662,2024-11-26,present,0
6613,662,2024-10-18,absent,0
6614,662,2025-06-09,present,0
6615,662,2025-04-21,present,0
6616,662,2025-04-25,present,0
6617,662,2025-03-03,present,0
6618,662,2025-01-31,late,29
6619,662,2025-02-03,excused,0
6620,662,2025-01-01,present,0
6621,663,2025-04-28,present,0
6622,663,2025-01-27,absent,0
6623,663,2025-04-08,present,0
6624,663,2024-11-26,present,0
6625,663,2025-05-22,present,0
6626,663,2024-10-04,absent,0
6627,663,2025-06-06,present,0
6628,663,2025-03-03,excused,0
6629,663,2024-09-26,present,0
6630,663,2025-03-24,absent,0
6631,664,2023-04-19,present,0
6632,664,2023-05-10,present,0
6633,664,2023-03-27,present,0
6634,664,2023-05-05,present,0
6635,664,2023-01-11,present,0
6636,664,2023-05-10,present,0
6637,664,2022-09-28,absent,0
6638,664,2023-05-29,present,0
6639,664,2023-03-07,present,0
6640,664,2023-06-19,present,0
6641,665,2023-06-13,late,22
6642,665,2023-05-01,present,0
6643,665,2022-12-26,present,0
6644,665,2023-01-23,present,0
6645,665,2022-11-14,present,0
6646,665,2022-11-09,present,0
6647,665,2023-01-09,present,0
6648,665,2022-10-14,present,0
6649,665,2023-04-14,present,0
6650,665,2023-01-13,present,0
6651,666,2023-05-15,present,0
6652,666,2023-01-12,present,0
6653,666,2023-06-14,present,0
6654,666,2022-12-12,present,0
6655,666,2023-05-22,present,0
6656,666,2023-04-05,present,0
6657,666,2022-11-07,present,0
6658,666,2023-03-27,present,0
6659,666,2022-09-20,present,0
6660,666,2023-02-07,present,0
6661,667,2024-06-10,present,0
6662,667,2023-12-01,present,0
6663,667,2023-12-29,present,0
6664,667,2023-12-04,late,30
6665,667,2024-03-14,excused,0
6666,667,2023-09-11,absent,0
6667,667,2024-05-20,present,0
6668,667,2023-11-30,absent,0
6669,667,2024-02-19,present,0
6670,667,2024-02-07,present,0
6671,668,2024-05-16,absent,0
6672,668,2023-12-11,present,0
6673,668,2023-10-26,present,0
6674,668,2024-01-04,present,0
6675,668,2024-06-07,present,0
6676,668,2023-10-17,present,0
6677,668,2023-10-13,present,0
6678,668,2024-03-18,absent,0
6679,668,2023-09-26,present,0
6680,668,2024-04-11,present,0
6681,669,2024-10-11,present,0
6682,669,2025-01-06,present,0
6683,669,2024-09-16,present,0
6684,669,2024-09-30,present,0
6685,669,2025-01-03,present,0
6686,669,2025-01-01,present,0
6687,669,2024-10-07,present,0
6688,669,2024-12-26,present,0
6689,669,2024-09-19,present,0
6690,669,2024-11-11,present,0
6691,670,2025-06-16,late,34
6692,670,2025-02-28,present,0
6693,670,2025-04-08,present,0
6694,670,2024-10-07,absent,0
6695,670,2024-10-11,absent,0
6696,670,2024-10-14,present,0
6697,670,2024-12-27,absent,0
6698,670,2025-01-20,present,0
6699,670,2025-02-06,present,0
6700,670,2024-11-11,present,0
6701,671,2025-06-12,present,0
6702,671,2024-11-05,present,0
6703,671,2025-02-03,present,0
6704,671,2025-06-16,present,0
6705,671,2025-03-25,present,0
6706,671,2025-06-11,present,0
6707,671,2025-03-07,present,0
6708,671,2024-10-18,present,0
6709,671,2025-03-13,present,0
6710,671,2024-11-15,present,0
6711,672,2024-06-03,present,0
6712,672,2024-05-02,present,0
6713,672,2024-03-20,present,0
6714,672,2024-02-19,present,0
6715,672,2024-03-21,present,0
6716,672,2024-02-27,present,0
6717,672,2024-03-11,present,0
6718,672,2023-12-11,present,0
6719,672,2023-10-02,present,0
6720,672,2023-12-11,present,0
6721,673,2025-02-24,present,0
6722,673,2025-04-07,late,35
6723,673,2025-04-28,present,0
6724,673,2024-11-20,present,0
6725,673,2025-03-27,present,0
6726,673,2024-12-30,absent,0
6727,673,2024-10-01,present,0
6728,673,2024-12-24,present,0
6729,673,2025-02-03,present,0
6730,673,2025-01-03,present,0
6731,674,2024-01-22,present,0
6732,674,2024-03-25,present,0
6733,674,2023-10-10,present,0
6734,674,2023-11-16,absent,0
6735,674,2024-05-20,present,0
6736,674,2024-01-17,present,0
6737,674,2023-09-25,present,0
6738,674,2024-03-15,present,0
6739,674,2023-11-13,present,0
6740,674,2024-04-11,present,0
6741,675,2023-11-13,present,0
6742,675,2023-11-20,absent,0
6743,675,2024-01-29,present,0
6744,675,2024-01-29,present,0
6745,675,2024-05-27,present,0
6746,675,2023-12-05,absent,0
6747,675,2023-12-21,present,0
6748,675,2024-02-05,present,0
6749,675,2024-06-17,present,0
6750,675,2024-04-29,absent,0
6751,676,2024-11-26,present,0
6752,676,2025-03-11,present,0
6753,676,2025-05-21,present,0
6754,676,2025-01-06,absent,0
6755,676,2025-01-14,present,0
6756,676,2025-06-20,present,0
6757,676,2025-06-11,present,0
6758,676,2025-04-25,present,0
6759,676,2025-05-13,present,0
6760,676,2025-01-02,present,0
6761,677,2022-09-13,present,0
6762,677,2022-11-21,present,0
6763,677,2023-04-05,present,0
6764,677,2022-12-29,present,0
6765,677,2023-03-16,late,29
6766,677,2023-05-22,present,0
6767,677,2022-11-11,present,0
6768,677,2023-02-02,present,0
6769,677,2023-06-14,present,0
6770,677,2023-01-02,present,0
6771,678,2023-02-10,present,0
6772,678,2023-02-06,present,0
6773,678,2022-11-01,present,0
6774,678,2022-09-20,present,0
6775,678,2023-04-24,present,0
6776,678,2023-04-18,present,0
6777,678,2023-03-14,present,0
6778,678,2023-05-22,present,0
6779,678,2022-10-11,excused,0
6780,678,2023-05-19,present,0
6781,679,2024-05-06,present,0
6782,679,2024-05-24,present,0
6783,679,2024-05-21,late,30
6784,679,2024-02-19,present,0
6785,679,2024-05-24,present,0
6786,679,2024-04-12,present,0
6787,679,2024-01-09,present,0
6788,679,2024-02-01,present,0
6789,679,2024-05-13,present,0
6790,679,2023-09-22,present,0
6791,680,2024-03-25,present,0
6792,680,2024-05-03,present,0
6793,680,2024-04-19,present,0
6794,680,2023-11-20,present,0
6795,680,2024-06-17,present,0
6796,680,2023-10-26,present,0
6797,680,2024-01-05,present,0
6798,680,2024-04-29,present,0
6799,680,2023-11-23,present,0
6800,680,2023-11-13,present,0
6801,681,2023-10-19,present,0
6802,681,2023-09-18,present,0
6803,681,2024-06-17,present,0
6804,681,2023-10-24,present,0
6805,681,2023-12-04,present,0
6806,681,2023-09-27,present,0
6807,681,2024-03-13,present,0
6808,681,2023-10-16,present,0
6809,681,2023-11-22,present,0
6810,681,2024-04-12,present,0
6811,682,2022-10-04,present,0
6812,682,2023-05-26,present,0
6813,682,2023-01-16,present,0
6814,682,2022-09-19,present,0
6815,682,2023-05-22,present,0
6816,682,2023-01-20,present,0
6817,682,2022-09-26,present,0
6818,682,2022-12-05,present,0
6819,682,2022-11-08,present,0
6820,682,2023-01-09,present,0
6821,683,2024-01-04,absent,0
6822,683,2023-10-16,present,0
6823,683,2024-05-07,late,18
6824,683,2023-11-27,present,0
6825,683,2024-05-06,present,0
6826,683,2023-12-07,present,0
6827,683,2024-01-15,late,24
6828,683,2024-04-19,present,0
6829,683,2023-11-08,present,0
6830,683,2024-02-22,present,0
6831,684,2023-05-10,present,0
6832,684,2023-01-05,present,0
6833,684,2022-10-21,present,0
6834,684,2023-03-15,present,0
6835,684,2023-01-16,present,0
6836,684,2023-06-19,present,0
6837,684,2023-06-12,absent,0
6838,684,2023-04-04,present,0
6839,684,2022-12-21,present,0
6840,684,2022-10-17,absent,0
6841,685,2025-01-06,late,34
6842,685,2025-01-27,present,0
6843,685,2025-05-13,present,0
6844,685,2024-12-05,excused,0
6845,685,2024-11-21,present,0
6846,685,2025-03-31,present,0
6847,685,2025-01-13,present,0
6848,685,2024-09-30,absent,0
6849,685,2025-04-14,present,0
6850,685,2025-02-18,present,0
6851,686,2024-03-14,present,0
6852,686,2024-04-01,present,0
6853,686,2024-01-09,present,0
6854,686,2024-05-17,absent,0
6855,686,2023-09-29,present,0
6856,686,2023-12-22,present,0
6857,686,2024-06-03,absent,0
6858,686,2023-09-29,present,0
6859,686,2024-06-03,present,0
6860,686,2024-04-08,present,0
6861,687,2024-06-17,excused,0
6862,687,2024-06-11,present,0
6863,687,2024-01-12,present,0
6864,687,2023-10-09,excused,0
6865,687,2024-03-20,present,0
6866,687,2024-06-04,present,0
6867,687,2024-03-25,present,0
6868,687,2023-10-09,absent,0
6869,687,2024-03-05,absent,0
6870,687,2024-04-01,present,0
6871,688,2024-11-05,present,0
6872,688,2025-03-19,absent,0
6873,688,2024-09-23,excused,0
6874,688,2024-11-18,present,0
6875,688,2025-01-06,present,0
6876,688,2024-12-25,absent,0
6877,688,2025-05-26,present,0
6878,688,2025-02-07,present,0
6879,688,2025-04-02,present,0
6880,688,2024-10-28,present,0
6881,689,2023-06-01,present,0
6882,689,2022-12-12,present,0
6883,689,2023-04-28,present,0
6884,689,2023-06-08,present,0
6885,689,2023-03-10,present,0
6886,689,2023-01-03,present,0
6887,689,2023-02-15,present,0
6888,689,2022-12-08,present,0
6889,689,2022-11-28,present,0
6890,689,2023-03-20,present,0
6891,690,2024-12-23,present,0
6892,690,2024-12-09,present,0
6893,690,2025-01-06,excused,0
6894,690,2024-12-09,present,0
6895,690,2025-03-28,absent,0
6896,690,2025-01-23,present,0
6897,690,2024-11-18,present,0
6898,690,2025-04-15,late,35
6899,690,2025-03-03,present,0
6900,690,2025-01-08,present,0
6901,691,2024-11-25,present,0
6902,691,2024-12-30,present,0
6903,691,2025-01-20,excused,0
6904,691,2024-09-25,present,0
6905,691,2024-10-09,present,0
6906,691,2025-04-24,present,0
6907,691,2024-10-25,present,0
6908,691,2024-09-13,present,0
6909,691,2025-01-20,present,0
6910,691,2025-04-03,present,0
6911,692,2022-12-14,present,0
6912,692,2023-05-09,late,9
6913,692,2023-01-30,present,0
6914,692,2022-11-07,present,0
6915,692,2022-12-22,present,0
6916,692,2023-03-09,present,0
6917,692,2022-12-05,late,22
6918,692,2023-01-02,present,0
6919,692,2023-05-29,present,0
6920,692,2022-11-25,present,0
6921,693,2022-11-21,present,0
6922,693,2023-03-06,present,0
6923,693,2022-10-31,present,0
6924,693,2023-05-01,present,0
6925,693,2022-10-10,present,0
6926,693,2022-10-20,present,0
6927,693,2023-03-27,present,0
6928,693,2023-01-20,excused,0
6929,693,2023-04-10,present,0
6930,693,2023-06-05,present,0
6931,694,2025-03-24,late,5
6932,694,2025-03-13,present,0
6933,694,2024-12-16,present,0
6934,694,2024-12-26,present,0
6935,694,2024-10-18,present,0
6936,694,2024-12-31,present,0
6937,694,2025-05-20,late,31
6938,694,2025-06-06,present,0
6939,694,2024-10-10,present,0
6940,694,2024-12-25,present,0
6941,695,2024-10-29,present,0
6942,695,2025-02-24,present,0
6943,695,2025-02-10,present,0
6944,695,2025-04-25,present,0
6945,695,2025-02-12,present,0
6946,695,2024-11-08,present,0
6947,695,2025-01-30,present,0
6948,695,2025-01-06,present,0
6949,695,2024-10-10,present,0
6950,695,2025-05-08,present,0
6951,696,2025-03-06,present,0
6952,696,2024-12-03,present,0
6953,696,2024-10-30,late,34
6954,696,2025-02-24,present,0
6955,696,2025-04-21,present,0
6956,696,2024-09-13,present,0
6957,696,2025-03-20,present,0
6958,696,2025-03-21,present,0
6959,696,2024-12-03,absent,0
6960,696,2024-10-31,present,0
6961,697,2024-12-16,present,0
6962,697,2024-09-16,present,0
6963,697,2025-01-24,absent,0
6964,697,2025-02-04,absent,0
6965,697,2025-05-05,present,0
6966,697,2025-06-16,present,0
6967,697,2025-02-13,late,33
6968,697,2024-09-16,present,0
6969,697,2024-10-14,present,0
6970,697,2025-04-11,present,0
6971,698,2025-02-13,present,0
6972,698,2024-11-22,present,0
6973,698,2024-10-21,present,0
6974,698,2025-02-27,late,10
6975,698,2025-03-06,present,0
6976,698,2025-02-13,late,27
6977,698,2025-05-06,present,0
6978,698,2025-06-09,present,0
6979,698,2025-01-20,present,0
6980,698,2024-09-26,absent,0
6981,699,2023-09-27,present,0
6982,699,2024-06-07,present,0
6983,699,2024-05-06,present,0
6984,699,2023-11-17,absent,0
6985,699,2024-06-04,present,0
6986,699,2024-04-10,absent,0
6987,699,2023-10-10,present,0
6988,699,2024-03-05,present,0
6989,699,2024-04-01,present,0
6990,699,2024-02-26,present,0
6991,700,2024-04-03,present,0
6992,700,2023-10-16,late,5
6993,700,2023-11-22,present,0
6994,700,2024-01-31,present,0
6995,700,2024-01-16,present,0
6996,700,2024-05-22,present,0
6997,700,2024-06-07,present,0
6998,700,2024-01-11,present,0
6999,700,2024-04-25,present,0
7000,700,2023-10-24,present,0
7001,701,2024-03-14,present,0
7002,701,2023-11-16,present,0
7003,701,2023-11-08,present,0
7004,701,2024-06-14,present,0
7005,701,2024-05-17,present,0
7006,701,2023-11-14,present,0
7007,701,2023-11-06,present,0
7008,701,2024-05-06,present,0
7009,701,2024-02-27,present,0
7010,701,2023-12-05,present,0
7011,702,2025-05-13,late,34
7012,702,2024-11-22,present,0
7013,702,2025-05-26,present,0
7014,702,2024-12-05,present,0
7015,702,2024-10-14,present,0
7016,702,2025-05-05,present,0
7017,702,2025-05-27,present,0
7018,702,2024-10-16,present,0
7019,702,2025-06-09,present,0
7020,702,2025-03-17,present,0
7021,703,2024-05-07,present,0
7022,703,2024-02-02,present,0
7023,703,2023-09-11,present,0
7024,703,2024-05-21,present,0
7025,703,2024-02-26,present,0
7026,703,2023-11-30,present,0
7027,703,2024-01-24,present,0
7028,703,2023-12-11,present,0
7029,703,2023-12-07,present,0
7030,703,2024-05-31,present,0
7031,704,2023-02-17,present,0
7032,704,2023-01-02,present,0
7033,704,2023-02-22,present,0
7034,704,2022-10-03,present,0
7035,704,2022-10-10,present,0
7036,704,2022-09-22,present,0
7037,704,2023-05-22,present,0
7038,704,2023-04-17,present,0
7039,704,2022-10-04,present,0
7040,704,2023-04-10,present,0
7041,705,2025-01-07,late,20
7042,705,2024-12-16,present,0
7043,705,2024-12-11,present,0
7044,705,2025-03-11,present,0
7045,705,2025-01-13,present,0
7046,705,2025-05-07,present,0
7047,705,2025-03-10,present,0
7048,705,2025-04-08,present,0
7049,705,2025-05-21,present,0
7050,705,2025-03-13,absent,0
7051,706,2023-10-19,late,25
7052,706,2024-03-25,present,0
7053,706,2023-11-17,present,0
7054,706,2023-10-19,present,0
7055,706,2024-03-21,present,0
7056,706,2024-02-12,present,0
7057,706,2024-03-11,present,0
7058,706,2023-09-21,excused,0
7059,706,2024-01-09,present,0
7060,706,2024-03-25,present,0
7061,707,2025-03-07,present,0
7062,707,2024-12-16,present,0
7063,707,2025-06-09,present,0
7064,707,2025-03-03,present,0
7065,707,2024-10-02,present,0
7066,707,2024-12-23,present,0
7067,707,2025-05-08,present,0
7068,707,2025-04-21,absent,0
7069,707,2025-06-10,present,0
7070,707,2025-04-08,present,0
7071,708,2024-01-19,present,0
7072,708,2023-12-26,present,0
7073,708,2023-11-06,present,0
7074,708,2023-12-01,present,0
7075,708,2023-12-04,present,0
7076,708,2024-01-12,present,0
7077,708,2023-09-15,present,0
7078,708,2024-04-01,late,16
7079,708,2024-04-17,present,0
7080,708,2024-05-17,present,0
7081,709,2023-11-21,present,0
7082,709,2023-10-19,present,0
7083,709,2024-01-03,present,0
7084,709,2023-09-15,present,0
7085,709,2023-11-01,present,0
7086,709,2023-11-24,present,0
7087,709,2024-01-01,present,0
7088,709,2024-05-14,late,21
7089,709,2024-02-06,present,0
7090,709,2024-04-16,present,0
7091,710,2023-05-15,present,0
7092,710,2022-12-02,present,0
7093,710,2023-06-12,present,0
7094,710,2023-03-08,present,0
7095,710,2022-10-12,excused,0
7096,710,2023-05-15,present,0
7097,710,2023-01-31,present,0
7098,710,2023-06-14,present,0
7099,710,2022-11-04,present,0
7100,710,2023-01-09,present,0
7101,711,2024-05-10,present,0
7102,711,2023-12-18,present,0
7103,711,2023-11-17,present,0
7104,711,2023-11-20,present,0
7105,711,2024-01-23,present,0
7106,711,2023-12-06,present,0
7107,711,2023-09-18,present,0
7108,711,2023-11-27,excused,0
7109,711,2024-02-28,present,0
7110,711,2024-02-14,present,0
7111,712,2023-06-06,present,0
7112,712,2022-10-21,present,0
7113,712,2023-03-06,present,0
7114,712,2023-01-23,present,0
7115,712,2022-09-29,present,0
7116,712,2022-11-03,present,0
7117,712,2023-06-12,present,0
7118,712,2023-05-03,present,0
7119,712,2023-04-04,present,0
7120,712,2023-01-13,present,0
7121,713,2025-06-13,present,0
7122,713,2024-11-04,present,0
7123,713,2025-06-12,present,0
7124,713,2025-05-13,present,0
7125,713,2025-04-29,present,0
7126,713,2025-04-18,present,0
7127,713,2024-12-19,present,0
7128,713,2024-12-11,present,0
7129,713,2025-02-17,present,0
7130,713,2025-03-14,present,0
7131,714,2024-01-17,present,0
7132,714,2023-12-04,present,0
7133,714,2023-09-13,present,0
7134,714,2023-10-09,present,0
7135,714,2023-12-26,present,0
7136,714,2024-03-04,present,0
7137,714,2023-12-18,present,0
7138,714,2024-02-05,present,0
7139,714,2023-10-26,present,0
7140,714,2024-05-30,present,0
7141,715,2023-12-06,present,0
7142,715,2023-09-14,present,0
7143,715,2024-04-22,present,0
7144,715,2023-10-02,present,0
7145,715,2024-05-09,present,0
7146,715,2023-10-16,present,0
7147,715,2024-05-20,present,0
7148,715,2024-02-20,present,0
7149,715,2024-06-10,present,0
7150,715,2024-01-17,present,0
7151,716,2025-01-30,present,0
7152,716,2024-12-26,present,0
7153,716,2025-06-04,present,0
7154,716,2025-04-15,present,0
7155,716,2025-04-07,present,0
7156,716,2025-04-17,present,0
7157,716,2025-06-20,present,0
7158,716,2025-05-08,present,0
7159,716,2025-04-21,present,0
7160,716,2025-04-22,present,0
7161,717,2023-12-25,present,0
7162,717,2023-10-11,present,0
7163,717,2023-11-14,present,0
7164,717,2024-04-10,present,0
7165,717,2024-04-24,present,0
7166,717,2024-01-17,present,0
7167,717,2024-01-23,present,0
7168,717,2024-06-03,present,0
7169,717,2024-03-25,present,0
7170,717,2024-04-24,present,0
7171,718,2022-09-19,present,0
7172,718,2022-12-13,present,0
7173,718,2023-03-23,present,0
7174,718,2022-10-05,present,0
7175,718,2023-03-22,present,0
7176,718,2022-11-08,present,0
7177,718,2022-10-26,present,0
7178,718,2023-03-06,present,0
7179,718,2023-06-16,present,0
7180,718,2023-03-30,present,0
7181,719,2024-04-22,present,0
7182,719,2024-03-18,present,0
7183,719,2023-10-04,present,0
7184,719,2023-11-01,present,0
7185,719,2024-05-27,present,0
7186,719,2024-06-04,present,0
7187,719,2024-05-07,late,6
7188,719,2024-05-20,present,0
7189,719,2023-12-18,present,0
7190,719,2024-02-22,present,0
7191,720,2024-02-26,late,7
7192,720,2024-02-13,present,0
7193,720,2024-01-18,present,0
7194,720,2024-04-12,present,0
7195,720,2024-01-29,present,0
7196,720,2023-11-06,excused,0
7197,720,2023-12-04,present,0
7198,720,2024-05-29,present,0
7199,720,2024-04-08,present,0
7200,720,2023-12-13,present,0
7201,721,2024-10-15,present,0
7202,721,2025-01-10,present,0
7203,721,2025-05-05,present,0
7204,721,2025-03-03,present,0
7205,721,2024-12-09,present,0
7206,721,2025-01-13,present,0
7207,721,2024-10-01,present,0
7208,721,2025-01-24,present,0
7209,721,2025-03-10,absent,0
7210,721,2025-04-11,present,0
7211,722,2024-05-08,present,0
7212,722,2023-11-23,present,0
7213,722,2024-03-21,present,0
7214,722,2023-11-22,present,0
7215,722,2024-06-17,present,0
7216,722,2023-09-13,present,0
7217,722,2024-01-15,late,14
7218,722,2023-12-14,present,0
7219,722,2023-12-21,present,0
7220,722,2024-04-02,present,0
7221,723,2025-02-28,present,0
7222,723,2024-10-16,present,0
7223,723,2025-05-26,present,0
7224,723,2025-04-22,present,0
7225,723,2024-12-23,present,0
7226,723,2024-11-05,present,0
7227,723,2024-12-23,late,24
7228,723,2024-10-04,present,0
7229,723,2024-11-06,present,0
7230,723,2025-01-29,present,0
7231,724,2022-10-10,present,0
7232,724,2023-02-14,present,0
7233,724,2023-02-23,present,0
7234,724,2022-09-14,present,0
7235,724,2023-01-30,present,0
7236,724,2023-04-21,present,0
7237,724,2022-10-17,present,0
7238,724,2023-04-18,present,0
7239,724,2022-09-26,present,0
7240,724,2022-09-19,present,0
7241,725,2023-05-25,present,0
7242,725,2022-12-15,present,0
7243,725,2022-11-17,present,0
7244,725,2023-03-20,present,0
7245,725,2023-03-13,present,0
7246,725,2023-01-11,present,0
7247,725,2023-02-24,present,0
7248,725,2023-01-23,present,0
7249,725,2023-03-17,present,0
7250,725,2022-09-20,present,0
7251,726,2023-11-10,present,0
7252,726,2023-11-09,late,18
7253,726,2023-11-09,present,0
7254,726,2024-05-21,present,0
7255,726,2023-12-04,late,15
7256,726,2023-11-24,present,0
7257,726,2024-04-18,present,0
7258,726,2024-04-18,present,0
7259,726,2024-03-26,present,0
7260,726,2024-06-20,present,0
7261,727,2025-03-14,present,0
7262,727,2025-05-13,present,0
7263,727,2025-05-01,present,0
7264,727,2025-03-26,late,19
7265,727,2024-10-30,present,0
7266,727,2024-11-29,present,0
7267,727,2024-11-08,present,0
7268,727,2025-01-22,present,0
7269,727,2025-06-16,present,0
7270,727,2024-12-10,present,0
7271,728,2023-10-23,present,0
7272,728,2024-04-11,present,0
7273,728,2024-03-21,present,0
7274,728,2023-11-21,present,0
7275,728,2024-04-01,present,0
7276,728,2024-02-13,present,0
7277,728,2024-05-17,present,0
7278,728,2024-03-04,present,0
7279,728,2023-11-22,present,0
7280,728,2024-02-09,present,0
7281,729,2022-11-08,present,0
7282,729,2023-01-24,absent,0
7283,729,2023-05-01,present,0
7284,729,2023-03-07,present,0
7285,729,2023-05-19,present,0
7286,729,2023-05-15,present,0
7287,729,2023-03-06,present,0
7288,729,2023-06-19,present,0
7289,729,2022-11-21,late,13
7290,729,2023-04-27,present,0
7291,730,2023-12-25,present,0
7292,730,2024-01-24,present,0
7293,730,2023-10-24,present,0
7294,730,2024-05-23,present,0
7295,730,2023-11-24,present,0
7296,730,2024-05-15,present,0
7297,730,2023-12-04,present,0
7298,730,2023-11-14,present,0
7299,730,2024-02-12,present,0
7300,730,2024-02-06,present,0
7301,731,2024-02-06,present,0
7302,731,2024-05-02,present,0
7303,731,2023-11-27,present,0
7304,731,2024-05-22,present,0
7305,731,2023-12-21,present,0
7306,731,2024-05-28,present,0
7307,731,2023-10-09,present,0
7308,731,2023-11-01,present,0
7309,731,2024-05-09,present,0
7310,731,2023-11-29,present,0
7311,732,2024-05-27,present,0
7312,732,2023-12-11,present,0
7313,732,2024-04-17,present,0
7314,732,2023-10-16,late,16
7315,732,2024-03-11,present,0
7316,732,2023-10-09,present,0
7317,732,2024-04-19,present,0
7318,732,2024-04-05,present,0
7319,732,2024-05-03,absent,0
7320,732,2023-10-26,present,0
7321,733,2025-04-28,present,0
7322,733,2025-01-22,present,0
7323,733,2025-03-10,present,0
7324,733,2025-01-14,present,0
7325,733,2024-10-10,excused,0
7326,733,2025-03-10,present,0
7327,733,2024-12-30,present,0
7328,733,2024-11-15,late,15
7329,733,2025-03-17,present,0
7330,733,2025-03-17,present,0
7331,734,2025-05-26,present,0
7332,734,2024-10-02,late,11
7333,734,2025-04-29,present,0
7334,734,2025-06-17,present,0
7335,734,2025-05-07,excused,0
7336,734,2025-01-06,present,0
7337,734,2024-12-24,present,0
7338,734,2024-09-30,present,0
7339,734,2025-05-08,present,0
7340,734,2025-04-04,present,0
7341,735,2025-02-17,present,0
7342,735,2024-12-19,present,0
7343,735,2024-12-31,late,29
7344,735,2024-09-16,present,0
7345,735,2024-10-18,present,0
7346,735,2024-10-29,late,17
7347,735,2024-10-18,late,24
7348,735,2024-11-04,present,0
7349,735,2025-05-27,present,0
7350,735,2025-03-24,present,0
7351,736,2024-06-03,present,0
7352,736,2023-12-04,present,0
7353,736,2024-01-15,present,0
7354,736,2023-10-16,absent,0
7355,736,2023-10-02,present,0
7356,736,2024-06-13,present,0
7357,736,2024-01-22,present,0
7358,736,2024-02-21,present,0
7359,736,2024-02-07,present,0
7360,736,2024-05-08,late,25
7361,737,2025-05-26,present,0
7362,737,2024-11-28,present,0
7363,737,2024-12-17,present,0
7364,737,2025-02-06,absent,0
7365,737,2024-10-29,present,0
7366,737,2024-09-16,present,0
7367,737,2024-11-20,present,0
7368,737,2025-01-03,late,17
7369,737,2024-10-24,present,0
7370,737,2025-01-30,present,0
7371,738,2025-04-03,present,0
7372,738,2024-12-30,present,0
7373,738,2025-03-03,present,0
7374,738,2024-11-04,present,0
7375,738,2024-12-09,absent,0
7376,738,2025-03-27,present,0
7377,738,2025-01-02,absent,0
7378,738,2024-09-24,present,0
7379,738,2024-09-30,present,0
7380,738,2025-03-05,absent,0
7381,739,2024-04-08,late,5
7382,739,2024-03-11,absent,0
7383,739,2023-10-11,present,0
7384,739,2024-01-08,present,0
7385,739,2024-02-05,late,29
7386,739,2024-01-22,present,0
7387,739,2023-11-15,present,0
7388,739,2023-12-19,present,0
7389,739,2024-03-19,present,0
7390,739,2024-03-18,present,0
7391,740,2024-04-12,present,0
7392,740,2024-01-01,absent,0
7393,740,2024-01-10,present,0
7394,740,2024-05-21,absent,0
7395,740,2024-04-05,absent,0
7396,740,2024-02-13,late,32
7397,740,2023-09-15,present,0
7398,740,2023-10-13,present,0
7399,740,2024-04-29,late,34
7400,740,2024-05-06,present,0
7401,741,2022-09-27,late,23
7402,741,2023-05-15,present,0
7403,741,2023-01-25,present,0
7404,741,2022-12-29,excused,0
7405,741,2023-02-23,present,0
7406,741,2023-05-03,present,0
7407,741,2022-11-18,present,0
7408,741,2022-11-28,present,0
7409,741,2022-12-09,present,0
7410,741,2022-09-23,present,0
7411,742,2024-09-30,present,0
7412,742,2025-05-13,late,16
7413,742,2025-04-09,present,0
7414,742,2025-02-03,present,0
7415,742,2025-03-24,present,0
7416,742,2025-02-11,present,0
7417,742,2025-01-07,present,0
7418,742,2025-03-03,present,0
7419,742,2025-02-20,present,0
7420,742,2025-06-03,present,0
7421,743,2025-04-29,present,0
7422,743,2024-11-26,present,0
7423,743,2025-02-07,present,0
7424,743,2024-11-11,present,0
7425,743,2024-09-30,present,0
7426,743,2024-10-07,present,0
7427,743,2025-06-18,present,0
7428,743,2025-05-19,present,0
7429,743,2025-05-30,present,0
7430,743,2024-12-18,present,0
7431,744,2023-10-23,present,0
7432,744,2024-04-01,present,0
7433,744,2024-05-07,present,0
7434,744,2024-01-08,late,19
7435,744,2024-03-11,present,0
7436,744,2024-04-11,present,0
7437,744,2024-03-14,present,0
7438,744,2023-12-20,present,0
7439,744,2024-05-21,late,17
7440,744,2024-05-27,present,0
7441,745,2023-09-14,present,0
7442,745,2024-01-12,present,0
7443,745,2024-04-01,present,0
7444,745,2023-10-30,present,0
7445,745,2024-04-04,present,0
7446,745,2024-02-08,present,0
7447,745,2024-02-06,present,0
7448,745,2023-10-09,present,0
7449,745,2024-01-19,present,0
7450,745,2024-03-25,present,0
7451,746,2023-05-04,present,0
7452,746,2022-11-16,present,0
7453,746,2023-04-05,present,0
7454,746,2022-11-25,present,0
7455,746,2022-10-03,present,0
7456,746,2022-10-17,absent,0
7457,746,2022-10-24,absent,0
7458,746,2023-02-23,present,0
7459,746,2023-04-27,present,0
7460,746,2023-02-13,present,0
7461,747,2023-06-07,present,0
7462,747,2023-01-17,present,0
7463,747,2023-06-05,present,0
7464,747,2023-05-15,present,0
7465,747,2022-10-06,present,0
7466,747,2023-05-04,present,0
7467,747,2023-01-09,present,0
7468,747,2023-02-20,present,0
7469,747,2023-04-10,present,0
7470,747,2022-11-07,present,0
7471,748,2025-01-29,late,8
7472,748,2025-06-09,present,0
7473,748,2024-11-04,present,0
7474,748,2025-04-09,present,0
7475,748,2024-10-24,present,0
7476,748,2024-09-25,present,0
7477,748,2024-12-30,absent,0
7478,748,2024-12-30,present,0
7479,748,2025-03-18,present,0
7480,748,2025-05-14,present,0
7481,749,2023-03-02,present,0
7482,749,2023-04-18,present,0
7483,749,2022-11-23,present,0
7484,749,2023-03-09,present,0
7485,749,2023-04-06,present,0
7486,749,2022-11-29,present,0
7487,749,2023-01-09,present,0
7488,749,2023-03-29,present,0
7489,749,2022-10-03,present,0
7490,749,2022-10-14,present,0
7491,750,2023-09-11,present,0
7492,750,2024-06-04,absent,0
7493,750,2024-01-15,absent,0
7494,750,2024-01-19,present,0
7495,750,2024-04-01,excused,0
7496,750,2023-10-31,present,0
7497,750,2024-01-29,present,0
7498,750,2023-10-11,present,0
7499,750,2024-03-15,present,0
7500,750,2024-04-15,present,0
7501,751,2024-06-10,excused,0
7502,751,2024-01-15,excused,0
7503,751,2024-01-03,present,0
7504,751,2024-02-23,present,0
7505,751,2024-02-19,present,0
7506,751,2023-11-02,present,0
7507,751,2024-05-30,present,0
7508,751,2024-02-16,absent,0
7509,751,2024-01-22,present,0
7510,751,2024-01-18,present,0
7511,752,2023-12-13,present,0
7512,752,2023-11-13,present,0
7513,752,2024-03-25,present,0
7514,752,2023-11-23,absent,0
7515,752,2024-03-11,excused,0
7516,752,2023-12-07,absent,0
7517,752,2024-04-24,present,0
7518,752,2023-11-23,absent,0
7519,752,2024-05-27,absent,0
7520,752,2023-10-19,present,0
7521,753,2025-04-07,absent,0
7522,753,2024-10-08,present,0
7523,753,2024-10-25,absent,0
7524,753,2025-01-20,present,0
7525,753,2025-06-13,present,0
7526,753,2025-03-31,absent,0
7527,753,2025-03-26,present,0
7528,753,2025-05-22,absent,0
7529,753,2024-10-25,present,0
7530,753,2025-02-11,present,0
7531,754,2024-05-01,absent,0
7532,754,2024-04-09,present,0
7533,754,2023-12-20,present,0
7534,754,2023-11-06,excused,0
7535,754,2024-03-14,absent,0
7536,754,2023-09-27,present,0
7537,754,2024-01-30,present,0
7538,754,2024-01-24,present,0
7539,754,2024-06-17,present,0
7540,754,2023-11-20,absent,0
7541,755,2023-04-19,present,0
7542,755,2023-04-03,present,0
7543,755,2022-11-21,present,0
7544,755,2022-09-19,present,0
7545,755,2022-09-21,present,0
7546,755,2023-03-16,present,0
7547,755,2023-01-02,present,0
7548,755,2022-11-29,present,0
7549,755,2023-06-19,present,0
7550,755,2022-12-16,present,0
7551,756,2024-01-19,present,0
7552,756,2023-10-17,present,0
7553,756,2024-05-10,present,0
7554,756,2023-11-08,present,0
7555,756,2024-02-02,present,0
7556,756,2024-01-12,present,0
7557,756,2023-12-14,present,0
7558,756,2024-05-31,present,0
7559,756,2023-09-19,present,0
7560,756,2024-02-19,present,0
7561,757,2022-12-09,present,0
7562,757,2022-09-12,present,0
7563,757,2023-02-08,present,0
7564,757,2023-05-03,present,0
7565,757,2023-05-11,present,0
7566,757,2023-06-14,present,0
7567,757,2023-03-01,present,0
7568,757,2023-03-07,present,0
7569,757,2023-06-12,present,0
7570,757,2023-01-04,absent,0
7571,758,2024-02-12,present,0
7572,758,2024-04-11,present,0
7573,758,2024-05-30,present,0
7574,758,2024-02-21,present,0
7575,758,2024-03-25,present,0
7576,758,2024-02-28,present,0
7577,758,2024-02-05,present,0
7578,758,2024-05-21,present,0
7579,758,2023-12-15,present,0
7580,758,2024-03-29,present,0
7581,759,2024-04-12,present,0
7582,759,2024-04-22,present,0
7583,759,2024-06-05,present,0
7584,759,2024-04-01,present,0
7585,759,2024-03-14,present,0
7586,759,2023-09-21,present,0
7587,759,2024-02-12,present,0
7588,759,2024-02-14,present,0
7589,759,2023-10-12,present,0
7590,759,2023-09-18,present,0
7591,760,2025-02-24,present,0
7592,760,2024-11-22,present,0
7593,760,2025-06-09,present,0
7594,760,2025-01-17,present,0
7595,760,2025-03-19,present,0
7596,760,2024-12-23,present,0
7597,760,2025-04-14,present,0
7598,760,2025-03-31,present,0
7599,760,2024-10-07,excused,0
7600,760,2024-10-24,present,0
7601,761,2024-01-29,present,0
7602,761,2024-06-03,present,0
7603,761,2023-11-13,present,0
7604,761,2024-01-16,present,0
7605,761,2024-05-24,present,0
7606,761,2023-11-15,present,0
7607,761,2024-04-04,late,30
7608,761,2023-11-15,late,25
7609,761,2023-10-20,present,0
7610,761,2024-03-29,excused,0
7611,762,2024-01-29,present,0
7612,762,2024-01-12,late,5
7613,762,2024-04-09,present,0
7614,762,2023-10-16,present,0
7615,762,2024-01-01,present,0
7616,762,2024-06-17,present,0
7617,762,2023-12-21,present,0
7618,762,2023-12-20,present,0
7619,762,2023-11-17,present,0
7620,762,2023-11-13,absent,0
7621,763,2024-01-22,present,0
7622,763,2023-11-20,present,0
7623,763,2023-09-18,present,0
7624,763,2023-10-20,present,0
7625,763,2024-02-26,present,0
7626,763,2024-04-12,present,0
7627,763,2024-04-26,present,0
7628,763,2024-05-06,present,0
7629,763,2023-10-23,present,0
7630,763,2023-09-14,present,0
7631,764,2024-11-11,present,0
7632,764,2025-01-06,absent,0
7633,764,2024-11-12,present,0
7634,764,2024-12-12,present,0
7635,764,2024-09-19,late,24
7636,764,2025-05-05,present,0
7637,764,2024-11-05,present,0
7638,764,2025-06-20,present,0
7639,764,2024-11-25,present,0
7640,764,2025-03-03,present,0
7641,765,2023-03-07,present,0
7642,765,2022-11-30,present,0
7643,765,2022-11-08,present,0
7644,765,2023-03-06,present,0
7645,765,2023-06-14,present,0
7646,765,2022-12-05,present,0
7647,765,2023-06-06,present,0
7648,765,2023-06-08,present,0
7649,765,2022-12-27,present,0
7650,765,2023-03-22,present,0
7651,766,2024-11-04,present,0
7652,766,2025-04-28,present,0
7653,766,2025-01-27,present,0
7654,766,2025-02-07,present,0
7655,766,2025-04-11,present,0
7656,766,2025-04-28,present,0
7657,766,2025-04-14,present,0
7658,766,2024-11-26,present,0
7659,766,2024-11-05,present,0
7660,766,2025-03-03,present,0
7661,767,2025-03-04,present,0
7662,767,2025-05-06,present,0
7663,767,2024-11-21,present,0
7664,767,2025-06-02,present,0
7665,767,2024-09-30,present,0
7666,767,2025-01-14,present,0
7667,767,2025-03-03,present,0
7668,767,2025-03-07,present,0
7669,767,2024-09-23,present,0
7670,767,2024-12-17,present,0
7671,768,2023-05-15,present,0
7672,768,2023-04-07,present,0
7673,768,2022-09-27,present,0
7674,768,2023-03-27,present,0
7675,768,2022-09-12,present,0
7676,768,2022-12-26,present,0
7677,768,2022-12-01,present,0
7678,768,2023-06-20,present,0
7679,768,2023-04-20,present,0
7680,768,2023-03-02,present,0
7681,769,2024-10-14,present,0
7682,769,2025-04-17,present,0
7683,769,2025-05-19,present,0
7684,769,2025-05-26,present,0
7685,769,2025-01-13,present,0
7686,769,2024-12-17,present,0
7687,769,2025-02-03,present,0
7688,769,2025-06-18,present,0
7689,769,2024-10-30,present,0
7690,769,2024-12-02,present,0
7691,770,2023-03-03,present,0
7692,770,2023-01-27,present,0
7693,770,2023-02-28,present,0
7694,770,2023-04-05,present,0
7695,770,2023-01-16,present,0
7696,770,2023-02-27,present,0
7697,770,2022-09-20,present,0
7698,770,2022-10-10,present,0
7699,770,2022-10-18,present,0
7700,770,2023-01-19,late,26
7701,771,2025-02-10,present,0
7702,771,2025-03-10,present,0
7703,771,2025-03-24,present,0
7704,771,2024-12-23,present,0
7705,771,2024-10-07,present,0
7706,771,2025-01-02,late,11
7707,771,2025-06-09,present,0
7708,771,2025-05-21,present,0
7709,771,2025-05-12,present,0
7710,771,2024-11-04,present,0
7711,772,2023-06-12,present,0
7712,772,2023-04-05,present,0
7713,772,2023-02-13,present,0
7714,772,2022-09-16,present,0
7715,772,2023-01-30,present,0
7716,772,2023-04-07,present,0
7717,772,2023-04-17,present,0
7718,772,2023-06-19,present,0
7719,772,2022-12-06,present,0
7720,772,2023-05-08,present,0
7721,773,2024-03-26,present,0
7722,773,2023-10-12,late,18
7723,773,2023-10-02,absent,0
7724,773,2023-12-04,present,0
7725,773,2024-05-08,absent,0
7726,773,2024-03-25,present,0
7727,773,2024-06-05,absent,0
7728,773,2024-04-30,present,0
7729,773,2024-04-22,present,0
7730,773,2023-09-19,present,0
7731,774,2023-11-14,present,0
7732,774,2024-03-19,present,0
7733,774,2024-04-08,present,0
7734,774,2023-10-12,present,0
7735,774,2023-12-06,present,0
7736,774,2024-04-12,absent,0
7737,774,2024-03-18,present,0
7738,774,2024-02-21,present,0
7739,774,2024-03-25,present,0
7740,774,2024-03-07,late,23
7741,775,2025-04-22,present,0
7742,775,2025-05-02,present,0
7743,775,2025-02-03,absent,0
7744,775,2025-05-16,present,0
7745,775,2024-11-04,present,0
7746,775,2025-01-06,present,0
7747,775,2025-03-21,present,0
7748,775,2024-10-14,absent,0
7749,775,2025-03-26,present,0
7750,775,2025-01-20,present,0
7751,776,2024-12-30,present,0
7752,776,2025-02-24,present,0
7753,776,2025-06-17,present,0
7754,776,2025-05-19,present,0
7755,776,2024-11-21,present,0
7756,776,2024-12-30,present,0
7757,776,2025-02-03,present,0
7758,776,2024-11-04,present,0
7759,776,2025-04-01,present,0
7760,776,2025-01-20,present,0
7761,777,2024-12-09,present,0
7762,777,2025-05-01,present,0
7763,777,2025-05-16,present,0
7764,777,2024-12-09,present,0
7765,777,2024-10-30,present,0
7766,777,2025-03-24,present,0
7767,777,2024-12-09,present,0
7768,777,2025-03-19,present,0
7769,777,2025-05-19,present,0
7770,777,2025-05-05,present,0
7771,778,2024-12-30,present,0
7772,778,2025-04-18,present,0
7773,778,2025-02-24,present,0
7774,778,2025-01-06,present,0
7775,778,2025-05-26,present,0
7776,778,2024-09-13,present,0
7777,778,2024-10-28,present,0
7778,778,2024-09-23,present,0
7779,778,2024-11-05,present,0
7780,778,2025-05-19,present,0
7781,779,2023-01-05,present,0
7782,779,2022-10-31,present,0
7783,779,2023-04-05,present,0
7784,779,2023-01-06,present,0
7785,779,2023-01-09,present,0
7786,779,2023-06-20,present,0
7787,779,2022-09-15,present,0
7788,779,2022-12-01,present,0
7789,779,2022-10-26,present,0
7790,779,2022-12-02,present,0
7791,780,2024-02-12,present,0
7792,780,2023-12-12,present,0
7793,780,2024-05-16,present,0
7794,780,2023-12-11,present,0
7795,780,2023-09-15,present,0
7796,780,2024-06-17,present,0
7797,780,2023-11-28,late,32
7798,780,2024-01-12,present,0
7799,780,2024-03-22,absent,0
7800,780,2024-02-12,present,0
7801,781,2024-12-03,present,0
7802,781,2025-05-09,present,0
7803,781,2025-03-27,present,0
7804,781,2025-02-19,present,0
7805,781,2025-01-01,present,0
7806,781,2025-03-21,present,0
7807,781,2024-12-16,present,0
7808,781,2024-12-16,present,0
7809,781,2025-05-07,present,0
7810,781,2024-10-23,present,0
7811,782,2024-09-20,present,0
7812,782,2024-10-08,present,0
7813,782,2024-12-19,present,0
7814,782,2025-02-28,present,0
7815,782,2025-05-08,present,0
7816,782,2024-12-25,present,0
7817,782,2024-12-12,late,26
7818,782,2025-04-21,absent,0
7819,782,2025-06-04,present,0
7820,782,2024-11-20,present,0
7821,783,2023-02-27,present,0
7822,783,2023-01-11,absent,0
7823,783,2022-12-08,present,0
7824,783,2023-03-30,present,0
7825,783,2023-06-16,present,0
7826,783,2023-03-06,present,0
7827,783,2022-09-22,present,0
7828,783,2023-06-05,present,0
7829,783,2022-12-02,late,29
7830,783,2023-03-29,present,0
7831,784,2023-11-03,present,0
7832,784,2024-06-03,present,0
7833,784,2024-04-04,present,0
7834,784,2024-05-03,present,0
7835,784,2024-03-11,present,0
7836,784,2023-10-16,present,0
7837,784,2023-12-08,present,0
7838,784,2024-02-21,absent,0
7839,784,2024-04-22,present,0
7840,784,2024-05-13,excused,0
7841,785,2024-06-17,present,0
7842,785,2024-06-05,present,0
7843,785,2024-02-07,present,0
7844,785,2024-02-13,present,0
7845,785,2024-04-29,present,0
7846,785,2024-01-31,absent,0
7847,785,2024-05-08,present,0
7848,785,2024-01-03,present,0
7849,785,2023-10-02,present,0
7850,785,2023-11-13,present,0
7851,786,2024-05-30,present,0
7852,786,2023-09-18,present,0
7853,786,2024-03-06,absent,0
7854,786,2023-10-12,present,0
7855,786,2024-05-13,present,0
7856,786,2023-11-13,present,0
7857,786,2024-04-02,excused,0
7858,786,2024-04-12,present,0
7859,786,2024-02-06,present,0
7860,786,2023-10-04,present,0
7861,787,2022-10-10,present,0
7862,787,2022-10-10,late,28
7863,787,2023-05-09,present,0
7864,787,2023-01-19,present,0
7865,787,2023-05-03,present,0
7866,787,2023-04-17,present,0
7867,787,2022-10-17,present,0
7868,787,2022-12-05,present,0
7869,787,2022-11-24,present,0
7870,787,2023-03-31,present,0
7871,788,2025-02-26,present,0
7872,788,2025-04-30,present,0
7873,788,2024-09-19,present,0
7874,788,2024-11-27,late,22
7875,788,2025-06-18,present,0
7876,788,2024-11-19,present,0
7877,788,2025-03-28,absent,0
7878,788,2025-03-13,present,0
7879,788,2025-05-30,present,0
7880,788,2024-11-06,present,0
7881,789,2022-12-01,present,0
7882,789,2023-04-24,present,0
7883,789,2023-05-22,present,0
7884,789,2022-09-23,absent,0
7885,789,2023-03-28,present,0
7886,789,2023-02-03,present,0
7887,789,2023-01-04,present,0
7888,789,2023-02-23,present,0
7889,789,2022-10-12,present,0
7890,789,2022-09-16,present,0
7891,790,2022-10-10,present,0
7892,790,2022-10-03,present,0
7893,790,2023-01-06,present,0
7894,790,2022-11-24,excused,0
7895,790,2023-05-01,present,0
7896,790,2022-11-14,present,0
7897,790,2023-04-20,present,0
7898,790,2022-10-26,absent,0
7899,790,2023-01-16,present,0
7900,790,2022-12-06,present,0
7901,791,2022-11-11,present,0
7902,791,2023-04-24,present,0
7903,791,2023-01-02,present,0
7904,791,2023-04-07,present,0
7905,791,2022-10-03,present,0
7906,791,2023-05-22,present,0
7907,791,2023-01-06,present,0
7908,791,2022-11-18,present,0
7909,791,2022-10-24,present,0
7910,791,2023-05-19,present,0
7911,792,2022-09-23,present,0
7912,792,2023-02-13,present,0
7913,792,2022-12-21,present,0
7914,792,2022-12-21,present,0
7915,792,2023-02-21,present,0
7916,792,2023-05-26,present,0
7917,792,2022-10-31,present,0
7918,792,2022-11-28,absent,0
7919,792,2022-10-03,present,0
7920,792,2023-06-19,present,0
7921,793,2024-09-11,present,0
7922,793,2025-04-16,present,0
7923,793,2025-02-03,present,0
7924,793,2024-09-24,present,0
7925,793,2025-01-06,present,0
7926,793,2024-12-02,present,0
7927,793,2025-01-07,present,0
7928,793,2025-05-12,present,0
7929,793,2025-02-03,present,0
7930,793,2024-11-18,absent,0
7931,794,2023-06-16,present,0
7932,794,2022-10-07,present,0
7933,794,2023-04-06,present,0
7934,794,2022-11-07,present,0
7935,794,2023-02-20,present,0
7936,794,2023-02-13,present,0
7937,794,2022-11-18,present,0
7938,794,2023-02-27,present,0
7939,794,2023-05-24,present,0
7940,794,2023-01-23,present,0
7941,795,2023-11-20,present,0
7942,795,2023-09-26,present,0
7943,795,2024-03-07,present,0
7944,795,2024-04-30,present,0
7945,795,2023-10-11,late,27
7946,795,2023-09-20,present,0
7947,795,2023-12-11,present,0
7948,795,2024-01-01,present,0
7949,795,2024-01-15,present,0
7950,795,2024-01-01,present,0
7951,796,2025-01-20,absent,0
7952,796,2024-11-15,excused,0
7953,796,2025-06-06,present,0
7954,796,2024-12-27,late,25
7955,796,2024-11-04,present,0
7956,796,2024-12-02,present,0
7957,796,2024-09-12,present,0
7958,796,2024-12-16,present,0
7959,796,2024-11-22,present,0
7960,796,2024-12-18,excused,0
7961,797,2023-09-15,present,0
7962,797,2024-05-29,absent,0
7963,797,2024-04-29,absent,0
7964,797,2024-01-08,present,0
7965,797,2023-09-11,present,0
7966,797,2023-12-18,present,0
7967,797,2024-03-04,present,0
7968,797,2024-02-26,present,0
7969,797,2024-03-07,present,0
7970,797,2023-10-31,present,0
7971,798,2024-04-17,present,0
7972,798,2024-05-20,present,0
7973,798,2023-11-10,present,0
7974,798,2023-10-02,absent,0
7975,798,2024-04-08,present,0
7976,798,2023-09-18,present,0
7977,798,2024-03-20,absent,0
7978,798,2023-12-08,excused,0
7979,798,2024-05-06,present,0
7980,798,2024-05-30,present,0
7981,799,2025-05-29,absent,0
7982,799,2025-05-08,absent,0
7983,799,2024-10-10,absent,0
7984,799,2025-01-01,present,0
7985,799,2024-09-30,present,0
7986,799,2025-05-07,present,0
7987,799,2025-02-06,present,0
7988,799,2024-11-20,present,0
7989,799,2025-02-11,present,0
7990,799,2025-03-24,present,0
7991,800,2022-09-19,present,0
7992,800,2022-11-17,absent,0
7993,800,2023-01-09,present,0
7994,800,2023-06-19,present,0
7995,800,2023-01-02,absent,0
7996,800,2022-09-15,present,0
7997,800,2023-04-21,absent,0
7998,800,2022-10-04,present,0
7999,800,2023-02-07,present,0
8000,800,2022-10-05,present,0
8001,801,2023-03-06,present,0
8002,801,2022-11-28,present,0
8003,801,2023-02-14,present,0
8004,801,2022-10-17,absent,0
8005,801,2022-11-09,absent,0
8006,801,2023-06-19,present,0
8007,801,2023-04-17,present,0
8008,801,2022-10-07,present,0
8009,801,2022-12-28,present,0
8010,801,2023-06-05,present,0
8011,802,2023-05-10,present,0
8012,802,2023-01-13,absent,0
8013,802,2023-04-26,excused,0
8014,802,2022-11-24,present,0
8015,802,2022-12-14,present,0
8016,802,2023-03-24,excused,0
8017,802,2023-04-07,present,0
8018,802,2023-05-31,present,0
8019,802,2023-05-22,present,0
8020,802,2022-10-10,present,0
8021,803,2024-10-16,present,0
8022,803,2024-09-12,present,0
8023,803,2024-10-18,present,0
8024,803,2025-04-10,present,0
8025,803,2025-02-03,present,0
8026,803,2024-09-23,present,0
8027,803,2024-11-15,present,0
8028,803,2024-10-24,present,0
8029,803,2025-03-06,present,0
8030,803,2025-01-27,present,0
8031,804,2023-06-09,present,0
8032,804,2022-12-05,present,0
8033,804,2022-12-14,late,15
8034,804,2023-02-13,present,0
8035,804,2022-10-31,excused,0
8036,804,2022-12-20,present,0
8037,804,2022-12-07,present,0
8038,804,2022-10-14,present,0
8039,804,2023-02-01,present,0
8040,804,2023-05-08,present,0
8041,805,2023-02-09,present,0
8042,805,2022-09-16,late,11
8043,805,2023-06-06,present,0
8044,805,2022-11-28,present,0
8045,805,2023-05-29,present,0
8046,805,2022-10-31,present,0
8047,805,2022-12-14,present,0
8048,805,2023-06-07,present,0
8049,805,2023-05-11,present,0
8050,805,2023-01-23,present,0
8051,806,2024-06-17,present,0
8052,806,2024-04-24,present,0
8053,806,2023-10-27,excused,0
8054,806,2024-05-29,late,29
8055,806,2023-11-20,present,0
8056,806,2024-04-30,present,0
8057,806,2024-05-20,present,0
8058,806,2023-10-23,absent,0
8059,806,2023-10-02,present,0
8060,806,2024-04-10,present,0
8061,807,2024-11-18,excused,0
8062,807,2025-06-16,present,0
8063,807,2024-12-09,present,0
8064,807,2025-03-10,absent,0
8065,807,2024-11-28,present,0
8066,807,2024-12-02,present,0
8067,807,2025-06-02,present,0
8068,807,2024-10-15,present,0
8069,807,2024-11-11,present,0
8070,807,2025-06-13,present,0
8071,808,2023-11-29,present,0
8072,808,2024-01-22,present,0
8073,808,2024-01-03,present,0
8074,808,2024-01-01,present,0
8075,808,2023-10-24,present,0
8076,808,2023-11-13,present,0
8077,808,2023-12-20,present,0
8078,808,2024-03-25,present,0
8079,808,2023-12-29,present,0
8080,808,2024-03-22,present,0
8081,809,2023-03-30,present,0
8082,809,2022-09-29,present,0
8083,809,2023-02-20,late,20
8084,809,2022-09-13,present,0
8085,809,2022-10-31,present,0
8086,809,2023-06-06,present,0
8087,809,2023-01-31,present,0
8088,809,2022-11-04,present,0
8089,809,2023-03-27,present,0
8090,809,2023-01-25,present,0
8091,810,2025-05-05,present,0
8092,810,2024-11-27,present,0
8093,810,2024-12-30,present,0
8094,810,2025-03-06,present,0
8095,810,2025-06-02,present,0
8096,810,2025-01-27,present,0
8097,810,2025-05-07,late,34
8098,810,2025-01-13,present,0
8099,810,2024-10-24,present,0
8100,810,2025-05-15,present,0
8101,811,2024-12-30,present,0
8102,811,2025-03-31,present,0
8103,811,2025-06-13,present,0
8104,811,2025-05-02,present,0
8105,811,2025-06-16,present,0
8106,811,2025-04-14,present,0
8107,811,2025-05-19,present,0
8108,811,2025-02-17,present,0
8109,811,2025-03-28,present,0
8110,811,2024-12-18,present,0
8111,812,2025-03-10,present,0
8112,812,2025-05-29,present,0
8113,812,2024-11-04,present,0
8114,812,2025-06-03,present,0
8115,812,2025-06-06,present,0
8116,812,2025-02-10,present,0
8117,812,2025-05-09,present,0
8118,812,2025-06-10,present,0
8119,812,2025-06-09,present,0
8120,812,2025-01-09,present,0
8121,813,2023-02-13,present,0
8122,813,2022-12-21,present,0
8123,813,2023-05-02,present,0
8124,813,2022-10-04,present,0
8125,813,2022-12-05,present,0
8126,813,2022-12-19,present,0
8127,813,2023-05-01,present,0
8128,813,2023-06-19,present,0
8129,813,2022-11-21,present,0
8130,813,2023-06-05,present,0
8131,814,2025-04-07,present,0
8132,814,2024-12-05,late,24
8133,814,2025-01-24,present,0
8134,814,2024-09-25,present,0
8135,814,2025-03-26,present,0
8136,814,2025-03-13,present,0
8137,814,2025-05-19,present,0
8138,814,2025-03-05,present,0
8139,814,2025-03-17,present,0
8140,814,2025-05-05,present,0
8141,815,2023-04-12,present,0
8142,815,2022-12-19,present,0
8143,815,2022-10-25,present,0
8144,815,2022-11-22,present,0
8145,815,2022-11-02,present,0
8146,815,2022-09-26,present,0
8147,815,2023-01-05,late,6
8148,815,2022-10-21,present,0
8149,815,2022-11-23,present,0
8150,815,2023-06-15,present,0
8151,816,2025-04-03,present,0
8152,816,2024-11-25,present,0
8153,816,2025-05-05,present,0
8154,816,2025-06-20,late,27
8155,816,2025-06-12,present,0
8156,816,2024-10-07,present,0
8157,816,2025-01-27,present,0
8158,816,2025-02-25,present,0
8159,816,2025-01-27,late,29
8160,816,2025-02-10,present,0
8161,817,2025-03-07,late,5
8162,817,2025-02-03,present,0
8163,817,2024-09-20,present,0
8164,817,2025-04-02,present,0
8165,817,2025-01-27,present,0
8166,817,2025-02-03,present,0
8167,817,2025-05-19,present,0
8168,817,2025-01-13,present,0
8169,817,2025-01-30,present,0
8170,817,2024-11-25,present,0
8171,818,2024-10-28,present,0
8172,818,2025-05-22,present,0
8173,818,2025-04-01,excused,0
8174,818,2024-09-26,present,0
8175,818,2024-12-23,present,0
8176,818,2025-02-10,present,0
8177,818,2025-02-19,present,0
8178,818,2025-06-10,present,0
8179,818,2025-03-31,present,0
8180,818,2025-01-10,present,0
8181,819,2025-01-06,present,0
8182,819,2025-03-28,present,0
8183,819,2025-02-28,late,29
8184,819,2025-03-31,present,0
8185,819,2024-12-31,present,0
8186,819,2025-03-11,present,0
8187,819,2024-10-10,present,0
8188,819,2025-06-18,present,0
8189,819,2025-02-14,present,0
8190,819,2024-10-01,present,0
8191,820,2024-04-08,present,0
8192,820,2023-12-21,present,0
8193,820,2023-09-27,present,0
8194,820,2023-09-12,excused,0
8195,820,2023-12-13,present,0
8196,820,2024-01-15,present,0
8197,820,2024-06-17,present,0
8198,820,2024-04-03,present,0
8199,820,2023-11-06,present,0
8200,820,2023-12-04,present,0
8201,821,2025-03-31,present,0
8202,821,2024-09-23,present,0
8203,821,2024-11-11,present,0
8204,821,2025-03-05,absent,0
8205,821,2025-01-27,present,0
8206,821,2024-12-23,present,0
8207,821,2025-05-14,present,0
8208,821,2025-02-20,present,0
8209,821,2024-12-16,present,0
8210,821,2025-03-14,present,0
8211,822,2023-09-13,present,0
8212,822,2024-04-15,present,0
8213,822,2024-06-03,present,0
8214,822,2023-12-28,present,0
8215,822,2023-09-13,present,0
8216,822,2024-04-08,present,0
8217,822,2023-11-02,present,0
8218,822,2023-11-08,present,0
8219,822,2023-09-18,present,0
8220,822,2024-03-04,present,0
8221,823,2025-05-16,present,0
8222,823,2024-12-16,present,0
8223,823,2024-12-02,present,0
8224,823,2025-01-28,excused,0
8225,823,2025-01-31,present,0
8226,823,2025-03-24,present,0
8227,823,2024-12-16,present,0
8228,823,2025-02-03,present,0
8229,823,2024-12-23,present,0
8230,823,2025-05-30,late,7
8231,824,2024-04-08,present,0
8232,824,2024-02-26,present,0
8233,824,2024-05-08,present,0
8234,824,2024-06-17,present,0
8235,824,2023-10-23,present,0
8236,824,2023-11-27,present,0
8237,824,2023-10-16,present,0
8238,824,2023-09-11,present,0
8239,824,2024-03-26,present,0
8240,824,2024-04-17,present,0
8241,825,2023-05-08,present,0
8242,825,2022-12-30,present,0
8243,825,2023-01-09,present,0
8244,825,2023-01-04,present,0
8245,825,2022-11-14,present,0
8246,825,2022-12-01,present,0
8247,825,2022-12-12,present,0
8248,825,2022-10-13,present,0
8249,825,2022-10-10,present,0
8250,825,2023-05-18,present,0
8251,826,2024-05-23,present,0
8252,826,2023-11-09,present,0
8253,826,2024-06-20,present,0
8254,826,2024-02-19,present,0
8255,826,2023-11-20,present,0
8256,826,2023-12-08,present,0
8257,826,2023-12-29,present,0
8258,826,2024-02-14,late,8
8259,826,2024-01-10,present,0
8260,826,2024-06-03,present,0
8261,827,2023-11-24,present,0
8262,827,2023-10-25,present,0
8263,827,2023-09-18,present,0
8264,827,2023-10-02,present,0
8265,827,2024-01-16,present,0
8266,827,2024-02-05,present,0
8267,827,2024-04-29,present,0
8268,827,2024-06-07,present,0
8269,827,2024-01-29,present,0
8270,827,2024-01-01,late,8
8271,828,2023-05-12,present,0
8272,828,2022-11-14,present,0
8273,828,2022-12-19,present,0
8274,828,2022-11-22,present,0
8275,828,2023-02-27,present,0
8276,828,2022-10-18,present,0
8277,828,2023-04-10,late,29
8278,828,2023-02-20,present,0
8279,828,2023-02-20,present,0
8280,828,2022-12-29,present,0
8281,829,2023-04-21,present,0
8282,829,2023-03-06,present,0
8283,829,2023-05-01,present,0
8284,829,2023-04-24,present,0
8285,829,2023-02-13,present,0
8286,829,2022-10-17,present,0
8287,829,2022-10-21,present,0
8288,829,2023-03-03,present,0
8289,829,2023-04-26,present,0
8290,829,2022-10-24,present,0
8291,830,2023-11-01,present,0
8292,830,2024-01-01,late,6
8293,830,2023-11-07,excused,0
8294,830,2024-05-07,excused,0
8295,830,2023-12-15,present,0
8296,830,2024-03-07,present,0
8297,830,2023-11-16,present,0
8298,830,2024-05-14,present,0
8299,830,2024-05-20,present,0
8300,830,2024-05-01,late,27
8301,831,2025-05-30,present,0
8302,831,2025-01-17,present,0
8303,831,2025-06-16,present,0
8304,831,2025-06-05,present,0
8305,831,2025-05-30,present,0
8306,831,2024-09-19,present,0
8307,831,2025-06-02,present,0
8308,831,2025-05-12,absent,0
8309,831,2025-06-16,present,0
8310,831,2025-02-04,present,0
8311,832,2023-10-19,late,18
8312,832,2024-04-08,present,0
8313,832,2023-12-13,present,0
8314,832,2024-03-20,present,0
8315,832,2023-10-10,present,0
8316,832,2024-01-23,present,0
8317,832,2023-11-28,present,0
8318,832,2023-10-05,present,0
8319,832,2023-10-23,present,0
8320,832,2023-12-25,present,0
8321,833,2023-06-19,present,0
8322,833,2023-02-03,present,0
8323,833,2023-05-29,present,0
8324,833,2022-12-07,present,0
8325,833,2023-02-28,present,0
8326,833,2023-03-20,late,6
8327,833,2023-04-21,present,0
8328,833,2023-05-12,present,0
8329,833,2022-11-11,present,0
8330,833,2023-04-27,present,0
8331,834,2022-10-17,present,0
8332,834,2023-02-28,present,0
8333,834,2022-11-30,present,0
8334,834,2023-04-24,present,0
8335,834,2023-04-04,present,0
8336,834,2023-01-30,present,0
8337,834,2023-03-22,present,0
8338,834,2023-05-15,present,0
8339,834,2022-12-12,present,0
8340,834,2023-03-29,present,0
8341,835,2025-05-19,present,0
8342,835,2025-05-07,present,0
8343,835,2025-05-02,present,0
8344,835,2025-01-29,present,0
8345,835,2024-11-01,present,0
8346,835,2024-10-15,present,0
8347,835,2025-05-12,present,0
8348,835,2025-03-25,present,0
8349,835,2025-05-05,present,0
8350,835,2024-10-28,present,0
8351,836,2025-05-05,present,0
8352,836,2025-05-16,present,0
8353,836,2025-04-14,present,0
8354,836,2024-10-21,present,0
8355,836,2025-04-28,present,0
8356,836,2025-01-02,late,5
8357,836,2025-04-07,late,20
8358,836,2025-03-10,present,0
8359,836,2024-12-04,present,0
8360,836,2025-03-18,present,0
8361,837,2024-12-10,present,0
8362,837,2024-12-09,absent,0
8363,837,2025-06-03,present,0
8364,837,2025-04-16,excused,0
8365,837,2025-05-07,absent,0
8366,837,2025-01-13,present,0
8367,837,2024-12-09,present,0
8368,837,2024-09-12,present,0
8369,837,2025-01-30,late,20
8370,837,2024-12-27,absent,0
8371,838,2023-04-13,present,0
8372,838,2023-03-03,present,0
8373,838,2023-03-23,present,0
8374,838,2023-01-18,present,0
8375,838,2023-05-02,present,0
8376,838,2023-01-30,present,0
8377,838,2023-02-27,present,0
8378,838,2023-04-21,present,0
8379,838,2022-11-23,present,0
8380,838,2022-10-31,late,8
8381,839,2025-05-05,present,0
8382,839,2024-11-25,present,0
8383,839,2024-12-30,present,0
8384,839,2024-09-19,present,0
8385,839,2025-03-07,present,0
8386,839,2025-02-25,excused,0
8387,839,2025-05-27,present,0
8388,839,2024-11-11,present,0
8389,839,2024-12-31,present,0
8390,839,2025-03-10,present,0
8391,840,2023-02-20,present,0
8392,840,2022-09-20,present,0
8393,840,2022-11-23,absent,0
8394,840,2022-11-09,present,0
8395,840,2022-11-28,present,0
8396,840,2023-02-06,late,31
8397,840,2022-11-28,present,0
8398,840,2022-09-19,present,0
8399,840,2022-12-26,excused,0
8400,840,2023-05-10,excused,0
8401,841,2024-11-25,present,0
8402,841,2025-03-31,absent,0
8403,841,2024-09-30,present,0
8404,841,2025-03-04,absent,0
8405,841,2024-12-09,present,0
8406,841,2024-10-18,present,0
8407,841,2024-11-12,absent,0
8408,841,2024-09-12,present,0
8409,841,2024-12-25,present,0
8410,841,2024-11-20,absent,0
8411,842,2025-04-25,present,0
8412,842,2025-06-12,present,0
8413,842,2024-10-04,late,6
8414,842,2025-01-20,present,0
8415,842,2025-03-03,present,0
8416,842,2024-09-24,present,0
8417,842,2025-03-03,present,0
8418,842,2024-11-04,present,0
8419,842,2024-12-06,present,0
8420,842,2024-11-04,present,0
8421,843,2023-04-20,present,0
8422,843,2022-10-03,present,0
8423,843,2022-10-06,present,0
8424,843,2022-09-30,late,22
8425,843,2022-10-13,present,0
8426,843,2022-11-04,late,22
8427,843,2023-02-01,present,0
8428,843,2023-03-27,present,0
8429,843,2023-06-06,present,0
8430,843,2023-04-03,absent,0
8431,844,2025-03-21,present,0
8432,844,2025-04-15,present,0
8433,844,2024-09-16,present,0
8434,844,2024-11-11,present,0
8435,844,2025-06-12,present,0
8436,844,2024-11-04,present,0
8437,844,2025-03-17,present,0
8438,844,2024-12-19,absent,0
8439,844,2025-01-31,present,0
8440,844,2024-12-09,present,0
8441,845,2024-02-05,present,0
8442,845,2024-02-13,present,0
8443,845,2024-02-05,excused,0
8444,845,2024-01-02,present,0
8445,845,2023-10-30,present,0
8446,845,2023-10-30,present,0
8447,845,2023-12-18,present,0
8448,845,2024-02-19,present,0
8449,845,2024-02-15,present,0
8450,845,2024-02-02,present,0
8451,846,2022-12-08,present,0
8452,846,2023-01-10,present,0
8453,846,2022-11-07,present,0
8454,846,2023-01-30,present,0
8455,846,2023-02-27,present,0
8456,846,2022-11-14,present,0
8457,846,2023-03-30,present,0
8458,846,2023-06-19,present,0
8459,846,2023-06-13,present,0
8460,846,2023-06-02,present,0
8461,847,2025-05-28,present,0
8462,847,2025-05-21,present,0
8463,847,2025-04-07,present,0
8464,847,2024-11-28,present,0
8465,847,2024-10-11,present,0
8466,847,2025-03-31,present,0
8467,847,2025-02-14,present,0
8468,847,2025-05-12,present,0
8469,847,2025-03-24,present,0
8470,847,2024-09-23,present,0
8471,848,2022-12-29,present,0
8472,848,2023-02-21,present,0
8473,848,2022-10-28,present,0
8474,848,2022-12-05,present,0
8475,848,2023-03-21,present,0
8476,848,2023-02-28,present,0
8477,848,2023-01-16,present,0
8478,848,2022-11-23,present,0
8479,848,2022-11-15,present,0
8480,848,2022-10-20,present,0
8481,849,2024-10-21,present,0
8482,849,2025-02-19,present,0
8483,849,2025-05-27,present,0
8484,849,2024-10-02,present,0
8485,849,2025-05-19,present,0
8486,849,2024-12-17,present,0
8487,849,2025-05-20,present,0
8488,849,2024-09-16,present,0
8489,849,2025-02-11,present,0
8490,849,2025-06-20,present,0
8491,850,2024-12-06,present,0
8492,850,2025-01-06,present,0
8493,850,2025-01-21,present,0
8494,850,2025-01-06,present,0
8495,850,2024-09-18,present,0
8496,850,2024-11-25,present,0
8497,850,2024-12-30,present,0
8498,850,2025-03-06,present,0
8499,850,2025-04-07,present,0
8500,850,2025-04-03,present,0
8501,851,2024-03-01,excused,0
8502,851,2024-06-03,present,0
8503,851,2024-01-22,present,0
8504,851,2024-03-01,late,5
8505,851,2024-06-17,present,0
8506,851,2024-04-10,present,0
8507,851,2023-10-03,absent,0
8508,851,2023-09-18,present,0
8509,851,2024-06-10,present,0
8510,851,2023-10-27,present,0
8511,852,2023-05-09,present,0
8512,852,2023-05-29,late,25
8513,852,2023-01-09,present,0
8514,852,2022-12-01,present,0
8515,852,2022-09-26,present,0
8516,852,2022-11-07,present,0
8517,852,2023-05-29,present,0
8518,852,2022-11-03,present,0
8519,852,2022-12-26,present,0
8520,852,2023-01-04,late,32
8521,853,2023-12-04,excused,0
8522,853,2024-02-27,present,0
8523,853,2024-02-19,present,0
8524,853,2024-01-08,present,0
8525,853,2024-01-01,present,0
8526,853,2024-01-19,present,0
8527,853,2023-12-25,present,0
8528,853,2023-10-02,present,0
8529,853,2024-05-27,present,0
8530,853,2024-04-19,present,0
8531,854,2022-09-13,present,0
8532,854,2023-02-28,present,0
8533,854,2023-04-27,present,0
8534,854,2023-04-13,present,0
8535,854,2022-12-19,present,0
8536,854,2023-02-28,present,0
8537,854,2022-09-26,present,0
8538,854,2022-09-28,present,0
8539,854,2023-01-09,late,15
8540,854,2022-12-26,present,0
8541,855,2023-12-07,present,0
8542,855,2023-12-14,present,0
8543,855,2023-09-25,present,0
8544,855,2023-11-28,present,0
8545,855,2023-10-05,present,0
8546,855,2023-10-03,present,0
8547,855,2023-12-06,present,0
8548,855,2023-12-20,present,0
8549,855,2024-02-22,present,0
8550,855,2024-03-04,present,0
8551,856,2023-11-28,present,0
8552,856,2024-03-08,present,0
8553,856,2024-04-26,present,0
8554,856,2024-02-19,present,0
8555,856,2023-09-22,present,0
8556,856,2024-06-07,excused,0
8557,856,2023-10-24,present,0
8558,856,2024-01-05,present,0
8559,856,2023-12-25,present,0
8560,856,2023-11-27,present,0
8561,857,2023-02-13,late,19
8562,857,2022-09-13,present,0
8563,857,2023-01-16,present,0
8564,857,2022-12-09,present,0
8565,857,2023-01-30,present,0
8566,857,2022-12-05,present,0
8567,857,2022-09-12,present,0
8568,857,2023-04-13,present,0
8569,857,2023-04-06,present,0
8570,857,2023-01-19,present,0
8571,858,2023-10-23,present,0
8572,858,2024-05-14,present,0
8573,858,2024-01-16,present,0
8574,858,2024-02-26,present,0
8575,858,2024-01-24,present,0
8576,858,2024-01-15,present,0
8577,858,2024-04-22,present,0
8578,858,2024-01-08,present,0
8579,858,2023-10-18,present,0
8580,858,2024-06-19,present,0
8581,859,2024-06-10,present,0
8582,859,2024-06-19,present,0
8583,859,2024-02-15,present,0
8584,859,2023-10-03,absent,0
8585,859,2024-03-12,late,23
8586,859,2024-05-27,absent,0
8587,859,2023-12-11,present,0
8588,859,2024-02-02,present,0
8589,859,2024-02-08,late,26
8590,859,2024-05-27,present,0
8591,860,2025-01-30,present,0
8592,860,2024-10-11,absent,0
8593,860,2025-04-25,present,0
8594,860,2025-03-13,absent,0
8595,860,2025-02-19,present,0
8596,860,2025-02-06,absent,0
8597,860,2025-02-13,present,0
8598,860,2024-12-16,present,0
8599,860,2024-10-22,present,0
8600,860,2024-11-28,present,0
8601,861,2024-02-12,late,32
8602,861,2024-01-15,present,0
8603,861,2024-01-29,present,0
8604,861,2024-04-16,present,0
8605,861,2023-10-09,present,0
8606,861,2024-06-03,excused,0
8607,861,2023-10-09,present,0
8608,861,2024-05-08,late,16
8609,861,2024-03-29,present,0
8610,861,2024-06-10,present,0
8611,862,2023-11-06,present,0
8612,862,2024-06-17,present,0
8613,862,2023-09-13,present,0
8614,862,2024-05-14,present,0
8615,862,2023-12-26,present,0
8616,862,2023-12-11,present,0
8617,862,2023-10-16,present,0
8618,862,2023-12-29,present,0
8619,862,2023-09-11,present,0
8620,862,2023-10-16,present,0
8621,863,2022-11-14,present,0
8622,863,2022-10-21,present,0
8623,863,2022-12-15,present,0
8624,863,2023-03-06,excused,0
8625,863,2023-06-05,present,0
8626,863,2023-03-31,present,0
8627,863,2022-10-10,present,0
8628,863,2022-09-15,present,0
8629,863,2023-01-24,present,0
8630,863,2023-06-19,present,0
8631,864,2024-02-12,present,0
8632,864,2024-02-14,late,28
8633,864,2024-01-26,present,0
8634,864,2024-05-27,present,0
8635,864,2024-06-11,present,0
8636,864,2023-10-17,present,0
8637,864,2024-02-09,present,0
8638,864,2024-04-30,present,0
8639,864,2024-04-30,present,0
8640,864,2024-02-12,present,0
8641,865,2023-10-24,present,0
8642,865,2024-04-15,present,0
8643,865,2024-02-08,present,0
8644,865,2024-02-13,excused,0
8645,865,2023-12-18,present,0
8646,865,2023-09-18,present,0
8647,865,2023-12-25,present,0
8648,865,2024-01-01,present,0
8649,865,2024-05-27,present,0
8650,865,2024-06-17,present,0
8651,866,2024-12-02,present,0
8652,866,2025-06-12,present,0
8653,866,2025-01-16,present,0
8654,866,2024-10-25,late,27
8655,866,2025-05-08,present,0
8656,866,2025-01-20,present,0
8657,866,2025-05-19,present,0
8658,866,2024-10-01,present,0
8659,866,2024-12-30,present,0
8660,866,2025-04-14,present,0
8661,867,2025-02-25,present,0
8662,867,2024-11-01,late,9
8663,867,2024-12-10,present,0
8664,867,2025-02-20,present,0
8665,867,2025-03-24,present,0
8666,867,2024-10-09,present,0
8667,867,2025-04-30,present,0
8668,867,2024-09-27,present,0
8669,867,2025-03-21,present,0
8670,867,2025-05-05,present,0
8671,868,2023-03-06,present,0
8672,868,2023-04-24,present,0
8673,868,2022-11-28,present,0
8674,868,2023-02-17,present,0
8675,868,2023-06-19,present,0
8676,868,2023-01-16,present,0
8677,868,2022-11-09,present,0
8678,868,2023-05-03,present,0
8679,868,2022-11-07,present,0
8680,868,2023-04-19,present,0
8681,869,2025-01-14,present,0
8682,869,2025-03-07,present,0
8683,869,2024-12-13,present,0
8684,869,2025-04-21,late,8
8685,869,2025-02-21,present,0
8686,869,2025-04-15,present,0
8687,869,2025-03-31,present,0
8688,869,2025-04-03,present,0
8689,869,2025-03-17,present,0
8690,869,2024-12-17,present,0
8691,870,2023-05-01,present,0
8692,870,2023-04-04,present,0
8693,870,2023-02-21,late,24
8694,870,2023-01-18,present,0
8695,870,2023-06-12,present,0
8696,870,2022-09-23,absent,0
8697,870,2022-10-25,present,0
8698,870,2022-12-19,present,0
8699,870,2023-02-03,absent,0
8700,870,2023-02-27,late,9
8701,871,2023-01-26,present,0
8702,871,2022-09-26,present,0
8703,871,2023-05-29,present,0
8704,871,2022-10-18,present,0
8705,871,2023-04-18,present,0
8706,871,2023-04-07,present,0
8707,871,2023-03-08,present,0
8708,871,2023-06-15,excused,0
8709,871,2023-06-15,present,0
8710,871,2023-01-16,absent,0
8711,872,2025-01-29,present,0
8712,872,2024-10-08,present,0
8713,872,2025-05-12,present,0
8714,872,2024-12-13,present,0
8715,872,2025-01-13,present,0
8716,872,2024-10-10,present,0
8717,872,2024-10-21,late,11
8718,872,2024-11-25,present,0
8719,872,2025-05-05,present,0
8720,872,2024-09-13,present,0
8721,873,2025-01-14,present,0
8722,873,2024-09-16,present,0
8723,873,2025-05-28,present,0
8724,873,2025-04-14,present,0
8725,873,2025-06-06,present,0
8726,873,2024-12-06,late,14
8727,873,2024-11-26,present,0
8728,873,2024-11-25,present,0
8729,873,2025-05-19,present,0
8730,873,2025-04-25,present,0
8731,874,2024-05-23,present,0
8732,874,2023-12-25,present,0
8733,874,2023-11-27,present,0
8734,874,2024-04-10,present,0
8735,874,2023-12-20,present,0
8736,874,2023-10-04,present,0
8737,874,2024-04-23,present,0
8738,874,2023-12-18,present,0
8739,874,2023-09-13,present,0
8740,874,2023-09-27,present,0
8741,875,2022-09-12,present,0
8742,875,2023-04-21,present,0
8743,875,2022-10-10,late,15
8744,875,2023-03-20,present,0
8745,875,2023-04-05,present,0
8746,875,2023-05-05,present,0
8747,875,2022-11-09,present,0
8748,875,2023-03-27,present,0
8749,875,2023-02-06,present,0
8750,875,2022-11-15,present,0
8751,876,2025-02-24,present,0
8752,876,2024-09-27,present,0
8753,876,2025-03-17,present,0
8754,876,2024-09-17,present,0
8755,876,2025-03-19,present,0
8756,876,2024-10-18,present,0
8757,876,2025-02-03,present,0
8758,876,2024-09-23,present,0
8759,876,2025-06-06,present,0
8760,876,2024-11-22,present,0
8761,877,2023-11-13,excused,0
8762,877,2024-02-14,present,0
8763,877,2023-09-25,absent,0
8764,877,2023-10-04,present,0
8765,877,2024-02-21,present,0
8766,877,2023-10-18,present,0
8767,877,2024-04-03,present,0
8768,877,2024-03-28,present,0
8769,877,2023-11-21,present,0
8770,877,2024-03-12,present,0
8771,878,2025-04-03,present,0
8772,878,2025-06-09,present,0
8773,878,2024-12-17,present,0
8774,878,2025-03-10,present,0
8775,878,2025-03-31,present,0
8776,878,2025-06-18,present,0
8777,878,2025-05-28,present,0
8778,878,2024-11-21,absent,0
8779,878,2024-09-24,present,0
8780,878,2024-10-07,absent,0
8781,879,2022-10-12,absent,0
8782,879,2023-03-20,present,0
8783,879,2023-04-12,excused,0
8784,879,2023-02-14,excused,0
8785,879,2022-09-09,present,0
8786,879,2022-09-19,present,0
8787,879,2023-02-24,present,0
8788,879,2022-11-28,absent,0
8789,879,2023-01-06,present,0
8790,879,2022-11-09,present,0
8791,880,2025-01-22,present,0
8792,880,2025-05-20,present,0
8793,880,2024-10-08,late,25
8794,880,2025-01-02,excused,0
8795,880,2025-03-13,present,0
8796,880,2025-02-12,absent,0
8797,880,2025-01-06,present,0
8798,880,2025-04-11,present,0
8799,880,2025-03-17,present,0
8800,880,2025-02-07,absent,0
8801,881,2023-01-30,present,0
8802,881,2023-02-06,present,0
8803,881,2023-05-24,late,15
8804,881,2023-01-23,present,0
8805,881,2023-05-22,present,0
8806,881,2023-02-27,present,0
8807,881,2022-10-17,present,0
8808,881,2023-03-08,present,0
8809,881,2022-12-19,present,0
8810,881,2023-03-29,late,11
8811,882,2025-03-17,present,0
8812,882,2025-04-28,present,0
8813,882,2024-10-31,present,0
8814,882,2024-12-11,present,0
8815,882,2024-10-14,present,0
8816,882,2024-12-13,present,0
8817,882,2025-05-12,present,0
8818,882,2024-11-21,present,0
8819,882,2024-12-23,present,0
8820,882,2025-03-14,present,0
8821,883,2023-05-23,present,0
8822,883,2023-05-23,late,9
8823,883,2023-02-23,present,0
8824,883,2022-12-19,present,0
8825,883,2022-12-15,present,0
8826,883,2022-09-16,present,0
8827,883,2022-11-16,present,0
8828,883,2022-10-05,present,0
8829,883,2023-03-27,present,0
8830,883,2022-12-19,present,0
8831,884,2023-12-25,present,0
8832,884,2024-02-05,present,0
8833,884,2023-12-25,present,0
8834,884,2024-02-05,present,0
8835,884,2023-11-14,present,0
8836,884,2024-04-09,present,0
8837,884,2023-10-23,present,0
8838,884,2024-03-19,present,0
8839,884,2024-01-24,present,0
8840,884,2024-05-06,present,0
8841,885,2022-11-28,excused,0
8842,885,2023-04-21,present,0
8843,885,2023-06-08,present,0
8844,885,2022-11-07,present,0
8845,885,2022-11-28,late,21
8846,885,2023-03-27,present,0
8847,885,2022-09-28,present,0
8848,885,2023-04-17,present,0
8849,885,2023-04-03,present,0
8850,885,2022-11-09,present,0
8851,886,2025-03-18,present,0
8852,886,2025-03-04,present,0
8853,886,2025-05-05,present,0
8854,886,2025-03-20,present,0
8855,886,2025-02-10,present,0
8856,886,2024-12-17,present,0
8857,886,2025-02-18,present,0
8858,886,2025-01-02,present,0
8859,886,2025-02-05,present,0
8860,886,2024-12-10,present,0
8861,887,2022-11-21,present,0
8862,887,2022-12-12,present,0
8863,887,2022-12-19,late,10
8864,887,2023-01-06,present,0
8865,887,2023-01-16,present,0
8866,887,2023-03-07,present,0
8867,887,2022-12-15,present,0
8868,887,2023-02-17,present,0
8869,887,2022-10-31,present,0
8870,887,2022-09-26,present,0
8871,888,2023-02-07,present,0
8872,888,2023-05-04,present,0
8873,888,2023-01-16,excused,0
8874,888,2023-04-10,late,16
8875,888,2022-11-14,present,0
8876,888,2023-02-17,present,0
8877,888,2023-03-13,absent,0
8878,888,2022-09-26,present,0
8879,888,2023-02-13,present,0
8880,888,2023-04-13,present,0
8881,889,2024-02-13,present,0
8882,889,2024-03-04,present,0
8883,889,2024-04-09,present,0
8884,889,2023-12-28,present,0
8885,889,2023-10-09,present,0
8886,889,2023-11-03,absent,0
8887,889,2023-09-19,present,0
8888,889,2024-03-25,present,0
8889,889,2023-09-21,present,0
8890,889,2024-04-04,present,0
8891,890,2024-10-08,present,0
8892,890,2025-03-31,present,0
8893,890,2025-05-21,late,25
8894,890,2025-06-02,late,30
8895,890,2025-05-26,present,0
8896,890,2025-05-09,present,0
8897,890,2025-01-27,present,0
8898,890,2025-03-03,present,0
8899,890,2025-04-01,absent,0
8900,890,2024-10-31,present,0
8901,891,2025-04-10,present,0
8902,891,2024-09-18,present,0
8903,891,2025-03-31,present,0
8904,891,2024-11-12,absent,0
8905,891,2024-09-18,present,0
8906,891,2025-05-26,excused,0
8907,891,2025-02-13,present,0
8908,891,2025-04-28,present,0
8909,891,2024-12-12,present,0
8910,891,2025-02-25,absent,0
8911,892,2022-09-19,present,0
8912,892,2022-10-05,present,0
8913,892,2022-09-26,present,0
8914,892,2023-01-12,present,0
8915,892,2023-02-22,present,0
8916,892,2023-03-27,present,0
8917,892,2023-01-03,present,0
8918,892,2022-12-05,present,0
8919,892,2023-03-03,present,0
8920,892,2023-06-19,present,0
8921,893,2023-06-01,present,0
8922,893,2023-02-13,present,0
8923,893,2023-03-21,present,0
8924,893,2023-04-19,present,0
8925,893,2023-04-21,present,0
8926,893,2023-04-24,present,0
8927,893,2022-10-26,present,0
8928,893,2022-12-05,present,0
8929,893,2023-04-05,present,0
8930,893,2023-01-16,present,0
8931,894,2023-09-27,present,0
8932,894,2024-06-10,present,0
8933,894,2024-06-10,present,0
8934,894,2024-05-08,late,5
8935,894,2023-10-02,present,0
8936,894,2024-02-20,present,0
8937,894,2024-02-26,present,0
8938,894,2024-02-28,present,0
8939,894,2024-01-08,late,33
8940,894,2024-06-03,present,0
8941,895,2023-10-02,present,0
8942,895,2024-05-15,present,0
8943,895,2024-02-28,present,0
8944,895,2024-02-20,present,0
8945,895,2024-04-24,present,0
8946,895,2024-05-27,present,0
8947,895,2023-12-04,present,0
8948,895,2024-05-27,present,0
8949,895,2024-04-23,present,0
8950,895,2024-01-22,present,0
8951,896,2025-05-20,present,0
8952,896,2024-12-05,late,26
8953,896,2025-03-17,present,0
8954,896,2025-06-11,present,0
8955,896,2025-01-20,present,0
8956,896,2025-03-12,present,0
8957,896,2024-12-05,late,7
8958,896,2024-11-01,present,0
8959,896,2024-10-21,present,0
8960,896,2025-05-22,present,0
8961,897,2024-03-27,absent,0
8962,897,2024-05-15,present,0
8963,897,2023-11-15,present,0
8964,897,2023-10-31,present,0
8965,897,2024-02-29,excused,0
8966,897,2024-03-28,present,0
8967,897,2024-05-30,present,0
8968,897,2024-06-03,present,0
8969,897,2024-05-16,present,0
8970,897,2024-03-05,present,0
8971,898,2022-12-16,present,0
8972,898,2023-01-20,present,0
8973,898,2023-02-06,excused,0
8974,898,2022-11-07,present,0
8975,898,2022-12-29,present,0
8976,898,2023-03-27,present,0
8977,898,2023-04-17,present,0
8978,898,2023-01-20,present,0
8979,898,2022-12-05,present,0
8980,898,2022-09-28,present,0
8981,899,2024-12-23,present,0
8982,899,2025-04-14,present,0
8983,899,2025-04-07,present,0
8984,899,2025-03-10,present,0
8985,899,2025-03-10,present,0
8986,899,2024-11-12,present,0
8987,899,2025-03-05,present,0
8988,899,2025-04-14,excused,0
8989,899,2024-09-26,present,0
8990,899,2025-05-12,present,0
8991,900,2024-11-25,present,0
8992,900,2025-05-23,present,0
8993,900,2024-09-19,present,0
8994,900,2024-12-16,present,0
8995,900,2024-12-06,present,0
8996,900,2025-04-08,present,0
8997,900,2024-11-01,absent,0
8998,900,2025-05-26,present,0
8999,900,2024-10-08,present,0
9000,900,2025-02-05,absent,0
9001,901,2025-02-24,present,0
9002,901,2025-01-31,present,0
9003,901,2024-12-16,present,0
9004,901,2025-04-10,present,0
9005,901,2025-02-11,present,0
9006,901,2024-10-07,late,32
9007,901,2024-10-22,present,0
9008,901,2025-01-20,absent,0
9009,901,2025-04-28,present,0
9010,901,2025-01-22,present,0
9011,902,2022-12-13,present,0
9012,902,2023-01-27,present,0
9013,902,2023-01-23,present,0
9014,902,2023-04-24,present,0
9015,902,2023-02-17,present,0
9016,902,2023-03-13,present,0
9017,902,2022-10-07,present,0
9018,902,2023-03-16,present,0
9019,902,2023-05-01,present,0
9020,902,2022-11-18,late,5
9021,903,2024-10-14,present,0
9022,903,2024-10-11,present,0
9023,903,2024-11-19,present,0
9024,903,2025-05-19,present,0
9025,903,2024-09-16,present,0
9026,903,2024-09-26,present,0
9027,903,2024-11-11,present,0
9028,903,2025-06-02,present,0
9029,903,2024-11-28,present,0
9030,903,2024-11-08,present,0
9031,904,2024-04-08,present,0
9032,904,2024-03-29,present,0
9033,904,2024-04-04,present,0
9034,904,2023-12-25,present,0
9035,904,2024-05-07,present,0
9036,904,2024-04-01,present,0
9037,904,2023-10-18,present,0
9038,904,2024-01-09,present,0
9039,904,2024-04-15,present,0
9040,904,2024-04-18,present,0
9041,905,2024-02-05,present,0
9042,905,2023-09-11,absent,0
9043,905,2023-12-01,present,0
9044,905,2024-04-15,present,0
9045,905,2024-01-02,excused,0
9046,905,2024-01-05,present,0
9047,905,2024-03-22,present,0
9048,905,2023-12-25,late,7
9049,905,2023-10-23,present,0
9050,905,2024-03-04,absent,0
9051,906,2025-02-10,present,0
9052,906,2024-11-12,present,0
9053,906,2025-02-24,present,0
9054,906,2024-12-09,present,0
9055,906,2025-02-05,present,0
9056,906,2025-04-21,present,0
9057,906,2025-05-21,present,0
9058,906,2024-10-28,late,19
9059,906,2025-01-10,present,0
9060,906,2025-05-21,present,0
9061,907,2024-06-10,present,0
9062,907,2024-04-30,absent,0
9063,907,2024-01-23,excused,0
9064,907,2023-10-18,present,0
9065,907,2023-09-11,present,0
9066,907,2024-04-11,present,0
9067,907,2024-04-30,present,0
9068,907,2023-12-06,absent,0
9069,907,2024-01-12,present,0
9070,907,2024-03-12,present,0
9071,908,2025-04-17,present,0
9072,908,2025-05-06,present,0
9073,908,2024-10-14,present,0
9074,908,2025-03-25,present,0
9075,908,2024-11-04,present,0
9076,908,2025-04-21,present,0
9077,908,2025-03-14,present,0
9078,908,2025-03-17,present,0
9079,908,2025-01-17,excused,0
9080,908,2024-11-15,present,0
9081,909,2023-09-25,present,0
9082,909,2023-09-25,present,0
9083,909,2023-10-04,present,0
9084,909,2024-02-13,present,0
9085,909,2023-10-27,present,0
9086,909,2024-02-20,present,0
9087,909,2023-12-12,present,0
9088,909,2024-01-08,present,0
9089,909,2024-02-16,present,0
9090,909,2024-01-25,present,0
9091,910,2024-09-27,present,0
9092,910,2025-01-21,present,0
9093,910,2025-05-29,present,0
9094,910,2025-03-24,excused,0
9095,910,2024-10-07,late,13
9096,910,2024-11-18,present,0
9097,910,2025-04-14,present,0
9098,910,2024-12-03,excused,0
9099,910,2025-02-05,excused,0
9100,910,2024-11-01,present,0
9101,911,2023-02-22,late,31
9102,911,2023-02-13,present,0
9103,911,2023-06-12,absent,0
9104,911,2023-03-08,present,0
9105,911,2022-10-31,absent,0
9106,911,2023-01-30,present,0
9107,911,2023-02-27,present,0
9108,911,2023-02-09,present,0
9109,911,2022-11-14,present,0
9110,911,2023-01-12,present,0
9111,912,2024-01-12,present,0
9112,912,2024-06-17,present,0
9113,912,2023-11-06,present,0
9114,912,2023-12-19,present,0
9115,912,2023-11-30,present,0
9116,912,2024-03-11,present,0
9117,912,2023-11-24,present,0
9118,912,2023-11-28,present,0
9119,912,2023-10-24,present,0
9120,912,2024-01-26,present,0
9121,913,2023-12-01,present,0
9122,913,2023-10-30,present,0
9123,913,2024-05-01,present,0
9124,913,2023-11-07,present,0
9125,913,2024-03-13,present,0
9126,913,2024-05-24,present,0
9127,913,2024-01-22,present,0
9128,913,2024-03-25,present,0
9129,913,2024-03-25,present,0
9130,913,2024-05-08,present,0
9131,914,2024-04-22,present,0
9132,914,2024-01-12,present,0
9133,914,2024-06-06,excused,0
9134,914,2024-03-15,present,0
9135,914,2023-12-26,present,0
9136,914,2024-03-14,late,22
9137,914,2023-11-16,present,0
9138,914,2023-11-08,present,0
9139,914,2024-06-03,present,0
9140,914,2023-10-13,present,0
9141,915,2025-05-05,excused,0
9142,915,2025-03-03,present,0
9143,915,2025-03-21,present,0
9144,915,2025-01-16,absent,0
9145,915,2024-11-28,present,0
9146,915,2024-10-07,present,0
9147,915,2025-06-20,present,0
9148,915,2024-10-15,present,0
9149,915,2025-03-19,present,0
9150,915,2024-10-21,present,0
9151,916,2023-06-01,absent,0
9152,916,2022-10-03,present,0
9153,916,2023-05-29,present,0
9154,916,2023-03-06,absent,0
9155,916,2022-10-03,present,0
9156,916,2022-09-13,excused,0
9157,916,2023-06-07,absent,0
9158,916,2023-01-30,present,0
9159,916,2023-01-30,present,0
9160,916,2023-03-20,present,0
9161,917,2025-02-13,present,0
9162,917,2025-02-20,present,0
9163,917,2025-02-13,present,0
9164,917,2024-09-24,absent,0
9165,917,2024-12-09,present,0
9166,917,2025-04-11,absent,0
9167,917,2025-01-07,present,0
9168,917,2025-02-11,present,0
9169,917,2025-03-18,present,0
9170,917,2025-04-23,present,0
9171,918,2023-10-26,present,0
9172,918,2024-01-15,present,0
9173,918,2024-05-01,present,0
9174,918,2023-10-16,excused,0
9175,918,2023-12-25,present,0
9176,918,2023-11-13,late,17
9177,918,2024-04-15,present,0
9178,918,2023-10-23,present,0
9179,918,2024-02-12,present,0
9180,918,2023-09-11,present,0
9181,919,2025-05-12,present,0
9182,919,2024-11-18,present,0
9183,919,2025-05-15,present,0
9184,919,2024-11-07,present,0
9185,919,2025-03-24,present,0
9186,919,2024-11-12,present,0
9187,919,2025-01-08,present,0
9188,919,2024-11-18,present,0
9189,919,2025-06-16,present,0
9190,919,2025-02-17,present,0
9191,920,2024-05-10,present,0
9192,920,2023-10-18,present,0
9193,920,2024-01-16,present,0
9194,920,2024-05-27,present,0
9195,920,2024-02-05,present,0
9196,920,2024-06-17,present,0
9197,920,2024-06-05,present,0
9198,920,2023-09-29,present,0
9199,920,2024-01-11,present,0
9200,920,2024-06-10,present,0
9201,921,2025-05-20,present,0
9202,921,2025-05-06,late,8
9203,921,2025-05-22,present,0
9204,921,2025-06-09,present,0
9205,921,2024-11-04,present,0
9206,921,2025-03-31,present,0
9207,921,2024-11-13,present,0
9208,921,2025-03-03,present,0
9209,921,2025-05-01,present,0
9210,921,2024-10-07,present,0
9211,922,2023-11-20,present,0
9212,922,2024-04-01,present,0
9213,922,2024-05-07,present,0
9214,922,2024-03-14,present,0
9215,922,2023-11-27,present,0
9216,922,2023-11-13,present,0
9217,922,2024-04-18,present,0
9218,922,2023-10-27,present,0
9219,922,2023-11-13,present,0
9220,922,2024-01-25,present,0
9221,923,2025-04-21,present,0
9222,923,2025-04-21,present,0
9223,923,2024-09-19,present,0
9224,923,2025-02-03,present,0
9225,923,2024-11-04,present,0
9226,923,2025-03-31,present,0
9227,923,2025-03-03,present,0
9228,923,2025-01-13,present,0
9229,923,2024-09-23,present,0
9230,923,2025-01-09,present,0
9231,924,2023-01-30,present,0
9232,924,2023-02-15,present,0
9233,924,2023-03-14,present,0
9234,924,2023-05-31,present,0
9235,924,2023-02-20,present,0
9236,924,2023-02-10,present,0
9237,924,2022-12-12,present,0
9238,924,2023-02-22,present,0
9239,924,2022-11-10,present,0
9240,924,2022-09-12,present,0
9241,925,2024-10-04,present,0
9242,925,2025-06-04,present,0
9243,925,2024-12-06,present,0
9244,925,2025-05-05,present,0
9245,925,2024-11-15,present,0
9246,925,2024-12-09,present,0
9247,925,2025-03-26,present,0
9248,925,2025-06-09,late,17
9249,925,2024-11-04,present,0
9250,925,2025-03-17,present,0
9251,926,2024-02-08,present,0
9252,926,2023-09-18,absent,0
9253,926,2024-04-15,present,0
9254,926,2023-10-23,present,0
9255,926,2024-06-13,present,0
9256,926,2024-04-15,present,0
9257,926,2024-01-08,present,0
9258,926,2023-11-08,present,0
9259,926,2023-12-19,present,0
9260,926,2023-10-06,present,0
9261,927,2024-06-06,excused,0
9262,927,2024-01-11,late,23
9263,927,2023-10-11,present,0
9264,927,2024-04-08,present,0
9265,927,2023-10-09,present,0
9266,927,2023-11-13,present,0
9267,927,2024-03-07,present,0
9268,927,2024-06-11,present,0
9269,927,2023-10-20,present,0
9270,927,2023-09-14,present,0
9271,928,2022-11-30,present,0
9272,928,2022-09-26,present,0
9273,928,2023-01-26,present,0
9274,928,2022-10-31,absent,0
9275,928,2023-04-26,present,0
9276,928,2023-05-29,present,0
9277,928,2023-03-24,present,0
9278,928,2023-01-02,excused,0
9279,928,2023-05-15,present,0
9280,928,2023-01-02,present,0
9281,929,2022-10-27,present,0
9282,929,2023-05-15,present,0
9283,929,2023-04-19,present,0
9284,929,2023-06-13,late,23
9285,929,2023-05-15,present,0
9286,929,2023-05-31,late,23
9287,929,2023-04-03,present,0
9288,929,2023-06-13,present,0
9289,929,2023-03-27,present,0
9290,929,2022-12-02,present,0
9291,930,2023-11-01,present,0
9292,930,2024-02-15,present,0
9293,930,2024-04-09,late,13
9294,930,2023-11-10,present,0
9295,930,2023-10-30,present,0
9296,930,2024-01-29,present,0
9297,930,2024-03-15,present,0
9298,930,2024-06-20,present,0
9299,930,2024-04-23,present,0
9300,930,2024-04-11,present,0
9301,931,2022-12-19,present,0
9302,931,2022-10-14,present,0
9303,931,2023-05-31,present,0
9304,931,2023-01-30,present,0
9305,931,2023-05-08,present,0
9306,931,2022-10-10,present,0
9307,931,2022-11-14,present,0
9308,931,2023-04-26,present,0
9309,931,2023-04-21,excused,0
9310,931,2022-09-27,present,0
9311,932,2025-01-13,present,0
9312,932,2024-12-27,present,0
9313,932,2025-06-10,present,0
9314,932,2024-10-28,present,0
9315,932,2025-01-10,present,0
9316,932,2025-03-13,absent,0
9317,932,2025-05-26,present,0
9318,932,2025-05-05,present,0
9319,932,2025-06-09,present,0
9320,932,2024-11-11,present,0
9321,933,2023-02-28,present,0
9322,933,2023-06-15,present,0
9323,933,2023-02-16,absent,0
9324,933,2023-03-06,absent,0
9325,933,2023-06-05,present,0
9326,933,2023-02-27,present,0
9327,933,2022-11-08,late,22
9328,933,2023-01-19,present,0
9329,933,2022-12-07,present,0
9330,933,2023-05-22,present,0
9331,934,2023-10-30,present,0
9332,934,2023-09-25,excused,0
9333,934,2023-10-27,late,30
9334,934,2024-02-28,present,0
9335,934,2024-05-17,present,0
9336,934,2023-10-03,absent,0
9337,934,2024-02-20,present,0
9338,934,2024-01-22,excused,0
9339,934,2023-09-11,absent,0
9340,934,2023-11-06,present,0
9341,935,2023-03-17,absent,0
9342,935,2023-05-18,present,0
9343,935,2023-05-22,present,0
9344,935,2023-04-05,absent,0
9345,935,2023-01-06,absent,0
9346,935,2022-12-30,present,0
9347,935,2022-10-13,absent,0
9348,935,2023-01-09,late,16
9349,935,2023-02-13,present,0
9350,935,2022-10-04,late,32
9351,936,2022-10-20,present,0
9352,936,2023-01-11,excused,0
9353,936,2022-09-19,present,0
9354,936,2022-12-06,absent,0
9355,936,2023-04-17,present,0
9356,936,2023-03-14,present,0
9357,936,2023-01-02,present,0
9358,936,2022-12-29,absent,0
9359,936,2022-12-26,present,0
9360,936,2023-05-12,present,0
9361,937,2022-11-21,present,0
9362,937,2023-05-24,present,0
9363,937,2023-04-06,absent,0
9364,937,2022-10-05,present,0
9365,937,2022-12-20,present,0
9366,937,2023-01-16,present,0
9367,937,2023-05-17,present,0
9368,937,2023-01-16,present,0
9369,937,2022-10-07,present,0
9370,937,2023-05-08,present,0
9371,938,2024-02-02,present,0
9372,938,2024-02-08,present,0
9373,938,2024-05-17,present,0
9374,938,2024-04-16,present,0
9375,938,2024-05-06,present,0
9376,938,2023-12-11,present,0
9377,938,2023-12-29,present,0
9378,938,2024-04-09,present,0
9379,938,2023-10-11,present,0
9380,938,2023-11-13,present,0
9381,939,2023-03-10,present,0
9382,939,2023-04-07,present,0
9383,939,2023-02-20,present,0
9384,939,2022-10-07,present,0
9385,939,2023-03-06,present,0
9386,939,2023-04-27,present,0
9387,939,2022-10-25,present,0
9388,939,2023-04-19,late,34
9389,939,2023-05-22,present,0
9390,939,2023-06-08,present,0
9391,940,2023-10-16,absent,0
9392,940,2024-06-17,absent,0
9393,940,2024-04-15,present,0
9394,940,2024-03-25,late,32
9395,940,2023-12-13,present,0
9396,940,2023-11-15,present,0
9397,940,2023-10-16,present,0
9398,940,2024-01-22,present,0
9399,940,2024-01-17,present,0
9400,940,2024-06-10,present,0
9401,941,2025-05-27,present,0
9402,941,2025-04-10,present,0
9403,941,2024-11-20,present,0
9404,941,2024-09-16,present,0
9405,941,2024-09-23,late,30
9406,941,2024-09-24,late,20
9407,941,2025-03-07,absent,0
9408,941,2025-02-12,present,0
9409,941,2024-11-22,absent,0
9410,941,2025-01-27,present,0
9411,942,2023-02-02,absent,0
9412,942,2022-09-15,present,0
9413,942,2023-03-13,present,0
9414,942,2023-03-20,present,0
9415,942,2022-11-02,excused,0
9416,942,2023-02-20,absent,0
9417,942,2022-12-19,present,0
9418,942,2023-06-09,present,0
9419,942,2022-12-06,present,0
9420,942,2022-12-21,present,0
9421,943,2023-03-24,absent,0
9422,943,2023-04-18,present,0
9423,943,2022-10-24,present,0
9424,943,2022-12-26,present,0
9425,943,2022-12-08,absent,0
9426,943,2023-01-16,present,0
9427,943,2022-11-28,present,0
9428,943,2022-10-27,present,0
9429,943,2023-04-24,present,0
9430,943,2022-11-14,present,0
9431,944,2024-12-27,present,0
9432,944,2024-10-07,present,0
9433,944,2025-01-28,present,0
9434,944,2025-04-24,present,0
9435,944,2024-12-16,present,0
9436,944,2025-06-19,present,0
9437,944,2024-12-09,present,0
9438,944,2025-02-24,absent,0
9439,944,2025-03-04,excused,0
9440,944,2025-05-05,present,0
9441,945,2023-09-18,present,0
9442,945,2023-09-26,present,0
9443,945,2023-10-05,present,0
9444,945,2024-06-10,present,0
9445,945,2024-03-21,present,0
9446,945,2024-01-23,present,0
9447,945,2023-10-09,present,0
9448,945,2023-12-04,absent,0
9449,945,2024-06-10,late,23
9450,945,2024-04-19,present,0
9451,946,2025-01-29,present,0
9452,946,2024-10-02,present,0
9453,946,2024-12-10,present,0
9454,946,2025-01-20,present,0
9455,946,2025-02-24,present,0
9456,946,2025-03-19,present,0
9457,946,2025-03-25,present,0
9458,946,2025-03-11,present,0
9459,946,2025-05-16,present,0
9460,946,2025-02-07,present,0
9461,947,2024-03-27,present,0
9462,947,2023-10-02,present,0
9463,947,2023-11-14,present,0
9464,947,2023-10-23,present,0
9465,947,2023-11-09,late,29
9466,947,2024-04-05,absent,0
9467,947,2024-01-12,present,0
9468,947,2023-12-28,present,0
9469,947,2024-03-22,present,0
9470,947,2024-06-03,present,0
9471,948,2025-06-12,present,0
9472,948,2024-12-23,present,0
9473,948,2025-05-19,present,0
9474,948,2025-06-13,present,0
9475,948,2025-05-28,present,0
9476,948,2024-09-11,present,0
9477,948,2025-01-01,present,0
9478,948,2025-04-23,present,0
9479,948,2025-03-10,absent,0
9480,948,2025-01-06,present,0
9481,949,2025-02-19,present,0
9482,949,2024-12-23,present,0
9483,949,2024-10-28,present,0
9484,949,2025-05-23,present,0
9485,949,2025-03-26,present,0
9486,949,2025-01-16,present,0
9487,949,2025-02-04,present,0
9488,949,2024-12-30,late,20
9489,949,2025-03-11,present,0
9490,949,2025-05-05,present,0
9491,950,2025-06-03,present,0
9492,950,2025-04-28,present,0
9493,950,2025-05-21,present,0
9494,950,2025-01-29,present,0
9495,950,2025-04-21,present,0
9496,950,2024-12-16,present,0
9497,950,2024-12-23,present,0
9498,950,2025-03-24,present,0
9499,950,2025-01-21,present,0
9500,950,2025-02-26,present,0
9501,951,2024-10-10,present,0
9502,951,2025-03-13,late,6
9503,951,2024-12-02,present,0
9504,951,2024-10-14,present,0
9505,951,2024-10-09,present,0
9506,951,2025-01-14,present,0
9507,951,2024-12-09,present,0
9508,951,2025-01-16,present,0
9509,951,2025-05-02,present,0
9510,951,2025-05-19,present,0
9511,952,2023-11-09,late,27
9512,952,2024-03-01,present,0
9513,952,2023-12-25,present,0
9514,952,2024-02-12,present,0
9515,952,2023-12-04,present,0
9516,952,2024-03-18,present,0
9517,952,2024-05-29,present,0
9518,952,2024-06-10,present,0
9519,952,2024-01-08,present,0
9520,952,2024-01-11,present,0
9521,953,2023-03-07,present,0
9522,953,2022-10-26,present,0
9523,953,2022-12-12,present,0
9524,953,2022-10-25,present,0
9525,953,2022-09-26,present,0
9526,953,2023-05-10,present,0
9527,953,2023-03-29,present,0
9528,953,2023-02-09,present,0
9529,953,2022-11-08,present,0
9530,953,2023-03-20,present,0
9531,954,2024-10-16,present,0
9532,954,2025-04-14,present,0
9533,954,2025-03-03,present,0
9534,954,2025-01-07,present,0
9535,954,2025-04-14,present,0
9536,954,2024-09-24,present,0
9537,954,2025-05-23,present,0
9538,954,2025-03-17,present,0
9539,954,2025-02-25,present,0
9540,954,2025-06-02,present,0
9541,955,2024-09-09,present,0
9542,955,2024-09-11,present,0
9543,955,2025-06-16,present,0
9544,955,2025-03-07,present,0
9545,955,2025-03-24,present,0
9546,955,2024-11-04,present,0
9547,955,2025-04-07,present,0
9548,955,2024-09-11,late,14
9549,955,2025-05-30,present,0
9550,955,2025-06-17,present,0
9551,956,2024-01-01,present,0
9552,956,2023-09-11,present,0
9553,956,2024-03-05,present,0
9554,956,2024-02-19,present,0
9555,956,2024-03-20,present,0
9556,956,2024-03-15,present,0
9557,956,2023-10-30,present,0
9558,956,2024-04-01,present,0
9559,956,2023-10-16,present,0
9560,956,2023-11-08,present,0
9561,957,2023-02-06,present,0
9562,957,2023-05-15,present,0
9563,957,2022-12-30,present,0
9564,957,2023-05-30,present,0
9565,957,2022-09-23,present,0
9566,957,2023-05-01,present,0
9567,957,2023-01-30,present,0
9568,957,2023-05-02,present,0
9569,957,2022-10-04,late,6
9570,957,2023-03-13,present,0
9571,958,2023-04-17,late,18
9572,958,2023-02-15,present,0
9573,958,2023-05-15,present,0
9574,958,2023-05-26,present,0
9575,958,2022-10-28,present,0
9576,958,2022-11-28,present,0
9577,958,2022-09-26,present,0
9578,958,2022-11-16,late,5
9579,958,2023-04-06,present,0
9580,958,2022-12-29,present,0
9581,959,2025-05-23,present,0
9582,959,2025-05-19,present,0
9583,959,2025-02-07,present,0
9584,959,2024-11-04,present,0
9585,959,2024-10-29,present,0
9586,959,2024-12-20,present,0
9587,959,2025-05-26,present,0
9588,959,2024-09-23,present,0
9589,959,2025-03-17,present,0
9590,959,2025-05-29,present,0
9591,960,2024-05-02,present,0
9592,960,2024-02-29,present,0
9593,960,2024-02-26,present,0
9594,960,2023-09-11,present,0
9595,960,2023-09-22,present,0
9596,960,2023-09-18,present,0
9597,960,2024-02-19,present,0
9598,960,2024-03-08,present,0
9599,960,2024-06-03,present,0
9600,960,2024-06-12,present,0
9601,961,2022-09-13,present,0
9602,961,2022-11-24,present,0
9603,961,2022-12-26,present,0
9604,961,2023-01-31,present,0
9605,961,2023-01-09,present,0
9606,961,2023-05-19,present,0
9607,961,2023-01-23,present,0
9608,961,2023-04-10,present,0
9609,961,2022-09-26,present,0
9610,961,2022-10-31,present,0
9611,962,2024-06-10,present,0
9612,962,2024-01-03,present,0
9613,962,2024-03-28,present,0
9614,962,2024-04-18,late,11
9615,962,2023-10-30,present,0
9616,962,2023-09-25,present,0
9617,962,2024-03-12,present,0
9618,962,2023-10-27,present,0
9619,962,2024-01-29,present,0
9620,962,2024-01-18,present,0
9621,963,2023-05-22,present,0
9622,963,2022-12-19,present,0
9623,963,2022-11-07,present,0
9624,963,2022-10-13,present,0
9625,963,2022-09-26,present,0
9626,963,2022-12-02,present,0
9627,963,2023-01-02,present,0
9628,963,2022-12-26,present,0
9629,963,2023-02-13,present,0
9630,963,2023-04-07,present,0
9631,964,2024-12-16,present,0
9632,964,2025-03-26,present,0
9633,964,2024-12-20,present,0
9634,964,2024-12-16,present,0
9635,964,2025-06-16,present,0
9636,964,2024-10-07,present,0
9637,964,2025-06-09,present,0
9638,964,2025-01-09,late,7
9639,964,2025-05-09,present,0
9640,964,2024-11-12,absent,0
9641,965,2022-12-26,present,0
9642,965,2023-05-26,present,0
9643,965,2023-05-08,present,0
9644,965,2022-09-14,present,0
9645,965,2022-12-09,present,0
9646,965,2023-01-30,present,0
9647,965,2022-10-17,present,0
9648,965,2023-05-15,present,0
9649,965,2022-11-03,absent,0
9650,965,2022-09-28,late,24
9651,966,2022-11-25,present,0
9652,966,2023-02-27,present,0
9653,966,2022-12-13,present,0
9654,966,2022-12-26,present,0
9655,966,2022-12-22,present,0
9656,966,2023-02-24,present,0
9657,966,2022-11-14,present,0
9658,966,2022-09-21,present,0
9659,966,2023-01-25,present,0
9660,966,2022-11-24,late,27
9661,967,2024-10-07,present,0
9662,967,2025-05-01,present,0
9663,967,2025-05-26,present,0
9664,967,2024-12-09,present,0
9665,967,2024-10-15,present,0
9666,967,2024-12-06,present,0
9667,967,2024-10-11,present,0
9668,967,2025-04-18,present,0
9669,967,2024-12-20,present,0
9670,967,2024-11-18,present,0
9671,968,2023-03-27,present,0
9672,968,2023-03-31,present,0
9673,968,2022-09-26,present,0
9674,968,2023-05-10,present,0
9675,968,2022-11-16,present,0
9676,968,2022-12-07,present,0
9677,968,2023-01-27,present,0
9678,968,2022-10-10,present,0
9679,968,2023-02-16,present,0
9680,968,2023-01-25,present,0
9681,969,2023-03-06,present,0
9682,969,2023-04-10,present,0
9683,969,2023-01-04,present,0
9684,969,2023-05-15,present,0
9685,969,2023-02-23,present,0
9686,969,2023-01-09,present,0
9687,969,2023-03-20,present,0
9688,969,2023-01-17,present,0
9689,969,2023-04-17,present,0
9690,969,2023-05-08,present,0
9691,970,2024-04-08,present,0
9692,970,2024-06-14,present,0
9693,970,2023-11-17,present,0
9694,970,2024-03-27,present,0
9695,970,2024-02-20,present,0
9696,970,2024-05-17,present,0
9697,970,2023-10-19,present,0
9698,970,2024-06-17,present,0
9699,970,2024-05-13,present,0
9700,970,2024-03-14,present,0
9701,971,2023-12-18,late,29
9702,971,2024-01-01,present,0
9703,971,2024-01-30,present,0
9704,971,2024-02-09,present,0
9705,971,2024-05-03,present,0
9706,971,2023-10-27,present,0
9707,971,2024-03-12,present,0
9708,971,2023-09-12,present,0
9709,971,2024-06-05,present,0
9710,971,2024-03-04,present,0
9711,972,2024-10-25,present,0
9712,972,2025-01-03,present,0
9713,972,2025-03-13,present,0
9714,972,2025-05-12,present,0
9715,972,2024-10-21,late,5
9716,972,2024-12-16,present,0
9717,972,2024-09-12,present,0
9718,972,2024-10-14,present,0
9719,972,2024-12-24,present,0
9720,972,2025-06-02,present,0
9721,973,2024-11-04,present,0
9722,973,2024-12-25,present,0
9723,973,2025-03-11,present,0
9724,973,2024-11-25,present,0
9725,973,2024-12-16,present,0
9726,973,2025-04-02,present,0
9727,973,2025-01-15,present,0
9728,973,2025-06-19,excused,0
9729,973,2025-01-08,present,0
9730,973,2024-11-11,present,0
9731,974,2025-04-01,present,0
9732,974,2025-01-15,present,0
9733,974,2024-10-24,present,0
9734,974,2025-03-11,present,0
9735,974,2025-04-30,present,0
9736,974,2025-02-14,present,0
9737,974,2025-01-08,late,23
9738,974,2024-10-01,present,0
9739,974,2025-06-12,present,0
9740,974,2025-04-14,present,0
9741,975,2023-04-07,late,6
9742,975,2022-12-19,present,0
9743,975,2022-10-31,present,0
9744,975,2023-03-21,present,0
9745,975,2023-05-08,late,16
9746,975,2022-10-17,present,0
9747,975,2023-04-03,present,0
9748,975,2023-03-31,present,0
9749,975,2023-03-03,present,0
9750,975,2023-01-09,present,0
9751,976,2025-05-14,present,0
9752,976,2025-04-11,present,0
9753,976,2025-01-28,present,0
9754,976,2024-11-18,present,0
9755,976,2025-04-08,present,0
9756,976,2025-03-27,present,0
9757,976,2024-11-20,present,0
9758,976,2024-09-23,excused,0
9759,976,2025-01-01,present,0
9760,976,2025-05-20,present,0
9761,977,2024-09-27,present,0
9762,977,2025-02-28,present,0
9763,977,2025-01-22,present,0
9764,977,2024-11-11,present,0
9765,977,2025-04-16,present,0
9766,977,2024-10-04,excused,0
9767,977,2025-02-03,present,0
9768,977,2025-01-13,present,0
9769,977,2024-12-11,present,0
9770,977,2024-10-31,present,0
9771,978,2025-03-28,present,0
9772,978,2025-01-20,present,0
9773,978,2024-12-06,present,0
9774,978,2025-06-20,present,0
9775,978,2025-03-21,present,0
9776,978,2024-10-18,late,27
9777,978,2025-02-24,excused,0
9778,978,2025-03-13,late,8
9779,978,2025-01-27,present,0
9780,978,2024-12-16,present,0
9781,979,2023-01-13,present,0
9782,979,2022-09-12,present,0
9783,979,2022-12-22,present,0
9784,979,2022-12-05,present,0
9785,979,2022-12-05,present,0
9786,979,2022-11-28,present,0
9787,979,2023-05-19,present,0
9788,979,2022-11-07,present,0
9789,979,2022-12-20,present,0
9790,979,2023-05-16,present,0
9791,980,2024-12-25,present,0
9792,980,2024-12-23,present,0
9793,980,2024-10-01,present,0
9794,980,2025-02-24,absent,0
9795,980,2025-06-09,present,0
9796,980,2025-01-15,present,0
9797,980,2025-03-20,late,24
9798,980,2024-09-20,present,0
9799,980,2024-10-14,present,0
9800,980,2025-03-31,present,0
9801,981,2024-04-12,present,0
9802,981,2024-01-08,present,0
9803,981,2024-02-13,present,0
9804,981,2024-03-07,present,0
9805,981,2023-09-20,late,7
9806,981,2024-06-05,present,0
9807,981,2024-05-15,present,0
9808,981,2024-05-20,present,0
9809,981,2023-10-23,present,0
9810,981,2024-05-31,present,0
9811,982,2025-03-21,present,0
9812,982,2024-12-09,present,0
9813,982,2024-12-12,present,0
9814,982,2024-10-07,present,0
9815,982,2024-10-17,present,0
9816,982,2025-05-07,absent,0
9817,982,2024-11-27,present,0
9818,982,2024-10-07,late,33
9819,982,2025-06-19,present,0
9820,982,2024-10-10,present,0
9821,983,2023-02-23,present,0
9822,983,2022-11-21,present,0
9823,983,2023-05-15,present,0
9824,983,2022-11-29,present,0
9825,983,2022-09-26,present,0
9826,983,2023-04-03,present,0
9827,983,2022-11-02,absent,0
9828,983,2023-04-05,present,0
9829,983,2022-11-07,present,0
9830,983,2023-04-10,present,0
9831,984,2023-10-17,present,0
9832,984,2024-06-13,present,0
9833,984,2023-09-21,present,0
9834,984,2024-06-11,present,0
9835,984,2024-03-04,present,0
9836,984,2024-03-25,present,0
9837,984,2024-04-17,present,0
9838,984,2023-11-06,present,0
9839,984,2023-10-23,present,0
9840,984,2024-05-10,present,0
9841,985,2024-03-21,present,0
9842,985,2024-05-14,present,0
9843,985,2024-02-12,present,0
9844,985,2023-12-07,present,0
9845,985,2023-10-09,present,0
9846,985,2023-12-06,present,0
9847,985,2023-09-11,present,0
9848,985,2024-01-11,present,0
9849,985,2023-09-14,present,0
9850,985,2024-03-04,present,0
9851,986,2024-01-01,present,0
9852,986,2024-03-14,present,0
9853,986,2023-10-03,present,0
9854,986,2023-12-28,present,0
9855,986,2024-06-03,present,0
9856,986,2023-10-12,present,0
9857,986,2023-10-27,present,0
9858,986,2023-12-21,present,0
9859,986,2024-02-12,present,0
9860,986,2024-04-10,present,0
9861,987,2024-03-12,present,0
9862,987,2024-04-29,present,0
9863,987,2024-01-15,present,0
9864,987,2024-05-20,present,0
9865,987,2024-05-15,present,0
9866,987,2024-02-27,present,0
9867,987,2024-03-18,present,0
9868,987,2024-06-03,present,0
9869,987,2024-01-08,present,0
9870,987,2024-02-01,present,0
9871,988,2025-01-16,present,0
9872,988,2024-10-03,present,0
9873,988,2025-02-12,present,0
9874,988,2025-03-24,present,0
9875,988,2025-03-07,present,0
9876,988,2024-10-18,present,0
9877,988,2024-10-02,present,0
9878,988,2024-09-17,present,0
9879,988,2025-01-13,present,0
9880,988,2025-05-07,present,0
9881,989,2023-01-30,present,0
9882,989,2022-11-24,present,0
9883,989,2023-05-23,absent,0
9884,989,2022-09-12,present,0
9885,989,2023-03-02,present,0
9886,989,2022-11-21,present,0
9887,989,2023-04-10,present,0
9888,989,2023-03-20,late,29
9889,989,2022-11-01,present,0
9890,989,2023-03-09,late,27
9891,990,2025-01-02,present,0
9892,990,2025-02-25,present,0
9893,990,2025-03-13,late,7
9894,990,2025-02-03,present,0
9895,990,2024-11-26,excused,0
9896,990,2025-02-24,present,0
9897,990,2025-02-10,present,0
9898,990,2024-12-09,absent,0
9899,990,2025-01-27,present,0
9900,990,2025-04-14,present,0
9901,991,2025-06-16,present,0
9902,991,2024-10-31,absent,0
9903,991,2024-10-07,present,0
9904,991,2024-10-28,present,0
9905,991,2025-06-02,present,0
9906,991,2025-04-23,present,0
9907,991,2024-12-02,present,0
9908,991,2024-10-28,present,0
9909,991,2025-03-31,present,0
9910,991,2024-11-18,present,0
9911,992,2025-06-05,excused,0
9912,992,2024-11-27,present,0
9913,992,2024-11-11,present,0
9914,992,2024-11-04,present,0
9915,992,2025-02-19,present,0
9916,992,2025-05-05,present,0
9917,992,2024-12-26,absent,0
9918,992,2025-05-05,present,0
9919,992,2025-03-03,present,0
9920,992,2025-03-17,absent,0
9921,993,2024-10-11,absent,0
9922,993,2025-01-21,present,0
9923,993,2024-11-25,present,0
9924,993,2024-10-10,excused,0
9925,993,2025-05-06,present,0
9926,993,2025-01-24,present,0
9927,993,2025-02-03,present,0
9928,993,2024-12-12,present,0
9929,993,2025-01-03,late,32
9930,993,2024-09-19,present,0
9931,994,2022-11-18,present,0
9932,994,2022-12-05,present,0
9933,994,2022-09-14,late,28
9934,994,2023-04-20,absent,0
9935,994,2022-10-13,present,0
9936,994,2023-05-02,present,0
9937,994,2023-02-20,present,0
9938,994,2023-04-27,present,0
9939,994,2023-01-03,present,0
9940,994,2023-02-15,present,0
9941,995,2024-05-03,late,30
9942,995,2023-11-01,present,0
9943,995,2024-01-24,present,0
9944,995,2024-05-13,present,0
9945,995,2024-01-05,present,0
9946,995,2023-12-04,present,0
9947,995,2024-04-16,present,0
9948,995,2024-03-18,present,0
9949,995,2023-09-22,present,0
9950,995,2024-02-05,present,0
9951,996,2025-01-06,present,0
9952,996,2024-12-16,present,0
9953,996,2025-01-06,present,0
9954,996,2024-12-18,present,0
9955,996,2024-09-23,excused,0
9956,996,2024-11-13,present,0
9957,996,2025-01-30,present,0
9958,996,2025-05-19,present,0
9959,996,2024-10-15,present,0
9960,996,2024-11-18,present,0
9961,997,2023-02-14,present,0
9962,997,2023-06-19,present,0
9963,997,2022-12-06,present,0
9964,997,2023-01-04,present,0
9965,997,2023-03-02,present,0
9966,997,2023-05-08,present,0
9967,997,2022-12-30,present,0
9968,997,2022-11-14,present,0
9969,997,2022-09-27,present,0
9970,997,2023-03-13,absent,0
9971,998,2025-01-20,present,0
9972,998,2025-04-10,present,0
9973,998,2024-09-11,absent,0
9974,998,2024-10-28,present,0
9975,998,2025-04-21,absent,0
9976,998,2024-09-23,absent,0
9977,998,2025-06-12,present,0
9978,998,2025-02-20,present,0
9979,998,2024-12-02,present,0
9980,998,2025-04-24,present,0
9981,999,2022-12-19,present,0
9982,999,2022-11-18,absent,0
9983,999,2023-05-08,present,0
9984,999,2023-02-03,present,0
9985,999,2022-11-02,present,0
9986,999,2023-02-15,absent,0
9987,999,2023-04-14,present,0
9988,999,2022-11-04,present,0
9989,999,2022-10-04,present,0
9990,999,2023-03-02,present,0
9991,1000,2024-02-07,present,0
9992,1000,2024-05-06,present,0
9993,1000,2024-04-22,present,0
9994,1000,2024-03-22,present,0
9995,1000,2024-05-14,present,0
9996,1000,2024-05-06,present,0
9997,1000,2023-12-14,present,0
9998,1000,2023-11-17,present,0
9999,1000,2024-03-20,present,0
10000,1000,2024-01-09,present,0
10001,1001,2025-03-18,present,0
10002,1001,2025-01-31,present,0
10003,1001,2024-10-21,present,0
10004,1001,2024-10-09,present,0
10005,1001,2024-11-08,present,0
10006,1001,2024-09-23,present,0
10007,1001,2024-09-10,excused,0
10008,1001,2024-11-05,present,0
10009,1001,2024-10-23,present,0
10010,1001,2024-10-01,present,0
10011,1002,2024-11-25,present,0
10012,1002,2024-11-04,present,0
10013,1002,2024-11-21,present,0
10014,1002,2024-11-26,present,0
10015,1002,2024-11-13,present,0
10016,1002,2025-04-28,present,0
10017,1002,2024-10-16,present,0
10018,1002,2024-11-28,present,0
10019,1002,2024-11-15,present,0
10020,1002,2025-04-09,present,0
10021,1003,2025-03-26,present,0
10022,1003,2025-03-03,present,0
10023,1003,2025-05-19,present,0
10024,1003,2024-11-11,present,0
10025,1003,2024-10-09,present,0
10026,1003,2024-10-31,present,0
10027,1003,2025-06-09,present,0
10028,1003,2025-06-02,present,0
10029,1003,2025-01-16,present,0
10030,1003,2025-03-31,present,0
10031,1004,2022-11-23,present,0
10032,1004,2022-10-07,present,0
10033,1004,2022-12-09,present,0
10034,1004,2023-03-27,present,0
10035,1004,2023-02-27,present,0
10036,1004,2023-01-25,present,0
10037,1004,2023-01-09,present,0
10038,1004,2022-12-12,present,0
10039,1004,2022-10-03,present,0
10040,1004,2023-01-23,late,24
10041,1005,2024-10-21,present,0
10042,1005,2025-01-15,present,0
10043,1005,2024-12-02,present,0
10044,1005,2025-01-07,present,0
10045,1005,2025-05-15,present,0
10046,1005,2025-03-17,late,34
10047,1005,2025-06-09,present,0
10048,1005,2024-12-09,excused,0
10049,1005,2024-09-25,present,0
10050,1005,2024-10-11,present,0
10051,1006,2023-03-16,excused,0
10052,1006,2023-02-27,present,0
10053,1006,2023-02-15,present,0
10054,1006,2023-06-02,present,0
10055,1006,2023-01-16,present,0
10056,1006,2023-03-27,present,0
10057,1006,2023-05-10,present,0
10058,1006,2023-04-11,excused,0
10059,1006,2022-12-15,late,18
10060,1006,2022-11-14,absent,0
10061,1007,2025-02-17,present,0
10062,1007,2025-04-14,present,0
10063,1007,2025-04-17,present,0
10064,1007,2024-11-21,present,0
10065,1007,2025-03-28,present,0
10066,1007,2024-11-27,present,0
10067,1007,2025-03-27,present,0
10068,1007,2024-12-26,present,0
10069,1007,2024-12-30,present,0
10070,1007,2025-03-14,present,0
10071,1008,2022-12-15,present,0
10072,1008,2023-05-29,present,0
10073,1008,2023-02-13,present,0
10074,1008,2023-04-24,present,0
10075,1008,2023-03-08,present,0
10076,1008,2022-10-17,present,0
10077,1008,2022-12-21,present,0
10078,1008,2023-04-06,present,0
10079,1008,2022-11-21,late,18
10080,1008,2023-01-16,present,0
10081,1009,2024-05-30,present,0
10082,1009,2024-02-12,present,0
10083,1009,2023-09-15,present,0
10084,1009,2023-12-19,present,0
10085,1009,2024-03-04,present,0
10086,1009,2024-01-08,present,0
10087,1009,2023-11-20,present,0
10088,1009,2023-12-29,present,0
10089,1009,2023-11-02,present,0
10090,1009,2024-02-19,present,0
10091,1010,2022-12-13,present,0
10092,1010,2023-04-25,present,0
10093,1010,2022-11-28,present,0
10094,1010,2023-04-24,present,0
10095,1010,2023-04-24,present,0
10096,1010,2022-09-27,present,0
10097,1010,2022-09-12,present,0
10098,1010,2023-02-13,present,0
10099,1010,2023-06-05,present,0
10100,1010,2022-10-28,present,0
10101,1011,2024-12-02,present,0
10102,1011,2025-06-16,present,0
10103,1011,2025-03-11,present,0
10104,1011,2025-04-14,present,0
10105,1011,2024-11-11,present,0
10106,1011,2025-03-12,present,0
10107,1011,2025-06-20,present,0
10108,1011,2024-11-27,late,11
10109,1011,2024-10-15,present,0
10110,1011,2024-12-23,present,0
10111,1012,2024-09-24,present,0
10112,1012,2024-10-09,present,0
10113,1012,2025-01-06,present,0
10114,1012,2024-12-03,present,0
10115,1012,2024-12-04,present,0
10116,1012,2025-05-15,present,0
10117,1012,2025-03-31,present,0
10118,1012,2024-10-25,present,0
10119,1012,2024-09-19,present,0
10120,1012,2025-01-13,present,0
10121,1013,2023-04-11,present,0
10122,1013,2023-03-01,present,0
10123,1013,2022-12-09,excused,0
10124,1013,2023-03-13,absent,0
10125,1013,2022-12-23,present,0
10126,1013,2023-03-09,present,0
10127,1013,2023-03-20,present,0
10128,1013,2023-02-03,present,0
10129,1013,2023-03-31,present,0
10130,1013,2023-02-23,excused,0
10131,1014,2023-11-24,present,0
10132,1014,2024-06-13,absent,0
10133,1014,2024-02-12,absent,0
10134,1014,2024-03-08,present,0
10135,1014,2024-05-03,absent,0
10136,1014,2024-02-13,present,0
10137,1014,2023-10-18,present,0
10138,1014,2023-11-09,present,0
10139,1014,2023-09-15,present,0
10140,1014,2024-04-08,present,0
10141,1015,2023-11-06,present,0
10142,1015,2024-05-14,present,0
10143,1015,2023-12-25,present,0
10144,1015,2023-12-07,present,0
10145,1015,2024-03-28,present,0
10146,1015,2024-06-05,present,0
10147,1015,2024-05-13,present,0
10148,1015,2023-10-18,present,0
10149,1015,2023-11-21,present,0
10150,1015,2023-11-24,present,0
10151,1016,2025-05-12,present,0
10152,1016,2025-01-01,present,0
10153,1016,2025-01-20,present,0
10154,1016,2024-10-29,present,0
10155,1016,2024-10-10,present,0
10156,1016,2025-04-17,absent,0
10157,1016,2024-12-17,late,16
10158,1016,2025-04-17,present,0
10159,1016,2025-01-15,absent,0
10160,1016,2024-09-27,present,0
10161,1017,2024-04-11,present,0
10162,1017,2023-11-06,present,0
10163,1017,2024-01-01,present,0
10164,1017,2024-03-07,present,0
10165,1017,2023-12-11,present,0
10166,1017,2023-11-16,present,0
10167,1017,2023-12-19,present,0
10168,1017,2024-01-18,excused,0
10169,1017,2023-12-06,present,0
10170,1017,2023-11-13,present,0
10171,1018,2025-06-18,present,0
10172,1018,2025-03-12,excused,0
10173,1018,2024-11-12,present,0
10174,1018,2024-10-28,late,17
10175,1018,2025-03-10,present,0
10176,1018,2024-12-13,present,0
10177,1018,2024-09-30,late,23
10178,1018,2025-06-18,present,0
10179,1018,2025-06-02,present,0
10180,1018,2025-05-12,present,0
10181,1019,2024-04-01,present,0
10182,1019,2024-05-09,present,0
10183,1019,2024-05-29,present,0
10184,1019,2024-03-04,present,0
10185,1019,2023-11-20,present,0
10186,1019,2024-05-15,present,0
10187,1019,2023-11-13,late,33
10188,1019,2024-01-18,present,0
10189,1019,2024-04-02,present,0
10190,1019,2023-10-09,present,0
10191,1020,2024-11-01,present,0
10192,1020,2024-11-27,late,24
10193,1020,2025-03-17,present,0
10194,1020,2025-03-07,present,0
10195,1020,2024-12-26,present,0
10196,1020,2024-10-08,present,0
10197,1020,2024-09-30,present,0
10198,1020,2025-06-04,present,0
10199,1020,2025-02-19,present,0
10200,1020,2025-05-22,present,0
10201,1021,2023-11-17,present,0
10202,1021,2023-09-15,present,0
10203,1021,2024-01-01,present,0
10204,1021,2023-12-05,present,0
10205,1021,2023-09-25,absent,0
10206,1021,2024-05-24,present,0
10207,1021,2024-06-06,present,0
10208,1021,2023-12-07,present,0
10209,1021,2023-09-19,present,0
10210,1021,2024-02-21,present,0
10211,1022,2024-12-06,late,13
10212,1022,2024-12-12,present,0
10213,1022,2025-01-23,present,0
10214,1022,2025-02-12,present,0
10215,1022,2024-12-30,present,0
10216,1022,2025-03-28,present,0
10217,1022,2025-04-21,present,0
10218,1022,2025-04-21,present,0
10219,1022,2025-03-24,present,0
10220,1022,2025-06-10,present,0
10221,1023,2025-01-13,late,7
10222,1023,2025-03-10,present,0
10223,1023,2024-09-13,present,0
10224,1023,2025-04-30,present,0
10225,1023,2025-05-01,present,0
10226,1023,2025-04-14,present,0
10227,1023,2025-05-01,present,0
10228,1023,2024-11-18,present,0
10229,1023,2024-10-10,present,0
10230,1023,2025-04-24,present,0
10231,1024,2024-12-05,present,0
10232,1024,2024-09-13,present,0
10233,1024,2024-12-31,present,0
10234,1024,2025-05-19,late,22
10235,1024,2024-12-16,present,0
10236,1024,2025-03-11,late,35
10237,1024,2024-09-19,present,0
10238,1024,2025-04-21,present,0
10239,1024,2025-01-28,present,0
10240,1024,2024-10-25,excused,0
10241,1025,2024-10-08,present,0
10242,1025,2024-11-18,present,0
10243,1025,2025-04-07,present,0
10244,1025,2025-06-09,present,0
10245,1025,2025-01-07,present,0
10246,1025,2025-05-13,absent,0
10247,1025,2024-12-17,absent,0
10248,1025,2025-03-24,present,0
10249,1025,2024-10-29,present,0
10250,1025,2025-03-28,present,0
10251,1026,2022-10-24,present,0
10252,1026,2023-06-12,present,0
10253,1026,2022-11-24,present,0
10254,1026,2023-04-17,absent,0
10255,1026,2022-12-12,present,0
10256,1026,2023-01-10,present,0
10257,1026,2023-02-10,present,0
10258,1026,2023-06-19,present,0
10259,1026,2022-11-04,present,0
10260,1026,2023-01-04,present,0
10261,1027,2025-04-04,absent,0
10262,1027,2025-03-10,present,0
10263,1027,2025-05-30,present,0
10264,1027,2024-10-07,present,0
10265,1027,2024-10-02,present,0
10266,1027,2024-10-29,present,0
10267,1027,2024-12-24,present,0
10268,1027,2024-12-06,present,0
10269,1027,2024-10-31,present,0
10270,1027,2024-10-23,absent,0
10271,1028,2023-10-02,present,0
10272,1028,2024-06-17,excused,0
10273,1028,2023-12-04,present,0
10274,1028,2024-04-18,present,0
10275,1028,2023-10-09,absent,0
10276,1028,2024-01-26,present,0
10277,1028,2024-02-06,present,0
10278,1028,2023-10-16,present,0
10279,1028,2024-03-07,present,0
10280,1028,2024-03-13,present,0
10281,1029,2024-03-25,present,0
10282,1029,2024-01-11,present,0
10283,1029,2023-09-14,present,0
10284,1029,2024-02-23,present,0
10285,1029,2024-03-18,present,0
10286,1029,2023-12-15,present,0
10287,1029,2024-06-19,present,0
10288,1029,2023-11-21,present,0
10289,1029,2024-06-17,present,0
10290,1029,2024-01-08,present,0
10291,1030,2024-01-22,present,0
10292,1030,2023-11-27,present,0
10293,1030,2024-01-22,present,0
10294,1030,2023-11-10,present,0
10295,1030,2024-02-12,present,0
10296,1030,2023-10-23,present,0
10297,1030,2024-01-09,present,0
10298,1030,2023-12-11,present,0
10299,1030,2024-04-03,present,0
10300,1030,2023-10-16,present,0
10301,1031,2022-11-24,present,0
10302,1031,2023-06-09,present,0
10303,1031,2022-11-25,present,0
10304,1031,2022-10-03,present,0
10305,1031,2023-03-20,present,0
10306,1031,2022-11-07,present,0
10307,1031,2023-01-23,present,0
10308,1031,2023-02-15,present,0
10309,1031,2023-03-06,present,0
10310,1031,2023-04-10,present,0
10311,1032,2023-03-16,present,0
10312,1032,2023-05-18,present,0
10313,1032,2023-05-18,absent,0
10314,1032,2023-03-17,present,0
10315,1032,2022-09-26,present,0
10316,1032,2022-10-27,present,0
10317,1032,2022-10-20,present,0
10318,1032,2023-01-25,present,0
10319,1032,2023-06-08,present,0
10320,1032,2023-04-03,present,0
10321,1033,2025-01-23,present,0
10322,1033,2025-06-11,present,0
10323,1033,2025-04-16,present,0
10324,1033,2024-10-31,present,0
10325,1033,2025-06-19,present,0
10326,1033,2025-02-17,present,0
10327,1033,2025-02-06,present,0
10328,1033,2025-02-24,present,0
10329,1033,2025-01-27,present,0
10330,1033,2025-03-19,present,0
10331,1034,2025-05-13,present,0
10332,1034,2025-05-26,absent,0
10333,1034,2025-01-29,present,0
10334,1034,2024-11-15,present,0
10335,1034,2025-02-24,present,0
10336,1034,2024-11-04,present,0
10337,1034,2024-11-19,present,0
10338,1034,2024-10-22,present,0
10339,1034,2025-02-12,present,0
10340,1034,2025-03-06,present,0
10341,1035,2024-10-21,present,0
10342,1035,2025-04-10,excused,0
10343,1035,2025-03-17,excused,0
10344,1035,2025-01-13,present,0
10345,1035,2025-02-11,late,11
10346,1035,2025-04-21,present,0
10347,1035,2025-03-04,late,21
10348,1035,2024-12-26,present,0
10349,1035,2024-12-10,present,0
10350,1035,2025-04-22,present,0
10351,1036,2023-10-23,present,0
10352,1036,2023-09-11,present,0
10353,1036,2023-10-02,present,0
10354,1036,2023-09-18,present,0
10355,1036,2023-10-16,present,0
10356,1036,2023-09-25,present,0
10357,1036,2024-04-26,late,28
10358,1036,2023-11-13,present,0
10359,1036,2023-12-12,present,0
10360,1036,2023-12-15,present,0
10361,1037,2023-05-22,present,0
10362,1037,2022-09-12,present,0
10363,1037,2022-09-12,present,0
10364,1037,2022-11-02,present,0
10365,1037,2023-01-06,present,0
10366,1037,2023-01-09,present,0
10367,1037,2023-06-16,present,0
10368,1037,2023-01-09,present,0
10369,1037,2023-04-17,present,0
10370,1037,2023-05-29,present,0
10371,1038,2024-09-12,present,0
10372,1038,2024-11-08,present,0
10373,1038,2024-12-03,present,0
10374,1038,2025-04-02,present,0
10375,1038,2024-11-15,present,0
10376,1038,2024-12-23,present,0
10377,1038,2025-01-27,present,0
10378,1038,2024-10-03,present,0
10379,1038,2025-01-31,present,0
10380,1038,2025-03-03,present,0
10381,1039,2024-01-30,present,0
10382,1039,2024-03-06,present,0
10383,1039,2024-02-29,present,0
10384,1039,2023-12-04,present,0
10385,1039,2024-02-21,late,25
10386,1039,2024-04-01,present,0
10387,1039,2024-03-07,present,0
10388,1039,2024-01-22,present,0
10389,1039,2024-06-03,present,0
10390,1039,2023-12-18,present,0
10391,1040,2025-01-15,present,0
10392,1040,2025-01-28,present,0
10393,1040,2025-06-02,present,0
10394,1040,2025-05-12,present,0
10395,1040,2025-02-10,present,0
10396,1040,2024-10-14,present,0
10397,1040,2024-10-25,present,0
10398,1040,2025-01-23,present,0
10399,1040,2025-01-24,late,28
10400,1040,2024-09-19,present,0
10401,1041,2022-12-08,present,0
10402,1041,2022-11-28,present,0
10403,1041,2022-12-05,present,0
10404,1041,2022-09-12,present,0
10405,1041,2023-03-22,present,0
10406,1041,2023-06-12,present,0
10407,1041,2023-06-05,present,0
10408,1041,2023-04-17,present,0
10409,1041,2023-02-08,present,0
10410,1041,2023-04-10,present,0
10411,1042,2024-01-16,present,0
10412,1042,2024-02-19,present,0
10413,1042,2024-01-30,present,0
10414,1042,2023-09-15,late,7
10415,1042,2023-12-26,present,0
10416,1042,2023-10-19,present,0
10417,1042,2023-12-05,present,0
10418,1042,2024-02-05,present,0
10419,1042,2023-12-27,present,0
10420,1042,2023-12-28,present,0
10421,1043,2023-05-08,present,0
10422,1043,2023-06-15,present,0
10423,1043,2022-09-27,present,0
10424,1043,2023-05-29,present,0
10425,1043,2022-09-19,present,0
10426,1043,2023-02-20,present,0
10427,1043,2022-10-24,present,0
10428,1043,2022-09-30,present,0
10429,1043,2022-09-28,present,0
10430,1043,2023-05-15,present,0
10431,1044,2025-04-15,absent,0
10432,1044,2025-01-07,present,0
10433,1044,2025-03-12,present,0
10434,1044,2024-10-03,present,0
10435,1044,2025-04-18,present,0
10436,1044,2024-10-28,absent,0
10437,1044,2024-09-20,present,0
10438,1044,2024-11-06,present,0
10439,1044,2025-03-21,excused,0
10440,1044,2024-12-24,present,0
10441,1045,2023-12-07,present,0
10442,1045,2024-03-06,present,0
10443,1045,2023-10-19,present,0
10444,1045,2024-03-19,present,0
10445,1045,2024-03-13,present,0
10446,1045,2024-02-13,present,0
10447,1045,2023-12-01,present,0
10448,1045,2023-10-02,absent,0
10449,1045,2024-06-19,present,0
10450,1045,2024-02-19,absent,0
10451,1046,2023-10-09,present,0
10452,1046,2023-10-30,present,0
10453,1046,2023-12-11,present,0
10454,1046,2023-10-26,present,0
10455,1046,2024-01-01,excused,0
10456,1046,2024-04-15,present,0
10457,1046,2023-10-16,present,0
10458,1046,2024-04-08,absent,0
10459,1046,2023-10-11,present,0
10460,1046,2023-10-30,present,0
10461,1047,2025-03-10,present,0
10462,1047,2024-10-24,absent,0
10463,1047,2024-10-31,late,22
10464,1047,2025-03-24,present,0
10465,1047,2024-10-14,present,0
10466,1047,2025-01-20,present,0
10467,1047,2025-04-21,present,0
10468,1047,2025-03-10,present,0
10469,1047,2025-05-16,present,0
10470,1047,2024-12-09,absent,0
10471,1048,2023-11-07,present,0
10472,1048,2023-10-02,present,0
10473,1048,2023-11-23,present,0
10474,1048,2024-05-13,present,0
10475,1048,2023-12-14,present,0
10476,1048,2023-11-16,present,0
10477,1048,2024-04-08,present,0
10478,1048,2023-10-12,present,0
10479,1048,2024-03-08,absent,0
10480,1048,2024-04-19,absent,0
10481,1049,2025-01-20,present,0
10482,1049,2024-12-31,present,0
10483,1049,2025-04-01,present,0
10484,1049,2024-12-23,present,0
10485,1049,2024-11-05,present,0
10486,1049,2024-11-25,present,0
10487,1049,2024-09-25,late,13
10488,1049,2024-12-31,present,0
10489,1049,2025-02-11,present,0
10490,1049,2024-12-12,present,0
10491,1050,2022-12-07,present,0
10492,1050,2022-09-29,present,0
10493,1050,2023-06-09,present,0
10494,1050,2022-10-31,present,0
10495,1050,2022-11-14,absent,0
10496,1050,2023-06-08,present,0
10497,1050,2022-12-21,present,0
10498,1050,2022-12-06,absent,0
10499,1050,2023-04-24,present,0
10500,1050,2023-02-22,present,0
10501,1051,2024-12-30,present,0
10502,1051,2025-03-31,present,0
10503,1051,2024-09-24,present,0
10504,1051,2025-06-20,present,0
10505,1051,2025-05-01,present,0
10506,1051,2025-02-24,present,0
10507,1051,2025-02-03,present,0
10508,1051,2025-01-20,present,0
10509,1051,2024-11-01,late,30
10510,1051,2024-11-25,present,0
10511,1052,2025-03-12,present,0
10512,1052,2025-01-20,present,0
10513,1052,2025-02-13,present,0
10514,1052,2025-02-20,present,0
10515,1052,2025-06-20,present,0
10516,1052,2025-01-06,present,0
10517,1052,2025-04-22,present,0
10518,1052,2024-12-16,present,0
10519,1052,2025-03-06,present,0
10520,1052,2025-02-24,present,0
10521,1053,2023-12-04,present,0
10522,1053,2024-06-06,present,0
10523,1053,2024-02-05,present,0
10524,1053,2023-12-18,present,0
10525,1053,2024-06-07,present,0
10526,1053,2023-10-02,present,0
10527,1053,2024-06-17,present,0
10528,1053,2023-10-31,present,0
10529,1053,2024-01-04,present,0
10530,1053,2023-11-06,present,0
10531,1054,2023-04-05,present,0
10532,1054,2023-03-15,present,0
10533,1054,2023-05-15,present,0
10534,1054,2022-11-14,present,0
10535,1054,2022-09-22,present,0
10536,1054,2022-09-21,present,0
10537,1054,2023-04-03,present,0
10538,1054,2022-10-31,present,0
10539,1054,2022-10-17,present,0
10540,1054,2022-09-20,present,0
10541,1055,2023-06-05,present,0
10542,1055,2023-06-12,present,0
10543,1055,2023-04-18,present,0
10544,1055,2023-01-02,present,0
10545,1055,2022-09-15,present,0
10546,1055,2023-06-07,present,0
10547,1055,2023-05-12,present,0
10548,1055,2022-12-05,present,0
10549,1055,2023-01-12,present,0
10550,1055,2023-05-08,late,10
10551,1056,2023-06-13,present,0
10552,1056,2022-11-24,present,0
10553,1056,2023-01-09,present,0
10554,1056,2023-02-13,present,0
10555,1056,2022-12-20,present,0
10556,1056,2022-10-04,present,0
10557,1056,2023-02-01,present,0
10558,1056,2022-12-06,present,0
10559,1056,2023-03-20,present,0
10560,1056,2023-01-02,present,0
10561,1057,2023-02-20,present,0
10562,1057,2023-01-26,present,0
10563,1057,2023-06-09,present,0
10564,1057,2023-02-08,present,0
10565,1057,2022-11-17,present,0
10566,1057,2023-01-16,present,0
10567,1057,2023-04-03,present,0
10568,1057,2022-09-19,present,0
10569,1057,2023-01-23,present,0
10570,1057,2022-09-09,present,0
10571,1058,2025-03-20,present,0
10572,1058,2025-04-17,present,0
10573,1058,2025-06-18,present,0
10574,1058,2025-01-13,present,0
10575,1058,2025-04-17,present,0
10576,1058,2024-10-15,present,0
10577,1058,2025-05-19,present,0
10578,1058,2024-10-03,present,0
10579,1058,2025-03-21,present,0
10580,1058,2024-12-23,present,0
10581,1059,2025-06-06,present,0
10582,1059,2025-02-03,present,0
10583,1059,2025-01-01,present,0
10584,1059,2024-10-01,excused,0
10585,1059,2024-11-18,present,0
10586,1059,2024-09-30,present,0
10587,1059,2025-02-27,present,0
10588,1059,2025-06-16,present,0
10589,1059,2024-11-18,present,0
10590,1059,2025-01-15,present,0
10591,1060,2024-05-21,present,0
10592,1060,2024-03-13,present,0
10593,1060,2023-12-04,present,0
10594,1060,2023-12-05,present,0
10595,1060,2023-10-23,present,0
10596,1060,2024-06-20,present,0
10597,1060,2024-02-09,present,0
10598,1060,2023-11-10,present,0
10599,1060,2023-11-17,present,0
10600,1060,2024-05-23,present,0
10601,1061,2025-06-19,present,0
10602,1061,2024-12-13,late,16
10603,1061,2025-02-05,present,0
10604,1061,2025-04-07,present,0
10605,1061,2025-06-02,present,0
10606,1061,2025-02-06,present,0
10607,1061,2025-02-21,present,0
10608,1061,2025-03-26,present,0
10609,1061,2025-06-13,present,0
10610,1061,2025-01-28,present,0
10611,1062,2024-06-10,present,0
10612,1062,2024-03-21,present,0
10613,1062,2024-01-08,present,0
10614,1062,2024-01-23,present,0
10615,1062,2023-10-19,present,0
10616,1062,2023-11-23,present,0
10617,1062,2024-04-30,present,0
10618,1062,2023-10-09,present,0
10619,1062,2024-06-17,present,0
10620,1062,2024-03-18,present,0
10621,1063,2024-12-23,present,0
10622,1063,2024-12-06,present,0
10623,1063,2025-01-14,present,0
10624,1063,2025-03-06,present,0
10625,1063,2025-05-12,present,0
10626,1063,2024-11-01,present,0
10627,1063,2025-06-16,present,0
10628,1063,2024-12-23,present,0
10629,1063,2024-10-22,excused,0
10630,1063,2025-04-04,present,0
10631,1064,2023-05-29,late,15
10632,1064,2023-01-23,absent,0
10633,1064,2023-01-23,absent,0
10634,1064,2023-01-09,present,0
10635,1064,2023-06-05,present,0
10636,1064,2022-10-31,late,35
10637,1064,2023-04-28,present,0
10638,1064,2022-10-24,present,0
10639,1064,2022-11-23,present,0
10640,1064,2022-12-02,present,0
10641,1065,2023-04-11,present,0
10642,1065,2023-06-05,absent,0
10643,1065,2022-09-12,present,0
10644,1065,2022-10-25,late,5
10645,1065,2023-05-19,present,0
10646,1065,2023-01-02,present,0
10647,1065,2023-04-17,present,0
10648,1065,2023-02-06,present,0
10649,1065,2023-04-25,late,33
10650,1065,2022-10-28,present,0
10651,1066,2024-04-05,present,0
10652,1066,2024-04-29,present,0
10653,1066,2024-02-01,present,0
10654,1066,2023-10-23,present,0
10655,1066,2023-09-13,present,0
10656,1066,2024-03-18,present,0
10657,1066,2024-04-29,present,0
10658,1066,2024-03-18,present,0
10659,1066,2023-10-18,present,0
10660,1066,2023-12-13,present,0
10661,1067,2024-12-11,present,0
10662,1067,2024-10-25,present,0
10663,1067,2024-11-01,present,0
10664,1067,2025-02-06,present,0
10665,1067,2024-10-16,present,0
10666,1067,2024-11-12,late,10
10667,1067,2024-09-10,present,0
10668,1067,2025-05-19,present,0
10669,1067,2024-10-21,present,0
10670,1067,2025-05-12,present,0
10671,1068,2024-05-20,late,6
10672,1068,2024-04-22,present,0
10673,1068,2023-09-25,present,0
10674,1068,2023-11-01,late,34
10675,1068,2024-01-22,present,0
10676,1068,2024-01-18,present,0
10677,1068,2024-04-26,present,0
10678,1068,2024-05-06,present,0
10679,1068,2023-12-18,late,15
10680,1068,2024-02-09,present,0
10681,1069,2024-02-22,absent,0
10682,1069,2024-01-22,present,0
10683,1069,2024-01-24,present,0
10684,1069,2023-10-05,present,0
10685,1069,2023-10-18,excused,0
10686,1069,2024-02-15,absent,0
10687,1069,2024-05-02,present,0
10688,1069,2024-05-29,present,0
10689,1069,2024-01-15,absent,0
10690,1069,2023-12-11,present,0
10691,1070,2025-02-17,present,0
10692,1070,2024-09-10,absent,0
10693,1070,2025-04-03,present,0
10694,1070,2024-12-05,present,0
10695,1070,2024-09-16,present,0
10696,1070,2024-10-21,present,0
10697,1070,2024-10-21,present,0
10698,1070,2025-05-06,present,0
10699,1070,2025-02-10,present,0
10700,1070,2025-03-10,absent,0
10701,1071,2023-12-14,present,0
10702,1071,2023-09-20,present,0
10703,1071,2023-09-11,present,0
10704,1071,2024-01-29,present,0
10705,1071,2024-03-07,absent,0
10706,1071,2024-02-19,present,0
10707,1071,2023-11-06,present,0
10708,1071,2024-01-04,present,0
10709,1071,2024-05-15,present,0
10710,1071,2024-01-03,present,0
10711,1072,2025-04-10,present,0
10712,1072,2025-04-21,present,0
10713,1072,2025-02-24,late,31
10714,1072,2025-03-11,present,0
10715,1072,2024-10-14,absent,0
10716,1072,2024-12-19,present,0
10717,1072,2024-09-30,present,0
10718,1072,2025-05-09,present,0
10719,1072,2025-04-03,present,0
10720,1072,2025-02-28,present,0
10721,1073,2022-12-27,late,8
10722,1073,2023-01-20,present,0
10723,1073,2023-01-06,present,0
10724,1073,2023-02-03,present,0
10725,1073,2023-05-29,excused,0
10726,1073,2023-05-25,late,13
10727,1073,2022-11-16,present,0
10728,1073,2022-12-09,present,0
10729,1073,2023-03-27,excused,0
10730,1073,2023-03-24,present,0
10731,1074,2024-09-20,present,0
10732,1074,2025-06-16,present,0
10733,1074,2025-03-03,present,0
10734,1074,2024-11-25,excused,0
10735,1074,2024-10-09,present,0
10736,1074,2024-09-16,present,0
10737,1074,2025-04-02,present,0
10738,1074,2024-09-16,present,0
10739,1074,2025-02-25,present,0
10740,1074,2024-09-17,excused,0
10741,1075,2023-05-18,present,0
10742,1075,2022-09-19,present,0
10743,1075,2023-03-13,present,0
10744,1075,2023-05-01,present,0
10745,1075,2022-12-15,present,0
10746,1075,2023-05-22,present,0
10747,1075,2023-03-29,present,0
10748,1075,2022-11-22,present,0
10749,1075,2023-02-24,present,0
10750,1075,2023-06-09,present,0
10751,1076,2022-10-24,late,14
10752,1076,2023-02-13,present,0
10753,1076,2023-01-27,present,0
10754,1076,2022-09-19,present,0
10755,1076,2022-11-10,present,0
10756,1076,2022-10-31,late,27
10757,1076,2023-03-27,present,0
10758,1076,2023-01-25,present,0
10759,1076,2023-01-02,present,0
10760,1076,2022-12-19,present,0
10761,1077,2024-05-30,present,0
10762,1077,2024-03-25,late,22
10763,1077,2023-12-11,present,0
10764,1077,2024-01-29,present,0
10765,1077,2023-10-03,late,23
10766,1077,2024-03-21,present,0
10767,1077,2024-03-26,present,0
10768,1077,2024-02-05,present,0
10769,1077,2024-03-11,present,0
10770,1077,2024-04-03,present,0
10771,1078,2025-03-10,present,0
10772,1078,2025-05-02,present,0
10773,1078,2025-05-12,present,0
10774,1078,2024-11-18,present,0
10775,1078,2025-01-16,excused,0
10776,1078,2025-03-06,present,0
10777,1078,2025-02-03,present,0
10778,1078,2025-02-24,present,0
10779,1078,2025-03-20,present,0
10780,1078,2025-01-23,present,0
10781,1079,2025-06-11,present,0
10782,1079,2025-01-10,present,0
10783,1079,2024-12-20,present,0
10784,1079,2024-11-26,absent,0
10785,1079,2025-06-10,present,0
10786,1079,2024-10-21,present,0
10787,1079,2025-03-19,present,0
10788,1079,2024-09-23,present,0
10789,1079,2024-11-21,present,0
10790,1079,2025-05-12,present,0
10791,1080,2023-10-05,present,0
10792,1080,2024-05-27,late,17
10793,1080,2024-05-10,present,0
10794,1080,2023-11-13,present,0
10795,1080,2024-03-27,present,0
10796,1080,2024-03-06,present,0
10797,1080,2023-10-02,present,0
10798,1080,2023-11-06,present,0
10799,1080,2024-02-05,present,0
10800,1080,2024-05-10,present,0
10801,1081,2023-11-10,present,0
10802,1081,2024-04-19,present,0
10803,1081,2024-01-04,present,0
10804,1081,2024-02-14,present,0
10805,1081,2024-02-08,present,0
10806,1081,2024-03-06,present,0
10807,1081,2024-02-29,present,0
10808,1081,2023-11-20,present,0
10809,1081,2023-09-28,present,0
10810,1081,2024-01-22,present,0
10811,1082,2023-02-03,present,0
10812,1082,2023-06-05,present,0
10813,1082,2023-04-10,late,8
10814,1082,2023-01-30,present,0
10815,1082,2022-12-13,present,0
10816,1082,2023-05-24,present,0
10817,1082,2022-11-28,present,0
10818,1082,2022-11-03,present,0
10819,1082,2023-01-30,present,0
10820,1082,2023-05-02,present,0
10821,1083,2023-02-07,present,0
10822,1083,2023-05-01,present,0
10823,1083,2022-10-31,late,25
10824,1083,2022-12-27,absent,0
10825,1083,2023-01-24,late,9
10826,1083,2023-06-19,present,0
10827,1083,2023-06-07,absent,0
10828,1083,2023-02-16,absent,0
10829,1083,2023-02-20,present,0
10830,1083,2023-05-17,present,0
10831,1084,2023-01-23,present,0
10832,1084,2022-09-26,absent,0
10833,1084,2023-04-26,absent,0
10834,1084,2022-11-21,present,0
10835,1084,2023-01-06,present,0
10836,1084,2022-10-19,present,0
10837,1084,2022-10-21,absent,0
10838,1084,2022-09-27,present,0
10839,1084,2023-01-26,late,7
10840,1084,2023-03-20,present,0
10841,1085,2022-11-10,late,16
10842,1085,2023-05-23,present,0
10843,1085,2023-02-24,present,0
10844,1085,2023-02-15,present,0
10845,1085,2022-11-14,present,0
10846,1085,2023-01-30,present,0
10847,1085,2022-09-14,present,0
10848,1085,2023-02-27,present,0
10849,1085,2023-03-23,present,0
10850,1085,2023-02-13,present,0
10851,1086,2025-05-08,present,0
10852,1086,2025-01-14,present,0
10853,1086,2024-09-20,present,0
10854,1086,2024-11-21,present,0
10855,1086,2025-05-19,present,0
10856,1086,2025-02-18,present,0
10857,1086,2025-04-21,present,0
10858,1086,2024-10-18,present,0
10859,1086,2024-11-15,present,0
10860,1086,2025-02-10,present,0
10861,1087,2024-11-25,present,0
10862,1087,2024-11-15,present,0
10863,1087,2024-10-03,present,0
10864,1087,2025-04-18,present,0
10865,1087,2025-06-13,present,0
10866,1087,2025-02-17,present,0
10867,1087,2025-01-27,present,0
10868,1087,2025-03-28,present,0
10869,1087,2024-09-09,present,0
10870,1087,2025-04-21,present,0
10871,1088,2023-12-26,present,0
10872,1088,2024-03-19,present,0
10873,1088,2023-12-07,present,0
10874,1088,2024-01-15,present,0
10875,1088,2024-01-09,present,0
10876,1088,2024-02-14,present,0
10877,1088,2024-01-22,present,0
10878,1088,2023-09-29,present,0
10879,1088,2023-10-30,present,0
10880,1088,2024-04-02,present,0
10881,1089,2024-02-13,absent,0
10882,1089,2024-06-17,present,0
10883,1089,2023-11-16,present,0
10884,1089,2024-06-07,present,0
10885,1089,2023-09-27,late,32
10886,1089,2023-12-27,present,0
10887,1089,2024-03-15,absent,0
10888,1089,2023-11-15,present,0
10889,1089,2024-02-26,present,0
10890,1089,2023-09-22,present,0
10891,1090,2023-10-13,present,0
10892,1090,2023-12-18,present,0
10893,1090,2024-04-04,present,0
10894,1090,2023-11-08,present,0
10895,1090,2024-01-01,absent,0
10896,1090,2024-05-31,excused,0
10897,1090,2023-10-05,present,0
10898,1090,2023-10-30,present,0
10899,1090,2023-09-21,present,0
10900,1090,2024-05-17,present,0
10901,1091,2024-06-11,present,0
10902,1091,2024-05-01,late,18
10903,1091,2024-05-23,present,0
10904,1091,2024-01-04,present,0
10905,1091,2024-01-29,late,25
10906,1091,2023-12-13,present,0
10907,1091,2023-11-29,present,0
10908,1091,2024-05-03,present,0
10909,1091,2023-12-11,late,32
10910,1091,2023-10-10,present,0
10911,1092,2022-12-26,excused,0
10912,1092,2023-03-14,present,0
10913,1092,2023-01-30,present,0
10914,1092,2023-01-23,present,0
10915,1092,2023-05-30,present,0
10916,1092,2023-04-13,present,0
10917,1092,2023-03-03,absent,0
10918,1092,2022-11-03,absent,0
10919,1092,2023-03-27,present,0
10920,1092,2022-11-01,present,0
10921,1093,2024-01-11,late,14
10922,1093,2024-05-13,excused,0
10923,1093,2024-04-29,present,0
10924,1093,2024-01-09,present,0
10925,1093,2023-12-11,present,0
10926,1093,2024-06-17,present,0
10927,1093,2023-10-05,present,0
10928,1093,2024-05-20,present,0
10929,1093,2024-05-03,excused,0
10930,1093,2023-11-01,present,0
10931,1094,2023-12-25,present,0
10932,1094,2024-03-11,present,0
10933,1094,2024-01-18,present,0
10934,1094,2023-11-15,present,0
10935,1094,2024-04-29,present,0
10936,1094,2023-12-15,present,0
10937,1094,2023-09-13,present,0
10938,1094,2023-11-27,late,21
10939,1094,2023-09-11,present,0
10940,1094,2024-03-19,present,0
10941,1095,2024-02-26,present,0
10942,1095,2024-03-05,present,0
10943,1095,2024-02-05,excused,0
10944,1095,2023-11-20,present,0
10945,1095,2023-12-14,present,0
10946,1095,2023-12-11,present,0
10947,1095,2024-05-13,present,0
10948,1095,2023-10-25,present,0
10949,1095,2024-03-25,present,0
10950,1095,2023-09-14,present,0
10951,1096,2025-06-16,present,0
10952,1096,2024-11-20,present,0
10953,1096,2025-03-24,present,0
10954,1096,2025-03-24,present,0
10955,1096,2025-03-11,present,0
10956,1096,2024-11-01,present,0
10957,1096,2025-05-29,present,0
10958,1096,2024-12-27,present,0
10959,1096,2025-04-14,present,0
10960,1096,2025-02-04,present,0
10961,1097,2025-05-29,present,0
10962,1097,2025-02-27,present,0
10963,1097,2025-01-29,present,0
10964,1097,2024-12-18,present,0
10965,1097,2024-12-03,present,0
10966,1097,2025-06-16,late,13
10967,1097,2025-05-30,present,0
10968,1097,2024-10-10,present,0
10969,1097,2024-12-18,present,0
10970,1097,2024-09-12,present,0
10971,1098,2023-04-26,present,0
10972,1098,2023-06-16,present,0
10973,1098,2022-12-07,present,0
10974,1098,2022-11-28,present,0
10975,1098,2023-02-13,present,0
10976,1098,2023-02-07,present,0
10977,1098,2023-03-06,present,0
10978,1098,2023-01-18,present,0
10979,1098,2023-04-24,present,0
10980,1098,2022-09-12,present,0
10981,1099,2025-01-31,present,0
10982,1099,2025-06-16,present,0
10983,1099,2024-09-11,present,0
10984,1099,2025-05-26,present,0
10985,1099,2025-04-08,present,0
10986,1099,2025-01-24,late,30
10987,1099,2025-04-21,present,0
10988,1099,2025-02-05,late,25
10989,1099,2025-05-09,present,0
10990,1099,2024-11-28,present,0
10991,1100,2022-11-14,present,0
10992,1100,2023-01-13,present,0
10993,1100,2022-10-03,present,0
10994,1100,2022-10-10,present,0
10995,1100,2023-01-16,late,29
10996,1100,2023-04-14,present,0
10997,1100,2023-05-05,present,0
10998,1100,2023-03-13,present,0
10999,1100,2022-12-14,present,0
11000,1100,2022-12-15,present,0
11001,1101,2024-03-19,present,0
11002,1101,2023-11-30,present,0
11003,1101,2024-06-12,present,0
11004,1101,2024-02-12,late,23
11005,1101,2024-03-27,present,0
11006,1101,2024-06-10,present,0
11007,1101,2023-12-04,present,0
11008,1101,2024-01-16,present,0
11009,1101,2024-03-29,present,0
11010,1101,2024-06-03,present,0
11011,1102,2024-01-17,present,0
11012,1102,2024-04-24,present,0
11013,1102,2024-01-05,present,0
11014,1102,2024-04-15,present,0
11015,1102,2023-11-22,late,28
11016,1102,2024-02-29,present,0
11017,1102,2024-04-29,present,0
11018,1102,2024-02-26,present,0
11019,1102,2023-11-08,present,0
11020,1102,2024-02-12,present,0
11021,1103,2023-01-25,present,0
11022,1103,2022-10-10,present,0
11023,1103,2023-06-20,present,0
11024,1103,2023-01-19,present,0
11025,1103,2023-01-26,present,0
11026,1103,2023-06-15,present,0
11027,1103,2022-12-05,present,0
11028,1103,2023-03-30,present,0
11029,1103,2022-10-13,present,0
11030,1103,2023-05-15,present,0
11031,1104,2023-04-25,excused,0
11032,1104,2023-05-29,present,0
11033,1104,2023-01-30,present,0
11034,1104,2023-02-16,late,17
11035,1104,2023-03-24,present,0
11036,1104,2023-02-06,present,0
11037,1104,2022-12-26,excused,0
11038,1104,2022-12-09,present,0
11039,1104,2023-05-10,present,0
11040,1104,2023-04-17,present,0
11041,1105,2023-10-25,present,0
11042,1105,2023-11-02,present,0
11043,1105,2024-06-03,present,0
11044,1105,2024-04-12,present,0
11045,1105,2024-05-27,present,0
11046,1105,2024-04-29,present,0
11047,1105,2023-10-13,present,0
11048,1105,2024-04-15,late,33
11049,1105,2023-10-04,present,0
11050,1105,2024-06-18,late,18
11051,1106,2024-02-06,present,0
11052,1106,2024-01-29,present,0
11053,1106,2023-10-16,present,0
11054,1106,2024-04-01,present,0
11055,1106,2024-03-04,present,0
11056,1106,2023-10-09,present,0
11057,1106,2023-11-03,present,0
11058,1106,2024-04-15,present,0
11059,1106,2024-06-06,present,0
11060,1106,2023-09-20,present,0
11061,1107,2024-12-09,present,0
11062,1107,2025-04-28,present,0
11063,1107,2024-11-01,present,0
11064,1107,2024-10-08,present,0
11065,1107,2024-11-15,present,0
11066,1107,2025-05-26,present,0
11067,1107,2025-03-24,present,0
11068,1107,2025-04-01,present,0
11069,1107,2025-01-01,present,0
11070,1107,2024-11-11,present,0
11071,1108,2024-11-11,present,0
11072,1108,2024-09-20,present,0
11073,1108,2024-12-27,present,0
11074,1108,2024-10-09,present,0
11075,1108,2025-03-24,present,0
11076,1108,2024-12-16,present,0
11077,1108,2025-02-18,present,0
11078,1108,2025-03-31,present,0
11079,1108,2024-11-11,present,0
11080,1108,2025-06-02,present,0
11081,1109,2022-11-10,present,0
11082,1109,2022-11-07,present,0
11083,1109,2022-11-17,present,0
11084,1109,2022-09-20,present,0
11085,1109,2023-05-15,present,0
11086,1109,2023-03-23,present,0
11087,1109,2023-06-19,present,0
11088,1109,2023-06-19,present,0
11089,1109,2023-01-12,present,0
11090,1109,2023-03-20,present,0
11091,1110,2022-11-18,present,0
11092,1110,2022-09-30,present,0
11093,1110,2023-01-06,present,0
11094,1110,2022-10-17,absent,0
11095,1110,2023-03-17,present,0
11096,1110,2022-12-19,present,0
11097,1110,2023-02-24,present,0
11098,1110,2023-01-16,present,0
11099,1110,2022-12-26,present,0
11100,1110,2023-05-19,present,0
11101,1111,2023-04-27,present,0
11102,1111,2023-06-09,present,0
11103,1111,2023-05-11,present,0
11104,1111,2023-04-25,present,0
11105,1111,2022-11-14,present,0
11106,1111,2022-09-26,present,0
11107,1111,2023-01-17,present,0
11108,1111,2022-12-21,present,0
11109,1111,2023-03-06,present,0
11110,1111,2022-12-23,present,0
11111,1112,2023-04-10,present,0
11112,1112,2022-09-28,present,0
11113,1112,2023-03-20,present,0
11114,1112,2022-12-19,present,0
11115,1112,2023-06-06,present,0
11116,1112,2022-10-31,present,0
11117,1112,2022-11-09,late,32
11118,1112,2023-03-09,present,0
11119,1112,2023-03-06,present,0
11120,1112,2023-06-12,present,0
11121,1113,2023-11-27,present,0
11122,1113,2024-06-10,absent,0
11123,1113,2023-10-02,excused,0
11124,1113,2024-04-01,late,32
11125,1113,2023-10-26,present,0
11126,1113,2023-09-25,present,0
11127,1113,2023-11-24,late,10
11128,1113,2024-02-19,absent,0
11129,1113,2023-09-21,present,0
11130,1113,2023-11-01,late,8
11131,1114,2022-10-10,present,0
11132,1114,2022-11-21,present,0
11133,1114,2022-10-05,present,0
11134,1114,2022-12-15,present,0
11135,1114,2023-03-27,present,0
11136,1114,2022-12-12,present,0
11137,1114,2023-05-01,present,0
11138,1114,2023-06-19,absent,0
11139,1114,2023-06-01,present,0
11140,1114,2023-05-22,present,0
11141,1115,2023-01-02,present,0
11142,1115,2023-04-18,present,0
11143,1115,2022-11-22,present,0
11144,1115,2023-01-16,present,0
11145,1115,2023-05-24,present,0
11146,1115,2022-12-26,present,0
11147,1115,2022-12-05,present,0
11148,1115,2022-10-03,present,0
11149,1115,2023-03-28,present,0
11150,1115,2022-11-24,present,0
11151,1116,2022-11-21,present,0
11152,1116,2022-12-12,present,0
11153,1116,2023-02-23,present,0
11154,1116,2023-01-17,present,0
11155,1116,2022-12-14,present,0
11156,1116,2023-04-21,present,0
11157,1116,2023-04-10,excused,0
11158,1116,2023-03-28,late,31
11159,1116,2023-02-02,present,0
11160,1116,2023-05-12,present,0
11161,1117,2023-03-03,present,0
11162,1117,2023-05-25,present,0
11163,1117,2023-05-01,present,0
11164,1117,2023-06-12,present,0
11165,1117,2022-11-09,present,0
11166,1117,2023-03-06,late,29
11167,1117,2023-03-21,present,0
11168,1117,2022-11-21,present,0
11169,1117,2023-05-29,present,0
11170,1117,2023-02-10,present,0
11171,1118,2024-01-29,late,31
11172,1118,2023-11-02,present,0
11173,1118,2023-09-29,present,0
11174,1118,2023-10-09,present,0
11175,1118,2023-09-15,present,0
11176,1118,2023-12-08,present,0
11177,1118,2023-12-04,present,0
11178,1118,2024-04-23,present,0
11179,1118,2023-09-11,present,0
11180,1118,2024-02-26,present,0
11181,1119,2025-01-10,present,0
11182,1119,2025-02-17,present,0
11183,1119,2024-09-19,present,0
11184,1119,2024-12-16,present,0
11185,1119,2024-10-24,late,26
11186,1119,2025-04-28,present,0
11187,1119,2025-03-28,excused,0
11188,1119,2025-05-15,present,0
11189,1119,2024-09-10,present,0
11190,1119,2025-06-19,present,0
11191,1120,2024-03-04,present,0
11192,1120,2023-10-18,present,0
11193,1120,2024-02-13,present,0
11194,1120,2023-11-09,present,0
11195,1120,2024-04-23,present,0
11196,1120,2024-02-19,present,0
11197,1120,2024-01-22,present,0
11198,1120,2024-01-22,present,0
11199,1120,2024-02-23,present,0
11200,1120,2023-10-16,present,0
11201,1121,2022-12-23,present,0
11202,1121,2023-03-27,present,0
11203,1121,2022-12-26,excused,0
11204,1121,2022-09-26,present,0
11205,1121,2022-10-03,present,0
11206,1121,2023-06-19,present,0
11207,1121,2022-12-01,present,0
11208,1121,2023-05-01,present,0
11209,1121,2023-01-16,present,0
11210,1121,2022-10-12,present,0
11211,1122,2024-10-21,present,0
11212,1122,2024-12-24,present,0
11213,1122,2024-12-19,present,0
11214,1122,2024-12-24,absent,0
11215,1122,2025-02-13,present,0
11216,1122,2024-12-30,present,0
11217,1122,2024-10-18,present,0
11218,1122,2024-09-23,present,0
11219,1122,2024-11-15,present,0
11220,1122,2025-06-06,present,0
11221,1123,2024-01-15,present,0
11222,1123,2023-12-11,present,0
11223,1123,2024-01-17,late,25
11224,1123,2024-01-31,present,0
11225,1123,2024-02-07,present,0
11226,1123,2024-04-30,present,0
11227,1123,2024-05-27,present,0
11228,1123,2023-11-03,present,0
11229,1123,2024-06-19,present,0
11230,1123,2023-12-05,present,0
11231,1124,2025-06-09,present,0
11232,1124,2024-11-04,present,0
11233,1124,2025-02-10,present,0
11234,1124,2025-01-15,present,0
11235,1124,2024-11-26,present,0
11236,1124,2024-10-11,excused,0
11237,1124,2025-05-30,present,0
11238,1124,2025-05-16,present,0
11239,1124,2024-11-11,present,0
11240,1124,2025-01-06,present,0
11241,1125,2024-04-08,late,21
11242,1125,2024-01-04,present,0
11243,1125,2024-05-21,present,0
11244,1125,2024-01-10,present,0
11245,1125,2024-05-17,present,0
11246,1125,2023-09-19,late,9
11247,1125,2024-03-05,present,0
11248,1125,2024-04-01,present,0
11249,1125,2024-05-21,present,0
11250,1125,2024-03-04,present,0
11251,1126,2024-04-11,present,0
11252,1126,2024-04-05,present,0
11253,1126,2023-12-27,present,0
11254,1126,2024-01-29,present,0
11255,1126,2023-11-13,present,0
11256,1126,2023-12-20,present,0
11257,1126,2024-06-05,present,0
11258,1126,2023-12-20,present,0
11259,1126,2023-11-27,present,0
11260,1126,2024-03-11,present,0
11261,1127,2023-01-12,present,0
11262,1127,2023-03-06,present,0
11263,1127,2022-10-03,present,0
11264,1127,2023-05-24,present,0
11265,1127,2023-06-05,present,0
11266,1127,2023-01-02,present,0
11267,1127,2023-02-14,present,0
11268,1127,2022-09-14,present,0
11269,1127,2023-02-08,present,0
11270,1127,2022-12-14,present,0
11271,1128,2025-04-01,present,0
11272,1128,2024-10-08,present,0
11273,1128,2025-05-22,present,0
11274,1128,2025-04-29,late,20
11275,1128,2024-10-08,present,0
11276,1128,2024-10-11,present,0
11277,1128,2024-10-02,present,0
11278,1128,2025-01-20,present,0
11279,1128,2025-01-22,present,0
11280,1128,2025-05-09,present,0
11281,1129,2024-12-04,present,0
11282,1129,2025-05-30,present,0
11283,1129,2025-01-23,absent,0
11284,1129,2025-05-26,present,0
11285,1129,2024-09-12,present,0
11286,1129,2025-03-17,present,0
11287,1129,2024-12-12,present,0
11288,1129,2024-12-16,present,0
11289,1129,2025-06-04,present,0
11290,1129,2024-11-26,present,0
11291,1130,2022-09-22,present,0
11292,1130,2023-01-24,present,0
11293,1130,2023-03-28,present,0
11294,1130,2023-05-26,present,0
11295,1130,2023-02-06,present,0
11296,1130,2022-12-21,present,0
11297,1130,2023-02-20,present,0
11298,1130,2023-02-09,present,0
11299,1130,2023-05-01,present,0
11300,1130,2022-12-06,present,0
11301,1131,2023-03-24,present,0
11302,1131,2022-12-27,present,0
11303,1131,2022-09-19,present,0
11304,1131,2023-04-24,present,0
11305,1131,2022-09-19,present,0
11306,1131,2023-03-30,present,0
11307,1131,2022-12-26,late,32
11308,1131,2022-12-19,present,0
11309,1131,2022-12-08,absent,0
11310,1131,2023-05-24,present,0
11311,1132,2023-11-09,present,0
11312,1132,2023-11-21,late,31
11313,1132,2024-05-20,late,19
11314,1132,2024-01-29,late,26
11315,1132,2024-06-03,present,0
11316,1132,2023-10-23,present,0
11317,1132,2023-10-24,present,0
11318,1132,2023-12-12,present,0
11319,1132,2023-12-08,present,0
11320,1132,2023-10-16,late,17
11321,1133,2025-02-05,present,0
11322,1133,2025-03-17,present,0
11323,1133,2025-03-24,present,0
11324,1133,2025-04-08,present,0
11325,1133,2025-04-09,present,0
11326,1133,2025-03-11,present,0
11327,1133,2024-11-04,present,0
11328,1133,2024-09-12,present,0
11329,1133,2025-03-17,present,0
11330,1133,2025-02-27,present,0
11331,1134,2022-10-10,present,0
11332,1134,2023-05-18,present,0
11333,1134,2023-03-29,present,0
11334,1134,2023-02-23,present,0
11335,1134,2023-03-06,present,0
11336,1134,2023-06-19,present,0
11337,1134,2023-01-09,present,0
11338,1134,2022-11-16,present,0
11339,1134,2023-04-28,present,0
11340,1134,2023-01-02,present,0
11341,1135,2024-04-08,present,0
11342,1135,2023-12-15,present,0
11343,1135,2023-11-13,present,0
11344,1135,2023-12-06,present,0
11345,1135,2024-06-17,present,0
11346,1135,2024-01-15,late,29
11347,1135,2024-05-10,present,0
11348,1135,2024-03-18,present,0
11349,1135,2024-02-19,present,0
11350,1135,2023-10-23,present,0
11351,1136,2025-03-31,present,0
11352,1136,2025-04-10,present,0
11353,1136,2025-02-03,present,0
11354,1136,2025-03-17,present,0
11355,1136,2024-11-25,present,0
11356,1136,2024-09-13,present,0
11357,1136,2025-03-31,present,0
11358,1136,2024-09-19,present,0
11359,1136,2024-11-04,present,0
11360,1136,2024-09-23,absent,0
11361,1137,2025-01-09,present,0
11362,1137,2024-09-16,present,0
11363,1137,2024-10-23,present,0
11364,1137,2024-12-09,present,0
11365,1137,2025-03-13,present,0
11366,1137,2024-11-25,present,0
11367,1137,2025-06-02,late,26
11368,1137,2025-03-07,present,0
11369,1137,2024-10-18,present,0
11370,1137,2025-03-06,late,30
11371,1138,2023-11-06,present,0
11372,1138,2024-02-14,present,0
11373,1138,2024-06-07,present,0
11374,1138,2023-12-07,present,0
11375,1138,2024-01-08,present,0
11376,1138,2024-03-04,present,0
11377,1138,2024-02-12,present,0
11378,1138,2024-04-29,present,0
11379,1138,2023-10-09,present,0
11380,1138,2023-10-18,present,0
11381,1139,2022-12-21,present,0
11382,1139,2022-11-28,present,0
11383,1139,2023-04-10,excused,0
11384,1139,2022-09-12,present,0
11385,1139,2023-01-12,present,0
11386,1139,2023-02-07,absent,0
11387,1139,2023-06-19,absent,0
11388,1139,2023-05-17,present,0
11389,1139,2023-01-02,excused,0
11390,1139,2022-10-12,present,0
11391,1140,2022-12-12,present,0
11392,1140,2023-05-31,present,0
11393,1140,2023-05-08,present,0
11394,1140,2023-02-01,present,0
11395,1140,2023-05-08,present,0
11396,1140,2022-10-24,present,0
11397,1140,2023-06-20,present,0
11398,1140,2022-12-09,present,0
11399,1140,2022-09-15,present,0
11400,1140,2022-10-10,present,0
11401,1141,2023-12-04,present,0
11402,1141,2023-12-21,present,0
11403,1141,2024-04-01,present,0
11404,1141,2023-10-30,present,0
11405,1141,2023-11-01,present,0
11406,1141,2023-09-13,late,29
11407,1141,2023-11-06,present,0
11408,1141,2023-09-29,present,0
11409,1141,2024-04-08,present,0
11410,1141,2023-09-20,present,0
11411,1142,2024-01-01,present,0
11412,1142,2023-10-30,present,0
11413,1142,2024-02-26,present,0
11414,1142,2024-05-06,present,0
11415,1142,2023-11-24,present,0
11416,1142,2024-01-11,present,0
11417,1142,2023-10-09,present,0
11418,1142,2023-11-27,present,0
11419,1142,2023-12-14,present,0
11420,1142,2024-06-10,present,0
11421,1143,2024-04-29,present,0
11422,1143,2023-09-21,present,0
11423,1143,2024-05-13,absent,0
11424,1143,2024-05-27,present,0
11425,1143,2024-06-04,present,0
11426,1143,2024-02-01,present,0
11427,1143,2023-10-02,present,0
11428,1143,2024-05-06,present,0
11429,1143,2023-10-09,present,0
11430,1143,2024-02-23,present,0
11431,1144,2023-12-18,present,0
11432,1144,2024-06-06,present,0
11433,1144,2024-01-25,present,0
11434,1144,2023-09-25,present,0
11435,1144,2024-03-20,present,0
11436,1144,2024-01-01,present,0
11437,1144,2024-04-03,present,0
11438,1144,2023-11-21,excused,0
11439,1144,2023-10-25,present,0
11440,1144,2023-09-19,late,16
11441,1145,2025-01-06,present,0
11442,1145,2025-04-08,present,0
11443,1145,2025-05-19,present,0
11444,1145,2025-04-09,present,0
11445,1145,2024-11-19,present,0
11446,1145,2024-09-26,present,0
11447,1145,2024-09-16,present,0
11448,1145,2025-06-20,present,0
11449,1145,2025-02-03,present,0
11450,1145,2025-04-22,present,0
11451,1146,2023-06-20,late,30
11452,1146,2022-09-19,present,0
11453,1146,2022-09-26,present,0
11454,1146,2023-06-19,present,0
11455,1146,2022-12-12,present,0
11456,1146,2022-12-05,present,0
11457,1146,2022-09-19,present,0
11458,1146,2022-09-26,present,0
11459,1146,2023-01-19,present,0
11460,1146,2022-10-04,present,0
11461,1147,2024-04-10,present,0
11462,1147,2024-04-01,present,0
11463,1147,2024-05-06,present,0
11464,1147,2024-01-29,present,0
11465,1147,2023-09-21,present,0
11466,1147,2024-05-01,late,13
11467,1147,2024-02-05,present,0
11468,1147,2024-06-13,present,0
11469,1147,2023-12-28,present,0
11470,1147,2024-05-24,present,0
11471,1148,2024-04-08,present,0
11472,1148,2024-03-15,present,0
11473,1148,2024-01-01,present,0
11474,1148,2023-10-02,present,0
11475,1148,2023-12-11,present,0
11476,1148,2023-11-22,present,0
11477,1148,2024-05-23,present,0
11478,1148,2023-09-13,present,0
11479,1148,2023-10-02,present,0
11480,1148,2024-05-27,present,0
11481,1149,2025-05-01,present,0
11482,1149,2024-11-11,present,0
11483,1149,2025-04-07,present,0
11484,1149,2025-05-26,late,14
11485,1149,2025-03-17,late,5
11486,1149,2024-12-16,present,0
11487,1149,2025-02-12,present,0
11488,1149,2025-02-07,present,0
11489,1149,2025-01-06,present,0
11490,1149,2025-06-16,absent,0
11491,1150,2023-12-11,present,0
11492,1150,2024-02-26,present,0
11493,1150,2023-11-06,present,0
11494,1150,2024-01-11,present,0
11495,1150,2023-09-28,present,0
11496,1150,2024-02-15,present,0
11497,1150,2024-06-05,present,0
11498,1150,2024-02-05,present,0
11499,1150,2024-06-11,present,0
11500,1150,2024-04-16,present,0
11501,1151,2022-11-09,present,0
11502,1151,2022-09-12,absent,0
11503,1151,2023-01-30,present,0
11504,1151,2023-05-22,present,0
11505,1151,2022-11-01,present,0
11506,1151,2022-12-02,present,0
11507,1151,2022-09-14,present,0
11508,1151,2023-06-05,present,0
11509,1151,2023-05-12,late,14
11510,1151,2022-09-09,absent,0
11511,1152,2023-09-14,present,0
11512,1152,2024-05-13,present,0
11513,1152,2023-12-04,present,0
11514,1152,2024-04-25,present,0
11515,1152,2024-04-16,present,0
11516,1152,2024-05-06,present,0
11517,1152,2023-12-05,present,0
11518,1152,2023-10-02,present,0
11519,1152,2023-09-21,present,0
11520,1152,2024-04-22,present,0
11521,1153,2023-01-18,present,0
11522,1153,2023-06-12,present,0
11523,1153,2022-12-22,present,0
11524,1153,2023-05-18,present,0
11525,1153,2023-04-11,present,0
11526,1153,2022-09-09,present,0
11527,1153,2023-05-08,present,0
11528,1153,2023-05-26,present,0
11529,1153,2023-05-23,late,22
11530,1153,2023-03-20,late,27
11531,1154,2024-11-28,present,0
11532,1154,2024-10-21,present,0
11533,1154,2025-04-24,present,0
11534,1154,2024-11-28,present,0
11535,1154,2025-01-14,present,0
11536,1154,2025-03-10,present,0
11537,1154,2025-01-06,present,0
11538,1154,2025-05-14,present,0
11539,1154,2025-02-26,present,0
11540,1154,2025-01-28,present,0
11541,1155,2023-01-12,present,0
11542,1155,2022-11-28,present,0
11543,1155,2023-05-26,present,0
11544,1155,2022-09-20,present,0
11545,1155,2023-05-15,absent,0
11546,1155,2023-01-24,present,0
11547,1155,2023-03-22,present,0
11548,1155,2023-06-05,late,35
11549,1155,2023-02-17,present,0
11550,1155,2023-06-19,present,0
11551,1156,2024-10-07,present,0
11552,1156,2025-03-20,present,0
11553,1156,2025-03-10,present,0
11554,1156,2024-09-19,present,0
11555,1156,2025-02-25,present,0
11556,1156,2025-03-11,present,0
11557,1156,2024-11-11,present,0
11558,1156,2025-03-04,present,0
11559,1156,2025-02-10,present,0
11560,1156,2024-12-05,present,0
11561,1157,2022-10-19,present,0
11562,1157,2023-06-07,present,0
11563,1157,2023-05-29,late,18
11564,1157,2022-10-05,present,0
11565,1157,2022-12-05,present,0
11566,1157,2023-05-19,present,0
11567,1157,2023-03-13,present,0
11568,1157,2022-12-05,present,0
11569,1157,2023-05-03,absent,0
11570,1157,2023-02-07,late,25
11571,1158,2022-10-31,present,0
11572,1158,2022-10-18,present,0
11573,1158,2023-01-02,absent,0
11574,1158,2023-03-10,excused,0
11575,1158,2023-02-23,present,0
11576,1158,2022-10-27,absent,0
11577,1158,2023-06-01,present,0
11578,1158,2023-04-27,present,0
11579,1158,2023-04-03,present,0
11580,1158,2023-04-24,present,0
11581,1159,2025-01-02,present,0
11582,1159,2024-10-21,present,0
11583,1159,2025-02-04,present,0
11584,1159,2025-05-05,present,0
11585,1159,2025-04-03,absent,0
11586,1159,2024-09-16,absent,0
11587,1159,2025-06-18,present,0
11588,1159,2024-11-06,present,0
11589,1159,2025-01-13,present,0
11590,1159,2025-02-14,present,0
11591,1160,2023-04-20,excused,0
11592,1160,2023-01-06,present,0
11593,1160,2022-10-13,present,0
11594,1160,2023-03-02,present,0
11595,1160,2022-12-21,present,0
11596,1160,2022-09-28,late,22
11597,1160,2022-10-13,present,0
11598,1160,2023-05-17,present,0
11599,1160,2023-03-09,present,0
11600,1160,2023-01-25,present,0
11601,1161,2024-04-15,present,0
11602,1161,2024-05-20,present,0
11603,1161,2024-01-12,present,0
11604,1161,2023-12-11,present,0
11605,1161,2023-11-08,present,0
11606,1161,2023-10-11,present,0
11607,1161,2024-02-26,present,0
11608,1161,2024-05-13,present,0
11609,1161,2024-01-16,present,0
11610,1161,2024-05-16,present,0
11611,1162,2023-11-20,present,0
11612,1162,2024-02-06,present,0
11613,1162,2024-03-18,present,0
11614,1162,2024-05-23,present,0
11615,1162,2024-01-15,present,0
11616,1162,2023-11-07,present,0
11617,1162,2024-03-25,present,0
11618,1162,2023-10-24,present,0
11619,1162,2024-01-22,present,0
11620,1162,2023-10-16,present,0
11621,1163,2023-05-17,present,0
11622,1163,2022-12-21,present,0
11623,1163,2023-03-23,present,0
11624,1163,2023-05-15,present,0
11625,1163,2022-11-07,present,0
11626,1163,2022-10-20,present,0
11627,1163,2023-06-15,present,0
11628,1163,2023-05-16,present,0
11629,1163,2023-06-02,present,0
11630,1163,2023-01-02,late,7
11631,1164,2024-10-28,late,15
11632,1164,2024-09-25,late,20
11633,1164,2025-04-09,present,0
11634,1164,2025-02-17,present,0
11635,1164,2025-05-15,present,0
11636,1164,2024-12-20,present,0
11637,1164,2025-03-25,present,0
11638,1164,2024-10-31,present,0
11639,1164,2024-09-12,present,0
11640,1164,2024-09-30,present,0
11641,1165,2024-10-17,absent,0
11642,1165,2025-03-17,present,0
11643,1165,2025-03-27,present,0
11644,1165,2024-11-06,present,0
11645,1165,2025-04-11,absent,0
11646,1165,2025-02-21,present,0
11647,1165,2024-09-16,absent,0
11648,1165,2025-05-19,present,0
11649,1165,2024-11-22,present,0
11650,1165,2025-04-21,excused,0
11651,1166,2023-01-19,absent,0
11652,1166,2023-01-19,present,0
11653,1166,2022-12-01,present,0
11654,1166,2023-01-31,present,0
11655,1166,2023-06-16,present,0
11656,1166,2023-04-03,present,0
11657,1166,2022-09-26,present,0
11658,1166,2023-03-10,present,0
11659,1166,2023-06-14,present,0
11660,1166,2023-05-19,present,0
11661,1167,2024-01-30,present,0
11662,1167,2024-02-26,present,0
11663,1167,2023-12-26,absent,0
11664,1167,2024-04-12,present,0
11665,1167,2023-10-23,present,0
11666,1167,2023-11-13,present,0
11667,1167,2024-03-18,present,0
11668,1167,2023-12-27,present,0
11669,1167,2024-05-13,present,0
11670,1167,2024-06-13,absent,0
11671,1168,2023-03-20,present,0
11672,1168,2022-10-17,present,0
11673,1168,2022-11-07,present,0
11674,1168,2022-11-07,absent,0
11675,1168,2023-03-22,present,0
11676,1168,2023-03-22,present,0
11677,1168,2023-03-09,absent,0
11678,1168,2022-10-24,present,0
11679,1168,2023-05-22,present,0
11680,1168,2022-09-16,late,33
11681,1169,2024-10-28,present,0
11682,1169,2025-03-24,present,0
11683,1169,2024-10-07,present,0
11684,1169,2025-03-26,present,0
11685,1169,2025-03-25,present,0
11686,1169,2024-12-30,present,0
11687,1169,2025-05-06,present,0
11688,1169,2024-12-30,absent,0
11689,1169,2025-06-04,present,0
11690,1169,2025-01-20,present,0
11691,1170,2023-04-21,present,0
11692,1170,2023-05-05,present,0
11693,1170,2023-04-03,present,0
11694,1170,2023-04-17,present,0
11695,1170,2023-03-02,present,0
11696,1170,2022-12-26,present,0
11697,1170,2023-03-02,present,0
11698,1170,2023-04-04,present,0
11699,1170,2023-02-27,present,0
11700,1170,2023-02-02,present,0
11701,1171,2025-04-28,excused,0
11702,1171,2025-04-30,present,0
11703,1171,2024-12-13,present,0
11704,1171,2024-12-02,absent,0
11705,1171,2024-10-21,present,0
11706,1171,2024-10-02,present,0
11707,1171,2025-02-10,present,0
11708,1171,2025-02-03,present,0
11709,1171,2024-12-16,present,0
11710,1171,2024-09-23,present,0
11711,1172,2023-11-20,excused,0
11712,1172,2024-02-22,present,0
11713,1172,2023-09-27,present,0
11714,1172,2023-11-06,present,0
11715,1172,2024-03-19,absent,0
11716,1172,2024-04-18,present,0
11717,1172,2024-04-19,present,0
11718,1172,2024-05-20,present,0
11719,1172,2024-04-19,present,0
11720,1172,2024-03-25,present,0
11721,1173,2023-01-02,present,0
11722,1173,2023-03-28,present,0
11723,1173,2023-04-03,present,0
11724,1173,2022-12-16,present,0
11725,1173,2022-12-27,present,0
11726,1173,2022-11-29,present,0
11727,1173,2022-11-10,present,0
11728,1173,2023-05-22,present,0
11729,1173,2022-10-12,present,0
11730,1173,2023-04-11,present,0
11731,1174,2023-03-27,present,0
11732,1174,2022-12-26,present,0
11733,1174,2022-09-09,present,0
11734,1174,2023-05-22,present,0
11735,1174,2023-04-10,present,0
11736,1174,2023-05-22,present,0
11737,1174,2023-05-15,present,0
11738,1174,2023-03-17,present,0
11739,1174,2023-05-22,present,0
11740,1174,2023-03-29,present,0
11741,1175,2024-12-13,present,0
11742,1175,2024-12-04,present,0
11743,1175,2024-10-30,present,0
11744,1175,2024-12-17,present,0
11745,1175,2025-04-02,present,0
11746,1175,2025-02-13,present,0
11747,1175,2025-01-08,present,0
11748,1175,2025-02-21,present,0
11749,1175,2025-02-12,present,0
11750,1175,2024-11-25,present,0
11751,1176,2023-11-24,present,0
11752,1176,2023-09-19,present,0
11753,1176,2023-12-08,present,0
11754,1176,2023-10-09,present,0
11755,1176,2023-12-04,absent,0
11756,1176,2024-04-15,present,0
11757,1176,2023-11-08,present,0
11758,1176,2024-05-08,absent,0
11759,1176,2023-12-11,present,0
11760,1176,2024-01-15,late,30
11761,1177,2023-03-23,present,0
11762,1177,2022-10-03,present,0
11763,1177,2022-11-30,present,0
11764,1177,2023-06-15,present,0
11765,1177,2023-01-06,late,8
11766,1177,2022-09-26,absent,0
11767,1177,2023-04-24,present,0
11768,1177,2023-03-28,present,0
11769,1177,2023-04-12,present,0
11770,1177,2023-01-23,present,0
11771,1178,2023-01-26,present,0
11772,1178,2022-12-19,present,0
11773,1178,2023-03-27,present,0
11774,1178,2023-06-19,excused,0
11775,1178,2022-10-25,present,0
11776,1178,2022-09-19,present,0
11777,1178,2023-06-05,present,0
11778,1178,2022-11-15,present,0
11779,1178,2023-01-02,late,20
11780,1178,2023-04-11,present,0
11781,1179,2023-12-26,present,0
11782,1179,2024-01-29,present,0
11783,1179,2023-11-24,present,0
11784,1179,2024-01-09,present,0
11785,1179,2024-03-08,present,0
11786,1179,2023-11-22,present,0
11787,1179,2024-02-12,present,0
11788,1179,2024-02-26,present,0
11789,1179,2024-04-01,present,0
11790,1179,2023-10-30,present,0
11791,1180,2023-06-14,present,0
11792,1180,2022-11-14,present,0
11793,1180,2023-06-14,absent,0
11794,1180,2022-09-19,present,0
11795,1180,2023-04-03,present,0
11796,1180,2023-05-22,present,0
11797,1180,2023-02-01,present,0
11798,1180,2022-10-10,present,0
11799,1180,2022-10-05,present,0
11800,1180,2023-04-03,excused,0
11801,1181,2024-06-12,present,0
11802,1181,2024-02-29,present,0
11803,1181,2024-03-19,present,0
11804,1181,2024-01-29,late,28
11805,1181,2023-12-07,present,0
11806,1181,2023-11-06,present,0
11807,1181,2024-02-12,present,0
11808,1181,2023-12-14,late,23
11809,1181,2024-06-18,present,0
11810,1181,2023-11-07,late,12
11811,1182,2025-01-22,present,0
11812,1182,2024-11-25,present,0
11813,1182,2025-04-16,present,0
11814,1182,2025-01-23,present,0
11815,1182,2025-04-07,present,0
11816,1182,2025-05-12,present,0
11817,1182,2024-10-18,present,0
11818,1182,2024-10-21,present,0
11819,1182,2025-06-03,present,0
11820,1182,2025-06-05,present,0
11821,1183,2023-10-02,present,0
11822,1183,2024-05-06,present,0
11823,1183,2024-04-01,present,0
11824,1183,2024-05-13,late,7
11825,1183,2024-03-26,late,16
11826,1183,2023-10-16,present,0
11827,1183,2024-03-18,present,0
11828,1183,2023-09-19,present,0
11829,1183,2023-10-18,present,0
11830,1183,2024-04-08,present,0
11831,1184,2025-04-08,present,0
11832,1184,2024-10-25,present,0
11833,1184,2024-09-16,present,0
11834,1184,2025-05-19,present,0
11835,1184,2024-10-15,present,0
11836,1184,2025-02-17,present,0
11837,1184,2024-10-29,present,0
11838,1184,2024-11-21,absent,0
11839,1184,2024-12-18,late,14
11840,1184,2024-12-20,late,20
11841,1185,2024-12-30,present,0
11842,1185,2024-12-30,present,0
11843,1185,2024-12-02,present,0
11844,1185,2024-09-27,late,5
11845,1185,2025-02-12,present,0
11846,1185,2024-12-26,present,0
11847,1185,2024-12-27,present,0
11848,1185,2024-11-13,present,0
11849,1185,2025-05-26,present,0
11850,1185,2024-11-14,present,0
11851,1186,2023-03-30,present,0
11852,1186,2023-02-03,present,0
11853,1186,2023-06-15,present,0
11854,1186,2022-09-23,present,0
11855,1186,2023-02-27,present,0
11856,1186,2023-04-10,present,0
11857,1186,2023-04-03,present,0
11858,1186,2022-09-21,present,0
11859,1186,2023-02-23,present,0
11860,1186,2023-04-07,present,0
11861,1187,2023-06-13,present,0
11862,1187,2022-10-20,absent,0
11863,1187,2022-11-30,present,0
11864,1187,2022-09-20,present,0
11865,1187,2023-05-15,present,0
11866,1187,2022-10-06,present,0
11867,1187,2023-04-10,present,0
11868,1187,2022-12-19,present,0
11869,1187,2023-04-10,present,0
11870,1187,2023-04-11,present,0
11871,1188,2024-03-01,present,0
11872,1188,2024-04-15,present,0
11873,1188,2024-05-31,present,0
11874,1188,2024-01-05,late,22
11875,1188,2024-02-15,present,0
11876,1188,2024-04-12,late,22
11877,1188,2024-02-20,excused,0
11878,1188,2024-03-11,present,0
11879,1188,2024-03-12,present,0
11880,1188,2024-01-22,absent,0
11881,1189,2025-05-05,present,0
11882,1189,2024-10-21,present,0
11883,1189,2025-02-12,present,0
11884,1189,2024-11-11,present,0
11885,1189,2025-06-11,present,0
11886,1189,2025-03-12,present,0
11887,1189,2025-05-07,present,0
11888,1189,2024-12-06,present,0
11889,1189,2025-06-11,present,0
11890,1189,2025-06-11,late,19
11891,1190,2024-10-14,present,0
11892,1190,2024-11-25,present,0
11893,1190,2024-10-24,present,0
11894,1190,2025-05-12,absent,0
11895,1190,2024-12-24,absent,0
11896,1190,2025-05-22,present,0
11897,1190,2025-02-04,present,0
11898,1190,2025-03-06,present,0
11899,1190,2025-01-20,present,0
11900,1190,2024-10-07,absent,0
11901,1191,2022-12-16,present,0
11902,1191,2023-02-01,present,0
11903,1191,2023-04-14,present,0
11904,1191,2023-03-14,present,0
11905,1191,2023-04-27,present,0
11906,1191,2023-01-18,present,0
11907,1191,2023-05-16,present,0
11908,1191,2023-02-02,present,0
11909,1191,2023-03-13,present,0
11910,1191,2022-09-27,present,0
11911,1192,2024-09-09,present,0
11912,1192,2025-04-21,present,0
11913,1192,2025-02-14,present,0
11914,1192,2024-12-06,present,0
11915,1192,2025-03-28,present,0
11916,1192,2024-09-13,late,22
11917,1192,2024-10-18,present,0
11918,1192,2025-03-17,excused,0
11919,1192,2024-12-24,present,0
11920,1192,2025-01-23,present,0
11921,1193,2024-09-26,present,0
11922,1193,2025-04-21,present,0
11923,1193,2024-12-23,present,0
11924,1193,2024-11-18,present,0
11925,1193,2025-02-24,present,0
11926,1193,2025-01-20,present,0
11927,1193,2024-12-02,present,0
11928,1193,2024-10-28,excused,0
11929,1193,2025-01-20,present,0
11930,1193,2025-04-23,present,0
11931,1194,2022-11-03,present,0
11932,1194,2023-01-02,present,0
11933,1194,2023-05-03,present,0
11934,1194,2023-05-03,present,0
11935,1194,2022-09-26,present,0
11936,1194,2023-02-03,present,0
11937,1194,2023-05-11,present,0
11938,1194,2022-12-29,present,0
11939,1194,2023-06-12,present,0
11940,1194,2023-03-06,present,0
11941,1195,2022-10-10,present,0
11942,1195,2022-12-09,present,0
11943,1195,2022-11-24,present,0
11944,1195,2022-11-15,present,0
11945,1195,2023-01-09,present,0
11946,1195,2023-05-19,present,0
11947,1195,2023-06-05,present,0
11948,1195,2023-04-03,present,0
11949,1195,2023-06-01,present,0
11950,1195,2022-12-28,present,0
11951,1196,2024-02-05,present,0
11952,1196,2023-10-11,present,0
11953,1196,2024-05-17,present,0
11954,1196,2023-12-12,present,0
11955,1196,2024-01-17,present,0
11956,1196,2023-11-13,present,0
11957,1196,2024-02-05,present,0
11958,1196,2023-12-11,present,0
11959,1196,2023-09-25,present,0
11960,1196,2024-01-15,present,0
11961,1197,2023-02-21,present,0
11962,1197,2023-06-20,present,0
11963,1197,2023-05-15,present,0
11964,1197,2022-12-30,present,0
11965,1197,2023-05-01,present,0
11966,1197,2023-05-01,present,0
11967,1197,2023-03-06,present,0
11968,1197,2023-05-18,present,0
11969,1197,2023-05-08,present,0
11970,1197,2023-05-15,present,0
11971,1198,2023-03-08,present,0
11972,1198,2023-02-03,present,0
11973,1198,2023-05-22,present,0
11974,1198,2022-09-23,late,21
11975,1198,2022-10-10,present,0
11976,1198,2023-03-28,present,0
11977,1198,2022-12-21,present,0
11978,1198,2022-11-07,present,0
11979,1198,2023-02-16,present,0
11980,1198,2023-02-06,late,16
11981,1199,2024-04-22,present,0
11982,1199,2023-10-11,present,0
11983,1199,2023-09-21,present,0
11984,1199,2024-01-29,present,0
11985,1199,2023-10-19,present,0
11986,1199,2023-09-11,present,0
11987,1199,2024-06-18,present,0
11988,1199,2024-04-01,present,0
11989,1199,2023-09-15,present,0
11990,1199,2023-12-06,present,0
11991,1200,2023-11-28,absent,0
11992,1200,2023-11-27,present,0
11993,1200,2023-09-26,present,0
11994,1200,2024-02-19,present,0
11995,1200,2023-11-20,absent,0
11996,1200,2023-12-28,late,32
11997,1200,2024-02-09,present,0
11998,1200,2024-02-22,late,8
11999,1200,2024-06-17,absent,0
12000,1200,2024-03-26,present,0
12001,1201,2025-03-12,present,0
12002,1201,2024-09-30,present,0
12003,1201,2025-03-10,present,0
12004,1201,2024-10-25,present,0
12005,1201,2025-04-28,present,0
12006,1201,2024-10-14,present,0
12007,1201,2025-01-10,present,0
12008,1201,2024-11-29,excused,0
12009,1201,2025-06-13,present,0
12010,1201,2025-02-10,present,0
12011,1202,2025-01-31,present,0
12012,1202,2024-09-13,present,0
12013,1202,2024-10-07,present,0
12014,1202,2025-03-24,present,0
12015,1202,2024-12-10,present,0
12016,1202,2025-01-07,absent,0
12017,1202,2024-11-12,present,0
12018,1202,2025-02-07,absent,0
12019,1202,2024-10-11,present,0
12020,1202,2025-04-08,present,0
12021,1203,2022-10-18,present,0
12022,1203,2022-10-24,present,0
12023,1203,2023-05-22,present,0
12024,1203,2023-05-15,present,0
12025,1203,2023-05-22,present,0
12026,1203,2023-01-09,present,0
12027,1203,2023-04-11,present,0
12028,1203,2023-01-02,late,11
12029,1203,2023-05-29,present,0
12030,1203,2023-05-26,late,5
12031,1204,2025-04-17,present,0
12032,1204,2025-01-20,present,0
12033,1204,2024-12-18,present,0
12034,1204,2025-04-28,present,0
12035,1204,2025-03-05,present,0
12036,1204,2025-01-20,present,0
12037,1204,2024-12-16,present,0
12038,1204,2025-05-12,present,0
12039,1204,2025-02-19,present,0
12040,1204,2025-03-11,absent,0
12041,1205,2025-04-30,present,0
12042,1205,2025-02-17,present,0
12043,1205,2025-05-12,present,0
12044,1205,2024-10-10,present,0
12045,1205,2025-02-17,present,0
12046,1205,2025-06-09,present,0
12047,1205,2024-09-24,present,0
12048,1205,2025-02-19,present,0
12049,1205,2025-03-31,present,0
12050,1205,2024-12-02,present,0
12051,1206,2024-06-14,present,0
12052,1206,2024-02-08,absent,0
12053,1206,2024-06-10,present,0
12054,1206,2023-12-11,present,0
12055,1206,2023-10-02,excused,0
12056,1206,2024-02-26,present,0
12057,1206,2023-12-22,present,0
12058,1206,2023-10-09,present,0
12059,1206,2023-11-08,present,0
12060,1206,2024-04-23,present,0
12061,1207,2023-01-09,present,0
12062,1207,2022-10-24,late,32
12063,1207,2022-09-15,present,0
12064,1207,2022-12-19,present,0
12065,1207,2022-11-08,present,0
12066,1207,2022-11-16,present,0
12067,1207,2022-12-12,present,0
12068,1207,2023-06-16,present,0
12069,1207,2022-12-29,present,0
12070,1207,2023-04-24,present,0
12071,1208,2024-02-08,present,0
12072,1208,2023-11-20,present,0
12073,1208,2023-10-10,present,0
12074,1208,2023-10-04,present,0
12075,1208,2024-03-11,late,31
12076,1208,2023-10-03,present,0
12077,1208,2023-11-16,present,0
12078,1208,2023-09-25,present,0
12079,1208,2023-09-21,present,0
12080,1208,2023-10-05,late,7
12081,1209,2025-01-03,present,0
12082,1209,2025-01-31,present,0
12083,1209,2025-02-28,present,0
12084,1209,2024-09-23,present,0
12085,1209,2024-10-14,present,0
12086,1209,2024-09-30,present,0
12087,1209,2025-06-02,present,0
12088,1209,2025-04-10,late,24
12089,1209,2024-11-11,present,0
12090,1209,2025-01-13,present,0
12091,1210,2024-02-19,present,0
12092,1210,2023-11-14,present,0
12093,1210,2024-04-22,present,0
12094,1210,2023-09-27,present,0
12095,1210,2024-04-15,present,0
12096,1210,2023-09-21,present,0
12097,1210,2023-11-09,present,0
12098,1210,2024-05-27,present,0
12099,1210,2024-05-22,late,22
12100,1210,2024-01-25,present,0
12101,1211,2023-09-15,present,0
12102,1211,2024-02-06,present,0
12103,1211,2024-04-09,late,15
12104,1211,2023-12-25,present,0
12105,1211,2023-10-16,present,0
12106,1211,2023-11-06,present,0
12107,1211,2024-03-27,present,0
12108,1211,2024-05-21,present,0
12109,1211,2023-10-23,present,0
12110,1211,2024-04-12,present,0
12111,1212,2022-09-30,present,0
12112,1212,2022-12-02,present,0
12113,1212,2022-11-15,present,0
12114,1212,2022-11-24,present,0
12115,1212,2023-02-17,present,0
12116,1212,2022-11-03,absent,0
12117,1212,2022-12-09,present,0
12118,1212,2023-05-01,present,0
12119,1212,2022-10-04,present,0
12120,1212,2022-09-14,present,0
12121,1213,2024-12-30,excused,0
12122,1213,2024-11-15,present,0
12123,1213,2025-04-04,present,0
12124,1213,2024-09-30,absent,0
12125,1213,2025-03-11,present,0
12126,1213,2025-04-18,late,35
12127,1213,2025-06-02,present,0
12128,1213,2024-10-08,present,0
12129,1213,2025-02-24,present,0
12130,1213,2025-06-04,present,0
12131,1214,2024-11-12,late,5
12132,1214,2025-04-14,present,0
12133,1214,2024-11-06,present,0
12134,1214,2025-01-15,present,0
12135,1214,2024-12-16,present,0
12136,1214,2025-01-16,present,0
12137,1214,2024-10-22,present,0
12138,1214,2025-01-29,present,0
12139,1214,2025-04-22,present,0
12140,1214,2025-02-13,present,0
12141,1215,2025-04-21,absent,0
12142,1215,2024-10-01,late,35
12143,1215,2024-09-30,present,0
12144,1215,2024-09-12,present,0
12145,1215,2024-10-25,present,0
12146,1215,2024-10-01,present,0
12147,1215,2025-02-17,present,0
12148,1215,2025-05-13,absent,0
12149,1215,2025-04-10,present,0
12150,1215,2024-12-16,absent,0
12151,1216,2025-03-17,present,0
12152,1216,2024-09-27,present,0
12153,1216,2025-04-21,present,0
12154,1216,2025-04-07,present,0
12155,1216,2024-10-07,present,0
12156,1216,2024-11-05,present,0
12157,1216,2025-03-06,excused,0
12158,1216,2025-02-07,present,0
12159,1216,2024-09-12,present,0
12160,1216,2025-03-11,present,0
12161,1217,2023-04-24,excused,0
12162,1217,2022-11-14,present,0
12163,1217,2022-10-14,excused,0
12164,1217,2022-09-12,present,0
12165,1217,2023-05-03,late,11
12166,1217,2022-12-07,present,0
12167,1217,2022-11-25,present,0
12168,1217,2023-02-13,present,0
12169,1217,2023-03-06,present,0
12170,1217,2022-11-29,present,0
12171,1218,2023-04-04,late,15
12172,1218,2023-04-17,present,0
12173,1218,2023-05-02,present,0
12174,1218,2023-03-20,present,0
12175,1218,2023-06-05,late,9
12176,1218,2022-09-12,present,0
12177,1218,2023-02-13,late,28
12178,1218,2022-11-15,present,0
12179,1218,2023-05-08,present,0
12180,1218,2022-10-10,present,0
12181,1219,2022-09-23,absent,0
12182,1219,2022-12-13,present,0
12183,1219,2023-02-23,present,0
12184,1219,2022-10-17,present,0
12185,1219,2022-10-17,late,13
12186,1219,2023-03-20,absent,0
12187,1219,2023-04-24,absent,0
12188,1219,2023-05-16,present,0
12189,1219,2022-12-02,present,0
12190,1219,2023-03-15,absent,0
12191,1220,2022-10-25,present,0
12192,1220,2023-03-13,present,0
12193,1220,2023-05-24,present,0
12194,1220,2022-11-30,absent,0
12195,1220,2022-12-19,present,0
12196,1220,2023-05-30,absent,0
12197,1220,2022-11-16,present,0
12198,1220,2022-11-10,present,0
12199,1220,2023-03-15,present,0
12200,1220,2022-11-04,present,0
12201,1221,2024-12-10,late,26
12202,1221,2025-03-26,present,0
12203,1221,2024-09-26,present,0
12204,1221,2024-11-25,present,0
12205,1221,2025-02-17,present,0
12206,1221,2025-05-12,present,0
12207,1221,2024-09-17,present,0
12208,1221,2025-03-03,present,0
12209,1221,2024-11-08,present,0
12210,1221,2025-06-11,present,0
12211,1222,2025-05-05,present,0
12212,1222,2025-05-20,present,0
12213,1222,2024-10-28,present,0
12214,1222,2025-05-19,present,0
12215,1222,2025-04-21,present,0
12216,1222,2025-03-12,present,0
12217,1222,2025-01-15,present,0
12218,1222,2024-10-07,present,0
12219,1222,2025-03-03,present,0
12220,1222,2025-01-20,present,0
12221,1223,2023-11-09,present,0
12222,1223,2024-03-21,present,0
12223,1223,2024-03-04,present,0
12224,1223,2024-04-25,present,0
12225,1223,2023-11-01,present,0
12226,1223,2023-11-08,present,0
12227,1223,2024-02-02,present,0
12228,1223,2024-06-20,present,0
12229,1223,2024-03-15,present,0
12230,1223,2024-03-19,present,0
12231,1224,2024-10-07,present,0
12232,1224,2025-03-19,absent,0
12233,1224,2024-12-26,present,0
12234,1224,2025-05-07,present,0
12235,1224,2025-05-07,present,0
12236,1224,2024-11-26,present,0
12237,1224,2025-02-17,late,9
12238,1224,2025-04-28,excused,0
12239,1224,2025-03-05,present,0
12240,1224,2025-05-12,present,0
12241,1225,2024-03-06,present,0
12242,1225,2024-03-15,present,0
12243,1225,2024-01-22,present,0
12244,1225,2024-02-12,present,0
12245,1225,2024-05-13,present,0
12246,1225,2023-11-23,absent,0
12247,1225,2024-02-12,absent,0
12248,1225,2024-06-17,excused,0
12249,1225,2024-01-02,present,0
12250,1225,2023-12-04,present,0
12251,1226,2024-04-30,present,0
12252,1226,2024-05-27,present,0
12253,1226,2024-02-13,present,0
12254,1226,2024-05-13,present,0
12255,1226,2024-01-29,present,0
12256,1226,2024-01-11,present,0
12257,1226,2024-05-09,late,14
12258,1226,2023-09-22,present,0
12259,1226,2024-05-02,present,0
12260,1226,2024-06-10,present,0
12261,1227,2024-10-14,present,0
12262,1227,2024-09-27,late,17
12263,1227,2024-11-18,present,0
12264,1227,2025-04-21,present,0
12265,1227,2025-05-19,present,0
12266,1227,2025-03-06,present,0
12267,1227,2025-04-22,late,12
12268,1227,2025-05-16,present,0
12269,1227,2025-02-26,present,0
12270,1227,2024-12-23,present,0
12271,1228,2023-09-13,present,0
12272,1228,2024-06-14,present,0
12273,1228,2024-04-10,late,12
12274,1228,2024-03-27,present,0
12275,1228,2023-10-30,present,0
12276,1228,2024-02-12,present,0
12277,1228,2024-01-18,present,0
12278,1228,2024-03-04,present,0
12279,1228,2024-05-01,absent,0
12280,1228,2024-05-07,present,0
12281,1229,2023-10-02,present,0
12282,1229,2024-05-23,present,0
12283,1229,2024-05-13,present,0
12284,1229,2024-01-29,present,0
12285,1229,2023-11-27,present,0
12286,1229,2023-09-11,present,0
12287,1229,2023-09-25,present,0
12288,1229,2024-05-13,present,0
12289,1229,2024-05-27,present,0
12290,1229,2024-06-04,present,0
12291,1230,2022-10-03,present,0
12292,1230,2023-01-06,present,0
12293,1230,2023-02-02,present,0
12294,1230,2023-02-13,present,0
12295,1230,2022-11-01,present,0
12296,1230,2023-06-20,present,0
12297,1230,2022-10-20,present,0
12298,1230,2023-01-09,present,0
12299,1230,2022-11-15,present,0
12300,1230,2023-05-05,present,0
12301,1231,2025-05-15,present,0
12302,1231,2024-12-31,present,0
12303,1231,2025-01-14,present,0
12304,1231,2024-10-11,present,0
12305,1231,2024-10-14,present,0
12306,1231,2025-03-31,present,0
12307,1231,2024-11-04,present,0
12308,1231,2024-12-06,present,0
12309,1231,2024-11-06,present,0
12310,1231,2025-03-31,present,0
12311,1232,2024-05-08,present,0
12312,1232,2023-09-27,present,0
12313,1232,2024-01-08,present,0
12314,1232,2023-10-10,present,0
12315,1232,2023-12-20,present,0
12316,1232,2023-12-13,present,0
12317,1232,2023-09-18,present,0
12318,1232,2024-04-29,present,0
12319,1232,2023-11-06,present,0
12320,1232,2024-02-09,present,0
12321,1233,2024-06-03,present,0
12322,1233,2023-12-11,present,0
12323,1233,2023-10-09,present,0
12324,1233,2024-02-01,present,0
12325,1233,2024-03-27,present,0
12326,1233,2024-02-07,present,0
12327,1233,2024-04-15,present,0
12328,1233,2024-02-21,present,0
12329,1233,2023-11-28,present,0
12330,1233,2023-10-02,present,0
12331,1234,2024-06-18,present,0
12332,1234,2024-04-24,present,0
12333,1234,2024-03-06,present,0
12334,1234,2024-03-11,present,0
12335,1234,2023-12-22,present,0
12336,1234,2024-06-18,present,0
12337,1234,2024-02-14,present,0
12338,1234,2024-05-02,present,0
12339,1234,2023-09-27,present,0
12340,1234,2024-01-15,late,21
12341,1235,2025-03-13,present,0
12342,1235,2025-04-03,present,0
12343,1235,2025-01-13,present,0
12344,1235,2025-04-14,excused,0
12345,1235,2024-10-03,present,0
12346,1235,2024-09-11,present,0
12347,1235,2025-06-16,excused,0
12348,1235,2024-12-09,present,0
12349,1235,2025-06-16,present,0
12350,1235,2024-12-09,present,0
12351,1236,2023-06-06,present,0
12352,1236,2022-09-12,present,0
12353,1236,2023-05-09,present,0
12354,1236,2023-05-05,present,0
12355,1236,2023-04-14,present,0
12356,1236,2023-01-19,present,0
12357,1236,2023-04-28,present,0
12358,1236,2023-03-06,present,0
12359,1236,2023-05-02,present,0
12360,1236,2022-09-26,present,0
12361,1237,2025-03-17,present,0
12362,1237,2025-02-20,present,0
12363,1237,2025-03-18,present,0
12364,1237,2024-11-22,present,0
12365,1237,2024-12-25,present,0
12366,1237,2024-11-21,present,0
12367,1237,2025-02-19,present,0
12368,1237,2025-02-05,present,0
12369,1237,2025-05-15,present,0
12370,1237,2024-10-08,present,0
12371,1238,2022-09-27,present,0
12372,1238,2023-02-13,present,0
12373,1238,2022-09-23,present,0
12374,1238,2023-05-11,present,0
12375,1238,2022-10-05,present,0
12376,1238,2023-03-06,present,0
12377,1238,2022-11-28,present,0
12378,1238,2023-03-23,present,0
12379,1238,2022-12-20,present,0
12380,1238,2023-06-15,present,0
12381,1239,2024-06-10,present,0
12382,1239,2023-10-11,present,0
12383,1239,2024-02-14,present,0
12384,1239,2024-01-30,present,0
12385,1239,2024-01-29,present,0
12386,1239,2023-09-28,present,0
12387,1239,2024-02-15,absent,0
12388,1239,2024-04-08,present,0
12389,1239,2024-03-12,absent,0
12390,1239,2024-05-28,present,0
12391,1240,2023-09-26,present,0
12392,1240,2024-04-03,present,0
12393,1240,2024-06-11,present,0
12394,1240,2023-11-27,present,0
12395,1240,2023-10-05,absent,0
12396,1240,2024-01-22,late,35
12397,1240,2024-04-02,present,0
12398,1240,2023-12-18,present,0
12399,1240,2024-05-03,present,0
12400,1240,2023-12-20,present,0
12401,1241,2024-12-30,present,0
12402,1241,2025-05-19,present,0
12403,1241,2024-09-16,present,0
12404,1241,2025-01-27,present,0
12405,1241,2024-10-17,present,0
12406,1241,2025-02-20,late,34
12407,1241,2024-09-16,present,0
12408,1241,2025-01-20,present,0
12409,1241,2025-05-08,present,0
12410,1241,2025-06-10,present,0
12411,1242,2023-11-17,present,0
12412,1242,2024-05-13,present,0
12413,1242,2023-10-26,present,0
12414,1242,2023-12-20,present,0
12415,1242,2023-11-27,present,0
12416,1242,2024-02-16,present,0
12417,1242,2023-10-16,present,0
12418,1242,2024-02-12,present,0
12419,1242,2023-12-11,present,0
12420,1242,2024-06-17,present,0
12421,1243,2023-01-26,present,0
12422,1243,2023-06-12,present,0
12423,1243,2023-01-30,present,0
12424,1243,2023-04-06,present,0
12425,1243,2023-05-08,present,0
12426,1243,2023-03-27,present,0
12427,1243,2023-04-07,present,0
12428,1243,2023-04-17,present,0
12429,1243,2022-12-05,excused,0
12430,1243,2023-03-27,present,0
12431,1244,2024-09-16,present,0
12432,1244,2024-09-30,present,0
12433,1244,2025-05-08,present,0
12434,1244,2025-04-09,present,0
12435,1244,2024-11-25,present,0
12436,1244,2025-04-21,present,0
12437,1244,2024-10-11,present,0
12438,1244,2024-10-04,present,0
12439,1244,2025-06-16,present,0
12440,1244,2024-11-18,present,0
12441,1245,2024-04-22,present,0
12442,1245,2023-10-11,present,0
12443,1245,2023-12-14,present,0
12444,1245,2024-03-11,excused,0
12445,1245,2024-05-24,present,0
12446,1245,2024-04-29,excused,0
12447,1245,2023-11-27,present,0
12448,1245,2024-04-08,present,0
12449,1245,2023-12-18,present,0
12450,1245,2023-10-19,present,0
12451,1246,2024-12-25,present,0
12452,1246,2024-12-12,present,0
12453,1246,2025-01-13,present,0
12454,1246,2025-04-08,present,0
12455,1246,2025-01-10,present,0
12456,1246,2025-01-13,present,0
12457,1246,2024-10-21,present,0
12458,1246,2025-01-14,present,0
12459,1246,2024-12-09,present,0
12460,1246,2025-05-12,present,0
12461,1247,2024-09-23,excused,0
12462,1247,2025-06-17,present,0
12463,1247,2024-09-18,present,0
12464,1247,2025-04-04,absent,0
12465,1247,2024-09-23,present,0
12466,1247,2024-09-16,present,0
12467,1247,2025-06-13,late,30
12468,1247,2024-11-04,absent,0
12469,1247,2025-04-21,present,0
12470,1247,2024-12-04,present,0
12471,1248,2023-04-20,late,20
12472,1248,2022-12-20,present,0
12473,1248,2023-05-05,present,0
12474,1248,2022-11-04,present,0
12475,1248,2023-05-23,absent,0
12476,1248,2023-02-06,absent,0
12477,1248,2023-03-14,present,0
12478,1248,2023-03-16,present,0
12479,1248,2022-10-31,present,0
12480,1248,2023-01-24,present,0
12481,1249,2024-05-31,present,0
12482,1249,2023-11-06,present,0
12483,1249,2024-06-12,present,0
12484,1249,2023-12-18,present,0
12485,1249,2024-06-04,absent,0
12486,1249,2024-05-13,present,0
12487,1249,2024-06-12,present,0
12488,1249,2023-10-09,present,0
12489,1249,2023-12-04,present,0
12490,1249,2024-01-01,late,5
12491,1250,2023-04-17,present,0
12492,1250,2023-01-25,present,0
12493,1250,2023-01-05,present,0
12494,1250,2022-10-17,present,0
12495,1250,2023-06-02,present,0
12496,1250,2023-02-06,present,0
12497,1250,2023-04-24,late,35
12498,1250,2023-01-30,present,0
12499,1250,2022-10-03,present,0
12500,1250,2023-01-23,excused,0
12501,1251,2022-09-16,present,0
12502,1251,2022-11-21,present,0
12503,1251,2023-06-16,present,0
12504,1251,2023-06-14,present,0
12505,1251,2022-09-30,present,0
12506,1251,2023-05-30,present,0
12507,1251,2022-10-17,present,0
12508,1251,2023-05-26,present,0
12509,1251,2022-11-21,absent,0
12510,1251,2022-10-04,late,12
12511,1252,2024-09-25,excused,0
12512,1252,2025-06-04,late,31
12513,1252,2024-09-23,present,0
12514,1252,2025-03-13,present,0
12515,1252,2025-04-07,late,30
12516,1252,2025-05-08,present,0
12517,1252,2024-09-24,present,0
12518,1252,2025-04-28,present,0
12519,1252,2025-02-27,present,0
12520,1252,2024-10-18,present,0
12521,1253,2024-04-04,present,0
12522,1253,2023-10-10,present,0
12523,1253,2024-01-12,present,0
12524,1253,2024-05-07,present,0
12525,1253,2023-12-11,present,0
12526,1253,2023-11-06,present,0
12527,1253,2024-03-26,present,0
12528,1253,2023-11-13,present,0
12529,1253,2024-02-19,present,0
12530,1253,2024-06-03,present,0
12531,1254,2024-06-06,absent,0
12532,1254,2023-09-14,present,0
12533,1254,2023-10-30,present,0
12534,1254,2024-05-06,present,0
12535,1254,2023-12-13,absent,0
12536,1254,2024-06-17,absent,0
12537,1254,2023-11-30,present,0
12538,1254,2023-12-13,late,11
12539,1254,2024-02-26,present,0
12540,1254,2023-12-07,present,0
12541,1255,2025-01-13,present,0
12542,1255,2025-05-26,present,0
12543,1255,2025-04-07,present,0
12544,1255,2025-04-15,present,0
12545,1255,2024-09-30,absent,0
12546,1255,2024-11-28,present,0
12547,1255,2024-10-21,excused,0
12548,1255,2025-04-03,present,0
12549,1255,2025-06-04,present,0
12550,1255,2025-04-07,absent,0
12551,1256,2025-02-24,present,0
12552,1256,2025-03-21,present,0
12553,1256,2025-04-16,present,0
12554,1256,2024-11-01,present,0
12555,1256,2025-02-18,present,0
12556,1256,2025-06-09,present,0
12557,1256,2025-04-15,present,0
12558,1256,2025-01-14,present,0
12559,1256,2024-11-04,present,0
12560,1256,2025-02-25,present,0
12561,1257,2023-10-16,present,0
12562,1257,2023-11-13,present,0
12563,1257,2023-09-14,present,0
12564,1257,2023-09-12,present,0
12565,1257,2024-04-18,present,0
12566,1257,2023-11-10,present,0
12567,1257,2023-12-25,present,0
12568,1257,2024-01-08,present,0
12569,1257,2024-04-25,present,0
12570,1257,2024-03-04,present,0
12571,1258,2025-01-22,present,0
12572,1258,2025-05-15,present,0
12573,1258,2024-12-26,present,0
12574,1258,2025-02-20,present,0
12575,1258,2025-04-17,present,0
12576,1258,2025-04-25,present,0
12577,1258,2025-03-27,present,0
12578,1258,2025-03-17,present,0
12579,1258,2025-02-20,present,0
12580,1258,2024-11-29,present,0
12581,1259,2023-04-24,present,0
12582,1259,2022-10-14,present,0
12583,1259,2023-05-29,present,0
12584,1259,2023-02-09,absent,0
12585,1259,2023-02-06,absent,0
12586,1259,2022-09-19,present,0
12587,1259,2023-02-10,present,0
12588,1259,2022-09-26,present,0
12589,1259,2022-09-12,present,0
12590,1259,2022-12-05,present,0
12591,1260,2025-01-03,late,11
12592,1260,2024-11-04,present,0
12593,1260,2024-10-03,present,0
12594,1260,2025-01-20,present,0
12595,1260,2025-05-12,absent,0
12596,1260,2024-11-04,present,0
12597,1260,2024-12-09,excused,0
12598,1260,2025-02-24,present,0
12599,1260,2025-04-04,present,0
12600,1260,2025-06-09,present,0
12601,1261,2023-12-29,present,0
12602,1261,2024-03-04,present,0
12603,1261,2024-04-11,present,0
12604,1261,2023-11-03,present,0
12605,1261,2024-04-22,present,0
12606,1261,2024-05-14,present,0
12607,1261,2024-05-30,present,0
12608,1261,2024-03-25,present,0
12609,1261,2023-11-27,present,0
12610,1261,2023-09-18,present,0
12611,1262,2025-01-20,present,0
12612,1262,2025-02-21,present,0
12613,1262,2025-04-09,present,0
12614,1262,2024-12-09,present,0
12615,1262,2025-05-12,present,0
12616,1262,2025-05-05,present,0
12617,1262,2024-11-05,excused,0
12618,1262,2024-12-16,present,0
12619,1262,2025-02-07,present,0
12620,1262,2025-02-17,present,0
12621,1263,2024-06-17,present,0
12622,1263,2024-04-29,present,0
12623,1263,2023-10-30,present,0
12624,1263,2023-09-25,present,0
12625,1263,2024-05-10,present,0
12626,1263,2024-06-03,present,0
12627,1263,2024-05-31,late,23
12628,1263,2023-12-19,present,0
12629,1263,2024-02-05,late,9
12630,1263,2023-10-16,present,0
12631,1264,2025-03-28,present,0
12632,1264,2025-04-21,present,0
12633,1264,2025-04-24,present,0
12634,1264,2024-11-18,present,0
12635,1264,2025-05-26,present,0
12636,1264,2025-06-16,present,0
12637,1264,2025-01-03,present,0
12638,1264,2025-02-27,present,0
12639,1264,2025-03-17,present,0
12640,1264,2025-04-23,present,0
12641,1265,2023-02-02,present,0
12642,1265,2022-10-24,present,0
12643,1265,2022-11-14,present,0
12644,1265,2022-09-26,present,0
12645,1265,2023-06-13,present,0
12646,1265,2023-02-20,present,0
12647,1265,2023-01-16,late,15
12648,1265,2023-01-12,present,0
12649,1265,2023-05-15,present,0
12650,1265,2023-05-09,present,0
12651,1266,2023-04-24,present,0
12652,1266,2022-11-09,present,0
12653,1266,2023-03-20,present,0
12654,1266,2022-11-25,present,0
12655,1266,2023-03-24,present,0
12656,1266,2022-10-10,present,0
12657,1266,2022-09-27,present,0
12658,1266,2023-06-19,present,0
12659,1266,2023-02-06,present,0
12660,1266,2023-02-27,present,0
12661,1267,2024-09-16,present,0
12662,1267,2025-02-27,present,0
12663,1267,2024-10-14,present,0
12664,1267,2025-06-12,present,0
12665,1267,2025-03-19,present,0
12666,1267,2025-02-21,present,0
12667,1267,2025-05-19,present,0
12668,1267,2024-12-26,present,0
12669,1267,2025-03-27,present,0
12670,1267,2025-01-21,present,0
12671,1268,2023-02-01,present,0
12672,1268,2022-10-11,present,0
12673,1268,2023-02-24,present,0
12674,1268,2022-09-30,present,0
12675,1268,2022-09-26,present,0
12676,1268,2023-03-13,present,0
12677,1268,2023-01-11,present,0
12678,1268,2022-12-15,present,0
12679,1268,2022-11-28,present,0
12680,1268,2023-03-13,present,0
12681,1269,2025-04-21,present,0
12682,1269,2024-11-12,late,20
12683,1269,2025-01-09,present,0
12684,1269,2024-11-14,absent,0
12685,1269,2025-05-09,present,0
12686,1269,2025-01-28,absent,0
12687,1269,2025-03-25,present,0
12688,1269,2025-01-13,late,8
12689,1269,2025-04-18,present,0
12690,1269,2025-01-20,absent,0
12691,1270,2024-01-09,present,0
12692,1270,2024-01-01,present,0
12693,1270,2023-12-12,present,0
12694,1270,2024-02-28,present,0
12695,1270,2024-01-03,present,0
12696,1270,2023-12-25,present,0
12697,1270,2023-10-03,present,0
12698,1270,2024-02-09,excused,0
12699,1270,2023-09-19,present,0
12700,1270,2024-04-01,present,0
12701,1271,2023-11-01,present,0
12702,1271,2023-10-30,present,0
12703,1271,2024-03-22,present,0
12704,1271,2023-10-04,present,0
12705,1271,2023-11-08,present,0
12706,1271,2024-01-09,present,0
12707,1271,2023-11-06,present,0
12708,1271,2024-04-26,present,0
12709,1271,2023-12-11,present,0
12710,1271,2024-03-25,present,0
12711,1272,2024-12-23,present,0
12712,1272,2025-01-20,present,0
12713,1272,2024-11-19,present,0
12714,1272,2025-03-24,present,0
12715,1272,2024-09-27,present,0
12716,1272,2024-11-12,present,0
12717,1272,2025-01-22,present,0
12718,1272,2024-10-14,present,0
12719,1272,2025-05-19,present,0
12720,1272,2024-09-13,present,0
12721,1273,2025-02-24,present,0
12722,1273,2025-02-07,present,0
12723,1273,2025-03-19,present,0
12724,1273,2024-10-07,present,0
12725,1273,2025-02-27,present,0
12726,1273,2025-03-27,present,0
12727,1273,2025-01-06,present,0
12728,1273,2025-01-22,present,0
12729,1273,2024-12-18,present,0
12730,1273,2024-11-04,present,0
12731,1274,2022-10-25,present,0
12732,1274,2023-01-19,present,0
12733,1274,2022-10-25,present,0
12734,1274,2022-10-13,present,0
12735,1274,2023-04-14,present,0
12736,1274,2022-12-02,present,0
12737,1274,2022-10-24,present,0
12738,1274,2023-02-06,present,0
12739,1274,2023-05-31,present,0
12740,1274,2023-03-06,present,0
12741,1275,2024-09-23,present,0
12742,1275,2025-01-13,present,0
12743,1275,2025-01-21,present,0
12744,1275,2025-06-05,present,0
12745,1275,2025-03-24,present,0
12746,1275,2025-01-15,present,0
12747,1275,2025-02-10,present,0
12748,1275,2024-12-13,present,0
12749,1275,2025-05-26,present,0
12750,1275,2024-12-23,present,0
12751,1276,2025-04-21,present,0
12752,1276,2024-10-03,present,0
12753,1276,2025-01-17,present,0
12754,1276,2025-05-12,present,0
12755,1276,2025-03-17,present,0
12756,1276,2024-12-23,present,0
12757,1276,2024-11-15,present,0
12758,1276,2024-09-18,present,0
12759,1276,2025-01-24,present,0
12760,1276,2025-01-29,present,0
12761,1277,2022-09-30,present,0
12762,1277,2022-10-27,present,0
12763,1277,2022-12-16,present,0
12764,1277,2023-03-13,present,0
12765,1277,2022-11-28,present,0
12766,1277,2022-11-25,present,0
12767,1277,2023-04-11,present,0
12768,1277,2023-04-12,present,0
12769,1277,2022-10-19,absent,0
12770,1277,2022-10-27,present,0
12771,1278,2025-06-12,present,0
12772,1278,2024-11-12,present,0
12773,1278,2025-03-19,present,0
12774,1278,2024-12-30,present,0
12775,1278,2025-02-11,present,0
12776,1278,2025-01-24,late,20
12777,1278,2024-10-28,present,0
12778,1278,2025-05-05,present,0
12779,1278,2024-12-16,absent,0
12780,1278,2025-03-18,absent,0
12781,1279,2024-06-10,absent,0
12782,1279,2024-01-05,present,0
12783,1279,2024-01-25,present,0
12784,1279,2024-01-18,present,0
12785,1279,2023-10-24,present,0
12786,1279,2024-02-05,present,0
12787,1279,2024-05-27,absent,0
12788,1279,2024-03-19,absent,0
12789,1279,2024-04-26,present,0
12790,1279,2024-04-01,present,0
12791,1280,2025-04-22,present,0
12792,1280,2025-02-03,present,0
12793,1280,2024-09-17,present,0
12794,1280,2025-03-03,present,0
12795,1280,2025-05-19,present,0
12796,1280,2024-11-25,absent,0
12797,1280,2024-10-03,present,0
12798,1280,2025-03-17,present,0
12799,1280,2025-06-16,present,0
12800,1280,2025-02-27,present,0
12801,1281,2025-01-20,present,0
12802,1281,2025-01-20,present,0
12803,1281,2025-05-08,present,0
12804,1281,2024-12-16,present,0
12805,1281,2024-11-13,absent,0
12806,1281,2024-10-11,present,0
12807,1281,2025-04-22,absent,0
12808,1281,2024-11-12,present,0
12809,1281,2025-02-04,present,0
12810,1281,2024-10-08,absent,0
12811,1282,2024-05-21,present,0
12812,1282,2024-04-23,excused,0
12813,1282,2024-03-25,present,0
12814,1282,2023-10-04,present,0
12815,1282,2024-05-13,present,0
12816,1282,2024-04-03,late,14
12817,1282,2023-12-04,present,0
12818,1282,2024-03-20,present,0
12819,1282,2023-09-19,present,0
12820,1282,2024-06-03,absent,0
12821,1283,2023-05-15,present,0
12822,1283,2022-09-19,present,0
12823,1283,2022-12-26,present,0
12824,1283,2023-03-24,present,0
12825,1283,2023-01-16,present,0
12826,1283,2022-09-12,present,0
12827,1283,2022-10-10,present,0
12828,1283,2022-11-17,present,0
12829,1283,2023-04-18,late,26
12830,1283,2022-09-29,present,0
12831,1284,2023-03-13,present,0
12832,1284,2023-03-20,present,0
12833,1284,2022-09-30,present,0
12834,1284,2023-04-03,present,0
12835,1284,2023-03-13,excused,0
12836,1284,2022-12-12,present,0
12837,1284,2023-04-10,present,0
12838,1284,2023-01-02,present,0
12839,1284,2022-12-29,present,0
12840,1284,2023-05-11,present,0
12841,1285,2022-09-19,present,0
12842,1285,2023-05-05,present,0
12843,1285,2023-04-05,present,0
12844,1285,2023-03-16,present,0
12845,1285,2023-04-26,present,0
12846,1285,2022-11-07,present,0
12847,1285,2022-11-17,present,0
12848,1285,2023-03-14,present,0
12849,1285,2023-04-10,present,0
12850,1285,2022-10-28,present,0
12851,1286,2023-01-12,present,0
12852,1286,2023-06-16,present,0
12853,1286,2023-04-04,present,0
12854,1286,2023-02-01,present,0
12855,1286,2023-02-20,present,0
12856,1286,2023-02-27,present,0
12857,1286,2022-10-20,present,0
12858,1286,2022-11-14,present,0
12859,1286,2022-12-12,present,0
12860,1286,2022-11-09,present,0
12861,1287,2023-09-18,absent,0
12862,1287,2024-04-02,present,0
12863,1287,2023-10-02,absent,0
12864,1287,2024-06-03,present,0
12865,1287,2024-02-27,present,0
12866,1287,2024-02-28,present,0
12867,1287,2024-03-11,present,0
12868,1287,2024-02-21,present,0
12869,1287,2024-05-22,present,0
12870,1287,2024-04-15,present,0
12871,1288,2025-04-22,present,0
12872,1288,2025-05-26,present,0
12873,1288,2025-04-04,present,0
12874,1288,2024-12-02,present,0
12875,1288,2024-12-26,present,0
12876,1288,2025-01-16,present,0
12877,1288,2024-09-23,absent,0
12878,1288,2025-02-25,present,0
12879,1288,2025-03-26,absent,0
12880,1288,2024-10-15,absent,0
12881,1289,2024-02-27,late,10
12882,1289,2024-04-01,present,0
12883,1289,2023-09-13,present,0
12884,1289,2024-01-29,present,0
12885,1289,2024-03-04,present,0
12886,1289,2024-02-19,present,0
12887,1289,2024-01-05,absent,0
12888,1289,2024-03-25,present,0
12889,1289,2024-04-29,present,0
12890,1289,2023-10-23,present,0
12891,1290,2025-03-10,present,0
12892,1290,2025-04-28,present,0
12893,1290,2024-09-30,present,0
12894,1290,2024-12-17,present,0
12895,1290,2024-10-09,present,0
12896,1290,2024-10-07,excused,0
12897,1290,2024-12-13,present,0
12898,1290,2025-02-10,present,0
12899,1290,2025-05-12,present,0
12900,1290,2025-05-07,present,0
12901,1291,2024-03-29,absent,0
12902,1291,2024-02-19,present,0
12903,1291,2023-10-27,present,0
12904,1291,2024-02-19,excused,0
12905,1291,2024-03-15,present,0
12906,1291,2024-04-12,present,0
12907,1291,2023-11-03,present,0
12908,1291,2024-06-17,present,0
12909,1291,2024-06-20,present,0
12910,1291,2023-11-29,present,0
12911,1292,2023-05-26,late,14
12912,1292,2022-09-29,present,0
12913,1292,2022-12-05,present,0
12914,1292,2023-01-16,present,0
12915,1292,2022-12-02,absent,0
12916,1292,2022-09-23,present,0
12917,1292,2023-04-13,present,0
12918,1292,2023-05-02,present,0
12919,1292,2023-01-16,late,22
12920,1292,2023-03-23,present,0
12921,1293,2024-03-07,present,0
12922,1293,2023-11-22,late,34
12923,1293,2023-10-27,late,18
12924,1293,2024-02-26,present,0
12925,1293,2024-06-19,present,0
12926,1293,2024-05-23,present,0
12927,1293,2024-05-29,present,0
12928,1293,2024-05-06,present,0
12929,1293,2024-05-28,present,0
12930,1293,2023-11-24,excused,0
12931,1294,2024-12-02,late,6
12932,1294,2025-05-13,present,0
12933,1294,2024-11-25,present,0
12934,1294,2024-10-16,present,0
12935,1294,2024-10-16,absent,0
12936,1294,2025-06-16,present,0
12937,1294,2025-06-11,present,0
12938,1294,2024-12-20,present,0
12939,1294,2025-04-22,excused,0
12940,1294,2024-12-23,present,0
12941,1295,2023-03-06,absent,0
12942,1295,2023-04-18,present,0
12943,1295,2023-02-22,present,0
12944,1295,2023-03-01,present,0
12945,1295,2023-02-13,present,0
12946,1295,2022-10-03,present,0
12947,1295,2022-12-21,absent,0
12948,1295,2023-05-23,present,0
12949,1295,2023-01-06,present,0
12950,1295,2023-02-21,present,0
12951,1296,2022-10-06,absent,0
12952,1296,2023-02-27,late,18
12953,1296,2023-01-04,present,0
12954,1296,2022-09-19,present,0
12955,1296,2022-12-29,present,0
12956,1296,2022-12-05,present,0
12957,1296,2023-03-27,present,0
12958,1296,2023-03-01,present,0
12959,1296,2023-01-17,present,0
12960,1296,2023-04-28,present,0
12961,1297,2025-02-03,present,0
12962,1297,2025-03-11,present,0
12963,1297,2024-10-11,present,0
12964,1297,2025-04-08,present,0
12965,1297,2024-09-16,present,0
12966,1297,2025-01-06,present,0
12967,1297,2024-10-16,present,0
12968,1297,2025-03-10,absent,0
12969,1297,2024-11-18,late,23
12970,1297,2025-05-26,present,0
12971,1298,2025-04-14,present,0
12972,1298,2025-05-08,present,0
12973,1298,2025-01-10,present,0
12974,1298,2024-10-11,present,0
12975,1298,2025-04-18,present,0
12976,1298,2025-05-20,present,0
12977,1298,2024-11-14,absent,0
12978,1298,2024-11-08,present,0
12979,1298,2024-09-18,absent,0
12980,1298,2025-01-06,present,0
12981,1299,2024-04-29,absent,0
12982,1299,2024-02-27,present,0
12983,1299,2024-04-25,present,0
12984,1299,2024-06-03,present,0
12985,1299,2023-09-13,late,13
12986,1299,2024-03-25,absent,0
12987,1299,2024-05-28,present,0
12988,1299,2023-12-22,present,0
12989,1299,2024-04-12,present,0
12990,1299,2024-05-08,present,0
12991,1300,2024-06-04,present,0
12992,1300,2024-04-23,present,0
12993,1300,2024-01-15,present,0
12994,1300,2024-04-18,absent,0
12995,1300,2023-11-24,present,0
12996,1300,2024-04-01,present,0
12997,1300,2024-01-11,present,0
12998,1300,2023-09-25,present,0
12999,1300,2023-09-11,absent,0
13000,1300,2024-06-13,present,0
13001,1301,2023-03-24,present,0
13002,1301,2022-11-16,present,0
13003,1301,2023-01-02,present,0
13004,1301,2023-05-09,present,0
13005,1301,2022-11-28,absent,0
13006,1301,2023-03-14,present,0
13007,1301,2023-05-19,present,0
13008,1301,2022-12-05,absent,0
13009,1301,2022-10-03,present,0
13010,1301,2023-02-13,present,0
13011,1302,2025-01-20,present,0
13012,1302,2024-09-16,absent,0
13013,1302,2025-01-02,present,0
13014,1302,2025-02-10,present,0
13015,1302,2024-10-01,absent,0
13016,1302,2025-06-19,present,0
13017,1302,2024-12-11,late,17
13018,1302,2024-09-18,present,0
13019,1302,2025-02-19,excused,0
13020,1302,2025-05-14,late,19
13021,1303,2022-11-07,present,0
13022,1303,2023-05-08,present,0
13023,1303,2022-12-29,present,0
13024,1303,2022-12-30,present,0
13025,1303,2022-09-30,present,0
13026,1303,2022-10-13,excused,0
13027,1303,2023-03-22,present,0
13028,1303,2023-01-23,present,0
13029,1303,2022-10-18,present,0
13030,1303,2022-12-12,late,30
13031,1304,2024-02-19,present,0
13032,1304,2024-05-28,present,0
13033,1304,2023-12-11,present,0
13034,1304,2023-12-18,present,0
13035,1304,2023-11-23,present,0
13036,1304,2024-06-12,present,0
13037,1304,2023-12-12,present,0
13038,1304,2024-04-23,present,0
13039,1304,2024-02-15,present,0
13040,1304,2023-11-21,present,0
13041,1305,2023-05-22,present,0
13042,1305,2022-10-31,present,0
13043,1305,2023-02-06,present,0
13044,1305,2023-03-24,present,0
13045,1305,2023-03-27,present,0
13046,1305,2022-12-26,excused,0
13047,1305,2023-03-23,present,0
13048,1305,2023-03-01,present,0
13049,1305,2023-04-07,present,0
13050,1305,2022-12-05,present,0
13051,1306,2025-01-01,present,0
13052,1306,2024-09-16,present,0
13053,1306,2024-12-23,present,0
13054,1306,2025-06-17,present,0
13055,1306,2025-02-10,late,25
13056,1306,2024-12-23,late,24
13057,1306,2025-01-27,present,0
13058,1306,2024-12-23,present,0
13059,1306,2025-04-07,present,0
13060,1306,2025-04-29,present,0
13061,1307,2023-05-08,present,0
13062,1307,2023-04-27,present,0
13063,1307,2023-03-23,present,0
13064,1307,2023-06-14,present,0
13065,1307,2022-12-12,present,0
13066,1307,2023-05-04,present,0
13067,1307,2023-05-17,present,0
13068,1307,2022-10-10,present,0
13069,1307,2023-01-17,late,29
13070,1307,2023-05-22,present,0
13071,1308,2024-01-29,present,0
13072,1308,2024-05-22,present,0
13073,1308,2023-10-09,present,0
13074,1308,2023-12-18,present,0
13075,1308,2024-03-27,present,0
13076,1308,2024-06-10,present,0
13077,1308,2023-12-04,present,0
13078,1308,2024-01-16,present,0
13079,1308,2024-04-08,present,0
13080,1308,2024-05-08,late,10
13081,1309,2023-06-19,present,0
13082,1309,2023-05-22,present,0
13083,1309,2023-06-12,present,0
13084,1309,2022-12-12,present,0
13085,1309,2023-03-17,present,0
13086,1309,2023-05-22,present,0
13087,1309,2022-09-19,present,0
13088,1309,2022-12-15,present,0
13089,1309,2023-06-09,present,0
13090,1309,2023-06-14,present,0
13091,1310,2024-01-02,present,0
13092,1310,2023-10-02,present,0
13093,1310,2024-03-18,present,0
13094,1310,2024-06-17,present,0
13095,1310,2023-09-25,present,0
13096,1310,2024-03-12,present,0
13097,1310,2023-12-29,present,0
13098,1310,2024-04-24,present,0
13099,1310,2023-11-29,present,0
13100,1310,2024-06-04,present,0
13101,1311,2023-03-08,present,0
13102,1311,2022-12-12,present,0
13103,1311,2023-02-06,present,0
13104,1311,2023-02-10,present,0
13105,1311,2022-09-28,present,0
13106,1311,2022-12-05,present,0
13107,1311,2023-02-24,present,0
13108,1311,2022-09-23,present,0
13109,1311,2023-04-11,present,0
13110,1311,2023-01-11,present,0
13111,1312,2025-03-13,present,0
13112,1312,2025-05-05,present,0
13113,1312,2025-05-07,present,0
13114,1312,2024-11-04,present,0
13115,1312,2025-01-21,present,0
13116,1312,2024-11-11,present,0
13117,1312,2024-11-11,present,0
13118,1312,2025-03-18,present,0
13119,1312,2025-01-01,late,20
13120,1312,2025-04-03,present,0
13121,1313,2023-03-09,present,0
13122,1313,2023-06-14,present,0
13123,1313,2023-02-07,present,0
13124,1313,2022-09-27,present,0
13125,1313,2022-11-24,late,33
13126,1313,2023-01-12,present,0
13127,1313,2023-05-22,present,0
13128,1313,2023-03-06,present,0
13129,1313,2023-01-23,present,0
13130,1313,2023-03-27,present,0
13131,1314,2024-05-01,present,0
13132,1314,2023-11-20,present,0
13133,1314,2024-03-14,absent,0
13134,1314,2024-03-04,present,0
13135,1314,2024-05-24,present,0
13136,1314,2024-05-27,present,0
13137,1314,2023-10-09,present,0
13138,1314,2023-11-07,present,0
13139,1314,2023-12-05,present,0
13140,1314,2023-09-11,present,0
13141,1315,2023-11-28,present,0
13142,1315,2023-12-13,present,0
13143,1315,2023-10-19,present,0
13144,1315,2024-06-05,present,0
13145,1315,2024-05-08,present,0
13146,1315,2024-03-28,present,0
13147,1315,2024-01-15,present,0
13148,1315,2024-03-01,present,0
13149,1315,2024-01-30,present,0
13150,1315,2024-01-17,present,0
13151,1316,2023-03-20,present,0
13152,1316,2022-11-07,present,0
13153,1316,2023-03-27,present,0
13154,1316,2023-05-12,present,0
13155,1316,2023-01-31,present,0
13156,1316,2022-10-27,present,0
13157,1316,2022-10-19,present,0
13158,1316,2022-12-08,present,0
13159,1316,2023-03-27,present,0
13160,1316,2022-10-25,present,0
13161,1317,2024-10-15,present,0
13162,1317,2025-04-10,present,0
13163,1317,2025-06-16,present,0
13164,1317,2024-12-06,present,0
13165,1317,2025-01-27,present,0
13166,1317,2025-05-09,present,0
13167,1317,2025-02-28,present,0
13168,1317,2024-10-07,present,0
13169,1317,2024-12-09,present,0
13170,1317,2025-01-02,late,31
13171,1318,2024-05-22,present,0
13172,1318,2023-12-29,late,31
13173,1318,2024-05-22,present,0
13174,1318,2024-05-13,present,0
13175,1318,2023-09-11,present,0
13176,1318,2023-12-22,present,0
13177,1318,2024-05-16,present,0
13178,1318,2023-10-09,present,0
13179,1318,2024-02-19,present,0
13180,1318,2024-05-06,present,0
13181,1319,2024-03-28,present,0
13182,1319,2024-06-19,present,0
13183,1319,2024-05-14,present,0
13184,1319,2024-03-04,present,0
13185,1319,2023-10-09,present,0
13186,1319,2023-11-13,present,0
13187,1319,2023-12-08,present,0
13188,1319,2023-09-25,present,0
13189,1319,2024-06-03,present,0
13190,1319,2023-12-11,present,0
13191,1320,2024-03-08,present,0
13192,1320,2024-01-02,present,0
13193,1320,2023-12-25,present,0
13194,1320,2023-10-09,present,0
13195,1320,2023-11-06,present,0
13196,1320,2023-12-26,present,0
13197,1320,2024-01-15,present,0
13198,1320,2024-04-03,present,0
13199,1320,2024-04-03,present,0
13200,1320,2023-10-23,present,0
13201,1321,2022-10-24,present,0
13202,1321,2023-05-01,present,0
13203,1321,2022-12-26,present,0
13204,1321,2023-05-26,present,0
13205,1321,2023-06-05,present,0
13206,1321,2023-03-30,present,0
13207,1321,2023-03-28,present,0
13208,1321,2023-04-03,present,0
13209,1321,2023-04-10,present,0
13210,1321,2023-04-03,present,0
13211,1322,2024-11-13,present,0
13212,1322,2025-03-31,present,0
13213,1322,2025-01-09,present,0
13214,1322,2024-10-07,present,0
13215,1322,2024-10-17,present,0
13216,1322,2024-12-10,present,0
13217,1322,2025-02-27,present,0
13218,1322,2024-12-03,present,0
13219,1322,2025-06-11,present,0
13220,1322,2024-12-19,present,0
13221,1323,2025-03-04,present,0
13222,1323,2025-03-13,present,0
13223,1323,2025-04-22,present,0
13224,1323,2024-11-22,present,0
13225,1323,2024-12-30,present,0
13226,1323,2025-01-08,present,0
13227,1323,2024-11-06,present,0
13228,1323,2025-02-17,late,12
13229,1323,2025-05-19,present,0
13230,1323,2025-01-16,present,0
13231,1324,2024-03-21,present,0
13232,1324,2024-01-26,present,0
13233,1324,2024-06-18,present,0
13234,1324,2024-02-07,present,0
13235,1324,2023-09-21,present,0
13236,1324,2023-11-16,present,0
13237,1324,2024-01-01,present,0
13238,1324,2024-01-12,present,0
13239,1324,2023-10-04,present,0
13240,1324,2024-01-08,present,0
13241,1325,2025-05-26,present,0
13242,1325,2024-10-21,late,11
13243,1325,2025-05-27,present,0
13244,1325,2024-10-21,present,0
13245,1325,2024-11-04,present,0
13246,1325,2024-12-31,present,0
13247,1325,2024-09-16,late,34
13248,1325,2024-09-20,present,0
13249,1325,2024-09-13,present,0
13250,1325,2025-06-10,present,0
13251,1326,2025-05-29,present,0
13252,1326,2025-02-24,present,0
13253,1326,2025-03-21,present,0
13254,1326,2025-05-02,present,0
13255,1326,2024-11-07,present,0
13256,1326,2025-03-20,present,0
13257,1326,2024-09-17,present,0
13258,1326,2024-09-27,late,20
13259,1326,2024-10-18,present,0
13260,1326,2025-05-16,present,0
13261,1327,2023-12-18,present,0
13262,1327,2024-02-16,present,0
13263,1327,2024-03-25,present,0
13264,1327,2023-12-26,present,0
13265,1327,2024-02-09,present,0
13266,1327,2023-12-07,present,0
13267,1327,2023-10-25,present,0
13268,1327,2024-01-29,present,0
13269,1327,2023-11-27,present,0
13270,1327,2024-05-01,present,0
13271,1328,2024-12-05,late,29
13272,1328,2025-03-05,present,0
13273,1328,2025-04-16,present,0
13274,1328,2025-03-24,present,0
13275,1328,2024-12-16,present,0
13276,1328,2025-05-21,present,0
13277,1328,2025-02-04,present,0
13278,1328,2025-05-02,present,0
13279,1328,2025-03-24,present,0
13280,1328,2025-06-11,present,0
13281,1329,2024-04-18,present,0
13282,1329,2023-10-31,present,0
13283,1329,2024-01-22,present,0
13284,1329,2024-01-17,present,0
13285,1329,2024-06-19,present,0
13286,1329,2023-12-19,present,0
13287,1329,2024-01-22,late,9
13288,1329,2024-04-29,present,0
13289,1329,2023-12-13,present,0
13290,1329,2024-05-30,present,0
13291,1330,2024-09-17,present,0
13292,1330,2025-04-02,present,0
13293,1330,2025-04-24,present,0
13294,1330,2024-12-23,present,0
13295,1330,2024-09-23,present,0
13296,1330,2024-11-05,present,0
13297,1330,2025-01-27,present,0
13298,1330,2024-12-02,present,0
13299,1330,2025-04-08,present,0
13300,1330,2025-03-31,present,0
13301,1331,2025-06-10,present,0
13302,1331,2025-02-25,present,0
13303,1331,2025-02-24,present,0
13304,1331,2024-12-30,present,0
13305,1331,2025-03-25,present,0
13306,1331,2025-01-27,present,0
13307,1331,2024-10-09,present,0
13308,1331,2025-04-17,present,0
13309,1331,2025-01-27,present,0
13310,1331,2025-04-28,present,0
13311,1332,2024-01-03,present,0
13312,1332,2023-11-13,present,0
13313,1332,2024-02-05,present,0
13314,1332,2023-10-26,present,0
13315,1332,2023-10-09,present,0
13316,1332,2024-05-13,present,0
13317,1332,2023-10-16,present,0
13318,1332,2024-05-06,present,0
13319,1332,2023-12-04,late,27
13320,1332,2024-05-06,present,0
13321,1333,2024-01-18,present,0
13322,1333,2024-03-25,present,0
13323,1333,2023-11-20,present,0
13324,1333,2023-09-20,present,0
13325,1333,2024-03-20,present,0
13326,1333,2023-10-16,present,0
13327,1333,2024-02-22,present,0
13328,1333,2024-06-10,present,0
13329,1333,2024-04-04,present,0
13330,1333,2023-09-18,late,7
13331,1334,2023-01-02,present,0
13332,1334,2023-02-14,present,0
13333,1334,2023-06-05,present,0
13334,1334,2023-04-03,present,0
13335,1334,2022-10-27,present,0
13336,1334,2023-02-14,present,0
13337,1334,2023-02-24,present,0
13338,1334,2023-04-26,present,0
13339,1334,2022-11-14,present,0
13340,1334,2022-12-09,present,0
13341,1335,2024-01-24,late,12
13342,1335,2024-02-15,present,0
13343,1335,2024-03-05,present,0
13344,1335,2024-06-10,present,0
13345,1335,2024-04-18,present,0
13346,1335,2024-05-06,present,0
13347,1335,2024-04-22,present,0
13348,1335,2024-04-08,present,0
13349,1335,2023-12-13,present,0
13350,1335,2024-01-26,present,0
13351,1336,2022-12-14,present,0
13352,1336,2023-04-14,present,0
13353,1336,2022-11-03,late,14
13354,1336,2023-03-14,present,0
13355,1336,2023-01-09,present,0
13356,1336,2023-05-01,late,24
13357,1336,2023-06-13,present,0
13358,1336,2022-12-02,present,0
13359,1336,2022-10-03,present,0
13360,1336,2022-10-24,present,0
13361,1337,2023-03-17,present,0
13362,1337,2023-02-27,present,0
13363,1337,2023-04-03,present,0
13364,1337,2023-01-09,present,0
13365,1337,2023-01-17,late,29
13366,1337,2023-05-17,late,22
13367,1337,2023-01-09,present,0
13368,1337,2023-02-13,present,0
13369,1337,2023-03-17,present,0
13370,1337,2023-06-15,present,0
13371,1338,2023-04-20,present,0
13372,1338,2023-02-13,present,0
13373,1338,2022-10-13,present,0
13374,1338,2023-03-23,present,0
13375,1338,2022-09-14,present,0
13376,1338,2023-01-16,late,11
13377,1338,2022-11-11,present,0
13378,1338,2022-11-03,present,0
13379,1338,2022-11-16,present,0
13380,1338,2022-10-24,present,0
13381,1339,2023-01-12,present,0
13382,1339,2023-01-03,present,0
13383,1339,2022-11-14,present,0
13384,1339,2023-04-27,present,0
13385,1339,2022-11-25,late,24
13386,1339,2023-03-06,present,0
13387,1339,2022-12-08,present,0
13388,1339,2023-04-03,present,0
13389,1339,2022-11-10,present,0
13390,1339,2022-10-17,present,0
13391,1340,2022-11-14,present,0
13392,1340,2022-11-14,present,0
13393,1340,2022-09-09,present,0
13394,1340,2022-12-16,present,0
13395,1340,2022-12-02,present,0
13396,1340,2023-04-18,present,0
13397,1340,2023-02-23,excused,0
13398,1340,2023-05-12,present,0
13399,1340,2023-03-20,present,0
13400,1340,2023-06-09,present,0
13401,1341,2024-10-25,absent,0
13402,1341,2024-11-14,present,0
13403,1341,2025-02-17,present,0
13404,1341,2025-04-28,absent,0
13405,1341,2024-10-17,present,0
13406,1341,2025-01-23,present,0
13407,1341,2025-05-26,present,0
13408,1341,2024-09-16,present,0
13409,1341,2025-03-26,late,27
13410,1341,2024-12-13,present,0
13411,1342,2024-01-29,present,0
13412,1342,2024-06-03,late,13
13413,1342,2024-06-05,present,0
13414,1342,2024-01-08,present,0
13415,1342,2024-05-13,excused,0
13416,1342,2024-03-11,present,0
13417,1342,2024-05-27,present,0
13418,1342,2024-04-11,present,0
13419,1342,2024-02-19,late,24
13420,1342,2023-10-13,present,0
13421,1343,2023-03-31,absent,0
13422,1343,2023-04-13,present,0
13423,1343,2023-05-22,present,0
13424,1343,2022-09-22,absent,0
13425,1343,2023-02-17,present,0
13426,1343,2023-04-10,present,0
13427,1343,2022-12-12,present,0
13428,1343,2023-03-31,excused,0
13429,1343,2023-03-15,present,0
13430,1343,2022-10-27,present,0
13431,1344,2022-12-23,present,0
13432,1344,2022-10-31,present,0
13433,1344,2023-04-27,absent,0
13434,1344,2022-10-27,present,0
13435,1344,2022-11-24,present,0
13436,1344,2023-02-03,present,0
13437,1344,2023-03-13,present,0
13438,1344,2023-01-02,present,0
13439,1344,2022-11-21,present,0
13440,1344,2023-05-25,present,0
13441,1345,2024-11-18,present,0
13442,1345,2025-02-10,absent,0
13443,1345,2025-03-31,present,0
13444,1345,2025-02-26,present,0
13445,1345,2025-05-12,absent,0
13446,1345,2025-02-17,present,0
13447,1345,2024-11-04,present,0
13448,1345,2025-05-14,present,0
13449,1345,2024-11-11,present,0
13450,1345,2024-11-11,absent,0
13451,1346,2022-10-31,present,0
13452,1346,2023-05-08,present,0
13453,1346,2022-12-05,present,0
13454,1346,2022-09-26,present,0
13455,1346,2023-06-16,present,0
13456,1346,2023-01-30,present,0
13457,1346,2023-01-16,present,0
13458,1346,2023-01-18,present,0
13459,1346,2022-12-19,present,0
13460,1346,2022-09-20,absent,0
13461,1347,2025-01-27,late,12
13462,1347,2024-12-23,present,0
13463,1347,2024-10-21,present,0
13464,1347,2025-05-09,present,0
13465,1347,2024-11-04,present,0
13466,1347,2024-10-14,present,0
13467,1347,2025-03-10,present,0
13468,1347,2025-06-16,absent,0
13469,1347,2025-06-12,present,0
13470,1347,2025-02-04,absent,0
13471,1348,2023-03-03,present,0
13472,1348,2022-11-08,absent,0
13473,1348,2022-11-18,present,0
13474,1348,2022-09-15,present,0
13475,1348,2023-05-22,present,0
13476,1348,2023-05-01,present,0
13477,1348,2023-06-08,late,6
13478,1348,2023-04-10,present,0
13479,1348,2022-12-30,present,0
13480,1348,2023-01-02,absent,0
13481,1349,2023-04-28,present,0
13482,1349,2023-02-06,present,0
13483,1349,2022-09-22,present,0
13484,1349,2022-09-16,present,0
13485,1349,2022-12-26,present,0
13486,1349,2022-12-09,present,0
13487,1349,2022-10-10,late,11
13488,1349,2023-04-14,present,0
13489,1349,2023-02-27,absent,0
13490,1349,2023-02-15,present,0
13491,1350,2023-02-06,present,0
13492,1350,2023-02-01,present,0
13493,1350,2022-09-12,present,0
13494,1350,2023-04-18,present,0
13495,1350,2022-11-16,late,15
13496,1350,2023-03-13,present,0
13497,1350,2022-12-26,present,0
13498,1350,2022-12-07,present,0
13499,1350,2023-06-16,present,0
13500,1350,2022-09-22,late,30
13501,1351,2023-06-19,present,0
13502,1351,2023-03-06,present,0
13503,1351,2023-05-31,present,0
13504,1351,2022-11-01,absent,0
13505,1351,2023-01-03,present,0
13506,1351,2022-11-07,present,0
13507,1351,2023-01-19,excused,0
13508,1351,2023-01-18,present,0
13509,1351,2023-03-20,present,0
13510,1351,2022-10-04,present,0
13511,1352,2024-05-09,present,0
13512,1352,2024-03-04,present,0
13513,1352,2024-04-05,present,0
13514,1352,2023-10-09,present,0
13515,1352,2023-09-11,absent,0
13516,1352,2024-05-09,absent,0
13517,1352,2024-05-08,present,0
13518,1352,2024-05-01,present,0
13519,1352,2024-04-11,present,0
13520,1352,2024-01-12,present,0
13521,1353,2025-04-18,present,0
13522,1353,2025-02-03,present,0
13523,1353,2025-03-12,present,0
13524,1353,2025-03-10,absent,0
13525,1353,2024-11-18,present,0
13526,1353,2024-11-13,present,0
13527,1353,2024-09-11,present,0
13528,1353,2024-11-04,absent,0
13529,1353,2025-05-30,late,7
13530,1353,2025-04-14,present,0
13531,1354,2025-02-19,present,0
13532,1354,2025-06-04,absent,0
13533,1354,2024-11-25,present,0
13534,1354,2024-12-18,present,0
13535,1354,2024-11-04,excused,0
13536,1354,2025-06-06,present,0
13537,1354,2025-03-06,present,0
13538,1354,2024-11-18,present,0
13539,1354,2024-09-30,present,0
13540,1354,2025-03-24,late,26
13541,1355,2024-11-15,present,0
13542,1355,2024-12-03,absent,0
13543,1355,2025-05-02,present,0
13544,1355,2025-05-13,present,0
13545,1355,2025-03-13,present,0
13546,1355,2025-05-05,present,0
13547,1355,2024-11-18,present,0
13548,1355,2025-03-25,present,0
13549,1355,2025-02-25,present,0
13550,1355,2025-01-14,present,0
13551,1356,2024-02-26,present,0
13552,1356,2024-03-01,present,0
13553,1356,2023-12-04,present,0
13554,1356,2023-12-21,present,0
13555,1356,2023-10-17,present,0
13556,1356,2024-01-29,present,0
13557,1356,2024-04-29,present,0
13558,1356,2024-06-11,present,0
13559,1356,2024-02-12,present,0
13560,1356,2024-01-26,present,0
13561,1357,2023-04-03,excused,0
13562,1357,2023-05-31,present,0
13563,1357,2023-05-04,present,0
13564,1357,2023-02-22,present,0
13565,1357,2023-05-01,present,0
13566,1357,2022-10-03,present,0
13567,1357,2023-06-20,present,0
13568,1357,2023-04-27,present,0
13569,1357,2023-03-20,excused,0
13570,1357,2022-09-20,late,16
13571,1358,2022-09-15,present,0
13572,1358,2023-06-09,present,0
13573,1358,2023-04-12,present,0
13574,1358,2022-10-03,present,0
13575,1358,2022-10-13,present,0
13576,1358,2022-11-11,present,0
13577,1358,2023-02-09,present,0
13578,1358,2023-02-20,present,0
13579,1358,2023-02-01,present,0
13580,1358,2022-12-13,present,0
13581,1359,2023-11-15,present,0
13582,1359,2024-01-31,present,0
13583,1359,2024-04-22,present,0
13584,1359,2023-11-09,present,0
13585,1359,2024-03-13,present,0
13586,1359,2024-05-27,present,0
13587,1359,2023-11-27,present,0
13588,1359,2024-06-20,present,0
13589,1359,2024-05-08,present,0
13590,1359,2024-01-08,present,0
13591,1360,2023-05-17,present,0
13592,1360,2023-03-27,present,0
13593,1360,2022-12-05,present,0
13594,1360,2023-01-09,present,0
13595,1360,2022-09-23,present,0
13596,1360,2023-04-14,present,0
13597,1360,2022-10-31,present,0
13598,1360,2022-11-14,present,0
13599,1360,2023-05-22,present,0
13600,1360,2023-05-15,present,0
13601,1361,2024-05-15,present,0
13602,1361,2024-05-27,present,0
13603,1361,2023-11-28,present,0
13604,1361,2024-01-01,present,0
13605,1361,2024-02-09,present,0
13606,1361,2024-04-03,present,0
13607,1361,2023-12-22,present,0
13608,1361,2024-01-11,present,0
13609,1361,2024-02-26,present,0
13610,1361,2024-02-01,present,0
13611,1362,2023-04-25,present,0
13612,1362,2022-11-11,present,0
13613,1362,2023-02-20,present,0
13614,1362,2022-11-24,present,0
13615,1362,2023-01-30,present,0
13616,1362,2023-05-29,present,0
13617,1362,2023-01-05,present,0
13618,1362,2023-04-19,present,0
13619,1362,2023-01-17,present,0
13620,1362,2022-11-14,present,0
13621,1363,2024-10-30,present,0
13622,1363,2024-11-26,present,0
13623,1363,2024-10-18,present,0
13624,1363,2025-03-19,present,0
13625,1363,2024-10-28,present,0
13626,1363,2024-11-22,present,0
13627,1363,2025-05-15,present,0
13628,1363,2025-05-12,present,0
13629,1363,2025-06-16,present,0
13630,1363,2024-09-16,present,0
13631,1364,2024-01-18,present,0
13632,1364,2023-10-09,present,0
13633,1364,2024-01-15,present,0
13634,1364,2023-10-13,present,0
13635,1364,2024-06-11,present,0
13636,1364,2024-04-01,present,0
13637,1364,2024-03-07,present,0
13638,1364,2024-01-29,absent,0
13639,1364,2024-02-27,present,0
13640,1364,2023-11-23,present,0
13641,1365,2024-01-18,present,0
13642,1365,2024-06-10,absent,0
13643,1365,2024-02-19,present,0
13644,1365,2024-02-08,present,0
13645,1365,2024-02-29,present,0
13646,1365,2024-06-07,late,14
13647,1365,2024-05-13,late,10
13648,1365,2024-01-26,present,0
13649,1365,2024-01-11,absent,0
13650,1365,2024-04-08,present,0
13651,1366,2023-06-05,absent,0
13652,1366,2022-10-20,absent,0
13653,1366,2022-10-28,present,0
13654,1366,2023-01-05,present,0
13655,1366,2023-01-27,late,32
13656,1366,2023-02-06,absent,0
13657,1366,2023-02-28,present,0
13658,1366,2022-11-18,absent,0
13659,1366,2022-11-08,present,0
13660,1366,2023-05-08,present,0
13661,1367,2024-04-10,present,0
13662,1367,2024-02-19,present,0
13663,1367,2024-03-25,present,0
13664,1367,2024-03-28,present,0
13665,1367,2023-11-14,present,0
13666,1367,2024-03-13,absent,0
13667,1367,2023-10-13,late,22
13668,1367,2023-11-23,present,0
13669,1367,2023-12-08,present,0
13670,1367,2023-10-10,present,0
13671,1368,2025-05-23,absent,0
13672,1368,2025-01-07,present,0
13673,1368,2025-03-24,absent,0
13674,1368,2025-02-20,late,15
13675,1368,2025-04-22,present,0
13676,1368,2025-01-09,present,0
13677,1368,2025-04-07,present,0
13678,1368,2024-12-09,present,0
13679,1368,2025-05-09,present,0
13680,1368,2024-11-21,absent,0
13681,1369,2025-02-03,present,0
13682,1369,2024-10-10,present,0
13683,1369,2024-12-02,present,0
13684,1369,2025-03-10,present,0
13685,1369,2025-02-03,present,0
13686,1369,2024-10-01,present,0
13687,1369,2025-05-29,present,0
13688,1369,2025-02-17,present,0
13689,1369,2024-09-25,present,0
13690,1369,2025-06-02,present,0
13691,1370,2024-06-03,present,0
13692,1370,2024-06-10,present,0
13693,1370,2024-06-10,present,0
13694,1370,2024-02-06,present,0
13695,1370,2024-05-27,present,0
13696,1370,2024-01-15,present,0
13697,1370,2024-05-06,present,0
13698,1370,2023-12-18,present,0
13699,1370,2024-02-26,present,0
13700,1370,2024-03-29,present,0
13701,1371,2024-12-25,present,0
13702,1371,2025-06-11,present,0
13703,1371,2025-05-28,present,0
13704,1371,2025-03-21,present,0
13705,1371,2025-03-31,present,0
13706,1371,2025-04-21,present,0
13707,1371,2025-05-13,present,0
13708,1371,2025-06-16,late,27
13709,1371,2025-04-14,present,0
13710,1371,2025-04-21,present,0
13711,1372,2024-05-20,absent,0
13712,1372,2023-10-24,present,0
13713,1372,2023-12-18,present,0
13714,1372,2024-01-30,present,0
13715,1372,2024-06-17,present,0
13716,1372,2024-03-14,present,0
13717,1372,2023-12-18,present,0
13718,1372,2024-06-11,present,0
13719,1372,2024-06-03,present,0
13720,1372,2024-04-11,present,0
13721,1373,2024-10-29,present,0
13722,1373,2024-10-08,present,0
13723,1373,2024-09-09,present,0
13724,1373,2025-03-11,present,0
13725,1373,2025-01-06,present,0
13726,1373,2025-06-16,late,14
13727,1373,2025-01-20,late,32
13728,1373,2024-11-20,present,0
13729,1373,2024-10-23,absent,0
13730,1373,2025-01-10,present,0
13731,1374,2025-03-07,present,0
13732,1374,2024-12-20,present,0
13733,1374,2024-09-16,present,0
13734,1374,2025-04-18,present,0
13735,1374,2024-12-13,present,0
13736,1374,2025-04-01,late,33
13737,1374,2025-01-16,present,0
13738,1374,2025-04-29,present,0
13739,1374,2025-03-24,present,0
13740,1374,2025-06-12,present,0
13741,1375,2025-02-28,present,0
13742,1375,2025-04-28,present,0
13743,1375,2024-09-13,present,0
13744,1375,2025-03-03,present,0
13745,1375,2025-01-29,present,0
13746,1375,2025-06-20,present,0
13747,1375,2024-12-10,late,33
13748,1375,2025-01-07,present,0
13749,1375,2024-12-20,present,0
13750,1375,2025-05-05,present,0
13751,1376,2025-01-27,present,0
13752,1376,2024-12-23,present,0
13753,1376,2025-04-09,present,0
13754,1376,2025-03-05,present,0
13755,1376,2025-05-19,present,0
13756,1376,2024-11-13,present,0
13757,1376,2025-06-05,present,0
13758,1376,2025-06-17,present,0
13759,1376,2025-05-19,present,0
13760,1376,2024-12-30,present,0
13761,1377,2025-04-14,present,0
13762,1377,2024-10-21,absent,0
13763,1377,2024-09-25,present,0
13764,1377,2025-01-16,present,0
13765,1377,2025-06-13,present,0
13766,1377,2024-12-12,present,0
13767,1377,2025-06-16,present,0
13768,1377,2025-01-20,present,0
13769,1377,2025-04-24,present,0
13770,1377,2025-02-28,present,0
13771,1378,2025-04-14,present,0
13772,1378,2025-06-02,present,0
13773,1378,2025-04-21,present,0
13774,1378,2025-01-27,present,0
13775,1378,2024-10-25,present,0
13776,1378,2025-03-17,late,13
13777,1378,2024-10-09,present,0
13778,1378,2024-10-17,present,0
13779,1378,2024-09-20,present,0
13780,1378,2024-09-25,present,0
13781,1379,2025-06-09,present,0
13782,1379,2024-09-19,present,0
13783,1379,2025-02-27,present,0
13784,1379,2025-01-06,present,0
13785,1379,2025-04-07,excused,0
13786,1379,2024-10-02,present,0
13787,1379,2025-05-09,present,0
13788,1379,2025-03-25,late,10
13789,1379,2024-10-11,present,0
13790,1379,2025-02-24,present,0
13791,1380,2024-02-12,present,0
13792,1380,2023-12-11,present,0
13793,1380,2023-10-23,present,0
13794,1380,2023-09-13,present,0
13795,1380,2023-12-25,present,0
13796,1380,2024-05-30,present,0
13797,1380,2023-11-09,present,0
13798,1380,2023-11-24,late,24
13799,1380,2024-06-13,present,0
13800,1380,2024-03-27,present,0
13801,1381,2024-11-20,present,0
13802,1381,2025-06-02,present,0
13803,1381,2024-10-15,present,0
13804,1381,2024-11-04,present,0
13805,1381,2025-01-22,present,0
13806,1381,2025-06-03,present,0
13807,1381,2025-01-20,present,0
13808,1381,2025-05-26,present,0
13809,1381,2024-11-05,present,0
13810,1381,2025-05-15,present,0
13811,1382,2025-03-31,present,0
13812,1382,2025-04-24,present,0
13813,1382,2025-04-23,present,0
13814,1382,2025-04-03,late,33
13815,1382,2025-01-13,excused,0
13816,1382,2024-11-01,present,0
13817,1382,2024-10-30,present,0
13818,1382,2024-11-12,present,0
13819,1382,2025-05-30,present,0
13820,1382,2025-01-27,present,0
13821,1383,2023-04-03,present,0
13822,1383,2022-10-18,late,9
13823,1383,2023-02-27,excused,0
13824,1383,2023-05-17,present,0
13825,1383,2022-09-20,excused,0
13826,1383,2023-03-13,present,0
13827,1383,2022-12-19,present,0
13828,1383,2022-12-22,present,0
13829,1383,2023-01-13,present,0
13830,1383,2022-10-31,present,0
13831,1384,2023-06-14,present,0
13832,1384,2022-12-19,present,0
13833,1384,2023-06-01,present,0
13834,1384,2023-01-12,present,0
13835,1384,2023-05-01,present,0
13836,1384,2023-06-19,present,0
13837,1384,2023-01-02,present,0
13838,1384,2023-01-16,present,0
13839,1384,2023-02-15,present,0
13840,1384,2022-11-07,present,0
13841,1385,2024-05-29,present,0
13842,1385,2024-02-15,present,0
13843,1385,2023-10-30,late,35
13844,1385,2023-11-30,present,0
13845,1385,2023-09-25,present,0
13846,1385,2023-10-30,present,0
13847,1385,2023-10-09,present,0
13848,1385,2023-10-30,present,0
13849,1385,2024-01-04,present,0
13850,1385,2023-10-12,present,0
13851,1386,2025-01-31,present,0
13852,1386,2025-05-26,late,9
13853,1386,2025-04-07,present,0
13854,1386,2024-10-01,present,0
13855,1386,2024-09-09,absent,0
13856,1386,2024-11-04,present,0
13857,1386,2025-01-13,present,0
13858,1386,2025-04-10,present,0
13859,1386,2025-02-24,present,0
13860,1386,2024-10-25,present,0
13861,1387,2024-05-13,present,0
13862,1387,2023-12-08,present,0
13863,1387,2024-06-05,present,0
13864,1387,2024-04-08,absent,0
13865,1387,2023-11-27,late,5
13866,1387,2024-03-25,present,0
13867,1387,2024-02-02,present,0
13868,1387,2024-01-15,present,0
13869,1387,2023-09-25,present,0
13870,1387,2023-10-04,present,0
13871,1388,2023-05-17,present,0
13872,1388,2023-01-16,present,0
13873,1388,2022-12-28,present,0
13874,1388,2023-03-13,present,0
13875,1388,2023-06-05,present,0
13876,1388,2022-11-14,present,0
13877,1388,2022-10-31,present,0
13878,1388,2022-10-03,present,0
13879,1388,2023-05-01,present,0
13880,1388,2023-03-22,present,0
13881,1389,2023-01-26,present,0
13882,1389,2023-06-13,present,0
13883,1389,2023-01-02,present,0
13884,1389,2023-05-11,present,0
13885,1389,2022-09-29,present,0
13886,1389,2023-05-18,present,0
13887,1389,2023-03-13,present,0
13888,1389,2023-01-12,present,0
13889,1389,2023-03-01,late,6
13890,1389,2023-05-09,present,0
13891,1390,2023-04-18,present,0
13892,1390,2023-02-03,present,0
13893,1390,2023-03-20,present,0
13894,1390,2023-03-06,present,0
13895,1390,2023-05-22,present,0
13896,1390,2022-10-10,present,0
13897,1390,2023-03-20,present,0
13898,1390,2023-01-13,absent,0
13899,1390,2023-02-08,present,0
13900,1390,2023-05-29,present,0
13901,1391,2024-04-18,present,0
13902,1391,2024-05-27,present,0
13903,1391,2023-09-22,present,0
13904,1391,2024-02-12,present,0
13905,1391,2024-01-22,present,0
13906,1391,2023-10-19,present,0
13907,1391,2024-04-15,present,0
13908,1391,2023-09-25,present,0
13909,1391,2024-01-22,present,0
13910,1391,2023-11-06,present,0
13911,1392,2023-10-02,late,28
13912,1392,2024-02-05,present,0
13913,1392,2024-06-19,excused,0
13914,1392,2024-06-10,present,0
13915,1392,2024-05-01,present,0
13916,1392,2023-10-03,present,0
13917,1392,2024-04-11,present,0
13918,1392,2023-11-15,present,0
13919,1392,2023-10-16,late,35
13920,1392,2024-06-20,present,0
13921,1393,2023-12-08,present,0
13922,1393,2024-04-19,present,0
13923,1393,2023-12-11,excused,0
13924,1393,2024-05-07,present,0
13925,1393,2024-05-28,present,0
13926,1393,2024-04-18,present,0
13927,1393,2023-10-06,present,0
13928,1393,2023-12-05,present,0
13929,1393,2023-11-27,present,0
13930,1393,2023-12-04,absent,0
13931,1394,2022-12-12,present,0
13932,1394,2023-06-19,present,0
13933,1394,2023-05-04,present,0
13934,1394,2023-06-06,present,0
13935,1394,2023-02-06,present,0
13936,1394,2023-03-27,present,0
13937,1394,2023-02-06,present,0
13938,1394,2022-09-28,present,0
13939,1394,2023-05-29,present,0
13940,1394,2023-03-14,present,0
13941,1395,2023-11-13,late,20
13942,1395,2024-05-01,present,0
13943,1395,2024-03-18,late,32
13944,1395,2024-02-07,present,0
13945,1395,2023-11-20,present,0
13946,1395,2023-11-13,present,0
13947,1395,2023-10-02,present,0
13948,1395,2023-11-06,absent,0
13949,1395,2024-04-01,present,0
13950,1395,2023-12-05,present,0
13951,1396,2024-03-25,absent,0
13952,1396,2023-12-06,present,0
13953,1396,2024-03-22,present,0
13954,1396,2024-05-06,present,0
13955,1396,2023-10-02,present,0
13956,1396,2024-03-06,present,0
13957,1396,2024-01-23,present,0
13958,1396,2024-06-03,present,0
13959,1396,2024-04-08,present,0
13960,1396,2023-11-23,present,0
13961,1397,2024-11-20,late,27
13962,1397,2025-02-10,present,0
13963,1397,2025-01-27,present,0
13964,1397,2024-10-15,present,0
13965,1397,2025-03-24,present,0
13966,1397,2024-09-24,present,0
13967,1397,2024-11-26,present,0
13968,1397,2025-05-26,present,0
13969,1397,2024-11-04,present,0
13970,1397,2025-05-12,present,0
13971,1398,2023-11-08,present,0
13972,1398,2024-01-02,late,21
13973,1398,2024-04-08,present,0
13974,1398,2024-02-15,present,0
13975,1398,2023-10-13,present,0
13976,1398,2024-01-08,present,0
13977,1398,2023-12-12,present,0
13978,1398,2024-04-26,present,0
13979,1398,2024-01-30,present,0
13980,1398,2024-03-13,present,0
13981,1399,2024-06-14,present,0
13982,1399,2024-02-02,present,0
13983,1399,2024-01-26,present,0
13984,1399,2024-03-04,present,0
13985,1399,2024-04-03,absent,0
13986,1399,2024-03-18,present,0
13987,1399,2024-04-26,present,0
13988,1399,2024-06-03,present,0
13989,1399,2024-06-18,present,0
13990,1399,2024-01-18,present,0
13991,1400,2022-11-14,present,0
13992,1400,2023-03-29,present,0
13993,1400,2023-03-27,present,0
13994,1400,2022-11-23,present,0
13995,1400,2022-11-15,present,0
13996,1400,2023-04-05,present,0
13997,1400,2023-03-08,present,0
13998,1400,2023-06-08,present,0
13999,1400,2023-05-31,present,0
14000,1400,2022-09-21,present,0
14001,1401,2023-01-19,present,0
14002,1401,2022-10-31,present,0
14003,1401,2023-01-09,present,0
14004,1401,2022-12-21,present,0
14005,1401,2022-11-23,late,25
14006,1401,2023-06-12,absent,0
14007,1401,2023-01-23,present,0
14008,1401,2023-05-15,present,0
14009,1401,2023-01-30,absent,0
14010,1401,2023-02-28,late,8
14011,1402,2022-09-23,present,0
14012,1402,2022-11-28,absent,0
14013,1402,2022-12-08,present,0
14014,1402,2022-10-18,absent,0
14015,1402,2023-04-03,present,0
14016,1402,2023-02-20,absent,0
14017,1402,2023-03-23,absent,0
14018,1402,2023-01-12,present,0
14019,1402,2023-01-16,present,0
14020,1402,2022-10-05,present,0
14021,1403,2023-02-06,present,0
14022,1403,2023-02-20,present,0
14023,1403,2023-03-28,present,0
14024,1403,2022-11-02,present,0
14025,1403,2023-03-03,present,0
14026,1403,2022-09-19,present,0
14027,1403,2023-04-12,present,0
14028,1403,2023-01-12,absent,0
14029,1403,2023-05-15,present,0
14030,1403,2023-02-28,present,0
14031,1404,2024-03-26,present,0
14032,1404,2023-10-16,present,0
14033,1404,2024-05-02,present,0
14034,1404,2024-02-07,present,0
14035,1404,2023-11-29,present,0
14036,1404,2024-02-19,present,0
14037,1404,2023-11-06,present,0
14038,1404,2024-03-18,absent,0
14039,1404,2024-01-03,excused,0
14040,1404,2023-12-04,present,0
14041,1405,2023-12-26,present,0
14042,1405,2023-10-26,late,34
14043,1405,2023-10-12,present,0
14044,1405,2023-11-20,present,0
14045,1405,2024-02-14,present,0
14046,1405,2023-11-27,present,0
14047,1405,2023-09-18,present,0
14048,1405,2023-09-27,present,0
14049,1405,2024-04-23,present,0
14050,1405,2024-01-26,present,0
14051,1406,2024-03-04,present,0
14052,1406,2024-05-13,present,0
14053,1406,2024-06-04,present,0
14054,1406,2023-11-27,present,0
14055,1406,2024-03-05,present,0
14056,1406,2024-02-12,present,0
14057,1406,2024-03-01,present,0
14058,1406,2024-05-28,present,0
14059,1406,2024-04-16,excused,0
14060,1406,2023-11-08,present,0
14061,1407,2024-04-18,present,0
14062,1407,2024-06-17,present,0
14063,1407,2023-10-11,present,0
14064,1407,2024-01-24,late,19
14065,1407,2024-02-27,late,13
14066,1407,2024-06-03,excused,0
14067,1407,2024-02-14,late,17
14068,1407,2024-05-06,present,0
14069,1407,2024-05-23,present,0
14070,1407,2023-12-18,present,0
14071,1408,2025-05-20,present,0
14072,1408,2025-04-18,present,0
14073,1408,2025-05-01,present,0
14074,1408,2025-02-12,present,0
14075,1408,2025-01-01,present,0
14076,1408,2025-02-11,present,0
14077,1408,2024-11-28,present,0
14078,1408,2024-11-27,absent,0
14079,1408,2025-01-27,present,0
14080,1408,2024-09-24,present,0
14081,1409,2024-10-16,present,0
14082,1409,2025-02-21,present,0
14083,1409,2025-04-09,present,0
14084,1409,2024-09-20,present,0
14085,1409,2025-02-18,absent,0
14086,1409,2024-10-02,absent,0
14087,1409,2025-03-26,present,0
14088,1409,2024-10-28,present,0
14089,1409,2025-02-06,excused,0
14090,1409,2025-03-27,present,0
14091,1410,2023-03-27,present,0
14092,1410,2023-03-13,present,0
14093,1410,2022-10-19,present,0
14094,1410,2023-03-20,present,0
14095,1410,2023-06-14,present,0
14096,1410,2022-09-12,excused,0
14097,1410,2023-02-27,present,0
14098,1410,2023-02-10,present,0
14099,1410,2023-05-30,present,0
14100,1410,2023-03-20,present,0
14101,1411,2023-02-13,present,0
14102,1411,2023-02-13,present,0
14103,1411,2023-06-05,present,0
14104,1411,2022-10-06,present,0
14105,1411,2023-01-31,present,0
14106,1411,2023-01-02,present,0
14107,1411,2022-12-16,present,0
14108,1411,2023-04-14,present,0
14109,1411,2023-03-28,present,0
14110,1411,2022-12-06,present,0
14111,1412,2024-03-14,present,0
14112,1412,2024-05-03,present,0
14113,1412,2023-11-06,present,0
14114,1412,2024-06-18,present,0
14115,1412,2023-09-26,late,30
14116,1412,2024-01-08,present,0
14117,1412,2024-01-01,present,0
14118,1412,2023-11-27,present,0
14119,1412,2024-04-01,present,0
14120,1412,2024-04-04,present,0
14121,1413,2023-09-11,present,0
14122,1413,2024-02-29,present,0
14123,1413,2024-03-07,present,0
14124,1413,2023-11-13,excused,0
14125,1413,2023-09-15,present,0
14126,1413,2024-01-04,present,0
14127,1413,2024-01-01,present,0
14128,1413,2023-11-13,present,0
14129,1413,2024-02-07,present,0
14130,1413,2024-05-30,present,0
14131,1414,2023-11-20,present,0
14132,1414,2024-04-09,present,0
14133,1414,2024-01-01,present,0
14134,1414,2024-04-02,present,0
14135,1414,2024-01-29,present,0
14136,1414,2024-04-22,present,0
14137,1414,2024-05-27,present,0
14138,1414,2024-04-15,present,0
14139,1414,2024-03-11,present,0
14140,1414,2024-01-25,present,0
14141,1415,2024-10-04,present,0
14142,1415,2024-12-09,present,0
14143,1415,2025-02-18,present,0
14144,1415,2025-02-11,present,0
14145,1415,2025-03-03,present,0
14146,1415,2025-06-04,present,0
14147,1415,2024-12-16,present,0
14148,1415,2025-04-11,present,0
14149,1415,2025-04-21,present,0
14150,1415,2025-04-28,present,0
14151,1416,2023-01-05,present,0
14152,1416,2023-01-16,present,0
14153,1416,2023-03-27,present,0
14154,1416,2022-12-08,present,0
14155,1416,2023-02-06,present,0
14156,1416,2023-04-20,present,0
14157,1416,2023-04-10,present,0
14158,1416,2023-01-30,present,0
14159,1416,2022-09-12,present,0
14160,1416,2022-09-19,present,0
14161,1417,2023-06-06,late,26
14162,1417,2022-09-29,present,0
14163,1417,2023-02-22,present,0
14164,1417,2022-11-08,late,34
14165,1417,2023-03-02,present,0
14166,1417,2023-01-30,present,0
14167,1417,2022-10-27,present,0
14168,1417,2022-12-19,present,0
14169,1417,2022-12-06,present,0
14170,1417,2023-03-30,present,0
14171,1418,2023-04-27,present,0
14172,1418,2022-10-28,present,0
14173,1418,2023-05-10,present,0
14174,1418,2023-01-26,present,0
14175,1418,2023-02-17,present,0
14176,1418,2022-11-03,present,0
14177,1418,2023-05-17,present,0
14178,1418,2023-03-15,present,0
14179,1418,2022-12-16,present,0
14180,1418,2023-05-22,present,0
14181,1419,2023-12-08,late,11
14182,1419,2023-11-29,present,0
14183,1419,2024-03-25,present,0
14184,1419,2023-11-09,present,0
14185,1419,2023-11-27,present,0
14186,1419,2024-01-01,present,0
14187,1419,2023-09-27,present,0
14188,1419,2024-02-05,present,0
14189,1419,2024-01-24,present,0
14190,1419,2024-01-15,late,30
14191,1420,2022-10-24,present,0
14192,1420,2023-02-06,present,0
14193,1420,2022-09-20,late,11
14194,1420,2023-04-12,present,0
14195,1420,2023-06-16,present,0
14196,1420,2022-11-25,present,0
14197,1420,2023-01-03,late,24
14198,1420,2022-09-15,present,0
14199,1420,2023-05-02,present,0
14200,1420,2023-03-14,present,0
14201,1421,2023-03-10,present,0
14202,1421,2023-01-19,present,0
14203,1421,2023-03-29,present,0
14204,1421,2022-11-28,present,0
14205,1421,2023-02-28,present,0
14206,1421,2022-11-23,present,0
14207,1421,2022-12-12,late,20
14208,1421,2023-05-04,present,0
14209,1421,2023-02-02,present,0
14210,1421,2023-05-30,present,0
14211,1422,2023-03-20,present,0
14212,1422,2023-05-12,present,0
14213,1422,2022-09-22,present,0
14214,1422,2023-01-27,present,0
14215,1422,2022-10-10,present,0
14216,1422,2023-01-03,present,0
14217,1422,2022-10-14,present,0
14218,1422,2023-06-12,excused,0
14219,1422,2022-11-14,present,0
14220,1422,2023-04-07,absent,0
14221,1423,2025-02-04,present,0
14222,1423,2025-01-15,present,0
14223,1423,2025-04-21,absent,0
14224,1423,2025-06-04,present,0
14225,1423,2025-01-01,present,0
14226,1423,2024-09-23,present,0
14227,1423,2025-04-14,present,0
14228,1423,2025-04-14,late,25
14229,1423,2024-10-07,present,0
14230,1423,2025-06-20,present,0
14231,1424,2025-02-20,present,0
14232,1424,2025-06-18,present,0
14233,1424,2024-11-07,present,0
14234,1424,2025-02-10,present,0
14235,1424,2024-09-16,present,0
14236,1424,2025-02-10,present,0
14237,1424,2025-01-16,present,0
14238,1424,2025-03-12,present,0
14239,1424,2025-05-01,present,0
14240,1424,2025-01-10,present,0
14241,1425,2022-11-30,present,0
14242,1425,2022-10-03,present,0
14243,1425,2023-01-02,present,0
14244,1425,2023-05-22,present,0
14245,1425,2023-05-24,present,0
14246,1425,2022-10-06,present,0
14247,1425,2023-01-09,present,0
14248,1425,2022-11-23,present,0
14249,1425,2023-06-19,present,0
14250,1425,2023-01-11,present,0
14251,1426,2025-06-13,present,0
14252,1426,2024-11-12,late,5
14253,1426,2025-02-24,present,0
14254,1426,2025-05-12,present,0
14255,1426,2025-04-25,present,0
14256,1426,2024-09-24,present,0
14257,1426,2025-01-21,present,0
14258,1426,2024-11-15,present,0
14259,1426,2024-10-25,present,0
14260,1426,2025-06-06,present,0
14261,1427,2025-02-05,present,0
14262,1427,2025-05-14,present,0
14263,1427,2025-01-27,present,0
14264,1427,2024-10-22,present,0
14265,1427,2024-12-16,present,0
14266,1427,2025-01-06,present,0
14267,1427,2024-11-07,present,0
14268,1427,2025-02-13,present,0
14269,1427,2024-11-22,present,0
14270,1427,2025-03-05,present,0
14271,1428,2023-10-31,present,0
14272,1428,2023-09-25,present,0
14273,1428,2024-03-12,present,0
14274,1428,2023-12-06,present,0
14275,1428,2024-01-26,present,0
14276,1428,2023-09-25,late,5
14277,1428,2024-02-21,present,0
14278,1428,2024-04-12,present,0
14279,1428,2024-03-22,present,0
14280,1428,2023-11-24,present,0
14281,1429,2025-06-20,present,0
14282,1429,2025-04-30,present,0
14283,1429,2024-09-18,present,0
14284,1429,2025-01-23,present,0
14285,1429,2024-11-14,present,0
14286,1429,2025-04-21,present,0
14287,1429,2025-05-23,present,0
14288,1429,2024-12-02,present,0
14289,1429,2024-10-03,excused,0
14290,1429,2025-03-10,present,0
14291,1430,2024-10-25,present,0
14292,1430,2024-11-18,present,0
14293,1430,2025-05-15,present,0
14294,1430,2025-02-18,present,0
14295,1430,2025-04-29,present,0
14296,1430,2024-09-16,present,0
14297,1430,2025-03-10,present,0
14298,1430,2024-10-01,present,0
14299,1430,2025-06-04,present,0
14300,1430,2025-01-02,present,0
14301,1431,2023-10-23,present,0
14302,1431,2023-10-30,present,0
14303,1431,2024-01-11,present,0
14304,1431,2024-03-20,present,0
14305,1431,2024-05-27,present,0
14306,1431,2024-01-08,present,0
14307,1431,2023-10-18,late,23
14308,1431,2023-09-20,present,0
14309,1431,2023-11-09,present,0
14310,1431,2023-10-11,present,0
14311,1432,2022-11-23,present,0
14312,1432,2022-10-24,present,0
14313,1432,2022-10-13,late,34
14314,1432,2023-01-18,late,26
14315,1432,2023-06-16,absent,0
14316,1432,2022-10-14,late,21
14317,1432,2023-04-24,late,15
14318,1432,2022-10-24,present,0
14319,1432,2022-10-03,present,0
14320,1432,2023-06-13,present,0
14321,1433,2023-06-01,present,0
14322,1433,2022-09-16,late,25
14323,1433,2022-12-29,present,0
14324,1433,2023-02-23,present,0
14325,1433,2023-03-30,late,21
14326,1433,2023-03-29,present,0
14327,1433,2022-09-26,present,0
14328,1433,2022-10-26,present,0
14329,1433,2023-05-09,present,0
14330,1433,2023-03-13,present,0
14331,1434,2024-02-08,present,0
14332,1434,2024-01-08,present,0
14333,1434,2024-06-20,present,0
14334,1434,2024-02-26,present,0
14335,1434,2024-01-08,present,0
14336,1434,2023-09-11,present,0
14337,1434,2023-10-26,present,0
14338,1434,2024-03-25,present,0
14339,1434,2024-05-01,present,0
14340,1434,2023-11-20,present,0
14341,1435,2023-12-18,present,0
14342,1435,2023-09-19,present,0
14343,1435,2023-12-05,present,0
14344,1435,2023-09-26,present,0
14345,1435,2024-01-25,present,0
14346,1435,2023-12-04,present,0
14347,1435,2024-06-18,present,0
14348,1435,2023-12-27,present,0
14349,1435,2023-12-15,late,23
14350,1435,2024-04-11,late,31
14351,1436,2024-12-02,present,0
14352,1436,2025-03-10,present,0
14353,1436,2025-01-24,present,0
14354,1436,2024-09-26,present,0
14355,1436,2025-02-10,present,0
14356,1436,2024-11-05,present,0
14357,1436,2024-11-27,present,0
14358,1436,2024-12-16,present,0
14359,1436,2024-12-30,present,0
14360,1436,2024-10-02,present,0
14361,1437,2024-12-06,present,0
14362,1437,2025-06-04,present,0
14363,1437,2025-04-11,present,0
14364,1437,2025-05-05,present,0
14365,1437,2024-10-14,present,0
14366,1437,2025-03-19,present,0
14367,1437,2025-03-25,absent,0
14368,1437,2024-10-24,present,0
14369,1437,2024-10-21,present,0
14370,1437,2024-10-28,present,0
14371,1438,2023-09-11,present,0
14372,1438,2023-10-16,present,0
14373,1438,2023-10-31,absent,0
14374,1438,2023-09-13,present,0
14375,1438,2023-10-19,present,0
14376,1438,2023-10-09,present,0
14377,1438,2024-06-10,present,0
14378,1438,2023-10-23,present,0
14379,1438,2023-11-09,present,0
14380,1438,2023-09-27,excused,0
14381,1439,2024-10-04,present,0
14382,1439,2024-10-29,present,0
14383,1439,2025-01-17,present,0
14384,1439,2024-11-04,present,0
14385,1439,2025-05-15,late,30
14386,1439,2025-04-18,present,0
14387,1439,2024-09-24,present,0
14388,1439,2025-05-14,present,0
14389,1439,2025-05-27,present,0
14390,1439,2024-11-25,present,0
14391,1440,2023-10-26,present,0
14392,1440,2024-01-10,present,0
14393,1440,2023-09-26,present,0
14394,1440,2024-03-14,excused,0
14395,1440,2024-04-17,present,0
14396,1440,2024-01-11,present,0
14397,1440,2024-05-13,present,0
14398,1440,2024-01-08,present,0
14399,1440,2024-02-12,present,0
14400,1440,2024-02-28,present,0
14401,1441,2024-10-18,present,0
14402,1441,2024-12-03,present,0
14403,1441,2025-01-08,present,0
14404,1441,2025-03-18,present,0
14405,1441,2025-01-13,present,0
14406,1441,2025-02-11,present,0
14407,1441,2025-04-24,late,12
14408,1441,2025-01-13,present,0
14409,1441,2025-05-28,present,0
14410,1441,2024-11-12,present,0
14411,1442,2022-10-12,late,18
14412,1442,2023-03-10,present,0
14413,1442,2022-11-07,present,0
14414,1442,2023-03-03,present,0
14415,1442,2023-03-21,present,0
14416,1442,2023-05-26,present,0
14417,1442,2023-06-19,late,26
14418,1442,2023-01-24,present,0
14419,1442,2022-11-21,present,0
14420,1442,2022-09-21,present,0
14421,1443,2023-05-29,present,0
14422,1443,2023-03-22,present,0
14423,1443,2022-11-28,present,0
14424,1443,2022-11-18,present,0
14425,1443,2023-02-27,present,0
14426,1443,2023-02-15,present,0
14427,1443,2023-01-18,present,0
14428,1443,2023-02-10,present,0
14429,1443,2022-12-27,present,0
14430,1443,2023-03-08,present,0
14431,1444,2023-05-29,present,0
14432,1444,2022-09-26,present,0
14433,1444,2022-12-13,present,0
14434,1444,2023-01-24,present,0
14435,1444,2022-09-12,present,0
14436,1444,2023-02-10,present,0
14437,1444,2023-05-08,excused,0
14438,1444,2022-12-14,present,0
14439,1444,2023-03-09,present,0
14440,1444,2022-09-15,present,0
14441,1445,2025-02-25,late,23
14442,1445,2025-03-31,present,0
14443,1445,2025-06-18,late,7
14444,1445,2025-06-20,present,0
14445,1445,2024-12-09,present,0
14446,1445,2025-02-07,present,0
14447,1445,2025-04-30,present,0
14448,1445,2025-05-28,present,0
14449,1445,2025-03-17,present,0
14450,1445,2025-03-11,present,0
14451,1446,2022-12-21,present,0
14452,1446,2023-04-10,present,0
14453,1446,2022-09-19,present,0
14454,1446,2023-02-15,present,0
14455,1446,2022-11-23,present,0
14456,1446,2022-11-24,present,0
14457,1446,2022-12-06,present,0
14458,1446,2023-01-17,present,0
14459,1446,2023-01-30,present,0
14460,1446,2023-02-02,present,0
14461,1447,2023-09-11,present,0
14462,1447,2023-12-18,present,0
14463,1447,2024-02-07,present,0
14464,1447,2024-03-13,present,0
14465,1447,2023-10-25,present,0
14466,1447,2023-09-28,present,0
14467,1447,2024-06-10,present,0
14468,1447,2023-10-09,present,0
14469,1447,2024-05-10,present,0
14470,1447,2024-04-09,excused,0
14471,1448,2024-10-03,present,0
14472,1448,2025-02-20,present,0
14473,1448,2025-04-29,present,0
14474,1448,2025-01-02,present,0
14475,1448,2024-12-30,present,0
14476,1448,2025-04-01,present,0
14477,1448,2024-10-07,present,0
14478,1448,2024-12-11,present,0
14479,1448,2025-01-16,present,0
14480,1448,2025-03-19,late,18
14481,1449,2023-05-01,present,0
14482,1449,2023-02-02,present,0
14483,1449,2022-10-03,present,0
14484,1449,2023-05-23,present,0
14485,1449,2023-05-02,present,0
14486,1449,2022-10-28,present,0
14487,1449,2022-10-27,present,0
14488,1449,2023-04-28,present,0
14489,1449,2023-04-10,present,0
14490,1449,2023-04-26,present,0
14491,1450,2024-01-26,present,0
14492,1450,2024-06-10,present,0
14493,1450,2023-10-10,present,0
14494,1450,2024-05-28,present,0
14495,1450,2024-05-23,present,0
14496,1450,2024-04-10,present,0
14497,1450,2024-05-06,present,0
14498,1450,2023-11-21,present,0
14499,1450,2024-05-30,late,6
14500,1450,2024-02-22,present,0
14501,1451,2024-10-28,present,0
14502,1451,2024-12-16,present,0
14503,1451,2025-05-05,present,0
14504,1451,2025-02-03,excused,0
14505,1451,2025-05-12,present,0
14506,1451,2025-06-12,present,0
14507,1451,2025-01-09,present,0
14508,1451,2025-06-16,late,23
14509,1451,2024-11-27,present,0
14510,1451,2025-02-03,present,0
14511,1452,2023-05-01,present,0
14512,1452,2023-06-12,present,0
14513,1452,2022-12-06,present,0
14514,1452,2022-12-20,present,0
14515,1452,2023-02-27,present,0
14516,1452,2022-10-31,present,0
14517,1452,2022-10-20,present,0
14518,1452,2023-04-17,present,0
14519,1452,2023-02-21,excused,0
14520,1452,2022-10-10,present,0
14521,1453,2023-02-07,present,0
14522,1453,2023-05-30,present,0
14523,1453,2023-03-06,present,0
14524,1453,2023-02-06,present,0
14525,1453,2022-12-26,present,0
14526,1453,2023-06-12,absent,0
14527,1453,2023-01-23,present,0
14528,1453,2022-11-09,present,0
14529,1453,2023-02-01,present,0
14530,1453,2023-02-06,present,0
14531,1454,2024-11-08,present,0
14532,1454,2025-04-28,present,0
14533,1454,2024-09-26,present,0
14534,1454,2024-10-04,late,30
14535,1454,2024-11-01,present,0
14536,1454,2025-01-20,present,0
14537,1454,2025-04-23,present,0
14538,1454,2024-09-30,present,0
14539,1454,2024-10-15,present,0
14540,1454,2025-06-02,present,0
14541,1455,2022-12-21,present,0
14542,1455,2022-10-31,present,0
14543,1455,2023-01-02,present,0
14544,1455,2023-05-29,present,0
14545,1455,2023-02-27,present,0
14546,1455,2023-01-17,present,0
14547,1455,2022-11-28,late,32
14548,1455,2023-03-06,present,0
14549,1455,2023-02-06,present,0
14550,1455,2023-03-07,present,0
14551,1456,2022-12-06,present,0
14552,1456,2022-09-23,present,0
14553,1456,2022-12-28,present,0
14554,1456,2023-04-06,present,0
14555,1456,2022-09-26,present,0
14556,1456,2023-06-05,present,0
14557,1456,2023-02-07,present,0
14558,1456,2023-03-13,present,0
14559,1456,2023-03-30,present,0
14560,1456,2022-11-11,present,0
14561,1457,2025-02-04,present,0
14562,1457,2024-10-16,present,0
14563,1457,2025-06-03,present,0
14564,1457,2024-11-08,present,0
14565,1457,2024-10-07,present,0
14566,1457,2025-02-12,present,0
14567,1457,2024-11-14,late,30
14568,1457,2024-10-01,present,0
14569,1457,2025-06-10,late,27
14570,1457,2025-06-10,present,0
14571,1458,2022-12-19,present,0
14572,1458,2022-09-12,present,0
14573,1458,2022-10-31,late,20
14574,1458,2022-09-29,present,0
14575,1458,2023-03-23,present,0
14576,1458,2023-02-24,present,0
14577,1458,2022-12-28,present,0
14578,1458,2023-06-09,excused,0
14579,1458,2022-10-24,present,0
14580,1458,2023-03-13,present,0
14581,1459,2024-12-27,present,0
14582,1459,2024-09-19,present,0
14583,1459,2025-03-10,present,0
14584,1459,2025-01-02,present,0
14585,1459,2025-02-17,present,0
14586,1459,2025-05-26,present,0
14587,1459,2025-02-20,present,0
14588,1459,2025-03-25,present,0
14589,1459,2025-01-27,present,0
14590,1459,2025-02-10,present,0
14591,1460,2025-01-27,present,0
14592,1460,2024-11-11,present,0
14593,1460,2025-05-19,present,0
14594,1460,2024-12-30,present,0
14595,1460,2025-02-03,present,0
14596,1460,2024-12-23,present,0
14597,1460,2024-11-04,present,0
14598,1460,2024-10-14,present,0
14599,1460,2024-09-27,present,0
14600,1460,2024-12-25,present,0
14601,1461,2022-10-14,present,0
14602,1461,2023-03-28,present,0
14603,1461,2023-03-01,absent,0
14604,1461,2023-05-09,present,0
14605,1461,2022-12-19,late,25
14606,1461,2023-03-29,present,0
14607,1461,2023-02-06,present,0
14608,1461,2022-10-31,present,0
14609,1461,2023-01-02,present,0
14610,1461,2023-05-26,present,0
14611,1462,2024-10-11,present,0
14612,1462,2025-06-05,present,0
14613,1462,2024-10-07,present,0
14614,1462,2025-05-12,present,0
14615,1462,2025-05-27,present,0
14616,1462,2025-01-16,present,0
14617,1462,2025-02-17,present,0
14618,1462,2025-01-02,present,0
14619,1462,2024-10-21,present,0
14620,1462,2025-03-06,present,0
14621,1463,2023-04-18,absent,0
14622,1463,2022-09-13,present,0
14623,1463,2022-11-21,absent,0
14624,1463,2022-11-28,present,0
14625,1463,2023-05-09,absent,0
14626,1463,2023-03-27,present,0
14627,1463,2023-04-06,present,0
14628,1463,2022-12-07,present,0
14629,1463,2022-12-28,present,0
14630,1463,2022-12-01,present,0
14631,1464,2024-02-19,present,0
14632,1464,2024-03-12,absent,0
14633,1464,2023-10-02,present,0
14634,1464,2024-02-12,absent,0
14635,1464,2024-03-12,present,0
14636,1464,2024-03-06,late,22
14637,1464,2024-03-06,excused,0
14638,1464,2024-01-04,present,0
14639,1464,2024-05-06,present,0
14640,1464,2023-12-11,present,0
14641,1465,2025-02-03,present,0
14642,1465,2025-02-24,present,0
14643,1465,2025-03-26,present,0
14644,1465,2024-11-07,absent,0
14645,1465,2024-10-22,absent,0
14646,1465,2024-10-11,present,0
14647,1465,2024-11-04,present,0
14648,1465,2025-05-05,present,0
14649,1465,2025-04-16,present,0
14650,1465,2024-12-24,present,0
14651,1466,2025-05-22,present,0
14652,1466,2025-04-17,present,0
14653,1466,2025-01-29,present,0
14654,1466,2025-05-28,present,0
14655,1466,2025-06-10,present,0
14656,1466,2024-10-24,present,0
14657,1466,2025-01-13,present,0
14658,1466,2025-01-29,present,0
14659,1466,2025-04-14,excused,0
14660,1466,2025-03-18,present,0
14661,1467,2023-06-12,absent,0
14662,1467,2022-12-06,present,0
14663,1467,2023-06-13,present,0
14664,1467,2023-02-13,present,0
14665,1467,2023-03-28,present,0
14666,1467,2022-11-18,excused,0
14667,1467,2023-04-04,present,0
14668,1467,2023-04-24,present,0
14669,1467,2023-03-07,absent,0
14670,1467,2023-03-13,present,0
14671,1468,2023-10-13,present,0
14672,1468,2024-02-19,present,0
14673,1468,2023-09-11,present,0
14674,1468,2023-12-13,present,0
14675,1468,2023-09-21,present,0
14676,1468,2024-03-15,excused,0
14677,1468,2024-04-04,present,0
14678,1468,2024-03-19,present,0
14679,1468,2023-10-09,present,0
14680,1468,2023-11-20,absent,0
14681,1469,2024-03-28,present,0
14682,1469,2024-05-07,present,0
14683,1469,2024-01-18,excused,0
14684,1469,2024-01-03,present,0
14685,1469,2023-09-28,present,0
14686,1469,2024-01-09,present,0
14687,1469,2023-12-20,present,0
14688,1469,2023-10-05,present,0
14689,1469,2023-09-25,present,0
14690,1469,2024-04-01,present,0
14691,1470,2024-11-18,excused,0
14692,1470,2024-11-08,present,0
14693,1470,2025-05-23,present,0
14694,1470,2025-04-01,present,0
14695,1470,2025-05-08,present,0
14696,1470,2024-09-23,present,0
14697,1470,2025-01-10,present,0
14698,1470,2025-02-13,present,0
14699,1470,2025-04-28,present,0
14700,1470,2025-01-24,present,0
14701,1471,2023-02-21,present,0
14702,1471,2022-11-29,absent,0
14703,1471,2023-03-23,present,0
14704,1471,2023-05-12,present,0
14705,1471,2023-06-02,present,0
14706,1471,2022-11-10,present,0
14707,1471,2023-01-05,present,0
14708,1471,2023-04-03,excused,0
14709,1471,2023-01-05,present,0
14710,1471,2023-06-08,present,0
14711,1472,2022-11-11,present,0
14712,1472,2022-11-23,present,0
14713,1472,2022-09-28,present,0
14714,1472,2023-02-08,present,0
14715,1472,2023-05-25,present,0
14716,1472,2023-05-10,late,7
14717,1472,2022-09-23,present,0
14718,1472,2022-11-16,present,0
14719,1472,2022-11-08,present,0
14720,1472,2023-01-25,late,20
14721,1473,2025-02-20,late,34
14722,1473,2024-10-08,present,0
14723,1473,2025-02-12,present,0
14724,1473,2025-02-24,present,0
14725,1473,2025-05-05,present,0
14726,1473,2024-09-17,late,16
14727,1473,2025-05-29,present,0
14728,1473,2024-10-02,present,0
14729,1473,2024-10-14,present,0
14730,1473,2024-12-11,present,0
14731,1474,2024-01-12,present,0
14732,1474,2024-02-29,present,0
14733,1474,2024-03-04,present,0
14734,1474,2024-01-02,present,0
14735,1474,2024-05-10,present,0
14736,1474,2024-06-11,present,0
14737,1474,2023-09-21,present,0
14738,1474,2023-10-30,present,0
14739,1474,2024-03-07,present,0
14740,1474,2024-01-01,present,0
14741,1475,2025-02-12,present,0
14742,1475,2024-12-10,present,0
14743,1475,2025-05-19,present,0
14744,1475,2025-05-28,present,0
14745,1475,2024-12-26,present,0
14746,1475,2025-03-31,absent,0
14747,1475,2025-04-29,present,0
14748,1475,2025-02-17,late,10
14749,1475,2024-09-23,present,0
14750,1475,2025-04-16,present,0
14751,1476,2024-03-25,present,0
14752,1476,2024-06-06,present,0
14753,1476,2023-10-31,present,0
14754,1476,2024-06-14,present,0
14755,1476,2024-06-04,present,0
14756,1476,2023-12-22,present,0
14757,1476,2024-05-07,present,0
14758,1476,2024-02-02,present,0
14759,1476,2024-06-11,present,0
14760,1476,2024-03-11,present,0
14761,1477,2024-01-08,present,0
14762,1477,2024-05-16,present,0
14763,1477,2023-10-02,present,0
14764,1477,2024-04-01,present,0
14765,1477,2024-02-12,present,0
14766,1477,2023-11-23,present,0
14767,1477,2024-02-02,present,0
14768,1477,2024-01-18,present,0
14769,1477,2024-06-03,absent,0
14770,1477,2023-12-19,present,0
14771,1478,2023-02-01,present,0
14772,1478,2022-12-05,present,0
14773,1478,2023-03-16,present,0
14774,1478,2022-11-21,present,0
14775,1478,2023-02-06,present,0
14776,1478,2022-10-24,present,0
14777,1478,2022-12-21,late,13
14778,1478,2022-09-21,present,0
14779,1478,2023-02-09,present,0
14780,1478,2023-02-02,late,34
14781,1479,2025-03-12,present,0
14782,1479,2025-04-10,present,0
14783,1479,2024-10-14,present,0
14784,1479,2024-09-16,present,0
14785,1479,2025-03-31,present,0
14786,1479,2024-12-02,present,0
14787,1479,2025-05-13,present,0
14788,1479,2024-12-16,present,0
14789,1479,2024-12-06,absent,0
14790,1479,2025-05-23,absent,0
14791,1480,2024-11-06,present,0
14792,1480,2025-03-27,present,0
14793,1480,2025-06-17,present,0
14794,1480,2025-02-10,present,0
14795,1480,2025-04-24,present,0
14796,1480,2025-01-13,present,0
14797,1480,2025-01-08,present,0
14798,1480,2024-12-25,present,0
14799,1480,2024-10-02,present,0
14800,1480,2025-01-22,present,0
14801,1481,2024-01-24,absent,0
14802,1481,2024-06-10,present,0
14803,1481,2023-09-18,present,0
14804,1481,2023-09-19,present,0
14805,1481,2024-03-27,absent,0
14806,1481,2024-03-11,present,0
14807,1481,2024-01-03,present,0
14808,1481,2024-01-15,late,18
14809,1481,2024-03-22,excused,0
14810,1481,2023-10-13,present,0
14811,1482,2024-05-16,late,35
14812,1482,2024-04-25,present,0
14813,1482,2024-01-10,present,0
14814,1482,2024-02-21,present,0
14815,1482,2024-06-18,present,0
14816,1482,2024-04-12,present,0
14817,1482,2024-06-10,present,0
14818,1482,2024-01-26,present,0
14819,1482,2023-09-11,present,0
14820,1482,2024-04-22,late,30
14821,1483,2025-02-12,present,0
14822,1483,2024-12-09,present,0
14823,1483,2025-05-05,present,0
14824,1483,2025-01-24,present,0
14825,1483,2025-06-13,present,0
14826,1483,2025-01-29,present,0
14827,1483,2025-03-28,present,0
14828,1483,2025-06-03,present,0
14829,1483,2024-11-29,present,0
14830,1483,2025-05-26,present,0
14831,1484,2024-09-30,present,0
14832,1484,2024-11-28,present,0
14833,1484,2024-11-25,present,0
14834,1484,2025-02-24,present,0
14835,1484,2024-09-30,present,0
14836,1484,2024-11-04,present,0
14837,1484,2025-03-03,present,0
14838,1484,2025-01-15,present,0
14839,1484,2024-11-25,present,0
14840,1484,2025-03-12,present,0
14841,1485,2023-12-06,present,0
14842,1485,2023-11-27,present,0
14843,1485,2024-01-23,present,0
14844,1485,2024-06-17,present,0
14845,1485,2023-11-13,present,0
14846,1485,2023-12-11,present,0
14847,1485,2023-12-18,present,0
14848,1485,2024-04-29,present,0
14849,1485,2024-05-07,present,0
14850,1485,2024-03-22,present,0
14851,1486,2024-09-24,present,0
14852,1486,2025-02-24,present,0
14853,1486,2025-02-17,present,0
14854,1486,2025-05-12,present,0
14855,1486,2025-04-17,present,0
14856,1486,2025-05-12,late,28
14857,1486,2025-04-16,present,0
14858,1486,2025-01-02,present,0
14859,1486,2025-01-27,present,0
14860,1486,2025-01-02,late,35
14861,1487,2024-03-25,present,0
14862,1487,2024-06-07,present,0
14863,1487,2024-04-01,late,32
14864,1487,2023-11-13,present,0
14865,1487,2024-01-16,present,0
14866,1487,2024-04-04,present,0
14867,1487,2024-01-04,present,0
14868,1487,2024-06-03,present,0
14869,1487,2024-02-09,present,0
14870,1487,2023-12-11,present,0
14871,1488,2025-05-08,present,0
14872,1488,2025-04-21,present,0
14873,1488,2024-11-12,present,0
14874,1488,2025-04-14,late,26
14875,1488,2025-04-30,present,0
14876,1488,2024-11-01,present,0
14877,1488,2024-11-25,late,20
14878,1488,2025-06-02,present,0
14879,1488,2024-11-05,late,27
14880,1488,2024-11-18,late,24
14881,1489,2023-01-05,present,0
14882,1489,2023-01-23,late,32
14883,1489,2022-10-17,present,0
14884,1489,2023-03-20,present,0
14885,1489,2022-09-20,present,0
14886,1489,2023-03-29,present,0
14887,1489,2023-04-27,present,0
14888,1489,2023-03-16,present,0
14889,1489,2022-12-05,present,0
14890,1489,2023-06-19,present,0
14891,1490,2025-05-21,present,0
14892,1490,2025-01-23,present,0
14893,1490,2025-05-16,present,0
14894,1490,2025-01-14,present,0
14895,1490,2025-01-29,absent,0
14896,1490,2025-04-14,present,0
14897,1490,2025-04-03,present,0
14898,1490,2024-10-18,present,0
14899,1490,2024-12-26,present,0
14900,1490,2025-04-25,present,0
14901,1491,2023-11-30,present,0
14902,1491,2023-10-23,absent,0
14903,1491,2024-05-27,present,0
14904,1491,2024-05-20,present,0
14905,1491,2023-12-28,present,0
14906,1491,2024-01-22,present,0
14907,1491,2024-03-12,present,0
14908,1491,2023-12-26,present,0
14909,1491,2023-11-13,present,0
14910,1491,2024-03-07,present,0
14911,1492,2024-04-04,present,0
14912,1492,2024-01-16,present,0
14913,1492,2023-10-30,present,0
14914,1492,2024-01-01,present,0
14915,1492,2024-04-11,absent,0
14916,1492,2023-10-30,present,0
14917,1492,2024-02-28,absent,0
14918,1492,2023-12-26,present,0
14919,1492,2024-04-29,present,0
14920,1492,2024-01-29,present,0
14921,1493,2025-02-13,present,0
14922,1493,2025-01-09,present,0
14923,1493,2024-11-28,late,7
14924,1493,2025-04-17,absent,0
14925,1493,2025-06-06,absent,0
14926,1493,2025-05-26,present,0
14927,1493,2024-10-07,present,0
14928,1493,2024-09-18,present,0
14929,1493,2024-12-16,present,0
14930,1493,2025-04-24,excused,0
14931,1494,2025-06-09,present,0
14932,1494,2024-10-03,present,0
14933,1494,2024-12-23,present,0
14934,1494,2025-04-21,present,0
14935,1494,2025-01-30,present,0
14936,1494,2024-10-07,present,0
14937,1494,2025-01-09,excused,0
14938,1494,2025-02-13,present,0
14939,1494,2025-04-03,present,0
14940,1494,2025-05-20,present,0
14941,1495,2024-04-04,present,0
14942,1495,2024-04-29,present,0
14943,1495,2024-03-28,present,0
14944,1495,2023-11-13,present,0
14945,1495,2023-11-10,present,0
14946,1495,2024-05-17,present,0
14947,1495,2024-02-08,present,0
14948,1495,2024-03-13,present,0
14949,1495,2024-02-23,present,0
14950,1495,2024-03-28,present,0
14951,1496,2023-02-06,present,0
14952,1496,2022-10-14,present,0
14953,1496,2023-01-09,present,0
14954,1496,2022-10-05,present,0
14955,1496,2022-09-22,present,0
14956,1496,2023-05-22,present,0
14957,1496,2023-04-24,present,0
14958,1496,2022-09-26,present,0
14959,1496,2023-02-13,present,0
14960,1496,2023-04-25,present,0
14961,1497,2024-09-24,present,0
14962,1497,2025-01-20,present,0
14963,1497,2024-09-13,present,0
14964,1497,2024-11-08,present,0
14965,1497,2025-06-20,present,0
14966,1497,2025-02-10,present,0
14967,1497,2025-05-12,present,0
14968,1497,2025-03-06,present,0
14969,1497,2024-11-18,present,0
14970,1497,2024-09-23,present,0
14971,1498,2024-12-27,present,0
14972,1498,2025-06-16,present,0
14973,1498,2025-02-24,present,0
14974,1498,2025-03-20,present,0
14975,1498,2025-06-16,late,11
14976,1498,2025-06-09,present,0
14977,1498,2024-09-24,present,0
14978,1498,2025-05-05,present,0
14979,1498,2024-12-23,present,0
14980,1498,2025-05-28,late,27
14981,1499,2023-10-17,present,0
14982,1499,2024-01-02,present,0
14983,1499,2024-01-01,present,0
14984,1499,2023-11-14,late,13
14985,1499,2023-09-11,present,0
14986,1499,2024-04-11,present,0
14987,1499,2023-11-06,present,0
14988,1499,2023-09-26,present,0
14989,1499,2023-10-24,present,0
14990,1499,2024-01-04,present,0
14991,1500,2023-10-03,present,0
14992,1500,2023-10-23,present,0
14993,1500,2023-10-16,present,0
14994,1500,2023-12-04,present,0
14995,1500,2024-01-01,present,0
14996,1500,2024-06-18,present,0
14997,1500,2024-01-24,present,0
14998,1500,2024-01-29,present,0
14999,1500,2023-10-30,present,0
15000,1500,2024-05-13,present,0
15001,1501,2024-06-10,present,0
15002,1501,2024-01-22,present,0
15003,1501,2024-03-13,late,29
15004,1501,2024-01-02,present,0
15005,1501,2024-05-06,present,0
15006,1501,2024-03-11,absent,0
15007,1501,2024-01-11,present,0
15008,1501,2024-01-08,present,0
15009,1501,2024-06-03,present,0
15010,1501,2024-05-06,present,0
15011,1502,2022-11-07,present,0
15012,1502,2022-10-17,present,0
15013,1502,2022-11-08,present,0
15014,1502,2022-10-31,present,0
15015,1502,2023-03-31,present,0
15016,1502,2022-12-29,present,0
15017,1502,2022-10-26,present,0
15018,1502,2023-03-09,present,0
15019,1502,2022-10-12,present,0
15020,1502,2023-05-01,present,0
15021,1503,2025-03-10,present,0
15022,1503,2024-11-15,present,0
15023,1503,2024-12-23,present,0
15024,1503,2025-04-14,present,0
15025,1503,2025-02-24,present,0
15026,1503,2024-10-02,present,0
15027,1503,2025-03-21,present,0
15028,1503,2025-05-27,present,0
15029,1503,2025-01-30,absent,0
15030,1503,2024-10-25,present,0
15031,1504,2022-12-28,absent,0
15032,1504,2023-04-26,present,0
15033,1504,2022-09-27,present,0
15034,1504,2023-05-09,present,0
15035,1504,2023-03-14,absent,0
15036,1504,2023-05-04,present,0
15037,1504,2023-05-09,present,0
15038,1504,2023-03-02,present,0
15039,1504,2023-05-19,late,19
15040,1504,2023-03-27,absent,0
15041,1505,2024-11-20,present,0
15042,1505,2025-02-25,present,0
15043,1505,2025-02-14,present,0
15044,1505,2025-05-12,present,0
15045,1505,2025-03-04,present,0
15046,1505,2025-03-14,present,0
15047,1505,2025-05-19,present,0
15048,1505,2025-04-09,absent,0
15049,1505,2025-03-06,present,0
15050,1505,2025-01-16,present,0
15051,1506,2022-11-14,present,0
15052,1506,2023-04-25,present,0
15053,1506,2022-10-28,late,12
15054,1506,2022-10-11,present,0
15055,1506,2022-12-01,present,0
15056,1506,2023-03-13,present,0
15057,1506,2023-02-06,present,0
15058,1506,2023-06-09,present,0
15059,1506,2022-09-22,late,31
15060,1506,2022-12-09,present,0
15061,1507,2024-10-21,present,0
15062,1507,2025-03-20,present,0
15063,1507,2024-12-13,present,0
15064,1507,2025-03-17,absent,0
15065,1507,2025-06-02,present,0
15066,1507,2025-01-09,present,0
15067,1507,2024-09-23,present,0
15068,1507,2024-09-16,present,0
15069,1507,2025-04-23,present,0
15070,1507,2025-02-03,present,0
15071,1508,2023-10-10,excused,0
15072,1508,2024-02-07,present,0
15073,1508,2024-01-29,present,0
15074,1508,2024-03-07,present,0
15075,1508,2024-01-05,present,0
15076,1508,2024-02-15,present,0
15077,1508,2023-11-27,present,0
15078,1508,2023-11-06,present,0
15079,1508,2024-06-03,present,0
15080,1508,2024-03-05,present,0
15081,1509,2025-02-14,present,0
15082,1509,2024-11-14,absent,0
15083,1509,2024-12-03,present,0
15084,1509,2025-04-07,absent,0
15085,1509,2025-02-10,present,0
15086,1509,2025-01-14,late,16
15087,1509,2025-05-26,present,0
15088,1509,2025-03-27,present,0
15089,1509,2025-05-20,late,21
15090,1509,2025-02-07,late,29
15091,1510,2025-03-03,present,0
15092,1510,2024-10-14,present,0
15093,1510,2024-09-20,late,31
15094,1510,2024-12-17,present,0
15095,1510,2025-03-31,present,0
15096,1510,2024-12-09,present,0
15097,1510,2024-11-25,present,0
15098,1510,2024-10-29,present,0
15099,1510,2024-11-18,absent,0
15100,1510,2024-10-11,present,0
15101,1511,2022-12-23,present,0
15102,1511,2023-05-29,present,0
15103,1511,2023-02-03,present,0
15104,1511,2022-11-07,present,0
15105,1511,2023-02-13,present,0
15106,1511,2023-04-10,present,0
15107,1511,2022-10-14,present,0
15108,1511,2022-12-02,present,0
15109,1511,2022-09-28,present,0
15110,1511,2022-10-13,present,0
15111,1512,2022-09-13,present,0
15112,1512,2023-02-06,present,0
15113,1512,2023-04-10,absent,0
15114,1512,2023-03-08,present,0
15115,1512,2023-02-09,present,0
15116,1512,2023-06-15,present,0
15117,1512,2023-03-03,present,0
15118,1512,2023-01-02,present,0
15119,1512,2022-12-23,present,0
15120,1512,2023-01-19,present,0
15121,1513,2024-10-04,present,0
15122,1513,2024-11-28,present,0
15123,1513,2025-06-10,present,0
15124,1513,2025-04-02,present,0
15125,1513,2024-10-11,present,0
15126,1513,2024-11-22,present,0
15127,1513,2025-02-26,present,0
15128,1513,2024-12-30,present,0
15129,1513,2025-02-24,present,0
15130,1513,2025-04-01,present,0
15131,1514,2024-02-13,present,0
15132,1514,2023-12-29,present,0
15133,1514,2024-01-23,present,0
15134,1514,2023-11-17,present,0
15135,1514,2023-09-15,present,0
15136,1514,2024-01-18,present,0
15137,1514,2024-01-15,present,0
15138,1514,2024-06-10,present,0
15139,1514,2023-10-02,present,0
15140,1514,2024-01-24,present,0
15141,1515,2025-05-21,present,0
15142,1515,2025-05-09,absent,0
15143,1515,2024-09-16,present,0
15144,1515,2024-12-09,present,0
15145,1515,2025-06-20,present,0
15146,1515,2024-11-13,present,0
15147,1515,2025-02-13,present,0
15148,1515,2025-04-11,absent,0
15149,1515,2025-02-17,absent,0
15150,1515,2024-10-17,present,0
15151,1516,2025-04-14,late,22
15152,1516,2024-10-22,late,31
15153,1516,2024-12-31,present,0
15154,1516,2025-04-07,present,0
15155,1516,2025-03-24,present,0
15156,1516,2025-02-19,present,0
15157,1516,2025-04-21,present,0
15158,1516,2024-10-07,present,0
15159,1516,2024-11-18,present,0
15160,1516,2025-02-17,present,0
15161,1517,2025-02-12,present,0
15162,1517,2024-09-09,present,0
15163,1517,2024-09-17,present,0
15164,1517,2025-04-07,present,0
15165,1517,2025-03-06,late,6
15166,1517,2024-11-26,present,0
15167,1517,2024-12-23,present,0
15168,1517,2024-11-22,present,0
15169,1517,2024-09-16,present,0
15170,1517,2024-10-21,present,0
15171,1518,2024-10-10,present,0
15172,1518,2025-04-15,late,22
15173,1518,2024-12-20,present,0
15174,1518,2024-10-23,present,0
15175,1518,2025-04-08,present,0
15176,1518,2025-04-29,present,0
15177,1518,2024-11-04,excused,0
15178,1518,2025-02-05,present,0
15179,1518,2025-03-18,late,16
15180,1518,2025-01-01,present,0
15181,1519,2023-10-24,present,0
15182,1519,2023-11-20,present,0
15183,1519,2024-04-26,present,0
15184,1519,2024-03-15,present,0
15185,1519,2024-01-08,present,0
15186,1519,2024-01-03,present,0
15187,1519,2024-05-23,present,0
15188,1519,2023-12-15,present,0
15189,1519,2023-12-19,present,0
15190,1519,2024-03-29,late,30
15191,1520,2023-10-16,present,0
15192,1520,2024-03-07,present,0
15193,1520,2024-05-09,present,0
15194,1520,2024-04-25,present,0
15195,1520,2023-11-07,present,0
15196,1520,2024-04-22,present,0
15197,1520,2024-02-05,present,0
15198,1520,2024-04-02,present,0
15199,1520,2024-02-20,present,0
15200,1520,2023-10-31,present,0
15201,1521,2024-09-16,present,0
15202,1521,2024-09-16,present,0
15203,1521,2024-09-13,present,0
15204,1521,2025-01-30,present,0
15205,1521,2025-05-23,present,0
15206,1521,2025-05-26,late,9
15207,1521,2025-04-17,present,0
15208,1521,2024-11-18,present,0
15209,1521,2024-10-28,present,0
15210,1521,2025-01-17,present,0
15211,1522,2024-06-06,present,0
15212,1522,2023-09-18,present,0
15213,1522,2024-02-05,late,13
15214,1522,2024-01-31,present,0
15215,1522,2024-06-17,present,0
15216,1522,2024-04-03,excused,0
15217,1522,2024-06-10,present,0
15218,1522,2023-10-16,present,0
15219,1522,2024-01-18,present,0
15220,1522,2024-05-29,absent,0
15221,1523,2022-10-26,present,0
15222,1523,2023-03-31,present,0
15223,1523,2023-02-20,present,0
15224,1523,2023-03-17,present,0
15225,1523,2023-05-24,present,0
15226,1523,2023-04-24,present,0
15227,1523,2023-02-24,present,0
15228,1523,2023-02-20,present,0
15229,1523,2023-05-15,present,0
15230,1523,2022-10-12,present,0
15231,1524,2025-05-12,present,0
15232,1524,2025-04-07,present,0
15233,1524,2024-10-14,present,0
15234,1524,2024-09-19,present,0
15235,1524,2025-05-14,present,0
15236,1524,2024-11-08,absent,0
15237,1524,2024-12-30,absent,0
15238,1524,2025-04-14,excused,0
15239,1524,2024-10-22,present,0
15240,1524,2024-12-16,excused,0
15241,1525,2022-10-21,present,0
15242,1525,2022-10-10,present,0
15243,1525,2022-09-27,present,0
15244,1525,2023-02-09,present,0
15245,1525,2023-05-08,present,0
15246,1525,2022-11-14,present,0
15247,1525,2023-01-13,present,0
15248,1525,2022-10-17,present,0
15249,1525,2023-01-17,present,0
15250,1525,2023-04-18,absent,0
15251,1526,2025-04-10,present,0
15252,1526,2024-10-14,present,0
15253,1526,2025-05-05,present,0
15254,1526,2024-11-18,present,0
15255,1526,2024-12-10,late,12
15256,1526,2024-09-23,present,0
15257,1526,2024-10-14,present,0
15258,1526,2025-05-12,present,0
15259,1526,2025-03-17,present,0
15260,1526,2025-05-19,absent,0
15261,1527,2025-05-13,absent,0
15262,1527,2025-05-28,present,0
15263,1527,2025-05-06,absent,0
15264,1527,2025-04-14,present,0
15265,1527,2024-12-20,present,0
15266,1527,2024-11-13,present,0
15267,1527,2025-06-18,present,0
15268,1527,2025-01-10,excused,0
15269,1527,2025-01-23,present,0
15270,1527,2025-01-06,present,0
15271,1528,2023-06-15,present,0
15272,1528,2023-03-22,present,0
15273,1528,2022-10-17,absent,0
15274,1528,2022-10-14,present,0
15275,1528,2023-02-02,absent,0
15276,1528,2023-05-01,present,0
15277,1528,2022-09-29,present,0
15278,1528,2023-06-09,absent,0
15279,1528,2022-11-03,absent,0
15280,1528,2023-01-23,present,0
15281,1529,2024-10-15,present,0
15282,1529,2025-04-16,late,17
15283,1529,2024-12-11,present,0
15284,1529,2025-02-25,present,0
15285,1529,2024-11-04,present,0
15286,1529,2025-03-12,present,0
15287,1529,2024-10-16,present,0
15288,1529,2025-02-10,present,0
15289,1529,2024-12-16,present,0
15290,1529,2025-01-27,present,0
15291,1530,2022-11-29,present,0
15292,1530,2023-05-08,present,0
15293,1530,2022-12-15,present,0
15294,1530,2022-09-20,present,0
15295,1530,2023-03-15,present,0
15296,1530,2023-03-13,present,0
15297,1530,2023-05-29,present,0
15298,1530,2022-10-03,present,0
15299,1530,2022-09-13,present,0
15300,1530,2022-09-22,present,0
15301,1531,2024-02-19,late,28
15302,1531,2023-12-04,present,0
15303,1531,2023-09-11,present,0
15304,1531,2024-06-12,present,0
15305,1531,2024-01-11,present,0
15306,1531,2024-01-22,present,0
15307,1531,2024-06-11,present,0
15308,1531,2024-02-09,present,0
15309,1531,2024-04-15,absent,0
15310,1531,2024-05-09,absent,0
15311,1532,2025-05-26,excused,0
15312,1532,2024-10-30,late,9
15313,1532,2025-02-10,present,0
15314,1532,2025-06-16,present,0
15315,1532,2025-01-23,present,0
15316,1532,2025-04-07,present,0
15317,1532,2024-12-13,present,0
15318,1532,2025-03-04,late,20
15319,1532,2024-11-27,present,0
15320,1532,2024-11-12,present,0
15321,1533,2024-09-26,present,0
15322,1533,2025-02-03,present,0
15323,1533,2024-12-11,present,0
15324,1533,2024-11-11,excused,0
15325,1533,2025-06-06,present,0
15326,1533,2025-05-01,present,0
15327,1533,2024-10-07,present,0
15328,1533,2025-01-27,present,0
15329,1533,2025-02-07,present,0
15330,1533,2025-03-31,present,0
15331,1534,2023-04-13,late,25
15332,1534,2023-03-14,present,0
15333,1534,2023-04-03,present,0
15334,1534,2022-11-14,present,0
15335,1534,2023-05-25,present,0
15336,1534,2023-01-16,absent,0
15337,1534,2023-01-13,present,0
15338,1534,2022-10-06,present,0
15339,1534,2023-04-07,late,24
15340,1534,2022-09-09,present,0
15341,1535,2024-09-17,present,0
15342,1535,2025-06-17,present,0
15343,1535,2025-03-04,present,0
15344,1535,2024-09-25,present,0
15345,1535,2025-06-09,present,0
15346,1535,2024-10-23,present,0
15347,1535,2024-12-27,late,16
15348,1535,2024-12-10,absent,0
15349,1535,2025-05-07,present,0
15350,1535,2024-12-23,present,0
15351,1536,2025-06-09,present,0
15352,1536,2024-12-02,present,0
15353,1536,2024-10-03,present,0
15354,1536,2025-04-07,present,0
15355,1536,2025-06-16,absent,0
15356,1536,2025-04-21,present,0
15357,1536,2024-10-22,present,0
15358,1536,2025-03-24,present,0
15359,1536,2025-01-20,present,0
15360,1536,2024-10-11,present,0
15361,1537,2023-12-21,late,11
15362,1537,2024-01-24,present,0
15363,1537,2023-12-29,present,0
15364,1537,2024-06-13,absent,0
15365,1537,2023-11-24,present,0
15366,1537,2023-12-13,present,0
15367,1537,2024-04-02,present,0
15368,1537,2024-01-01,absent,0
15369,1537,2023-12-27,present,0
15370,1537,2024-04-02,present,0
15371,1538,2025-06-18,present,0
15372,1538,2024-12-25,present,0
15373,1538,2025-04-30,present,0
15374,1538,2025-01-27,present,0
15375,1538,2025-03-05,present,0
15376,1538,2024-12-04,present,0
15377,1538,2024-12-03,present,0
15378,1538,2025-04-15,present,0
15379,1538,2025-02-10,late,27
15380,1538,2024-09-09,present,0
15381,1539,2023-05-26,present,0
15382,1539,2023-01-02,present,0
15383,1539,2023-01-17,present,0
15384,1539,2023-01-30,present,0
15385,1539,2023-05-17,present,0
15386,1539,2022-09-19,present,0
15387,1539,2022-09-15,present,0
15388,1539,2022-09-29,present,0
15389,1539,2023-06-02,present,0
15390,1539,2022-11-01,present,0
15391,1540,2024-11-05,present,0
15392,1540,2025-03-24,present,0
15393,1540,2025-03-11,present,0
15394,1540,2025-01-06,present,0
15395,1540,2024-12-30,present,0
15396,1540,2024-10-15,present,0
15397,1540,2024-09-12,present,0
15398,1540,2024-11-04,present,0
15399,1540,2024-09-11,present,0
15400,1540,2025-05-05,present,0
15401,1541,2025-01-21,present,0
15402,1541,2025-06-20,present,0
15403,1541,2025-05-26,present,0
15404,1541,2025-06-09,late,25
15405,1541,2025-04-07,present,0
15406,1541,2025-01-20,excused,0
15407,1541,2025-06-06,present,0
15408,1541,2025-04-15,absent,0
15409,1541,2024-10-30,present,0
15410,1541,2024-11-12,present,0
15411,1542,2025-03-24,present,0
15412,1542,2024-10-10,present,0
15413,1542,2025-05-05,present,0
15414,1542,2025-02-12,present,0
15415,1542,2024-09-30,present,0
15416,1542,2024-10-29,late,24
15417,1542,2024-10-11,absent,0
15418,1542,2025-01-15,present,0
15419,1542,2025-01-15,present,0
15420,1542,2024-12-06,present,0
15421,1543,2024-04-19,late,18
15422,1543,2024-03-04,present,0
15423,1543,2024-02-27,late,26
15424,1543,2023-11-02,present,0
15425,1543,2023-10-02,present,0
15426,1543,2024-02-07,present,0
15427,1543,2023-10-05,present,0
15428,1543,2024-02-19,present,0
15429,1543,2024-04-22,present,0
15430,1543,2023-09-20,present,0
15431,1544,2023-05-29,present,0
15432,1544,2022-09-23,present,0
15433,1544,2023-01-11,late,29
15434,1544,2022-12-21,absent,0
15435,1544,2022-09-23,present,0
15436,1544,2022-11-04,present,0
15437,1544,2023-02-07,present,0
15438,1544,2023-01-20,absent,0
15439,1544,2022-12-05,present,0
15440,1544,2023-02-23,present,0
15441,1545,2024-01-18,present,0
15442,1545,2024-05-06,present,0
15443,1545,2024-04-01,present,0
15444,1545,2023-10-31,present,0
15445,1545,2024-01-19,present,0
15446,1545,2024-05-24,present,0
15447,1545,2024-03-20,present,0
15448,1545,2024-04-23,present,0
15449,1545,2023-12-20,present,0
15450,1545,2024-02-07,present,0
15451,1546,2024-10-03,late,6
15452,1546,2024-12-09,present,0
15453,1546,2024-12-13,present,0
15454,1546,2024-10-28,present,0
15455,1546,2025-05-23,present,0
15456,1546,2025-05-14,present,0
15457,1546,2025-01-17,present,0
15458,1546,2025-06-09,present,0
15459,1546,2024-10-11,present,0
15460,1546,2024-12-16,present,0
15461,1547,2023-11-16,present,0
15462,1547,2023-11-14,present,0
15463,1547,2024-04-15,present,0
15464,1547,2023-10-03,present,0
15465,1547,2023-11-10,present,0
15466,1547,2023-10-11,present,0
15467,1547,2024-03-04,present,0
15468,1547,2024-01-24,present,0
15469,1547,2024-03-22,present,0
15470,1547,2024-05-06,present,0
15471,1548,2024-10-28,late,7
15472,1548,2024-09-25,present,0
15473,1548,2025-02-19,present,0
15474,1548,2025-03-24,late,22
15475,1548,2025-05-12,absent,0
15476,1548,2025-01-21,present,0
15477,1548,2024-12-05,late,14
15478,1548,2024-09-30,present,0
15479,1548,2025-06-16,present,0
15480,1548,2024-09-16,present,0
15481,1549,2023-03-01,late,10
15482,1549,2023-03-30,excused,0
15483,1549,2023-03-28,present,0
15484,1549,2023-03-06,absent,0
15485,1549,2023-03-28,present,0
15486,1549,2022-12-02,present,0
15487,1549,2022-09-19,present,0
15488,1549,2022-11-28,present,0
15489,1549,2023-04-26,present,0
15490,1549,2023-03-13,present,0
15491,1550,2024-03-11,present,0
15492,1550,2024-04-11,present,0
15493,1550,2024-02-20,present,0
15494,1550,2023-11-13,present,0
15495,1550,2024-06-03,present,0
15496,1550,2023-10-20,absent,0
15497,1550,2023-12-20,present,0
15498,1550,2024-06-20,present,0
15499,1550,2023-10-17,present,0
15500,1550,2024-01-23,present,0
15501,1551,2024-03-20,present,0
15502,1551,2023-11-30,present,0
15503,1551,2024-03-18,present,0
15504,1551,2023-11-20,present,0
15505,1551,2024-06-04,late,15
15506,1551,2024-06-19,present,0
15507,1551,2024-06-03,present,0
15508,1551,2023-10-19,present,0
15509,1551,2024-04-30,present,0
15510,1551,2024-05-06,present,0
15511,1552,2025-03-10,absent,0
15512,1552,2024-10-28,present,0
15513,1552,2024-10-15,present,0
15514,1552,2024-09-30,excused,0
15515,1552,2025-05-12,present,0
15516,1552,2025-04-14,present,0
15517,1552,2025-06-05,present,0
15518,1552,2025-01-30,present,0
15519,1552,2025-05-30,present,0
15520,1552,2025-05-05,present,0
15521,1553,2023-12-28,present,0
15522,1553,2023-11-10,present,0
15523,1553,2024-05-16,present,0
15524,1553,2024-02-05,present,0
15525,1553,2024-02-08,absent,0
15526,1553,2024-04-05,present,0
15527,1553,2024-02-09,excused,0
15528,1553,2023-11-28,present,0
15529,1553,2024-01-05,present,0
15530,1553,2024-06-05,absent,0
15531,1554,2024-02-29,present,0
15532,1554,2024-03-12,late,6
15533,1554,2024-03-05,present,0
15534,1554,2024-05-10,present,0
15535,1554,2024-05-10,present,0
15536,1554,2023-09-19,present,0
15537,1554,2024-05-27,present,0
15538,1554,2024-05-24,present,0
15539,1554,2023-10-09,present,0
15540,1554,2023-10-23,present,0
15541,1555,2023-06-20,present,0
15542,1555,2022-12-22,present,0
15543,1555,2023-01-09,present,0
15544,1555,2023-02-17,present,0
15545,1555,2023-01-23,present,0
15546,1555,2023-01-23,present,0
15547,1555,2023-06-08,present,0
15548,1555,2023-02-07,excused,0
15549,1555,2023-01-09,present,0
15550,1555,2023-04-28,present,0
15551,1556,2023-02-06,present,0
15552,1556,2023-02-24,present,0
15553,1556,2022-09-14,present,0
15554,1556,2023-03-08,present,0
15555,1556,2023-03-30,present,0
15556,1556,2022-12-07,present,0
15557,1556,2022-09-12,present,0
15558,1556,2022-11-14,present,0
15559,1556,2023-01-31,present,0
15560,1556,2023-04-10,present,0
15561,1557,2024-09-16,present,0
15562,1557,2025-01-20,present,0
15563,1557,2025-06-13,present,0
15564,1557,2024-10-28,present,0
15565,1557,2025-06-02,present,0
15566,1557,2025-03-31,present,0
15567,1557,2025-03-24,present,0
15568,1557,2025-04-14,present,0
15569,1557,2024-12-05,present,0
15570,1557,2025-02-17,present,0
15571,1558,2023-12-04,present,0
15572,1558,2024-01-15,present,0
15573,1558,2024-03-21,present,0
15574,1558,2023-11-13,present,0
15575,1558,2023-09-25,present,0
15576,1558,2024-05-06,present,0
15577,1558,2024-03-29,present,0
15578,1558,2024-02-12,present,0
15579,1558,2023-12-18,late,10
15580,1558,2023-10-17,present,0
15581,1559,2025-04-10,present,0
15582,1559,2025-04-29,present,0
15583,1559,2025-01-27,present,0
15584,1559,2025-05-19,present,0
15585,1559,2025-05-26,present,0
15586,1559,2025-01-28,present,0
15587,1559,2024-11-04,present,0
15588,1559,2025-05-27,present,0
15589,1559,2025-03-10,present,0
15590,1559,2025-03-10,present,0
15591,1560,2023-10-23,present,0
15592,1560,2023-10-02,present,0
15593,1560,2024-06-17,present,0
15594,1560,2024-03-06,present,0
15595,1560,2023-12-20,present,0
15596,1560,2024-05-02,present,0
15597,1560,2023-12-25,present,0
15598,1560,2024-01-09,present,0
15599,1560,2023-12-11,present,0
15600,1560,2024-05-31,present,0
15601,1561,2023-10-02,present,0
15602,1561,2024-04-17,present,0
15603,1561,2024-04-30,present,0
15604,1561,2024-01-02,present,0
15605,1561,2023-10-18,present,0
15606,1561,2024-01-12,present,0
15607,1561,2023-11-29,present,0
15608,1561,2023-11-29,present,0
15609,1561,2024-06-19,present,0
15610,1561,2024-01-11,present,0
15611,1562,2024-04-22,present,0
15612,1562,2024-05-28,present,0
15613,1562,2023-10-23,present,0
15614,1562,2024-01-29,present,0
15615,1562,2023-11-21,present,0
15616,1562,2024-04-10,present,0
15617,1562,2023-09-22,present,0
15618,1562,2023-09-21,present,0
15619,1562,2024-03-18,present,0
15620,1562,2024-03-04,late,6
15621,1563,2023-12-05,present,0
15622,1563,2024-01-17,present,0
15623,1563,2024-05-17,present,0
15624,1563,2024-03-11,present,0
15625,1563,2024-04-24,present,0
15626,1563,2024-03-22,present,0
15627,1563,2023-09-21,present,0
15628,1563,2024-04-08,present,0
15629,1563,2024-01-17,present,0
15630,1563,2023-10-30,present,0
15631,1564,2023-06-19,present,0
15632,1564,2023-04-20,present,0
15633,1564,2022-12-26,late,13
15634,1564,2023-05-22,present,0
15635,1564,2023-02-13,present,0
15636,1564,2023-05-29,present,0
15637,1564,2023-02-16,present,0
15638,1564,2022-11-28,present,0
15639,1564,2023-02-08,present,0
15640,1564,2023-06-14,late,13
15641,1565,2023-06-19,present,0
15642,1565,2022-10-03,present,0
15643,1565,2023-03-22,present,0
15644,1565,2022-11-22,present,0
15645,1565,2023-02-27,present,0
15646,1565,2022-09-28,present,0
15647,1565,2023-02-15,present,0
15648,1565,2022-10-27,present,0
15649,1565,2023-05-15,present,0
15650,1565,2022-11-01,present,0
15651,1566,2023-10-12,late,16
15652,1566,2024-03-04,present,0
15653,1566,2023-10-09,present,0
15654,1566,2023-11-20,present,0
15655,1566,2024-05-06,absent,0
15656,1566,2024-01-12,present,0
15657,1566,2024-04-29,present,0
15658,1566,2024-05-20,present,0
15659,1566,2023-11-27,present,0
15660,1566,2024-03-26,present,0
15661,1567,2023-06-02,late,7
15662,1567,2023-02-13,present,0
15663,1567,2023-05-08,present,0
15664,1567,2022-09-29,present,0
15665,1567,2023-01-25,present,0
15666,1567,2022-11-10,present,0
15667,1567,2023-02-28,present,0
15668,1567,2023-03-07,present,0
15669,1567,2022-10-31,absent,0
15670,1567,2023-06-05,present,0
15671,1568,2023-05-08,present,0
15672,1568,2022-12-21,present,0
15673,1568,2023-02-14,present,0
15674,1568,2022-10-20,present,0
15675,1568,2022-09-16,late,8
15676,1568,2022-11-29,present,0
15677,1568,2023-06-20,present,0
15678,1568,2022-11-28,present,0
15679,1568,2022-10-03,present,0
15680,1568,2023-02-10,present,0
15681,1569,2023-01-02,absent,0
15682,1569,2023-03-27,absent,0
15683,1569,2023-02-13,late,23
15684,1569,2022-10-14,present,0
15685,1569,2023-04-17,excused,0
15686,1569,2022-09-26,present,0
15687,1569,2022-11-14,present,0
15688,1569,2022-12-16,present,0
15689,1569,2022-12-09,present,0
15690,1569,2023-02-06,absent,0
15691,1570,2022-10-17,present,0
15692,1570,2022-11-01,present,0
15693,1570,2023-03-01,present,0
15694,1570,2022-11-07,present,0
15695,1570,2023-04-03,excused,0
15696,1570,2023-02-15,late,19
15697,1570,2023-04-03,present,0
15698,1570,2023-02-17,present,0
15699,1570,2023-03-07,present,0
15700,1570,2022-12-15,present,0
15701,1571,2023-10-20,present,0
15702,1571,2024-01-15,present,0
15703,1571,2024-03-04,present,0
15704,1571,2024-01-29,excused,0
15705,1571,2023-12-14,absent,0
15706,1571,2023-12-20,present,0
15707,1571,2024-01-26,present,0
15708,1571,2024-03-15,present,0
15709,1571,2023-11-22,present,0
15710,1571,2024-05-03,present,0
15711,1572,2025-01-27,excused,0
15712,1572,2024-12-30,late,25
15713,1572,2025-04-21,present,0
15714,1572,2024-12-02,present,0
15715,1572,2024-12-19,late,10
15716,1572,2025-02-07,present,0
15717,1572,2024-10-24,present,0
15718,1572,2024-09-16,present,0
15719,1572,2025-05-30,absent,0
15720,1572,2025-02-03,present,0
15721,1573,2025-02-17,present,0
15722,1573,2025-06-20,present,0
15723,1573,2025-03-13,present,0
15724,1573,2025-04-15,present,0
15725,1573,2025-01-20,present,0
15726,1573,2025-02-03,present,0
15727,1573,2025-05-26,present,0
15728,1573,2024-12-16,present,0
15729,1573,2024-12-09,present,0
15730,1573,2024-12-13,present,0
15731,1574,2024-09-10,present,0
15732,1574,2025-02-24,present,0
15733,1574,2024-12-13,present,0
15734,1574,2025-04-03,present,0
15735,1574,2024-12-09,present,0
15736,1574,2024-10-23,present,0
15737,1574,2025-03-18,present,0
15738,1574,2024-12-18,present,0
15739,1574,2025-06-16,present,0
15740,1574,2025-02-21,present,0
15741,1575,2024-03-27,present,0
15742,1575,2024-06-05,present,0
15743,1575,2024-04-18,present,0
15744,1575,2023-11-16,present,0
15745,1575,2024-04-04,present,0
15746,1575,2024-03-19,present,0
15747,1575,2023-09-15,present,0
15748,1575,2023-10-03,present,0
15749,1575,2024-01-29,present,0
15750,1575,2023-12-06,present,0
15751,1576,2025-06-16,present,0
15752,1576,2024-11-11,present,0
15753,1576,2025-05-26,present,0
15754,1576,2025-06-11,present,0
15755,1576,2024-09-12,late,24
15756,1576,2025-03-12,present,0
15757,1576,2024-11-25,present,0
15758,1576,2025-06-19,present,0
15759,1576,2024-11-15,present,0
15760,1576,2024-12-30,present,0
15761,1577,2023-01-23,present,0
15762,1577,2023-04-26,present,0
15763,1577,2022-09-27,present,0
15764,1577,2022-10-14,present,0
15765,1577,2023-03-20,late,19
15766,1577,2022-09-22,present,0
15767,1577,2023-03-30,excused,0
15768,1577,2023-01-16,present,0
15769,1577,2023-03-06,present,0
15770,1577,2023-06-12,present,0
15771,1578,2023-03-10,excused,0
15772,1578,2023-04-19,present,0
15773,1578,2023-01-16,present,0
15774,1578,2023-02-06,present,0
15775,1578,2023-06-13,present,0
15776,1578,2022-11-07,present,0
15777,1578,2022-11-10,present,0
15778,1578,2023-05-08,present,0
15779,1578,2023-01-04,present,0
15780,1578,2023-04-13,late,14
15781,1579,2024-11-28,present,0
15782,1579,2025-04-24,excused,0
15783,1579,2024-11-25,absent,0
15784,1579,2025-04-03,late,16
15785,1579,2025-02-11,present,0
15786,1579,2024-09-12,present,0
15787,1579,2025-04-16,present,0
15788,1579,2024-11-06,present,0
15789,1579,2024-12-19,present,0
15790,1579,2024-12-23,excused,0
15791,1580,2025-03-31,present,0
15792,1580,2024-10-09,present,0
15793,1580,2025-04-04,present,0
15794,1580,2025-03-06,late,6
15795,1580,2025-03-17,present,0
15796,1580,2025-04-29,present,0
15797,1580,2024-10-07,present,0
15798,1580,2025-02-28,present,0
15799,1580,2024-10-31,present,0
15800,1580,2025-01-06,present,0
15801,1581,2024-09-23,present,0
15802,1581,2024-10-15,present,0
15803,1581,2025-04-30,present,0
15804,1581,2025-04-03,present,0
15805,1581,2025-04-22,present,0
15806,1581,2025-06-17,present,0
15807,1581,2024-11-25,present,0
15808,1581,2025-02-12,present,0
15809,1581,2024-12-23,present,0
15810,1581,2025-02-10,present,0
15811,1582,2024-01-15,present,0
15812,1582,2024-05-20,present,0
15813,1582,2023-10-10,present,0
15814,1582,2023-12-18,present,0
15815,1582,2024-04-11,present,0
15816,1582,2023-11-24,present,0
15817,1582,2024-01-04,present,0
15818,1582,2023-10-23,present,0
15819,1582,2024-04-04,present,0
15820,1582,2024-04-04,present,0
15821,1583,2024-12-16,present,0
15822,1583,2025-04-28,present,0
15823,1583,2025-03-21,present,0
15824,1583,2024-09-23,present,0
15825,1583,2025-01-06,present,0
15826,1583,2025-01-30,present,0
15827,1583,2025-03-05,present,0
15828,1583,2025-02-21,present,0
15829,1583,2025-02-27,present,0
15830,1583,2024-11-05,present,0
15831,1584,2022-12-08,present,0
15832,1584,2023-02-17,present,0
15833,1584,2023-04-14,present,0
15834,1584,2023-05-05,present,0
15835,1584,2023-02-27,present,0
15836,1584,2022-10-10,present,0
15837,1584,2023-03-15,present,0
15838,1584,2022-11-03,present,0
15839,1584,2023-05-01,present,0
15840,1584,2022-11-23,present,0
15841,1585,2025-06-16,absent,0
15842,1585,2024-12-23,present,0
15843,1585,2025-02-07,present,0
15844,1585,2025-02-10,present,0
15845,1585,2025-01-14,present,0
15846,1585,2024-09-19,present,0
15847,1585,2024-11-11,present,0
15848,1585,2024-10-10,present,0
15849,1585,2025-03-18,present,0
15850,1585,2024-11-28,present,0
15851,1586,2024-05-24,present,0
15852,1586,2024-05-20,present,0
15853,1586,2023-12-11,present,0
15854,1586,2023-10-10,absent,0
15855,1586,2023-10-04,absent,0
15856,1586,2023-11-13,absent,0
15857,1586,2024-01-22,present,0
15858,1586,2024-04-08,present,0
15859,1586,2024-02-08,present,0
15860,1586,2024-06-03,present,0
15861,1587,2023-01-23,present,0
15862,1587,2023-02-06,present,0
15863,1587,2022-12-07,present,0
15864,1587,2022-11-21,present,0
15865,1587,2023-01-09,present,0
15866,1587,2022-09-19,present,0
15867,1587,2022-10-03,absent,0
15868,1587,2022-11-14,present,0
15869,1587,2022-10-17,present,0
15870,1587,2022-09-20,present,0
15871,1588,2023-12-14,present,0
15872,1588,2024-04-08,present,0
15873,1588,2024-05-20,absent,0
15874,1588,2024-05-24,present,0
15875,1588,2023-10-24,present,0
15876,1588,2023-10-19,absent,0
15877,1588,2023-10-23,present,0
15878,1588,2024-02-06,present,0
15879,1588,2024-01-16,present,0
15880,1588,2024-01-01,present,0
15881,1589,2023-09-20,late,18
15882,1589,2023-10-27,present,0
15883,1589,2024-05-09,present,0
15884,1589,2024-05-31,present,0
15885,1589,2023-09-15,present,0
15886,1589,2024-01-10,present,0
15887,1589,2024-03-01,present,0
15888,1589,2023-10-24,present,0
15889,1589,2024-05-13,present,0
15890,1589,2024-02-05,present,0
15891,1590,2024-06-13,present,0
15892,1590,2024-04-29,present,0
15893,1590,2024-03-19,present,0
15894,1590,2024-05-15,present,0
15895,1590,2024-06-10,late,18
15896,1590,2024-01-04,present,0
15897,1590,2024-04-15,late,11
15898,1590,2024-01-12,present,0
15899,1590,2024-02-19,late,25
15900,1590,2024-02-22,present,0
15901,1591,2025-05-12,present,0
15902,1591,2024-10-11,present,0
15903,1591,2024-09-17,present,0
15904,1591,2024-09-16,present,0
15905,1591,2025-06-16,present,0
15906,1591,2025-03-18,present,0
15907,1591,2024-09-16,present,0
15908,1591,2025-02-10,present,0
15909,1591,2024-10-14,present,0
15910,1591,2024-12-05,present,0
15911,1592,2023-12-08,present,0
15912,1592,2023-09-26,present,0
15913,1592,2023-10-30,present,0
15914,1592,2023-12-15,late,26
15915,1592,2024-06-20,present,0
15916,1592,2024-04-19,late,25
15917,1592,2023-12-05,present,0
15918,1592,2023-11-24,present,0
15919,1592,2023-12-26,present,0
15920,1592,2024-04-26,present,0
15921,1593,2023-03-08,present,0
15922,1593,2022-11-22,present,0
15923,1593,2022-11-07,present,0
15924,1593,2023-03-27,present,0
15925,1593,2023-04-24,present,0
15926,1593,2023-06-16,present,0
15927,1593,2023-05-08,late,16
15928,1593,2022-09-26,present,0
15929,1593,2022-10-28,present,0
15930,1593,2023-05-29,late,24
15931,1594,2024-01-12,present,0
15932,1594,2024-03-25,present,0
15933,1594,2024-05-17,present,0
15934,1594,2024-01-09,absent,0
15935,1594,2023-11-22,present,0
15936,1594,2024-01-15,present,0
15937,1594,2024-02-09,present,0
15938,1594,2023-09-22,present,0
15939,1594,2024-05-15,present,0
15940,1594,2024-01-15,present,0
15941,1595,2024-12-11,late,16
15942,1595,2025-06-16,present,0
15943,1595,2025-04-03,present,0
15944,1595,2024-11-12,present,0
15945,1595,2024-11-21,present,0
15946,1595,2024-10-04,present,0
15947,1595,2024-10-28,present,0
15948,1595,2025-01-03,present,0
15949,1595,2025-03-26,present,0
15950,1595,2024-09-20,present,0
15951,1596,2022-09-26,present,0
15952,1596,2023-03-13,present,0
15953,1596,2023-01-16,present,0
15954,1596,2023-04-04,present,0
15955,1596,2022-11-21,present,0
15956,1596,2023-04-17,late,25
15957,1596,2022-11-03,present,0
15958,1596,2022-10-12,present,0
15959,1596,2022-12-29,present,0
15960,1596,2022-12-08,present,0
15961,1597,2025-04-04,present,0
15962,1597,2025-01-30,present,0
15963,1597,2025-01-17,present,0
15964,1597,2024-10-07,present,0
15965,1597,2024-12-25,absent,0
15966,1597,2025-06-11,present,0
15967,1597,2025-04-14,present,0
15968,1597,2024-09-16,present,0
15969,1597,2024-12-02,present,0
15970,1597,2025-01-23,present,0
15971,1598,2025-03-04,present,0
15972,1598,2025-01-02,excused,0
15973,1598,2025-03-17,absent,0
15974,1598,2025-04-14,late,12
15975,1598,2025-04-28,present,0
15976,1598,2025-06-16,present,0
15977,1598,2024-11-28,excused,0
15978,1598,2025-05-19,absent,0
15979,1598,2024-11-01,present,0
15980,1598,2025-05-28,present,0
15981,1599,2025-05-07,present,0
15982,1599,2024-11-08,present,0
15983,1599,2025-03-17,present,0
15984,1599,2024-09-12,present,0
15985,1599,2025-03-19,present,0
15986,1599,2025-04-25,present,0
15987,1599,2025-04-07,present,0
15988,1599,2025-02-27,present,0
15989,1599,2024-12-05,present,0
15990,1599,2025-02-03,present,0
15991,1600,2023-01-10,present,0
15992,1600,2023-04-03,present,0
15993,1600,2023-01-10,present,0
15994,1600,2022-12-19,present,0
15995,1600,2023-04-28,present,0
15996,1600,2023-06-12,present,0
15997,1600,2022-09-19,present,0
15998,1600,2022-10-20,present,0
15999,1600,2023-02-14,present,0
16000,1600,2022-12-12,present,0
16001,1601,2023-03-03,present,0
16002,1601,2023-01-09,present,0
16003,1601,2023-01-23,present,0
16004,1601,2022-11-14,present,0
16005,1601,2022-09-29,present,0
16006,1601,2023-04-27,present,0
16007,1601,2023-06-12,present,0
16008,1601,2023-05-18,present,0
16009,1601,2022-12-05,present,0
16010,1601,2022-12-02,present,0
16011,1602,2022-10-03,present,0
16012,1602,2023-05-29,present,0
16013,1602,2022-12-27,present,0
16014,1602,2022-12-26,present,0
16015,1602,2022-10-20,present,0
16016,1602,2022-09-19,present,0
16017,1602,2023-02-06,present,0
16018,1602,2023-03-02,present,0
16019,1602,2023-04-25,present,0
16020,1602,2023-04-24,present,0
16021,1603,2024-02-05,present,0
16022,1603,2023-10-23,present,0
16023,1603,2023-12-19,present,0
16024,1603,2023-10-27,present,0
16025,1603,2024-04-11,present,0
16026,1603,2024-04-09,present,0
16027,1603,2024-06-05,present,0
16028,1603,2023-12-27,present,0
16029,1603,2023-10-16,present,0
16030,1603,2023-12-18,present,0
16031,1604,2025-03-19,present,0
16032,1604,2025-01-13,late,14
16033,1604,2025-06-09,present,0
16034,1604,2025-04-22,present,0
16035,1604,2025-01-15,present,0
16036,1604,2025-06-10,present,0
16037,1604,2024-09-25,present,0
16038,1604,2025-04-14,present,0
16039,1604,2025-03-03,present,0
16040,1604,2024-09-23,present,0
16041,1605,2023-11-27,present,0
16042,1605,2024-04-01,present,0
16043,1605,2024-02-05,present,0
16044,1605,2024-06-10,excused,0
16045,1605,2024-01-02,present,0
16046,1605,2024-01-18,present,0
16047,1605,2024-05-06,present,0
16048,1605,2023-11-20,present,0
16049,1605,2023-11-01,present,0
16050,1605,2023-10-04,present,0
16051,1606,2024-06-10,present,0
16052,1606,2024-05-31,present,0
16053,1606,2024-02-27,present,0
16054,1606,2023-12-04,present,0
16055,1606,2024-04-05,present,0
16056,1606,2023-09-22,present,0
16057,1606,2023-09-26,present,0
16058,1606,2023-09-27,present,0
16059,1606,2024-01-01,present,0
16060,1606,2024-03-21,present,0
16061,1607,2024-11-05,present,0
16062,1607,2025-03-14,present,0
16063,1607,2025-02-07,present,0
16064,1607,2025-04-23,present,0
16065,1607,2025-05-02,present,0
16066,1607,2025-02-03,present,0
16067,1607,2025-04-28,present,0
16068,1607,2024-12-25,present,0
16069,1607,2024-11-25,late,20
16070,1607,2025-05-20,present,0
16071,1608,2024-06-03,present,0
16072,1608,2024-05-01,absent,0
16073,1608,2024-03-20,present,0
16074,1608,2024-04-08,present,0
16075,1608,2024-02-23,present,0
16076,1608,2024-04-26,present,0
16077,1608,2024-05-17,present,0
16078,1608,2024-03-19,present,0
16079,1608,2024-03-29,present,0
16080,1608,2024-04-01,present,0
16081,1609,2024-12-13,present,0
16082,1609,2024-11-28,present,0
16083,1609,2025-01-15,present,0
16084,1609,2024-12-25,present,0
16085,1609,2025-05-22,present,0
16086,1609,2024-11-04,present,0
16087,1609,2024-11-04,present,0
16088,1609,2025-04-24,present,0
16089,1609,2025-03-28,present,0
16090,1609,2025-06-18,present,0
16091,1610,2025-04-17,present,0
16092,1610,2025-02-10,present,0
16093,1610,2025-01-09,absent,0
16094,1610,2025-05-26,absent,0
16095,1610,2024-11-11,present,0
16096,1610,2024-11-05,present,0
16097,1610,2025-02-26,present,0
16098,1610,2025-06-09,excused,0
16099,1610,2024-12-02,late,29
16100,1610,2025-06-10,present,0
16101,1611,2025-04-08,present,0
16102,1611,2025-06-17,present,0
16103,1611,2025-03-18,present,0
16104,1611,2025-04-11,absent,0
16105,1611,2024-09-13,present,0
16106,1611,2025-02-04,present,0
16107,1611,2024-09-27,late,26
16108,1611,2025-01-13,present,0
16109,1611,2025-05-16,absent,0
16110,1611,2025-04-17,late,33
16111,1612,2025-02-26,present,0
16112,1612,2024-11-29,present,0
16113,1612,2025-02-10,present,0
16114,1612,2025-04-03,present,0
16115,1612,2024-10-07,present,0
16116,1612,2025-03-04,present,0
16117,1612,2025-02-24,absent,0
16118,1612,2025-02-28,present,0
16119,1612,2025-03-10,present,0
16120,1612,2025-03-20,present,0
16121,1613,2023-05-12,present,0
16122,1613,2023-02-07,present,0
16123,1613,2023-04-03,present,0
16124,1613,2023-01-05,absent,0
16125,1613,2023-04-24,present,0
16126,1613,2022-10-11,present,0
16127,1613,2023-05-11,excused,0
16128,1613,2023-01-16,present,0
16129,1613,2022-12-29,absent,0
16130,1613,2022-10-25,present,0
16131,1614,2025-02-03,late,32
16132,1614,2024-12-26,present,0
16133,1614,2024-10-07,present,0
16134,1614,2025-04-01,present,0
16135,1614,2024-12-06,present,0
16136,1614,2024-12-18,present,0
16137,1614,2025-02-19,present,0
16138,1614,2025-03-19,present,0
16139,1614,2025-03-24,present,0
16140,1614,2024-12-02,present,0
16141,1615,2023-03-01,present,0
16142,1615,2022-11-11,present,0
16143,1615,2022-12-19,present,0
16144,1615,2022-11-25,present,0
16145,1615,2022-12-19,present,0
16146,1615,2022-09-19,present,0
16147,1615,2023-02-06,present,0
16148,1615,2023-05-09,present,0
16149,1615,2023-04-04,present,0
16150,1615,2022-12-19,absent,0
16151,1616,2024-04-05,present,0
16152,1616,2024-01-08,present,0
16153,1616,2024-01-01,present,0
16154,1616,2023-10-16,present,0
16155,1616,2023-12-26,present,0
16156,1616,2023-09-13,present,0
16157,1616,2023-10-02,present,0
16158,1616,2024-01-31,present,0
16159,1616,2024-04-08,present,0
16160,1616,2024-06-19,present,0
16161,1617,2023-01-26,present,0
16162,1617,2023-02-28,present,0
16163,1617,2023-06-08,present,0
16164,1617,2023-01-30,present,0
16165,1617,2023-05-23,present,0
16166,1617,2023-04-17,present,0
16167,1617,2023-03-06,present,0
16168,1617,2023-06-02,present,0
16169,1617,2023-05-26,present,0
16170,1617,2022-12-30,present,0
16171,1618,2024-11-08,present,0
16172,1618,2025-06-20,present,0
16173,1618,2025-05-12,excused,0
16174,1618,2025-02-03,present,0
16175,1618,2025-06-16,excused,0
16176,1618,2025-05-12,late,8
16177,1618,2024-11-14,present,0
16178,1618,2025-05-26,present,0
16179,1618,2024-09-30,present,0
16180,1618,2024-10-01,present,0
16181,1619,2025-02-07,late,12
16182,1619,2025-04-07,present,0
16183,1619,2025-01-29,present,0
16184,1619,2025-05-13,present,0
16185,1619,2025-06-12,present,0
16186,1619,2024-09-25,present,0
16187,1619,2024-11-19,late,20
16188,1619,2024-12-18,present,0
16189,1619,2025-01-22,present,0
16190,1619,2025-03-26,present,0
16191,1620,2023-12-06,present,0
16192,1620,2024-01-15,present,0
16193,1620,2023-12-07,excused,0
16194,1620,2023-12-25,present,0
16195,1620,2023-11-06,present,0
16196,1620,2023-11-06,late,11
16197,1620,2024-03-18,present,0
16198,1620,2023-09-25,present,0
16199,1620,2024-02-08,present,0
16200,1620,2023-10-30,present,0
16201,1621,2024-11-12,present,0
16202,1621,2024-12-30,present,0
16203,1621,2025-06-16,absent,0
16204,1621,2025-05-05,present,0
16205,1621,2025-03-03,present,0
16206,1621,2025-01-29,present,0
16207,1621,2024-09-24,present,0
16208,1621,2025-05-19,absent,0
16209,1621,2024-11-18,present,0
16210,1621,2025-06-09,present,0
16211,1622,2024-12-18,present,0
16212,1622,2025-05-19,present,0
16213,1622,2024-11-11,present,0
16214,1622,2025-04-07,present,0
16215,1622,2024-09-16,present,0
16216,1622,2025-03-19,present,0
16217,1622,2025-05-14,late,18
16218,1622,2025-06-18,absent,0
16219,1622,2024-09-16,present,0
16220,1622,2025-04-18,present,0
16221,1623,2024-05-27,present,0
16222,1623,2023-10-09,present,0
16223,1623,2024-06-10,present,0
16224,1623,2023-10-09,present,0
16225,1623,2024-04-19,present,0
16226,1623,2024-03-14,present,0
16227,1623,2024-06-17,present,0
16228,1623,2024-02-01,present,0
16229,1623,2023-09-29,present,0
16230,1623,2023-11-27,present,0
16231,1624,2022-12-22,present,0
16232,1624,2023-01-25,present,0
16233,1624,2022-12-13,absent,0
16234,1624,2022-11-18,present,0
16235,1624,2023-04-20,present,0
16236,1624,2023-02-17,excused,0
16237,1624,2022-11-11,present,0
16238,1624,2023-01-16,present,0
16239,1624,2023-04-07,present,0
16240,1624,2022-12-05,present,0
16241,1625,2022-12-22,absent,0
16242,1625,2023-04-19,present,0
16243,1625,2022-11-16,present,0
16244,1625,2022-10-04,present,0
16245,1625,2022-12-16,late,14
16246,1625,2023-06-19,present,0
16247,1625,2022-11-30,present,0
16248,1625,2022-10-17,present,0
16249,1625,2023-01-09,present,0
16250,1625,2023-06-12,present,0
16251,1626,2025-05-12,present,0
16252,1626,2025-03-18,present,0
16253,1626,2025-01-30,present,0
16254,1626,2024-12-04,present,0
16255,1626,2025-06-09,present,0
16256,1626,2024-12-27,present,0
16257,1626,2025-01-30,late,8
16258,1626,2024-10-01,present,0
16259,1626,2025-05-22,present,0
16260,1626,2025-02-10,present,0
16261,1627,2023-05-08,absent,0
16262,1627,2023-06-14,present,0
16263,1627,2022-10-18,present,0
16264,1627,2022-12-02,absent,0
16265,1627,2023-05-15,present,0
16266,1627,2022-10-21,present,0
16267,1627,2022-11-29,absent,0
16268,1627,2022-09-26,present,0
16269,1627,2022-10-04,present,0
16270,1627,2023-04-24,absent,0
16271,1628,2025-06-11,excused,0
16272,1628,2024-12-16,present,0
16273,1628,2025-04-04,present,0
16274,1628,2024-10-10,present,0
16275,1628,2025-02-06,present,0
16276,1628,2025-05-29,present,0
16277,1628,2025-06-03,present,0
16278,1628,2024-12-09,present,0
16279,1628,2024-11-12,present,0
16280,1628,2025-03-26,present,0
16281,1629,2024-09-30,absent,0
16282,1629,2025-04-17,present,0
16283,1629,2024-09-30,present,0
16284,1629,2025-03-13,present,0
16285,1629,2025-05-05,present,0
16286,1629,2025-05-20,present,0
16287,1629,2024-11-28,present,0
16288,1629,2025-03-18,present,0
16289,1629,2025-02-10,present,0
16290,1629,2025-05-28,present,0
16291,1630,2025-06-20,present,0
16292,1630,2024-12-13,present,0
16293,1630,2025-04-28,present,0
16294,1630,2024-12-10,present,0
16295,1630,2024-11-01,present,0
16296,1630,2025-03-27,present,0
16297,1630,2025-05-14,present,0
16298,1630,2025-04-21,present,0
16299,1630,2024-12-02,present,0
16300,1630,2025-04-22,present,0
16301,1631,2024-05-09,present,0
16302,1631,2023-12-22,present,0
16303,1631,2024-03-11,late,21
16304,1631,2023-11-15,present,0
16305,1631,2024-02-12,present,0
16306,1631,2024-02-23,late,24
16307,1631,2023-11-07,present,0
16308,1631,2024-04-30,present,0
16309,1631,2023-10-02,present,0
16310,1631,2024-01-10,present,0
16311,1632,2023-09-12,present,0
16312,1632,2024-02-19,present,0
16313,1632,2024-05-27,present,0
16314,1632,2024-02-26,present,0
16315,1632,2024-05-29,present,0
16316,1632,2024-03-29,present,0
16317,1632,2024-01-12,present,0
16318,1632,2024-01-15,present,0
16319,1632,2023-12-29,present,0
16320,1632,2023-11-20,present,0
16321,1633,2024-11-20,absent,0
16322,1633,2025-02-13,present,0
16323,1633,2025-05-20,present,0
16324,1633,2024-11-04,present,0
16325,1633,2024-12-31,present,0
16326,1633,2024-11-04,excused,0
16327,1633,2024-12-04,present,0
16328,1633,2024-10-14,present,0
16329,1633,2025-03-04,present,0
16330,1633,2024-10-14,present,0
16331,1634,2023-11-06,excused,0
16332,1634,2024-01-22,present,0
16333,1634,2024-05-22,present,0
16334,1634,2024-05-07,present,0
16335,1634,2024-02-01,present,0
16336,1634,2024-05-17,present,0
16337,1634,2024-01-22,present,0
16338,1634,2024-05-28,present,0
16339,1634,2024-02-23,present,0
16340,1634,2023-11-06,present,0
16341,1635,2023-12-11,late,24
16342,1635,2023-10-10,present,0
16343,1635,2024-04-19,present,0
16344,1635,2023-12-04,present,0
16345,1635,2023-11-29,present,0
16346,1635,2023-12-11,present,0
16347,1635,2024-05-23,present,0
16348,1635,2024-06-18,present,0
16349,1635,2024-03-27,late,10
16350,1635,2024-05-14,late,22
16351,1636,2022-12-06,present,0
16352,1636,2022-11-04,present,0
16353,1636,2023-04-13,present,0
16354,1636,2023-05-24,present,0
16355,1636,2023-05-11,present,0
16356,1636,2022-12-09,present,0
16357,1636,2023-05-29,present,0
16358,1636,2023-04-10,present,0
16359,1636,2023-01-13,present,0
16360,1636,2023-01-23,present,0
16361,1637,2023-10-03,present,0
16362,1637,2023-12-04,present,0
16363,1637,2023-10-10,present,0
16364,1637,2024-02-12,present,0
16365,1637,2024-01-15,present,0
16366,1637,2024-04-15,present,0
16367,1637,2023-10-27,present,0
16368,1637,2024-04-15,present,0
16369,1637,2024-04-17,present,0
16370,1637,2024-03-04,present,0
16371,1638,2022-12-05,present,0
16372,1638,2023-03-10,present,0
16373,1638,2023-04-04,present,0
16374,1638,2022-09-26,present,0
16375,1638,2023-05-19,present,0
16376,1638,2022-12-12,present,0
16377,1638,2023-05-29,present,0
16378,1638,2023-01-16,late,26
16379,1638,2023-06-09,present,0
16380,1638,2022-12-28,present,0
16381,1639,2024-04-09,present,0
16382,1639,2024-01-18,present,0
16383,1639,2023-09-25,present,0
16384,1639,2023-11-20,present,0
16385,1639,2023-12-18,present,0
16386,1639,2024-04-24,present,0
16387,1639,2024-04-26,present,0
16388,1639,2024-01-19,present,0
16389,1639,2024-05-10,present,0
16390,1639,2024-04-02,present,0
16391,1640,2025-05-15,present,0
16392,1640,2025-02-24,present,0
16393,1640,2025-05-19,present,0
16394,1640,2024-11-15,absent,0
16395,1640,2025-05-20,present,0
16396,1640,2024-11-18,present,0
16397,1640,2025-04-01,present,0
16398,1640,2025-03-06,late,6
16399,1640,2024-11-22,present,0
16400,1640,2025-02-27,present,0
16401,1641,2022-10-26,present,0
16402,1641,2022-12-01,absent,0
16403,1641,2023-03-13,present,0
16404,1641,2023-04-17,excused,0
16405,1641,2022-10-17,present,0
16406,1641,2022-10-31,present,0
16407,1641,2023-01-13,present,0
16408,1641,2022-12-14,present,0
16409,1641,2022-10-03,present,0
16410,1641,2022-10-06,present,0
16411,1642,2024-05-03,present,0
16412,1642,2024-06-03,present,0
16413,1642,2023-12-25,present,0
16414,1642,2024-03-18,present,0
16415,1642,2024-03-27,present,0
16416,1642,2024-01-22,present,0
16417,1642,2024-01-22,present,0
16418,1642,2023-11-10,present,0
16419,1642,2024-06-17,present,0
16420,1642,2024-03-11,late,34
16421,1643,2024-06-17,present,0
16422,1643,2024-04-16,late,22
16423,1643,2024-03-28,present,0
16424,1643,2024-06-03,present,0
16425,1643,2024-03-12,present,0
16426,1643,2024-02-29,present,0
16427,1643,2024-01-24,present,0
16428,1643,2024-04-29,present,0
16429,1643,2024-02-08,present,0
16430,1643,2024-04-08,present,0
16431,1644,2025-02-07,present,0
16432,1644,2025-02-20,present,0
16433,1644,2024-12-30,present,0
16434,1644,2024-10-28,present,0
16435,1644,2024-11-04,present,0
16436,1644,2025-06-09,present,0
16437,1644,2025-04-28,present,0
16438,1644,2024-12-20,late,29
16439,1644,2025-03-17,excused,0
16440,1644,2025-03-19,present,0
16441,1645,2024-11-13,present,0
16442,1645,2024-10-07,present,0
16443,1645,2025-04-17,present,0
16444,1645,2025-05-07,present,0
16445,1645,2024-11-22,present,0
16446,1645,2024-12-24,present,0
16447,1645,2024-12-31,present,0
16448,1645,2025-04-29,present,0
16449,1645,2025-03-11,present,0
16450,1645,2025-06-09,present,0
16451,1646,2022-12-05,present,0
16452,1646,2023-02-06,present,0
16453,1646,2023-05-01,present,0
16454,1646,2023-01-02,present,0
16455,1646,2022-12-19,late,16
16456,1646,2023-05-22,present,0
16457,1646,2023-04-03,present,0
16458,1646,2023-04-24,present,0
16459,1646,2022-10-10,present,0
16460,1646,2023-02-15,present,0
16461,1647,2024-05-30,present,0
16462,1647,2023-11-24,present,0
16463,1647,2024-01-01,present,0
16464,1647,2023-10-09,late,22
16465,1647,2024-03-07,present,0
16466,1647,2024-04-05,present,0
16467,1647,2024-05-27,present,0
16468,1647,2024-03-18,present,0
16469,1647,2023-12-13,present,0
16470,1647,2024-01-09,present,0
16471,1648,2025-06-18,present,0
16472,1648,2025-06-04,present,0
16473,1648,2025-05-08,present,0
16474,1648,2024-10-25,present,0
16475,1648,2025-02-05,present,0
16476,1648,2025-05-05,present,0
16477,1648,2025-06-11,present,0
16478,1648,2025-04-01,present,0
16479,1648,2025-03-26,present,0
16480,1648,2024-11-19,present,0
16481,1649,2023-01-24,late,28
16482,1649,2022-09-26,present,0
16483,1649,2023-02-14,present,0
16484,1649,2022-12-16,present,0
16485,1649,2023-02-20,present,0
16486,1649,2022-10-03,present,0
16487,1649,2022-11-03,present,0
16488,1649,2023-06-15,present,0
16489,1649,2023-01-03,present,0
16490,1649,2022-09-12,present,0
16491,1650,2025-03-18,late,15
16492,1650,2024-12-02,present,0
16493,1650,2025-04-11,present,0
16494,1650,2025-03-25,present,0
16495,1650,2025-05-27,present,0
16496,1650,2025-03-19,present,0
16497,1650,2024-11-25,present,0
16498,1650,2025-03-07,present,0
16499,1650,2024-10-28,late,13
16500,1650,2024-09-30,present,0
16501,1651,2023-01-18,present,0
16502,1651,2022-09-09,present,0
16503,1651,2023-06-05,present,0
16504,1651,2022-12-09,present,0
16505,1651,2022-11-04,present,0
16506,1651,2022-11-11,present,0
16507,1651,2022-09-12,present,0
16508,1651,2022-10-20,present,0
16509,1651,2023-04-10,present,0
16510,1651,2022-10-10,present,0
16511,1652,2024-12-23,present,0
16512,1652,2024-09-30,present,0
16513,1652,2025-06-20,present,0
16514,1652,2024-10-14,late,28
16515,1652,2025-06-16,present,0
16516,1652,2024-09-30,present,0
16517,1652,2024-10-15,late,6
16518,1652,2025-02-12,present,0
16519,1652,2024-11-21,present,0
16520,1652,2024-10-21,present,0
16521,1653,2022-12-13,present,0
16522,1653,2023-04-04,present,0
16523,1653,2023-05-15,present,0
16524,1653,2023-04-14,present,0
16525,1653,2023-01-06,present,0
16526,1653,2022-09-29,excused,0
16527,1653,2023-04-10,late,31
16528,1653,2022-09-12,present,0
16529,1653,2022-10-25,present,0
16530,1653,2022-12-30,present,0
16531,1654,2023-12-08,present,0
16532,1654,2024-06-07,present,0
16533,1654,2024-05-16,present,0
16534,1654,2024-02-02,present,0
16535,1654,2024-01-19,present,0
16536,1654,2024-01-08,absent,0
16537,1654,2023-12-14,present,0
16538,1654,2024-04-29,present,0
16539,1654,2024-05-06,present,0
16540,1654,2024-03-28,present,0
16541,1655,2023-01-25,present,0
16542,1655,2022-09-15,present,0
16543,1655,2023-05-15,present,0
16544,1655,2023-05-29,present,0
16545,1655,2022-10-04,present,0
16546,1655,2023-02-02,present,0
16547,1655,2022-11-29,present,0
16548,1655,2023-04-03,present,0
16549,1655,2023-02-09,late,20
16550,1655,2023-03-27,absent,0
16551,1656,2025-01-07,present,0
16552,1656,2024-12-20,present,0
16553,1656,2024-10-29,present,0
16554,1656,2025-02-25,present,0
16555,1656,2025-02-24,present,0
16556,1656,2025-02-21,present,0
16557,1656,2024-12-16,present,0
16558,1656,2025-05-05,present,0
16559,1656,2025-04-07,present,0
16560,1656,2024-12-16,absent,0
16561,1657,2023-04-10,present,0
16562,1657,2022-10-13,late,31
16563,1657,2023-06-12,present,0
16564,1657,2022-11-17,present,0
16565,1657,2023-01-09,present,0
16566,1657,2023-02-06,present,0
16567,1657,2022-11-28,present,0
16568,1657,2023-06-12,present,0
16569,1657,2022-10-20,present,0
16570,1657,2023-06-06,present,0
16571,1658,2024-09-30,present,0
16572,1658,2025-02-12,present,0
16573,1658,2025-05-28,present,0
16574,1658,2025-05-19,present,0
16575,1658,2025-02-26,late,10
16576,1658,2025-01-30,present,0
16577,1658,2025-03-07,present,0
16578,1658,2025-02-28,present,0
16579,1658,2024-11-15,present,0
16580,1658,2024-11-11,present,0
16581,1659,2024-09-23,present,0
16582,1659,2024-12-16,present,0
16583,1659,2024-10-28,present,0
16584,1659,2024-10-31,present,0
16585,1659,2024-09-16,present,0
16586,1659,2024-10-22,present,0
16587,1659,2025-04-14,present,0
16588,1659,2024-12-13,late,27
16589,1659,2024-12-09,present,0
16590,1659,2025-03-27,present,0
16591,1660,2023-05-02,present,0
16592,1660,2022-12-19,present,0
16593,1660,2023-05-01,present,0
16594,1660,2022-09-26,present,0
16595,1660,2023-02-02,present,0
16596,1660,2022-10-17,present,0
16597,1660,2023-02-27,present,0
16598,1660,2022-09-26,present,0
16599,1660,2023-01-16,present,0
16600,1660,2023-04-10,late,17
16601,1661,2024-09-19,present,0
16602,1661,2025-05-01,present,0
16603,1661,2025-04-23,present,0
16604,1661,2025-01-17,present,0
16605,1661,2024-10-14,present,0
16606,1661,2025-06-05,present,0
16607,1661,2024-12-27,present,0
16608,1661,2025-04-04,present,0
16609,1661,2025-04-21,late,27
16610,1661,2025-01-01,present,0
16611,1662,2023-04-27,present,0
16612,1662,2022-12-05,present,0
16613,1662,2022-09-19,present,0
16614,1662,2023-02-06,present,0
16615,1662,2022-11-01,present,0
16616,1662,2022-09-16,present,0
16617,1662,2023-04-04,present,0
16618,1662,2022-11-21,present,0
16619,1662,2022-11-14,present,0
16620,1662,2023-05-17,present,0
16621,1663,2023-05-15,absent,0
16622,1663,2023-04-07,present,0
16623,1663,2023-03-20,late,29
16624,1663,2022-10-10,present,0
16625,1663,2023-04-20,present,0
16626,1663,2022-12-29,present,0
16627,1663,2023-05-01,present,0
16628,1663,2023-06-15,present,0
16629,1663,2023-05-17,present,0
16630,1663,2022-12-27,present,0
16631,1664,2024-04-17,present,0
16632,1664,2024-03-29,present,0
16633,1664,2024-06-10,present,0
16634,1664,2023-09-21,present,0
16635,1664,2023-11-02,late,28
16636,1664,2024-03-29,present,0
16637,1664,2023-09-28,present,0
16638,1664,2024-03-26,present,0
16639,1664,2024-03-25,present,0
16640,1664,2023-10-30,present,0
16641,1665,2024-10-14,present,0
16642,1665,2024-09-23,present,0
16643,1665,2025-05-08,present,0
16644,1665,2024-12-31,present,0
16645,1665,2025-01-09,present,0
16646,1665,2025-05-27,present,0
16647,1665,2024-12-13,present,0
16648,1665,2025-04-09,present,0
16649,1665,2025-02-03,present,0
16650,1665,2025-03-27,present,0
16651,1666,2023-05-26,present,0
16652,1666,2022-10-05,present,0
16653,1666,2022-11-01,present,0
16654,1666,2022-10-19,present,0
16655,1666,2022-12-26,present,0
16656,1666,2022-09-26,late,35
16657,1666,2023-05-23,present,0
16658,1666,2023-06-06,present,0
16659,1666,2022-09-28,late,24
16660,1666,2023-04-06,present,0
16661,1667,2025-02-04,present,0
16662,1667,2025-01-20,absent,0
16663,1667,2025-01-20,present,0
16664,1667,2025-04-29,present,0
16665,1667,2025-05-28,present,0
16666,1667,2025-03-31,late,27
16667,1667,2025-04-30,present,0
16668,1667,2024-10-14,absent,0
16669,1667,2025-02-28,present,0
16670,1667,2024-10-28,present,0
16671,1668,2023-04-10,present,0
16672,1668,2022-09-19,present,0
16673,1668,2023-05-18,present,0
16674,1668,2023-03-27,present,0
16675,1668,2023-04-10,present,0
16676,1668,2022-11-14,present,0
16677,1668,2023-06-09,present,0
16678,1668,2022-10-24,present,0
16679,1668,2023-05-31,present,0
16680,1668,2023-03-13,present,0
16681,1669,2023-02-13,absent,0
16682,1669,2023-03-22,absent,0
16683,1669,2022-10-03,excused,0
16684,1669,2023-03-01,present,0
16685,1669,2022-10-27,present,0
16686,1669,2022-10-03,present,0
16687,1669,2022-12-05,present,0
16688,1669,2022-12-12,present,0
16689,1669,2022-09-19,present,0
16690,1669,2023-01-02,present,0
16691,1670,2023-06-20,present,0
16692,1670,2022-11-29,present,0
16693,1670,2022-10-24,present,0
16694,1670,2023-05-08,absent,0
16695,1670,2023-06-16,present,0
16696,1670,2022-09-28,present,0
16697,1670,2023-01-12,absent,0
16698,1670,2022-12-26,late,33
16699,1670,2023-03-27,present,0
16700,1670,2023-01-09,absent,0
16701,1671,2023-12-11,present,0
16702,1671,2024-05-23,present,0
16703,1671,2024-01-26,present,0
16704,1671,2023-09-18,present,0
16705,1671,2024-04-15,present,0
16706,1671,2023-11-10,present,0
16707,1671,2024-05-22,late,6
16708,1671,2024-03-05,present,0
16709,1671,2023-10-23,present,0
16710,1671,2023-11-01,present,0
16711,1672,2024-04-05,present,0
16712,1672,2024-02-12,excused,0
16713,1672,2023-11-14,present,0
16714,1672,2023-11-28,absent,0
16715,1672,2024-04-17,present,0
16716,1672,2024-02-05,present,0
16717,1672,2023-12-22,absent,0
16718,1672,2023-09-22,present,0
16719,1672,2024-05-02,absent,0
16720,1672,2023-09-14,excused,0
16721,1673,2023-02-13,present,0
16722,1673,2022-12-26,present,0
16723,1673,2023-02-14,present,0
16724,1673,2023-02-28,present,0
16725,1673,2023-05-26,present,0
16726,1673,2023-03-28,present,0
16727,1673,2023-01-09,present,0
16728,1673,2023-02-15,absent,0
16729,1673,2022-10-07,present,0
16730,1673,2022-09-22,present,0
16731,1674,2023-03-15,present,0
16732,1674,2023-02-14,present,0
16733,1674,2023-04-14,present,0
16734,1674,2022-11-16,present,0
16735,1674,2023-03-28,present,0
16736,1674,2023-03-15,present,0
16737,1674,2022-09-15,present,0
16738,1674,2023-04-17,present,0
16739,1674,2022-11-11,present,0
16740,1674,2023-06-12,present,0
16741,1675,2025-05-12,present,0
16742,1675,2024-10-18,present,0
16743,1675,2025-02-13,present,0
16744,1675,2025-04-24,present,0
16745,1675,2025-01-24,present,0
16746,1675,2025-05-29,present,0
16747,1675,2024-10-22,present,0
16748,1675,2025-01-03,present,0
16749,1675,2025-01-02,present,0
16750,1675,2025-02-17,present,0
16751,1676,2024-11-29,late,25
16752,1676,2024-09-16,present,0
16753,1676,2025-05-09,present,0
16754,1676,2024-10-14,present,0
16755,1676,2024-12-11,present,0
16756,1676,2025-06-02,present,0
16757,1676,2024-11-14,present,0
16758,1676,2025-03-25,present,0
16759,1676,2024-11-04,present,0
16760,1676,2024-09-16,present,0
16761,1677,2024-12-24,late,17
16762,1677,2024-10-21,late,21
16763,1677,2025-04-30,present,0
16764,1677,2025-03-05,present,0
16765,1677,2025-01-08,present,0
16766,1677,2025-04-10,present,0
16767,1677,2025-02-26,present,0
16768,1677,2025-01-29,present,0
16769,1677,2024-12-26,present,0
16770,1677,2025-02-27,present,0
16771,1678,2022-12-12,present,0
16772,1678,2023-06-20,present,0
16773,1678,2023-03-20,present,0
16774,1678,2023-04-18,present,0
16775,1678,2022-11-23,present,0
16776,1678,2022-12-14,present,0
16777,1678,2022-09-15,present,0
16778,1678,2022-11-17,present,0
16779,1678,2022-10-03,present,0
16780,1678,2022-11-28,excused,0
16781,1679,2024-02-15,present,0
16782,1679,2024-02-23,present,0
16783,1679,2023-11-22,present,0
16784,1679,2023-12-25,present,0
16785,1679,2024-05-06,present,0
16786,1679,2023-10-30,present,0
16787,1679,2023-10-24,late,28
16788,1679,2024-03-22,absent,0
16789,1679,2024-04-11,present,0
16790,1679,2024-02-05,present,0
16791,1680,2025-05-19,present,0
16792,1680,2025-01-17,present,0
16793,1680,2025-01-31,present,0
16794,1680,2025-06-10,absent,0
16795,1680,2024-11-04,late,8
16796,1680,2025-03-31,present,0
16797,1680,2024-10-09,present,0
16798,1680,2024-10-15,excused,0
16799,1680,2025-01-24,present,0
16800,1680,2024-10-08,present,0
16801,1681,2024-06-13,present,0
16802,1681,2023-09-25,present,0
16803,1681,2024-03-04,present,0
16804,1681,2024-03-27,present,0
16805,1681,2024-04-12,present,0
16806,1681,2024-06-03,present,0
16807,1681,2023-10-23,present,0
16808,1681,2024-05-02,present,0
16809,1681,2024-04-01,present,0
16810,1681,2024-06-10,present,0
16811,1682,2025-02-17,present,0
16812,1682,2025-03-18,present,0
16813,1682,2025-05-26,present,0
16814,1682,2024-09-27,present,0
16815,1682,2025-06-16,present,0
16816,1682,2024-11-04,present,0
16817,1682,2024-12-02,present,0
16818,1682,2025-06-20,late,30
16819,1682,2024-11-19,present,0
16820,1682,2024-11-13,present,0
16821,1683,2023-01-09,late,19
16822,1683,2022-10-18,present,0
16823,1683,2022-11-21,present,0
16824,1683,2022-11-01,present,0
16825,1683,2023-05-01,present,0
16826,1683,2023-02-13,present,0
16827,1683,2022-12-19,excused,0
16828,1683,2022-09-14,present,0
16829,1683,2023-02-20,present,0
16830,1683,2023-04-05,present,0
16831,1684,2025-04-09,present,0
16832,1684,2024-11-26,present,0
16833,1684,2024-10-22,present,0
16834,1684,2025-05-05,present,0
16835,1684,2024-10-28,present,0
16836,1684,2024-11-20,present,0
16837,1684,2025-06-18,late,18
16838,1684,2025-01-24,present,0
16839,1684,2025-03-05,present,0
16840,1684,2025-03-10,present,0
16841,1685,2024-04-19,present,0
16842,1685,2024-01-19,present,0
16843,1685,2024-03-26,present,0
16844,1685,2023-10-23,present,0
16845,1685,2023-09-27,present,0
16846,1685,2023-11-02,present,0
16847,1685,2024-01-19,present,0
16848,1685,2024-02-12,present,0
16849,1685,2023-11-10,absent,0
16850,1685,2023-11-27,late,21
16851,1686,2024-01-26,present,0
16852,1686,2024-01-26,present,0
16853,1686,2024-06-03,present,0
16854,1686,2023-11-06,present,0
16855,1686,2023-10-12,absent,0
16856,1686,2024-01-08,present,0
16857,1686,2024-03-20,absent,0
16858,1686,2024-04-04,present,0
16859,1686,2024-04-01,present,0
16860,1686,2024-03-20,present,0
16861,1687,2022-12-02,present,0
16862,1687,2022-11-07,present,0
16863,1687,2023-04-17,present,0
16864,1687,2023-03-15,absent,0
16865,1687,2023-05-25,present,0
16866,1687,2023-01-09,present,0
16867,1687,2022-09-26,absent,0
16868,1687,2023-05-01,absent,0
16869,1687,2022-09-26,present,0
16870,1687,2022-10-03,absent,0
16871,1688,2022-10-27,late,25
16872,1688,2023-06-07,present,0
16873,1688,2023-01-24,present,0
16874,1688,2023-04-03,present,0
16875,1688,2023-03-23,present,0
16876,1688,2022-09-09,present,0
16877,1688,2022-09-19,present,0
16878,1688,2023-04-17,present,0
16879,1688,2022-12-13,present,0
16880,1688,2023-03-28,present,0
16881,1689,2023-02-28,present,0
16882,1689,2023-05-15,present,0
16883,1689,2022-09-13,present,0
16884,1689,2022-10-06,present,0
16885,1689,2023-05-29,present,0
16886,1689,2023-05-25,present,0
16887,1689,2023-03-15,present,0
16888,1689,2023-05-10,present,0
16889,1689,2023-03-13,present,0
16890,1689,2022-12-28,present,0
16891,1690,2025-04-21,present,0
16892,1690,2025-04-02,present,0
16893,1690,2025-02-19,present,0
16894,1690,2024-12-23,present,0
16895,1690,2024-09-16,present,0
16896,1690,2025-01-27,present,0
16897,1690,2025-02-03,late,22
16898,1690,2024-12-16,present,0
16899,1690,2024-12-16,present,0
16900,1690,2025-01-20,present,0
16901,1691,2024-03-18,present,0
16902,1691,2024-02-26,present,0
16903,1691,2024-02-05,excused,0
16904,1691,2024-04-25,present,0
16905,1691,2024-03-11,present,0
16906,1691,2023-09-21,present,0
16907,1691,2024-03-06,present,0
16908,1691,2023-10-02,present,0
16909,1691,2024-03-20,present,0
16910,1691,2023-12-26,present,0
16911,1692,2023-05-09,present,0
16912,1692,2023-02-14,present,0
16913,1692,2022-12-19,present,0
16914,1692,2022-09-12,present,0
16915,1692,2023-01-02,present,0
16916,1692,2022-12-16,present,0
16917,1692,2023-04-27,present,0
16918,1692,2022-10-13,present,0
16919,1692,2023-05-05,present,0
16920,1692,2023-06-07,present,0
16921,1693,2022-12-23,present,0
16922,1693,2023-02-22,present,0
16923,1693,2023-05-29,present,0
16924,1693,2023-01-16,present,0
16925,1693,2023-01-03,present,0
16926,1693,2023-03-30,present,0
16927,1693,2022-11-01,present,0
16928,1693,2023-01-10,present,0
16929,1693,2022-09-12,present,0
16930,1693,2022-12-22,present,0
16931,1694,2024-03-25,present,0
16932,1694,2024-05-27,present,0
16933,1694,2024-05-20,present,0
16934,1694,2023-10-16,present,0
16935,1694,2023-10-05,present,0
16936,1694,2023-11-20,present,0
16937,1694,2023-11-15,present,0
16938,1694,2024-02-26,present,0
16939,1694,2023-11-14,present,0
16940,1694,2023-09-18,present,0
16941,1695,2022-10-14,present,0
16942,1695,2023-03-15,present,0
16943,1695,2022-10-10,present,0
16944,1695,2023-05-15,present,0
16945,1695,2023-03-03,present,0
16946,1695,2022-10-07,present,0
16947,1695,2022-10-10,present,0
16948,1695,2023-06-09,present,0
16949,1695,2023-04-14,present,0
16950,1695,2023-04-04,present,0
16951,1696,2024-05-10,late,15
16952,1696,2023-11-21,present,0
16953,1696,2023-11-06,present,0
16954,1696,2023-11-17,present,0
16955,1696,2024-03-11,absent,0
16956,1696,2023-12-21,present,0
16957,1696,2024-05-27,present,0
16958,1696,2024-01-04,present,0
16959,1696,2024-03-29,present,0
16960,1696,2023-10-18,present,0
16961,1697,2023-05-22,present,0
16962,1697,2023-04-06,present,0
16963,1697,2023-02-07,absent,0
16964,1697,2023-06-12,present,0
16965,1697,2022-11-04,present,0
16966,1697,2023-03-27,present,0
16967,1697,2023-03-27,present,0
16968,1697,2023-03-15,present,0
16969,1697,2023-01-09,late,8
16970,1697,2023-02-08,present,0
16971,1698,2023-01-23,present,0
16972,1698,2023-01-27,present,0
16973,1698,2022-12-05,present,0
16974,1698,2023-04-19,present,0
16975,1698,2023-01-18,late,27
16976,1698,2023-01-09,present,0
16977,1698,2022-10-31,present,0
16978,1698,2023-05-05,absent,0
16979,1698,2023-01-04,present,0
16980,1698,2023-02-20,present,0
16981,1699,2024-06-14,present,0
16982,1699,2023-11-22,late,28
16983,1699,2024-01-15,present,0
16984,1699,2024-04-02,late,28
16985,1699,2024-06-17,present,0
16986,1699,2024-05-16,present,0
16987,1699,2024-03-06,present,0
16988,1699,2024-06-19,present,0
16989,1699,2024-04-08,present,0
16990,1699,2023-10-02,present,0
16991,1700,2023-11-16,present,0
16992,1700,2023-11-27,present,0
16993,1700,2024-05-24,present,0
16994,1700,2024-06-03,present,0
16995,1700,2024-05-07,present,0
16996,1700,2024-06-06,present,0
16997,1700,2024-01-17,present,0
16998,1700,2024-01-11,present,0
16999,1700,2023-11-20,present,0
17000,1700,2023-10-31,present,0
17001,1701,2024-12-23,present,0
17002,1701,2025-02-13,present,0
17003,1701,2025-01-30,excused,0
17004,1701,2024-10-07,present,0
17005,1701,2025-02-17,present,0
17006,1701,2025-03-20,present,0
17007,1701,2024-11-25,present,0
17008,1701,2025-03-17,present,0
17009,1701,2024-10-03,present,0
17010,1701,2025-03-20,present,0
17011,1702,2024-12-17,present,0
17012,1702,2025-04-24,present,0
17013,1702,2024-12-30,present,0
17014,1702,2025-01-22,late,31
17015,1702,2024-12-23,present,0
17016,1702,2025-03-13,present,0
17017,1702,2025-04-08,present,0
17018,1702,2025-06-20,present,0
17019,1702,2024-12-20,present,0
17020,1702,2024-11-01,present,0
17021,1703,2023-05-22,present,0
17022,1703,2022-10-04,present,0
17023,1703,2023-01-02,present,0
17024,1703,2023-06-05,present,0
17025,1703,2022-09-28,present,0
17026,1703,2023-05-22,late,33
17027,1703,2023-03-03,present,0
17028,1703,2023-06-07,present,0
17029,1703,2023-03-10,present,0
17030,1703,2022-12-23,present,0
17031,1704,2024-01-05,present,0
17032,1704,2023-12-18,present,0
17033,1704,2024-04-22,present,0
17034,1704,2023-10-02,present,0
17035,1704,2024-02-12,present,0
17036,1704,2024-05-16,present,0
17037,1704,2024-03-13,present,0
17038,1704,2024-03-28,present,0
17039,1704,2024-02-20,present,0
17040,1704,2024-02-23,present,0
17041,1705,2023-11-28,present,0
17042,1705,2024-06-14,present,0
17043,1705,2023-12-15,present,0
17044,1705,2023-12-07,present,0
17045,1705,2023-10-09,absent,0
17046,1705,2024-04-09,present,0
17047,1705,2024-05-03,present,0
17048,1705,2024-02-26,present,0
17049,1705,2023-11-28,present,0
17050,1705,2024-02-12,present,0
17051,1706,2024-12-13,present,0
17052,1706,2025-01-20,present,0
17053,1706,2024-11-22,absent,0
17054,1706,2024-09-19,present,0
17055,1706,2024-12-16,late,26
17056,1706,2025-03-06,absent,0
17057,1706,2025-01-27,present,0
17058,1706,2025-01-20,present,0
17059,1706,2024-12-30,present,0
17060,1706,2025-05-27,absent,0
17061,1707,2024-06-03,present,0
17062,1707,2024-04-24,absent,0
17063,1707,2024-04-15,present,0
17064,1707,2024-05-20,present,0
17065,1707,2023-11-13,late,26
17066,1707,2024-04-29,present,0
17067,1707,2024-05-08,present,0
17068,1707,2024-03-06,present,0
17069,1707,2023-09-25,present,0
17070,1707,2024-04-22,present,0
17071,1708,2022-11-01,absent,0
17072,1708,2022-11-02,present,0
17073,1708,2023-04-06,present,0
17074,1708,2023-05-29,present,0
17075,1708,2022-10-17,present,0
17076,1708,2023-02-15,present,0
17077,1708,2022-11-18,present,0
17078,1708,2023-05-26,present,0
17079,1708,2023-02-13,present,0
17080,1708,2022-12-05,present,0
17081,1709,2024-03-04,present,0
17082,1709,2024-01-12,present,0
17083,1709,2024-01-16,absent,0
17084,1709,2023-10-30,present,0
17085,1709,2024-05-27,present,0
17086,1709,2024-02-08,present,0
17087,1709,2023-11-14,absent,0
17088,1709,2023-10-09,present,0
17089,1709,2023-10-25,absent,0
17090,1709,2024-03-08,present,0
17091,1710,2022-11-08,present,0
17092,1710,2023-01-13,present,0
17093,1710,2022-09-19,present,0
17094,1710,2023-06-19,present,0
17095,1710,2022-12-28,present,0
17096,1710,2022-09-26,present,0
17097,1710,2023-01-09,present,0
17098,1710,2023-03-20,present,0
17099,1710,2023-05-16,present,0
17100,1710,2023-04-03,present,0
17101,1711,2024-03-14,present,0
17102,1711,2023-12-04,present,0
17103,1711,2024-06-13,present,0
17104,1711,2023-11-23,present,0
17105,1711,2024-02-21,late,32
17106,1711,2024-03-26,present,0
17107,1711,2024-02-23,present,0
17108,1711,2024-03-04,present,0
17109,1711,2024-04-02,late,6
17110,1711,2023-11-06,present,0
17111,1712,2022-10-03,present,0
17112,1712,2022-12-23,present,0
17113,1712,2023-02-27,present,0
17114,1712,2023-04-03,present,0
17115,1712,2023-01-03,late,33
17116,1712,2023-05-19,present,0
17117,1712,2022-09-27,present,0
17118,1712,2022-11-11,present,0
17119,1712,2022-12-16,present,0
17120,1712,2023-03-06,present,0
17121,1713,2023-03-27,present,0
17122,1713,2023-05-08,late,30
17123,1713,2023-05-22,present,0
17124,1713,2022-12-05,present,0
17125,1713,2022-09-16,present,0
17126,1713,2023-05-03,present,0
17127,1713,2023-04-10,present,0
17128,1713,2023-02-08,late,32
17129,1713,2023-01-16,present,0
17130,1713,2023-01-25,present,0
17131,1714,2023-04-19,present,0
17132,1714,2023-04-05,present,0
17133,1714,2022-09-23,present,0
17134,1714,2023-01-20,present,0
17135,1714,2023-03-28,present,0
17136,1714,2023-01-30,present,0
17137,1714,2022-11-09,present,0
17138,1714,2023-05-29,present,0
17139,1714,2023-03-10,present,0
17140,1714,2023-05-10,present,0
17141,1715,2023-03-27,present,0
17142,1715,2023-03-31,present,0
17143,1715,2022-09-20,present,0
17144,1715,2022-11-17,present,0
17145,1715,2023-02-27,present,0
17146,1715,2022-10-10,present,0
17147,1715,2023-01-09,late,27
17148,1715,2023-02-03,present,0
17149,1715,2023-02-22,present,0
17150,1715,2023-03-06,present,0
17151,1716,2023-11-20,present,0
17152,1716,2024-02-01,present,0
17153,1716,2023-11-13,present,0
17154,1716,2023-10-18,present,0
17155,1716,2024-06-12,present,0
17156,1716,2023-12-08,present,0
17157,1716,2024-01-26,present,0
17158,1716,2023-09-27,present,0
17159,1716,2023-10-06,present,0
17160,1716,2024-06-10,present,0
17161,1717,2024-03-19,present,0
17162,1717,2024-01-30,present,0
17163,1717,2023-11-07,present,0
17164,1717,2024-04-29,present,0
17165,1717,2024-03-25,present,0
17166,1717,2024-05-08,present,0
17167,1717,2024-04-29,present,0
17168,1717,2024-04-08,present,0
17169,1717,2024-01-08,late,20
17170,1717,2024-01-23,present,0
17171,1718,2025-01-06,excused,0
17172,1718,2024-12-09,present,0
17173,1718,2025-01-24,present,0
17174,1718,2025-02-05,present,0
17175,1718,2024-10-21,late,19
17176,1718,2024-09-10,present,0
17177,1718,2025-01-20,present,0
17178,1718,2025-02-10,present,0
17179,1718,2025-06-04,present,0
17180,1718,2025-04-24,present,0
17181,1719,2025-04-14,present,0
17182,1719,2025-02-03,present,0
17183,1719,2024-12-26,present,0
17184,1719,2024-09-25,present,0
17185,1719,2024-11-11,present,0
17186,1719,2025-04-21,present,0
17187,1719,2025-02-20,present,0
17188,1719,2025-03-31,present,0
17189,1719,2025-06-11,present,0
17190,1719,2024-10-02,present,0
17191,1720,2023-12-25,present,0
17192,1720,2023-10-26,present,0
17193,1720,2024-05-27,present,0
17194,1720,2023-09-19,present,0
17195,1720,2024-02-05,present,0
17196,1720,2023-12-26,present,0
17197,1720,2024-03-25,present,0
17198,1720,2023-10-13,present,0
17199,1720,2023-09-11,present,0
17200,1720,2023-12-26,present,0
17201,1721,2024-12-17,present,0
17202,1721,2025-03-27,present,0
17203,1721,2024-11-14,present,0
17204,1721,2024-10-01,present,0
17205,1721,2025-04-30,present,0
17206,1721,2024-12-20,present,0
17207,1721,2025-01-20,present,0
17208,1721,2025-04-07,present,0
17209,1721,2025-04-01,present,0
17210,1721,2024-12-16,present,0
17211,1722,2023-04-03,present,0
17212,1722,2023-02-13,present,0
17213,1722,2022-11-14,present,0
17214,1722,2022-10-25,present,0
17215,1722,2023-04-24,late,20
17216,1722,2022-10-03,present,0
17217,1722,2023-06-16,present,0
17218,1722,2022-10-31,present,0
17219,1722,2023-01-26,present,0
17220,1722,2022-12-20,present,0
17221,1723,2022-12-27,absent,0
17222,1723,2023-03-08,excused,0
17223,1723,2022-09-15,present,0
17224,1723,2023-06-19,present,0
17225,1723,2023-04-18,late,27
17226,1723,2023-05-11,present,0
17227,1723,2023-05-05,present,0
17228,1723,2023-04-24,absent,0
17229,1723,2023-04-18,present,0
17230,1723,2022-09-26,present,0
17231,1724,2022-10-03,late,25
17232,1724,2022-09-12,present,0
17233,1724,2023-01-25,present,0
17234,1724,2023-01-27,present,0
17235,1724,2022-12-19,present,0
17236,1724,2023-05-08,present,0
17237,1724,2022-10-31,present,0
17238,1724,2022-12-02,present,0
17239,1724,2023-02-16,present,0
17240,1724,2023-02-07,present,0
17241,1725,2024-02-26,present,0
17242,1725,2024-06-19,late,11
17243,1725,2024-05-08,present,0
17244,1725,2023-10-06,present,0
17245,1725,2023-09-11,present,0
17246,1725,2023-10-19,present,0
17247,1725,2023-11-27,present,0
17248,1725,2024-02-16,present,0
17249,1725,2024-02-19,present,0
17250,1725,2024-02-23,present,0
17251,1726,2024-03-14,present,0
17252,1726,2024-02-05,present,0
17253,1726,2023-12-11,present,0
17254,1726,2023-11-27,present,0
17255,1726,2024-06-06,late,28
17256,1726,2024-01-10,present,0
17257,1726,2024-03-29,present,0
17258,1726,2024-01-16,present,0
17259,1726,2024-01-26,present,0
17260,1726,2023-10-31,present,0
17261,1727,2024-03-07,present,0
17262,1727,2024-05-06,present,0
17263,1727,2024-04-03,present,0
17264,1727,2024-06-14,present,0
17265,1727,2024-05-29,present,0
17266,1727,2024-04-01,present,0
17267,1727,2023-12-20,present,0
17268,1727,2024-05-20,present,0
17269,1727,2024-06-10,present,0
17270,1727,2023-12-27,present,0
17271,1728,2023-11-29,present,0
17272,1728,2023-11-09,present,0
17273,1728,2023-12-15,present,0
17274,1728,2024-04-11,present,0
17275,1728,2023-10-16,present,0
17276,1728,2024-04-23,present,0
17277,1728,2024-06-14,present,0
17278,1728,2024-04-11,late,33
17279,1728,2023-11-15,present,0
17280,1728,2024-06-10,present,0
17281,1729,2024-03-11,present,0
17282,1729,2023-10-24,late,26
17283,1729,2024-04-22,present,0
17284,1729,2023-12-01,present,0
17285,1729,2024-02-09,present,0
17286,1729,2023-09-27,present,0
17287,1729,2024-02-29,present,0
17288,1729,2024-06-20,present,0
17289,1729,2023-10-25,present,0
17290,1729,2024-04-01,present,0
17291,1730,2024-01-11,present,0
17292,1730,2024-02-13,present,0
17293,1730,2023-12-21,present,0
17294,1730,2024-02-05,present,0
17295,1730,2024-06-10,present,0
17296,1730,2024-01-05,present,0
17297,1730,2024-05-28,present,0
17298,1730,2023-10-27,present,0
17299,1730,2024-02-15,present,0
17300,1730,2023-12-27,present,0
17301,1731,2024-09-27,present,0
17302,1731,2024-09-09,present,0
17303,1731,2024-11-19,present,0
17304,1731,2025-02-05,present,0
17305,1731,2025-01-21,present,0
17306,1731,2024-10-16,present,0
17307,1731,2025-05-05,present,0
17308,1731,2025-04-07,present,0
17309,1731,2025-03-13,present,0
17310,1731,2024-11-25,present,0
17311,1732,2024-10-04,present,0
17312,1732,2025-05-14,present,0
17313,1732,2025-04-07,present,0
17314,1732,2024-09-23,present,0
17315,1732,2024-12-30,present,0
17316,1732,2025-04-02,present,0
17317,1732,2024-10-25,present,0
17318,1732,2025-02-17,present,0
17319,1732,2025-05-27,present,0
17320,1732,2025-03-31,present,0
17321,1733,2024-09-30,present,0
17322,1733,2025-02-10,present,0
17323,1733,2024-09-18,present,0
17324,1733,2025-06-10,present,0
17325,1733,2025-05-09,present,0
17326,1733,2025-03-19,present,0
17327,1733,2025-04-08,present,0
17328,1733,2024-11-26,present,0
17329,1733,2025-03-10,present,0
17330,1733,2025-01-14,present,0
17331,1734,2025-05-19,present,0
17332,1734,2025-02-03,present,0
17333,1734,2025-04-22,present,0
17334,1734,2024-09-19,present,0
17335,1734,2025-01-06,present,0
17336,1734,2024-10-07,present,0
17337,1734,2024-10-17,present,0
17338,1734,2025-05-05,present,0
17339,1734,2024-12-20,absent,0
17340,1734,2025-03-03,present,0
17341,1735,2023-05-17,present,0
17342,1735,2022-10-31,present,0
17343,1735,2023-05-03,present,0
17344,1735,2022-11-03,absent,0
17345,1735,2022-09-16,present,0
17346,1735,2022-12-05,absent,0
17347,1735,2022-12-21,late,15
17348,1735,2022-11-14,present,0
17349,1735,2023-01-16,present,0
17350,1735,2022-09-19,present,0
17351,1736,2025-02-17,present,0
17352,1736,2024-09-09,present,0
17353,1736,2024-12-31,present,0
17354,1736,2025-04-16,present,0
17355,1736,2025-04-07,present,0
17356,1736,2024-09-18,present,0
17357,1736,2024-12-16,present,0
17358,1736,2024-09-11,present,0
17359,1736,2024-10-28,present,0
17360,1736,2024-11-15,present,0
17361,1737,2024-04-22,present,0
17362,1737,2024-03-04,present,0
17363,1737,2024-02-16,present,0
17364,1737,2024-06-14,present,0
17365,1737,2024-03-11,present,0
17366,1737,2023-11-17,present,0
17367,1737,2024-05-21,present,0
17368,1737,2024-04-15,present,0
17369,1737,2024-02-15,present,0
17370,1737,2024-01-10,present,0
17371,1738,2025-05-13,excused,0
17372,1738,2024-12-19,present,0
17373,1738,2024-12-19,present,0
17374,1738,2025-01-06,excused,0
17375,1738,2024-09-11,present,0
17376,1738,2025-03-31,late,20
17377,1738,2025-05-07,present,0
17378,1738,2025-01-13,present,0
17379,1738,2025-04-28,present,0
17380,1738,2025-02-17,excused,0
17381,1739,2024-01-29,present,0
17382,1739,2024-01-02,present,0
17383,1739,2023-09-21,present,0
17384,1739,2024-06-19,present,0
17385,1739,2023-10-09,present,0
17386,1739,2024-04-04,present,0
17387,1739,2023-10-31,present,0
17388,1739,2024-04-15,present,0
17389,1739,2023-10-02,present,0
17390,1739,2023-12-18,present,0
17391,1740,2023-02-14,present,0
17392,1740,2023-02-20,absent,0
17393,1740,2022-12-21,present,0
17394,1740,2022-11-28,present,0
17395,1740,2023-01-09,present,0
17396,1740,2023-02-06,late,12
17397,1740,2023-04-14,present,0
17398,1740,2022-09-23,absent,0
17399,1740,2022-11-10,present,0
17400,1740,2023-02-24,present,0
17401,1741,2023-01-05,present,0
17402,1741,2022-10-13,present,0
17403,1741,2023-05-29,present,0
17404,1741,2023-06-05,present,0
17405,1741,2023-02-07,present,0
17406,1741,2023-02-16,present,0
17407,1741,2022-11-14,present,0
17408,1741,2023-04-03,present,0
17409,1741,2022-10-10,late,13
17410,1741,2022-09-14,present,0
17411,1742,2024-10-22,present,0
17412,1742,2025-05-05,present,0
17413,1742,2025-02-20,present,0
17414,1742,2024-10-29,present,0
17415,1742,2025-02-28,present,0
17416,1742,2025-06-16,present,0
17417,1742,2025-05-26,present,0
17418,1742,2025-02-06,late,31
17419,1742,2024-11-12,excused,0
17420,1742,2024-09-23,present,0
17421,1743,2024-05-06,present,0
17422,1743,2024-02-09,present,0
17423,1743,2023-11-29,present,0
17424,1743,2023-12-15,present,0
17425,1743,2024-05-28,present,0
17426,1743,2024-02-29,present,0
17427,1743,2024-03-27,present,0
17428,1743,2024-03-13,present,0
17429,1743,2023-10-03,present,0
17430,1743,2024-03-11,absent,0
17431,1744,2025-06-16,present,0
17432,1744,2025-02-14,present,0
17433,1744,2025-06-09,present,0
17434,1744,2025-04-24,late,6
17435,1744,2025-04-28,present,0
17436,1744,2024-11-25,present,0
17437,1744,2025-05-28,present,0
17438,1744,2024-10-21,present,0
17439,1744,2025-02-24,present,0
17440,1744,2025-03-20,present,0
17441,1745,2023-01-11,present,0
17442,1745,2023-02-06,present,0
17443,1745,2023-03-24,present,0
17444,1745,2022-11-16,present,0
17445,1745,2022-12-09,excused,0
17446,1745,2022-09-13,present,0
17447,1745,2023-05-31,present,0
17448,1745,2022-12-08,present,0
17449,1745,2022-12-05,absent,0
17450,1745,2022-11-04,present,0
17451,1746,2023-10-02,present,0
17452,1746,2024-06-10,present,0
17453,1746,2024-03-25,present,0
17454,1746,2023-12-06,present,0
17455,1746,2023-10-26,present,0
17456,1746,2023-12-11,present,0
17457,1746,2024-01-08,present,0
17458,1746,2023-11-20,present,0
17459,1746,2023-10-11,present,0
17460,1746,2024-05-03,present,0
17461,1747,2024-04-16,present,0
17462,1747,2023-12-25,present,0
17463,1747,2024-01-26,present,0
17464,1747,2023-09-18,present,0
17465,1747,2024-04-05,present,0
17466,1747,2024-05-20,present,0
17467,1747,2024-01-18,present,0
17468,1747,2024-01-30,present,0
17469,1747,2024-02-23,present,0
17470,1747,2024-05-09,present,0
17471,1748,2023-02-02,present,0
17472,1748,2022-12-09,late,35
17473,1748,2023-05-01,present,0
17474,1748,2022-12-26,present,0
17475,1748,2022-12-30,present,0
17476,1748,2023-03-06,present,0
17477,1748,2022-12-30,present,0
17478,1748,2023-03-06,present,0
17479,1748,2023-02-09,present,0
17480,1748,2023-04-06,late,28
17481,1749,2022-10-07,present,0
17482,1749,2023-04-24,present,0
17483,1749,2023-04-14,present,0
17484,1749,2022-10-07,present,0
17485,1749,2023-01-13,present,0
17486,1749,2023-02-21,present,0
17487,1749,2022-10-25,present,0
17488,1749,2023-03-29,present,0
17489,1749,2023-06-19,late,11
17490,1749,2023-03-08,present,0
17491,1750,2023-11-27,present,0
17492,1750,2023-10-11,present,0
17493,1750,2023-12-29,present,0
17494,1750,2024-02-27,present,0
17495,1750,2023-11-13,present,0
17496,1750,2024-02-12,present,0
17497,1750,2024-05-29,present,0
17498,1750,2024-04-08,present,0
17499,1750,2024-03-01,late,34
17500,1750,2024-03-19,present,0
17501,1751,2022-09-30,present,0
17502,1751,2022-12-19,present,0
17503,1751,2023-03-22,present,0
17504,1751,2023-04-27,absent,0
17505,1751,2022-10-03,present,0
17506,1751,2023-03-06,present,0
17507,1751,2023-03-21,present,0
17508,1751,2023-05-22,late,14
17509,1751,2022-11-09,late,32
17510,1751,2023-05-01,present,0
17511,1752,2023-09-29,present,0
17512,1752,2024-05-13,present,0
17513,1752,2023-09-11,absent,0
17514,1752,2024-01-25,present,0
17515,1752,2024-04-22,present,0
17516,1752,2023-09-25,present,0
17517,1752,2023-11-17,present,0
17518,1752,2024-01-22,present,0
17519,1752,2024-05-09,present,0
17520,1752,2023-10-23,present,0
17521,1753,2023-01-02,present,0
17522,1753,2023-04-24,present,0
17523,1753,2023-02-06,late,28
17524,1753,2022-11-14,present,0
17525,1753,2023-01-03,present,0
17526,1753,2023-06-20,excused,0
17527,1753,2023-05-10,present,0
17528,1753,2022-09-14,present,0
17529,1753,2023-05-08,present,0
17530,1753,2023-05-15,excused,0
17531,1754,2024-04-08,present,0
17532,1754,2023-11-06,present,0
17533,1754,2024-01-05,present,0
17534,1754,2024-05-13,present,0
17535,1754,2023-10-12,present,0
17536,1754,2023-09-26,present,0
17537,1754,2024-03-19,present,0
17538,1754,2023-11-27,present,0
17539,1754,2023-11-21,present,0
17540,1754,2023-10-30,present,0
17541,1755,2024-05-20,late,6
17542,1755,2023-10-19,late,12
17543,1755,2024-02-12,present,0
17544,1755,2024-01-15,present,0
17545,1755,2024-04-30,present,0
17546,1755,2024-06-17,present,0
17547,1755,2024-02-22,present,0
17548,1755,2024-02-05,present,0
17549,1755,2024-01-01,present,0
17550,1755,2024-01-12,present,0
17551,1756,2023-10-04,present,0
17552,1756,2023-10-26,present,0
17553,1756,2024-02-06,present,0
17554,1756,2024-01-30,present,0
17555,1756,2023-10-16,present,0
17556,1756,2024-01-05,present,0
17557,1756,2024-03-04,present,0
17558,1756,2024-05-27,present,0
17559,1756,2023-09-12,late,34
17560,1756,2024-03-27,present,0
17561,1757,2022-09-26,present,0
17562,1757,2023-06-19,present,0
17563,1757,2023-05-03,present,0
17564,1757,2023-01-27,present,0
17565,1757,2023-05-01,present,0
17566,1757,2022-10-24,present,0
17567,1757,2023-03-03,present,0
17568,1757,2022-10-13,present,0
17569,1757,2023-03-08,present,0
17570,1757,2023-02-13,present,0
17571,1758,2024-02-12,present,0
17572,1758,2024-04-15,present,0
17573,1758,2023-10-30,present,0
17574,1758,2024-02-19,present,0
17575,1758,2024-05-14,present,0
17576,1758,2023-10-02,present,0
17577,1758,2024-02-07,present,0
17578,1758,2024-01-29,present,0
17579,1758,2023-10-23,present,0
17580,1758,2023-11-17,present,0
17581,1759,2023-04-03,present,0
17582,1759,2022-09-20,present,0
17583,1759,2023-04-25,present,0
17584,1759,2022-09-19,present,0
17585,1759,2022-09-22,present,0
17586,1759,2023-05-25,present,0
17587,1759,2022-10-17,present,0
17588,1759,2022-09-14,present,0
17589,1759,2022-11-08,present,0
17590,1759,2022-12-01,present,0
17591,1760,2024-01-22,present,0
17592,1760,2024-01-29,present,0
17593,1760,2023-12-04,excused,0
17594,1760,2024-06-11,present,0
17595,1760,2024-02-16,absent,0
17596,1760,2024-01-15,present,0
17597,1760,2024-02-12,present,0
17598,1760,2024-04-16,present,0
17599,1760,2023-11-22,present,0
17600,1760,2023-12-05,absent,0
17601,1761,2024-03-05,absent,0
17602,1761,2024-01-09,present,0
17603,1761,2024-05-07,present,0
17604,1761,2023-12-11,absent,0
17605,1761,2024-04-10,present,0
17606,1761,2024-04-18,absent,0
17607,1761,2024-05-27,absent,0
17608,1761,2024-05-15,present,0
17609,1761,2024-03-28,present,0
17610,1761,2024-04-19,present,0
17611,1762,2023-05-30,present,0
17612,1762,2023-06-09,present,0
17613,1762,2023-05-29,present,0
17614,1762,2023-06-05,present,0
17615,1762,2022-11-02,present,0
17616,1762,2023-05-18,present,0
17617,1762,2023-05-16,present,0
17618,1762,2023-05-08,present,0
17619,1762,2023-01-23,present,0
17620,1762,2022-12-27,present,0
17621,1763,2024-04-24,present,0
17622,1763,2023-12-18,present,0
17623,1763,2024-02-02,present,0
17624,1763,2024-04-05,present,0
17625,1763,2024-04-01,present,0
17626,1763,2024-02-12,present,0
17627,1763,2023-10-30,present,0
17628,1763,2023-09-15,present,0
17629,1763,2024-02-13,present,0
17630,1763,2024-04-24,present,0
17631,1764,2022-11-29,present,0
17632,1764,2023-02-20,present,0
17633,1764,2022-09-12,present,0
17634,1764,2022-11-25,present,0
17635,1764,2022-11-14,present,0
17636,1764,2023-06-05,present,0
17637,1764,2022-10-03,late,14
17638,1764,2023-01-12,present,0
17639,1764,2023-01-23,present,0
17640,1764,2022-12-08,present,0
17641,1765,2025-04-09,late,33
17642,1765,2024-11-25,present,0
17643,1765,2025-01-22,present,0
17644,1765,2025-02-06,present,0
17645,1765,2024-10-01,present,0
17646,1765,2025-02-27,present,0
17647,1765,2024-09-16,present,0
17648,1765,2025-02-11,present,0
17649,1765,2024-09-18,present,0
17650,1765,2024-10-21,present,0
17651,1766,2025-04-21,present,0
17652,1766,2024-10-07,present,0
17653,1766,2024-12-10,present,0
17654,1766,2024-10-09,present,0
17655,1766,2025-03-31,late,8
17656,1766,2024-12-16,present,0
17657,1766,2025-02-24,present,0
17658,1766,2025-01-13,present,0
17659,1766,2025-01-27,present,0
17660,1766,2025-01-02,present,0
17661,1767,2025-04-30,present,0
17662,1767,2025-02-17,present,0
17663,1767,2025-05-30,present,0
17664,1767,2024-10-17,present,0
17665,1767,2025-05-06,present,0
17666,1767,2025-05-12,late,33
17667,1767,2025-06-16,present,0
17668,1767,2025-06-16,present,0
17669,1767,2025-01-23,present,0
17670,1767,2025-01-03,present,0
17671,1768,2023-03-06,present,0
17672,1768,2023-01-26,absent,0
17673,1768,2022-10-27,present,0
17674,1768,2023-05-08,present,0
17675,1768,2022-12-22,present,0
17676,1768,2022-11-28,present,0
17677,1768,2023-01-09,present,0
17678,1768,2023-05-12,late,14
17679,1768,2022-11-25,late,12
17680,1768,2023-01-20,absent,0
17681,1769,2023-01-20,absent,0
17682,1769,2022-09-28,present,0
17683,1769,2023-03-20,present,0
17684,1769,2022-11-14,present,0
17685,1769,2023-02-27,absent,0
17686,1769,2023-01-19,present,0
17687,1769,2023-04-11,present,0
17688,1769,2022-10-31,present,0
17689,1769,2023-05-08,present,0
17690,1769,2023-01-30,late,35
17691,1770,2023-10-16,present,0
17692,1770,2024-04-05,present,0
17693,1770,2024-03-22,present,0
17694,1770,2024-04-29,present,0
17695,1770,2023-12-13,present,0
17696,1770,2023-12-26,absent,0
17697,1770,2024-01-31,present,0
17698,1770,2024-01-24,present,0
17699,1770,2024-05-13,present,0
17700,1770,2024-04-16,present,0
17701,1771,2025-03-04,present,0
17702,1771,2025-05-26,present,0
17703,1771,2024-11-26,present,0
17704,1771,2024-10-11,late,8
17705,1771,2025-06-18,present,0
17706,1771,2024-12-30,present,0
17707,1771,2024-12-27,present,0
17708,1771,2025-06-13,present,0
17709,1771,2025-04-21,present,0
17710,1771,2024-12-23,present,0
17711,1772,2025-04-28,present,0
17712,1772,2025-01-31,present,0
17713,1772,2024-09-11,present,0
17714,1772,2025-01-24,present,0
17715,1772,2025-05-05,absent,0
17716,1772,2025-05-08,absent,0
17717,1772,2024-09-17,present,0
17718,1772,2025-01-22,present,0
17719,1772,2025-04-28,excused,0
17720,1772,2025-01-10,present,0
17721,1773,2025-03-11,present,0
17722,1773,2025-03-06,present,0
17723,1773,2025-04-21,absent,0
17724,1773,2024-12-06,present,0
17725,1773,2024-12-19,present,0
17726,1773,2025-03-31,present,0
17727,1773,2025-06-16,absent,0
17728,1773,2025-02-06,present,0
17729,1773,2024-10-18,present,0
17730,1773,2024-09-11,present,0
17731,1774,2024-04-01,present,0
17732,1774,2024-05-10,present,0
17733,1774,2024-01-31,present,0
17734,1774,2023-10-30,present,0
17735,1774,2024-06-03,present,0
17736,1774,2024-06-19,present,0
17737,1774,2024-03-22,present,0
17738,1774,2024-06-20,present,0
17739,1774,2024-01-01,present,0
17740,1774,2023-11-14,present,0
17741,1775,2023-05-26,present,0
17742,1775,2022-11-14,excused,0
17743,1775,2022-11-25,present,0
17744,1775,2023-05-24,late,31
17745,1775,2022-11-29,present,0
17746,1775,2022-12-06,present,0
17747,1775,2023-01-10,present,0
17748,1775,2023-02-01,present,0
17749,1775,2023-01-03,excused,0
17750,1775,2023-01-20,present,0
17751,1776,2024-05-22,present,0
17752,1776,2023-11-29,present,0
17753,1776,2023-11-27,present,0
17754,1776,2023-11-09,present,0
17755,1776,2024-04-26,present,0
17756,1776,2024-01-03,present,0
17757,1776,2024-02-12,present,0
17758,1776,2023-11-15,present,0
17759,1776,2023-12-11,present,0
17760,1776,2024-06-10,present,0
17761,1777,2024-10-02,present,0
17762,1777,2025-06-10,present,0
17763,1777,2024-10-29,present,0
17764,1777,2025-04-29,present,0
17765,1777,2025-03-24,present,0
17766,1777,2025-06-09,present,0
17767,1777,2025-02-18,present,0
17768,1777,2024-09-30,present,0
17769,1777,2025-06-02,present,0
17770,1777,2024-10-31,present,0
17771,1778,2024-12-17,present,0
17772,1778,2024-09-16,excused,0
17773,1778,2025-03-10,present,0
17774,1778,2024-09-09,present,0
17775,1778,2024-12-31,present,0
17776,1778,2024-09-16,present,0
17777,1778,2025-04-02,present,0
17778,1778,2025-06-02,present,0
17779,1778,2025-04-15,excused,0
17780,1778,2024-11-21,present,0
17781,1779,2022-11-28,present,0
17782,1779,2023-03-13,present,0
17783,1779,2023-06-19,present,0
17784,1779,2023-06-02,present,0
17785,1779,2023-05-01,present,0
17786,1779,2022-09-26,present,0
17787,1779,2023-01-26,present,0
17788,1779,2023-06-06,present,0
17789,1779,2023-05-03,late,13
17790,1779,2023-05-01,present,0
17791,1780,2023-02-14,present,0
17792,1780,2022-12-26,present,0
17793,1780,2023-05-18,present,0
17794,1780,2022-11-01,present,0
17795,1780,2023-06-12,present,0
17796,1780,2022-09-29,present,0
17797,1780,2022-11-21,present,0
17798,1780,2023-01-13,present,0
17799,1780,2023-06-05,present,0
17800,1780,2022-12-06,present,0
17801,1781,2023-12-18,present,0
17802,1781,2024-01-29,present,0
17803,1781,2024-01-29,present,0
17804,1781,2023-09-11,present,0
17805,1781,2024-03-05,present,0
17806,1781,2024-04-16,present,0
17807,1781,2023-12-25,present,0
17808,1781,2023-10-04,present,0
17809,1781,2024-05-30,present,0
17810,1781,2023-11-27,present,0
17811,1782,2022-12-05,present,0
17812,1782,2023-05-29,present,0
17813,1782,2023-05-22,present,0
17814,1782,2023-04-06,present,0
17815,1782,2023-01-11,present,0
17816,1782,2023-06-19,present,0
17817,1782,2023-04-14,present,0
17818,1782,2023-03-16,present,0
17819,1782,2023-01-11,present,0
17820,1782,2023-04-19,present,0
17821,1783,2023-05-24,present,0
17822,1783,2023-01-02,present,0
17823,1783,2022-09-09,present,0
17824,1783,2022-10-03,present,0
17825,1783,2022-10-13,present,0
17826,1783,2023-01-02,present,0
17827,1783,2023-02-20,present,0
17828,1783,2023-04-10,present,0
17829,1783,2023-02-06,present,0
17830,1783,2023-03-23,present,0
17831,1784,2023-01-19,present,0
17832,1784,2022-11-16,present,0
17833,1784,2022-11-07,present,0
17834,1784,2022-12-27,present,0
17835,1784,2022-11-11,present,0
17836,1784,2022-12-12,present,0
17837,1784,2022-09-27,present,0
17838,1784,2023-06-01,present,0
17839,1784,2022-11-14,present,0
17840,1784,2022-11-14,present,0
17841,1785,2025-05-08,present,0
17842,1785,2025-06-16,present,0
17843,1785,2024-10-28,present,0
17844,1785,2024-09-11,present,0
17845,1785,2025-06-02,present,0
17846,1785,2024-11-29,present,0
17847,1785,2025-05-21,present,0
17848,1785,2024-11-15,present,0
17849,1785,2025-05-29,present,0
17850,1785,2025-04-17,present,0
17851,1786,2024-06-03,absent,0
17852,1786,2023-11-14,absent,0
17853,1786,2023-10-02,present,0
17854,1786,2023-12-08,present,0
17855,1786,2024-05-13,absent,0
17856,1786,2023-10-13,present,0
17857,1786,2023-09-11,present,0
17858,1786,2023-12-15,present,0
17859,1786,2024-03-18,excused,0
17860,1786,2024-01-26,present,0
17861,1787,2023-06-12,present,0
17862,1787,2023-01-02,absent,0
17863,1787,2022-12-20,present,0
17864,1787,2023-02-20,present,0
17865,1787,2022-11-07,absent,0
17866,1787,2023-05-15,present,0
17867,1787,2023-03-15,present,0
17868,1787,2022-10-18,present,0
17869,1787,2023-04-18,present,0
17870,1787,2023-04-03,present,0
17871,1788,2022-12-12,present,0
17872,1788,2022-09-12,present,0
17873,1788,2023-03-09,late,32
17874,1788,2023-05-09,late,21
17875,1788,2022-10-31,present,0
17876,1788,2023-04-17,present,0
17877,1788,2023-03-06,present,0
17878,1788,2023-05-05,present,0
17879,1788,2022-09-15,present,0
17880,1788,2022-12-01,present,0
17881,1789,2024-12-16,absent,0
17882,1789,2025-01-30,present,0
17883,1789,2025-02-17,present,0
17884,1789,2024-11-07,present,0
17885,1789,2024-11-01,present,0
17886,1789,2025-05-08,absent,0
17887,1789,2025-05-29,present,0
17888,1789,2024-12-02,present,0
17889,1789,2024-10-10,present,0
17890,1789,2025-05-15,present,0
17891,1790,2024-10-28,present,0
17892,1790,2025-02-17,present,0
17893,1790,2024-10-28,present,0
17894,1790,2025-05-16,present,0
17895,1790,2024-09-16,present,0
17896,1790,2024-10-31,present,0
17897,1790,2025-03-24,present,0
17898,1790,2024-12-27,present,0
17899,1790,2024-09-30,present,0
17900,1790,2024-12-16,present,0
17901,1791,2025-01-13,present,0
17902,1791,2024-10-18,present,0
17903,1791,2025-02-03,present,0
17904,1791,2025-06-09,present,0
17905,1791,2025-03-10,present,0
17906,1791,2025-04-16,present,0
17907,1791,2025-05-07,present,0
17908,1791,2025-05-07,present,0
17909,1791,2025-02-26,present,0
17910,1791,2025-04-29,present,0
17911,1792,2023-11-15,present,0
17912,1792,2024-01-02,present,0
17913,1792,2024-04-15,present,0
17914,1792,2024-01-12,present,0
17915,1792,2023-10-18,present,0
17916,1792,2023-10-11,present,0
17917,1792,2023-10-03,present,0
17918,1792,2024-02-12,present,0
17919,1792,2023-12-11,present,0
17920,1792,2024-03-18,present,0
17921,1793,2024-10-28,present,0
17922,1793,2025-01-08,present,0
17923,1793,2025-01-16,present,0
17924,1793,2024-09-23,present,0
17925,1793,2024-10-29,present,0
17926,1793,2025-04-16,present,0
17927,1793,2024-12-16,present,0
17928,1793,2025-02-26,late,17
17929,1793,2024-10-17,present,0
17930,1793,2024-11-04,present,0
17931,1794,2022-09-27,present,0
17932,1794,2023-05-22,present,0
17933,1794,2023-01-23,late,7
17934,1794,2022-09-26,present,0
17935,1794,2023-04-20,present,0
17936,1794,2023-02-06,present,0
17937,1794,2023-02-14,late,15
17938,1794,2023-02-08,late,21
17939,1794,2023-06-20,present,0
17940,1794,2023-04-13,present,0
17941,1795,2024-05-17,late,10
17942,1795,2024-03-07,present,0
17943,1795,2023-11-20,present,0
17944,1795,2023-12-25,present,0
17945,1795,2023-10-03,present,0
17946,1795,2024-03-04,present,0
17947,1795,2024-01-03,present,0
17948,1795,2024-01-17,present,0
17949,1795,2023-11-07,present,0
17950,1795,2023-09-15,present,0
17951,1796,2025-02-03,present,0
17952,1796,2024-12-09,present,0
17953,1796,2025-03-24,present,0
17954,1796,2025-04-14,present,0
17955,1796,2025-02-07,present,0
17956,1796,2025-02-14,present,0
17957,1796,2025-04-18,present,0
17958,1796,2025-01-27,present,0
17959,1796,2024-09-27,present,0
17960,1796,2025-05-19,present,0
17961,1797,2024-12-26,present,0
17962,1797,2024-10-01,present,0
17963,1797,2024-10-07,present,0
17964,1797,2025-05-05,present,0
17965,1797,2024-09-19,present,0
17966,1797,2024-10-16,present,0
17967,1797,2025-05-07,present,0
17968,1797,2025-01-16,present,0
17969,1797,2025-04-10,present,0
17970,1797,2024-11-25,present,0
17971,1798,2024-03-25,present,0
17972,1798,2024-03-11,present,0
17973,1798,2024-03-25,present,0
17974,1798,2024-03-12,present,0
17975,1798,2023-11-13,present,0
17976,1798,2024-02-26,late,22
17977,1798,2024-06-20,present,0
17978,1798,2023-09-25,present,0
17979,1798,2023-11-02,present,0
17980,1798,2024-05-13,present,0
17981,1799,2025-05-12,present,0
17982,1799,2025-03-25,present,0
17983,1799,2024-09-30,present,0
17984,1799,2024-11-11,present,0
17985,1799,2025-03-11,absent,0
17986,1799,2024-11-05,present,0
17987,1799,2025-04-07,present,0
17988,1799,2025-04-14,present,0
17989,1799,2025-01-31,present,0
17990,1799,2025-04-29,present,0
17991,1800,2024-01-08,present,0
17992,1800,2024-02-09,present,0
17993,1800,2023-10-02,present,0
17994,1800,2024-02-14,present,0
17995,1800,2024-03-25,present,0
17996,1800,2024-01-08,present,0
17997,1800,2024-06-07,present,0
17998,1800,2024-05-06,present,0
17999,1800,2024-02-05,present,0
18000,1800,2024-01-15,present,0
