id,enrollment_id,assessment_type,title,score,weight,graded_on
1,1,exam,Examen 1º trimestre,2.40,0.70,2023-09-20
2,1,coursework,Trabajo 2º trimestre,8.30,0.30,2023-11-27
3,2,exam,Examen 1º trimestre,6.00,0.35,2024-11-20
4,2,exam,Examen 2º trimestre,6.40,0.35,2025-01-17
5,2,coursework,Trabajo 3º trimestre,4.00,0.30,2025-03-01
6,3,exam,Examen 1º trimestre,6.30,0.35,2024-12-31
7,3,exam,Examen 2º trimestre,5.00,0.35,2025-02-16
8,3,coursework,Trabajo 3º trimestre,3.50,0.30,2024-11-27
9,4,exam,Examen 1º trimestre,7.00,0.40,2025-05-05
10,4,practical,Trabajo 2º trimestre,7.50,0.25,2024-12-29
11,4,coursework,Trabajo 3º trimestre,7.00,0.25,2025-05-11
12,4,participation,Trabajo 1º trimestre,6.80,0.10,2025-04-13
13,5,exam,Examen 1º trimestre,8.30,0.40,2022-11-02
14,5,practical,Trabajo 2º trimestre,6.40,0.25,2023-05-03
15,5,coursework,Trabajo 3º trimestre,9.50,0.25,2023-01-30
16,5,participation,Trabajo 1º trimestre,6.10,0.10,2022-10-22
17,6,exam,Examen 1º trimestre,3.40,0.70,2024-10-13
18,6,coursework,Trabajo 2º trimestre,4.60,0.30,2024-12-29
19,7,exam,Examen 1º trimestre,7.50,0.35,2023-03-08
20,7,exam,Examen 2º trimestre,7.60,0.35,2022-11-12
21,7,coursework,Trabajo 3º trimestre,3.90,0.30,2022-11-24
22,8,exam,Examen 1º trimestre,3.50,0.60,2023-09-18
23,8,coursework,Trabajo 2º trimestre,6.20,0.30,2023-10-01
24,8,participation,Trabajo 3º trimestre,5.20,0.10,2023-10-05
25,9,exam,Examen 1º trimestre,3.00,0.60,2024-11-15
26,9,coursework,Trabajo 2º trimestre,6.90,0.30,2025-05-17
27,9,participation,Trabajo 3º trimestre,6.20,0.10,2025-01-15
28,10,exam,Examen 1º trimestre,3.20,0.40,2023-12-17
29,10,practical,Trabajo 2º trimestre,1.50,0.25,2024-04-27
30,10,coursework,Trabajo 3º trimestre,2.90,0.25,2024-06-01
31,10,participation,Trabajo 1º trimestre,4.80,0.10,2023-10-31
32,11,exam,Examen 1º trimestre,4.90,0.35,2023-01-19
33,11,exam,Examen 2º trimestre,6.00,0.35,2023-03-01
34,11,coursework,Trabajo 3º trimestre,4.60,0.30,2022-11-26
35,12,exam,Examen 1º trimestre,5.60,0.70,2024-06-08
36,12,coursework,Trabajo 2º trimestre,3.00,0.30,2023-12-03
37,13,exam,Examen 1º trimestre,6.80,0.40,2023-01-12
38,13,practical,Trabajo 2º trimestre,7.50,0.25,2023-04-21
39,13,coursework,Trabajo 3º trimestre,9.30,0.25,2022-10-29
40,13,participation,Trabajo 1º trimestre,6.40,0.10,2022-12-11
41,14,exam,Examen 1º trimestre,5.10,0.70,2022-10-05
42,14,coursework,Trabajo 2º trimestre,8.70,0.30,2023-02-24
43,15,exam,Examen 1º trimestre,8.20,0.35,2023-04-25
44,15,exam,Examen 2º trimestre,8.60,0.35,2023-01-03
45,15,coursework,Trabajo 3º trimestre,8.60,0.30,2023-06-16
46,16,exam,Examen 1º trimestre,5.60,0.35,2024-11-05
47,16,exam,Examen 2º trimestre,6.40,0.35,2024-09-20
48,16,coursework,Trabajo 3º trimestre,5.70,0.30,2024-09-19
49,17,exam,Examen 1º trimestre,8.00,0.70,2025-01-27
50,17,coursework,Trabajo 2º trimestre,7.00,0.30,2025-01-02
51,18,exam,Examen 1º trimestre,8.30,0.35,2024-11-28
52,18,exam,Examen 2º trimestre,5.70,0.35,2025-05-09
53,18,coursework,Trabajo 3º trimestre,9.40,0.30,2024-10-01
54,19,exam,Examen 1º trimestre,8.20,0.70,2024-06-02
55,19,coursework,Trabajo 2º trimestre,8.80,0.30,2023-09-24
56,20,exam,Examen 1º trimestre,4.60,0.40,2023-11-23
57,20,practical,Trabajo 2º trimestre,6.80,0.25,2024-03-10
58,20,coursework,Trabajo 3º trimestre,8.20,0.25,2024-01-19
59,20,participation,Trabajo 1º trimestre,6.10,0.10,2024-05-03
60,21,exam,Examen 1º trimestre,5.50,0.70,2023-09-18
61,21,coursework,Trabajo 2º trimestre,9.00,0.30,2024-02-03
62,22,exam,Examen 1º trimestre,6.50,0.40,2025-05-12
63,22,practical,Trabajo 2º trimestre,7.00,0.25,2024-10-20
64,22,coursework,Trabajo 3º trimestre,5.50,0.25,2025-02-21
65,22,participation,Trabajo 1º trimestre,3.60,0.10,2024-12-02
66,23,exam,Examen 1º trimestre,8.20,0.60,2023-04-27
67,23,coursework,Trabajo 2º trimestre,6.10,0.30,2023-05-09
68,23,participation,Trabajo 3º trimestre,5.90,0.10,2023-05-09
69,24,exam,Examen 1º trimestre,6.50,0.35,2022-09-19
70,24,exam,Examen 2º trimestre,10.00,0.35,2023-05-17
71,24,coursework,Trabajo 3º trimestre,8.00,0.30,2023-04-23
72,25,exam,Examen 1º trimestre,6.20,0.35,2023-05-22
73,25,exam,Examen 2º trimestre,4.60,0.35,2022-10-28
74,25,coursework,Trabajo 3º trimestre,6.80,0.30,2023-05-10
75,26,exam,Examen 1º trimestre,7.70,0.60,2024-12-27
76,26,coursework,Trabajo 2º trimestre,5.30,0.30,2025-01-18
77,26,participation,Trabajo 3º trimestre,7.30,0.10,2025-05-17
78,27,exam,Examen 1º trimestre,7.70,0.40,2022-12-26
79,27,practical,Trabajo 2º trimestre,6.70,0.25,2023-04-21
80,27,coursework,Trabajo 3º trimestre,5.20,0.25,2023-03-31
81,27,participation,Trabajo 1º trimestre,8.70,0.10,2022-12-01
82,28,exam,Examen 1º trimestre,4.50,0.70,2023-05-06
83,28,coursework,Trabajo 2º trimestre,2.40,0.30,2023-05-13
84,29,exam,Examen 1º trimestre,8.10,0.40,2025-02-06
85,29,practical,Trabajo 2º trimestre,3.60,0.25,2025-03-02
86,29,coursework,Trabajo 3º trimestre,4.80,0.25,2024-12-04
87,29,participation,Trabajo 1º trimestre,4.00,0.10,2025-04-16
88,30,exam,Examen 1º trimestre,3.90,0.35,2025-03-18
89,30,exam,Examen 2º trimestre,3.80,0.35,2024-11-19
90,30,coursework,Trabajo 3º trimestre,7.00,0.30,2025-04-11
91,31,exam,Examen 1º trimestre,5.60,0.35,2025-06-20
92,31,exam,Examen 2º trimestre,4.50,0.35,2024-10-15
93,31,coursework,Trabajo 3º trimestre,6.30,0.30,2024-12-17
94,32,exam,Examen 1º trimestre,7.10,0.35,2023-12-19
95,32,exam,Examen 2º trimestre,5.70,0.35,2024-04-11
96,32,coursework,Trabajo 3º trimestre,5.10,0.30,2023-12-26
97,33,exam,Examen 1º trimestre,3.50,0.70,2025-01-19
98,33,coursework,Trabajo 2º trimestre,5.80,0.30,2024-11-13
99,34,exam,Examen 1º trimestre,3.60,0.35,2024-05-05
100,34,exam,Examen 2º trimestre,8.10,0.35,2023-10-31
101,34,coursework,Trabajo 3º trimestre,6.20,0.30,2024-03-11
102,35,exam,Examen 1º trimestre,7.20,0.35,2022-10-23
103,35,exam,Examen 2º trimestre,8.60,0.35,2022-09-23
104,35,coursework,Trabajo 3º trimestre,5.40,0.30,2022-10-08
105,36,exam,Examen 1º trimestre,7.30,0.60,2024-12-24
106,36,coursework,Trabajo 2º trimestre,5.70,0.30,2025-06-16
107,36,participation,Trabajo 3º trimestre,7.90,0.10,2025-03-13
108,37,exam,Examen 1º trimestre,5.90,0.70,2023-05-08
109,37,coursework,Trabajo 2º trimestre,7.30,0.30,2022-11-29
110,38,exam,Examen 1º trimestre,5.80,0.70,2025-06-19
111,38,coursework,Trabajo 2º trimestre,6.90,0.30,2025-05-14
112,39,exam,Examen 1º trimestre,5.60,0.70,2025-02-17
113,39,coursework,Trabajo 2º trimestre,7.30,0.30,2025-02-06
114,40,exam,Examen 1º trimestre,7.40,0.60,2024-04-15
115,40,coursework,Trabajo 2º trimestre,6.30,0.30,2023-12-28
116,40,participation,Trabajo 3º trimestre,5.30,0.10,2023-10-29
117,41,exam,Examen 1º trimestre,8.30,0.40,2022-10-26
118,41,practical,Trabajo 2º trimestre,6.90,0.25,2023-02-26
119,41,coursework,Trabajo 3º trimestre,6.70,0.25,2023-03-25
120,41,participation,Trabajo 1º trimestre,8.70,0.10,2023-04-12
121,42,exam,Examen 1º trimestre,6.30,0.60,2025-04-27
122,42,coursework,Trabajo 2º trimestre,5.70,0.30,2025-04-18
123,42,participation,Trabajo 3º trimestre,6.10,0.10,2025-02-28
124,43,exam,Examen 1º trimestre,6.20,0.40,2025-06-03
125,43,practical,Trabajo 2º trimestre,7.20,0.25,2025-01-20
126,43,coursework,Trabajo 3º trimestre,8.20,0.25,2024-09-11
127,43,participation,Trabajo 1º trimestre,5.20,0.10,2025-06-09
128,44,exam,Examen 1º trimestre,6.00,0.60,2024-09-09
129,44,coursework,Trabajo 2º trimestre,7.30,0.30,2024-11-19
130,44,participation,Trabajo 3º trimestre,8.20,0.10,2025-05-17
131,45,exam,Examen 1º trimestre,8.50,0.70,2024-10-08
132,45,coursework,Trabajo 2º trimestre,4.40,0.30,2025-04-10
133,46,exam,Examen 1º trimestre,2.30,0.60,2022-12-06
134,46,coursework,Trabajo 2º trimestre,4.90,0.30,2023-01-15
135,46,participation,Trabajo 3º trimestre,6.10,0.10,2023-06-15
136,47,exam,Examen 1º trimestre,6.30,0.70,2024-12-02
137,47,coursework,Trabajo 2º trimestre,5.90,0.30,2024-10-27
138,48,exam,Examen 1º trimestre,8.20,0.35,2023-04-22
139,48,exam,Examen 2º trimestre,7.20,0.35,2022-09-11
140,48,coursework,Trabajo 3º trimestre,9.30,0.30,2022-10-16
141,49,exam,Examen 1º trimestre,8.10,0.60,2023-09-26
142,49,coursework,Trabajo 2º trimestre,5.30,0.30,2024-06-20
143,49,participation,Trabajo 3º trimestre,9.50,0.10,2023-10-09
144,50,exam,Examen 1º trimestre,8.90,0.60,2025-05-16
145,50,coursework,Trabajo 2º trimestre,8.40,0.30,2025-01-11
146,50,participation,Trabajo 3º trimestre,10.00,0.10,2024-12-08
147,51,exam,Examen 1º trimestre,5.30,0.40,2024-05-07
148,51,practical,Trabajo 2º trimestre,7.90,0.25,2024-03-05
149,51,coursework,Trabajo 3º trimestre,8.30,0.25,2023-10-02
150,51,participation,Trabajo 1º trimestre,10.00,0.10,2023-10-05
151,52,exam,Examen 1º trimestre,4.80,0.60,2023-02-01
152,52,coursework,Trabajo 2º trimestre,3.80,0.30,2023-05-07
153,52,participation,Trabajo 3º trimestre,6.60,0.10,2023-06-10
154,53,exam,Examen 1º trimestre,8.60,0.60,2022-12-31
155,53,coursework,Trabajo 2º trimestre,8.70,0.30,2023-01-30
156,53,participation,Trabajo 3º trimestre,8.40,0.10,2023-05-20
157,54,exam,Examen 1º trimestre,4.40,0.70,2025-05-26
158,54,coursework,Trabajo 2º trimestre,8.40,0.30,2025-06-13
159,55,exam,Examen 1º trimestre,6.70,0.35,2025-04-02
160,55,exam,Examen 2º trimestre,6.20,0.35,2025-04-11
161,55,coursework,Trabajo 3º trimestre,5.70,0.30,2025-01-03
162,56,exam,Examen 1º trimestre,7.30,0.70,2023-10-31
163,56,coursework,Trabajo 2º trimestre,5.00,0.30,2023-11-19
164,57,exam,Examen 1º trimestre,7.20,0.35,2025-03-31
165,57,exam,Examen 2º trimestre,4.80,0.35,2024-11-09
166,57,coursework,Trabajo 3º trimestre,7.90,0.30,2024-11-12
167,58,exam,Examen 1º trimestre,6.40,0.70,2024-09-09
168,58,coursework,Trabajo 2º trimestre,4.90,0.30,2024-10-11
169,59,exam,Examen 1º trimestre,4.70,0.35,2025-04-28
170,59,exam,Examen 2º trimestre,7.60,0.35,2025-03-04
171,59,coursework,Trabajo 3º trimestre,5.90,0.30,2025-01-18
172,60,exam,Examen 1º trimestre,7.10,0.70,2023-10-23
173,60,coursework,Trabajo 2º trimestre,6.10,0.30,2024-04-06
174,61,exam,Examen 1º trimestre,4.70,0.40,2022-10-26
175,61,practical,Trabajo 2º trimestre,6.60,0.25,2022-10-17
176,61,coursework,Trabajo 3º trimestre,3.00,0.25,2022-12-03
177,61,participation,Trabajo 1º trimestre,6.70,0.10,2023-03-10
178,62,exam,Examen 1º trimestre,8.40,0.60,2022-11-01
179,62,coursework,Trabajo 2º trimestre,8.90,0.30,2023-06-11
180,62,participation,Trabajo 3º trimestre,6.00,0.10,2022-12-23
181,63,exam,Examen 1º trimestre,4.40,0.35,2024-11-12
182,63,exam,Examen 2º trimestre,3.80,0.35,2024-09-18
183,63,coursework,Trabajo 3º trimestre,7.10,0.30,2025-04-14
184,64,exam,Examen 1º trimestre,4.80,0.35,2023-09-20
185,64,exam,Examen 2º trimestre,6.30,0.35,2023-12-17
186,64,coursework,Trabajo 3º trimestre,6.70,0.30,2024-03-18
187,65,exam,Examen 1º trimestre,9.90,0.60,2023-06-06
188,65,coursework,Trabajo 2º trimestre,5.20,0.30,2023-06-04
189,65,participation,Trabajo 3º trimestre,6.90,0.10,2022-12-14
190,66,exam,Examen 1º trimestre,7.90,0.40,2025-05-21
191,66,practical,Trabajo 2º trimestre,4.70,0.25,2025-05-11
192,66,coursework,Trabajo 3º trimestre,9.70,0.25,2025-02-21
193,66,participation,Trabajo 1º trimestre,8.90,0.10,2024-10-19
194,67,exam,Examen 1º trimestre,6.10,0.40,2023-04-05
195,67,practical,Trabajo 2º trimestre,6.50,0.25,2023-01-03
196,67,coursework,Trabajo 3º trimestre,4.70,0.25,2023-06-03
197,67,participation,Trabajo 1º trimestre,7.40,0.10,2022-12-02
198,68,exam,Examen 1º trimestre,5.10,0.60,2024-09-30
199,68,coursework,Trabajo 2º trimestre,9.30,0.30,2025-01-19
200,68,participation,Trabajo 3º trimestre,7.30,0.10,2024-09-25
201,69,exam,Examen 1º trimestre,7.50,0.40,2023-04-06
202,69,practical,Trabajo 2º trimestre,7.90,0.25,2022-09-09
203,69,coursework,Trabajo 3º trimestre,8.20,0.25,2023-03-11
204,69,participation,Trabajo 1º trimestre,8.70,0.10,2023-03-26
205,70,exam,Examen 1º trimestre,7.70,0.40,2024-05-09
206,70,practical,Trabajo 2º trimestre,8.60,0.25,2023-10-11
207,70,coursework,Trabajo 3º trimestre,8.20,0.25,2023-10-27
208,70,participation,Trabajo 1º trimestre,8.70,0.10,2023-09-28
209,71,exam,Examen 1º trimestre,10.00,0.60,2023-12-20
210,71,coursework,Trabajo 2º trimestre,7.70,0.30,2024-03-10
211,71,participation,Trabajo 3º trimestre,8.50,0.10,2024-05-24
212,72,exam,Examen 1º trimestre,7.60,0.40,2025-05-06
213,72,practical,Trabajo 2º trimestre,6.50,0.25,2024-10-31
214,72,coursework,Trabajo 3º trimestre,7.00,0.25,2024-11-30
215,72,participation,Trabajo 1º trimestre,9.80,0.10,2025-06-17
216,73,exam,Examen 1º trimestre,7.40,0.70,2025-02-03
217,73,coursework,Trabajo 2º trimestre,6.60,0.30,2025-02-17
218,74,exam,Examen 1º trimestre,8.00,0.40,2023-10-19
219,74,practical,Trabajo 2º trimestre,4.10,0.25,2024-01-15
220,74,coursework,Trabajo 3º trimestre,8.20,0.25,2023-12-29
221,74,participation,Trabajo 1º trimestre,8.60,0.10,2024-03-25
222,75,exam,Examen 1º trimestre,5.80,0.35,2023-06-07
223,75,exam,Examen 2º trimestre,4.20,0.35,2022-09-15
224,75,coursework,Trabajo 3º trimestre,10.00,0.30,2022-12-07
225,76,exam,Examen 1º trimestre,9.10,0.40,2025-06-19
226,76,practical,Trabajo 2º trimestre,4.60,0.25,2024-10-23
227,76,coursework,Trabajo 3º trimestre,8.90,0.25,2025-03-27
228,76,participation,Trabajo 1º trimestre,4.50,0.10,2025-04-22
229,77,exam,Examen 1º trimestre,6.20,0.70,2023-10-30
230,77,coursework,Trabajo 2º trimestre,5.60,0.30,2024-04-23
231,78,exam,Examen 1º trimestre,5.40,0.60,2023-12-06
232,78,coursework,Trabajo 2º trimestre,7.30,0.30,2024-02-23
233,78,participation,Trabajo 3º trimestre,7.60,0.10,2024-05-22
234,79,exam,Examen 1º trimestre,8.00,0.35,2024-04-22
235,79,exam,Examen 2º trimestre,8.20,0.35,2024-03-25
236,79,coursework,Trabajo 3º trimestre,7.30,0.30,2024-05-23
237,80,exam,Examen 1º trimestre,7.30,0.35,2025-05-31
238,80,exam,Examen 2º trimestre,10.00,0.35,2025-06-19
239,80,coursework,Trabajo 3º trimestre,7.40,0.30,2025-01-15
240,81,exam,Examen 1º trimestre,3.50,0.35,2025-04-28
241,81,exam,Examen 2º trimestre,5.90,0.35,2025-02-18
242,81,coursework,Trabajo 3º trimestre,3.70,0.30,2025-01-14
243,82,exam,Examen 1º trimestre,7.40,0.35,2023-04-28
244,82,exam,Examen 2º trimestre,5.80,0.35,2023-02-21
245,82,coursework,Trabajo 3º trimestre,6.30,0.30,2023-01-23
246,83,exam,Examen 1º trimestre,7.90,0.40,2023-04-21
247,83,practical,Trabajo 2º trimestre,6.10,0.25,2023-04-28
248,83,coursework,Trabajo 3º trimestre,5.80,0.25,2023-02-20
249,83,participation,Trabajo 1º trimestre,5.70,0.10,2023-04-25
250,84,exam,Examen 1º trimestre,6.90,0.60,2025-03-26
251,84,coursework,Trabajo 2º trimestre,6.30,0.30,2025-01-01
252,84,participation,Trabajo 3º trimestre,9.50,0.10,2024-12-04
253,85,exam,Examen 1º trimestre,5.10,0.40,2023-04-11
254,85,practical,Trabajo 2º trimestre,6.60,0.25,2022-12-18
255,85,coursework,Trabajo 3º trimestre,6.40,0.25,2023-04-22
256,85,participation,Trabajo 1º trimestre,6.30,0.10,2023-02-06
257,86,exam,Examen 1º trimestre,6.00,0.60,2025-02-18
258,86,coursework,Trabajo 2º trimestre,7.60,0.30,2024-11-02
259,86,participation,Trabajo 3º trimestre,9.50,0.10,2024-11-26
260,87,exam,Examen 1º trimestre,6.10,0.40,2024-09-20
261,87,practical,Trabajo 2º trimestre,7.60,0.25,2025-01-18
262,87,coursework,Trabajo 3º trimestre,5.00,0.25,2025-05-25
263,87,participation,Trabajo 1º trimestre,9.90,0.10,2024-11-24
264,88,exam,Examen 1º trimestre,6.80,0.70,2023-04-16
265,88,coursework,Trabajo 2º trimestre,9.30,0.30,2022-09-29
266,89,exam,Examen 1º trimestre,7.50,0.60,2024-02-09
267,89,coursework,Trabajo 2º trimestre,9.80,0.30,2024-01-10
268,89,participation,Trabajo 3º trimestre,9.10,0.10,2024-06-11
269,90,exam,Examen 1º trimestre,6.70,0.35,2023-03-20
270,90,exam,Examen 2º trimestre,8.30,0.35,2023-06-19
271,90,coursework,Trabajo 3º trimestre,7.60,0.30,2022-11-06
272,91,exam,Examen 1º trimestre,5.30,0.70,2023-01-29
273,91,coursework,Trabajo 2º trimestre,7.40,0.30,2023-03-06
274,92,exam,Examen 1º trimestre,6.60,0.40,2022-12-07
275,92,practical,Trabajo 2º trimestre,6.10,0.25,2023-06-14
276,92,coursework,Trabajo 3º trimestre,10.00,0.25,2023-06-11
277,92,participation,Trabajo 1º trimestre,6.20,0.10,2023-03-18
278,93,exam,Examen 1º trimestre,8.80,0.60,2025-04-30
279,93,coursework,Trabajo 2º trimestre,7.40,0.30,2024-09-15
280,93,participation,Trabajo 3º trimestre,8.10,0.10,2024-10-11
281,94,exam,Examen 1º trimestre,7.60,0.60,2023-01-14
282,94,coursework,Trabajo 2º trimestre,8.70,0.30,2023-02-11
283,94,participation,Trabajo 3º trimestre,9.10,0.10,2023-04-19
284,95,exam,Examen 1º trimestre,8.70,0.60,2023-10-30
285,95,coursework,Trabajo 2º trimestre,5.00,0.30,2023-11-13
286,95,participation,Trabajo 3º trimestre,10.00,0.10,2024-01-09
287,96,exam,Examen 1º trimestre,9.10,0.40,2023-04-30
288,96,practical,Trabajo 2º trimestre,8.20,0.25,2023-05-17
289,96,coursework,Trabajo 3º trimestre,7.30,0.25,2022-11-09
290,96,participation,Trabajo 1º trimestre,5.50,0.10,2023-02-02
291,97,exam,Examen 1º trimestre,2.80,0.35,2023-11-11
292,97,exam,Examen 2º trimestre,2.50,0.35,2023-10-15
293,97,coursework,Trabajo 3º trimestre,3.90,0.30,2024-04-09
294,98,exam,Examen 1º trimestre,6.30,0.70,2022-11-24
295,98,coursework,Trabajo 2º trimestre,8.90,0.30,2023-03-10
296,99,exam,Examen 1º trimestre,6.30,0.70,2025-06-07
297,99,coursework,Trabajo 2º trimestre,7.50,0.30,2025-02-07
298,100,exam,Examen 1º trimestre,6.00,0.40,2024-02-14
299,100,practical,Trabajo 2º trimestre,5.00,0.25,2024-03-20
300,100,coursework,Trabajo 3º trimestre,6.20,0.25,2024-05-27
301,100,participation,Trabajo 1º trimestre,6.00,0.10,2024-03-09
302,101,exam,Examen 1º trimestre,4.50,0.40,2024-01-03
303,101,practical,Trabajo 2º trimestre,5.20,0.25,2024-01-18
304,101,coursework,Trabajo 3º trimestre,6.60,0.25,2023-11-19
305,101,participation,Trabajo 1º trimestre,5.20,0.10,2024-01-28
306,102,exam,Examen 1º trimestre,4.80,0.70,2025-02-07
307,102,coursework,Trabajo 2º trimestre,5.40,0.30,2024-09-29
308,103,exam,Examen 1º trimestre,8.40,0.40,2024-04-29
309,103,practical,Trabajo 2º trimestre,7.40,0.25,2024-01-21
310,103,coursework,Trabajo 3º trimestre,6.00,0.25,2023-10-09
311,103,participation,Trabajo 1º trimestre,3.70,0.10,2023-12-26
312,104,exam,Examen 1º trimestre,4.10,0.40,2024-04-10
313,104,practical,Trabajo 2º trimestre,5.30,0.25,2024-05-03
314,104,coursework,Trabajo 3º trimestre,4.20,0.25,2024-05-03
315,104,participation,Trabajo 1º trimestre,6.90,0.10,2023-10-13
316,105,exam,Examen 1º trimestre,6.50,0.35,2024-02-19
317,105,exam,Examen 2º trimestre,5.60,0.35,2024-05-07
318,105,coursework,Trabajo 3º trimestre,3.10,0.30,2024-01-15
319,106,exam,Examen 1º trimestre,5.50,0.35,2024-02-18
320,106,exam,Examen 2º trimestre,5.30,0.35,2024-05-07
321,106,coursework,Trabajo 3º trimestre,6.00,0.30,2024-05-14
322,107,exam,Examen 1º trimestre,9.20,0.70,2022-09-17
323,107,coursework,Trabajo 2º trimestre,8.60,0.30,2022-10-12
324,108,exam,Examen 1º trimestre,5.20,0.60,2024-09-13
325,108,coursework,Trabajo 2º trimestre,10.00,0.30,2024-09-18
326,108,participation,Trabajo 3º trimestre,8.30,0.10,2024-12-26
327,109,exam,Examen 1º trimestre,4.50,0.70,2024-02-17
328,109,coursework,Trabajo 2º trimestre,5.40,0.30,2023-11-08
329,110,exam,Examen 1º trimestre,4.70,0.40,2023-01-23
330,110,practical,Trabajo 2º trimestre,7.00,0.25,2023-03-08
331,110,coursework,Trabajo 3º trimestre,9.20,0.25,2022-10-18
332,110,participation,Trabajo 1º trimestre,8.50,0.10,2022-10-26
333,111,exam,Examen 1º trimestre,3.20,0.35,2023-05-09
334,111,exam,Examen 2º trimestre,7.60,0.35,2022-12-13
335,111,coursework,Trabajo 3º trimestre,6.50,0.30,2022-10-09
336,112,exam,Examen 1º trimestre,6.80,0.70,2022-10-05
337,112,coursework,Trabajo 2º trimestre,6.80,0.30,2022-12-31
338,113,exam,Examen 1º trimestre,7.20,0.70,2025-05-29
339,113,coursework,Trabajo 2º trimestre,7.60,0.30,2024-11-26
340,114,exam,Examen 1º trimestre,8.20,0.40,2023-02-25
341,114,practical,Trabajo 2º trimestre,8.90,0.25,2022-10-23
342,114,coursework,Trabajo 3º trimestre,9.80,0.25,2023-04-10
343,114,participation,Trabajo 1º trimestre,8.50,0.10,2022-12-30
344,115,exam,Examen 1º trimestre,6.50,0.35,2024-01-22
345,115,exam,Examen 2º trimestre,4.70,0.35,2024-05-08
346,115,coursework,Trabajo 3º trimestre,5.90,0.30,2023-12-15
347,116,exam,Examen 1º trimestre,6.30,0.40,2024-05-16
348,116,practical,Trabajo 2º trimestre,8.40,0.25,2023-09-20
349,116,coursework,Trabajo 3º trimestre,7.20,0.25,2024-01-10
350,116,participation,Trabajo 1º trimestre,2.70,0.10,2024-06-04
351,117,exam,Examen 1º trimestre,3.20,0.40,2023-02-21
352,117,practical,Trabajo 2º trimestre,5.90,0.25,2023-06-04
353,117,coursework,Trabajo 3º trimestre,2.00,0.25,2023-04-25
354,117,participation,Trabajo 1º trimestre,5.10,0.10,2023-03-12
355,118,exam,Examen 1º trimestre,3.40,0.70,2022-10-31
356,118,coursework,Trabajo 2º trimestre,4.50,0.30,2023-04-25
357,119,exam,Examen 1º trimestre,2.90,0.35,2022-12-18
358,119,exam,Examen 2º trimestre,6.30,0.35,2022-11-07
359,119,coursework,Trabajo 3º trimestre,2.00,0.30,2023-04-30
360,120,exam,Examen 1º trimestre,5.50,0.60,2025-01-31
361,120,coursework,Trabajo 2º trimestre,5.50,0.30,2025-04-21
362,120,participation,Trabajo 3º trimestre,5.50,0.10,2024-11-12
363,121,exam,Examen 1º trimestre,6.90,0.60,2023-04-08
364,121,coursework,Trabajo 2º trimestre,7.10,0.30,2022-12-16
365,121,participation,Trabajo 3º trimestre,4.40,0.10,2022-12-03
366,122,exam,Examen 1º trimestre,5.90,0.40,2024-09-13
367,122,practical,Trabajo 2º trimestre,8.10,0.25,2024-10-16
368,122,coursework,Trabajo 3º trimestre,5.50,0.25,2025-05-06
369,122,participation,Trabajo 1º trimestre,7.20,0.10,2024-10-07
370,123,exam,Examen 1º trimestre,5.70,0.35,2025-05-11
371,123,exam,Examen 2º trimestre,5.40,0.35,2025-02-26
372,123,coursework,Trabajo 3º trimestre,7.70,0.30,2024-11-19
373,124,exam,Examen 1º trimestre,5.10,0.35,2023-05-11
374,124,exam,Examen 2º trimestre,4.70,0.35,2023-03-31
375,124,coursework,Trabajo 3º trimestre,5.20,0.30,2023-05-23
376,125,exam,Examen 1º trimestre,4.00,0.35,2024-05-12
377,125,exam,Examen 2º trimestre,5.90,0.35,2023-12-25
378,125,coursework,Trabajo 3º trimestre,6.70,0.30,2024-02-08
379,126,exam,Examen 1º trimestre,7.60,0.70,2023-03-20
380,126,coursework,Trabajo 2º trimestre,7.30,0.30,2023-05-14
381,127,exam,Examen 1º trimestre,5.50,0.35,2023-01-08
382,127,exam,Examen 2º trimestre,7.70,0.35,2022-12-03
383,127,coursework,Trabajo 3º trimestre,7.30,0.30,2022-12-01
384,128,exam,Examen 1º trimestre,8.30,0.35,2024-05-25
385,128,exam,Examen 2º trimestre,6.40,0.35,2024-02-28
386,128,coursework,Trabajo 3º trimestre,6.30,0.30,2023-11-20
387,129,exam,Examen 1º trimestre,3.60,0.60,2023-02-08
388,129,coursework,Trabajo 2º trimestre,10.00,0.30,2023-05-18
389,129,participation,Trabajo 3º trimestre,7.30,0.10,2022-11-09
390,130,exam,Examen 1º trimestre,5.80,0.60,2023-03-17
391,130,coursework,Trabajo 2º trimestre,7.30,0.30,2023-04-05
392,130,participation,Trabajo 3º trimestre,8.00,0.10,2023-04-30
393,131,exam,Examen 1º trimestre,2.90,0.70,2023-02-25
394,131,coursework,Trabajo 2º trimestre,2.20,0.30,2023-03-14
395,132,exam,Examen 1º trimestre,5.70,0.60,2022-10-15
396,132,coursework,Trabajo 2º trimestre,9.80,0.30,2022-11-12
397,132,participation,Trabajo 3º trimestre,10.00,0.10,2022-10-17
398,133,exam,Examen 1º trimestre,3.50,0.40,2022-11-14
399,133,practical,Trabajo 2º trimestre,4.40,0.25,2022-11-14
400,133,coursework,Trabajo 3º trimestre,5.70,0.25,2022-11-05
401,133,participation,Trabajo 1º trimestre,3.20,0.10,2022-11-03
402,134,exam,Examen 1º trimestre,2.60,0.70,2023-02-27
403,134,coursework,Trabajo 2º trimestre,5.30,0.30,2023-01-26
404,135,exam,Examen 1º trimestre,2.20,0.40,2023-12-22
405,135,practical,Trabajo 2º trimestre,6.00,0.25,2024-04-01
406,135,coursework,Trabajo 3º trimestre,4.70,0.25,2023-10-21
407,135,participation,Trabajo 1º trimestre,3.30,0.10,2023-10-06
408,136,exam,Examen 1º trimestre,6.60,0.60,2024-10-05
409,136,coursework,Trabajo 2º trimestre,4.70,0.30,2025-04-23
410,136,participation,Trabajo 3º trimestre,1.70,0.10,2025-05-03
411,137,exam,Examen 1º trimestre,5.30,0.60,2022-10-04
412,137,coursework,Trabajo 2º trimestre,4.20,0.30,2022-12-14
413,137,participation,Trabajo 3º trimestre,4.90,0.10,2023-03-09
414,138,exam,Examen 1º trimestre,5.70,0.70,2023-03-16
415,138,coursework,Trabajo 2º trimestre,2.50,0.30,2023-01-10
416,139,exam,Examen 1º trimestre,6.60,0.70,2024-01-12
417,139,coursework,Trabajo 2º trimestre,6.50,0.30,2024-02-04
418,140,exam,Examen 1º trimestre,9.30,0.70,2025-02-04
419,140,coursework,Trabajo 2º trimestre,5.50,0.30,2024-10-30
420,141,exam,Examen 1º trimestre,7.50,0.40,2024-02-28
421,141,practical,Trabajo 2º trimestre,7.10,0.25,2023-10-20
422,141,coursework,Trabajo 3º trimestre,6.60,0.25,2023-09-16
423,141,participation,Trabajo 1º trimestre,4.30,0.10,2024-06-07
424,142,exam,Examen 1º trimestre,2.90,0.40,2024-04-11
425,142,practical,Trabajo 2º trimestre,7.40,0.25,2024-03-29
426,142,coursework,Trabajo 3º trimestre,7.50,0.25,2023-10-06
427,142,participation,Trabajo 1º trimestre,7.20,0.10,2024-01-05
428,143,exam,Examen 1º trimestre,6.90,0.60,2025-04-27
429,143,coursework,Trabajo 2º trimestre,8.10,0.30,2024-12-14
430,143,participation,Trabajo 3º trimestre,5.10,0.10,2025-02-15
431,144,exam,Examen 1º trimestre,9.90,0.35,2022-11-03
432,144,exam,Examen 2º trimestre,7.60,0.35,2023-05-14
433,144,coursework,Trabajo 3º trimestre,7.10,0.30,2022-12-14
434,145,exam,Examen 1º trimestre,6.20,0.35,2025-04-25
435,145,exam,Examen 2º trimestre,8.60,0.35,2024-12-04
436,145,coursework,Trabajo 3º trimestre,6.80,0.30,2025-02-07
437,146,exam,Examen 1º trimestre,7.10,0.40,2024-05-22
438,146,practical,Trabajo 2º trimestre,5.90,0.25,2023-12-09
439,146,coursework,Trabajo 3º trimestre,7.60,0.25,2024-05-31
440,146,participation,Trabajo 1º trimestre,9.80,0.10,2024-03-04
441,147,exam,Examen 1º trimestre,6.30,0.35,2025-01-18
442,147,exam,Examen 2º trimestre,8.00,0.35,2025-01-23
443,147,coursework,Trabajo 3º trimestre,8.00,0.30,2024-09-13
444,148,exam,Examen 1º trimestre,8.90,0.60,2022-12-04
445,148,coursework,Trabajo 2º trimestre,7.90,0.30,2022-12-30
446,148,participation,Trabajo 3º trimestre,8.80,0.10,2023-01-15
447,149,exam,Examen 1º trimestre,5.90,0.60,2025-03-11
448,149,coursework,Trabajo 2º trimestre,9.20,0.30,2024-11-06
449,149,participation,Trabajo 3º trimestre,5.30,0.10,2025-04-13
450,150,exam,Examen 1º trimestre,6.90,0.35,2024-04-14
451,150,exam,Examen 2º trimestre,7.90,0.35,2024-01-19
452,150,coursework,Trabajo 3º trimestre,8.00,0.30,2024-05-09
453,151,exam,Examen 1º trimestre,3.80,0.70,2023-06-16
454,151,coursework,Trabajo 2º trimestre,8.80,0.30,2023-04-08
455,152,exam,Examen 1º trimestre,7.20,0.60,2022-09-10
456,152,coursework,Trabajo 2º trimestre,8.30,0.30,2023-04-25
457,152,participation,Trabajo 3º trimestre,2.50,0.10,2022-11-01
458,153,exam,Examen 1º trimestre,6.90,0.35,2025-06-18
459,153,exam,Examen 2º trimestre,5.40,0.35,2025-01-10
460,153,coursework,Trabajo 3º trimestre,5.40,0.30,2025-02-16
461,154,exam,Examen 1º trimestre,5.90,0.40,2023-05-06
462,154,practical,Trabajo 2º trimestre,6.10,0.25,2023-04-22
463,154,coursework,Trabajo 3º trimestre,5.20,0.25,2023-01-05
464,154,participation,Trabajo 1º trimestre,7.70,0.10,2023-05-23
465,155,exam,Examen 1º trimestre,8.60,0.35,2025-03-25
466,155,exam,Examen 2º trimestre,6.50,0.35,2025-02-05
467,155,coursework,Trabajo 3º trimestre,5.70,0.30,2025-04-22
468,156,exam,Examen 1º trimestre,7.00,0.40,2023-10-08
469,156,practical,Trabajo 2º trimestre,4.20,0.25,2023-10-24
470,156,coursework,Trabajo 3º trimestre,8.10,0.25,2023-12-12
471,156,participation,Trabajo 1º trimestre,7.40,0.10,2024-05-25
472,157,exam,Examen 1º trimestre,3.00,0.35,2025-02-18
473,157,exam,Examen 2º trimestre,8.00,0.35,2025-03-09
474,157,coursework,Trabajo 3º trimestre,6.50,0.30,2024-11-06
475,158,exam,Examen 1º trimestre,7.20,0.40,2023-09-30
476,158,practical,Trabajo 2º trimestre,7.00,0.25,2024-05-09
477,158,coursework,Trabajo 3º trimestre,3.50,0.25,2024-01-16
478,158,participation,Trabajo 1º trimestre,4.00,0.10,2024-03-02
479,159,exam,Examen 1º trimestre,8.20,0.40,2025-05-28
480,159,practical,Trabajo 2º trimestre,7.10,0.25,2025-06-06
481,159,coursework,Trabajo 3º trimestre,6.60,0.25,2024-10-19
482,159,participation,Trabajo 1º trimestre,3.10,0.10,2025-05-14
483,160,exam,Examen 1º trimestre,5.30,0.70,2024-05-26
484,160,coursework,Trabajo 2º trimestre,6.10,0.30,2023-12-03
485,161,exam,Examen 1º trimestre,2.90,0.60,2025-04-17
486,161,coursework,Trabajo 2º trimestre,3.80,0.30,2024-10-09
487,161,participation,Trabajo 3º trimestre,5.50,0.10,2025-05-23
488,162,exam,Examen 1º trimestre,3.30,0.35,2025-04-16
489,162,exam,Examen 2º trimestre,7.00,0.35,2025-02-17
490,162,coursework,Trabajo 3º trimestre,2.30,0.30,2025-04-14
491,163,exam,Examen 1º trimestre,6.90,0.35,2023-01-24
492,163,exam,Examen 2º trimestre,7.80,0.35,2023-05-09
493,163,coursework,Trabajo 3º trimestre,7.40,0.30,2023-02-06
494,164,exam,Examen 1º trimestre,10.00,0.70,2023-10-28
495,164,coursework,Trabajo 2º trimestre,7.70,0.30,2023-10-07
496,165,exam,Examen 1º trimestre,7.50,0.60,2024-12-07
497,165,coursework,Trabajo 2º trimestre,8.10,0.30,2025-05-06
498,165,participation,Trabajo 3º trimestre,10.00,0.10,2024-09-20
499,166,exam,Examen 1º trimestre,6.10,0.35,2023-12-02
500,166,exam,Examen 2º trimestre,5.50,0.35,2024-01-04
501,166,coursework,Trabajo 3º trimestre,7.80,0.30,2024-06-18
502,167,exam,Examen 1º trimestre,8.90,0.40,2024-04-06
503,167,practical,Trabajo 2º trimestre,8.70,0.25,2024-03-07
504,167,coursework,Trabajo 3º trimestre,10.00,0.25,2023-10-07
505,167,participation,Trabajo 1º trimestre,9.30,0.10,2024-03-29
506,168,exam,Examen 1º trimestre,9.40,0.60,2023-05-13
507,168,coursework,Trabajo 2º trimestre,8.00,0.30,2022-12-31
508,168,participation,Trabajo 3º trimestre,8.90,0.10,2022-09-24
509,169,exam,Examen 1º trimestre,7.00,0.60,2024-04-14
510,169,coursework,Trabajo 2º trimestre,9.40,0.30,2023-12-11
511,169,participation,Trabajo 3º trimestre,8.70,0.10,2023-11-02
512,170,exam,Examen 1º trimestre,7.00,0.60,2023-02-05
513,170,coursework,Trabajo 2º trimestre,8.10,0.30,2023-02-23
514,170,participation,Trabajo 3º trimestre,6.70,0.10,2023-04-23
515,171,exam,Examen 1º trimestre,8.70,0.40,2024-10-13
516,171,practical,Trabajo 2º trimestre,6.30,0.25,2025-04-28
517,171,coursework,Trabajo 3º trimestre,7.80,0.25,2025-05-08
518,171,participation,Trabajo 1º trimestre,9.60,0.10,2024-11-13
519,172,exam,Examen 1º trimestre,7.30,0.60,2024-11-02
520,172,coursework,Trabajo 2º trimestre,10.00,0.30,2024-09-15
521,172,participation,Trabajo 3º trimestre,7.40,0.10,2025-04-02
522,173,exam,Examen 1º trimestre,7.40,0.35,2023-02-23
523,173,exam,Examen 2º trimestre,9.30,0.35,2023-03-28
524,173,coursework,Trabajo 3º trimestre,5.60,0.30,2023-05-05
525,174,exam,Examen 1º trimestre,3.00,0.35,2023-12-18
526,174,exam,Examen 2º trimestre,4.20,0.35,2023-09-10
527,174,coursework,Trabajo 3º trimestre,4.80,0.30,2024-02-25
528,175,exam,Examen 1º trimestre,6.20,0.35,2025-01-14
529,175,exam,Examen 2º trimestre,5.90,0.35,2025-05-14
530,175,coursework,Trabajo 3º trimestre,4.60,0.30,2024-11-07
531,176,exam,Examen 1º trimestre,3.00,0.40,2024-10-09
532,176,practical,Trabajo 2º trimestre,6.10,0.25,2025-01-01
533,176,coursework,Trabajo 3º trimestre,6.60,0.25,2025-06-01
534,176,participation,Trabajo 1º trimestre,3.00,0.10,2024-10-26
535,177,exam,Examen 1º trimestre,5.00,0.40,2022-10-31
536,177,practical,Trabajo 2º trimestre,2.30,0.25,2023-05-28
537,177,coursework,Trabajo 3º trimestre,3.50,0.25,2023-05-29
538,177,participation,Trabajo 1º trimestre,2.80,0.10,2023-01-07
539,178,exam,Examen 1º trimestre,6.10,0.35,2023-10-23
540,178,exam,Examen 2º trimestre,3.70,0.35,2023-12-17
541,178,coursework,Trabajo 3º trimestre,9.30,0.30,2024-05-29
542,179,exam,Examen 1º trimestre,6.20,0.40,2023-03-03
543,179,practical,Trabajo 2º trimestre,4.30,0.25,2023-02-03
544,179,coursework,Trabajo 3º trimestre,6.50,0.25,2023-04-09
545,179,participation,Trabajo 1º trimestre,6.30,0.10,2022-09-23
546,180,exam,Examen 1º trimestre,6.20,0.70,2025-03-19
547,180,coursework,Trabajo 2º trimestre,6.70,0.30,2025-02-25
548,181,exam,Examen 1º trimestre,7.70,0.40,2025-03-17
549,181,practical,Trabajo 2º trimestre,5.20,0.25,2024-12-07
550,181,coursework,Trabajo 3º trimestre,6.70,0.25,2025-02-03
551,181,participation,Trabajo 1º trimestre,5.80,0.10,2025-02-16
552,182,exam,Examen 1º trimestre,7.90,0.60,2023-02-22
553,182,coursework,Trabajo 2º trimestre,6.00,0.30,2023-06-12
554,182,participation,Trabajo 3º trimestre,8.50,0.10,2023-01-02
555,183,exam,Examen 1º trimestre,8.20,0.40,2025-04-09
556,183,practical,Trabajo 2º trimestre,5.50,0.25,2025-01-14
557,183,coursework,Trabajo 3º trimestre,8.80,0.25,2024-11-01
558,183,participation,Trabajo 1º trimestre,8.30,0.10,2025-05-14
559,184,exam,Examen 1º trimestre,7.60,0.35,2024-11-16
560,184,exam,Examen 2º trimestre,10.00,0.35,2025-05-04
561,184,coursework,Trabajo 3º trimestre,6.20,0.30,2025-02-05
562,185,exam,Examen 1º trimestre,10.00,0.60,2024-12-26
563,185,coursework,Trabajo 2º trimestre,9.20,0.30,2024-11-22
564,185,participation,Trabajo 3º trimestre,6.00,0.10,2025-02-11
565,186,exam,Examen 1º trimestre,7.90,0.35,2024-03-09
566,186,exam,Examen 2º trimestre,6.20,0.35,2023-10-23
567,186,coursework,Trabajo 3º trimestre,7.40,0.30,2023-10-12
568,187,exam,Examen 1º trimestre,6.90,0.70,2025-02-05
569,187,coursework,Trabajo 2º trimestre,10.00,0.30,2024-10-30
570,188,exam,Examen 1º trimestre,8.50,0.40,2024-01-04
571,188,practical,Trabajo 2º trimestre,8.70,0.25,2024-06-08
572,188,coursework,Trabajo 3º trimestre,7.10,0.25,2024-02-07
573,188,participation,Trabajo 1º trimestre,8.20,0.10,2024-02-16
574,189,exam,Examen 1º trimestre,8.40,0.60,2023-02-05
575,189,coursework,Trabajo 2º trimestre,8.80,0.30,2023-03-11
576,189,participation,Trabajo 3º trimestre,8.30,0.10,2022-11-15
577,190,exam,Examen 1º trimestre,5.10,0.35,2023-01-01
578,190,exam,Examen 2º trimestre,10.00,0.35,2023-06-03
579,190,coursework,Trabajo 3º trimestre,9.30,0.30,2023-03-08
580,191,exam,Examen 1º trimestre,6.70,0.35,2025-04-26
581,191,exam,Examen 2º trimestre,9.90,0.35,2025-06-16
582,191,coursework,Trabajo 3º trimestre,10.00,0.30,2024-09-11
583,192,exam,Examen 1º trimestre,8.50,0.70,2022-11-09
584,192,coursework,Trabajo 2º trimestre,7.40,0.30,2023-05-20
585,193,exam,Examen 1º trimestre,7.50,0.40,2025-03-21
586,193,practical,Trabajo 2º trimestre,9.80,0.25,2024-11-02
587,193,coursework,Trabajo 3º trimestre,4.40,0.25,2025-05-08
588,193,participation,Trabajo 1º trimestre,2.90,0.10,2025-04-23
589,194,exam,Examen 1º trimestre,5.70,0.60,2023-01-10
590,194,coursework,Trabajo 2º trimestre,3.80,0.30,2022-12-23
591,194,participation,Trabajo 3º trimestre,9.70,0.10,2023-02-03
592,195,exam,Examen 1º trimestre,6.80,0.60,2022-10-02
593,195,coursework,Trabajo 2º trimestre,7.00,0.30,2023-01-20
594,195,participation,Trabajo 3º trimestre,7.30,0.10,2023-03-17
595,196,exam,Examen 1º trimestre,3.60,0.60,2025-06-17
596,196,coursework,Trabajo 2º trimestre,6.30,0.30,2024-10-08
597,196,participation,Trabajo 3º trimestre,7.20,0.10,2025-01-23
598,197,exam,Examen 1º trimestre,6.70,0.40,2024-04-26
599,197,practical,Trabajo 2º trimestre,6.10,0.25,2023-09-14
600,197,coursework,Trabajo 3º trimestre,8.30,0.25,2023-12-27
601,197,participation,Trabajo 1º trimestre,8.00,0.10,2023-09-27
602,198,exam,Examen 1º trimestre,7.70,0.70,2025-04-14
603,198,coursework,Trabajo 2º trimestre,7.30,0.30,2025-01-22
604,199,exam,Examen 1º trimestre,7.00,0.60,2023-03-09
605,199,coursework,Trabajo 2º trimestre,6.60,0.30,2022-09-09
606,199,participation,Trabajo 3º trimestre,5.50,0.10,2023-03-14
607,200,exam,Examen 1º trimestre,6.10,0.60,2024-10-16
608,200,coursework,Trabajo 2º trimestre,6.30,0.30,2025-05-17
609,200,participation,Trabajo 3º trimestre,7.90,0.10,2025-04-12
610,201,exam,Examen 1º trimestre,4.70,0.40,2024-04-27
611,201,practical,Trabajo 2º trimestre,7.40,0.25,2024-06-01
612,201,coursework,Trabajo 3º trimestre,4.50,0.25,2023-12-12
613,201,participation,Trabajo 1º trimestre,8.50,0.10,2024-05-19
614,202,exam,Examen 1º trimestre,5.50,0.35,2022-09-29
615,202,exam,Examen 2º trimestre,8.90,0.35,2022-11-19
616,202,coursework,Trabajo 3º trimestre,5.30,0.30,2022-10-28
617,203,exam,Examen 1º trimestre,7.00,0.70,2023-05-21
618,203,coursework,Trabajo 2º trimestre,4.70,0.30,2023-03-22
619,204,exam,Examen 1º trimestre,9.10,0.40,2025-06-04
620,204,practical,Trabajo 2º trimestre,9.00,0.25,2025-03-15
621,204,coursework,Trabajo 3º trimestre,9.80,0.25,2025-04-19
622,204,participation,Trabajo 1º trimestre,7.90,0.10,2024-11-11
623,205,exam,Examen 1º trimestre,8.10,0.40,2025-03-20
624,205,practical,Trabajo 2º trimestre,4.70,0.25,2025-06-20
625,205,coursework,Trabajo 3º trimestre,7.00,0.25,2025-02-26
626,205,participation,Trabajo 1º trimestre,5.80,0.10,2024-10-05
627,206,exam,Examen 1º trimestre,8.60,0.60,2023-12-08
628,206,coursework,Trabajo 2º trimestre,5.30,0.30,2023-11-13
629,206,participation,Trabajo 3º trimestre,8.60,0.10,2023-10-25
630,207,exam,Examen 1º trimestre,8.10,0.60,2024-05-11
631,207,coursework,Trabajo 2º trimestre,5.80,0.30,2024-04-24
632,207,participation,Trabajo 3º trimestre,8.50,0.10,2023-11-03
633,208,exam,Examen 1º trimestre,6.40,0.35,2023-05-07
634,208,exam,Examen 2º trimestre,6.30,0.35,2023-03-02
635,208,coursework,Trabajo 3º trimestre,5.90,0.30,2023-02-02
636,209,exam,Examen 1º trimestre,7.30,0.35,2023-03-03
637,209,exam,Examen 2º trimestre,9.10,0.35,2022-09-26
638,209,coursework,Trabajo 3º trimestre,9.80,0.30,2022-12-19
639,210,exam,Examen 1º trimestre,6.70,0.35,2024-06-18
640,210,exam,Examen 2º trimestre,7.10,0.35,2024-06-13
641,210,coursework,Trabajo 3º trimestre,3.30,0.30,2024-05-20
642,211,exam,Examen 1º trimestre,5.00,0.35,2023-03-09
643,211,exam,Examen 2º trimestre,3.70,0.35,2023-05-05
644,211,coursework,Trabajo 3º trimestre,4.90,0.30,2023-04-16
645,212,exam,Examen 1º trimestre,2.70,0.70,2024-11-05
646,212,coursework,Trabajo 2º trimestre,8.30,0.30,2024-12-10
647,213,exam,Examen 1º trimestre,6.30,0.40,2024-12-07
648,213,practical,Trabajo 2º trimestre,4.40,0.25,2025-05-30
649,213,coursework,Trabajo 3º trimestre,7.10,0.25,2025-01-30
650,213,participation,Trabajo 1º trimestre,6.60,0.10,2024-10-04
651,214,exam,Examen 1º trimestre,5.50,0.40,2023-04-18
652,214,practical,Trabajo 2º trimestre,7.20,0.25,2023-05-31
653,214,coursework,Trabajo 3º trimestre,7.10,0.25,2022-11-30
654,214,participation,Trabajo 1º trimestre,6.00,0.10,2022-10-02
655,215,exam,Examen 1º trimestre,5.20,0.70,2025-05-25
656,215,coursework,Trabajo 2º trimestre,4.60,0.30,2024-10-20
657,216,exam,Examen 1º trimestre,3.90,0.60,2024-01-20
658,216,coursework,Trabajo 2º trimestre,4.50,0.30,2024-02-11
659,216,participation,Trabajo 3º trimestre,3.20,0.10,2024-04-15
660,217,exam,Examen 1º trimestre,7.30,0.35,2025-03-08
661,217,exam,Examen 2º trimestre,5.60,0.35,2024-10-17
662,217,coursework,Trabajo 3º trimestre,5.20,0.30,2024-10-03
663,218,exam,Examen 1º trimestre,4.90,0.60,2022-10-13
664,218,coursework,Trabajo 2º trimestre,6.00,0.30,2022-12-26
665,218,participation,Trabajo 3º trimestre,6.00,0.10,2023-04-02
666,219,exam,Examen 1º trimestre,5.30,0.40,2023-03-12
667,219,practical,Trabajo 2º trimestre,7.70,0.25,2023-03-16
668,219,coursework,Trabajo 3º trimestre,3.70,0.25,2022-11-26
669,219,participation,Trabajo 1º trimestre,6.50,0.10,2023-02-07
670,220,exam,Examen 1º trimestre,6.40,0.40,2023-09-15
671,220,practical,Trabajo 2º trimestre,8.40,0.25,2023-12-01
672,220,coursework,Trabajo 3º trimestre,4.40,0.25,2023-11-26
673,220,participation,Trabajo 1º trimestre,2.90,0.10,2024-01-21
674,221,exam,Examen 1º trimestre,4.60,0.60,2024-10-22
675,221,coursework,Trabajo 2º trimestre,4.10,0.30,2024-10-08
676,221,participation,Trabajo 3º trimestre,1.70,0.10,2024-10-09
677,222,exam,Examen 1º trimestre,7.60,0.35,2025-01-15
678,222,exam,Examen 2º trimestre,6.90,0.35,2024-09-13
679,222,coursework,Trabajo 3º trimestre,4.20,0.30,2024-12-23
680,223,exam,Examen 1º trimestre,4.40,0.40,2023-09-24
681,223,practical,Trabajo 2º trimestre,7.00,0.25,2024-04-04
682,223,coursework,Trabajo 3º trimestre,4.00,0.25,2024-02-07
683,223,participation,Trabajo 1º trimestre,4.30,0.10,2023-11-28
684,224,exam,Examen 1º trimestre,4.90,0.40,2022-12-26
685,224,practical,Trabajo 2º trimestre,4.50,0.25,2023-02-06
686,224,coursework,Trabajo 3º trimestre,6.40,0.25,2022-11-24
687,224,participation,Trabajo 1º trimestre,4.70,0.10,2023-01-17
688,225,exam,Examen 1º trimestre,6.60,0.70,2022-12-09
689,225,coursework,Trabajo 2º trimestre,7.30,0.30,2022-11-13
690,226,exam,Examen 1º trimestre,7.30,0.60,2024-01-27
691,226,coursework,Trabajo 2º trimestre,3.40,0.30,2024-03-03
692,226,participation,Trabajo 3º trimestre,7.90,0.10,2024-05-12
693,227,exam,Examen 1º trimestre,6.80,0.70,2024-02-29
694,227,coursework,Trabajo 2º trimestre,6.40,0.30,2024-05-20
695,228,exam,Examen 1º trimestre,7.80,0.60,2024-06-20
696,228,coursework,Trabajo 2º trimestre,3.90,0.30,2024-03-27
697,228,participation,Trabajo 3º trimestre,5.70,0.10,2024-05-11
698,229,exam,Examen 1º trimestre,5.00,0.40,2023-09-21
699,229,practical,Trabajo 2º trimestre,6.50,0.25,2024-02-01
700,229,coursework,Trabajo 3º trimestre,7.20,0.25,2023-11-14
701,229,participation,Trabajo 1º trimestre,2.80,0.10,2023-12-07
702,230,exam,Examen 1º trimestre,6.90,0.40,2025-02-15
703,230,practical,Trabajo 2º trimestre,7.80,0.25,2025-05-18
704,230,coursework,Trabajo 3º trimestre,3.70,0.25,2025-05-01
705,230,participation,Trabajo 1º trimestre,8.10,0.10,2024-11-24
706,231,exam,Examen 1º trimestre,6.30,0.35,2022-12-15
707,231,exam,Examen 2º trimestre,6.50,0.35,2022-11-30
708,231,coursework,Trabajo 3º trimestre,8.30,0.30,2023-02-23
709,232,exam,Examen 1º trimestre,5.80,0.40,2024-11-15
710,232,practical,Trabajo 2º trimestre,5.10,0.25,2025-04-07
711,232,coursework,Trabajo 3º trimestre,5.50,0.25,2024-11-12
712,232,participation,Trabajo 1º trimestre,8.10,0.10,2025-04-16
713,233,exam,Examen 1º trimestre,6.60,0.60,2022-10-01
714,233,coursework,Trabajo 2º trimestre,8.20,0.30,2023-05-21
715,233,participation,Trabajo 3º trimestre,6.10,0.10,2022-10-27
716,234,exam,Examen 1º trimestre,7.30,0.60,2023-12-17
717,234,coursework,Trabajo 2º trimestre,6.00,0.30,2024-01-16
718,234,participation,Trabajo 3º trimestre,6.20,0.10,2024-03-31
719,235,exam,Examen 1º trimestre,6.90,0.35,2025-03-28
720,235,exam,Examen 2º trimestre,5.70,0.35,2025-04-29
721,235,coursework,Trabajo 3º trimestre,7.60,0.30,2025-03-24
722,236,exam,Examen 1º trimestre,7.20,0.35,2025-01-17
723,236,exam,Examen 2º trimestre,7.50,0.35,2025-05-26
724,236,coursework,Trabajo 3º trimestre,8.20,0.30,2024-09-17
725,237,exam,Examen 1º trimestre,4.00,0.70,2023-03-21
726,237,coursework,Trabajo 2º trimestre,6.00,0.30,2023-03-12
727,238,exam,Examen 1º trimestre,7.80,0.35,2025-02-15
728,238,exam,Examen 2º trimestre,10.00,0.35,2025-05-04
729,238,coursework,Trabajo 3º trimestre,7.60,0.30,2025-01-05
730,239,exam,Examen 1º trimestre,7.40,0.35,2022-12-22
731,239,exam,Examen 2º trimestre,8.60,0.35,2022-09-28
732,239,coursework,Trabajo 3º trimestre,9.10,0.30,2023-03-09
733,240,exam,Examen 1º trimestre,5.90,0.70,2023-02-23
734,240,coursework,Trabajo 2º trimestre,9.50,0.30,2023-06-05
735,241,exam,Examen 1º trimestre,10.00,0.60,2022-12-02
736,241,coursework,Trabajo 2º trimestre,6.40,0.30,2022-11-05
737,241,participation,Trabajo 3º trimestre,9.50,0.10,2023-02-07
738,242,exam,Examen 1º trimestre,8.20,0.35,2022-10-11
739,242,exam,Examen 2º trimestre,5.50,0.35,2022-11-18
740,242,coursework,Trabajo 3º trimestre,10.00,0.30,2023-05-28
741,243,exam,Examen 1º trimestre,6.60,0.40,2024-10-22
742,243,practical,Trabajo 2º trimestre,7.80,0.25,2025-03-06
743,243,coursework,Trabajo 3º trimestre,8.00,0.25,2025-05-15
744,243,participation,Trabajo 1º trimestre,8.20,0.10,2025-03-16
745,244,exam,Examen 1º trimestre,9.40,0.35,2023-04-29
746,244,exam,Examen 2º trimestre,7.20,0.35,2022-10-20
747,244,coursework,Trabajo 3º trimestre,5.80,0.30,2022-12-19
748,245,exam,Examen 1º trimestre,6.30,0.70,2024-11-22
749,245,coursework,Trabajo 2º trimestre,7.60,0.30,2025-05-19
750,246,exam,Examen 1º trimestre,5.70,0.60,2025-03-22
751,246,coursework,Trabajo 2º trimestre,5.60,0.30,2024-10-22
752,246,participation,Trabajo 3º trimestre,6.00,0.10,2025-03-23
753,247,exam,Examen 1º trimestre,6.60,0.40,2023-02-14
754,247,practical,Trabajo 2º trimestre,7.80,0.25,2023-06-05
755,247,coursework,Trabajo 3º trimestre,6.00,0.25,2022-11-08
756,247,participation,Trabajo 1º trimestre,7.20,0.10,2022-10-01
757,248,exam,Examen 1º trimestre,6.90,0.60,2024-01-11
758,248,coursework,Trabajo 2º trimestre,6.80,0.30,2023-10-29
759,248,participation,Trabajo 3º trimestre,9.60,0.10,2024-05-25
760,249,exam,Examen 1º trimestre,7.50,0.70,2025-02-27
761,249,coursework,Trabajo 2º trimestre,7.90,0.30,2025-04-28
762,250,exam,Examen 1º trimestre,7.10,0.60,2024-03-11
763,250,coursework,Trabajo 2º trimestre,7.70,0.30,2024-06-11
764,250,participation,Trabajo 3º trimestre,10.00,0.10,2023-09-25
765,251,exam,Examen 1º trimestre,7.70,0.70,2023-04-17
766,251,coursework,Trabajo 2º trimestre,7.60,0.30,2022-09-26
767,252,exam,Examen 1º trimestre,8.30,0.60,2022-11-22
768,252,coursework,Trabajo 2º trimestre,8.60,0.30,2023-05-05
769,252,participation,Trabajo 3º trimestre,7.20,0.10,2022-12-06
770,253,exam,Examen 1º trimestre,7.30,0.60,2024-01-04
771,253,coursework,Trabajo 2º trimestre,4.40,0.30,2024-05-21
772,253,participation,Trabajo 3º trimestre,8.20,0.10,2024-04-11
773,254,exam,Examen 1º trimestre,3.90,0.60,2025-06-04
774,254,coursework,Trabajo 2º trimestre,5.90,0.30,2025-03-09
775,254,participation,Trabajo 3º trimestre,4.30,0.10,2024-12-05
776,255,exam,Examen 1º trimestre,4.40,0.35,2023-01-23
777,255,exam,Examen 2º trimestre,4.60,0.35,2023-03-17
778,255,coursework,Trabajo 3º trimestre,5.30,0.30,2022-12-08
779,256,exam,Examen 1º trimestre,5.70,0.70,2025-04-16
780,256,coursework,Trabajo 2º trimestre,6.30,0.30,2025-04-23
781,257,exam,Examen 1º trimestre,8.90,0.70,2023-03-28
782,257,coursework,Trabajo 2º trimestre,8.10,0.30,2023-01-27
783,258,exam,Examen 1º trimestre,8.50,0.70,2022-09-24
784,258,coursework,Trabajo 2º trimestre,3.20,0.30,2023-02-26
785,259,exam,Examen 1º trimestre,4.70,0.40,2023-02-19
786,259,practical,Trabajo 2º trimestre,6.10,0.25,2023-03-15
787,259,coursework,Trabajo 3º trimestre,4.00,0.25,2023-01-21
788,259,participation,Trabajo 1º trimestre,6.30,0.10,2023-02-05
789,260,exam,Examen 1º trimestre,7.90,0.40,2023-03-31
790,260,practical,Trabajo 2º trimestre,5.00,0.25,2022-10-10
791,260,coursework,Trabajo 3º trimestre,8.70,0.25,2023-04-06
792,260,participation,Trabajo 1º trimestre,6.30,0.10,2023-03-09
793,261,exam,Examen 1º trimestre,6.90,0.70,2024-12-12
794,261,coursework,Trabajo 2º trimestre,6.40,0.30,2025-02-23
795,262,exam,Examen 1º trimestre,8.00,0.70,2025-02-09
796,262,coursework,Trabajo 2º trimestre,5.50,0.30,2025-06-14
797,263,exam,Examen 1º trimestre,6.70,0.35,2022-11-24
798,263,exam,Examen 2º trimestre,4.50,0.35,2022-10-12
799,263,coursework,Trabajo 3º trimestre,5.60,0.30,2022-09-17
800,264,exam,Examen 1º trimestre,1.60,0.60,2024-05-13
801,264,coursework,Trabajo 2º trimestre,4.70,0.30,2024-06-10
802,264,participation,Trabajo 3º trimestre,7.10,0.10,2023-10-07
803,265,exam,Examen 1º trimestre,4.60,0.40,2024-03-06
804,265,practical,Trabajo 2º trimestre,6.10,0.25,2024-01-06
805,265,coursework,Trabajo 3º trimestre,8.10,0.25,2023-12-18
806,265,participation,Trabajo 1º trimestre,7.00,0.10,2024-05-23
807,266,exam,Examen 1º trimestre,7.80,0.60,2023-12-10
808,266,coursework,Trabajo 2º trimestre,8.10,0.30,2024-05-04
809,266,participation,Trabajo 3º trimestre,5.20,0.10,2024-02-16
810,267,exam,Examen 1º trimestre,8.60,0.70,2022-12-30
811,267,coursework,Trabajo 2º trimestre,4.60,0.30,2022-10-21
812,268,exam,Examen 1º trimestre,7.40,0.40,2023-12-05
813,268,practical,Trabajo 2º trimestre,10.00,0.25,2024-04-13
814,268,coursework,Trabajo 3º trimestre,8.00,0.25,2023-11-25
815,268,participation,Trabajo 1º trimestre,7.70,0.10,2023-09-26
816,269,exam,Examen 1º trimestre,9.40,0.70,2025-03-08
817,269,coursework,Trabajo 2º trimestre,7.20,0.30,2024-10-03
818,270,exam,Examen 1º trimestre,9.40,0.35,2024-03-06
819,270,exam,Examen 2º trimestre,5.40,0.35,2024-03-30
820,270,coursework,Trabajo 3º trimestre,6.50,0.30,2024-03-08
821,271,exam,Examen 1º trimestre,9.00,0.40,2025-06-16
822,271,practical,Trabajo 2º trimestre,6.60,0.25,2025-01-23
823,271,coursework,Trabajo 3º trimestre,7.80,0.25,2024-11-22
824,271,participation,Trabajo 1º trimestre,7.30,0.10,2025-01-26
825,272,exam,Examen 1º trimestre,8.40,0.70,2022-10-05
826,272,coursework,Trabajo 2º trimestre,8.10,0.30,2022-12-03
827,273,exam,Examen 1º trimestre,6.40,0.60,2022-09-16
828,273,coursework,Trabajo 2º trimestre,8.80,0.30,2022-09-29
829,273,participation,Trabajo 3º trimestre,10.00,0.10,2023-04-22
830,274,exam,Examen 1º trimestre,5.00,0.35,2024-05-08
831,274,exam,Examen 2º trimestre,5.30,0.35,2023-12-03
832,274,coursework,Trabajo 3º trimestre,8.60,0.30,2024-06-09
833,275,exam,Examen 1º trimestre,6.50,0.35,2024-02-21
834,275,exam,Examen 2º trimestre,6.20,0.35,2023-11-30
835,275,coursework,Trabajo 3º trimestre,3.00,0.30,2023-11-20
836,276,exam,Examen 1º trimestre,7.60,0.60,2025-02-16
837,276,coursework,Trabajo 2º trimestre,8.50,0.30,2024-12-16
838,276,participation,Trabajo 3º trimestre,4.30,0.10,2024-11-14
839,277,exam,Examen 1º trimestre,4.70,0.40,2025-01-19
840,277,practical,Trabajo 2º trimestre,7.20,0.25,2024-09-28
841,277,coursework,Trabajo 3º trimestre,6.30,0.25,2025-06-17
842,277,participation,Trabajo 1º trimestre,8.60,0.10,2024-09-25
843,278,exam,Examen 1º trimestre,7.20,0.35,2024-12-16
844,278,exam,Examen 2º trimestre,5.20,0.35,2024-09-17
845,278,coursework,Trabajo 3º trimestre,7.10,0.30,2025-02-02
846,279,exam,Examen 1º trimestre,7.60,0.60,2023-11-14
847,279,coursework,Trabajo 2º trimestre,7.40,0.30,2023-11-29
848,279,participation,Trabajo 3º trimestre,8.10,0.10,2024-05-17
849,280,exam,Examen 1º trimestre,6.80,0.35,2024-11-09
850,280,exam,Examen 2º trimestre,5.60,0.35,2024-09-27
851,280,coursework,Trabajo 3º trimestre,6.70,0.30,2025-01-01
852,281,exam,Examen 1º trimestre,7.00,0.35,2024-05-15
853,281,exam,Examen 2º trimestre,5.00,0.35,2024-04-02
854,281,coursework,Trabajo 3º trimestre,6.50,0.30,2024-06-10
855,282,exam,Examen 1º trimestre,4.10,0.70,2023-12-16
856,282,coursework,Trabajo 2º trimestre,6.70,0.30,2024-04-02
857,283,exam,Examen 1º trimestre,6.40,0.35,2023-01-18
858,283,exam,Examen 2º trimestre,5.30,0.35,2023-04-28
859,283,coursework,Trabajo 3º trimestre,4.70,0.30,2022-12-23
860,284,exam,Examen 1º trimestre,4.50,0.35,2025-03-17
861,284,exam,Examen 2º trimestre,4.30,0.35,2024-09-16
862,284,coursework,Trabajo 3º trimestre,5.40,0.30,2024-09-23
863,285,exam,Examen 1º trimestre,7.70,0.70,2025-01-28
864,285,coursework,Trabajo 2º trimestre,2.60,0.30,2024-11-09
865,286,exam,Examen 1º trimestre,5.70,0.70,2023-03-19
866,286,coursework,Trabajo 2º trimestre,6.10,0.30,2022-12-12
867,287,exam,Examen 1º trimestre,10.00,0.60,2024-04-07
868,287,coursework,Trabajo 2º trimestre,8.30,0.30,2024-05-04
869,287,participation,Trabajo 3º trimestre,4.70,0.10,2024-01-02
870,288,exam,Examen 1º trimestre,5.50,0.60,2025-02-18
871,288,coursework,Trabajo 2º trimestre,2.90,0.30,2025-05-02
872,288,participation,Trabajo 3º trimestre,4.60,0.10,2025-03-19
873,289,exam,Examen 1º trimestre,8.20,0.35,2025-03-08
874,289,exam,Examen 2º trimestre,10.00,0.35,2025-01-05
875,289,coursework,Trabajo 3º trimestre,8.20,0.30,2024-09-19
876,290,exam,Examen 1º trimestre,5.80,0.35,2025-03-26
877,290,exam,Examen 2º trimestre,3.10,0.35,2025-02-16
878,290,coursework,Trabajo 3º trimestre,6.10,0.30,2025-03-06
879,291,exam,Examen 1º trimestre,6.40,0.35,2023-05-30
880,291,exam,Examen 2º trimestre,8.10,0.35,2022-10-05
881,291,coursework,Trabajo 3º trimestre,4.80,0.30,2023-06-19
882,292,exam,Examen 1º trimestre,8.50,0.60,2025-05-26
883,292,coursework,Trabajo 2º trimestre,8.00,0.30,2025-05-02
884,292,participation,Trabajo 3º trimestre,7.00,0.10,2024-12-01
885,293,exam,Examen 1º trimestre,7.50,0.40,2024-04-12
886,293,practical,Trabajo 2º trimestre,2.00,0.25,2024-02-12
887,293,coursework,Trabajo 3º trimestre,4.80,0.25,2024-03-22
888,293,participation,Trabajo 1º trimestre,4.90,0.10,2024-06-13
889,294,exam,Examen 1º trimestre,3.90,0.70,2025-05-18
890,294,coursework,Trabajo 2º trimestre,6.20,0.30,2025-05-19
891,295,exam,Examen 1º trimestre,6.70,0.35,2024-10-07
892,295,exam,Examen 2º trimestre,9.20,0.35,2025-05-25
893,295,coursework,Trabajo 3º trimestre,7.30,0.30,2025-01-14
894,296,exam,Examen 1º trimestre,7.50,0.40,2022-11-23
895,296,practical,Trabajo 2º trimestre,6.80,0.25,2022-11-03
896,296,coursework,Trabajo 3º trimestre,3.80,0.25,2023-01-24
897,296,participation,Trabajo 1º trimestre,4.30,0.10,2023-04-02
898,297,exam,Examen 1º trimestre,6.30,0.35,2022-11-22
899,297,exam,Examen 2º trimestre,6.90,0.35,2022-12-04
900,297,coursework,Trabajo 3º trimestre,5.80,0.30,2023-06-11
901,298,exam,Examen 1º trimestre,6.50,0.35,2024-01-22
902,298,exam,Examen 2º trimestre,7.80,0.35,2023-10-27
903,298,coursework,Trabajo 3º trimestre,5.90,0.30,2023-11-29
904,299,exam,Examen 1º trimestre,7.10,0.35,2025-02-06
905,299,exam,Examen 2º trimestre,5.20,0.35,2025-06-06
906,299,coursework,Trabajo 3º trimestre,6.70,0.30,2024-10-21
907,300,exam,Examen 1º trimestre,6.30,0.40,2024-01-19
908,300,practical,Trabajo 2º trimestre,7.70,0.25,2024-02-15
909,300,coursework,Trabajo 3º trimestre,4.50,0.25,2023-09-25
910,300,participation,Trabajo 1º trimestre,4.90,0.10,2024-02-20
911,301,exam,Examen 1º trimestre,4.60,0.40,2024-10-10
912,301,practical,Trabajo 2º trimestre,5.40,0.25,2024-12-03
913,301,coursework,Trabajo 3º trimestre,3.30,0.25,2025-04-10
914,301,participation,Trabajo 1º trimestre,6.10,0.10,2025-04-29
915,302,exam,Examen 1º trimestre,5.00,0.70,2025-02-06
916,302,coursework,Trabajo 2º trimestre,3.60,0.30,2025-03-27
917,303,exam,Examen 1º trimestre,4.20,0.70,2023-05-10
918,303,coursework,Trabajo 2º trimestre,3.40,0.30,2023-05-12
919,304,exam,Examen 1º trimestre,4.00,0.70,2024-11-08
920,304,coursework,Trabajo 2º trimestre,5.90,0.30,2025-04-19
921,305,exam,Examen 1º trimestre,5.40,0.60,2024-01-24
922,305,coursework,Trabajo 2º trimestre,7.80,0.30,2024-01-20
923,305,participation,Trabajo 3º trimestre,4.70,0.10,2023-10-08
924,306,exam,Examen 1º trimestre,7.50,0.40,2023-03-09
925,306,practical,Trabajo 2º trimestre,4.70,0.25,2023-05-21
926,306,coursework,Trabajo 3º trimestre,10.00,0.25,2023-05-24
927,306,participation,Trabajo 1º trimestre,6.00,0.10,2023-02-18
928,307,exam,Examen 1º trimestre,7.40,0.40,2024-06-09
929,307,practical,Trabajo 2º trimestre,8.20,0.25,2024-04-14
930,307,coursework,Trabajo 3º trimestre,3.70,0.25,2023-11-11
931,307,participation,Trabajo 1º trimestre,7.60,0.10,2023-11-24
932,308,exam,Examen 1º trimestre,7.30,0.35,2024-12-29
933,308,exam,Examen 2º trimestre,5.30,0.35,2025-06-20
934,308,coursework,Trabajo 3º trimestre,5.60,0.30,2025-06-17
935,309,exam,Examen 1º trimestre,6.50,0.60,2025-04-18
936,309,coursework,Trabajo 2º trimestre,5.90,0.30,2024-10-14
937,309,participation,Trabajo 3º trimestre,6.80,0.10,2024-09-24
938,310,exam,Examen 1º trimestre,6.20,0.70,2023-01-31
939,310,coursework,Trabajo 2º trimestre,6.00,0.30,2023-02-04
940,311,exam,Examen 1º trimestre,4.20,0.70,2023-10-22
941,311,coursework,Trabajo 2º trimestre,8.40,0.30,2024-05-08
942,312,exam,Examen 1º trimestre,6.40,0.35,2023-09-17
943,312,exam,Examen 2º trimestre,2.60,0.35,2023-09-23
944,312,coursework,Trabajo 3º trimestre,6.80,0.30,2023-11-09
945,313,exam,Examen 1º trimestre,4.40,0.35,2025-06-04
946,313,exam,Examen 2º trimestre,3.60,0.35,2025-01-29
947,313,coursework,Trabajo 3º trimestre,5.00,0.30,2024-11-10
948,314,exam,Examen 1º trimestre,5.80,0.35,2023-12-14
949,314,exam,Examen 2º trimestre,8.90,0.35,2024-02-26
950,314,coursework,Trabajo 3º trimestre,5.80,0.30,2024-04-14
951,315,exam,Examen 1º trimestre,5.20,0.70,2024-03-24
952,315,coursework,Trabajo 2º trimestre,9.80,0.30,2023-09-21
953,316,exam,Examen 1º trimestre,2.30,0.35,2023-02-26
954,316,exam,Examen 2º trimestre,2.70,0.35,2022-12-12
955,316,coursework,Trabajo 3º trimestre,4.30,0.30,2022-12-07
956,317,exam,Examen 1º trimestre,6.50,0.60,2025-01-24
957,317,coursework,Trabajo 2º trimestre,5.50,0.30,2025-01-27
958,317,participation,Trabajo 3º trimestre,6.20,0.10,2025-02-13
959,318,exam,Examen 1º trimestre,7.20,0.40,2022-12-10
960,318,practical,Trabajo 2º trimestre,6.70,0.25,2023-04-12
961,318,coursework,Trabajo 3º trimestre,2.20,0.25,2022-11-16
962,318,participation,Trabajo 1º trimestre,4.00,0.10,2022-10-19
963,319,exam,Examen 1º trimestre,3.90,0.70,2023-12-22
964,319,coursework,Trabajo 2º trimestre,5.10,0.30,2023-11-29
965,320,exam,Examen 1º trimestre,3.80,0.60,2025-03-13
966,320,coursework,Trabajo 2º trimestre,4.00,0.30,2024-09-10
967,320,participation,Trabajo 3º trimestre,5.70,0.10,2025-01-21
968,321,exam,Examen 1º trimestre,8.50,0.70,2024-12-04
969,321,coursework,Trabajo 2º trimestre,5.70,0.30,2024-12-15
970,322,exam,Examen 1º trimestre,10.00,0.70,2023-04-12
971,322,coursework,Trabajo 2º trimestre,8.70,0.30,2023-05-25
972,323,exam,Examen 1º trimestre,8.50,0.70,2023-03-17
973,323,coursework,Trabajo 2º trimestre,8.60,0.30,2023-02-04
974,324,exam,Examen 1º trimestre,8.10,0.35,2023-01-01
975,324,exam,Examen 2º trimestre,5.40,0.35,2023-01-03
976,324,coursework,Trabajo 3º trimestre,8.90,0.30,2023-03-21
977,325,exam,Examen 1º trimestre,4.50,0.70,2022-12-23
978,325,coursework,Trabajo 2º trimestre,7.50,0.30,2022-12-24
979,326,exam,Examen 1º trimestre,8.30,0.70,2022-09-21
980,326,coursework,Trabajo 2º trimestre,5.40,0.30,2023-03-20
981,327,exam,Examen 1º trimestre,6.80,0.60,2023-10-26
982,327,coursework,Trabajo 2º trimestre,7.80,0.30,2024-05-28
983,327,participation,Trabajo 3º trimestre,7.80,0.10,2023-09-16
984,328,exam,Examen 1º trimestre,3.30,0.60,2025-02-25
985,328,coursework,Trabajo 2º trimestre,6.50,0.30,2025-05-31
986,328,participation,Trabajo 3º trimestre,6.90,0.10,2025-03-30
987,329,exam,Examen 1º trimestre,6.00,0.60,2024-10-31
988,329,coursework,Trabajo 2º trimestre,7.80,0.30,2024-12-04
989,329,participation,Trabajo 3º trimestre,3.30,0.10,2025-03-10
990,330,exam,Examen 1º trimestre,4.80,0.60,2023-03-06
991,330,coursework,Trabajo 2º trimestre,4.80,0.30,2023-01-22
992,330,participation,Trabajo 3º trimestre,8.80,0.10,2023-05-27
993,331,exam,Examen 1º trimestre,5.90,0.70,2024-03-25
994,331,coursework,Trabajo 2º trimestre,3.80,0.30,2024-05-07
995,332,exam,Examen 1º trimestre,3.70,0.35,2023-12-26
996,332,exam,Examen 2º trimestre,5.20,0.35,2023-11-20
997,332,coursework,Trabajo 3º trimestre,6.00,0.30,2024-04-06
998,333,exam,Examen 1º trimestre,4.40,0.40,2023-01-25
999,333,practical,Trabajo 2º trimestre,6.90,0.25,2023-01-17
1000,333,coursework,Trabajo 3º trimestre,5.90,0.25,2023-01-09
1001,333,participation,Trabajo 1º trimestre,7.70,0.10,2023-06-17
1002,334,exam,Examen 1º trimestre,5.70,0.60,2024-11-08
1003,334,coursework,Trabajo 2º trimestre,7.50,0.30,2025-02-04
1004,334,participation,Trabajo 3º trimestre,7.20,0.10,2024-10-05
1005,335,exam,Examen 1º trimestre,9.30,0.40,2025-03-02
1006,335,practical,Trabajo 2º trimestre,6.70,0.25,2024-10-02
1007,335,coursework,Trabajo 3º trimestre,7.40,0.25,2025-03-07
1008,335,participation,Trabajo 1º trimestre,8.80,0.10,2024-10-24
1009,336,exam,Examen 1º trimestre,3.90,0.70,2022-10-03
1010,336,coursework,Trabajo 2º trimestre,6.90,0.30,2023-02-05
1011,337,exam,Examen 1º trimestre,3.70,0.35,2025-04-03
1012,337,exam,Examen 2º trimestre,5.10,0.35,2025-02-18
1013,337,coursework,Trabajo 3º trimestre,4.60,0.30,2025-04-10
1014,338,exam,Examen 1º trimestre,2.70,0.70,2025-01-12
1015,338,coursework,Trabajo 2º trimestre,6.20,0.30,2024-12-10
1016,339,exam,Examen 1º trimestre,4.70,0.60,2024-04-19
1017,339,coursework,Trabajo 2º trimestre,5.70,0.30,2023-12-22
1018,339,participation,Trabajo 3º trimestre,7.60,0.10,2023-11-15
1019,340,exam,Examen 1º trimestre,8.30,0.70,2025-02-03
1020,340,coursework,Trabajo 2º trimestre,5.70,0.30,2025-05-02
1021,341,exam,Examen 1º trimestre,6.90,0.40,2025-02-17
1022,341,practical,Trabajo 2º trimestre,7.90,0.25,2024-09-23
1023,341,coursework,Trabajo 3º trimestre,8.40,0.25,2024-12-03
1024,341,participation,Trabajo 1º trimestre,7.60,0.10,2025-02-03
1025,342,exam,Examen 1º trimestre,6.50,0.40,2023-01-05
1026,342,practical,Trabajo 2º trimestre,9.90,0.25,2023-01-03
1027,342,coursework,Trabajo 3º trimestre,7.80,0.25,2023-01-07
1028,342,participation,Trabajo 1º trimestre,8.30,0.10,2023-04-29
1029,343,exam,Examen 1º trimestre,7.70,0.70,2024-12-19
1030,343,coursework,Trabajo 2º trimestre,7.00,0.30,2024-11-05
1031,344,exam,Examen 1º trimestre,6.10,0.60,2023-06-09
1032,344,coursework,Trabajo 2º trimestre,4.60,0.30,2023-05-26
1033,344,participation,Trabajo 3º trimestre,9.00,0.10,2022-11-22
1034,345,exam,Examen 1º trimestre,6.60,0.40,2024-06-04
1035,345,practical,Trabajo 2º trimestre,9.90,0.25,2024-06-08
1036,345,coursework,Trabajo 3º trimestre,8.60,0.25,2024-03-20
1037,345,participation,Trabajo 1º trimestre,7.60,0.10,2023-11-25
1038,346,exam,Examen 1º trimestre,6.70,0.35,2024-10-05
1039,346,exam,Examen 2º trimestre,4.60,0.35,2024-11-10
1040,346,coursework,Trabajo 3º trimestre,3.70,0.30,2025-03-21
1041,347,exam,Examen 1º trimestre,7.10,0.60,2024-06-08
1042,347,coursework,Trabajo 2º trimestre,3.50,0.30,2024-01-29
1043,347,participation,Trabajo 3º trimestre,1.50,0.10,2024-03-23
1044,348,exam,Examen 1º trimestre,4.20,0.70,2024-03-28
1045,348,coursework,Trabajo 2º trimestre,8.50,0.30,2024-05-20
1046,349,exam,Examen 1º trimestre,6.30,0.60,2023-01-15
1047,349,coursework,Trabajo 2º trimestre,4.60,0.30,2023-05-18
1048,349,participation,Trabajo 3º trimestre,5.00,0.10,2022-10-10
1049,350,exam,Examen 1º trimestre,8.00,0.70,2024-03-08
1050,350,coursework,Trabajo 2º trimestre,4.10,0.30,2024-03-19
1051,351,exam,Examen 1º trimestre,6.30,0.35,2024-12-21
1052,351,exam,Examen 2º trimestre,6.50,0.35,2024-11-01
1053,351,coursework,Trabajo 3º trimestre,7.30,0.30,2024-12-18
1054,352,exam,Examen 1º trimestre,8.10,0.60,2024-01-09
1055,352,coursework,Trabajo 2º trimestre,8.00,0.30,2023-11-09
1056,352,participation,Trabajo 3º trimestre,7.80,0.10,2024-04-27
1057,353,exam,Examen 1º trimestre,5.40,0.40,2023-05-01
1058,353,practical,Trabajo 2º trimestre,6.30,0.25,2022-12-29
1059,353,coursework,Trabajo 3º trimestre,7.40,0.25,2022-12-26
1060,353,participation,Trabajo 1º trimestre,4.90,0.10,2022-11-30
1061,354,exam,Examen 1º trimestre,7.60,0.70,2024-01-18
1062,354,coursework,Trabajo 2º trimestre,7.90,0.30,2023-10-17
1063,355,exam,Examen 1º trimestre,6.60,0.70,2025-04-13
1064,355,coursework,Trabajo 2º trimestre,2.30,0.30,2025-04-01
1065,356,exam,Examen 1º trimestre,5.50,0.70,2022-12-21
1066,356,coursework,Trabajo 2º trimestre,5.40,0.30,2023-01-17
1067,357,exam,Examen 1º trimestre,7.70,0.60,2024-09-09
1068,357,coursework,Trabajo 2º trimestre,4.70,0.30,2025-01-04
1069,357,participation,Trabajo 3º trimestre,6.20,0.10,2025-03-27
1070,358,exam,Examen 1º trimestre,6.60,0.70,2024-04-03
1071,358,coursework,Trabajo 2º trimestre,5.30,0.30,2023-09-26
1072,359,exam,Examen 1º trimestre,5.70,0.35,2023-01-14
1073,359,exam,Examen 2º trimestre,8.00,0.35,2022-11-05
1074,359,coursework,Trabajo 3º trimestre,7.10,0.30,2022-12-13
1075,360,exam,Examen 1º trimestre,6.30,0.70,2025-02-19
1076,360,coursework,Trabajo 2º trimestre,5.10,0.30,2024-10-28
1077,361,exam,Examen 1º trimestre,5.10,0.70,2025-02-08
1078,361,coursework,Trabajo 2º trimestre,7.90,0.30,2024-09-27
1079,362,exam,Examen 1º trimestre,7.40,0.35,2023-11-03
1080,362,exam,Examen 2º trimestre,3.20,0.35,2024-02-19
1081,362,coursework,Trabajo 3º trimestre,5.50,0.30,2024-04-27
1082,363,exam,Examen 1º trimestre,2.90,0.40,2023-05-24
1083,363,practical,Trabajo 2º trimestre,7.00,0.25,2022-10-19
1084,363,coursework,Trabajo 3º trimestre,4.40,0.25,2023-01-04
1085,363,participation,Trabajo 1º trimestre,5.20,0.10,2023-03-11
1086,364,exam,Examen 1º trimestre,4.30,0.70,2025-02-23
1087,364,coursework,Trabajo 2º trimestre,8.70,0.30,2024-09-21
1088,365,exam,Examen 1º trimestre,5.60,0.60,2022-12-23
1089,365,coursework,Trabajo 2º trimestre,2.70,0.30,2022-12-04
1090,365,participation,Trabajo 3º trimestre,4.80,0.10,2022-10-22
1091,366,exam,Examen 1º trimestre,5.20,0.35,2024-11-10
1092,366,exam,Examen 2º trimestre,3.40,0.35,2024-10-01
1093,366,coursework,Trabajo 3º trimestre,5.80,0.30,2025-06-18
1094,367,exam,Examen 1º trimestre,3.40,0.60,2024-10-02
1095,367,coursework,Trabajo 2º trimestre,1.20,0.30,2025-02-09
1096,367,participation,Trabajo 3º trimestre,4.90,0.10,2025-06-13
1097,368,exam,Examen 1º trimestre,0.50,0.60,2025-05-09
1098,368,coursework,Trabajo 2º trimestre,3.20,0.30,2024-12-13
1099,368,participation,Trabajo 3º trimestre,0.60,0.10,2024-09-17
1100,369,exam,Examen 1º trimestre,4.20,0.35,2022-12-13
1101,369,exam,Examen 2º trimestre,3.40,0.35,2022-12-10
1102,369,coursework,Trabajo 3º trimestre,3.20,0.30,2023-05-21
1103,370,exam,Examen 1º trimestre,8.60,0.35,2022-12-22
1104,370,exam,Examen 2º trimestre,6.40,0.35,2023-04-24
1105,370,coursework,Trabajo 3º trimestre,7.20,0.30,2023-04-18
1106,371,exam,Examen 1º trimestre,4.20,0.40,2024-12-02
1107,371,practical,Trabajo 2º trimestre,6.20,0.25,2025-01-24
1108,371,coursework,Trabajo 3º trimestre,5.50,0.25,2025-01-03
1109,371,participation,Trabajo 1º trimestre,4.80,0.10,2025-03-21
1110,372,exam,Examen 1º trimestre,7.30,0.35,2023-09-25
1111,372,exam,Examen 2º trimestre,5.10,0.35,2024-02-04
1112,372,coursework,Trabajo 3º trimestre,5.30,0.30,2024-03-26
1113,373,exam,Examen 1º trimestre,5.90,0.35,2024-04-12
1114,373,exam,Examen 2º trimestre,6.80,0.35,2023-12-16
1115,373,coursework,Trabajo 3º trimestre,8.20,0.30,2024-03-26
1116,374,exam,Examen 1º trimestre,3.40,0.60,2024-12-12
1117,374,coursework,Trabajo 2º trimestre,5.90,0.30,2024-12-27
1118,374,participation,Trabajo 3º trimestre,4.70,0.10,2025-04-04
1119,375,exam,Examen 1º trimestre,7.30,0.40,2025-05-29
1120,375,practical,Trabajo 2º trimestre,5.60,0.25,2025-01-13
1121,375,coursework,Trabajo 3º trimestre,3.90,0.25,2025-02-25
1122,375,participation,Trabajo 1º trimestre,3.60,0.10,2025-05-20
1123,376,exam,Examen 1º trimestre,5.40,0.70,2024-04-30
1124,376,coursework,Trabajo 2º trimestre,5.00,0.30,2023-10-18
1125,377,exam,Examen 1º trimestre,7.00,0.40,2022-11-17
1126,377,practical,Trabajo 2º trimestre,6.40,0.25,2023-01-05
1127,377,coursework,Trabajo 3º trimestre,8.40,0.25,2022-10-29
1128,377,participation,Trabajo 1º trimestre,8.50,0.10,2022-12-31
1129,378,exam,Examen 1º trimestre,9.90,0.40,2024-04-02
1130,378,practical,Trabajo 2º trimestre,9.10,0.25,2023-11-22
1131,378,coursework,Trabajo 3º trimestre,7.20,0.25,2024-04-19
1132,378,participation,Trabajo 1º trimestre,8.60,0.10,2023-10-18
1133,379,exam,Examen 1º trimestre,7.80,0.70,2023-06-15
1134,379,coursework,Trabajo 2º trimestre,9.30,0.30,2022-10-08
1135,380,exam,Examen 1º trimestre,6.00,0.40,2022-11-28
1136,380,practical,Trabajo 2º trimestre,7.80,0.25,2023-02-07
1137,380,coursework,Trabajo 3º trimestre,4.40,0.25,2023-04-19
1138,380,participation,Trabajo 1º trimestre,4.90,0.10,2023-01-27
1139,381,exam,Examen 1º trimestre,7.60,0.35,2023-05-30
1140,381,exam,Examen 2º trimestre,4.80,0.35,2023-05-28
1141,381,coursework,Trabajo 3º trimestre,5.10,0.30,2023-03-19
1142,382,exam,Examen 1º trimestre,4.00,0.40,2024-02-23
1143,382,practical,Trabajo 2º trimestre,3.10,0.25,2024-05-19
1144,382,coursework,Trabajo 3º trimestre,4.10,0.25,2023-11-18
1145,382,participation,Trabajo 1º trimestre,3.90,0.10,2023-12-27
1146,383,exam,Examen 1º trimestre,2.70,0.60,2023-02-24
1147,383,coursework,Trabajo 2º trimestre,6.40,0.30,2023-06-16
1148,383,participation,Trabajo 3º trimestre,4.70,0.10,2022-11-28
1149,384,exam,Examen 1º trimestre,6.50,0.35,2025-04-26
1150,384,exam,Examen 2º trimestre,8.00,0.35,2025-01-05
1151,384,coursework,Trabajo 3º trimestre,8.70,0.30,2025-03-09
1152,385,exam,Examen 1º trimestre,6.90,0.60,2025-01-22
1153,385,coursework,Trabajo 2º trimestre,6.80,0.30,2025-04-23
1154,385,participation,Trabajo 3º trimestre,8.10,0.10,2025-03-28
1155,386,exam,Examen 1º trimestre,6.20,0.35,2022-12-27
1156,386,exam,Examen 2º trimestre,6.00,0.35,2023-05-22
1157,386,coursework,Trabajo 3º trimestre,4.10,0.30,2023-02-15
1158,387,exam,Examen 1º trimestre,3.80,0.70,2024-11-29
1159,387,coursework,Trabajo 2º trimestre,5.00,0.30,2025-04-29
1160,388,exam,Examen 1º trimestre,5.80,0.60,2025-04-02
1161,388,coursework,Trabajo 2º trimestre,5.80,0.30,2024-11-18
1162,388,participation,Trabajo 3º trimestre,4.90,0.10,2024-12-02
1163,389,exam,Examen 1º trimestre,10.00,0.70,2024-09-24
1164,389,coursework,Trabajo 2º trimestre,8.00,0.30,2025-04-26
1165,390,exam,Examen 1º trimestre,8.90,0.70,2022-10-09
1166,390,coursework,Trabajo 2º trimestre,6.00,0.30,2023-03-04
1167,391,exam,Examen 1º trimestre,8.00,0.35,2024-10-21
1168,391,exam,Examen 2º trimestre,6.50,0.35,2024-11-09
1169,391,coursework,Trabajo 3º trimestre,6.00,0.30,2024-11-08
1170,392,exam,Examen 1º trimestre,5.50,0.60,2025-06-17
1171,392,coursework,Trabajo 2º trimestre,8.70,0.30,2025-05-30
1172,392,participation,Trabajo 3º trimestre,9.50,0.10,2024-12-28
1173,393,exam,Examen 1º trimestre,6.80,0.40,2023-12-02
1174,393,practical,Trabajo 2º trimestre,7.10,0.25,2024-02-27
1175,393,coursework,Trabajo 3º trimestre,0.70,0.25,2023-09-10
1176,393,participation,Trabajo 1º trimestre,5.00,0.10,2023-10-05
1177,394,exam,Examen 1º trimestre,4.40,0.40,2022-11-12
1178,394,practical,Trabajo 2º trimestre,2.90,0.25,2023-06-20
1179,394,coursework,Trabajo 3º trimestre,2.90,0.25,2022-10-16
1180,394,participation,Trabajo 1º trimestre,2.50,0.10,2022-12-25
1181,395,exam,Examen 1º trimestre,5.90,0.60,2023-12-29
1182,395,coursework,Trabajo 2º trimestre,5.40,0.30,2023-09-23
1183,395,participation,Trabajo 3º trimestre,3.80,0.10,2024-06-06
1184,396,exam,Examen 1º trimestre,6.50,0.70,2022-12-20
1185,396,coursework,Trabajo 2º trimestre,6.50,0.30,2023-01-13
1186,397,exam,Examen 1º trimestre,4.30,0.40,2022-11-20
1187,397,practical,Trabajo 2º trimestre,5.60,0.25,2023-05-28
1188,397,coursework,Trabajo 3º trimestre,5.70,0.25,2023-01-20
1189,397,participation,Trabajo 1º trimestre,2.50,0.10,2022-09-23
1190,398,exam,Examen 1º trimestre,5.60,0.70,2024-06-19
1191,398,coursework,Trabajo 2º trimestre,5.90,0.30,2023-09-23
1192,399,exam,Examen 1º trimestre,3.70,0.35,2022-12-26
1193,399,exam,Examen 2º trimestre,4.60,0.35,2022-12-01
1194,399,coursework,Trabajo 3º trimestre,6.40,0.30,2023-05-17
1195,400,exam,Examen 1º trimestre,6.00,0.35,2022-12-27
1196,400,exam,Examen 2º trimestre,5.10,0.35,2023-05-12
1197,400,coursework,Trabajo 3º trimestre,5.00,0.30,2022-12-08
1198,401,exam,Examen 1º trimestre,5.40,0.70,2023-05-07
1199,401,coursework,Trabajo 2º trimestre,7.30,0.30,2022-11-02
1200,402,exam,Examen 1º trimestre,4.00,0.35,2022-11-08
1201,402,exam,Examen 2º trimestre,8.00,0.35,2023-01-31
1202,402,coursework,Trabajo 3º trimestre,7.10,0.30,2023-02-15
1203,403,exam,Examen 1º trimestre,4.20,0.60,2024-02-17
1204,403,coursework,Trabajo 2º trimestre,5.80,0.30,2023-09-25
1205,403,participation,Trabajo 3º trimestre,2.00,0.10,2024-05-26
1206,404,exam,Examen 1º trimestre,5.00,0.35,2025-06-04
1207,404,exam,Examen 2º trimestre,5.90,0.35,2025-02-16
1208,404,coursework,Trabajo 3º trimestre,7.30,0.30,2024-11-24
1209,405,exam,Examen 1º trimestre,6.90,0.35,2023-01-13
1210,405,exam,Examen 2º trimestre,4.90,0.35,2023-04-08
1211,405,coursework,Trabajo 3º trimestre,5.90,0.30,2022-09-16
1212,406,exam,Examen 1º trimestre,9.60,0.60,2022-11-25
1213,406,coursework,Trabajo 2º trimestre,6.70,0.30,2023-03-01
1214,406,participation,Trabajo 3º trimestre,5.80,0.10,2022-11-22
1215,407,exam,Examen 1º trimestre,6.50,0.70,2023-04-18
1216,407,coursework,Trabajo 2º trimestre,4.70,0.30,2023-01-27
1217,408,exam,Examen 1º trimestre,5.10,0.35,2024-09-20
1218,408,exam,Examen 2º trimestre,6.60,0.35,2025-04-13
1219,408,coursework,Trabajo 3º trimestre,4.90,0.30,2025-06-12
1220,409,exam,Examen 1º trimestre,6.10,0.35,2022-11-12
1221,409,exam,Examen 2º trimestre,6.00,0.35,2023-04-23
1222,409,coursework,Trabajo 3º trimestre,7.70,0.30,2023-05-31
1223,410,exam,Examen 1º trimestre,7.40,0.60,2024-12-21
1224,410,coursework,Trabajo 2º trimestre,6.40,0.30,2025-01-25
1225,410,participation,Trabajo 3º trimestre,4.90,0.10,2025-04-03
1226,411,exam,Examen 1º trimestre,5.30,0.60,2023-03-06
1227,411,coursework,Trabajo 2º trimestre,6.00,0.30,2023-03-09
1228,411,participation,Trabajo 3º trimestre,6.70,0.10,2023-02-22
1229,412,exam,Examen 1º trimestre,8.10,0.35,2023-10-16
1230,412,exam,Examen 2º trimestre,8.40,0.35,2023-09-12
1231,412,coursework,Trabajo 3º trimestre,6.70,0.30,2024-03-23
1232,413,exam,Examen 1º trimestre,9.50,0.40,2025-02-18
1233,413,practical,Trabajo 2º trimestre,7.50,0.25,2025-04-16
1234,413,coursework,Trabajo 3º trimestre,3.80,0.25,2025-06-10
1235,413,participation,Trabajo 1º trimestre,7.10,0.10,2025-05-30
1236,414,exam,Examen 1º trimestre,4.30,0.70,2024-03-22
1237,414,coursework,Trabajo 2º trimestre,6.10,0.30,2023-10-24
1238,415,exam,Examen 1º trimestre,5.70,0.70,2024-05-06
1239,415,coursework,Trabajo 2º trimestre,6.00,0.30,2024-03-08
1240,416,exam,Examen 1º trimestre,8.10,0.40,2023-09-12
1241,416,practical,Trabajo 2º trimestre,5.60,0.25,2024-05-02
1242,416,coursework,Trabajo 3º trimestre,4.20,0.25,2024-03-07
1243,416,participation,Trabajo 1º trimestre,4.30,0.10,2023-12-23
1244,417,exam,Examen 1º trimestre,8.60,0.35,2022-09-28
1245,417,exam,Examen 2º trimestre,6.10,0.35,2023-06-06
1246,417,coursework,Trabajo 3º trimestre,5.90,0.30,2023-03-28
1247,418,exam,Examen 1º trimestre,7.80,0.60,2023-11-20
1248,418,coursework,Trabajo 2º trimestre,5.50,0.30,2023-11-09
1249,418,participation,Trabajo 3º trimestre,5.30,0.10,2023-10-14
1250,419,exam,Examen 1º trimestre,7.10,0.35,2023-01-09
1251,419,exam,Examen 2º trimestre,5.40,0.35,2023-03-17
1252,419,coursework,Trabajo 3º trimestre,6.70,0.30,2023-03-31
1253,420,exam,Examen 1º trimestre,7.00,0.60,2025-05-04
1254,420,coursework,Trabajo 2º trimestre,8.30,0.30,2025-02-04
1255,420,participation,Trabajo 3º trimestre,6.50,0.10,2024-12-26
1256,421,exam,Examen 1º trimestre,7.80,0.35,2023-01-16
1257,421,exam,Examen 2º trimestre,7.80,0.35,2023-02-09
1258,421,coursework,Trabajo 3º trimestre,8.10,0.30,2023-04-27
1259,422,exam,Examen 1º trimestre,6.20,0.40,2025-05-23
1260,422,practical,Trabajo 2º trimestre,6.00,0.25,2025-04-12
1261,422,coursework,Trabajo 3º trimestre,4.90,0.25,2025-01-14
1262,422,participation,Trabajo 1º trimestre,3.30,0.10,2025-05-10
1263,423,exam,Examen 1º trimestre,6.30,0.70,2023-03-04
1264,423,coursework,Trabajo 2º trimestre,2.30,0.30,2023-01-01
1265,424,exam,Examen 1º trimestre,6.60,0.40,2024-01-02
1266,424,practical,Trabajo 2º trimestre,7.10,0.25,2024-04-12
1267,424,coursework,Trabajo 3º trimestre,5.10,0.25,2023-12-16
1268,424,participation,Trabajo 1º trimestre,6.80,0.10,2024-03-01
1269,425,exam,Examen 1º trimestre,5.40,0.70,2023-02-24
1270,425,coursework,Trabajo 2º trimestre,5.30,0.30,2023-06-06
1271,426,exam,Examen 1º trimestre,5.70,0.35,2023-01-05
1272,426,exam,Examen 2º trimestre,8.20,0.35,2022-10-09
1273,426,coursework,Trabajo 3º trimestre,3.90,0.30,2022-10-06
1274,427,exam,Examen 1º trimestre,6.30,0.60,2022-10-19
1275,427,coursework,Trabajo 2º trimestre,6.20,0.30,2022-12-26
1276,427,participation,Trabajo 3º trimestre,4.00,0.10,2022-09-28
1277,428,exam,Examen 1º trimestre,9.50,0.35,2023-12-26
1278,428,exam,Examen 2º trimestre,7.90,0.35,2024-02-26
1279,428,coursework,Trabajo 3º trimestre,10.00,0.30,2024-04-06
1280,429,exam,Examen 1º trimestre,9.10,0.60,2022-11-01
1281,429,coursework,Trabajo 2º trimestre,6.40,0.30,2023-01-22
1282,429,participation,Trabajo 3º trimestre,8.70,0.10,2023-06-10
1283,430,exam,Examen 1º trimestre,10.00,0.35,2023-06-20
1284,430,exam,Examen 2º trimestre,7.40,0.35,2023-04-17
1285,430,coursework,Trabajo 3º trimestre,7.60,0.30,2022-10-12
1286,431,exam,Examen 1º trimestre,6.10,0.70,2022-11-02
1287,431,coursework,Trabajo 2º trimestre,6.40,0.30,2022-11-25
1288,432,exam,Examen 1º trimestre,5.00,0.35,2023-09-23
1289,432,exam,Examen 2º trimestre,5.30,0.35,2024-03-18
1290,432,coursework,Trabajo 3º trimestre,5.50,0.30,2024-06-10
1291,433,exam,Examen 1º trimestre,7.10,0.35,2025-01-06
1292,433,exam,Examen 2º trimestre,7.00,0.35,2024-10-18
1293,433,coursework,Trabajo 3º trimestre,6.70,0.30,2024-12-01
1294,434,exam,Examen 1º trimestre,4.80,0.60,2023-06-04
1295,434,coursework,Trabajo 2º trimestre,8.20,0.30,2022-09-19
1296,434,participation,Trabajo 3º trimestre,3.50,0.10,2022-09-16
1297,435,exam,Examen 1º trimestre,2.90,0.35,2023-11-26
1298,435,exam,Examen 2º trimestre,8.30,0.35,2023-11-02
1299,435,coursework,Trabajo 3º trimestre,6.00,0.30,2024-05-15
1300,436,exam,Examen 1º trimestre,8.60,0.40,2024-10-09
1301,436,practical,Trabajo 2º trimestre,7.20,0.25,2025-05-28
1302,436,coursework,Trabajo 3º trimestre,6.50,0.25,2024-10-07
1303,436,participation,Trabajo 1º trimestre,5.50,0.10,2025-04-19
1304,437,exam,Examen 1º trimestre,9.40,0.35,2025-02-01
1305,437,exam,Examen 2º trimestre,3.20,0.35,2024-11-02
1306,437,coursework,Trabajo 3º trimestre,4.80,0.30,2024-10-21
1307,438,exam,Examen 1º trimestre,6.00,0.60,2025-03-12
1308,438,coursework,Trabajo 2º trimestre,3.80,0.30,2025-06-14
1309,438,participation,Trabajo 3º trimestre,7.30,0.10,2025-01-13
1310,439,exam,Examen 1º trimestre,4.50,0.40,2025-05-24
1311,439,practical,Trabajo 2º trimestre,6.30,0.25,2025-04-20
1312,439,coursework,Trabajo 3º trimestre,5.60,0.25,2025-05-31
1313,439,participation,Trabajo 1º trimestre,7.50,0.10,2025-05-07
1314,440,exam,Examen 1º trimestre,5.80,0.60,2022-10-30
1315,440,coursework,Trabajo 2º trimestre,4.70,0.30,2022-10-18
1316,440,participation,Trabajo 3º trimestre,6.90,0.10,2023-03-18
1317,441,exam,Examen 1º trimestre,7.30,0.70,2023-12-22
1318,441,coursework,Trabajo 2º trimestre,6.40,0.30,2024-04-09
1319,442,exam,Examen 1º trimestre,6.00,0.70,2025-02-11
1320,442,coursework,Trabajo 2º trimestre,5.30,0.30,2025-01-24
1321,443,exam,Examen 1º trimestre,3.90,0.70,2025-01-07
1322,443,coursework,Trabajo 2º trimestre,4.90,0.30,2024-10-08
1323,444,exam,Examen 1º trimestre,3.70,0.40,2025-04-10
1324,444,practical,Trabajo 2º trimestre,4.60,0.25,2024-12-04
1325,444,coursework,Trabajo 3º trimestre,10.00,0.25,2024-09-09
1326,444,participation,Trabajo 1º trimestre,8.40,0.10,2025-03-07
1327,445,exam,Examen 1º trimestre,4.60,0.60,2023-11-28
1328,445,coursework,Trabajo 2º trimestre,4.10,0.30,2023-11-23
1329,445,participation,Trabajo 3º trimestre,4.70,0.10,2024-05-16
1330,446,exam,Examen 1º trimestre,7.70,0.60,2024-09-09
1331,446,coursework,Trabajo 2º trimestre,7.60,0.30,2025-04-29
1332,446,participation,Trabajo 3º trimestre,4.70,0.10,2025-01-26
1333,447,exam,Examen 1º trimestre,3.00,0.70,2024-06-13
1334,447,coursework,Trabajo 2º trimestre,6.60,0.30,2023-09-30
1335,448,exam,Examen 1º trimestre,5.30,0.60,2023-02-02
1336,448,coursework,Trabajo 2º trimestre,7.30,0.30,2022-10-21
1337,448,participation,Trabajo 3º trimestre,4.40,0.10,2023-01-29
1338,449,exam,Examen 1º trimestre,9.60,0.35,2023-12-16
1339,449,exam,Examen 2º trimestre,8.50,0.35,2024-03-04
1340,449,coursework,Trabajo 3º trimestre,10.00,0.30,2024-04-24
1341,450,exam,Examen 1º trimestre,6.30,0.40,2024-01-21
1342,450,practical,Trabajo 2º trimestre,9.10,0.25,2024-04-23
1343,450,coursework,Trabajo 3º trimestre,8.40,0.25,2024-04-07
1344,450,participation,Trabajo 1º trimestre,8.10,0.10,2023-12-31
1345,451,exam,Examen 1º trimestre,9.10,0.35,2025-06-18
1346,451,exam,Examen 2º trimestre,7.50,0.35,2025-06-20
1347,451,coursework,Trabajo 3º trimestre,7.40,0.30,2024-11-19
1348,452,exam,Examen 1º trimestre,8.30,0.40,2025-06-11
1349,452,practical,Trabajo 2º trimestre,7.40,0.25,2024-12-08
1350,452,coursework,Trabajo 3º trimestre,8.40,0.25,2025-04-26
1351,452,participation,Trabajo 1º trimestre,6.10,0.10,2025-03-09
1352,453,exam,Examen 1º trimestre,2.30,0.35,2022-10-07
1353,453,exam,Examen 2º trimestre,6.30,0.35,2023-05-15
1354,453,coursework,Trabajo 3º trimestre,6.30,0.30,2023-02-07
1355,454,exam,Examen 1º trimestre,6.90,0.70,2024-12-11
1356,454,coursework,Trabajo 2º trimestre,9.90,0.30,2025-06-19
1357,455,exam,Examen 1º trimestre,7.90,0.70,2023-02-28
1358,455,coursework,Trabajo 2º trimestre,8.40,0.30,2023-05-14
1359,456,exam,Examen 1º trimestre,7.20,0.70,2025-01-04
1360,456,coursework,Trabajo 2º trimestre,9.00,0.30,2024-12-13
1361,457,exam,Examen 1º trimestre,8.60,0.35,2024-04-24
1362,457,exam,Examen 2º trimestre,6.40,0.35,2023-11-29
1363,457,coursework,Trabajo 3º trimestre,4.10,0.30,2023-11-19
1364,458,exam,Examen 1º trimestre,5.20,0.35,2023-09-19
1365,458,exam,Examen 2º trimestre,8.20,0.35,2024-04-24
1366,458,coursework,Trabajo 3º trimestre,7.00,0.30,2024-04-11
1367,459,exam,Examen 1º trimestre,6.60,0.40,2023-01-04
1368,459,practical,Trabajo 2º trimestre,7.70,0.25,2023-03-31
1369,459,coursework,Trabajo 3º trimestre,7.00,0.25,2023-05-23
1370,459,participation,Trabajo 1º trimestre,7.70,0.10,2023-03-16
1371,460,exam,Examen 1º trimestre,5.60,0.35,2023-11-12
1372,460,exam,Examen 2º trimestre,9.50,0.35,2024-06-14
1373,460,coursework,Trabajo 3º trimestre,5.60,0.30,2024-05-12
1374,461,exam,Examen 1º trimestre,4.30,0.40,2024-06-09
1375,461,practical,Trabajo 2º trimestre,2.40,0.25,2023-11-09
1376,461,coursework,Trabajo 3º trimestre,4.20,0.25,2024-02-28
1377,461,participation,Trabajo 1º trimestre,7.40,0.10,2023-10-26
1378,462,exam,Examen 1º trimestre,7.10,0.40,2022-09-25
1379,462,practical,Trabajo 2º trimestre,4.00,0.25,2023-01-22
1380,462,coursework,Trabajo 3º trimestre,3.30,0.25,2022-12-10
1381,462,participation,Trabajo 1º trimestre,2.80,0.10,2022-11-09
1382,463,exam,Examen 1º trimestre,5.90,0.70,2023-01-09
1383,463,coursework,Trabajo 2º trimestre,4.30,0.30,2022-11-24
1384,464,exam,Examen 1º trimestre,4.50,0.40,2023-03-24
1385,464,practical,Trabajo 2º trimestre,7.20,0.25,2023-05-18
1386,464,coursework,Trabajo 3º trimestre,0.20,0.25,2022-12-21
1387,464,participation,Trabajo 1º trimestre,3.10,0.10,2023-03-14
1388,465,exam,Examen 1º trimestre,3.50,0.40,2024-05-04
1389,465,practical,Trabajo 2º trimestre,4.80,0.25,2024-03-02
1390,465,coursework,Trabajo 3º trimestre,5.80,0.25,2024-04-14
1391,465,participation,Trabajo 1º trimestre,4.90,0.10,2023-11-08
1392,466,exam,Examen 1º trimestre,7.80,0.35,2022-09-22
1393,466,exam,Examen 2º trimestre,3.70,0.35,2022-12-07
1394,466,coursework,Trabajo 3º trimestre,6.00,0.30,2023-03-02
1395,467,exam,Examen 1º trimestre,7.70,0.40,2023-03-08
1396,467,practical,Trabajo 2º trimestre,7.00,0.25,2023-02-18
1397,467,coursework,Trabajo 3º trimestre,8.90,0.25,2023-04-12
1398,467,participation,Trabajo 1º trimestre,9.40,0.10,2023-03-01
1399,468,exam,Examen 1º trimestre,4.50,0.60,2025-05-30
1400,468,coursework,Trabajo 2º trimestre,7.60,0.30,2025-02-02
1401,468,participation,Trabajo 3º trimestre,5.80,0.10,2024-10-15
1402,469,exam,Examen 1º trimestre,6.10,0.60,2023-10-07
1403,469,coursework,Trabajo 2º trimestre,5.60,0.30,2023-10-24
1404,469,participation,Trabajo 3º trimestre,7.30,0.10,2024-02-29
1405,470,exam,Examen 1º trimestre,10.00,0.70,2024-10-30
1406,470,coursework,Trabajo 2º trimestre,5.80,0.30,2025-01-27
1407,471,exam,Examen 1º trimestre,4.70,0.40,2025-03-17
1408,471,practical,Trabajo 2º trimestre,5.40,0.25,2025-04-20
1409,471,coursework,Trabajo 3º trimestre,4.40,0.25,2024-10-20
1410,471,participation,Trabajo 1º trimestre,2.70,0.10,2024-10-22
1411,472,exam,Examen 1º trimestre,6.60,0.60,2023-06-07
1412,472,coursework,Trabajo 2º trimestre,4.90,0.30,2023-05-18
1413,472,participation,Trabajo 3º trimestre,2.60,0.10,2023-01-08
1414,473,exam,Examen 1º trimestre,5.60,0.35,2025-03-27
1415,473,exam,Examen 2º trimestre,8.80,0.35,2025-05-21
1416,473,coursework,Trabajo 3º trimestre,2.10,0.30,2025-04-06
1417,474,exam,Examen 1º trimestre,2.10,0.60,2025-02-10
1418,474,coursework,Trabajo 2º trimestre,5.30,0.30,2025-06-02
1419,474,participation,Trabajo 3º trimestre,4.40,0.10,2025-01-06
1420,475,exam,Examen 1º trimestre,6.10,0.60,2023-02-11
1421,475,coursework,Trabajo 2º trimestre,5.40,0.30,2023-03-18
1422,475,participation,Trabajo 3º trimestre,6.00,0.10,2023-05-18
1423,476,exam,Examen 1º trimestre,6.30,0.70,2024-11-25
1424,476,coursework,Trabajo 2º trimestre,6.10,0.30,2025-05-23
1425,477,exam,Examen 1º trimestre,6.20,0.40,2024-05-10
1426,477,practical,Trabajo 2º trimestre,5.20,0.25,2024-04-15
1427,477,coursework,Trabajo 3º trimestre,2.90,0.25,2023-12-23
1428,477,participation,Trabajo 1º trimestre,0.90,0.10,2024-01-23
1429,478,exam,Examen 1º trimestre,6.30,0.35,2024-01-09
1430,478,exam,Examen 2º trimestre,2.40,0.35,2023-09-10
1431,478,coursework,Trabajo 3º trimestre,7.40,0.30,2024-05-25
1432,479,exam,Examen 1º trimestre,6.10,0.70,2024-01-29
1433,479,coursework,Trabajo 2º trimestre,3.60,0.30,2023-10-25
1434,480,exam,Examen 1º trimestre,4.40,0.70,2022-10-10
1435,480,coursework,Trabajo 2º trimestre,4.70,0.30,2023-01-30
1436,481,exam,Examen 1º trimestre,5.30,0.60,2024-02-26
1437,481,coursework,Trabajo 2º trimestre,4.30,0.30,2024-05-27
1438,481,participation,Trabajo 3º trimestre,5.40,0.10,2024-03-29
1439,482,exam,Examen 1º trimestre,7.40,0.60,2023-01-10
1440,482,coursework,Trabajo 2º trimestre,5.00,0.30,2022-10-24
1441,482,participation,Trabajo 3º trimestre,6.20,0.10,2023-01-22
1442,483,exam,Examen 1º trimestre,6.90,0.70,2023-03-09
1443,483,coursework,Trabajo 2º trimestre,5.30,0.30,2022-10-16
1444,484,exam,Examen 1º trimestre,9.50,0.40,2025-06-02
1445,484,practical,Trabajo 2º trimestre,4.90,0.25,2024-11-13
1446,484,coursework,Trabajo 3º trimestre,8.80,0.25,2024-09-25
1447,484,participation,Trabajo 1º trimestre,6.00,0.10,2024-12-29
1448,485,exam,Examen 1º trimestre,7.50,0.35,2025-06-07
1449,485,exam,Examen 2º trimestre,3.40,0.35,2025-06-20
1450,485,coursework,Trabajo 3º trimestre,7.30,0.30,2024-10-30
1451,486,exam,Examen 1º trimestre,3.60,0.70,2022-11-20
1452,486,coursework,Trabajo 2º trimestre,3.90,0.30,2022-10-09
1453,487,exam,Examen 1º trimestre,5.80,0.35,2024-04-07
1454,487,exam,Examen 2º trimestre,8.80,0.35,2023-12-04
1455,487,coursework,Trabajo 3º trimestre,6.30,0.30,2023-12-15
1456,488,exam,Examen 1º trimestre,7.10,0.40,2025-05-10
1457,488,practical,Trabajo 2º trimestre,7.40,0.25,2024-11-06
1458,488,coursework,Trabajo 3º trimestre,7.70,0.25,2025-05-24
1459,488,participation,Trabajo 1º trimestre,5.20,0.10,2024-12-05
1460,489,exam,Examen 1º trimestre,6.70,0.35,2023-10-17
1461,489,exam,Examen 2º trimestre,4.90,0.35,2024-05-26
1462,489,coursework,Trabajo 3º trimestre,6.80,0.30,2023-12-16
1463,490,exam,Examen 1º trimestre,7.10,0.35,2023-12-13
1464,490,exam,Examen 2º trimestre,3.80,0.35,2024-05-30
1465,490,coursework,Trabajo 3º trimestre,6.20,0.30,2023-12-13
1466,491,exam,Examen 1º trimestre,7.10,0.35,2022-11-08
1467,491,exam,Examen 2º trimestre,6.90,0.35,2023-02-26
1468,491,coursework,Trabajo 3º trimestre,6.30,0.30,2022-10-20
1469,492,exam,Examen 1º trimestre,6.30,0.40,2024-05-04
1470,492,practical,Trabajo 2º trimestre,7.80,0.25,2024-04-15
1471,492,coursework,Trabajo 3º trimestre,6.90,0.25,2024-03-04
1472,492,participation,Trabajo 1º trimestre,7.20,0.10,2023-11-16
1473,493,exam,Examen 1º trimestre,10.00,0.70,2024-11-20
1474,493,coursework,Trabajo 2º trimestre,7.90,0.30,2024-11-02
1475,494,exam,Examen 1º trimestre,6.90,0.40,2024-01-19
1476,494,practical,Trabajo 2º trimestre,8.80,0.25,2024-05-13
1477,494,coursework,Trabajo 3º trimestre,8.30,0.25,2023-10-19
1478,494,participation,Trabajo 1º trimestre,9.10,0.10,2023-12-11
1479,495,exam,Examen 1º trimestre,4.80,0.70,2022-10-02
1480,495,coursework,Trabajo 2º trimestre,7.20,0.30,2023-05-20
1481,496,exam,Examen 1º trimestre,9.80,0.70,2023-02-26
1482,496,coursework,Trabajo 2º trimestre,4.90,0.30,2023-04-26
1483,497,exam,Examen 1º trimestre,9.30,0.70,2022-12-03
1484,497,coursework,Trabajo 2º trimestre,8.50,0.30,2022-12-10
1485,498,exam,Examen 1º trimestre,7.20,0.35,2024-02-02
1486,498,exam,Examen 2º trimestre,6.20,0.35,2023-12-22
1487,498,coursework,Trabajo 3º trimestre,10.00,0.30,2024-02-05
1488,499,exam,Examen 1º trimestre,6.50,0.70,2022-12-25
1489,499,coursework,Trabajo 2º trimestre,9.70,0.30,2022-12-19
1490,500,exam,Examen 1º trimestre,5.80,0.35,2024-04-09
1491,500,exam,Examen 2º trimestre,6.90,0.35,2023-11-24
1492,500,coursework,Trabajo 3º trimestre,5.10,0.30,2023-10-10
1493,501,exam,Examen 1º trimestre,5.30,0.40,2024-05-23
1494,501,practical,Trabajo 2º trimestre,3.20,0.25,2024-06-16
1495,501,coursework,Trabajo 3º trimestre,3.50,0.25,2024-05-15
1496,501,participation,Trabajo 1º trimestre,5.80,0.10,2023-09-09
1497,502,exam,Examen 1º trimestre,6.40,0.60,2023-12-17
1498,502,coursework,Trabajo 2º trimestre,9.50,0.30,2024-03-05
1499,502,participation,Trabajo 3º trimestre,6.60,0.10,2024-01-02
1500,503,exam,Examen 1º trimestre,9.50,0.70,2023-02-13
1501,503,coursework,Trabajo 2º trimestre,5.60,0.30,2023-05-29
1502,504,exam,Examen 1º trimestre,5.80,0.70,2022-12-29
1503,504,coursework,Trabajo 2º trimestre,4.40,0.30,2023-02-23
1504,505,exam,Examen 1º trimestre,6.20,0.40,2023-03-15
1505,505,practical,Trabajo 2º trimestre,3.30,0.25,2023-04-25
1506,505,coursework,Trabajo 3º trimestre,4.80,0.25,2023-06-10
1507,505,participation,Trabajo 1º trimestre,7.20,0.10,2023-04-18
1508,506,exam,Examen 1º trimestre,6.00,0.35,2024-10-19
1509,506,exam,Examen 2º trimestre,2.30,0.35,2025-02-21
1510,506,coursework,Trabajo 3º trimestre,5.30,0.30,2025-06-05
1511,507,exam,Examen 1º trimestre,6.60,0.70,2023-11-26
1512,507,coursework,Trabajo 2º trimestre,3.90,0.30,2023-09-21
1513,508,exam,Examen 1º trimestre,7.10,0.60,2023-11-07
1514,508,coursework,Trabajo 2º trimestre,3.80,0.30,2023-11-12
1515,508,participation,Trabajo 3º trimestre,7.40,0.10,2023-12-31
1516,509,exam,Examen 1º trimestre,3.90,0.60,2023-02-10
1517,509,coursework,Trabajo 2º trimestre,5.90,0.30,2023-01-23
1518,509,participation,Trabajo 3º trimestre,8.90,0.10,2023-06-18
1519,510,exam,Examen 1º trimestre,3.10,0.60,2024-10-09
1520,510,coursework,Trabajo 2º trimestre,3.80,0.30,2025-02-26
1521,510,participation,Trabajo 3º trimestre,2.80,0.10,2025-02-02
1522,511,exam,Examen 1º trimestre,5.10,0.40,2024-02-18
1523,511,practical,Trabajo 2º trimestre,6.00,0.25,2023-10-08
1524,511,coursework,Trabajo 3º trimestre,2.30,0.25,2023-10-22
1525,511,participation,Trabajo 1º trimestre,3.00,0.10,2024-06-11
1526,512,exam,Examen 1º trimestre,5.10,0.70,2024-01-10
1527,512,coursework,Trabajo 2º trimestre,6.00,0.30,2024-02-25
1528,513,exam,Examen 1º trimestre,3.80,0.40,2024-12-28
1529,513,practical,Trabajo 2º trimestre,7.60,0.25,2024-10-31
1530,513,coursework,Trabajo 3º trimestre,4.30,0.25,2024-11-22
1531,513,participation,Trabajo 1º trimestre,3.50,0.10,2024-11-19
1532,514,exam,Examen 1º trimestre,3.10,0.60,2025-03-18
1533,514,coursework,Trabajo 2º trimestre,4.20,0.30,2025-05-02
1534,514,participation,Trabajo 3º trimestre,0.90,0.10,2025-06-06
1535,515,exam,Examen 1º trimestre,3.80,0.70,2023-02-15
1536,515,coursework,Trabajo 2º trimestre,3.80,0.30,2023-02-02
1537,516,exam,Examen 1º trimestre,4.80,0.40,2022-12-28
1538,516,practical,Trabajo 2º trimestre,5.90,0.25,2023-05-15
1539,516,coursework,Trabajo 3º trimestre,4.20,0.25,2023-05-11
1540,516,participation,Trabajo 1º trimestre,5.80,0.10,2023-05-13
1541,517,exam,Examen 1º trimestre,6.10,0.35,2024-03-09
1542,517,exam,Examen 2º trimestre,6.00,0.35,2024-02-22
1543,517,coursework,Trabajo 3º trimestre,6.40,0.30,2023-10-30
1544,518,exam,Examen 1º trimestre,10.00,0.60,2022-09-24
1545,518,coursework,Trabajo 2º trimestre,7.90,0.30,2022-11-19
1546,518,participation,Trabajo 3º trimestre,9.60,0.10,2022-12-11
1547,519,exam,Examen 1º trimestre,6.20,0.40,2023-03-06
1548,519,practical,Trabajo 2º trimestre,5.90,0.25,2022-11-07
1549,519,coursework,Trabajo 3º trimestre,7.10,0.25,2022-11-03
1550,519,participation,Trabajo 1º trimestre,5.30,0.10,2022-11-09
1551,520,exam,Examen 1º trimestre,7.40,0.40,2022-11-30
1552,520,practical,Trabajo 2º trimestre,7.70,0.25,2022-11-18
1553,520,coursework,Trabajo 3º trimestre,9.20,0.25,2022-10-15
1554,520,participation,Trabajo 1º trimestre,6.50,0.10,2022-11-13
1555,521,exam,Examen 1º trimestre,7.60,0.35,2023-10-25
1556,521,exam,Examen 2º trimestre,4.70,0.35,2024-02-03
1557,521,coursework,Trabajo 3º trimestre,5.60,0.30,2024-02-25
1558,522,exam,Examen 1º trimestre,4.40,0.40,2023-12-01
1559,522,practical,Trabajo 2º trimestre,8.10,0.25,2024-04-08
1560,522,coursework,Trabajo 3º trimestre,4.70,0.25,2024-02-01
1561,522,participation,Trabajo 1º trimestre,6.70,0.10,2023-11-21
1562,523,exam,Examen 1º trimestre,6.90,0.70,2024-02-04
1563,523,coursework,Trabajo 2º trimestre,6.40,0.30,2024-06-04
1564,524,exam,Examen 1º trimestre,4.80,0.60,2023-09-25
1565,524,coursework,Trabajo 2º trimestre,5.00,0.30,2023-11-03
1566,524,participation,Trabajo 3º trimestre,6.90,0.10,2024-04-14
1567,525,exam,Examen 1º trimestre,4.50,0.40,2023-09-11
1568,525,practical,Trabajo 2º trimestre,8.00,0.25,2023-09-12
1569,525,coursework,Trabajo 3º trimestre,7.40,0.25,2023-11-04
1570,525,participation,Trabajo 1º trimestre,8.00,0.10,2024-05-04
1571,526,exam,Examen 1º trimestre,2.80,0.40,2022-12-13
1572,526,practical,Trabajo 2º trimestre,5.70,0.25,2022-11-05
1573,526,coursework,Trabajo 3º trimestre,5.60,0.25,2023-04-19
1574,526,participation,Trabajo 1º trimestre,5.50,0.10,2022-11-07
1575,527,exam,Examen 1º trimestre,8.10,0.70,2023-05-30
1576,527,coursework,Trabajo 2º trimestre,3.90,0.30,2023-06-14
1577,528,exam,Examen 1º trimestre,9.50,0.35,2025-05-02
1578,528,exam,Examen 2º trimestre,6.70,0.35,2024-10-27
1579,528,coursework,Trabajo 3º trimestre,5.60,0.30,2024-09-12
1580,529,exam,Examen 1º trimestre,6.00,0.40,2025-03-28
1581,529,practical,Trabajo 2º trimestre,5.60,0.25,2024-10-15
1582,529,coursework,Trabajo 3º trimestre,7.00,0.25,2024-09-25
1583,529,participation,Trabajo 1º trimestre,4.00,0.10,2024-09-15
1584,530,exam,Examen 1º trimestre,6.60,0.40,2025-05-21
1585,530,practical,Trabajo 2º trimestre,7.50,0.25,2025-01-30
1586,530,coursework,Trabajo 3º trimestre,6.70,0.25,2024-10-11
1587,530,participation,Trabajo 1º trimestre,7.40,0.10,2025-04-26
1588,531,exam,Examen 1º trimestre,6.10,0.60,2025-04-11
1589,531,coursework,Trabajo 2º trimestre,5.00,0.30,2025-01-02
1590,531,participation,Trabajo 3º trimestre,7.10,0.10,2025-01-22
1591,532,exam,Examen 1º trimestre,5.70,0.40,2023-09-16
1592,532,practical,Trabajo 2º trimestre,5.90,0.25,2024-02-16
1593,532,coursework,Trabajo 3º trimestre,8.60,0.25,2023-12-12
1594,532,participation,Trabajo 1º trimestre,8.50,0.10,2024-01-31
1595,533,exam,Examen 1º trimestre,2.80,0.40,2023-04-13
1596,533,practical,Trabajo 2º trimestre,3.70,0.25,2023-02-15
1597,533,coursework,Trabajo 3º trimestre,4.90,0.25,2023-04-01
1598,533,participation,Trabajo 1º trimestre,4.70,0.10,2023-01-25
1599,534,exam,Examen 1º trimestre,3.90,0.60,2022-11-22
1600,534,coursework,Trabajo 2º trimestre,5.40,0.30,2022-11-20
1601,534,participation,Trabajo 3º trimestre,3.80,0.10,2023-05-23
1602,535,exam,Examen 1º trimestre,1.00,0.70,2025-04-28
1603,535,coursework,Trabajo 2º trimestre,1.90,0.30,2025-04-18
1604,536,exam,Examen 1º trimestre,8.30,0.35,2023-11-16
1605,536,exam,Examen 2º trimestre,3.00,0.35,2024-01-25
1606,536,coursework,Trabajo 3º trimestre,8.00,0.30,2024-02-28
1607,537,exam,Examen 1º trimestre,8.60,0.70,2024-12-13
1608,537,coursework,Trabajo 2º trimestre,4.20,0.30,2025-02-03
1609,538,exam,Examen 1º trimestre,6.70,0.60,2023-12-09
1610,538,coursework,Trabajo 2º trimestre,5.00,0.30,2024-05-11
1611,538,participation,Trabajo 3º trimestre,6.60,0.10,2023-12-02
1612,539,exam,Examen 1º trimestre,9.10,0.35,2023-01-18
1613,539,exam,Examen 2º trimestre,4.50,0.35,2022-10-26
1614,539,coursework,Trabajo 3º trimestre,6.40,0.30,2022-09-18
1615,540,exam,Examen 1º trimestre,8.20,0.35,2023-01-11
1616,540,exam,Examen 2º trimestre,4.30,0.35,2023-04-07
1617,540,coursework,Trabajo 3º trimestre,6.40,0.30,2023-05-02
1618,541,exam,Examen 1º trimestre,9.20,0.60,2023-02-28
1619,541,coursework,Trabajo 2º trimestre,10.00,0.30,2023-04-10
1620,541,participation,Trabajo 3º trimestre,5.60,0.10,2023-05-07
1621,542,exam,Examen 1º trimestre,6.60,0.60,2023-11-05
1622,542,coursework,Trabajo 2º trimestre,5.50,0.30,2023-12-31
1623,542,participation,Trabajo 3º trimestre,8.30,0.10,2024-01-08
1624,543,exam,Examen 1º trimestre,6.80,0.40,2024-01-20
1625,543,practical,Trabajo 2º trimestre,7.40,0.25,2024-05-08
1626,543,coursework,Trabajo 3º trimestre,5.70,0.25,2024-01-06
1627,543,participation,Trabajo 1º trimestre,9.60,0.10,2023-09-23
1628,544,exam,Examen 1º trimestre,5.10,0.40,2023-03-04
1629,544,practical,Trabajo 2º trimestre,7.10,0.25,2022-09-29
1630,544,coursework,Trabajo 3º trimestre,8.50,0.25,2023-04-26
1631,544,participation,Trabajo 1º trimestre,4.80,0.10,2023-03-20
1632,545,exam,Examen 1º trimestre,3.30,0.70,2023-04-05
1633,545,coursework,Trabajo 2º trimestre,4.10,0.30,2022-10-24
1634,546,exam,Examen 1º trimestre,6.40,0.35,2023-12-08
1635,546,exam,Examen 2º trimestre,8.00,0.35,2023-12-09
1636,546,coursework,Trabajo 3º trimestre,5.70,0.30,2024-03-20
1637,547,exam,Examen 1º trimestre,8.60,0.60,2023-09-09
1638,547,coursework,Trabajo 2º trimestre,5.40,0.30,2023-10-30
1639,547,participation,Trabajo 3º trimestre,5.00,0.10,2024-06-17
1640,548,exam,Examen 1º trimestre,1.00,0.40,2024-04-21
1641,548,practical,Trabajo 2º trimestre,3.70,0.25,2024-05-28
1642,548,coursework,Trabajo 3º trimestre,3.80,0.25,2023-09-23
1643,548,participation,Trabajo 1º trimestre,2.60,0.10,2024-01-02
1644,549,exam,Examen 1º trimestre,3.60,0.35,2025-06-20
1645,549,exam,Examen 2º trimestre,3.40,0.35,2025-01-07
1646,549,coursework,Trabajo 3º trimestre,3.70,0.30,2025-04-01
1647,550,exam,Examen 1º trimestre,2.40,0.60,2023-04-28
1648,550,coursework,Trabajo 2º trimestre,2.10,0.30,2022-12-31
1649,550,participation,Trabajo 3º trimestre,4.40,0.10,2023-02-02
1650,551,exam,Examen 1º trimestre,4.40,0.35,2023-12-25
1651,551,exam,Examen 2º trimestre,6.30,0.35,2024-01-07
1652,551,coursework,Trabajo 3º trimestre,3.60,0.30,2023-11-03
1653,552,exam,Examen 1º trimestre,8.10,0.70,2023-10-31
1654,552,coursework,Trabajo 2º trimestre,4.20,0.30,2023-10-31
1655,553,exam,Examen 1º trimestre,3.80,0.35,2025-02-20
1656,553,exam,Examen 2º trimestre,7.10,0.35,2025-01-17
1657,553,coursework,Trabajo 3º trimestre,6.40,0.30,2025-02-05
1658,554,exam,Examen 1º trimestre,7.10,0.60,2023-06-06
1659,554,coursework,Trabajo 2º trimestre,5.90,0.30,2022-10-19
1660,554,participation,Trabajo 3º trimestre,8.50,0.10,2022-12-09
1661,555,exam,Examen 1º trimestre,8.20,0.60,2025-04-30
1662,555,coursework,Trabajo 2º trimestre,8.60,0.30,2024-10-21
1663,555,participation,Trabajo 3º trimestre,6.20,0.10,2025-01-03
1664,556,exam,Examen 1º trimestre,5.70,0.70,2025-03-01
1665,556,coursework,Trabajo 2º trimestre,7.00,0.30,2024-12-13
1666,557,exam,Examen 1º trimestre,5.50,0.70,2025-05-22
1667,557,coursework,Trabajo 2º trimestre,3.90,0.30,2025-01-25
1668,558,exam,Examen 1º trimestre,5.20,0.60,2023-04-11
1669,558,coursework,Trabajo 2º trimestre,4.60,0.30,2022-12-03
1670,558,participation,Trabajo 3º trimestre,4.30,0.10,2023-02-08
1671,559,exam,Examen 1º trimestre,3.60,0.40,2023-05-06
1672,559,practical,Trabajo 2º trimestre,3.70,0.25,2023-04-21
1673,559,coursework,Trabajo 3º trimestre,2.90,0.25,2022-11-08
1674,559,participation,Trabajo 1º trimestre,4.80,0.10,2023-02-14
1675,560,exam,Examen 1º trimestre,7.00,0.40,2023-11-28
1676,560,practical,Trabajo 2º trimestre,7.20,0.25,2023-10-24
1677,560,coursework,Trabajo 3º trimestre,7.20,0.25,2023-09-23
1678,560,participation,Trabajo 1º trimestre,5.50,0.10,2023-12-09
1679,561,exam,Examen 1º trimestre,6.30,0.40,2025-04-15
1680,561,practical,Trabajo 2º trimestre,8.20,0.25,2025-06-12
1681,561,coursework,Trabajo 3º trimestre,6.60,0.25,2024-11-21
1682,561,participation,Trabajo 1º trimestre,7.00,0.10,2025-05-22
1683,562,exam,Examen 1º trimestre,7.40,0.35,2025-06-18
1684,562,exam,Examen 2º trimestre,7.90,0.35,2024-10-30
1685,562,coursework,Trabajo 3º trimestre,4.50,0.30,2024-12-23
1686,563,exam,Examen 1º trimestre,6.70,0.40,2023-02-07
1687,563,practical,Trabajo 2º trimestre,5.80,0.25,2022-09-16
1688,563,coursework,Trabajo 3º trimestre,4.70,0.25,2022-10-06
1689,563,participation,Trabajo 1º trimestre,9.00,0.10,2022-11-24
1690,564,exam,Examen 1º trimestre,5.00,0.40,2024-02-18
1691,564,practical,Trabajo 2º trimestre,6.60,0.25,2023-10-20
1692,564,coursework,Trabajo 3º trimestre,6.40,0.25,2024-05-07
1693,564,participation,Trabajo 1º trimestre,5.30,0.10,2023-12-21
1694,565,exam,Examen 1º trimestre,8.60,0.60,2024-09-30
1695,565,coursework,Trabajo 2º trimestre,7.40,0.30,2025-02-21
1696,565,participation,Trabajo 3º trimestre,7.40,0.10,2025-01-23
1697,566,exam,Examen 1º trimestre,7.30,0.70,2023-12-23
1698,566,coursework,Trabajo 2º trimestre,9.20,0.30,2023-11-02
1699,567,exam,Examen 1º trimestre,5.40,0.40,2023-03-17
1700,567,practical,Trabajo 2º trimestre,8.80,0.25,2023-04-29
1701,567,coursework,Trabajo 3º trimestre,6.30,0.25,2022-12-11
1702,567,participation,Trabajo 1º trimestre,4.60,0.10,2023-05-24
1703,568,exam,Examen 1º trimestre,4.70,0.70,2023-10-18
1704,568,coursework,Trabajo 2º trimestre,8.00,0.30,2023-12-31
1705,569,exam,Examen 1º trimestre,8.50,0.35,2023-10-09
1706,569,exam,Examen 2º trimestre,6.60,0.35,2024-05-16
1707,569,coursework,Trabajo 3º trimestre,6.90,0.30,2024-05-07
1708,570,exam,Examen 1º trimestre,9.60,0.35,2025-01-11
1709,570,exam,Examen 2º trimestre,8.10,0.35,2025-01-17
1710,570,coursework,Trabajo 3º trimestre,6.20,0.30,2025-05-31
1711,571,exam,Examen 1º trimestre,8.40,0.60,2023-05-09
1712,571,coursework,Trabajo 2º trimestre,6.30,0.30,2023-03-18
1713,571,participation,Trabajo 3º trimestre,9.10,0.10,2023-02-06
1714,572,exam,Examen 1º trimestre,6.80,0.70,2025-02-19
1715,572,coursework,Trabajo 2º trimestre,10.00,0.30,2024-12-01
1716,573,exam,Examen 1º trimestre,10.00,0.40,2025-04-29
1717,573,practical,Trabajo 2º trimestre,5.90,0.25,2024-12-03
1718,573,coursework,Trabajo 3º trimestre,8.00,0.25,2025-02-01
1719,573,participation,Trabajo 1º trimestre,7.70,0.10,2025-02-05
1720,574,exam,Examen 1º trimestre,7.40,0.60,2024-11-04
1721,574,coursework,Trabajo 2º trimestre,5.80,0.30,2025-02-19
1722,574,participation,Trabajo 3º trimestre,7.20,0.10,2025-03-26
1723,575,exam,Examen 1º trimestre,7.70,0.60,2024-06-13
1724,575,coursework,Trabajo 2º trimestre,6.30,0.30,2024-04-10
1725,575,participation,Trabajo 3º trimestre,4.30,0.10,2024-03-07
1726,576,exam,Examen 1º trimestre,9.50,0.70,2023-03-22
1727,576,coursework,Trabajo 2º trimestre,6.80,0.30,2023-05-15
1728,577,exam,Examen 1º trimestre,8.10,0.60,2023-12-31
1729,577,coursework,Trabajo 2º trimestre,5.50,0.30,2023-09-12
1730,577,participation,Trabajo 3º trimestre,8.40,0.10,2024-01-30
1731,578,exam,Examen 1º trimestre,10.00,0.70,2024-03-17
1732,578,coursework,Trabajo 2º trimestre,10.00,0.30,2024-03-16
1733,579,exam,Examen 1º trimestre,4.40,0.70,2024-11-21
1734,579,coursework,Trabajo 2º trimestre,5.90,0.30,2025-05-09
1735,580,exam,Examen 1º trimestre,4.10,0.35,2023-03-11
1736,580,exam,Examen 2º trimestre,10.00,0.35,2023-03-28
1737,580,coursework,Trabajo 3º trimestre,10.00,0.30,2023-06-12
1738,581,exam,Examen 1º trimestre,8.80,0.35,2025-05-31
1739,581,exam,Examen 2º trimestre,10.00,0.35,2025-03-14
1740,581,coursework,Trabajo 3º trimestre,10.00,0.30,2025-01-03
1741,582,exam,Examen 1º trimestre,8.50,0.60,2024-12-07
1742,582,coursework,Trabajo 2º trimestre,7.40,0.30,2024-10-26
1743,582,participation,Trabajo 3º trimestre,4.70,0.10,2024-11-04
1744,583,exam,Examen 1º trimestre,7.80,0.60,2025-01-21
1745,583,coursework,Trabajo 2º trimestre,5.40,0.30,2024-12-04
1746,583,participation,Trabajo 3º trimestre,4.40,0.10,2025-02-16
1747,584,exam,Examen 1º trimestre,5.30,0.60,2024-03-31
1748,584,coursework,Trabajo 2º trimestre,7.70,0.30,2023-11-16
1749,584,participation,Trabajo 3º trimestre,7.40,0.10,2023-11-09
1750,585,exam,Examen 1º trimestre,4.80,0.35,2024-06-11
1751,585,exam,Examen 2º trimestre,5.80,0.35,2024-05-09
1752,585,coursework,Trabajo 3º trimestre,6.80,0.30,2024-04-03
1753,586,exam,Examen 1º trimestre,3.90,0.70,2023-01-12
1754,586,coursework,Trabajo 2º trimestre,6.10,0.30,2022-12-08
1755,587,exam,Examen 1º trimestre,5.20,0.40,2022-10-29
1756,587,practical,Trabajo 2º trimestre,6.10,0.25,2023-04-03
1757,587,coursework,Trabajo 3º trimestre,5.00,0.25,2022-11-05
1758,587,participation,Trabajo 1º trimestre,6.20,0.10,2023-03-24
1759,588,exam,Examen 1º trimestre,6.70,0.70,2023-05-21
1760,588,coursework,Trabajo 2º trimestre,7.10,0.30,2023-05-31
1761,589,exam,Examen 1º trimestre,3.60,0.40,2025-02-02
1762,589,practical,Trabajo 2º trimestre,2.50,0.25,2025-01-06
1763,589,coursework,Trabajo 3º trimestre,3.50,0.25,2024-11-06
1764,589,participation,Trabajo 1º trimestre,7.60,0.10,2024-12-05
1765,590,exam,Examen 1º trimestre,9.60,0.70,2024-06-16
1766,590,coursework,Trabajo 2º trimestre,10.00,0.30,2023-09-15
1767,591,exam,Examen 1º trimestre,7.10,0.70,2024-10-12
1768,591,coursework,Trabajo 2º trimestre,10.00,0.30,2024-11-11
1769,592,exam,Examen 1º trimestre,6.40,0.40,2024-10-05
1770,592,practical,Trabajo 2º trimestre,9.60,0.25,2025-03-27
1771,592,coursework,Trabajo 3º trimestre,9.70,0.25,2025-02-17
1772,592,participation,Trabajo 1º trimestre,9.50,0.10,2025-02-16
1773,593,exam,Examen 1º trimestre,2.70,0.35,2023-03-21
1774,593,exam,Examen 2º trimestre,2.80,0.35,2023-03-04
1775,593,coursework,Trabajo 3º trimestre,4.90,0.30,2022-10-07
1776,594,exam,Examen 1º trimestre,5.90,0.35,2022-10-22
1777,594,exam,Examen 2º trimestre,3.00,0.35,2022-10-28
1778,594,coursework,Trabajo 3º trimestre,4.10,0.30,2023-03-29
1779,595,exam,Examen 1º trimestre,7.30,0.40,2023-06-13
1780,595,practical,Trabajo 2º trimestre,5.20,0.25,2023-03-27
1781,595,coursework,Trabajo 3º trimestre,7.40,0.25,2022-11-22
1782,595,participation,Trabajo 1º trimestre,5.90,0.10,2023-03-30
1783,596,exam,Examen 1º trimestre,7.00,0.70,2024-06-10
1784,596,coursework,Trabajo 2º trimestre,5.60,0.30,2024-01-10
1785,597,exam,Examen 1º trimestre,8.00,0.70,2023-04-19
1786,597,coursework,Trabajo 2º trimestre,7.40,0.30,2022-10-20
1787,598,exam,Examen 1º trimestre,8.20,0.35,2022-09-29
1788,598,exam,Examen 2º trimestre,6.60,0.35,2022-09-16
1789,598,coursework,Trabajo 3º trimestre,4.90,0.30,2022-10-08
1790,599,exam,Examen 1º trimestre,10.00,0.40,2024-12-27
1791,599,practical,Trabajo 2º trimestre,9.00,0.25,2024-11-04
1792,599,coursework,Trabajo 3º trimestre,8.90,0.25,2025-03-02
1793,599,participation,Trabajo 1º trimestre,6.80,0.10,2024-12-09
1794,600,exam,Examen 1º trimestre,5.90,0.35,2023-10-01
1795,600,exam,Examen 2º trimestre,2.20,0.35,2023-09-13
1796,600,coursework,Trabajo 3º trimestre,9.30,0.30,2023-10-12
1797,601,exam,Examen 1º trimestre,5.10,0.35,2025-02-20
1798,601,exam,Examen 2º trimestre,4.70,0.35,2024-12-05
1799,601,coursework,Trabajo 3º trimestre,6.50,0.30,2024-11-25
1800,602,exam,Examen 1º trimestre,6.70,0.70,2022-10-22
1801,602,coursework,Trabajo 2º trimestre,5.10,0.30,2022-09-29
1802,603,exam,Examen 1º trimestre,0.70,0.60,2022-09-26
1803,603,coursework,Trabajo 2º trimestre,6.90,0.30,2022-10-19
1804,603,participation,Trabajo 3º trimestre,4.00,0.10,2022-11-26
1805,604,exam,Examen 1º trimestre,2.20,0.60,2025-02-04
1806,604,coursework,Trabajo 2º trimestre,6.70,0.30,2025-03-24
1807,604,participation,Trabajo 3º trimestre,4.40,0.10,2024-09-25
1808,605,exam,Examen 1º trimestre,8.30,0.60,2023-04-14
1809,605,coursework,Trabajo 2º trimestre,8.20,0.30,2023-02-03
1810,605,participation,Trabajo 3º trimestre,7.40,0.10,2023-06-12
1811,606,exam,Examen 1º trimestre,6.50,0.40,2024-02-29
1812,606,practical,Trabajo 2º trimestre,6.90,0.25,2024-03-08
1813,606,coursework,Trabajo 3º trimestre,7.50,0.25,2024-06-03
1814,606,participation,Trabajo 1º trimestre,9.20,0.10,2024-01-07
1815,607,exam,Examen 1º trimestre,5.90,0.40,2022-12-30
1816,607,practical,Trabajo 2º trimestre,7.60,0.25,2023-04-24
1817,607,coursework,Trabajo 3º trimestre,9.40,0.25,2023-02-16
1818,607,participation,Trabajo 1º trimestre,4.70,0.10,2023-01-21
1819,608,exam,Examen 1º trimestre,5.40,0.70,2024-11-14
1820,608,coursework,Trabajo 2º trimestre,8.50,0.30,2025-06-09
1821,609,exam,Examen 1º trimestre,5.90,0.70,2023-04-17
1822,609,coursework,Trabajo 2º trimestre,10.00,0.30,2023-06-05
1823,610,exam,Examen 1º trimestre,6.70,0.70,2023-04-04
1824,610,coursework,Trabajo 2º trimestre,5.50,0.30,2023-05-26
1825,611,exam,Examen 1º trimestre,4.30,0.70,2023-03-28
1826,611,coursework,Trabajo 2º trimestre,6.50,0.30,2023-02-28
1827,612,exam,Examen 1º trimestre,5.00,0.35,2023-02-26
1828,612,exam,Examen 2º trimestre,4.40,0.35,2022-10-21
1829,612,coursework,Trabajo 3º trimestre,10.00,0.30,2023-05-23
1830,613,exam,Examen 1º trimestre,8.50,0.70,2025-01-10
1831,613,coursework,Trabajo 2º trimestre,7.60,0.30,2024-12-13
1832,614,exam,Examen 1º trimestre,8.50,0.40,2024-02-24
1833,614,practical,Trabajo 2º trimestre,4.60,0.25,2024-02-06
1834,614,coursework,Trabajo 3º trimestre,4.40,0.25,2024-01-01
1835,614,participation,Trabajo 1º trimestre,5.50,0.10,2024-03-07
1836,615,exam,Examen 1º trimestre,4.60,0.35,2023-05-19
1837,615,exam,Examen 2º trimestre,6.60,0.35,2022-11-15
1838,615,coursework,Trabajo 3º trimestre,9.50,0.30,2022-10-27
1839,616,exam,Examen 1º trimestre,6.90,0.35,2024-12-07
1840,616,exam,Examen 2º trimestre,6.60,0.35,2024-10-07
1841,616,coursework,Trabajo 3º trimestre,7.60,0.30,2025-03-20
1842,617,exam,Examen 1º trimestre,5.80,0.70,2023-03-08
1843,617,coursework,Trabajo 2º trimestre,6.90,0.30,2022-10-16
1844,618,exam,Examen 1º trimestre,8.50,0.35,2024-02-01
1845,618,exam,Examen 2º trimestre,8.50,0.35,2023-12-27
1846,618,coursework,Trabajo 3º trimestre,7.50,0.30,2024-04-07
1847,619,exam,Examen 1º trimestre,10.00,0.40,2024-11-26
1848,619,practical,Trabajo 2º trimestre,7.70,0.25,2024-10-21
1849,619,coursework,Trabajo 3º trimestre,7.40,0.25,2024-09-14
1850,619,participation,Trabajo 1º trimestre,6.90,0.10,2024-11-23
1851,620,exam,Examen 1º trimestre,8.30,0.35,2022-12-04
1852,620,exam,Examen 2º trimestre,8.90,0.35,2023-02-27
1853,620,coursework,Trabajo 3º trimestre,5.70,0.30,2023-03-22
1854,621,exam,Examen 1º trimestre,4.20,0.70,2022-09-18
1855,621,coursework,Trabajo 2º trimestre,8.30,0.30,2022-10-11
1856,622,exam,Examen 1º trimestre,7.90,0.35,2022-11-18
1857,622,exam,Examen 2º trimestre,5.30,0.35,2023-03-05
1858,622,coursework,Trabajo 3º trimestre,1.30,0.30,2023-02-10
1859,623,exam,Examen 1º trimestre,7.90,0.35,2022-09-29
1860,623,exam,Examen 2º trimestre,6.30,0.35,2023-04-10
1861,623,coursework,Trabajo 3º trimestre,8.80,0.30,2022-10-14
1862,624,exam,Examen 1º trimestre,6.80,0.60,2023-11-29
1863,624,coursework,Trabajo 2º trimestre,4.80,0.30,2024-05-28
1864,624,participation,Trabajo 3º trimestre,6.30,0.10,2023-11-01
1865,625,exam,Examen 1º trimestre,5.40,0.40,2022-10-08
1866,625,practical,Trabajo 2º trimestre,6.80,0.25,2022-10-15
1867,625,coursework,Trabajo 3º trimestre,9.70,0.25,2023-02-26
1868,625,participation,Trabajo 1º trimestre,8.30,0.10,2023-05-26
1869,626,exam,Examen 1º trimestre,4.50,0.35,2022-11-22
1870,626,exam,Examen 2º trimestre,5.80,0.35,2023-05-28
1871,626,coursework,Trabajo 3º trimestre,4.80,0.30,2023-03-12
1872,627,exam,Examen 1º trimestre,4.90,0.60,2023-04-12
1873,627,coursework,Trabajo 2º trimestre,7.90,0.30,2023-04-15
1874,627,participation,Trabajo 3º trimestre,4.90,0.10,2023-04-03
1875,628,exam,Examen 1º trimestre,8.00,0.35,2025-02-16
1876,628,exam,Examen 2º trimestre,9.90,0.35,2024-11-10
1877,628,coursework,Trabajo 3º trimestre,7.90,0.30,2024-10-21
1878,629,exam,Examen 1º trimestre,8.60,0.35,2023-10-25
1879,629,exam,Examen 2º trimestre,8.90,0.35,2023-12-26
1880,629,coursework,Trabajo 3º trimestre,8.80,0.30,2024-02-03
1881,630,exam,Examen 1º trimestre,0.70,0.70,2023-04-28
1882,630,coursework,Trabajo 2º trimestre,6.70,0.30,2023-04-21
1883,631,exam,Examen 1º trimestre,4.10,0.60,2023-09-10
1884,631,coursework,Trabajo 2º trimestre,7.10,0.30,2023-11-04
1885,631,participation,Trabajo 3º trimestre,4.20,0.10,2023-09-09
1886,632,exam,Examen 1º trimestre,3.80,0.60,2024-01-26
1887,632,coursework,Trabajo 2º trimestre,5.30,0.30,2024-02-23
1888,632,participation,Trabajo 3º trimestre,4.70,0.10,2024-05-10
1889,633,exam,Examen 1º trimestre,4.40,0.70,2023-05-22
1890,633,coursework,Trabajo 2º trimestre,5.70,0.30,2022-11-07
1891,634,exam,Examen 1º trimestre,6.20,0.60,2023-09-25
1892,634,coursework,Trabajo 2º trimestre,10.00,0.30,2024-01-16
1893,634,participation,Trabajo 3º trimestre,5.80,0.10,2024-01-12
1894,635,exam,Examen 1º trimestre,7.60,0.35,2023-04-09
1895,635,exam,Examen 2º trimestre,7.50,0.35,2022-12-23
1896,635,coursework,Trabajo 3º trimestre,3.90,0.30,2023-02-23
1897,636,exam,Examen 1º trimestre,4.30,0.35,2024-11-13
1898,636,exam,Examen 2º trimestre,7.90,0.35,2025-01-22
1899,636,coursework,Trabajo 3º trimestre,3.10,0.30,2024-11-03
1900,637,exam,Examen 1º trimestre,7.40,0.70,2023-09-21
1901,637,coursework,Trabajo 2º trimestre,4.80,0.30,2023-10-17
1902,638,exam,Examen 1º trimestre,8.70,0.60,2024-12-31
1903,638,coursework,Trabajo 2º trimestre,9.00,0.30,2024-11-28
1904,638,participation,Trabajo 3º trimestre,5.60,0.10,2025-05-07
1905,639,exam,Examen 1º trimestre,7.00,0.40,2023-01-13
1906,639,practical,Trabajo 2º trimestre,9.10,0.25,2023-06-12
1907,639,coursework,Trabajo 3º trimestre,6.80,0.25,2022-10-13
1908,639,participation,Trabajo 1º trimestre,5.70,0.10,2023-02-14
1909,640,exam,Examen 1º trimestre,6.60,0.35,2024-04-29
1910,640,exam,Examen 2º trimestre,9.50,0.35,2024-06-01
1911,640,coursework,Trabajo 3º trimestre,6.80,0.30,2023-12-07
1912,641,exam,Examen 1º trimestre,7.70,0.35,2025-01-04
1913,641,exam,Examen 2º trimestre,6.80,0.35,2025-01-15
1914,641,coursework,Trabajo 3º trimestre,8.80,0.30,2024-10-06
1915,642,exam,Examen 1º trimestre,10.00,0.35,2025-03-03
1916,642,exam,Examen 2º trimestre,6.20,0.35,2025-01-04
1917,642,coursework,Trabajo 3º trimestre,7.40,0.30,2025-05-10
1918,643,exam,Examen 1º trimestre,8.00,0.70,2024-11-01
1919,643,coursework,Trabajo 2º trimestre,5.90,0.30,2025-03-20
1920,644,exam,Examen 1º trimestre,9.60,0.60,2023-04-19
1921,644,coursework,Trabajo 2º trimestre,9.60,0.30,2022-11-11
1922,644,participation,Trabajo 3º trimestre,6.80,0.10,2023-01-26
1923,645,exam,Examen 1º trimestre,5.30,0.70,2023-10-08
1924,645,coursework,Trabajo 2º trimestre,6.70,0.30,2024-03-03
1925,646,exam,Examen 1º trimestre,2.00,0.70,2025-03-16
1926,646,coursework,Trabajo 2º trimestre,6.70,0.30,2025-01-22
1927,647,exam,Examen 1º trimestre,6.10,0.35,2023-05-08
1928,647,exam,Examen 2º trimestre,5.70,0.35,2023-04-16
1929,647,coursework,Trabajo 3º trimestre,5.90,0.30,2023-03-04
1930,648,exam,Examen 1º trimestre,3.60,0.60,2023-01-21
1931,648,coursework,Trabajo 2º trimestre,5.40,0.30,2023-02-02
1932,648,participation,Trabajo 3º trimestre,6.90,0.10,2022-11-25
1933,649,exam,Examen 1º trimestre,6.00,0.40,2025-03-05
1934,649,practical,Trabajo 2º trimestre,6.40,0.25,2025-05-28
1935,649,coursework,Trabajo 3º trimestre,4.30,0.25,2025-01-31
1936,649,participation,Trabajo 1º trimestre,4.80,0.10,2024-10-07
1937,650,exam,Examen 1º trimestre,6.00,0.40,2024-02-20
1938,650,practical,Trabajo 2º trimestre,4.70,0.25,2024-06-17
1939,650,coursework,Trabajo 3º trimestre,6.70,0.25,2024-01-08
1940,650,participation,Trabajo 1º trimestre,5.80,0.10,2024-04-09
1941,651,exam,Examen 1º trimestre,6.20,0.40,2025-04-14
1942,651,practical,Trabajo 2º trimestre,6.40,0.25,2025-04-01
1943,651,coursework,Trabajo 3º trimestre,5.10,0.25,2024-09-14
1944,651,participation,Trabajo 1º trimestre,6.40,0.10,2025-02-05
1945,652,exam,Examen 1º trimestre,7.40,0.35,2024-01-28
1946,652,exam,Examen 2º trimestre,5.40,0.35,2023-11-18
1947,652,coursework,Trabajo 3º trimestre,5.50,0.30,2024-06-19
1948,653,exam,Examen 1º trimestre,9.10,0.70,2023-10-23
1949,653,coursework,Trabajo 2º trimestre,7.90,0.30,2023-11-08
1950,654,exam,Examen 1º trimestre,8.40,0.35,2023-06-02
1951,654,exam,Examen 2º trimestre,8.60,0.35,2023-05-26
1952,654,coursework,Trabajo 3º trimestre,6.50,0.30,2023-01-24
1953,655,exam,Examen 1º trimestre,7.40,0.35,2025-03-18
1954,655,exam,Examen 2º trimestre,8.10,0.35,2025-02-28
1955,655,coursework,Trabajo 3º trimestre,6.70,0.30,2025-02-08
1956,656,exam,Examen 1º trimestre,7.40,0.40,2025-03-13
1957,656,practical,Trabajo 2º trimestre,7.50,0.25,2024-09-10
1958,656,coursework,Trabajo 3º trimestre,9.40,0.25,2025-04-05
1959,656,participation,Trabajo 1º trimestre,8.00,0.10,2025-04-21
1960,657,exam,Examen 1º trimestre,3.70,0.35,2022-11-28
1961,657,exam,Examen 2º trimestre,5.80,0.35,2023-04-28
1962,657,coursework,Trabajo 3º trimestre,6.60,0.30,2022-12-15
1963,658,exam,Examen 1º trimestre,2.10,0.35,2025-04-05
1964,658,exam,Examen 2º trimestre,7.60,0.35,2025-02-21
1965,658,coursework,Trabajo 3º trimestre,2.90,0.30,2024-12-10
1966,659,exam,Examen 1º trimestre,7.60,0.70,2024-05-16
1967,659,coursework,Trabajo 2º trimestre,7.00,0.30,2024-01-05
1968,660,exam,Examen 1º trimestre,5.20,0.70,2025-01-09
1969,660,coursework,Trabajo 2º trimestre,5.20,0.30,2025-03-04
1970,661,exam,Examen 1º trimestre,4.80,0.60,2023-12-30
1971,661,coursework,Trabajo 2º trimestre,3.40,0.30,2023-12-06
1972,661,participation,Trabajo 3º trimestre,5.70,0.10,2023-12-06
1973,662,exam,Examen 1º trimestre,4.90,0.35,2024-11-01
1974,662,exam,Examen 2º trimestre,5.10,0.35,2025-04-03
1975,662,coursework,Trabajo 3º trimestre,6.90,0.30,2024-12-10
1976,663,exam,Examen 1º trimestre,4.10,0.40,2025-04-24
1977,663,practical,Trabajo 2º trimestre,4.30,0.25,2025-02-12
1978,663,coursework,Trabajo 3º trimestre,3.20,0.25,2025-04-29
1979,663,participation,Trabajo 1º trimestre,0.50,0.10,2025-01-17
1980,664,exam,Examen 1º trimestre,2.60,0.40,2023-01-27
1981,664,practical,Trabajo 2º trimestre,0.00,0.25,2022-12-20
1982,664,coursework,Trabajo 3º trimestre,3.00,0.25,2022-12-23
1983,664,participation,Trabajo 1º trimestre,2.10,0.10,2023-02-22
1984,665,exam,Examen 1º trimestre,8.90,0.40,2022-12-19
1985,665,practical,Trabajo 2º trimestre,6.00,0.25,2022-09-16
1986,665,coursework,Trabajo 3º trimestre,8.00,0.25,2023-04-30
1987,665,participation,Trabajo 1º trimestre,7.20,0.10,2022-11-12
1988,666,exam,Examen 1º trimestre,7.30,0.35,2023-06-07
1989,666,exam,Examen 2º trimestre,6.70,0.35,2023-05-16
1990,666,coursework,Trabajo 3º trimestre,8.80,0.30,2023-03-04
1991,667,exam,Examen 1º trimestre,5.40,0.60,2023-12-06
1992,667,coursework,Trabajo 2º trimestre,6.60,0.30,2023-09-28
1993,667,participation,Trabajo 3º trimestre,7.40,0.10,2023-11-20
1994,668,exam,Examen 1º trimestre,5.00,0.70,2024-01-20
1995,668,coursework,Trabajo 2º trimestre,5.20,0.30,2024-02-11
1996,669,exam,Examen 1º trimestre,6.00,0.40,2025-06-07
1997,669,practical,Trabajo 2º trimestre,5.60,0.25,2025-05-01
1998,669,coursework,Trabajo 3º trimestre,5.20,0.25,2024-10-18
1999,669,participation,Trabajo 1º trimestre,5.70,0.10,2025-03-30
2000,670,exam,Examen 1º trimestre,7.60,0.60,2024-09-14
2001,670,coursework,Trabajo 2º trimestre,4.30,0.30,2024-09-11
2002,670,participation,Trabajo 3º trimestre,4.60,0.10,2025-05-21
2003,671,exam,Examen 1º trimestre,8.30,0.40,2025-04-18
2004,671,practical,Trabajo 2º trimestre,6.80,0.25,2024-11-06
2005,671,coursework,Trabajo 3º trimestre,6.20,0.25,2025-05-25
2006,671,participation,Trabajo 1º trimestre,7.00,0.10,2024-09-17
2007,672,exam,Examen 1º trimestre,6.90,0.35,2024-02-18
2008,672,exam,Examen 2º trimestre,6.00,0.35,2024-06-07
2009,672,coursework,Trabajo 3º trimestre,5.80,0.30,2023-09-23
2010,673,exam,Examen 1º trimestre,6.10,0.40,2024-10-05
2011,673,practical,Trabajo 2º trimestre,8.00,0.25,2025-03-08
2012,673,coursework,Trabajo 3º trimestre,6.40,0.25,2024-10-05
2013,673,participation,Trabajo 1º trimestre,3.70,0.10,2025-06-10
2014,674,exam,Examen 1º trimestre,6.90,0.35,2024-02-17
2015,674,exam,Examen 2º trimestre,6.60,0.35,2023-09-28
2016,674,coursework,Trabajo 3º trimestre,4.30,0.30,2023-11-27
2017,675,exam,Examen 1º trimestre,8.60,0.70,2024-04-22
2018,675,coursework,Trabajo 2º trimestre,5.30,0.30,2024-02-26
2019,676,exam,Examen 1º trimestre,5.90,0.35,2025-04-29
2020,676,exam,Examen 2º trimestre,5.40,0.35,2025-01-23
2021,676,coursework,Trabajo 3º trimestre,6.20,0.30,2025-01-02
2022,677,exam,Examen 1º trimestre,5.60,0.40,2023-05-08
2023,677,practical,Trabajo 2º trimestre,7.60,0.25,2022-12-25
2024,677,coursework,Trabajo 3º trimestre,5.60,0.25,2022-10-01
2025,677,participation,Trabajo 1º trimestre,6.60,0.10,2022-09-23
2026,678,exam,Examen 1º trimestre,6.20,0.40,2022-09-17
2027,678,practical,Trabajo 2º trimestre,7.50,0.25,2023-01-20
2028,678,coursework,Trabajo 3º trimestre,7.80,0.25,2022-12-10
2029,678,participation,Trabajo 1º trimestre,7.00,0.10,2022-10-10
2030,679,exam,Examen 1º trimestre,7.20,0.60,2024-03-17
2031,679,coursework,Trabajo 2º trimestre,5.20,0.30,2024-06-13
2032,679,participation,Trabajo 3º trimestre,7.50,0.10,2024-06-15
2033,680,exam,Examen 1º trimestre,7.20,0.35,2024-06-04
2034,680,exam,Examen 2º trimestre,7.60,0.35,2024-02-25
2035,680,coursework,Trabajo 3º trimestre,4.70,0.30,2023-09-15
2036,681,exam,Examen 1º trimestre,6.70,0.35,2023-11-09
2037,681,exam,Examen 2º trimestre,6.90,0.35,2024-06-15
2038,681,coursework,Trabajo 3º trimestre,8.50,0.30,2024-06-03
2039,682,exam,Examen 1º trimestre,7.50,0.60,2022-09-16
2040,682,coursework,Trabajo 2º trimestre,7.00,0.30,2023-01-23
2041,682,participation,Trabajo 3º trimestre,8.60,0.10,2022-10-11
2042,683,exam,Examen 1º trimestre,7.30,0.40,2024-06-04
2043,683,practical,Trabajo 2º trimestre,7.30,0.25,2023-12-16
2044,683,coursework,Trabajo 3º trimestre,5.80,0.25,2023-10-22
2045,683,participation,Trabajo 1º trimestre,3.40,0.10,2024-05-26
2046,684,exam,Examen 1º trimestre,6.80,0.60,2023-04-28
2047,684,coursework,Trabajo 2º trimestre,5.00,0.30,2023-06-06
2048,684,participation,Trabajo 3º trimestre,6.60,0.10,2022-10-01
2049,685,exam,Examen 1º trimestre,5.80,0.35,2025-04-15
2050,685,exam,Examen 2º trimestre,4.50,0.35,2025-01-10
2051,685,coursework,Trabajo 3º trimestre,6.90,0.30,2025-03-22
2052,686,exam,Examen 1º trimestre,5.40,0.70,2024-05-23
2053,686,coursework,Trabajo 2º trimestre,6.80,0.30,2023-11-06
2054,687,exam,Examen 1º trimestre,3.60,0.40,2024-03-25
2055,687,practical,Trabajo 2º trimestre,6.70,0.25,2023-09-09
2056,687,coursework,Trabajo 3º trimestre,4.00,0.25,2024-03-24
2057,687,participation,Trabajo 1º trimestre,5.50,0.10,2023-09-25
2058,688,exam,Examen 1º trimestre,4.60,0.60,2025-04-07
2059,688,coursework,Trabajo 2º trimestre,7.80,0.30,2025-05-30
2060,688,participation,Trabajo 3º trimestre,5.70,0.10,2024-11-15
2061,689,exam,Examen 1º trimestre,5.90,0.35,2023-04-04
2062,689,exam,Examen 2º trimestre,6.00,0.35,2022-10-27
2063,689,coursework,Trabajo 3º trimestre,4.90,0.30,2023-02-09
2064,690,exam,Examen 1º trimestre,5.30,0.40,2025-05-16
2065,690,practical,Trabajo 2º trimestre,7.30,0.25,2024-12-23
2066,690,coursework,Trabajo 3º trimestre,9.40,0.25,2024-10-31
2067,690,participation,Trabajo 1º trimestre,6.40,0.10,2025-03-15
2068,691,exam,Examen 1º trimestre,5.00,0.60,2025-03-03
2069,691,coursework,Trabajo 2º trimestre,7.70,0.30,2025-03-23
2070,691,participation,Trabajo 3º trimestre,9.70,0.10,2024-12-31
2071,692,exam,Examen 1º trimestre,6.80,0.35,2022-11-11
2072,692,exam,Examen 2º trimestre,6.30,0.35,2023-05-28
2073,692,coursework,Trabajo 3º trimestre,5.60,0.30,2023-05-01
2074,693,exam,Examen 1º trimestre,4.30,0.35,2023-02-22
2075,693,exam,Examen 2º trimestre,5.40,0.35,2023-04-03
2076,693,coursework,Trabajo 3º trimestre,6.80,0.30,2023-05-23
2077,694,exam,Examen 1º trimestre,4.00,0.40,2025-04-25
2078,694,practical,Trabajo 2º trimestre,6.20,0.25,2025-04-25
2079,694,coursework,Trabajo 3º trimestre,8.90,0.25,2025-04-14
2080,694,participation,Trabajo 1º trimestre,4.20,0.10,2024-10-18
2081,695,exam,Examen 1º trimestre,6.10,0.40,2024-11-16
2082,695,practical,Trabajo 2º trimestre,7.50,0.25,2025-01-05
2083,695,coursework,Trabajo 3º trimestre,9.00,0.25,2024-10-03
2084,695,participation,Trabajo 1º trimestre,5.00,0.10,2024-10-24
2085,696,exam,Examen 1º trimestre,2.80,0.70,2025-03-16
2086,696,coursework,Trabajo 2º trimestre,5.10,0.30,2025-04-15
2087,697,exam,Examen 1º trimestre,5.20,0.35,2024-10-10
2088,697,exam,Examen 2º trimestre,2.70,0.35,2024-10-16
2089,697,coursework,Trabajo 3º trimestre,3.90,0.30,2025-05-04
2090,698,exam,Examen 1º trimestre,4.20,0.70,2025-03-02
2091,698,coursework,Trabajo 2º trimestre,5.10,0.30,2024-12-27
2092,699,exam,Examen 1º trimestre,6.50,0.40,2023-11-14
2093,699,practical,Trabajo 2º trimestre,5.00,0.25,2024-03-19
2094,699,coursework,Trabajo 3º trimestre,4.50,0.25,2024-01-10
2095,699,participation,Trabajo 1º trimestre,5.90,0.10,2023-09-30
2096,700,exam,Examen 1º trimestre,6.70,0.40,2024-02-11
2097,700,practical,Trabajo 2º trimestre,6.80,0.25,2023-11-12
2098,700,coursework,Trabajo 3º trimestre,5.50,0.25,2023-09-30
2099,700,participation,Trabajo 1º trimestre,8.50,0.10,2023-11-25
2100,701,exam,Examen 1º trimestre,8.00,0.35,2024-01-21
2101,701,exam,Examen 2º trimestre,9.00,0.35,2024-04-19
2102,701,coursework,Trabajo 3º trimestre,8.30,0.30,2024-06-16
2103,702,exam,Examen 1º trimestre,6.50,0.40,2025-04-20
2104,702,practical,Trabajo 2º trimestre,5.30,0.25,2025-05-07
2105,702,coursework,Trabajo 3º trimestre,6.30,0.25,2024-10-17
2106,702,participation,Trabajo 1º trimestre,7.20,0.10,2025-05-30
2107,703,exam,Examen 1º trimestre,8.60,0.60,2023-09-27
2108,703,coursework,Trabajo 2º trimestre,10.00,0.30,2024-01-20
2109,703,participation,Trabajo 3º trimestre,9.30,0.10,2024-05-21
2110,704,exam,Examen 1º trimestre,6.80,0.40,2023-03-14
2111,704,practical,Trabajo 2º trimestre,5.40,0.25,2023-05-28
2112,704,coursework,Trabajo 3º trimestre,8.80,0.25,2023-02-13
2113,704,participation,Trabajo 1º trimestre,6.00,0.10,2022-09-14
2114,705,exam,Examen 1º trimestre,7.40,0.35,2025-06-11
2115,705,exam,Examen 2º trimestre,6.20,0.35,2025-06-02
2116,705,coursework,Trabajo 3º trimestre,5.00,0.30,2024-09-11
2117,706,exam,Examen 1º trimestre,7.00,0.40,2023-11-15
2118,706,practical,Trabajo 2º trimestre,5.30,0.25,2023-10-18
2119,706,coursework,Trabajo 3º trimestre,7.90,0.25,2023-09-24
2120,706,participation,Trabajo 1º trimestre,6.30,0.10,2024-02-17
2121,707,exam,Examen 1º trimestre,4.50,0.60,2025-02-26
2122,707,coursework,Trabajo 2º trimestre,7.90,0.30,2025-05-24
2123,707,participation,Trabajo 3º trimestre,6.90,0.10,2024-11-25
2124,708,exam,Examen 1º trimestre,5.20,0.35,2024-02-01
2125,708,exam,Examen 2º trimestre,7.80,0.35,2024-06-13
2126,708,coursework,Trabajo 3º trimestre,6.00,0.30,2023-12-30
2127,709,exam,Examen 1º trimestre,4.20,0.70,2024-01-23
2128,709,coursework,Trabajo 2º trimestre,8.00,0.30,2024-06-12
2129,710,exam,Examen 1º trimestre,6.80,0.60,2023-04-17
2130,710,coursework,Trabajo 2º trimestre,3.30,0.30,2022-11-28
2131,710,participation,Trabajo 3º trimestre,6.00,0.10,2023-05-07
2132,711,exam,Examen 1º trimestre,9.20,0.40,2024-05-30
2133,711,practical,Trabajo 2º trimestre,7.40,0.25,2024-01-05
2134,711,coursework,Trabajo 3º trimestre,9.60,0.25,2023-12-25
2135,711,participation,Trabajo 1º trimestre,5.70,0.10,2024-05-25
2136,712,exam,Examen 1º trimestre,5.90,0.35,2022-09-11
2137,712,exam,Examen 2º trimestre,5.40,0.35,2023-02-17
2138,712,coursework,Trabajo 3º trimestre,5.10,0.30,2023-06-10
2139,713,exam,Examen 1º trimestre,5.50,0.60,2024-11-08
2140,713,coursework,Trabajo 2º trimestre,8.10,0.30,2024-11-17
2141,713,participation,Trabajo 3º trimestre,6.50,0.10,2024-12-30
2142,714,exam,Examen 1º trimestre,5.20,0.70,2024-06-08
2143,714,coursework,Trabajo 2º trimestre,5.50,0.30,2024-05-31
2144,715,exam,Examen 1º trimestre,5.70,0.35,2023-11-19
2145,715,exam,Examen 2º trimestre,4.90,0.35,2024-05-13
2146,715,coursework,Trabajo 3º trimestre,4.40,0.30,2024-04-27
2147,716,exam,Examen 1º trimestre,6.50,0.60,2025-01-28
2148,716,coursework,Trabajo 2º trimestre,7.40,0.30,2025-04-23
2149,716,participation,Trabajo 3º trimestre,8.90,0.10,2025-01-23
2150,717,exam,Examen 1º trimestre,5.90,0.40,2023-10-13
2151,717,practical,Trabajo 2º trimestre,6.30,0.25,2023-10-23
2152,717,coursework,Trabajo 3º trimestre,7.70,0.25,2023-12-22
2153,717,participation,Trabajo 1º trimestre,9.10,0.10,2023-11-05
2154,718,exam,Examen 1º trimestre,4.70,0.70,2022-09-15
2155,718,coursework,Trabajo 2º trimestre,9.20,0.30,2023-01-20
2156,719,exam,Examen 1º trimestre,6.90,0.35,2023-10-24
2157,719,exam,Examen 2º trimestre,5.90,0.35,2024-06-15
2158,719,coursework,Trabajo 3º trimestre,8.20,0.30,2023-12-28
2159,720,exam,Examen 1º trimestre,6.20,0.60,2024-03-22
2160,720,coursework,Trabajo 2º trimestre,7.80,0.30,2023-11-15
2161,720,participation,Trabajo 3º trimestre,6.40,0.10,2023-09-28
2162,721,exam,Examen 1º trimestre,7.80,0.40,2024-12-29
2163,721,practical,Trabajo 2º trimestre,7.20,0.25,2025-05-03
2164,721,coursework,Trabajo 3º trimestre,6.40,0.25,2024-12-27
2165,721,participation,Trabajo 1º trimestre,5.80,0.10,2025-06-18
2166,722,exam,Examen 1º trimestre,7.70,0.70,2023-12-01
2167,722,coursework,Trabajo 2º trimestre,7.90,0.30,2024-01-14
2168,723,exam,Examen 1º trimestre,4.40,0.70,2025-03-30
2169,723,coursework,Trabajo 2º trimestre,5.00,0.30,2025-01-29
2170,724,exam,Examen 1º trimestre,5.30,0.60,2023-02-15
2171,724,coursework,Trabajo 2º trimestre,5.90,0.30,2022-12-02
2172,724,participation,Trabajo 3º trimestre,6.70,0.10,2022-12-19
2173,725,exam,Examen 1º trimestre,6.30,0.60,2022-12-11
2174,725,coursework,Trabajo 2º trimestre,6.80,0.30,2022-09-21
2175,725,participation,Trabajo 3º trimestre,7.30,0.10,2022-09-15
2176,726,exam,Examen 1º trimestre,6.70,0.35,2024-01-12
2177,726,exam,Examen 2º trimestre,6.90,0.35,2023-11-14
2178,726,coursework,Trabajo 3º trimestre,6.90,0.30,2023-11-15
2179,727,exam,Examen 1º trimestre,9.20,0.35,2024-10-05
2180,727,exam,Examen 2º trimestre,8.50,0.35,2024-10-22
2181,727,coursework,Trabajo 3º trimestre,6.80,0.30,2025-04-24
2182,728,exam,Examen 1º trimestre,7.60,0.70,2024-05-14
2183,728,coursework,Trabajo 2º trimestre,10.00,0.30,2023-12-19
2184,729,exam,Examen 1º trimestre,7.40,0.40,2023-06-02
2185,729,practical,Trabajo 2º trimestre,7.10,0.25,2022-10-09
2186,729,coursework,Trabajo 3º trimestre,5.60,0.25,2022-09-19
2187,729,participation,Trabajo 1º trimestre,4.50,0.10,2023-03-25
2188,730,exam,Examen 1º trimestre,7.20,0.60,2024-01-25
2189,730,coursework,Trabajo 2º trimestre,6.00,0.30,2024-06-14
2190,730,participation,Trabajo 3º trimestre,6.10,0.10,2023-12-28
2191,731,exam,Examen 1º trimestre,8.80,0.60,2024-01-21
2192,731,coursework,Trabajo 2º trimestre,6.10,0.30,2024-05-19
2193,731,participation,Trabajo 3º trimestre,6.90,0.10,2024-04-18
2194,732,exam,Examen 1º trimestre,5.10,0.40,2024-04-11
2195,732,practical,Trabajo 2º trimestre,6.10,0.25,2024-06-09
2196,732,coursework,Trabajo 3º trimestre,3.80,0.25,2024-03-23
2197,732,participation,Trabajo 1º trimestre,8.70,0.10,2024-05-05
2198,733,exam,Examen 1º trimestre,7.10,0.35,2025-04-28
2199,733,exam,Examen 2º trimestre,3.90,0.35,2024-12-22
2200,733,coursework,Trabajo 3º trimestre,5.80,0.30,2024-12-31
2201,734,exam,Examen 1º trimestre,6.80,0.60,2025-05-30
2202,734,coursework,Trabajo 2º trimestre,8.30,0.30,2024-10-21
2203,734,participation,Trabajo 3º trimestre,6.30,0.10,2025-02-23
2204,735,exam,Examen 1º trimestre,4.10,0.40,2024-10-04
2205,735,practical,Trabajo 2º trimestre,7.30,0.25,2024-11-11
2206,735,coursework,Trabajo 3º trimestre,6.90,0.25,2025-04-30
2207,735,participation,Trabajo 1º trimestre,7.20,0.10,2024-11-18
2208,736,exam,Examen 1º trimestre,5.50,0.35,2024-01-27
2209,736,exam,Examen 2º trimestre,7.50,0.35,2024-03-01
2210,736,coursework,Trabajo 3º trimestre,4.90,0.30,2024-01-16
2211,737,exam,Examen 1º trimestre,3.20,0.70,2025-02-28
2212,737,coursework,Trabajo 2º trimestre,5.80,0.30,2025-04-26
2213,738,exam,Examen 1º trimestre,4.70,0.35,2025-05-24
2214,738,exam,Examen 2º trimestre,5.10,0.35,2025-04-08
2215,738,coursework,Trabajo 3º trimestre,5.70,0.30,2025-03-11
2216,739,exam,Examen 1º trimestre,4.00,0.35,2023-10-18
2217,739,exam,Examen 2º trimestre,1.50,0.35,2024-05-15
2218,739,coursework,Trabajo 3º trimestre,3.70,0.30,2023-12-27
2219,740,exam,Examen 1º trimestre,7.10,0.35,2024-04-27
2220,740,exam,Examen 2º trimestre,2.60,0.35,2023-11-28
2221,740,coursework,Trabajo 3º trimestre,4.10,0.30,2024-01-23
2222,741,exam,Examen 1º trimestre,8.10,0.40,2023-02-01
2223,741,practical,Trabajo 2º trimestre,8.30,0.25,2023-03-13
2224,741,coursework,Trabajo 3º trimestre,7.10,0.25,2022-10-11
2225,741,participation,Trabajo 1º trimestre,7.20,0.10,2023-04-19
2226,742,exam,Examen 1º trimestre,7.60,0.35,2025-05-27
2227,742,exam,Examen 2º trimestre,2.50,0.35,2024-11-03
2228,742,coursework,Trabajo 3º trimestre,8.50,0.30,2024-12-27
2229,743,exam,Examen 1º trimestre,9.10,0.35,2024-11-26
2230,743,exam,Examen 2º trimestre,6.90,0.35,2024-11-17
2231,743,coursework,Trabajo 3º trimestre,10.00,0.30,2024-11-22
2232,744,exam,Examen 1º trimestre,5.50,0.40,2023-11-27
2233,744,practical,Trabajo 2º trimestre,6.80,0.25,2024-06-06
2234,744,coursework,Trabajo 3º trimestre,6.00,0.25,2024-04-30
2235,744,participation,Trabajo 1º trimestre,8.40,0.10,2024-02-19
2236,745,exam,Examen 1º trimestre,9.70,0.60,2024-04-19
2237,745,coursework,Trabajo 2º trimestre,5.80,0.30,2024-03-02
2238,745,participation,Trabajo 3º trimestre,9.10,0.10,2024-05-16
2239,746,exam,Examen 1º trimestre,7.20,0.40,2022-10-15
2240,746,practical,Trabajo 2º trimestre,3.90,0.25,2022-12-16
2241,746,coursework,Trabajo 3º trimestre,8.50,0.25,2023-06-12
2242,746,participation,Trabajo 1º trimestre,8.80,0.10,2022-09-13
2243,747,exam,Examen 1º trimestre,4.90,0.60,2023-05-23
2244,747,coursework,Trabajo 2º trimestre,7.20,0.30,2023-02-27
2245,747,participation,Trabajo 3º trimestre,3.20,0.10,2023-03-16
2246,748,exam,Examen 1º trimestre,4.30,0.40,2025-01-30
2247,748,practical,Trabajo 2º trimestre,4.20,0.25,2025-03-22
2248,748,coursework,Trabajo 3º trimestre,6.50,0.25,2024-12-30
2249,748,participation,Trabajo 1º trimestre,5.10,0.10,2024-12-15
2250,749,exam,Examen 1º trimestre,4.70,0.35,2023-04-23
2251,749,exam,Examen 2º trimestre,4.70,0.35,2022-11-26
2252,749,coursework,Trabajo 3º trimestre,4.50,0.30,2022-10-04
2253,750,exam,Examen 1º trimestre,2.10,0.40,2023-10-25
2254,750,practical,Trabajo 2º trimestre,7.00,0.25,2023-12-29
2255,750,coursework,Trabajo 3º trimestre,6.80,0.25,2024-04-30
2256,750,participation,Trabajo 1º trimestre,6.80,0.10,2024-02-04
2257,751,exam,Examen 1º trimestre,5.80,0.70,2024-06-10
2258,751,coursework,Trabajo 2º trimestre,7.00,0.30,2023-10-08
2259,752,exam,Examen 1º trimestre,0.90,0.40,2023-12-20
2260,752,practical,Trabajo 2º trimestre,2.40,0.25,2024-04-03
2261,752,coursework,Trabajo 3º trimestre,3.60,0.25,2024-04-17
2262,752,participation,Trabajo 1º trimestre,4.20,0.10,2023-12-15
2263,753,exam,Examen 1º trimestre,3.20,0.60,2025-05-02
2264,753,coursework,Trabajo 2º trimestre,3.50,0.30,2025-03-05
2265,753,participation,Trabajo 3º trimestre,1.40,0.10,2025-02-17
2266,754,exam,Examen 1º trimestre,2.30,0.70,2024-03-29
2267,754,coursework,Trabajo 2º trimestre,0.00,0.30,2024-02-01
2268,755,exam,Examen 1º trimestre,6.10,0.70,2022-12-13
2269,755,coursework,Trabajo 2º trimestre,5.90,0.30,2023-02-15
2270,756,exam,Examen 1º trimestre,8.20,0.40,2024-02-24
2271,756,practical,Trabajo 2º trimestre,7.10,0.25,2024-04-29
2272,756,coursework,Trabajo 3º trimestre,7.10,0.25,2024-06-11
2273,756,participation,Trabajo 1º trimestre,8.60,0.10,2024-02-28
2274,757,exam,Examen 1º trimestre,8.70,0.40,2023-02-15
2275,757,practical,Trabajo 2º trimestre,6.80,0.25,2023-04-07
2276,757,coursework,Trabajo 3º trimestre,8.20,0.25,2022-12-29
2277,757,participation,Trabajo 1º trimestre,9.50,0.10,2023-01-26
2278,758,exam,Examen 1º trimestre,4.60,0.40,2024-03-30
2279,758,practical,Trabajo 2º trimestre,5.60,0.25,2024-03-13
2280,758,coursework,Trabajo 3º trimestre,8.30,0.25,2024-03-01
2281,758,participation,Trabajo 1º trimestre,6.90,0.10,2023-11-01
2282,759,exam,Examen 1º trimestre,7.40,0.40,2024-02-08
2283,759,practical,Trabajo 2º trimestre,6.10,0.25,2023-12-03
2284,759,coursework,Trabajo 3º trimestre,6.20,0.25,2024-06-09
2285,759,participation,Trabajo 1º trimestre,2.90,0.10,2024-03-02
2286,760,exam,Examen 1º trimestre,6.50,0.60,2025-03-16
2287,760,coursework,Trabajo 2º trimestre,5.80,0.30,2025-04-25
2288,760,participation,Trabajo 3º trimestre,6.90,0.10,2025-04-02
2289,761,exam,Examen 1º trimestre,5.50,0.60,2023-12-07
2290,761,coursework,Trabajo 2º trimestre,5.40,0.30,2024-06-16
2291,761,participation,Trabajo 3º trimestre,6.90,0.10,2024-05-28
2292,762,exam,Examen 1º trimestre,7.40,0.70,2024-05-15
2293,762,coursework,Trabajo 2º trimestre,8.60,0.30,2023-10-16
2294,763,exam,Examen 1º trimestre,10.00,0.40,2023-12-28
2295,763,practical,Trabajo 2º trimestre,5.70,0.25,2024-02-11
2296,763,coursework,Trabajo 3º trimestre,7.60,0.25,2024-03-26
2297,763,participation,Trabajo 1º trimestre,5.70,0.10,2023-11-25
2298,764,exam,Examen 1º trimestre,3.80,0.40,2025-05-20
2299,764,practical,Trabajo 2º trimestre,8.50,0.25,2024-11-15
2300,764,coursework,Trabajo 3º trimestre,7.60,0.25,2025-05-27
2301,764,participation,Trabajo 1º trimestre,6.10,0.10,2025-05-07
2302,765,exam,Examen 1º trimestre,6.30,0.35,2023-06-11
2303,765,exam,Examen 2º trimestre,8.30,0.35,2022-09-23
2304,765,coursework,Trabajo 3º trimestre,9.20,0.30,2023-04-07
2305,766,exam,Examen 1º trimestre,10.00,0.40,2025-02-14
2306,766,practical,Trabajo 2º trimestre,10.00,0.25,2024-09-09
2307,766,coursework,Trabajo 3º trimestre,7.80,0.25,2025-05-04
2308,766,participation,Trabajo 1º trimestre,4.10,0.10,2024-10-13
2309,767,exam,Examen 1º trimestre,7.40,0.40,2025-06-17
2310,767,practical,Trabajo 2º trimestre,8.30,0.25,2025-05-20
2311,767,coursework,Trabajo 3º trimestre,6.00,0.25,2024-12-11
2312,767,participation,Trabajo 1º trimestre,6.70,0.10,2025-02-03
2313,768,exam,Examen 1º trimestre,8.30,0.70,2023-01-11
2314,768,coursework,Trabajo 2º trimestre,6.80,0.30,2023-06-05
2315,769,exam,Examen 1º trimestre,7.90,0.70,2025-04-28
2316,769,coursework,Trabajo 2º trimestre,8.90,0.30,2024-12-17
2317,770,exam,Examen 1º trimestre,9.40,0.60,2023-05-20
2318,770,coursework,Trabajo 2º trimestre,6.50,0.30,2023-03-01
2319,770,participation,Trabajo 3º trimestre,6.30,0.10,2022-10-30
2320,771,exam,Examen 1º trimestre,7.50,0.35,2025-05-06
2321,771,exam,Examen 2º trimestre,5.60,0.35,2024-12-22
2322,771,coursework,Trabajo 3º trimestre,6.70,0.30,2025-06-02
2323,772,exam,Examen 1º trimestre,9.20,0.35,2023-03-09
2324,772,exam,Examen 2º trimestre,5.60,0.35,2022-12-10
2325,772,coursework,Trabajo 3º trimestre,4.30,0.30,2023-03-31
2326,773,exam,Examen 1º trimestre,5.30,0.40,2024-01-16
2327,773,practical,Trabajo 2º trimestre,6.80,0.25,2023-12-19
2328,773,coursework,Trabajo 3º trimestre,6.20,0.25,2023-09-11
2329,773,participation,Trabajo 1º trimestre,4.00,0.10,2024-03-15
2330,774,exam,Examen 1º trimestre,2.00,0.35,2023-12-09
2331,774,exam,Examen 2º trimestre,5.20,0.35,2024-01-27
2332,774,coursework,Trabajo 3º trimestre,6.60,0.30,2024-01-01
2333,775,exam,Examen 1º trimestre,5.60,0.60,2024-11-13
2334,775,coursework,Trabajo 2º trimestre,1.10,0.30,2025-04-10
2335,775,participation,Trabajo 3º trimestre,7.10,0.10,2025-05-22
2336,776,exam,Examen 1º trimestre,5.40,0.40,2024-09-10
2337,776,practical,Trabajo 2º trimestre,8.10,0.25,2025-04-09
2338,776,coursework,Trabajo 3º trimestre,7.10,0.25,2025-02-28
2339,776,participation,Trabajo 1º trimestre,7.20,0.10,2025-05-07
2340,777,exam,Examen 1º trimestre,8.60,0.60,2025-03-23
2341,777,coursework,Trabajo 2º trimestre,10.00,0.30,2025-04-20
2342,777,participation,Trabajo 3º trimestre,8.20,0.10,2025-03-02
2343,778,exam,Examen 1º trimestre,8.40,0.40,2024-10-29
2344,778,practical,Trabajo 2º trimestre,10.00,0.25,2025-01-21
2345,778,coursework,Trabajo 3º trimestre,7.70,0.25,2024-09-14
2346,778,participation,Trabajo 1º trimestre,8.20,0.10,2025-04-20
2347,779,exam,Examen 1º trimestre,4.80,0.60,2023-06-18
2348,779,coursework,Trabajo 2º trimestre,8.60,0.30,2022-12-02
2349,779,participation,Trabajo 3º trimestre,9.10,0.10,2022-11-24
2350,780,exam,Examen 1º trimestre,8.50,0.70,2023-12-19
2351,780,coursework,Trabajo 2º trimestre,7.60,0.30,2023-10-08
2352,781,exam,Examen 1º trimestre,5.40,0.60,2025-05-03
2353,781,coursework,Trabajo 2º trimestre,6.60,0.30,2024-12-05
2354,781,participation,Trabajo 3º trimestre,8.00,0.10,2024-10-24
2355,782,exam,Examen 1º trimestre,5.10,0.60,2024-10-12
2356,782,coursework,Trabajo 2º trimestre,5.90,0.30,2025-03-09
2357,782,participation,Trabajo 3º trimestre,7.80,0.10,2024-10-11
2358,783,exam,Examen 1º trimestre,6.00,0.70,2023-04-20
2359,783,coursework,Trabajo 2º trimestre,3.60,0.30,2022-12-21
2360,784,exam,Examen 1º trimestre,4.20,0.70,2023-11-15
2361,784,coursework,Trabajo 2º trimestre,5.70,0.30,2024-04-26
2362,785,exam,Examen 1º trimestre,5.80,0.70,2023-10-29
2363,785,coursework,Trabajo 2º trimestre,5.90,0.30,2024-04-28
2364,786,exam,Examen 1º trimestre,5.80,0.35,2024-04-27
2365,786,exam,Examen 2º trimestre,5.40,0.35,2024-03-15
2366,786,coursework,Trabajo 3º trimestre,3.80,0.30,2023-10-11
2367,787,exam,Examen 1º trimestre,2.00,0.60,2022-09-20
2368,787,coursework,Trabajo 2º trimestre,3.90,0.30,2022-10-11
2369,787,participation,Trabajo 3º trimestre,6.00,0.10,2022-12-03
2370,788,exam,Examen 1º trimestre,3.00,0.70,2025-01-20
2371,788,coursework,Trabajo 2º trimestre,7.10,0.30,2024-09-29
2372,789,exam,Examen 1º trimestre,6.80,0.35,2023-06-04
2373,789,exam,Examen 2º trimestre,4.70,0.35,2022-10-19
2374,789,coursework,Trabajo 3º trimestre,4.80,0.30,2022-09-19
2375,790,exam,Examen 1º trimestre,8.60,0.35,2023-06-04
2376,790,exam,Examen 2º trimestre,1.90,0.35,2023-03-08
2377,790,coursework,Trabajo 3º trimestre,5.30,0.30,2023-02-20
2378,791,exam,Examen 1º trimestre,3.40,0.60,2022-10-20
2379,791,coursework,Trabajo 2º trimestre,3.00,0.30,2023-03-25
2380,791,participation,Trabajo 3º trimestre,5.40,0.10,2023-06-03
2381,792,exam,Examen 1º trimestre,3.90,0.70,2023-01-22
2382,792,coursework,Trabajo 2º trimestre,5.30,0.30,2023-01-09
2383,793,exam,Examen 1º trimestre,5.50,0.40,2025-06-06
2384,793,practical,Trabajo 2º trimestre,9.00,0.25,2024-11-18
2385,793,coursework,Trabajo 3º trimestre,3.00,0.25,2025-04-29
2386,793,participation,Trabajo 1º trimestre,6.00,0.10,2025-02-25
2387,794,exam,Examen 1º trimestre,2.70,0.40,2022-10-02
2388,794,practical,Trabajo 2º trimestre,6.80,0.25,2022-11-10
2389,794,coursework,Trabajo 3º trimestre,6.60,0.25,2022-09-16
2390,794,participation,Trabajo 1º trimestre,7.50,0.10,2023-06-01
2391,795,exam,Examen 1º trimestre,6.50,0.35,2024-03-23
2392,795,exam,Examen 2º trimestre,5.80,0.35,2023-10-11
2393,795,coursework,Trabajo 3º trimestre,9.40,0.30,2023-09-18
2394,796,exam,Examen 1º trimestre,5.60,0.70,2025-03-23
2395,796,coursework,Trabajo 2º trimestre,6.20,0.30,2025-02-28
2396,797,exam,Examen 1º trimestre,5.50,0.40,2023-11-08
2397,797,practical,Trabajo 2º trimestre,4.50,0.25,2024-04-25
2398,797,coursework,Trabajo 3º trimestre,4.70,0.25,2024-02-25
2399,797,participation,Trabajo 1º trimestre,7.70,0.10,2023-10-14
2400,798,exam,Examen 1º trimestre,3.80,0.40,2024-04-28
2401,798,practical,Trabajo 2º trimestre,6.30,0.25,2023-12-05
2402,798,coursework,Trabajo 3º trimestre,8.40,0.25,2023-12-01
2403,798,participation,Trabajo 1º trimestre,3.80,0.10,2023-09-30
2404,799,exam,Examen 1º trimestre,4.40,0.40,2024-12-14
2405,799,practical,Trabajo 2º trimestre,3.80,0.25,2025-05-17
2406,799,coursework,Trabajo 3º trimestre,4.40,0.25,2024-10-31
2407,799,participation,Trabajo 1º trimestre,5.90,0.10,2025-03-15
2408,800,exam,Examen 1º trimestre,1.20,0.40,2023-01-28
2409,800,practical,Trabajo 2º trimestre,0.60,0.25,2022-10-07
2410,800,coursework,Trabajo 3º trimestre,7.50,0.25,2023-04-12
2411,800,participation,Trabajo 1º trimestre,4.80,0.10,2023-02-22
2412,801,exam,Examen 1º trimestre,6.50,0.60,2023-01-16
2413,801,coursework,Trabajo 2º trimestre,6.10,0.30,2022-12-22
2414,801,participation,Trabajo 3º trimestre,5.50,0.10,2022-11-05
2415,802,exam,Examen 1º trimestre,5.20,0.70,2023-02-26
2416,802,coursework,Trabajo 2º trimestre,3.50,0.30,2023-06-08
2417,803,exam,Examen 1º trimestre,5.60,0.60,2024-09-18
2418,803,coursework,Trabajo 2º trimestre,4.30,0.30,2025-02-04
2419,803,participation,Trabajo 3º trimestre,3.50,0.10,2024-11-22
2420,804,exam,Examen 1º trimestre,5.90,0.35,2023-05-02
2421,804,exam,Examen 2º trimestre,3.60,0.35,2023-04-26
2422,804,coursework,Trabajo 3º trimestre,7.90,0.30,2023-03-05
2423,805,exam,Examen 1º trimestre,7.90,0.35,2023-03-08
2424,805,exam,Examen 2º trimestre,9.80,0.35,2023-04-03
2425,805,coursework,Trabajo 3º trimestre,4.60,0.30,2022-10-09
2426,806,exam,Examen 1º trimestre,7.60,0.60,2023-11-25
2427,806,coursework,Trabajo 2º trimestre,10.00,0.30,2023-09-22
2428,806,participation,Trabajo 3º trimestre,7.00,0.10,2024-06-18
2429,807,exam,Examen 1º trimestre,6.80,0.60,2024-10-21
2430,807,coursework,Trabajo 2º trimestre,6.10,0.30,2024-10-13
2431,807,participation,Trabajo 3º trimestre,7.20,0.10,2025-01-25
2432,808,exam,Examen 1º trimestre,4.80,0.40,2023-11-08
2433,808,practical,Trabajo 2º trimestre,9.70,0.25,2023-11-27
2434,808,coursework,Trabajo 3º trimestre,10.00,0.25,2024-03-21
2435,808,participation,Trabajo 1º trimestre,8.30,0.10,2024-01-12
2436,809,exam,Examen 1º trimestre,7.00,0.40,2022-10-26
2437,809,practical,Trabajo 2º trimestre,4.70,0.25,2022-10-18
2438,809,coursework,Trabajo 3º trimestre,5.70,0.25,2023-02-25
2439,809,participation,Trabajo 1º trimestre,7.80,0.10,2023-04-11
2440,810,exam,Examen 1º trimestre,5.80,0.35,2025-01-06
2441,810,exam,Examen 2º trimestre,6.40,0.35,2024-12-06
2442,810,coursework,Trabajo 3º trimestre,6.90,0.30,2025-03-14
2443,811,exam,Examen 1º trimestre,10.00,0.60,2024-10-04
2444,811,coursework,Trabajo 2º trimestre,9.40,0.30,2024-10-06
2445,811,participation,Trabajo 3º trimestre,9.60,0.10,2024-10-10
2446,812,exam,Examen 1º trimestre,6.00,0.60,2025-04-03
2447,812,coursework,Trabajo 2º trimestre,8.10,0.30,2024-09-26
2448,812,participation,Trabajo 3º trimestre,9.90,0.10,2025-04-18
2449,813,exam,Examen 1º trimestre,8.00,0.40,2022-11-24
2450,813,practical,Trabajo 2º trimestre,10.00,0.25,2023-03-24
2451,813,coursework,Trabajo 3º trimestre,6.90,0.25,2022-12-24
2452,813,participation,Trabajo 1º trimestre,6.40,0.10,2022-11-22
2453,814,exam,Examen 1º trimestre,8.00,0.60,2025-01-28
2454,814,coursework,Trabajo 2º trimestre,6.10,0.30,2025-05-21
2455,814,participation,Trabajo 3º trimestre,8.70,0.10,2025-03-14
2456,815,exam,Examen 1º trimestre,8.70,0.40,2022-11-24
2457,815,practical,Trabajo 2º trimestre,9.00,0.25,2023-04-28
2458,815,coursework,Trabajo 3º trimestre,9.90,0.25,2023-02-28
2459,815,participation,Trabajo 1º trimestre,9.90,0.10,2023-02-04
2460,816,exam,Examen 1º trimestre,6.60,0.70,2025-04-12
2461,816,coursework,Trabajo 2º trimestre,5.20,0.30,2024-11-29
2462,817,exam,Examen 1º trimestre,10.00,0.70,2025-01-17
2463,817,coursework,Trabajo 2º trimestre,9.50,0.30,2025-02-14
2464,818,exam,Examen 1º trimestre,5.10,0.70,2024-12-11
2465,818,coursework,Trabajo 2º trimestre,5.40,0.30,2024-10-14
2466,819,exam,Examen 1º trimestre,6.10,0.40,2024-10-26
2467,819,practical,Trabajo 2º trimestre,8.60,0.25,2024-11-19
2468,819,coursework,Trabajo 3º trimestre,6.90,0.25,2025-02-15
2469,819,participation,Trabajo 1º trimestre,5.90,0.10,2025-01-21
2470,820,exam,Examen 1º trimestre,4.60,0.35,2023-11-11
2471,820,exam,Examen 2º trimestre,6.30,0.35,2024-05-21
2472,820,coursework,Trabajo 3º trimestre,7.90,0.30,2023-10-01
2473,821,exam,Examen 1º trimestre,6.70,0.60,2025-02-02
2474,821,coursework,Trabajo 2º trimestre,8.40,0.30,2025-01-29
2475,821,participation,Trabajo 3º trimestre,7.20,0.10,2024-12-19
2476,822,exam,Examen 1º trimestre,5.30,0.60,2023-11-21
2477,822,coursework,Trabajo 2º trimestre,3.90,0.30,2023-10-05
2478,822,participation,Trabajo 3º trimestre,8.10,0.10,2023-10-25
2479,823,exam,Examen 1º trimestre,6.70,0.35,2024-10-25
2480,823,exam,Examen 2º trimestre,7.40,0.35,2025-04-14
2481,823,coursework,Trabajo 3º trimestre,6.30,0.30,2024-09-24
2482,824,exam,Examen 1º trimestre,8.10,0.60,2024-04-11
2483,824,coursework,Trabajo 2º trimestre,5.50,0.30,2024-05-04
2484,824,participation,Trabajo 3º trimestre,7.70,0.10,2024-05-12
2485,825,exam,Examen 1º trimestre,8.60,0.60,2023-05-23
2486,825,coursework,Trabajo 2º trimestre,7.70,0.30,2023-04-27
2487,825,participation,Trabajo 3º trimestre,4.20,0.10,2022-10-07
2488,826,exam,Examen 1º trimestre,7.50,0.35,2023-11-20
2489,826,exam,Examen 2º trimestre,8.40,0.35,2023-09-13
2490,826,coursework,Trabajo 3º trimestre,8.20,0.30,2023-10-16
2491,827,exam,Examen 1º trimestre,6.60,0.35,2023-11-19
2492,827,exam,Examen 2º trimestre,8.60,0.35,2023-10-10
2493,827,coursework,Trabajo 3º trimestre,8.70,0.30,2024-03-14
2494,828,exam,Examen 1º trimestre,5.10,0.60,2022-10-01
2495,828,coursework,Trabajo 2º trimestre,3.40,0.30,2023-03-24
2496,828,participation,Trabajo 3º trimestre,6.10,0.10,2022-11-22
2497,829,exam,Examen 1º trimestre,10.00,0.40,2022-10-08
2498,829,practical,Trabajo 2º trimestre,3.00,0.25,2023-01-03
2499,829,coursework,Trabajo 3º trimestre,5.50,0.25,2023-03-16
2500,829,participation,Trabajo 1º trimestre,7.30,0.10,2023-04-21
2501,830,exam,Examen 1º trimestre,6.10,0.70,2024-03-01
2502,830,coursework,Trabajo 2º trimestre,6.00,0.30,2024-03-24
2503,831,exam,Examen 1º trimestre,7.90,0.35,2025-04-06
2504,831,exam,Examen 2º trimestre,4.40,0.35,2025-02-24
2505,831,coursework,Trabajo 3º trimestre,6.30,0.30,2025-03-23
2506,832,exam,Examen 1º trimestre,7.80,0.40,2024-05-23
2507,832,practical,Trabajo 2º trimestre,6.80,0.25,2024-03-07
2508,832,coursework,Trabajo 3º trimestre,7.90,0.25,2023-12-07
2509,832,participation,Trabajo 1º trimestre,5.00,0.10,2024-01-09
2510,833,exam,Examen 1º trimestre,5.70,0.40,2023-02-23
2511,833,practical,Trabajo 2º trimestre,7.90,0.25,2022-10-03
2512,833,coursework,Trabajo 3º trimestre,7.60,0.25,2022-10-13
2513,833,participation,Trabajo 1º trimestre,5.30,0.10,2023-02-26
2514,834,exam,Examen 1º trimestre,5.90,0.60,2022-12-31
2515,834,coursework,Trabajo 2º trimestre,6.70,0.30,2022-11-20
2516,834,participation,Trabajo 3º trimestre,7.10,0.10,2023-01-24
2517,835,exam,Examen 1º trimestre,3.30,0.35,2025-04-17
2518,835,exam,Examen 2º trimestre,4.50,0.35,2024-12-28
2519,835,coursework,Trabajo 3º trimestre,6.30,0.30,2025-01-16
2520,836,exam,Examen 1º trimestre,6.90,0.35,2025-04-24
2521,836,exam,Examen 2º trimestre,2.60,0.35,2025-04-17
2522,836,coursework,Trabajo 3º trimestre,5.00,0.30,2025-06-01
2523,837,exam,Examen 1º trimestre,1.70,0.60,2024-12-11
2524,837,coursework,Trabajo 2º trimestre,2.20,0.30,2024-11-23
2525,837,participation,Trabajo 3º trimestre,2.80,0.10,2025-01-24
2526,838,exam,Examen 1º trimestre,3.10,0.35,2023-05-28
2527,838,exam,Examen 2º trimestre,3.50,0.35,2022-11-28
2528,838,coursework,Trabajo 3º trimestre,4.30,0.30,2023-02-08
2529,839,exam,Examen 1º trimestre,2.60,0.60,2024-10-24
2530,839,coursework,Trabajo 2º trimestre,2.40,0.30,2024-12-10
2531,839,participation,Trabajo 3º trimestre,3.90,0.10,2025-05-14
2532,840,exam,Examen 1º trimestre,3.30,0.60,2022-10-10
2533,840,coursework,Trabajo 2º trimestre,2.30,0.30,2023-06-18
2534,840,participation,Trabajo 3º trimestre,5.00,0.10,2023-03-04
2535,841,exam,Examen 1º trimestre,5.80,0.70,2025-03-27
2536,841,coursework,Trabajo 2º trimestre,6.20,0.30,2025-01-25
2537,842,exam,Examen 1º trimestre,2.70,0.70,2024-10-05
2538,842,coursework,Trabajo 2º trimestre,3.80,0.30,2024-09-23
2539,843,exam,Examen 1º trimestre,3.70,0.70,2023-05-10
2540,843,coursework,Trabajo 2º trimestre,5.50,0.30,2023-01-24
2541,844,exam,Examen 1º trimestre,2.20,0.70,2024-10-11
2542,844,coursework,Trabajo 2º trimestre,5.60,0.30,2024-10-02
2543,845,exam,Examen 1º trimestre,7.40,0.35,2024-03-29
2544,845,exam,Examen 2º trimestre,5.60,0.35,2023-12-09
2545,845,coursework,Trabajo 3º trimestre,5.50,0.30,2024-04-22
2546,846,exam,Examen 1º trimestre,8.50,0.60,2022-11-22
2547,846,coursework,Trabajo 2º trimestre,4.60,0.30,2023-05-09
2548,846,participation,Trabajo 3º trimestre,6.40,0.10,2022-12-16
2549,847,exam,Examen 1º trimestre,8.90,0.70,2025-04-06
2550,847,coursework,Trabajo 2º trimestre,6.90,0.30,2025-05-07
2551,848,exam,Examen 1º trimestre,9.00,0.60,2022-09-23
2552,848,coursework,Trabajo 2º trimestre,6.60,0.30,2022-12-11
2553,848,participation,Trabajo 3º trimestre,8.30,0.10,2022-11-08
2554,849,exam,Examen 1º trimestre,5.60,0.70,2025-04-07
2555,849,coursework,Trabajo 2º trimestre,8.70,0.30,2024-10-28
2556,850,exam,Examen 1º trimestre,5.30,0.35,2025-04-06
2557,850,exam,Examen 2º trimestre,5.00,0.35,2025-05-25
2558,850,coursework,Trabajo 3º trimestre,4.90,0.30,2025-04-08
2559,851,exam,Examen 1º trimestre,6.80,0.40,2024-04-25
2560,851,practical,Trabajo 2º trimestre,5.90,0.25,2024-03-17
2561,851,coursework,Trabajo 3º trimestre,2.90,0.25,2023-12-02
2562,851,participation,Trabajo 1º trimestre,7.20,0.10,2023-11-17
2563,852,exam,Examen 1º trimestre,8.60,0.70,2022-12-09
2564,852,coursework,Trabajo 2º trimestre,8.00,0.30,2023-05-02
2565,853,exam,Examen 1º trimestre,5.70,0.35,2024-03-05
2566,853,exam,Examen 2º trimestre,5.30,0.35,2024-01-14
2567,853,coursework,Trabajo 3º trimestre,8.30,0.30,2024-05-21
2568,854,exam,Examen 1º trimestre,4.40,0.70,2023-02-06
2569,854,coursework,Trabajo 2º trimestre,7.70,0.30,2023-03-30
2570,855,exam,Examen 1º trimestre,6.20,0.40,2024-03-17
2571,855,practical,Trabajo 2º trimestre,7.10,0.25,2024-05-24
2572,855,coursework,Trabajo 3º trimestre,6.80,0.25,2023-10-14
2573,855,participation,Trabajo 1º trimestre,7.30,0.10,2024-03-03
2574,856,exam,Examen 1º trimestre,9.30,0.60,2023-09-26
2575,856,coursework,Trabajo 2º trimestre,6.20,0.30,2023-09-10
2576,856,participation,Trabajo 3º trimestre,5.30,0.10,2023-09-28
2577,857,exam,Examen 1º trimestre,3.70,0.70,2023-02-24
2578,857,coursework,Trabajo 2º trimestre,5.50,0.30,2023-05-29
2579,858,exam,Examen 1º trimestre,5.60,0.60,2023-10-07
2580,858,coursework,Trabajo 2º trimestre,4.00,0.30,2024-03-27
2581,858,participation,Trabajo 3º trimestre,9.20,0.10,2024-01-29
2582,859,exam,Examen 1º trimestre,5.10,0.40,2023-09-29
2583,859,practical,Trabajo 2º trimestre,5.90,0.25,2024-01-12
2584,859,coursework,Trabajo 3º trimestre,2.20,0.25,2024-05-31
2585,859,participation,Trabajo 1º trimestre,3.00,0.10,2024-06-13
2586,860,exam,Examen 1º trimestre,1.90,0.60,2024-10-02
2587,860,coursework,Trabajo 2º trimestre,4.90,0.30,2025-06-20
2588,860,participation,Trabajo 3º trimestre,3.90,0.10,2025-03-15
2589,861,exam,Examen 1º trimestre,3.50,0.70,2024-05-13
2590,861,coursework,Trabajo 2º trimestre,3.40,0.30,2023-09-26
2591,862,exam,Examen 1º trimestre,7.30,0.35,2024-02-04
2592,862,exam,Examen 2º trimestre,6.50,0.35,2023-11-26
2593,862,coursework,Trabajo 3º trimestre,6.90,0.30,2024-01-11
2594,863,exam,Examen 1º trimestre,7.00,0.40,2022-10-10
2595,863,practical,Trabajo 2º trimestre,8.10,0.25,2023-01-05
2596,863,coursework,Trabajo 3º trimestre,8.10,0.25,2023-06-07
2597,863,participation,Trabajo 1º trimestre,6.70,0.10,2023-02-21
2598,864,exam,Examen 1º trimestre,5.90,0.70,2024-02-16
2599,864,coursework,Trabajo 2º trimestre,8.40,0.30,2023-09-29
2600,865,exam,Examen 1º trimestre,8.90,0.35,2024-03-15
2601,865,exam,Examen 2º trimestre,5.60,0.35,2024-01-07
2602,865,coursework,Trabajo 3º trimestre,7.70,0.30,2024-04-14
2603,866,exam,Examen 1º trimestre,8.20,0.35,2025-05-29
2604,866,exam,Examen 2º trimestre,8.70,0.35,2024-12-31
2605,866,coursework,Trabajo 3º trimestre,4.80,0.30,2024-12-24
2606,867,exam,Examen 1º trimestre,10.00,0.35,2025-02-16
2607,867,exam,Examen 2º trimestre,6.20,0.35,2024-12-10
2608,867,coursework,Trabajo 3º trimestre,8.80,0.30,2025-05-10
2609,868,exam,Examen 1º trimestre,7.30,0.60,2023-01-30
2610,868,coursework,Trabajo 2º trimestre,8.60,0.30,2023-01-10
2611,868,participation,Trabajo 3º trimestre,6.50,0.10,2023-04-27
2612,869,exam,Examen 1º trimestre,8.90,0.35,2024-11-14
2613,869,exam,Examen 2º trimestre,9.00,0.35,2024-11-16
2614,869,coursework,Trabajo 3º trimestre,9.30,0.30,2024-12-04
2615,870,exam,Examen 1º trimestre,3.10,0.35,2023-03-26
2616,870,exam,Examen 2º trimestre,6.80,0.35,2022-10-11
2617,870,coursework,Trabajo 3º trimestre,5.90,0.30,2022-09-10
2618,871,exam,Examen 1º trimestre,6.30,0.35,2023-02-19
2619,871,exam,Examen 2º trimestre,5.90,0.35,2023-01-17
2620,871,coursework,Trabajo 3º trimestre,8.20,0.30,2022-11-22
2621,872,exam,Examen 1º trimestre,8.00,0.70,2025-01-31
2622,872,coursework,Trabajo 2º trimestre,7.30,0.30,2025-02-03
2623,873,exam,Examen 1º trimestre,4.90,0.70,2024-11-17
2624,873,coursework,Trabajo 2º trimestre,8.00,0.30,2025-06-07
2625,874,exam,Examen 1º trimestre,10.00,0.40,2024-01-23
2626,874,practical,Trabajo 2º trimestre,6.90,0.25,2023-12-24
2627,874,coursework,Trabajo 3º trimestre,8.30,0.25,2023-10-06
2628,874,participation,Trabajo 1º trimestre,9.50,0.10,2024-01-17
2629,875,exam,Examen 1º trimestre,8.60,0.35,2022-11-25
2630,875,exam,Examen 2º trimestre,9.70,0.35,2022-10-05
2631,875,coursework,Trabajo 3º trimestre,9.80,0.30,2023-04-30
2632,876,exam,Examen 1º trimestre,7.00,0.35,2025-04-21
2633,876,exam,Examen 2º trimestre,5.70,0.35,2025-04-20
2634,876,coursework,Trabajo 3º trimestre,6.30,0.30,2024-09-29
2635,877,exam,Examen 1º trimestre,1.70,0.35,2023-12-16
2636,877,exam,Examen 2º trimestre,3.70,0.35,2024-03-17
2637,877,coursework,Trabajo 3º trimestre,3.60,0.30,2024-02-22
2638,878,exam,Examen 1º trimestre,3.10,0.40,2024-11-29
2639,878,practical,Trabajo 2º trimestre,4.40,0.25,2024-09-14
2640,878,coursework,Trabajo 3º trimestre,3.60,0.25,2024-09-28
2641,878,participation,Trabajo 1º trimestre,5.30,0.10,2025-06-20
2642,879,exam,Examen 1º trimestre,3.40,0.35,2023-04-21
2643,879,exam,Examen 2º trimestre,4.50,0.35,2022-09-19
2644,879,coursework,Trabajo 3º trimestre,4.50,0.30,2022-09-15
2645,880,exam,Examen 1º trimestre,6.30,0.70,2024-09-25
2646,880,coursework,Trabajo 2º trimestre,2.40,0.30,2024-11-10
2647,881,exam,Examen 1º trimestre,8.80,0.40,2023-05-23
2648,881,practical,Trabajo 2º trimestre,7.40,0.25,2023-03-09
2649,881,coursework,Trabajo 3º trimestre,5.30,0.25,2023-01-23
2650,881,participation,Trabajo 1º trimestre,8.20,0.10,2022-10-27
2651,882,exam,Examen 1º trimestre,9.10,0.60,2024-10-26
2652,882,coursework,Trabajo 2º trimestre,8.60,0.30,2025-03-28
2653,882,participation,Trabajo 3º trimestre,7.40,0.10,2025-04-16
2654,883,exam,Examen 1º trimestre,3.30,0.60,2023-04-18
2655,883,coursework,Trabajo 2º trimestre,5.90,0.30,2022-12-28
2656,883,participation,Trabajo 3º trimestre,6.80,0.10,2023-05-29
2657,884,exam,Examen 1º trimestre,7.20,0.35,2023-10-05
2658,884,exam,Examen 2º trimestre,7.50,0.35,2023-11-13
2659,884,coursework,Trabajo 3º trimestre,9.20,0.30,2024-02-01
2660,885,exam,Examen 1º trimestre,7.70,0.40,2022-12-05
2661,885,practical,Trabajo 2º trimestre,8.60,0.25,2023-06-20
2662,885,coursework,Trabajo 3º trimestre,5.80,0.25,2022-09-28
2663,885,participation,Trabajo 1º trimestre,8.20,0.10,2022-12-09
2664,886,exam,Examen 1º trimestre,9.90,0.60,2025-04-27
2665,886,coursework,Trabajo 2º trimestre,4.70,0.30,2025-01-06
2666,886,participation,Trabajo 3º trimestre,5.00,0.10,2025-04-23
2667,887,exam,Examen 1º trimestre,6.50,0.40,2023-06-17
2668,887,practical,Trabajo 2º trimestre,5.80,0.25,2022-12-22
2669,887,coursework,Trabajo 3º trimestre,4.30,0.25,2022-10-15
2670,887,participation,Trabajo 1º trimestre,4.90,0.10,2022-11-17
2671,888,exam,Examen 1º trimestre,5.10,0.70,2023-01-13
2672,888,coursework,Trabajo 2º trimestre,6.20,0.30,2022-12-19
2673,889,exam,Examen 1º trimestre,5.00,0.60,2023-09-11
2674,889,coursework,Trabajo 2º trimestre,7.40,0.30,2024-05-30
2675,889,participation,Trabajo 3º trimestre,7.10,0.10,2024-04-02
2676,890,exam,Examen 1º trimestre,4.10,0.35,2025-05-20
2677,890,exam,Examen 2º trimestre,6.10,0.35,2025-02-10
2678,890,coursework,Trabajo 3º trimestre,5.90,0.30,2025-01-21
2679,891,exam,Examen 1º trimestre,6.40,0.35,2025-03-16
2680,891,exam,Examen 2º trimestre,4.80,0.35,2025-02-05
2681,891,coursework,Trabajo 3º trimestre,4.30,0.30,2024-11-24
2682,892,exam,Examen 1º trimestre,10.00,0.70,2022-12-05
2683,892,coursework,Trabajo 2º trimestre,8.80,0.30,2023-04-13
2684,893,exam,Examen 1º trimestre,7.30,0.40,2023-03-28
2685,893,practical,Trabajo 2º trimestre,9.80,0.25,2023-01-30
2686,893,coursework,Trabajo 3º trimestre,9.80,0.25,2022-09-09
2687,893,participation,Trabajo 1º trimestre,6.90,0.10,2023-02-01
2688,894,exam,Examen 1º trimestre,7.40,0.70,2023-10-17
2689,894,coursework,Trabajo 2º trimestre,4.00,0.30,2024-03-15
2690,895,exam,Examen 1º trimestre,7.80,0.60,2024-05-11
2691,895,coursework,Trabajo 2º trimestre,5.10,0.30,2024-05-25
2692,895,participation,Trabajo 3º trimestre,6.30,0.10,2024-06-02
2693,896,exam,Examen 1º trimestre,5.60,0.70,2025-05-23
2694,896,coursework,Trabajo 2º trimestre,10.00,0.30,2025-02-12
2695,897,exam,Examen 1º trimestre,2.80,0.70,2024-05-27
2696,897,coursework,Trabajo 2º trimestre,5.60,0.30,2023-09-24
2697,898,exam,Examen 1º trimestre,6.60,0.70,2023-02-08
2698,898,coursework,Trabajo 2º trimestre,5.00,0.30,2023-06-19
2699,899,exam,Examen 1º trimestre,6.50,0.40,2024-12-15
2700,899,practical,Trabajo 2º trimestre,6.40,0.25,2024-09-30
2701,899,coursework,Trabajo 3º trimestre,7.00,0.25,2025-01-25
2702,899,participation,Trabajo 1º trimestre,3.30,0.10,2024-12-15
2703,900,exam,Examen 1º trimestre,5.80,0.35,2025-03-10
2704,900,exam,Examen 2º trimestre,5.20,0.35,2024-11-26
2705,900,coursework,Trabajo 3º trimestre,5.40,0.30,2024-12-20
2706,901,exam,Examen 1º trimestre,3.50,0.40,2025-06-05
2707,901,practical,Trabajo 2º trimestre,5.40,0.25,2025-05-11
2708,901,coursework,Trabajo 3º trimestre,3.70,0.25,2025-02-07
2709,901,participation,Trabajo 1º trimestre,6.40,0.10,2025-01-10
2710,902,exam,Examen 1º trimestre,7.00,0.35,2023-06-02
2711,902,exam,Examen 2º trimestre,8.50,0.35,2022-10-21
2712,902,coursework,Trabajo 3º trimestre,3.80,0.30,2022-09-30
2713,903,exam,Examen 1º trimestre,8.40,0.35,2024-10-13
2714,903,exam,Examen 2º trimestre,6.50,0.35,2024-10-19
2715,903,coursework,Trabajo 3º trimestre,8.70,0.30,2025-03-22
2716,904,exam,Examen 1º trimestre,7.20,0.60,2024-02-17
2717,904,coursework,Trabajo 2º trimestre,8.10,0.30,2023-11-12
2718,904,participation,Trabajo 3º trimestre,9.00,0.10,2024-05-03
2719,905,exam,Examen 1º trimestre,5.00,0.40,2024-05-12
2720,905,practical,Trabajo 2º trimestre,3.50,0.25,2024-04-02
2721,905,coursework,Trabajo 3º trimestre,5.40,0.25,2024-01-26
2722,905,participation,Trabajo 1º trimestre,5.40,0.10,2024-04-20
2723,906,exam,Examen 1º trimestre,5.10,0.40,2025-02-07
2724,906,practical,Trabajo 2º trimestre,5.50,0.25,2024-09-23
2725,906,coursework,Trabajo 3º trimestre,5.80,0.25,2024-09-09
2726,906,participation,Trabajo 1º trimestre,3.80,0.10,2025-01-21
2727,907,exam,Examen 1º trimestre,4.20,0.60,2023-09-17
2728,907,coursework,Trabajo 2º trimestre,3.20,0.30,2023-09-18
2729,907,participation,Trabajo 3º trimestre,7.20,0.10,2024-01-16
2730,908,exam,Examen 1º trimestre,5.70,0.35,2024-12-11
2731,908,exam,Examen 2º trimestre,7.70,0.35,2025-03-20
2732,908,coursework,Trabajo 3º trimestre,2.60,0.30,2025-05-13
2733,909,exam,Examen 1º trimestre,2.80,0.70,2024-04-25
2734,909,coursework,Trabajo 2º trimestre,6.10,0.30,2023-10-17
2735,910,exam,Examen 1º trimestre,3.40,0.70,2025-05-02
2736,910,coursework,Trabajo 2º trimestre,9.10,0.30,2024-12-11
2737,911,exam,Examen 1º trimestre,5.20,0.35,2022-12-03
2738,911,exam,Examen 2º trimestre,7.70,0.35,2023-05-18
2739,911,coursework,Trabajo 3º trimestre,7.40,0.30,2022-12-17
2740,912,exam,Examen 1º trimestre,6.40,0.40,2024-04-16
2741,912,practical,Trabajo 2º trimestre,8.40,0.25,2024-04-27
2742,912,coursework,Trabajo 3º trimestre,4.50,0.25,2024-06-06
2743,912,participation,Trabajo 1º trimestre,3.20,0.10,2023-11-15
2744,913,exam,Examen 1º trimestre,6.00,0.40,2023-10-30
2745,913,practical,Trabajo 2º trimestre,4.80,0.25,2024-02-11
2746,913,coursework,Trabajo 3º trimestre,6.20,0.25,2023-11-28
2747,913,participation,Trabajo 1º trimestre,6.70,0.10,2024-01-13
2748,914,exam,Examen 1º trimestre,3.60,0.60,2024-05-01
2749,914,coursework,Trabajo 2º trimestre,6.90,0.30,2024-05-25
2750,914,participation,Trabajo 3º trimestre,6.80,0.10,2023-10-24
2751,915,exam,Examen 1º trimestre,4.80,0.70,2025-05-08
2752,915,coursework,Trabajo 2º trimestre,3.10,0.30,2024-12-02
2753,916,exam,Examen 1º trimestre,6.60,0.40,2022-12-09
2754,916,practical,Trabajo 2º trimestre,5.20,0.25,2023-06-12
2755,916,coursework,Trabajo 3º trimestre,4.20,0.25,2023-05-02
2756,916,participation,Trabajo 1º trimestre,2.70,0.10,2023-04-12
2757,917,exam,Examen 1º trimestre,2.50,0.60,2025-03-15
2758,917,coursework,Trabajo 2º trimestre,2.70,0.30,2025-05-06
2759,917,participation,Trabajo 3º trimestre,3.40,0.10,2024-11-07
2760,918,exam,Examen 1º trimestre,5.00,0.40,2023-09-15
2761,918,practical,Trabajo 2º trimestre,5.10,0.25,2024-01-17
2762,918,coursework,Trabajo 3º trimestre,5.50,0.25,2024-01-25
2763,918,participation,Trabajo 1º trimestre,7.90,0.10,2023-11-09
2764,919,exam,Examen 1º trimestre,7.80,0.40,2025-04-04
2765,919,practical,Trabajo 2º trimestre,8.80,0.25,2025-01-07
2766,919,coursework,Trabajo 3º trimestre,9.00,0.25,2024-10-29
2767,919,participation,Trabajo 1º trimestre,6.10,0.10,2025-03-02
2768,920,exam,Examen 1º trimestre,8.00,0.60,2023-10-30
2769,920,coursework,Trabajo 2º trimestre,7.80,0.30,2024-05-03
2770,920,participation,Trabajo 3º trimestre,6.80,0.10,2023-12-22
2771,921,exam,Examen 1º trimestre,6.50,0.70,2024-12-20
2772,921,coursework,Trabajo 2º trimestre,6.60,0.30,2025-06-17
2773,922,exam,Examen 1º trimestre,8.70,0.35,2023-12-09
2774,922,exam,Examen 2º trimestre,7.50,0.35,2024-01-19
2775,922,coursework,Trabajo 3º trimestre,8.20,0.30,2023-12-08
2776,923,exam,Examen 1º trimestre,8.90,0.35,2025-06-15
2777,923,exam,Examen 2º trimestre,8.60,0.35,2025-05-04
2778,923,coursework,Trabajo 3º trimestre,7.50,0.30,2025-03-09
2779,924,exam,Examen 1º trimestre,6.00,0.60,2023-01-07
2780,924,coursework,Trabajo 2º trimestre,7.60,0.30,2023-05-12
2781,924,participation,Trabajo 3º trimestre,4.50,0.10,2023-03-07
2782,925,exam,Examen 1º trimestre,7.60,0.70,2025-03-06
2783,925,coursework,Trabajo 2º trimestre,8.50,0.30,2025-03-13
2784,926,exam,Examen 1º trimestre,5.10,0.60,2024-01-07
2785,926,coursework,Trabajo 2º trimestre,5.10,0.30,2024-01-10
2786,926,participation,Trabajo 3º trimestre,5.20,0.10,2023-11-23
2787,927,exam,Examen 1º trimestre,5.50,0.60,2023-12-14
2788,927,coursework,Trabajo 2º trimestre,6.90,0.30,2024-01-17
2789,927,participation,Trabajo 3º trimestre,5.40,0.10,2023-10-27
2790,928,exam,Examen 1º trimestre,6.30,0.70,2023-02-17
2791,928,coursework,Trabajo 2º trimestre,6.70,0.30,2023-04-19
2792,929,exam,Examen 1º trimestre,6.40,0.60,2023-01-28
2793,929,coursework,Trabajo 2º trimestre,8.70,0.30,2023-02-12
2794,929,participation,Trabajo 3º trimestre,7.80,0.10,2023-06-09
2795,930,exam,Examen 1º trimestre,7.20,0.40,2023-10-22
2796,930,practical,Trabajo 2º trimestre,8.10,0.25,2024-04-29
2797,930,coursework,Trabajo 3º trimestre,8.40,0.25,2024-01-31
2798,930,participation,Trabajo 1º trimestre,8.30,0.10,2023-10-03
2799,931,exam,Examen 1º trimestre,5.20,0.60,2023-01-06
2800,931,coursework,Trabajo 2º trimestre,5.60,0.30,2022-12-12
2801,931,participation,Trabajo 3º trimestre,6.20,0.10,2023-05-04
2802,932,exam,Examen 1º trimestre,5.30,0.35,2024-10-31
2803,932,exam,Examen 2º trimestre,3.40,0.35,2024-10-25
2804,932,coursework,Trabajo 3º trimestre,3.90,0.30,2025-01-05
2805,933,exam,Examen 1º trimestre,5.90,0.40,2022-12-19
2806,933,practical,Trabajo 2º trimestre,4.40,0.25,2022-11-16
2807,933,coursework,Trabajo 3º trimestre,4.90,0.25,2022-12-04
2808,933,participation,Trabajo 1º trimestre,5.30,0.10,2022-12-12
2809,934,exam,Examen 1º trimestre,4.70,0.35,2024-04-05
2810,934,exam,Examen 2º trimestre,5.40,0.35,2023-11-30
2811,934,coursework,Trabajo 3º trimestre,4.30,0.30,2023-10-11
2812,935,exam,Examen 1º trimestre,5.40,0.40,2023-06-07
2813,935,practical,Trabajo 2º trimestre,5.50,0.25,2023-06-09
2814,935,coursework,Trabajo 3º trimestre,1.60,0.25,2023-06-16
2815,935,participation,Trabajo 1º trimestre,6.60,0.10,2023-06-08
2816,936,exam,Examen 1º trimestre,4.90,0.40,2022-12-27
2817,936,practical,Trabajo 2º trimestre,4.60,0.25,2022-12-08
2818,936,coursework,Trabajo 3º trimestre,4.80,0.25,2023-06-04
2819,936,participation,Trabajo 1º trimestre,4.50,0.10,2023-01-26
2820,937,exam,Examen 1º trimestre,6.00,0.70,2023-06-06
2821,937,coursework,Trabajo 2º trimestre,5.60,0.30,2023-05-31
2822,938,exam,Examen 1º trimestre,5.50,0.70,2024-06-01
2823,938,coursework,Trabajo 2º trimestre,5.10,0.30,2023-11-15
2824,939,exam,Examen 1º trimestre,1.40,0.60,2023-03-30
2825,939,coursework,Trabajo 2º trimestre,7.50,0.30,2022-11-06
2826,939,participation,Trabajo 3º trimestre,4.00,0.10,2023-05-29
2827,940,exam,Examen 1º trimestre,5.30,0.35,2023-12-03
2828,940,exam,Examen 2º trimestre,5.00,0.35,2023-11-17
2829,940,coursework,Trabajo 3º trimestre,5.00,0.30,2024-02-29
2830,941,exam,Examen 1º trimestre,4.50,0.40,2025-06-11
2831,941,practical,Trabajo 2º trimestre,3.00,0.25,2025-04-24
2832,941,coursework,Trabajo 3º trimestre,3.30,0.25,2024-11-10
2833,941,participation,Trabajo 1º trimestre,6.40,0.10,2025-01-22
2834,942,exam,Examen 1º trimestre,2.00,0.35,2023-04-20
2835,942,exam,Examen 2º trimestre,6.10,0.35,2023-04-17
2836,942,coursework,Trabajo 3º trimestre,8.10,0.30,2023-05-05
2837,943,exam,Examen 1º trimestre,2.40,0.35,2022-11-29
2838,943,exam,Examen 2º trimestre,5.50,0.35,2023-04-29
2839,943,coursework,Trabajo 3º trimestre,6.10,0.30,2022-11-17
2840,944,exam,Examen 1º trimestre,7.00,0.70,2024-09-27
2841,944,coursework,Trabajo 2º trimestre,2.30,0.30,2025-04-04
2842,945,exam,Examen 1º trimestre,5.40,0.40,2024-01-19
2843,945,practical,Trabajo 2º trimestre,5.40,0.25,2023-12-29
2844,945,coursework,Trabajo 3º trimestre,7.70,0.25,2023-10-24
2845,945,participation,Trabajo 1º trimestre,2.00,0.10,2024-05-14
2846,946,exam,Examen 1º trimestre,7.50,0.60,2024-11-24
2847,946,coursework,Trabajo 2º trimestre,5.90,0.30,2025-04-09
2848,946,participation,Trabajo 3º trimestre,5.90,0.10,2025-01-11
2849,947,exam,Examen 1º trimestre,7.00,0.40,2023-10-25
2850,947,practical,Trabajo 2º trimestre,4.40,0.25,2024-06-11
2851,947,coursework,Trabajo 3º trimestre,5.90,0.25,2024-03-28
2852,947,participation,Trabajo 1º trimestre,6.40,0.10,2023-10-18
2853,948,exam,Examen 1º trimestre,5.10,0.60,2025-04-15
2854,948,coursework,Trabajo 2º trimestre,4.90,0.30,2025-01-22
2855,948,participation,Trabajo 3º trimestre,4.90,0.10,2024-12-16
2856,949,exam,Examen 1º trimestre,6.50,0.40,2025-02-15
2857,949,practical,Trabajo 2º trimestre,7.40,0.25,2024-09-14
2858,949,coursework,Trabajo 3º trimestre,5.00,0.25,2025-04-19
2859,949,participation,Trabajo 1º trimestre,3.90,0.10,2025-04-22
2860,950,exam,Examen 1º trimestre,7.80,0.70,2025-05-10
2861,950,coursework,Trabajo 2º trimestre,9.30,0.30,2024-12-25
2862,951,exam,Examen 1º trimestre,8.90,0.60,2024-11-22
2863,951,coursework,Trabajo 2º trimestre,9.20,0.30,2025-04-03
2864,951,participation,Trabajo 3º trimestre,4.60,0.10,2024-12-15
2865,952,exam,Examen 1º trimestre,8.70,0.40,2024-03-17
2866,952,practical,Trabajo 2º trimestre,7.00,0.25,2023-10-22
2867,952,coursework,Trabajo 3º trimestre,10.00,0.25,2024-01-23
2868,952,participation,Trabajo 1º trimestre,4.80,0.10,2024-03-23
2869,953,exam,Examen 1º trimestre,9.40,0.40,2023-03-29
2870,953,practical,Trabajo 2º trimestre,6.60,0.25,2023-02-20
2871,953,coursework,Trabajo 3º trimestre,5.60,0.25,2022-11-05
2872,953,participation,Trabajo 1º trimestre,7.20,0.10,2022-11-27
2873,954,exam,Examen 1º trimestre,6.90,0.70,2024-10-20
2874,954,coursework,Trabajo 2º trimestre,5.80,0.30,2024-10-13
2875,955,exam,Examen 1º trimestre,6.40,0.60,2024-11-21
2876,955,coursework,Trabajo 2º trimestre,7.10,0.30,2024-12-18
2877,955,participation,Trabajo 3º trimestre,8.40,0.10,2024-09-27
2878,956,exam,Examen 1º trimestre,6.40,0.40,2024-04-05
2879,956,practical,Trabajo 2º trimestre,9.30,0.25,2024-03-08
2880,956,coursework,Trabajo 3º trimestre,9.30,0.25,2024-01-10
2881,956,participation,Trabajo 1º trimestre,6.80,0.10,2024-02-01
2882,957,exam,Examen 1º trimestre,7.50,0.40,2023-01-26
2883,957,practical,Trabajo 2º trimestre,6.80,0.25,2023-06-05
2884,957,coursework,Trabajo 3º trimestre,4.40,0.25,2023-05-13
2885,957,participation,Trabajo 1º trimestre,6.90,0.10,2022-10-30
2886,958,exam,Examen 1º trimestre,6.50,0.60,2022-12-21
2887,958,coursework,Trabajo 2º trimestre,6.30,0.30,2022-10-14
2888,958,participation,Trabajo 3º trimestre,4.50,0.10,2022-10-29
2889,959,exam,Examen 1º trimestre,5.30,0.60,2025-05-16
2890,959,coursework,Trabajo 2º trimestre,5.50,0.30,2024-10-30
2891,959,participation,Trabajo 3º trimestre,8.00,0.10,2024-10-24
2892,960,exam,Examen 1º trimestre,4.50,0.60,2024-01-03
2893,960,coursework,Trabajo 2º trimestre,7.20,0.30,2023-10-05
2894,960,participation,Trabajo 3º trimestre,7.80,0.10,2023-10-17
2895,961,exam,Examen 1º trimestre,4.40,0.35,2023-06-15
2896,961,exam,Examen 2º trimestre,6.50,0.35,2022-09-19
2897,961,coursework,Trabajo 3º trimestre,6.20,0.30,2022-11-22
2898,962,exam,Examen 1º trimestre,6.20,0.35,2024-04-08
2899,962,exam,Examen 2º trimestre,9.20,0.35,2023-09-15
2900,962,coursework,Trabajo 3º trimestre,5.80,0.30,2023-12-18
2901,963,exam,Examen 1º trimestre,6.10,0.60,2023-03-11
2902,963,coursework,Trabajo 2º trimestre,5.30,0.30,2022-11-28
2903,963,participation,Trabajo 3º trimestre,5.80,0.10,2022-12-19
2904,964,exam,Examen 1º trimestre,4.40,0.35,2024-09-20
2905,964,exam,Examen 2º trimestre,4.50,0.35,2025-02-04
2906,964,coursework,Trabajo 3º trimestre,5.50,0.30,2025-03-11
2907,965,exam,Examen 1º trimestre,7.10,0.35,2023-03-21
2908,965,exam,Examen 2º trimestre,7.00,0.35,2023-03-13
2909,965,coursework,Trabajo 3º trimestre,8.10,0.30,2023-02-01
2910,966,exam,Examen 1º trimestre,6.00,0.70,2023-02-14
2911,966,coursework,Trabajo 2º trimestre,7.40,0.30,2022-09-23
2912,967,exam,Examen 1º trimestre,9.00,0.40,2025-02-08
2913,967,practical,Trabajo 2º trimestre,8.50,0.25,2025-05-24
2914,967,coursework,Trabajo 3º trimestre,6.70,0.25,2025-05-09
2915,967,participation,Trabajo 1º trimestre,8.50,0.10,2025-05-08
2916,968,exam,Examen 1º trimestre,6.50,0.40,2022-12-03
2917,968,practical,Trabajo 2º trimestre,9.80,0.25,2023-04-10
2918,968,coursework,Trabajo 3º trimestre,4.80,0.25,2022-10-09
2919,968,participation,Trabajo 1º trimestre,8.00,0.10,2022-10-11
2920,969,exam,Examen 1º trimestre,6.70,0.40,2023-06-13
2921,969,practical,Trabajo 2º trimestre,6.60,0.25,2022-09-12
2922,969,coursework,Trabajo 3º trimestre,7.70,0.25,2023-04-21
2923,969,participation,Trabajo 1º trimestre,10.00,0.10,2023-03-14
2924,970,exam,Examen 1º trimestre,5.20,0.35,2023-09-10
2925,970,exam,Examen 2º trimestre,10.00,0.35,2023-09-11
2926,970,coursework,Trabajo 3º trimestre,6.90,0.30,2023-09-26
2927,971,exam,Examen 1º trimestre,7.80,0.40,2024-01-20
2928,971,practical,Trabajo 2º trimestre,10.00,0.25,2023-11-07
2929,971,coursework,Trabajo 3º trimestre,9.90,0.25,2024-03-01
2930,971,participation,Trabajo 1º trimestre,8.60,0.10,2024-01-13
2931,972,exam,Examen 1º trimestre,10.00,0.40,2024-12-11
2932,972,practical,Trabajo 2º trimestre,5.40,0.25,2024-10-13
2933,972,coursework,Trabajo 3º trimestre,8.00,0.25,2024-12-20
2934,972,participation,Trabajo 1º trimestre,5.40,0.10,2025-03-19
2935,973,exam,Examen 1º trimestre,7.50,0.60,2025-03-24
2936,973,coursework,Trabajo 2º trimestre,7.00,0.30,2024-11-10
2937,973,participation,Trabajo 3º trimestre,4.80,0.10,2025-04-10
2938,974,exam,Examen 1º trimestre,6.20,0.70,2025-01-12
2939,974,coursework,Trabajo 2º trimestre,5.60,0.30,2025-02-08
2940,975,exam,Examen 1º trimestre,8.40,0.35,2022-11-03
2941,975,exam,Examen 2º trimestre,9.80,0.35,2023-04-03
2942,975,coursework,Trabajo 3º trimestre,7.10,0.30,2022-10-07
2943,976,exam,Examen 1º trimestre,4.80,0.35,2024-10-22
2944,976,exam,Examen 2º trimestre,6.50,0.35,2025-02-21
2945,976,coursework,Trabajo 3º trimestre,5.90,0.30,2025-03-06
2946,977,exam,Examen 1º trimestre,8.10,0.40,2025-05-16
2947,977,practical,Trabajo 2º trimestre,3.20,0.25,2025-03-30
2948,977,coursework,Trabajo 3º trimestre,5.20,0.25,2025-05-26
2949,977,participation,Trabajo 1º trimestre,6.50,0.10,2024-11-17
2950,978,exam,Examen 1º trimestre,7.30,0.35,2024-09-16
2951,978,exam,Examen 2º trimestre,4.10,0.35,2025-04-05
2952,978,coursework,Trabajo 3º trimestre,7.20,0.30,2025-04-12
2953,979,exam,Examen 1º trimestre,4.40,0.70,2023-02-24
2954,979,coursework,Trabajo 2º trimestre,2.50,0.30,2022-09-18
2955,980,exam,Examen 1º trimestre,4.20,0.60,2025-06-05
2956,980,coursework,Trabajo 2º trimestre,4.00,0.30,2025-02-15
2957,980,participation,Trabajo 3º trimestre,7.30,0.10,2024-10-09
2958,981,exam,Examen 1º trimestre,6.00,0.60,2023-10-07
2959,981,coursework,Trabajo 2º trimestre,6.90,0.30,2024-03-31
2960,981,participation,Trabajo 3º trimestre,5.00,0.10,2024-04-29
2961,982,exam,Examen 1º trimestre,5.60,0.70,2025-02-12
2962,982,coursework,Trabajo 2º trimestre,4.80,0.30,2025-03-06
2963,983,exam,Examen 1º trimestre,7.10,0.35,2023-02-03
2964,983,exam,Examen 2º trimestre,5.80,0.35,2023-01-27
2965,983,coursework,Trabajo 3º trimestre,7.80,0.30,2023-02-19
2966,984,exam,Examen 1º trimestre,7.70,0.60,2023-12-14
2967,984,coursework,Trabajo 2º trimestre,6.30,0.30,2024-02-15
2968,984,participation,Trabajo 3º trimestre,4.30,0.10,2024-06-10
2969,985,exam,Examen 1º trimestre,7.40,0.70,2024-02-16
2970,985,coursework,Trabajo 2º trimestre,6.20,0.30,2024-01-07
2971,986,exam,Examen 1º trimestre,7.20,0.70,2023-10-18
2972,986,coursework,Trabajo 2º trimestre,8.50,0.30,2023-12-02
2973,987,exam,Examen 1º trimestre,8.40,0.40,2024-02-09
2974,987,practical,Trabajo 2º trimestre,5.20,0.25,2024-04-22
2975,987,coursework,Trabajo 3º trimestre,5.00,0.25,2024-03-04
2976,987,participation,Trabajo 1º trimestre,6.50,0.10,2023-10-13
2977,988,exam,Examen 1º trimestre,4.30,0.40,2025-05-28
2978,988,practical,Trabajo 2º trimestre,6.40,0.25,2025-05-10
2979,988,coursework,Trabajo 3º trimestre,4.90,0.25,2024-09-26
2980,988,participation,Trabajo 1º trimestre,7.90,0.10,2024-10-04
2981,989,exam,Examen 1º trimestre,5.30,0.40,2022-11-14
2982,989,practical,Trabajo 2º trimestre,10.00,0.25,2023-05-21
2983,989,coursework,Trabajo 3º trimestre,6.70,0.25,2023-04-29
2984,989,participation,Trabajo 1º trimestre,3.20,0.10,2023-05-20
2985,990,exam,Examen 1º trimestre,4.90,0.35,2024-12-21
2986,990,exam,Examen 2º trimestre,4.90,0.35,2025-05-17
2987,990,coursework,Trabajo 3º trimestre,5.20,0.30,2024-10-31
2988,991,exam,Examen 1º trimestre,6.30,0.60,2024-10-28
2989,991,coursework,Trabajo 2º trimestre,4.50,0.30,2025-03-21
2990,991,participation,Trabajo 3º trimestre,6.10,0.10,2025-06-02
2991,992,exam,Examen 1º trimestre,5.40,0.70,2024-10-17
2992,992,coursework,Trabajo 2º trimestre,7.70,0.30,2025-04-19
2993,993,exam,Examen 1º trimestre,8.10,0.35,2025-01-22
2994,993,exam,Examen 2º trimestre,5.20,0.35,2025-03-03
2995,993,coursework,Trabajo 3º trimestre,4.70,0.30,2025-02-04
2996,994,exam,Examen 1º trimestre,4.20,0.60,2023-01-09
2997,994,coursework,Trabajo 2º trimestre,6.30,0.30,2023-03-30
2998,994,participation,Trabajo 3º trimestre,4.50,0.10,2023-01-05
2999,995,exam,Examen 1º trimestre,1.20,0.70,2023-11-20
3000,995,coursework,Trabajo 2º trimestre,7.80,0.30,2024-02-08
3001,996,exam,Examen 1º trimestre,8.90,0.70,2025-03-29
3002,996,coursework,Trabajo 2º trimestre,3.00,0.30,2025-02-11
3003,997,exam,Examen 1º trimestre,5.70,0.70,2022-12-10
3004,997,coursework,Trabajo 2º trimestre,5.90,0.30,2022-12-15
3005,998,exam,Examen 1º trimestre,6.20,0.35,2025-03-23
3006,998,exam,Examen 2º trimestre,6.30,0.35,2025-04-14
3007,998,coursework,Trabajo 3º trimestre,7.20,0.30,2024-11-03
3008,999,exam,Examen 1º trimestre,5.40,0.40,2023-06-13
3009,999,practical,Trabajo 2º trimestre,6.20,0.25,2023-01-26
3010,999,coursework,Trabajo 3º trimestre,5.60,0.25,2023-04-27
3011,999,participation,Trabajo 1º trimestre,4.50,0.10,2022-11-14
3012,1000,exam,Examen 1º trimestre,4.40,0.35,2024-06-18
3013,1000,exam,Examen 2º trimestre,3.70,0.35,2024-03-24
3014,1000,coursework,Trabajo 3º trimestre,7.50,0.30,2024-03-19
3015,1001,exam,Examen 1º trimestre,6.60,0.70,2024-09-27
3016,1001,coursework,Trabajo 2º trimestre,8.00,0.30,2025-03-13
3017,1002,exam,Examen 1º trimestre,5.40,0.35,2024-12-23
3018,1002,exam,Examen 2º trimestre,6.10,0.35,2025-01-31
3019,1002,coursework,Trabajo 3º trimestre,6.60,0.30,2025-04-25
3020,1003,exam,Examen 1º trimestre,6.30,0.40,2025-01-01
3021,1003,practical,Trabajo 2º trimestre,7.50,0.25,2025-05-17
3022,1003,coursework,Trabajo 3º trimestre,7.80,0.25,2024-10-28
3023,1003,participation,Trabajo 1º trimestre,6.00,0.10,2024-11-22
3024,1004,exam,Examen 1º trimestre,6.80,0.60,2022-11-22
3025,1004,coursework,Trabajo 2º trimestre,6.30,0.30,2023-01-26
3026,1004,participation,Trabajo 3º trimestre,8.10,0.10,2023-02-16
3027,1005,exam,Examen 1º trimestre,6.20,0.35,2025-04-10
3028,1005,exam,Examen 2º trimestre,6.50,0.35,2025-05-19
3029,1005,coursework,Trabajo 3º trimestre,7.80,0.30,2025-03-25
3030,1006,exam,Examen 1º trimestre,3.10,0.40,2023-05-27
3031,1006,practical,Trabajo 2º trimestre,8.20,0.25,2022-09-14
3032,1006,coursework,Trabajo 3º trimestre,6.30,0.25,2023-01-25
3033,1006,participation,Trabajo 1º trimestre,7.30,0.10,2023-02-15
3034,1007,exam,Examen 1º trimestre,4.40,0.40,2024-09-23
3035,1007,practical,Trabajo 2º trimestre,8.50,0.25,2024-10-18
3036,1007,coursework,Trabajo 3º trimestre,7.60,0.25,2024-10-01
3037,1007,participation,Trabajo 1º trimestre,9.70,0.10,2025-01-05
3038,1008,exam,Examen 1º trimestre,8.50,0.40,2022-12-05
3039,1008,practical,Trabajo 2º trimestre,8.40,0.25,2022-09-29
3040,1008,coursework,Trabajo 3º trimestre,8.20,0.25,2022-12-15
3041,1008,participation,Trabajo 1º trimestre,6.80,0.10,2023-02-10
3042,1009,exam,Examen 1º trimestre,6.70,0.35,2024-06-17
3043,1009,exam,Examen 2º trimestre,7.60,0.35,2023-10-28
3044,1009,coursework,Trabajo 3º trimestre,7.50,0.30,2024-03-11
3045,1010,exam,Examen 1º trimestre,9.60,0.60,2023-05-21
3046,1010,coursework,Trabajo 2º trimestre,6.20,0.30,2023-05-17
3047,1010,participation,Trabajo 3º trimestre,8.20,0.10,2022-10-13
3048,1011,exam,Examen 1º trimestre,8.00,0.35,2025-01-07
3049,1011,exam,Examen 2º trimestre,8.50,0.35,2025-04-13
3050,1011,coursework,Trabajo 3º trimestre,7.70,0.30,2024-12-07
3051,1012,exam,Examen 1º trimestre,2.60,0.70,2025-05-22
3052,1012,coursework,Trabajo 2º trimestre,6.60,0.30,2025-04-30
3053,1013,exam,Examen 1º trimestre,7.80,0.70,2023-02-12
3054,1013,coursework,Trabajo 2º trimestre,4.20,0.30,2023-05-26
3055,1014,exam,Examen 1º trimestre,4.90,0.40,2023-12-20
3056,1014,practical,Trabajo 2º trimestre,3.60,0.25,2024-03-16
3057,1014,coursework,Trabajo 3º trimestre,6.80,0.25,2023-10-20
3058,1014,participation,Trabajo 1º trimestre,4.10,0.10,2024-04-25
3059,1015,exam,Examen 1º trimestre,3.20,0.70,2023-09-20
3060,1015,coursework,Trabajo 2º trimestre,5.00,0.30,2024-02-02
3061,1016,exam,Examen 1º trimestre,5.70,0.40,2025-05-08
3062,1016,practical,Trabajo 2º trimestre,4.70,0.25,2025-02-20
3063,1016,coursework,Trabajo 3º trimestre,5.80,0.25,2024-11-26
3064,1016,participation,Trabajo 1º trimestre,5.80,0.10,2025-05-13
3065,1017,exam,Examen 1º trimestre,9.40,0.70,2024-04-04
3066,1017,coursework,Trabajo 2º trimestre,8.30,0.30,2024-02-25
3067,1018,exam,Examen 1º trimestre,8.00,0.35,2024-12-27
3068,1018,exam,Examen 2º trimestre,6.30,0.35,2024-10-17
3069,1018,coursework,Trabajo 3º trimestre,7.50,0.30,2024-09-21
3070,1019,exam,Examen 1º trimestre,6.50,0.35,2024-06-15
3071,1019,exam,Examen 2º trimestre,5.90,0.35,2023-09-10
3072,1019,coursework,Trabajo 3º trimestre,5.50,0.30,2023-10-10
3073,1020,exam,Examen 1º trimestre,4.10,0.60,2025-01-17
3074,1020,coursework,Trabajo 2º trimestre,6.30,0.30,2025-04-30
3075,1020,participation,Trabajo 3º trimestre,3.10,0.10,2024-10-07
3076,1021,exam,Examen 1º trimestre,6.40,0.40,2024-02-13
3077,1021,practical,Trabajo 2º trimestre,5.00,0.25,2023-12-10
3078,1021,coursework,Trabajo 3º trimestre,6.10,0.25,2023-12-03
3079,1021,participation,Trabajo 1º trimestre,5.40,0.10,2023-11-26
3080,1022,exam,Examen 1º trimestre,5.30,0.60,2025-01-08
3081,1022,coursework,Trabajo 2º trimestre,4.90,0.30,2024-10-13
3082,1022,participation,Trabajo 3º trimestre,4.70,0.10,2024-12-20
3083,1023,exam,Examen 1º trimestre,7.00,0.60,2024-10-03
3084,1023,coursework,Trabajo 2º trimestre,7.30,0.30,2024-11-25
3085,1023,participation,Trabajo 3º trimestre,7.70,0.10,2025-01-28
3086,1024,exam,Examen 1º trimestre,3.70,0.70,2025-01-16
3087,1024,coursework,Trabajo 2º trimestre,7.90,0.30,2024-11-25
3088,1025,exam,Examen 1º trimestre,5.70,0.35,2025-03-02
3089,1025,exam,Examen 2º trimestre,5.70,0.35,2024-09-09
3090,1025,coursework,Trabajo 3º trimestre,4.60,0.30,2025-04-01
3091,1026,exam,Examen 1º trimestre,6.40,0.35,2023-05-18
3092,1026,exam,Examen 2º trimestre,2.20,0.35,2023-01-18
3093,1026,coursework,Trabajo 3º trimestre,8.90,0.30,2022-09-27
3094,1027,exam,Examen 1º trimestre,5.00,0.40,2025-01-25
3095,1027,practical,Trabajo 2º trimestre,5.60,0.25,2025-05-05
3096,1027,coursework,Trabajo 3º trimestre,2.50,0.25,2025-02-23
3097,1027,participation,Trabajo 1º trimestre,4.10,0.10,2025-05-13
3098,1028,exam,Examen 1º trimestre,5.80,0.40,2024-01-24
3099,1028,practical,Trabajo 2º trimestre,5.50,0.25,2023-12-14
3100,1028,coursework,Trabajo 3º trimestre,6.30,0.25,2024-04-17
3101,1028,participation,Trabajo 1º trimestre,7.80,0.10,2023-12-31
3102,1029,exam,Examen 1º trimestre,8.10,0.40,2024-04-17
3103,1029,practical,Trabajo 2º trimestre,6.00,0.25,2024-05-12
3104,1029,coursework,Trabajo 3º trimestre,7.00,0.25,2024-04-02
3105,1029,participation,Trabajo 1º trimestre,6.60,0.10,2024-04-19
3106,1030,exam,Examen 1º trimestre,4.70,0.70,2023-11-16
3107,1030,coursework,Trabajo 2º trimestre,9.00,0.30,2024-04-28
3108,1031,exam,Examen 1º trimestre,6.60,0.60,2022-12-03
3109,1031,coursework,Trabajo 2º trimestre,1.20,0.30,2022-11-19
3110,1031,participation,Trabajo 3º trimestre,4.80,0.10,2023-05-02
3111,1032,exam,Examen 1º trimestre,7.00,0.70,2023-06-01
3112,1032,coursework,Trabajo 2º trimestre,2.80,0.30,2022-10-08
3113,1033,exam,Examen 1º trimestre,2.60,0.70,2025-04-22
3114,1033,coursework,Trabajo 2º trimestre,4.80,0.30,2024-11-05
3115,1034,exam,Examen 1º trimestre,4.10,0.70,2025-05-20
3116,1034,coursework,Trabajo 2º trimestre,6.40,0.30,2025-01-05
3117,1035,exam,Examen 1º trimestre,5.10,0.40,2025-05-07
3118,1035,practical,Trabajo 2º trimestre,5.00,0.25,2025-04-12
3119,1035,coursework,Trabajo 3º trimestre,5.20,0.25,2024-10-20
3120,1035,participation,Trabajo 1º trimestre,6.80,0.10,2024-09-20
3121,1036,exam,Examen 1º trimestre,9.30,0.70,2023-12-18
3122,1036,coursework,Trabajo 2º trimestre,5.90,0.30,2023-10-08
3123,1037,exam,Examen 1º trimestre,9.10,0.35,2022-12-26
3124,1037,exam,Examen 2º trimestre,9.10,0.35,2023-04-22
3125,1037,coursework,Trabajo 3º trimestre,7.80,0.30,2022-12-17
3126,1038,exam,Examen 1º trimestre,5.70,0.60,2024-09-15
3127,1038,coursework,Trabajo 2º trimestre,7.10,0.30,2025-03-27
3128,1038,participation,Trabajo 3º trimestre,6.00,0.10,2025-03-20
3129,1039,exam,Examen 1º trimestre,9.30,0.70,2024-01-29
3130,1039,coursework,Trabajo 2º trimestre,7.80,0.30,2024-03-23
3131,1040,exam,Examen 1º trimestre,8.40,0.40,2025-06-09
3132,1040,practical,Trabajo 2º trimestre,9.60,0.25,2025-03-18
3133,1040,coursework,Trabajo 3º trimestre,9.30,0.25,2025-02-23
3134,1040,participation,Trabajo 1º trimestre,9.90,0.10,2024-12-25
3135,1041,exam,Examen 1º trimestre,6.80,0.60,2023-04-13
3136,1041,coursework,Trabajo 2º trimestre,10.00,0.30,2023-06-06
3137,1041,participation,Trabajo 3º trimestre,7.20,0.10,2022-09-11
3138,1042,exam,Examen 1º trimestre,4.20,0.60,2023-09-18
3139,1042,coursework,Trabajo 2º trimestre,4.40,0.30,2024-02-25
3140,1042,participation,Trabajo 3º trimestre,4.20,0.10,2023-12-05
3141,1043,exam,Examen 1º trimestre,4.20,0.40,2023-01-05
3142,1043,practical,Trabajo 2º trimestre,3.60,0.25,2022-09-17
3143,1043,coursework,Trabajo 3º trimestre,4.80,0.25,2022-10-04
3144,1043,participation,Trabajo 1º trimestre,9.50,0.10,2022-11-04
3145,1044,exam,Examen 1º trimestre,3.90,0.35,2025-04-23
3146,1044,exam,Examen 2º trimestre,3.90,0.35,2024-09-25
3147,1044,coursework,Trabajo 3º trimestre,7.90,0.30,2025-02-07
3148,1045,exam,Examen 1º trimestre,5.80,0.60,2024-02-25
3149,1045,coursework,Trabajo 2º trimestre,3.30,0.30,2024-06-08
3150,1045,participation,Trabajo 3º trimestre,4.30,0.10,2024-05-15
3151,1046,exam,Examen 1º trimestre,1.10,0.35,2024-02-20
3152,1046,exam,Examen 2º trimestre,0.00,0.35,2023-11-04
3153,1046,coursework,Trabajo 3º trimestre,1.50,0.30,2023-09-17
3154,1047,exam,Examen 1º trimestre,3.70,0.35,2025-03-17
3155,1047,exam,Examen 2º trimestre,0.30,0.35,2024-12-12
3156,1047,coursework,Trabajo 3º trimestre,3.00,0.30,2025-04-12
3157,1048,exam,Examen 1º trimestre,3.60,0.35,2024-05-03
3158,1048,exam,Examen 2º trimestre,1.10,0.35,2023-09-18
3159,1048,coursework,Trabajo 3º trimestre,1.90,0.30,2024-05-09
3160,1049,exam,Examen 1º trimestre,0.80,0.60,2025-02-05
3161,1049,coursework,Trabajo 2º trimestre,1.90,0.30,2024-11-06
3162,1049,participation,Trabajo 3º trimestre,4.00,0.10,2025-02-12
3163,1050,exam,Examen 1º trimestre,3.10,0.40,2022-11-06
3164,1050,practical,Trabajo 2º trimestre,2.60,0.25,2022-12-12
3165,1050,coursework,Trabajo 3º trimestre,2.20,0.25,2023-06-10
3166,1050,participation,Trabajo 1º trimestre,2.50,0.10,2022-11-21
3167,1051,exam,Examen 1º trimestre,6.70,0.40,2025-03-02
3168,1051,practical,Trabajo 2º trimestre,8.30,0.25,2024-12-13
3169,1051,coursework,Trabajo 3º trimestre,8.30,0.25,2025-02-02
3170,1051,participation,Trabajo 1º trimestre,10.00,0.10,2024-11-28
3171,1052,exam,Examen 1º trimestre,6.90,0.60,2024-12-27
3172,1052,coursework,Trabajo 2º trimestre,8.00,0.30,2025-04-22
3173,1052,participation,Trabajo 3º trimestre,9.30,0.10,2024-11-14
3174,1053,exam,Examen 1º trimestre,4.00,0.60,2024-04-22
3175,1053,coursework,Trabajo 2º trimestre,7.60,0.30,2023-11-14
3176,1053,participation,Trabajo 3º trimestre,7.40,0.10,2023-10-06
3177,1054,exam,Examen 1º trimestre,8.70,0.70,2023-06-06
3178,1054,coursework,Trabajo 2º trimestre,8.80,0.30,2023-02-14
3179,1055,exam,Examen 1º trimestre,9.50,0.70,2023-01-17
3180,1055,coursework,Trabajo 2º trimestre,6.30,0.30,2023-03-20
3181,1056,exam,Examen 1º trimestre,10.00,0.60,2023-04-15
3182,1056,coursework,Trabajo 2º trimestre,8.40,0.30,2023-03-20
3183,1056,participation,Trabajo 3º trimestre,8.70,0.10,2022-12-07
3184,1057,exam,Examen 1º trimestre,4.20,0.60,2023-06-02
3185,1057,coursework,Trabajo 2º trimestre,8.10,0.30,2023-05-03
3186,1057,participation,Trabajo 3º trimestre,10.00,0.10,2023-02-03
3187,1058,exam,Examen 1º trimestre,10.00,0.35,2025-01-04
3188,1058,exam,Examen 2º trimestre,5.90,0.35,2025-06-04
3189,1058,coursework,Trabajo 3º trimestre,6.70,0.30,2025-06-02
3190,1059,exam,Examen 1º trimestre,5.50,0.40,2024-12-02
3191,1059,practical,Trabajo 2º trimestre,6.40,0.25,2025-02-16
3192,1059,coursework,Trabajo 3º trimestre,3.70,0.25,2024-11-21
3193,1059,participation,Trabajo 1º trimestre,7.20,0.10,2025-01-24
3194,1060,exam,Examen 1º trimestre,7.80,0.35,2024-03-03
3195,1060,exam,Examen 2º trimestre,5.10,0.35,2024-02-29
3196,1060,coursework,Trabajo 3º trimestre,4.60,0.30,2023-12-12
3197,1061,exam,Examen 1º trimestre,5.90,0.35,2025-01-18
3198,1061,exam,Examen 2º trimestre,4.80,0.35,2025-01-31
3199,1061,coursework,Trabajo 3º trimestre,8.00,0.30,2025-06-04
3200,1062,exam,Examen 1º trimestre,8.70,0.35,2023-12-16
3201,1062,exam,Examen 2º trimestre,5.60,0.35,2023-12-31
3202,1062,coursework,Trabajo 3º trimestre,6.40,0.30,2023-09-14
3203,1063,exam,Examen 1º trimestre,3.90,0.40,2025-01-11
3204,1063,practical,Trabajo 2º trimestre,5.00,0.25,2025-02-09
3205,1063,coursework,Trabajo 3º trimestre,3.70,0.25,2025-02-26
3206,1063,participation,Trabajo 1º trimestre,7.40,0.10,2025-03-31
3207,1064,exam,Examen 1º trimestre,8.10,0.60,2022-10-12
3208,1064,coursework,Trabajo 2º trimestre,5.70,0.30,2023-04-07
3209,1064,participation,Trabajo 3º trimestre,6.40,0.10,2022-10-25
3210,1065,exam,Examen 1º trimestre,3.40,0.60,2022-09-30
3211,1065,coursework,Trabajo 2º trimestre,6.80,0.30,2023-01-06
3212,1065,participation,Trabajo 3º trimestre,4.30,0.10,2022-10-08
3213,1066,exam,Examen 1º trimestre,7.30,0.35,2024-01-31
3214,1066,exam,Examen 2º trimestre,7.80,0.35,2024-04-01
3215,1066,coursework,Trabajo 3º trimestre,7.70,0.30,2024-03-14
3216,1067,exam,Examen 1º trimestre,6.60,0.35,2024-09-26
3217,1067,exam,Examen 2º trimestre,7.10,0.35,2024-10-19
3218,1067,coursework,Trabajo 3º trimestre,7.30,0.30,2025-06-05
3219,1068,exam,Examen 1º trimestre,8.50,0.60,2023-12-18
3220,1068,coursework,Trabajo 2º trimestre,8.40,0.30,2024-03-12
3221,1068,participation,Trabajo 3º trimestre,7.40,0.10,2024-01-26
3222,1069,exam,Examen 1º trimestre,3.60,0.60,2024-01-03
3223,1069,coursework,Trabajo 2º trimestre,3.10,0.30,2023-10-20
3224,1069,participation,Trabajo 3º trimestre,4.90,0.10,2024-05-18
3225,1070,exam,Examen 1º trimestre,2.40,0.40,2024-11-14
3226,1070,practical,Trabajo 2º trimestre,4.30,0.25,2024-09-17
3227,1070,coursework,Trabajo 3º trimestre,5.40,0.25,2025-03-22
3228,1070,participation,Trabajo 1º trimestre,1.70,0.10,2025-05-25
3229,1071,exam,Examen 1º trimestre,4.70,0.60,2024-05-24
3230,1071,coursework,Trabajo 2º trimestre,5.50,0.30,2023-11-06
3231,1071,participation,Trabajo 3º trimestre,2.30,0.10,2023-11-13
3232,1072,exam,Examen 1º trimestre,6.40,0.35,2024-10-17
3233,1072,exam,Examen 2º trimestre,5.50,0.35,2025-03-25
3234,1072,coursework,Trabajo 3º trimestre,8.90,0.30,2024-10-08
3235,1073,exam,Examen 1º trimestre,9.40,0.40,2022-10-12
3236,1073,practical,Trabajo 2º trimestre,4.30,0.25,2022-12-31
3237,1073,coursework,Trabajo 3º trimestre,5.20,0.25,2023-05-14
3238,1073,participation,Trabajo 1º trimestre,8.10,0.10,2023-06-08
3239,1074,exam,Examen 1º trimestre,6.90,0.40,2025-03-26
3240,1074,practical,Trabajo 2º trimestre,4.70,0.25,2024-12-10
3241,1074,coursework,Trabajo 3º trimestre,5.30,0.25,2024-10-03
3242,1074,participation,Trabajo 1º trimestre,6.30,0.10,2024-09-22
3243,1075,exam,Examen 1º trimestre,4.60,0.35,2022-10-13
3244,1075,exam,Examen 2º trimestre,7.20,0.35,2022-10-04
3245,1075,coursework,Trabajo 3º trimestre,10.00,0.30,2022-11-20
3246,1076,exam,Examen 1º trimestre,7.80,0.60,2023-05-04
3247,1076,coursework,Trabajo 2º trimestre,7.40,0.30,2022-11-01
3248,1076,participation,Trabajo 3º trimestre,6.80,0.10,2023-01-27
3249,1077,exam,Examen 1º trimestre,8.60,0.40,2023-10-22
3250,1077,practical,Trabajo 2º trimestre,4.50,0.25,2024-05-04
3251,1077,coursework,Trabajo 3º trimestre,8.80,0.25,2023-11-29
3252,1077,participation,Trabajo 1º trimestre,7.50,0.10,2024-05-07
3253,1078,exam,Examen 1º trimestre,8.90,0.40,2024-10-09
3254,1078,practical,Trabajo 2º trimestre,6.80,0.25,2024-11-16
3255,1078,coursework,Trabajo 3º trimestre,4.70,0.25,2024-12-07
3256,1078,participation,Trabajo 1º trimestre,6.50,0.10,2025-05-14
3257,1079,exam,Examen 1º trimestre,6.00,0.70,2025-03-15
3258,1079,coursework,Trabajo 2º trimestre,6.00,0.30,2024-10-02
3259,1080,exam,Examen 1º trimestre,6.80,0.60,2023-11-14
3260,1080,coursework,Trabajo 2º trimestre,8.10,0.30,2023-11-14
3261,1080,participation,Trabajo 3º trimestre,6.50,0.10,2024-04-10
3262,1081,exam,Examen 1º trimestre,8.30,0.35,2023-09-17
3263,1081,exam,Examen 2º trimestre,6.90,0.35,2023-10-13
3264,1081,coursework,Trabajo 3º trimestre,9.10,0.30,2024-02-23
3265,1082,exam,Examen 1º trimestre,7.20,0.60,2022-09-23
3266,1082,coursework,Trabajo 2º trimestre,7.60,0.30,2023-06-10
3267,1082,participation,Trabajo 3º trimestre,5.40,0.10,2023-02-12
3268,1083,exam,Examen 1º trimestre,2.60,0.35,2023-04-05
3269,1083,exam,Examen 2º trimestre,5.90,0.35,2023-06-03
3270,1083,coursework,Trabajo 3º trimestre,3.90,0.30,2023-06-01
3271,1084,exam,Examen 1º trimestre,1.30,0.60,2023-01-05
3272,1084,coursework,Trabajo 2º trimestre,0.70,0.30,2022-12-07
3273,1084,participation,Trabajo 3º trimestre,4.30,0.10,2023-05-16
3274,1085,exam,Examen 1º trimestre,7.40,0.35,2023-05-07
3275,1085,exam,Examen 2º trimestre,8.50,0.35,2023-04-27
3276,1085,coursework,Trabajo 3º trimestre,6.90,0.30,2023-03-07
3277,1086,exam,Examen 1º trimestre,8.00,0.70,2025-02-24
3278,1086,coursework,Trabajo 2º trimestre,7.40,0.30,2024-12-06
3279,1087,exam,Examen 1º trimestre,6.30,0.70,2025-01-05
3280,1087,coursework,Trabajo 2º trimestre,5.60,0.30,2024-10-25
3281,1088,exam,Examen 1º trimestre,7.70,0.40,2024-03-12
3282,1088,practical,Trabajo 2º trimestre,6.60,0.25,2024-05-28
3283,1088,coursework,Trabajo 3º trimestre,4.80,0.25,2023-11-04
3284,1088,participation,Trabajo 1º trimestre,10.00,0.10,2024-04-07
3285,1089,exam,Examen 1º trimestre,7.40,0.35,2024-06-16
3286,1089,exam,Examen 2º trimestre,4.00,0.35,2024-06-03
3287,1089,coursework,Trabajo 3º trimestre,5.50,0.30,2024-06-03
3288,1090,exam,Examen 1º trimestre,9.60,0.60,2023-11-27
3289,1090,coursework,Trabajo 2º trimestre,5.90,0.30,2024-02-14
3290,1090,participation,Trabajo 3º trimestre,5.80,0.10,2024-06-11
3291,1091,exam,Examen 1º trimestre,2.20,0.70,2024-04-22
3292,1091,coursework,Trabajo 2º trimestre,5.80,0.30,2024-01-20
3293,1092,exam,Examen 1º trimestre,6.60,0.40,2023-03-10
3294,1092,practical,Trabajo 2º trimestre,6.00,0.25,2022-09-25
3295,1092,coursework,Trabajo 3º trimestre,10.00,0.25,2023-05-04
3296,1092,participation,Trabajo 1º trimestre,5.90,0.10,2023-03-01
3297,1093,exam,Examen 1º trimestre,6.50,0.60,2023-09-20
3298,1093,coursework,Trabajo 2º trimestre,7.30,0.30,2024-01-18
3299,1093,participation,Trabajo 3º trimestre,8.50,0.10,2023-11-15
3300,1094,exam,Examen 1º trimestre,4.60,0.35,2023-12-13
3301,1094,exam,Examen 2º trimestre,4.70,0.35,2024-06-04
3302,1094,coursework,Trabajo 3º trimestre,7.60,0.30,2024-04-08
3303,1095,exam,Examen 1º trimestre,6.20,0.60,2024-03-20
3304,1095,coursework,Trabajo 2º trimestre,3.90,0.30,2023-09-22
3305,1095,participation,Trabajo 3º trimestre,3.40,0.10,2024-02-29
3306,1096,exam,Examen 1º trimestre,3.30,0.60,2025-03-24
3307,1096,coursework,Trabajo 2º trimestre,7.90,0.30,2025-01-01
3308,1096,participation,Trabajo 3º trimestre,6.50,0.10,2025-01-07
3309,1097,exam,Examen 1º trimestre,5.60,0.70,2024-10-07
3310,1097,coursework,Trabajo 2º trimestre,7.80,0.30,2025-01-29
3311,1098,exam,Examen 1º trimestre,4.30,0.40,2022-11-18
3312,1098,practical,Trabajo 2º trimestre,5.50,0.25,2023-03-15
3313,1098,coursework,Trabajo 3º trimestre,5.40,0.25,2022-09-19
3314,1098,participation,Trabajo 1º trimestre,6.00,0.10,2022-12-25
3315,1099,exam,Examen 1º trimestre,6.20,0.60,2025-04-18
3316,1099,coursework,Trabajo 2º trimestre,4.70,0.30,2024-12-22
3317,1099,participation,Trabajo 3º trimestre,6.10,0.10,2025-01-09
3318,1100,exam,Examen 1º trimestre,9.40,0.40,2023-05-16
3319,1100,practical,Trabajo 2º trimestre,7.10,0.25,2023-06-19
3320,1100,coursework,Trabajo 3º trimestre,6.80,0.25,2023-04-26
3321,1100,participation,Trabajo 1º trimestre,2.20,0.10,2023-03-24
3322,1101,exam,Examen 1º trimestre,9.30,0.35,2024-06-15
3323,1101,exam,Examen 2º trimestre,6.20,0.35,2023-11-08
3324,1101,coursework,Trabajo 3º trimestre,7.10,0.30,2023-12-02
3325,1102,exam,Examen 1º trimestre,6.30,0.40,2024-01-20
3326,1102,practical,Trabajo 2º trimestre,7.80,0.25,2024-03-23
3327,1102,coursework,Trabajo 3º trimestre,4.40,0.25,2023-12-14
3328,1102,participation,Trabajo 1º trimestre,4.70,0.10,2024-02-25
3329,1103,exam,Examen 1º trimestre,4.80,0.60,2022-09-30
3330,1103,coursework,Trabajo 2º trimestre,7.70,0.30,2023-03-04
3331,1103,participation,Trabajo 3º trimestre,8.20,0.10,2023-04-05
3332,1104,exam,Examen 1º trimestre,8.00,0.40,2023-04-04
3333,1104,practical,Trabajo 2º trimestre,7.90,0.25,2023-04-08
3334,1104,coursework,Trabajo 3º trimestre,7.50,0.25,2023-05-21
3335,1104,participation,Trabajo 1º trimestre,5.60,0.10,2023-03-15
3336,1105,exam,Examen 1º trimestre,7.70,0.35,2024-05-12
3337,1105,exam,Examen 2º trimestre,4.50,0.35,2024-04-17
3338,1105,coursework,Trabajo 3º trimestre,4.60,0.30,2024-05-02
3339,1106,exam,Examen 1º trimestre,6.90,0.40,2023-12-16
3340,1106,practical,Trabajo 2º trimestre,4.50,0.25,2023-12-18
3341,1106,coursework,Trabajo 3º trimestre,4.90,0.25,2023-10-25
3342,1106,participation,Trabajo 1º trimestre,8.90,0.10,2024-02-27
3343,1107,exam,Examen 1º trimestre,9.10,0.35,2024-12-09
3344,1107,exam,Examen 2º trimestre,9.40,0.35,2025-05-24
3345,1107,coursework,Trabajo 3º trimestre,8.50,0.30,2024-10-01
3346,1108,exam,Examen 1º trimestre,9.60,0.70,2024-11-18
3347,1108,coursework,Trabajo 2º trimestre,8.40,0.30,2025-05-02
3348,1109,exam,Examen 1º trimestre,8.00,0.60,2023-04-19
3349,1109,coursework,Trabajo 2º trimestre,8.70,0.30,2023-02-15
3350,1109,participation,Trabajo 3º trimestre,5.90,0.10,2023-04-13
3351,1110,exam,Examen 1º trimestre,5.20,0.35,2023-03-22
3352,1110,exam,Examen 2º trimestre,3.90,0.35,2023-05-28
3353,1110,coursework,Trabajo 3º trimestre,8.20,0.30,2023-06-10
3354,1111,exam,Examen 1º trimestre,2.70,0.40,2023-05-26
3355,1111,practical,Trabajo 2º trimestre,7.10,0.25,2022-12-06
3356,1111,coursework,Trabajo 3º trimestre,6.40,0.25,2022-11-19
3357,1111,participation,Trabajo 1º trimestre,6.40,0.10,2022-11-08
3358,1112,exam,Examen 1º trimestre,6.70,0.60,2023-03-16
3359,1112,coursework,Trabajo 2º trimestre,4.00,0.30,2022-09-29
3360,1112,participation,Trabajo 3º trimestre,4.60,0.10,2022-11-03
3361,1113,exam,Examen 1º trimestre,7.50,0.70,2024-06-09
3362,1113,coursework,Trabajo 2º trimestre,7.90,0.30,2024-05-27
3363,1114,exam,Examen 1º trimestre,7.70,0.40,2023-04-08
3364,1114,practical,Trabajo 2º trimestre,3.20,0.25,2023-02-21
3365,1114,coursework,Trabajo 3º trimestre,7.40,0.25,2023-06-04
3366,1114,participation,Trabajo 1º trimestre,7.20,0.10,2023-01-13
3367,1115,exam,Examen 1º trimestre,5.50,0.40,2023-05-10
3368,1115,practical,Trabajo 2º trimestre,4.00,0.25,2023-05-08
3369,1115,coursework,Trabajo 3º trimestre,6.50,0.25,2023-01-13
3370,1115,participation,Trabajo 1º trimestre,4.10,0.10,2022-11-19
3371,1116,exam,Examen 1º trimestre,6.90,0.40,2023-05-02
3372,1116,practical,Trabajo 2º trimestre,8.30,0.25,2022-12-07
3373,1116,coursework,Trabajo 3º trimestre,7.30,0.25,2023-02-27
3374,1116,participation,Trabajo 1º trimestre,5.80,0.10,2023-03-23
3375,1117,exam,Examen 1º trimestre,3.60,0.70,2023-01-16
3376,1117,coursework,Trabajo 2º trimestre,6.40,0.30,2022-12-09
3377,1118,exam,Examen 1º trimestre,5.40,0.70,2023-10-20
3378,1118,coursework,Trabajo 2º trimestre,9.90,0.30,2023-10-26
3379,1119,exam,Examen 1º trimestre,8.40,0.35,2025-05-23
3380,1119,exam,Examen 2º trimestre,3.90,0.35,2025-02-02
3381,1119,coursework,Trabajo 3º trimestre,7.40,0.30,2024-12-16
3382,1120,exam,Examen 1º trimestre,7.40,0.35,2024-01-12
3383,1120,exam,Examen 2º trimestre,6.50,0.35,2024-06-03
3384,1120,coursework,Trabajo 3º trimestre,6.50,0.30,2023-10-02
3385,1121,exam,Examen 1º trimestre,8.20,0.40,2023-01-17
3386,1121,practical,Trabajo 2º trimestre,8.30,0.25,2022-12-09
3387,1121,coursework,Trabajo 3º trimestre,5.00,0.25,2023-03-18
3388,1121,participation,Trabajo 1º trimestre,5.80,0.10,2023-01-22
3389,1122,exam,Examen 1º trimestre,6.70,0.60,2025-04-30
3390,1122,coursework,Trabajo 2º trimestre,7.80,0.30,2025-01-10
3391,1122,participation,Trabajo 3º trimestre,4.70,0.10,2024-09-12
3392,1123,exam,Examen 1º trimestre,3.90,0.35,2023-10-21
3393,1123,exam,Examen 2º trimestre,4.10,0.35,2023-11-25
3394,1123,coursework,Trabajo 3º trimestre,4.60,0.30,2024-05-02
3395,1124,exam,Examen 1º trimestre,8.20,0.35,2025-06-19
3396,1124,exam,Examen 2º trimestre,8.30,0.35,2024-10-04
3397,1124,coursework,Trabajo 3º trimestre,4.40,0.30,2025-02-20
3398,1125,exam,Examen 1º trimestre,7.60,0.70,2024-04-21
3399,1125,coursework,Trabajo 2º trimestre,4.30,0.30,2024-01-18
3400,1126,exam,Examen 1º trimestre,7.00,0.40,2023-12-24
3401,1126,practical,Trabajo 2º trimestre,7.80,0.25,2023-11-16
3402,1126,coursework,Trabajo 3º trimestre,7.30,0.25,2024-05-11
3403,1126,participation,Trabajo 1º trimestre,6.70,0.10,2024-02-22
3404,1127,exam,Examen 1º trimestre,5.50,0.60,2022-10-25
3405,1127,coursework,Trabajo 2º trimestre,6.40,0.30,2023-03-16
3406,1127,participation,Trabajo 3º trimestre,7.20,0.10,2023-05-09
3407,1128,exam,Examen 1º trimestre,6.20,0.40,2024-12-23
3408,1128,practical,Trabajo 2º trimestre,6.10,0.25,2025-05-26
3409,1128,coursework,Trabajo 3º trimestre,4.00,0.25,2025-03-19
3410,1128,participation,Trabajo 1º trimestre,4.90,0.10,2025-06-09
3411,1129,exam,Examen 1º trimestre,6.90,0.70,2025-04-20
3412,1129,coursework,Trabajo 2º trimestre,9.40,0.30,2025-06-02
3413,1130,exam,Examen 1º trimestre,6.90,0.70,2023-02-20
3414,1130,coursework,Trabajo 2º trimestre,4.10,0.30,2023-03-20
3415,1131,exam,Examen 1º trimestre,7.00,0.60,2023-04-29
3416,1131,coursework,Trabajo 2º trimestre,4.60,0.30,2022-12-21
3417,1131,participation,Trabajo 3º trimestre,5.30,0.10,2023-05-04
3418,1132,exam,Examen 1º trimestre,6.50,0.70,2024-01-09
3419,1132,coursework,Trabajo 2º trimestre,9.10,0.30,2024-03-16
3420,1133,exam,Examen 1º trimestre,6.10,0.70,2025-04-15
3421,1133,coursework,Trabajo 2º trimestre,5.00,0.30,2025-02-21
3422,1134,exam,Examen 1º trimestre,4.80,0.35,2022-11-28
3423,1134,exam,Examen 2º trimestre,8.20,0.35,2022-10-10
3424,1134,coursework,Trabajo 3º trimestre,7.80,0.30,2023-03-25
3425,1135,exam,Examen 1º trimestre,3.70,0.40,2023-11-13
3426,1135,practical,Trabajo 2º trimestre,8.00,0.25,2023-12-29
3427,1135,coursework,Trabajo 3º trimestre,1.20,0.25,2024-05-01
3428,1135,participation,Trabajo 1º trimestre,6.50,0.10,2023-10-16
3429,1136,exam,Examen 1º trimestre,6.30,0.40,2025-02-16
3430,1136,practical,Trabajo 2º trimestre,3.80,0.25,2025-03-05
3431,1136,coursework,Trabajo 3º trimestre,7.00,0.25,2024-12-13
3432,1136,participation,Trabajo 1º trimestre,6.20,0.10,2025-06-16
3433,1137,exam,Examen 1º trimestre,7.00,0.60,2024-10-30
3434,1137,coursework,Trabajo 2º trimestre,8.30,0.30,2024-10-17
3435,1137,participation,Trabajo 3º trimestre,6.80,0.10,2024-11-03
3436,1138,exam,Examen 1º trimestre,8.20,0.60,2024-05-12
3437,1138,coursework,Trabajo 2º trimestre,8.60,0.30,2023-10-24
3438,1138,participation,Trabajo 3º trimestre,7.00,0.10,2023-11-06
3439,1139,exam,Examen 1º trimestre,3.90,0.40,2023-02-16
3440,1139,practical,Trabajo 2º trimestre,4.00,0.25,2023-05-16
3441,1139,coursework,Trabajo 3º trimestre,6.40,0.25,2023-05-03
3442,1139,participation,Trabajo 1º trimestre,4.40,0.10,2023-06-15
3443,1140,exam,Examen 1º trimestre,6.00,0.60,2022-11-08
3444,1140,coursework,Trabajo 2º trimestre,5.50,0.30,2023-06-18
3445,1140,participation,Trabajo 3º trimestre,7.50,0.10,2022-10-24
3446,1141,exam,Examen 1º trimestre,10.00,0.60,2023-09-26
3447,1141,coursework,Trabajo 2º trimestre,6.80,0.30,2023-09-11
3448,1141,participation,Trabajo 3º trimestre,7.60,0.10,2023-11-24
3449,1142,exam,Examen 1º trimestre,8.70,0.60,2024-05-09
3450,1142,coursework,Trabajo 2º trimestre,7.20,0.30,2023-11-19
3451,1142,participation,Trabajo 3º trimestre,8.00,0.10,2023-10-11
3452,1143,exam,Examen 1º trimestre,5.80,0.35,2024-04-23
3453,1143,exam,Examen 2º trimestre,5.90,0.35,2024-02-29
3454,1143,coursework,Trabajo 3º trimestre,6.10,0.30,2024-05-08
3455,1144,exam,Examen 1º trimestre,7.50,0.40,2024-01-13
3456,1144,practical,Trabajo 2º trimestre,6.90,0.25,2024-02-27
3457,1144,coursework,Trabajo 3º trimestre,6.20,0.25,2024-01-19
3458,1144,participation,Trabajo 1º trimestre,7.50,0.10,2024-01-19
3459,1145,exam,Examen 1º trimestre,7.80,0.60,2025-06-12
3460,1145,coursework,Trabajo 2º trimestre,6.00,0.30,2025-01-08
3461,1145,participation,Trabajo 3º trimestre,6.30,0.10,2025-02-06
3462,1146,exam,Examen 1º trimestre,6.00,0.60,2023-02-26
3463,1146,coursework,Trabajo 2º trimestre,8.70,0.30,2023-04-14
3464,1146,participation,Trabajo 3º trimestre,8.10,0.10,2022-12-11
3465,1147,exam,Examen 1º trimestre,6.20,0.40,2024-05-29
3466,1147,practical,Trabajo 2º trimestre,6.90,0.25,2023-11-02
3467,1147,coursework,Trabajo 3º trimestre,4.80,0.25,2023-11-30
3468,1147,participation,Trabajo 1º trimestre,3.30,0.10,2024-04-01
3469,1148,exam,Examen 1º trimestre,8.20,0.35,2024-03-02
3470,1148,exam,Examen 2º trimestre,5.90,0.35,2024-01-09
3471,1148,coursework,Trabajo 3º trimestre,8.40,0.30,2024-06-17
3472,1149,exam,Examen 1º trimestre,5.60,0.60,2025-02-23
3473,1149,coursework,Trabajo 2º trimestre,8.60,0.30,2025-05-02
3474,1149,participation,Trabajo 3º trimestre,7.70,0.10,2024-11-27
3475,1150,exam,Examen 1º trimestre,7.00,0.70,2024-05-31
3476,1150,coursework,Trabajo 2º trimestre,8.30,0.30,2024-03-31
3477,1151,exam,Examen 1º trimestre,7.20,0.35,2023-01-16
3478,1151,exam,Examen 2º trimestre,6.60,0.35,2022-12-29
3479,1151,coursework,Trabajo 3º trimestre,9.80,0.30,2023-05-23
3480,1152,exam,Examen 1º trimestre,10.00,0.70,2023-10-14
3481,1152,coursework,Trabajo 2º trimestre,9.10,0.30,2023-10-27
3482,1153,exam,Examen 1º trimestre,5.60,0.70,2023-02-18
3483,1153,coursework,Trabajo 2º trimestre,7.70,0.30,2023-05-27
3484,1154,exam,Examen 1º trimestre,5.50,0.70,2025-04-16
3485,1154,coursework,Trabajo 2º trimestre,4.50,0.30,2024-12-27
3486,1155,exam,Examen 1º trimestre,1.80,0.40,2022-09-12
3487,1155,practical,Trabajo 2º trimestre,6.10,0.25,2022-12-29
3488,1155,coursework,Trabajo 3º trimestre,4.70,0.25,2022-09-15
3489,1155,participation,Trabajo 1º trimestre,6.50,0.10,2022-10-06
3490,1156,exam,Examen 1º trimestre,6.20,0.35,2025-01-08
3491,1156,exam,Examen 2º trimestre,5.30,0.35,2025-01-18
3492,1156,coursework,Trabajo 3º trimestre,3.70,0.30,2025-02-03
3493,1157,exam,Examen 1º trimestre,2.80,0.60,2023-03-07
3494,1157,coursework,Trabajo 2º trimestre,4.70,0.30,2022-12-11
3495,1157,participation,Trabajo 3º trimestre,5.20,0.10,2023-03-03
3496,1158,exam,Examen 1º trimestre,2.70,0.70,2023-06-16
3497,1158,coursework,Trabajo 2º trimestre,5.70,0.30,2023-04-17
3498,1159,exam,Examen 1º trimestre,2.00,0.70,2025-01-16
3499,1159,coursework,Trabajo 2º trimestre,3.50,0.30,2025-02-08
3500,1160,exam,Examen 1º trimestre,8.30,0.40,2023-01-02
3501,1160,practical,Trabajo 2º trimestre,5.40,0.25,2023-01-21
3502,1160,coursework,Trabajo 3º trimestre,4.10,0.25,2023-01-18
3503,1160,participation,Trabajo 1º trimestre,3.10,0.10,2023-02-22
3504,1161,exam,Examen 1º trimestre,8.20,0.60,2024-01-09
3505,1161,coursework,Trabajo 2º trimestre,9.00,0.30,2023-10-26
3506,1161,participation,Trabajo 3º trimestre,8.30,0.10,2023-10-23
3507,1162,exam,Examen 1º trimestre,7.10,0.70,2024-02-04
3508,1162,coursework,Trabajo 2º trimestre,7.00,0.30,2023-11-28
3509,1163,exam,Examen 1º trimestre,8.30,0.40,2022-11-04
3510,1163,practical,Trabajo 2º trimestre,4.50,0.25,2022-09-20
3511,1163,coursework,Trabajo 3º trimestre,10.00,0.25,2023-04-04
3512,1163,participation,Trabajo 1º trimestre,4.50,0.10,2023-05-03
3513,1164,exam,Examen 1º trimestre,9.00,0.35,2025-05-02
3514,1164,exam,Examen 2º trimestre,6.70,0.35,2025-02-20
3515,1164,coursework,Trabajo 3º trimestre,8.30,0.30,2025-04-09
3516,1165,exam,Examen 1º trimestre,7.80,0.60,2025-02-05
3517,1165,coursework,Trabajo 2º trimestre,4.80,0.30,2025-02-20
3518,1165,participation,Trabajo 3º trimestre,4.40,0.10,2024-10-04
3519,1166,exam,Examen 1º trimestre,3.80,0.35,2023-02-06
3520,1166,exam,Examen 2º trimestre,3.20,0.35,2023-05-10
3521,1166,coursework,Trabajo 3º trimestre,3.90,0.30,2022-11-13
3522,1167,exam,Examen 1º trimestre,6.40,0.35,2024-04-11
3523,1167,exam,Examen 2º trimestre,6.70,0.35,2024-01-05
3524,1167,coursework,Trabajo 3º trimestre,4.40,0.30,2023-12-06
3525,1168,exam,Examen 1º trimestre,6.60,0.40,2023-04-10
3526,1168,practical,Trabajo 2º trimestre,2.90,0.25,2023-02-06
3527,1168,coursework,Trabajo 3º trimestre,5.30,0.25,2023-02-13
3528,1168,participation,Trabajo 1º trimestre,4.30,0.10,2023-02-14
3529,1169,exam,Examen 1º trimestre,5.40,0.70,2025-05-19
3530,1169,coursework,Trabajo 2º trimestre,7.10,0.30,2024-12-18
3531,1170,exam,Examen 1º trimestre,4.20,0.60,2022-11-02
3532,1170,coursework,Trabajo 2º trimestre,4.10,0.30,2022-10-11
3533,1170,participation,Trabajo 3º trimestre,7.80,0.10,2023-05-30
3534,1171,exam,Examen 1º trimestre,9.00,0.60,2025-04-21
3535,1171,coursework,Trabajo 2º trimestre,8.60,0.30,2024-11-05
3536,1171,participation,Trabajo 3º trimestre,6.00,0.10,2025-05-15
3537,1172,exam,Examen 1º trimestre,8.80,0.60,2024-06-08
3538,1172,coursework,Trabajo 2º trimestre,3.50,0.30,2024-05-31
3539,1172,participation,Trabajo 3º trimestre,5.60,0.10,2023-12-19
3540,1173,exam,Examen 1º trimestre,9.50,0.40,2022-10-12
3541,1173,practical,Trabajo 2º trimestre,10.00,0.25,2022-11-20
3542,1173,coursework,Trabajo 3º trimestre,8.40,0.25,2022-11-16
3543,1173,participation,Trabajo 1º trimestre,6.70,0.10,2023-05-05
3544,1174,exam,Examen 1º trimestre,5.10,0.60,2023-02-23
3545,1174,coursework,Trabajo 2º trimestre,10.00,0.30,2023-03-02
3546,1174,participation,Trabajo 3º trimestre,6.20,0.10,2023-02-13
3547,1175,exam,Examen 1º trimestre,7.90,0.40,2024-09-14
3548,1175,practical,Trabajo 2º trimestre,7.70,0.25,2024-10-31
3549,1175,coursework,Trabajo 3º trimestre,10.00,0.25,2024-10-03
3550,1175,participation,Trabajo 1º trimestre,9.10,0.10,2025-01-31
3551,1176,exam,Examen 1º trimestre,8.90,0.35,2023-12-15
3552,1176,exam,Examen 2º trimestre,8.70,0.35,2024-06-07
3553,1176,coursework,Trabajo 3º trimestre,4.00,0.30,2023-12-17
3554,1177,exam,Examen 1º trimestre,7.90,0.35,2022-10-28
3555,1177,exam,Examen 2º trimestre,5.70,0.35,2023-01-08
3556,1177,coursework,Trabajo 3º trimestre,6.20,0.30,2022-11-25
3557,1178,exam,Examen 1º trimestre,7.10,0.40,2023-05-02
3558,1178,practical,Trabajo 2º trimestre,4.60,0.25,2023-03-23
3559,1178,coursework,Trabajo 3º trimestre,5.40,0.25,2023-04-05
3560,1178,participation,Trabajo 1º trimestre,6.50,0.10,2023-04-12
3561,1179,exam,Examen 1º trimestre,5.50,0.40,2024-05-15
3562,1179,practical,Trabajo 2º trimestre,7.00,0.25,2024-01-26
3563,1179,coursework,Trabajo 3º trimestre,5.80,0.25,2024-02-28
3564,1179,participation,Trabajo 1º trimestre,4.90,0.10,2024-03-10
3565,1180,exam,Examen 1º trimestre,3.40,0.40,2023-01-19
3566,1180,practical,Trabajo 2º trimestre,4.80,0.25,2023-04-15
3567,1180,coursework,Trabajo 3º trimestre,8.60,0.25,2023-03-30
3568,1180,participation,Trabajo 1º trimestre,6.10,0.10,2023-02-09
3569,1181,exam,Examen 1º trimestre,7.90,0.70,2024-01-21
3570,1181,coursework,Trabajo 2º trimestre,7.60,0.30,2023-10-24
3571,1182,exam,Examen 1º trimestre,3.30,0.60,2024-12-31
3572,1182,coursework,Trabajo 2º trimestre,5.90,0.30,2025-02-21
3573,1182,participation,Trabajo 3º trimestre,6.10,0.10,2025-02-16
3574,1183,exam,Examen 1º trimestre,5.70,0.60,2023-12-24
3575,1183,coursework,Trabajo 2º trimestre,10.00,0.30,2024-02-23
3576,1183,participation,Trabajo 3º trimestre,8.40,0.10,2024-01-12
3577,1184,exam,Examen 1º trimestre,7.20,0.35,2025-04-11
3578,1184,exam,Examen 2º trimestre,6.60,0.35,2025-05-04
3579,1184,coursework,Trabajo 3º trimestre,6.30,0.30,2024-11-23
3580,1185,exam,Examen 1º trimestre,9.50,0.35,2025-01-13
3581,1185,exam,Examen 2º trimestre,10.00,0.35,2024-09-10
3582,1185,coursework,Trabajo 3º trimestre,4.20,0.30,2024-09-13
3583,1186,exam,Examen 1º trimestre,8.80,0.70,2023-01-01
3584,1186,coursework,Trabajo 2º trimestre,6.10,0.30,2023-03-10
3585,1187,exam,Examen 1º trimestre,6.50,0.60,2022-10-12
3586,1187,coursework,Trabajo 2º trimestre,5.10,0.30,2023-01-14
3587,1187,participation,Trabajo 3º trimestre,4.40,0.10,2022-09-17
3588,1188,exam,Examen 1º trimestre,7.20,0.40,2023-12-11
3589,1188,practical,Trabajo 2º trimestre,1.80,0.25,2023-10-17
3590,1188,coursework,Trabajo 3º trimestre,6.20,0.25,2024-03-16
3591,1188,participation,Trabajo 1º trimestre,5.40,0.10,2024-04-22
3592,1189,exam,Examen 1º trimestre,8.00,0.60,2025-04-28
3593,1189,coursework,Trabajo 2º trimestre,5.70,0.30,2024-09-28
3594,1189,participation,Trabajo 3º trimestre,7.00,0.10,2024-12-20
3595,1190,exam,Examen 1º trimestre,4.60,0.35,2025-02-06
3596,1190,exam,Examen 2º trimestre,6.90,0.35,2025-04-23
3597,1190,coursework,Trabajo 3º trimestre,5.50,0.30,2024-11-06
3598,1191,exam,Examen 1º trimestre,6.90,0.35,2023-01-17
3599,1191,exam,Examen 2º trimestre,5.40,0.35,2023-05-11
3600,1191,coursework,Trabajo 3º trimestre,6.40,0.30,2023-03-27
3601,1192,exam,Examen 1º trimestre,4.60,0.70,2024-09-20
3602,1192,coursework,Trabajo 2º trimestre,7.60,0.30,2025-06-16
3603,1193,exam,Examen 1º trimestre,6.00,0.70,2025-02-18
3604,1193,coursework,Trabajo 2º trimestre,8.00,0.30,2024-09-20
3605,1194,exam,Examen 1º trimestre,5.70,0.60,2023-05-19
3606,1194,coursework,Trabajo 2º trimestre,5.60,0.30,2023-05-22
3607,1194,participation,Trabajo 3º trimestre,8.40,0.10,2022-12-08
3608,1195,exam,Examen 1º trimestre,8.30,0.60,2022-10-24
3609,1195,coursework,Trabajo 2º trimestre,8.00,0.30,2023-04-18
3610,1195,participation,Trabajo 3º trimestre,4.50,0.10,2023-01-23
3611,1196,exam,Examen 1º trimestre,7.90,0.40,2023-10-02
3612,1196,practical,Trabajo 2º trimestre,8.40,0.25,2024-01-18
3613,1196,coursework,Trabajo 3º trimestre,9.20,0.25,2024-03-19
3614,1196,participation,Trabajo 1º trimestre,8.00,0.10,2024-06-06
3615,1197,exam,Examen 1º trimestre,6.80,0.60,2023-06-08
3616,1197,coursework,Trabajo 2º trimestre,8.00,0.30,2022-12-14
3617,1197,participation,Trabajo 3º trimestre,7.30,0.10,2023-06-20
3618,1198,exam,Examen 1º trimestre,7.30,0.60,2023-02-16
3619,1198,coursework,Trabajo 2º trimestre,6.40,0.30,2022-11-28
3620,1198,participation,Trabajo 3º trimestre,6.50,0.10,2023-01-26
3621,1199,exam,Examen 1º trimestre,6.70,0.60,2023-09-20
3622,1199,coursework,Trabajo 2º trimestre,6.80,0.30,2024-02-12
3623,1199,participation,Trabajo 3º trimestre,4.10,0.10,2024-05-26
3624,1200,exam,Examen 1º trimestre,4.40,0.60,2024-04-04
3625,1200,coursework,Trabajo 2º trimestre,3.50,0.30,2024-04-06
3626,1200,participation,Trabajo 3º trimestre,3.10,0.10,2023-12-13
3627,1201,exam,Examen 1º trimestre,5.80,0.40,2024-12-24
3628,1201,practical,Trabajo 2º trimestre,4.00,0.25,2025-03-15
3629,1201,coursework,Trabajo 3º trimestre,7.00,0.25,2025-01-20
3630,1201,participation,Trabajo 1º trimestre,3.40,0.10,2024-11-26
3631,1202,exam,Examen 1º trimestre,4.90,0.60,2025-06-10
3632,1202,coursework,Trabajo 2º trimestre,8.30,0.30,2024-12-17
3633,1202,participation,Trabajo 3º trimestre,2.10,0.10,2025-05-10
3634,1203,exam,Examen 1º trimestre,5.20,0.40,2023-02-24
3635,1203,practical,Trabajo 2º trimestre,6.60,0.25,2022-10-13
3636,1203,coursework,Trabajo 3º trimestre,8.60,0.25,2022-12-23
3637,1203,participation,Trabajo 1º trimestre,7.90,0.10,2023-02-02
3638,1204,exam,Examen 1º trimestre,3.40,0.60,2025-01-02
3639,1204,coursework,Trabajo 2º trimestre,7.20,0.30,2024-12-15
3640,1204,participation,Trabajo 3º trimestre,5.70,0.10,2025-06-16
3641,1205,exam,Examen 1º trimestre,5.90,0.40,2025-06-20
3642,1205,practical,Trabajo 2º trimestre,5.60,0.25,2024-12-20
3643,1205,coursework,Trabajo 3º trimestre,9.50,0.25,2024-09-23
3644,1205,participation,Trabajo 1º trimestre,3.90,0.10,2025-02-12
3645,1206,exam,Examen 1º trimestre,6.40,0.70,2023-11-18
3646,1206,coursework,Trabajo 2º trimestre,5.90,0.30,2023-12-21
3647,1207,exam,Examen 1º trimestre,9.10,0.70,2022-10-18
3648,1207,coursework,Trabajo 2º trimestre,5.40,0.30,2023-03-19
3649,1208,exam,Examen 1º trimestre,7.90,0.35,2024-03-28
3650,1208,exam,Examen 2º trimestre,6.80,0.35,2023-12-30
3651,1208,coursework,Trabajo 3º trimestre,7.50,0.30,2024-02-04
3652,1209,exam,Examen 1º trimestre,6.10,0.70,2025-04-30
3653,1209,coursework,Trabajo 2º trimestre,6.30,0.30,2025-05-20
3654,1210,exam,Examen 1º trimestre,8.80,0.40,2023-12-30
3655,1210,practical,Trabajo 2º trimestre,8.60,0.25,2024-05-27
3656,1210,coursework,Trabajo 3º trimestre,9.30,0.25,2023-11-02
3657,1210,participation,Trabajo 1º trimestre,8.60,0.10,2024-04-29
3658,1211,exam,Examen 1º trimestre,6.10,0.60,2023-12-29
3659,1211,coursework,Trabajo 2º trimestre,7.80,0.30,2024-01-01
3660,1211,participation,Trabajo 3º trimestre,7.80,0.10,2024-04-19
3661,1212,exam,Examen 1º trimestre,4.40,0.70,2022-09-10
3662,1212,coursework,Trabajo 2º trimestre,10.00,0.30,2022-09-30
3663,1213,exam,Examen 1º trimestre,4.00,0.40,2025-05-04
3664,1213,practical,Trabajo 2º trimestre,4.30,0.25,2025-05-16
3665,1213,coursework,Trabajo 3º trimestre,8.40,0.25,2025-06-06
3666,1213,participation,Trabajo 1º trimestre,5.60,0.10,2024-09-15
3667,1214,exam,Examen 1º trimestre,4.80,0.35,2025-05-22
3668,1214,exam,Examen 2º trimestre,6.30,0.35,2024-10-23
3669,1214,coursework,Trabajo 3º trimestre,7.80,0.30,2024-12-17
3670,1215,exam,Examen 1º trimestre,6.20,0.60,2025-04-16
3671,1215,coursework,Trabajo 2º trimestre,6.80,0.30,2024-10-04
3672,1215,participation,Trabajo 3º trimestre,5.80,0.10,2025-04-28
3673,1216,exam,Examen 1º trimestre,6.80,0.35,2025-01-26
3674,1216,exam,Examen 2º trimestre,6.30,0.35,2025-03-08
3675,1216,coursework,Trabajo 3º trimestre,8.50,0.30,2025-04-26
3676,1217,exam,Examen 1º trimestre,7.90,0.70,2023-06-11
3677,1217,coursework,Trabajo 2º trimestre,9.30,0.30,2023-04-17
3678,1218,exam,Examen 1º trimestre,6.00,0.70,2023-03-10
3679,1218,coursework,Trabajo 2º trimestre,6.00,0.30,2023-01-27
3680,1219,exam,Examen 1º trimestre,5.00,0.60,2022-09-12
3681,1219,coursework,Trabajo 2º trimestre,2.10,0.30,2023-04-24
3682,1219,participation,Trabajo 3º trimestre,4.50,0.10,2022-12-01
3683,1220,exam,Examen 1º trimestre,4.50,0.60,2023-02-17
3684,1220,coursework,Trabajo 2º trimestre,4.80,0.30,2022-10-26
3685,1220,participation,Trabajo 3º trimestre,4.70,0.10,2022-09-17
3686,1221,exam,Examen 1º trimestre,5.60,0.40,2025-04-18
3687,1221,practical,Trabajo 2º trimestre,7.90,0.25,2024-11-06
3688,1221,coursework,Trabajo 3º trimestre,8.00,0.25,2024-09-09
3689,1221,participation,Trabajo 1º trimestre,6.90,0.10,2025-03-23
3690,1222,exam,Examen 1º trimestre,6.70,0.35,2024-10-31
3691,1222,exam,Examen 2º trimestre,8.50,0.35,2024-12-14
3692,1222,coursework,Trabajo 3º trimestre,6.40,0.30,2024-11-16
3693,1223,exam,Examen 1º trimestre,8.20,0.40,2024-02-01
3694,1223,practical,Trabajo 2º trimestre,7.90,0.25,2024-06-09
3695,1223,coursework,Trabajo 3º trimestre,5.90,0.25,2024-03-15
3696,1223,participation,Trabajo 1º trimestre,5.60,0.10,2024-02-02
3697,1224,exam,Examen 1º trimestre,6.70,0.35,2024-11-16
3698,1224,exam,Examen 2º trimestre,5.80,0.35,2025-02-02
3699,1224,coursework,Trabajo 3º trimestre,6.10,0.30,2024-11-19
3700,1225,exam,Examen 1º trimestre,5.10,0.40,2024-06-09
3701,1225,practical,Trabajo 2º trimestre,7.50,0.25,2023-10-26
3702,1225,coursework,Trabajo 3º trimestre,5.00,0.25,2024-01-17
3703,1225,participation,Trabajo 1º trimestre,4.30,0.10,2023-12-12
3704,1226,exam,Examen 1º trimestre,6.00,0.60,2024-04-16
3705,1226,coursework,Trabajo 2º trimestre,2.30,0.30,2024-06-18
3706,1226,participation,Trabajo 3º trimestre,6.90,0.10,2023-10-30
3707,1227,exam,Examen 1º trimestre,5.90,0.35,2025-03-21
3708,1227,exam,Examen 2º trimestre,6.00,0.35,2025-05-02
3709,1227,coursework,Trabajo 3º trimestre,7.90,0.30,2025-04-22
3710,1228,exam,Examen 1º trimestre,7.60,0.70,2023-12-10
3711,1228,coursework,Trabajo 2º trimestre,7.00,0.30,2024-04-07
3712,1229,exam,Examen 1º trimestre,4.20,0.35,2024-06-07
3713,1229,exam,Examen 2º trimestre,7.90,0.35,2024-05-08
3714,1229,coursework,Trabajo 3º trimestre,9.50,0.30,2023-12-21
3715,1230,exam,Examen 1º trimestre,6.80,0.60,2022-09-13
3716,1230,coursework,Trabajo 2º trimestre,7.20,0.30,2023-04-20
3717,1230,participation,Trabajo 3º trimestre,6.50,0.10,2023-06-10
3718,1231,exam,Examen 1º trimestre,8.40,0.60,2025-05-17
3719,1231,coursework,Trabajo 2º trimestre,7.30,0.30,2025-03-21
3720,1231,participation,Trabajo 3º trimestre,7.90,0.10,2024-10-13
3721,1232,exam,Examen 1º trimestre,7.90,0.70,2024-04-14
3722,1232,coursework,Trabajo 2º trimestre,5.70,0.30,2023-12-16
3723,1233,exam,Examen 1º trimestre,7.90,0.60,2023-09-29
3724,1233,coursework,Trabajo 2º trimestre,4.70,0.30,2024-03-10
3725,1233,participation,Trabajo 3º trimestre,8.70,0.10,2024-04-20
3726,1234,exam,Examen 1º trimestre,6.90,0.60,2023-10-22
3727,1234,coursework,Trabajo 2º trimestre,5.10,0.30,2024-03-08
3728,1234,participation,Trabajo 3º trimestre,8.80,0.10,2024-01-08
3729,1235,exam,Examen 1º trimestre,8.70,0.40,2024-12-29
3730,1235,practical,Trabajo 2º trimestre,7.50,0.25,2025-01-20
3731,1235,coursework,Trabajo 3º trimestre,7.10,0.25,2025-02-09
3732,1235,participation,Trabajo 1º trimestre,6.80,0.10,2025-02-02
3733,1236,exam,Examen 1º trimestre,10.00,0.35,2022-12-31
3734,1236,exam,Examen 2º trimestre,6.60,0.35,2023-01-18
3735,1236,coursework,Trabajo 3º trimestre,4.30,0.30,2023-04-30
3736,1237,exam,Examen 1º trimestre,6.90,0.40,2025-02-06
3737,1237,practical,Trabajo 2º trimestre,5.70,0.25,2025-04-02
3738,1237,coursework,Trabajo 3º trimestre,6.10,0.25,2024-11-27
3739,1237,participation,Trabajo 1º trimestre,8.90,0.10,2024-10-16
3740,1238,exam,Examen 1º trimestre,9.10,0.40,2023-01-12
3741,1238,practical,Trabajo 2º trimestre,8.00,0.25,2023-06-02
3742,1238,coursework,Trabajo 3º trimestre,8.50,0.25,2023-01-13
3743,1238,participation,Trabajo 1º trimestre,8.00,0.10,2023-04-15
3744,1239,exam,Examen 1º trimestre,3.10,0.40,2024-06-08
3745,1239,practical,Trabajo 2º trimestre,4.70,0.25,2024-04-05
3746,1239,coursework,Trabajo 3º trimestre,2.60,0.25,2024-02-12
3747,1239,participation,Trabajo 1º trimestre,5.50,0.10,2024-02-27
3748,1240,exam,Examen 1º trimestre,4.90,0.70,2024-04-27
3749,1240,coursework,Trabajo 2º trimestre,5.90,0.30,2024-03-11
3750,1241,exam,Examen 1º trimestre,5.90,0.35,2024-09-18
3751,1241,exam,Examen 2º trimestre,5.00,0.35,2024-09-17
3752,1241,coursework,Trabajo 3º trimestre,5.50,0.30,2024-09-15
3753,1242,exam,Examen 1º trimestre,4.80,0.70,2023-11-26
3754,1242,coursework,Trabajo 2º trimestre,7.70,0.30,2024-05-24
3755,1243,exam,Examen 1º trimestre,8.20,0.40,2022-12-21
3756,1243,practical,Trabajo 2º trimestre,8.90,0.25,2023-06-19
3757,1243,coursework,Trabajo 3º trimestre,2.90,0.25,2023-02-26
3758,1243,participation,Trabajo 1º trimestre,7.20,0.10,2023-04-16
3759,1244,exam,Examen 1º trimestre,5.70,0.35,2024-10-28
3760,1244,exam,Examen 2º trimestre,9.50,0.35,2025-06-03
3761,1244,coursework,Trabajo 3º trimestre,7.10,0.30,2025-06-09
3762,1245,exam,Examen 1º trimestre,6.60,0.70,2024-02-14
3763,1245,coursework,Trabajo 2º trimestre,6.60,0.30,2024-06-12
3764,1246,exam,Examen 1º trimestre,4.10,0.40,2025-01-14
3765,1246,practical,Trabajo 2º trimestre,9.20,0.25,2024-11-01
3766,1246,coursework,Trabajo 3º trimestre,6.80,0.25,2024-12-18
3767,1246,participation,Trabajo 1º trimestre,5.50,0.10,2024-10-10
3768,1247,exam,Examen 1º trimestre,4.60,0.70,2025-05-05
3769,1247,coursework,Trabajo 2º trimestre,7.40,0.30,2024-10-14
3770,1248,exam,Examen 1º trimestre,8.30,0.70,2023-04-01
3771,1248,coursework,Trabajo 2º trimestre,6.30,0.30,2023-01-22
3772,1249,exam,Examen 1º trimestre,6.50,0.70,2024-02-05
3773,1249,coursework,Trabajo 2º trimestre,5.70,0.30,2024-01-24
3774,1250,exam,Examen 1º trimestre,5.50,0.40,2023-05-24
3775,1250,practical,Trabajo 2º trimestre,4.00,0.25,2023-01-10
3776,1250,coursework,Trabajo 3º trimestre,4.30,0.25,2023-01-07
3777,1250,participation,Trabajo 1º trimestre,6.70,0.10,2023-01-06
3778,1251,exam,Examen 1º trimestre,3.90,0.35,2022-11-08
3779,1251,exam,Examen 2º trimestre,7.60,0.35,2023-05-23
3780,1251,coursework,Trabajo 3º trimestre,5.30,0.30,2022-11-16
3781,1252,exam,Examen 1º trimestre,5.60,0.70,2025-05-22
3782,1252,coursework,Trabajo 2º trimestre,4.80,0.30,2025-04-25
3783,1253,exam,Examen 1º trimestre,4.30,0.40,2024-06-11
3784,1253,practical,Trabajo 2º trimestre,4.30,0.25,2024-02-01
3785,1253,coursework,Trabajo 3º trimestre,3.70,0.25,2024-01-07
3786,1253,participation,Trabajo 1º trimestre,3.30,0.10,2023-09-14
3787,1254,exam,Examen 1º trimestre,2.50,0.60,2023-11-23
3788,1254,coursework,Trabajo 2º trimestre,4.00,0.30,2023-12-21
3789,1254,participation,Trabajo 3º trimestre,3.10,0.10,2023-10-12
3790,1255,exam,Examen 1º trimestre,4.30,0.40,2025-05-12
3791,1255,practical,Trabajo 2º trimestre,3.80,0.25,2025-03-01
3792,1255,coursework,Trabajo 3º trimestre,4.10,0.25,2025-02-24
3793,1255,participation,Trabajo 1º trimestre,5.70,0.10,2025-04-18
3794,1256,exam,Examen 1º trimestre,3.80,0.60,2025-03-02
3795,1256,coursework,Trabajo 2º trimestre,8.80,0.30,2024-10-27
3796,1256,participation,Trabajo 3º trimestre,7.20,0.10,2025-03-14
3797,1257,exam,Examen 1º trimestre,8.30,0.70,2023-11-09
3798,1257,coursework,Trabajo 2º trimestre,6.90,0.30,2024-02-08
3799,1258,exam,Examen 1º trimestre,5.70,0.60,2025-05-02
3800,1258,coursework,Trabajo 2º trimestre,5.70,0.30,2024-12-24
3801,1258,participation,Trabajo 3º trimestre,4.00,0.10,2025-05-22
3802,1259,exam,Examen 1º trimestre,6.90,0.40,2023-05-17
3803,1259,practical,Trabajo 2º trimestre,6.50,0.25,2023-02-26
3804,1259,coursework,Trabajo 3º trimestre,4.40,0.25,2023-04-03
3805,1259,participation,Trabajo 1º trimestre,5.10,0.10,2023-04-07
3806,1260,exam,Examen 1º trimestre,9.30,0.40,2025-02-14
3807,1260,practical,Trabajo 2º trimestre,4.20,0.25,2024-10-15
3808,1260,coursework,Trabajo 3º trimestre,7.10,0.25,2024-11-26
3809,1260,participation,Trabajo 1º trimestre,4.40,0.10,2025-03-22
3810,1261,exam,Examen 1º trimestre,9.60,0.35,2024-06-02
3811,1261,exam,Examen 2º trimestre,7.50,0.35,2023-11-18
3812,1261,coursework,Trabajo 3º trimestre,7.00,0.30,2023-09-29
3813,1262,exam,Examen 1º trimestre,4.50,0.35,2024-10-22
3814,1262,exam,Examen 2º trimestre,9.00,0.35,2024-12-25
3815,1262,coursework,Trabajo 3º trimestre,9.60,0.30,2025-05-28
3816,1263,exam,Examen 1º trimestre,5.00,0.60,2023-12-25
3817,1263,coursework,Trabajo 2º trimestre,7.40,0.30,2024-02-17
3818,1263,participation,Trabajo 3º trimestre,5.60,0.10,2024-03-05
3819,1264,exam,Examen 1º trimestre,6.90,0.40,2025-04-24
3820,1264,practical,Trabajo 2º trimestre,8.10,0.25,2025-01-08
3821,1264,coursework,Trabajo 3º trimestre,6.90,0.25,2024-11-03
3822,1264,participation,Trabajo 1º trimestre,6.80,0.10,2024-11-11
3823,1265,exam,Examen 1º trimestre,6.50,0.70,2022-11-04
3824,1265,coursework,Trabajo 2º trimestre,5.30,0.30,2022-12-11
3825,1266,exam,Examen 1º trimestre,9.70,0.35,2023-01-18
3826,1266,exam,Examen 2º trimestre,6.80,0.35,2022-11-29
3827,1266,coursework,Trabajo 3º trimestre,9.00,0.30,2023-04-01
3828,1267,exam,Examen 1º trimestre,8.80,0.40,2024-12-04
3829,1267,practical,Trabajo 2º trimestre,6.50,0.25,2025-02-09
3830,1267,coursework,Trabajo 3º trimestre,4.00,0.25,2024-10-25
3831,1267,participation,Trabajo 1º trimestre,8.10,0.10,2025-03-14
3832,1268,exam,Examen 1º trimestre,6.60,0.60,2023-04-19
3833,1268,coursework,Trabajo 2º trimestre,7.80,0.30,2022-10-30
3834,1268,participation,Trabajo 3º trimestre,9.70,0.10,2022-11-21
3835,1269,exam,Examen 1º trimestre,1.50,0.60,2024-10-17
3836,1269,coursework,Trabajo 2º trimestre,4.20,0.30,2024-11-10
3837,1269,participation,Trabajo 3º trimestre,2.60,0.10,2025-05-09
3838,1270,exam,Examen 1º trimestre,4.90,0.35,2024-01-02
3839,1270,exam,Examen 2º trimestre,0.40,0.35,2023-09-20
3840,1270,coursework,Trabajo 3º trimestre,4.40,0.30,2024-05-25
3841,1271,exam,Examen 1º trimestre,10.00,0.40,2023-12-13
3842,1271,practical,Trabajo 2º trimestre,7.60,0.25,2023-10-04
3843,1271,coursework,Trabajo 3º trimestre,7.70,0.25,2023-09-29
3844,1271,participation,Trabajo 1º trimestre,7.90,0.10,2023-12-30
3845,1272,exam,Examen 1º trimestre,9.50,0.60,2025-05-06
3846,1272,coursework,Trabajo 2º trimestre,6.30,0.30,2024-10-22
3847,1272,participation,Trabajo 3º trimestre,6.90,0.10,2024-10-30
3848,1273,exam,Examen 1º trimestre,9.60,0.35,2025-06-07
3849,1273,exam,Examen 2º trimestre,5.10,0.35,2025-05-03
3850,1273,coursework,Trabajo 3º trimestre,5.80,0.30,2025-06-20
3851,1274,exam,Examen 1º trimestre,10.00,0.35,2023-02-06
3852,1274,exam,Examen 2º trimestre,7.40,0.35,2022-12-05
3853,1274,coursework,Trabajo 3º trimestre,7.70,0.30,2023-06-07
3854,1275,exam,Examen 1º trimestre,9.50,0.35,2025-04-09
3855,1275,exam,Examen 2º trimestre,7.40,0.35,2024-09-23
3856,1275,coursework,Trabajo 3º trimestre,9.00,0.30,2025-05-06
3857,1276,exam,Examen 1º trimestre,8.00,0.35,2024-09-20
3858,1276,exam,Examen 2º trimestre,5.30,0.35,2024-12-13
3859,1276,coursework,Trabajo 3º trimestre,7.90,0.30,2024-10-14
3860,1277,exam,Examen 1º trimestre,2.90,0.70,2023-01-22
3861,1277,coursework,Trabajo 2º trimestre,5.50,0.30,2023-01-26
3862,1278,exam,Examen 1º trimestre,6.60,0.40,2024-12-01
3863,1278,practical,Trabajo 2º trimestre,2.90,0.25,2025-02-07
3864,1278,coursework,Trabajo 3º trimestre,2.40,0.25,2025-02-25
3865,1278,participation,Trabajo 1º trimestre,3.90,0.10,2025-05-06
3866,1279,exam,Examen 1º trimestre,7.20,0.60,2023-10-14
3867,1279,coursework,Trabajo 2º trimestre,5.70,0.30,2024-06-20
3868,1279,participation,Trabajo 3º trimestre,4.60,0.10,2023-12-07
3869,1280,exam,Examen 1º trimestre,4.30,0.60,2025-05-16
3870,1280,coursework,Trabajo 2º trimestre,5.70,0.30,2024-10-01
3871,1280,participation,Trabajo 3º trimestre,4.50,0.10,2024-09-19
3872,1281,exam,Examen 1º trimestre,4.10,0.35,2024-09-25
3873,1281,exam,Examen 2º trimestre,3.50,0.35,2025-05-02
3874,1281,coursework,Trabajo 3º trimestre,5.70,0.30,2025-02-17
3875,1282,exam,Examen 1º trimestre,6.80,0.60,2024-01-05
3876,1282,coursework,Trabajo 2º trimestre,4.90,0.30,2024-04-13
3877,1282,participation,Trabajo 3º trimestre,9.10,0.10,2024-03-20
3878,1283,exam,Examen 1º trimestre,4.80,0.35,2022-10-09
3879,1283,exam,Examen 2º trimestre,5.60,0.35,2022-11-23
3880,1283,coursework,Trabajo 3º trimestre,10.00,0.30,2023-06-18
3881,1284,exam,Examen 1º trimestre,3.30,0.60,2023-01-27
3882,1284,coursework,Trabajo 2º trimestre,3.70,0.30,2022-10-23
3883,1284,participation,Trabajo 3º trimestre,5.70,0.10,2022-10-28
3884,1285,exam,Examen 1º trimestre,9.90,0.70,2023-04-27
3885,1285,coursework,Trabajo 2º trimestre,8.30,0.30,2023-02-24
3886,1286,exam,Examen 1º trimestre,10.00,0.35,2023-04-22
3887,1286,exam,Examen 2º trimestre,10.00,0.35,2023-01-17
3888,1286,coursework,Trabajo 3º trimestre,8.00,0.30,2022-12-12
3889,1287,exam,Examen 1º trimestre,5.80,0.60,2023-09-12
3890,1287,coursework,Trabajo 2º trimestre,5.80,0.30,2023-12-21
3891,1287,participation,Trabajo 3º trimestre,4.30,0.10,2023-11-04
3892,1288,exam,Examen 1º trimestre,7.70,0.35,2024-10-31
3893,1288,exam,Examen 2º trimestre,7.50,0.35,2025-03-14
3894,1288,coursework,Trabajo 3º trimestre,6.10,0.30,2025-04-17
3895,1289,exam,Examen 1º trimestre,6.20,0.35,2024-06-09
3896,1289,exam,Examen 2º trimestre,3.70,0.35,2024-05-16
3897,1289,coursework,Trabajo 3º trimestre,7.40,0.30,2024-01-22
3898,1290,exam,Examen 1º trimestre,6.80,0.40,2025-05-12
3899,1290,practical,Trabajo 2º trimestre,6.50,0.25,2025-04-04
3900,1290,coursework,Trabajo 3º trimestre,5.90,0.25,2024-11-06
3901,1290,participation,Trabajo 1º trimestre,6.40,0.10,2024-12-11
3902,1291,exam,Examen 1º trimestre,4.70,0.60,2024-02-11
3903,1291,coursework,Trabajo 2º trimestre,7.20,0.30,2024-04-24
3904,1291,participation,Trabajo 3º trimestre,8.10,0.10,2024-06-09
3905,1292,exam,Examen 1º trimestre,8.40,0.35,2023-03-21
3906,1292,exam,Examen 2º trimestre,5.10,0.35,2023-03-09
3907,1292,coursework,Trabajo 3º trimestre,5.90,0.30,2022-09-10
3908,1293,exam,Examen 1º trimestre,5.10,0.35,2024-02-26
3909,1293,exam,Examen 2º trimestre,5.00,0.35,2024-06-12
3910,1293,coursework,Trabajo 3º trimestre,6.10,0.30,2023-12-28
3911,1294,exam,Examen 1º trimestre,4.60,0.35,2025-03-23
3912,1294,exam,Examen 2º trimestre,3.70,0.35,2025-04-21
3913,1294,coursework,Trabajo 3º trimestre,3.80,0.30,2024-10-08
3914,1295,exam,Examen 1º trimestre,4.60,0.40,2023-02-07
3915,1295,practical,Trabajo 2º trimestre,6.10,0.25,2023-03-20
3916,1295,coursework,Trabajo 3º trimestre,3.80,0.25,2022-09-30
3917,1295,participation,Trabajo 1º trimestre,4.60,0.10,2023-04-02
3918,1296,exam,Examen 1º trimestre,4.00,0.40,2022-10-09
3919,1296,practical,Trabajo 2º trimestre,6.00,0.25,2023-06-20
3920,1296,coursework,Trabajo 3º trimestre,6.30,0.25,2022-10-29
3921,1296,participation,Trabajo 1º trimestre,6.20,0.10,2023-03-27
3922,1297,exam,Examen 1º trimestre,7.60,0.60,2024-10-09
3923,1297,coursework,Trabajo 2º trimestre,3.60,0.30,2024-10-24
3924,1297,participation,Trabajo 3º trimestre,8.10,0.10,2024-11-25
3925,1298,exam,Examen 1º trimestre,7.20,0.40,2025-05-10
3926,1298,practical,Trabajo 2º trimestre,6.60,0.25,2024-12-14
3927,1298,coursework,Trabajo 3º trimestre,5.20,0.25,2025-01-26
3928,1298,participation,Trabajo 1º trimestre,8.50,0.10,2024-12-24
3929,1299,exam,Examen 1º trimestre,4.30,0.40,2024-03-17
3930,1299,practical,Trabajo 2º trimestre,6.80,0.25,2023-10-08
3931,1299,coursework,Trabajo 3º trimestre,4.50,0.25,2023-11-15
3932,1299,participation,Trabajo 1º trimestre,4.70,0.10,2023-11-04
3933,1300,exam,Examen 1º trimestre,6.10,0.60,2024-03-01
3934,1300,coursework,Trabajo 2º trimestre,4.70,0.30,2023-12-05
3935,1300,participation,Trabajo 3º trimestre,9.00,0.10,2024-02-07
3936,1301,exam,Examen 1º trimestre,7.60,0.35,2022-11-19
3937,1301,exam,Examen 2º trimestre,6.60,0.35,2022-10-19
3938,1301,coursework,Trabajo 3º trimestre,5.60,0.30,2022-09-11
3939,1302,exam,Examen 1º trimestre,4.80,0.40,2025-06-06
3940,1302,practical,Trabajo 2º trimestre,4.90,0.25,2024-12-29
3941,1302,coursework,Trabajo 3º trimestre,8.10,0.25,2024-11-27
3942,1302,participation,Trabajo 1º trimestre,5.20,0.10,2025-01-06
3943,1303,exam,Examen 1º trimestre,5.10,0.35,2023-06-07
3944,1303,exam,Examen 2º trimestre,4.20,0.35,2023-05-10
3945,1303,coursework,Trabajo 3º trimestre,4.20,0.30,2022-12-08
3946,1304,exam,Examen 1º trimestre,8.10,0.35,2023-11-27
3947,1304,exam,Examen 2º trimestre,6.80,0.35,2024-05-05
3948,1304,coursework,Trabajo 3º trimestre,7.40,0.30,2024-05-25
3949,1305,exam,Examen 1º trimestre,6.40,0.60,2023-03-18
3950,1305,coursework,Trabajo 2º trimestre,6.00,0.30,2023-01-19
3951,1305,participation,Trabajo 3º trimestre,4.80,0.10,2023-02-03
3952,1306,exam,Examen 1º trimestre,6.20,0.40,2025-05-29
3953,1306,practical,Trabajo 2º trimestre,5.90,0.25,2024-11-08
3954,1306,coursework,Trabajo 3º trimestre,4.70,0.25,2024-11-14
3955,1306,participation,Trabajo 1º trimestre,8.80,0.10,2025-01-27
3956,1307,exam,Examen 1º trimestre,9.00,0.60,2023-02-17
3957,1307,coursework,Trabajo 2º trimestre,6.60,0.30,2023-05-28
3958,1307,participation,Trabajo 3º trimestre,10.00,0.10,2023-04-24
3959,1308,exam,Examen 1º trimestre,9.00,0.70,2023-09-09
3960,1308,coursework,Trabajo 2º trimestre,8.40,0.30,2024-03-27
3961,1309,exam,Examen 1º trimestre,4.90,0.60,2022-12-07
3962,1309,coursework,Trabajo 2º trimestre,6.30,0.30,2022-12-30
3963,1309,participation,Trabajo 3º trimestre,10.00,0.10,2023-01-04
3964,1310,exam,Examen 1º trimestre,10.00,0.35,2023-09-24
3965,1310,exam,Examen 2º trimestre,9.60,0.35,2023-11-28
3966,1310,coursework,Trabajo 3º trimestre,8.90,0.30,2024-05-25
3967,1311,exam,Examen 1º trimestre,10.00,0.60,2022-12-17
3968,1311,coursework,Trabajo 2º trimestre,8.80,0.30,2023-03-04
3969,1311,participation,Trabajo 3º trimestre,7.30,0.10,2023-04-27
3970,1312,exam,Examen 1º trimestre,4.90,0.70,2025-01-20
3971,1312,coursework,Trabajo 2º trimestre,8.80,0.30,2024-12-25
3972,1313,exam,Examen 1º trimestre,5.00,0.70,2023-04-04
3973,1313,coursework,Trabajo 2º trimestre,5.70,0.30,2023-01-15
3974,1314,exam,Examen 1º trimestre,5.60,0.40,2024-03-25
3975,1314,practical,Trabajo 2º trimestre,6.30,0.25,2023-09-15
3976,1314,coursework,Trabajo 3º trimestre,2.60,0.25,2024-05-03
3977,1314,participation,Trabajo 1º trimestre,4.80,0.10,2024-01-24
3978,1315,exam,Examen 1º trimestre,7.70,0.40,2023-09-12
3979,1315,practical,Trabajo 2º trimestre,4.40,0.25,2023-09-21
3980,1315,coursework,Trabajo 3º trimestre,3.20,0.25,2023-11-25
3981,1315,participation,Trabajo 1º trimestre,4.70,0.10,2024-01-27
3982,1316,exam,Examen 1º trimestre,8.70,0.70,2023-05-04
3983,1316,coursework,Trabajo 2º trimestre,8.90,0.30,2022-12-29
3984,1317,exam,Examen 1º trimestre,10.00,0.70,2024-11-25
3985,1317,coursework,Trabajo 2º trimestre,8.70,0.30,2025-05-22
3986,1318,exam,Examen 1º trimestre,9.30,0.70,2024-01-10
3987,1318,coursework,Trabajo 2º trimestre,8.30,0.30,2023-11-20
3988,1319,exam,Examen 1º trimestre,6.80,0.60,2023-11-01
3989,1319,coursework,Trabajo 2º trimestre,7.50,0.30,2024-01-31
3990,1319,participation,Trabajo 3º trimestre,7.20,0.10,2024-05-09
3991,1320,exam,Examen 1º trimestre,8.70,0.35,2023-11-17
3992,1320,exam,Examen 2º trimestre,7.70,0.35,2024-04-01
3993,1320,coursework,Trabajo 3º trimestre,9.10,0.30,2024-02-03
3994,1321,exam,Examen 1º trimestre,10.00,0.60,2023-01-03
3995,1321,coursework,Trabajo 2º trimestre,10.00,0.30,2022-12-25
3996,1321,participation,Trabajo 3º trimestre,7.90,0.10,2023-05-03
3997,1322,exam,Examen 1º trimestre,8.30,0.70,2024-09-13
3998,1322,coursework,Trabajo 2º trimestre,7.40,0.30,2024-10-01
3999,1323,exam,Examen 1º trimestre,5.40,0.70,2024-11-11
4000,1323,coursework,Trabajo 2º trimestre,8.30,0.30,2025-04-02
4001,1324,exam,Examen 1º trimestre,6.10,0.40,2023-12-11
4002,1324,practical,Trabajo 2º trimestre,6.10,0.25,2023-12-14
4003,1324,coursework,Trabajo 3º trimestre,4.00,0.25,2024-06-01
4004,1324,participation,Trabajo 1º trimestre,6.90,0.10,2024-03-26
4005,1325,exam,Examen 1º trimestre,8.10,0.35,2024-12-17
4006,1325,exam,Examen 2º trimestre,6.10,0.35,2024-09-29
4007,1325,coursework,Trabajo 3º trimestre,6.80,0.30,2025-06-18
4008,1326,exam,Examen 1º trimestre,7.70,0.40,2025-03-17
4009,1326,practical,Trabajo 2º trimestre,5.50,0.25,2024-10-24
4010,1326,coursework,Trabajo 3º trimestre,7.10,0.25,2024-12-19
4011,1326,participation,Trabajo 1º trimestre,7.70,0.10,2024-09-12
4012,1327,exam,Examen 1º trimestre,10.00,0.60,2023-10-05
4013,1327,coursework,Trabajo 2º trimestre,9.80,0.30,2023-12-01
4014,1327,participation,Trabajo 3º trimestre,7.70,0.10,2023-11-28
4015,1328,exam,Examen 1º trimestre,10.00,0.70,2025-01-20
4016,1328,coursework,Trabajo 2º trimestre,10.00,0.30,2025-05-26
4017,1329,exam,Examen 1º trimestre,9.20,0.70,2024-06-04
4018,1329,coursework,Trabajo 2º trimestre,9.10,0.30,2024-03-17
4019,1330,exam,Examen 1º trimestre,6.90,0.60,2025-05-17
4020,1330,coursework,Trabajo 2º trimestre,5.50,0.30,2024-11-27
4021,1330,participation,Trabajo 3º trimestre,9.10,0.10,2025-03-04
4022,1331,exam,Examen 1º trimestre,7.30,0.40,2025-06-05
4023,1331,practical,Trabajo 2º trimestre,7.50,0.25,2025-04-30
4024,1331,coursework,Trabajo 3º trimestre,8.00,0.25,2024-12-22
4025,1331,participation,Trabajo 1º trimestre,4.70,0.10,2024-11-13
4026,1332,exam,Examen 1º trimestre,4.30,0.40,2023-12-12
4027,1332,practical,Trabajo 2º trimestre,5.80,0.25,2023-11-18
4028,1332,coursework,Trabajo 3º trimestre,5.70,0.25,2023-11-18
4029,1332,participation,Trabajo 1º trimestre,8.60,0.10,2024-02-10
4030,1333,exam,Examen 1º trimestre,10.00,0.35,2024-02-23
4031,1333,exam,Examen 2º trimestre,7.20,0.35,2024-04-19
4032,1333,coursework,Trabajo 3º trimestre,9.10,0.30,2024-04-07
4033,1334,exam,Examen 1º trimestre,9.30,0.70,2023-02-01
4034,1334,coursework,Trabajo 2º trimestre,8.20,0.30,2023-01-23
4035,1335,exam,Examen 1º trimestre,7.60,0.60,2023-09-11
4036,1335,coursework,Trabajo 2º trimestre,7.20,0.30,2024-06-03
4037,1335,participation,Trabajo 3º trimestre,8.80,0.10,2024-01-25
4038,1336,exam,Examen 1º trimestre,9.00,0.40,2023-04-10
4039,1336,practical,Trabajo 2º trimestre,7.60,0.25,2022-11-17
4040,1336,coursework,Trabajo 3º trimestre,5.90,0.25,2023-05-28
4041,1336,participation,Trabajo 1º trimestre,4.30,0.10,2022-10-16
4042,1337,exam,Examen 1º trimestre,8.90,0.40,2022-12-28
4043,1337,practical,Trabajo 2º trimestre,6.80,0.25,2023-05-24
4044,1337,coursework,Trabajo 3º trimestre,4.50,0.25,2022-11-18
4045,1337,participation,Trabajo 1º trimestre,5.20,0.10,2023-01-16
4046,1338,exam,Examen 1º trimestre,10.00,0.40,2023-05-31
4047,1338,practical,Trabajo 2º trimestre,4.00,0.25,2023-03-17
4048,1338,coursework,Trabajo 3º trimestre,10.00,0.25,2022-10-11
4049,1338,participation,Trabajo 1º trimestre,5.90,0.10,2023-05-27
4050,1339,exam,Examen 1º trimestre,8.10,0.70,2023-05-12
4051,1339,coursework,Trabajo 2º trimestre,7.40,0.30,2023-03-03
4052,1340,exam,Examen 1º trimestre,5.80,0.40,2022-11-03
4053,1340,practical,Trabajo 2º trimestre,5.10,0.25,2023-01-19
4054,1340,coursework,Trabajo 3º trimestre,6.90,0.25,2022-11-27
4055,1340,participation,Trabajo 1º trimestre,5.30,0.10,2023-01-21
4056,1341,exam,Examen 1º trimestre,6.00,0.40,2025-04-28
4057,1341,practical,Trabajo 2º trimestre,5.50,0.25,2024-11-04
4058,1341,coursework,Trabajo 3º trimestre,6.80,0.25,2025-05-07
4059,1341,participation,Trabajo 1º trimestre,5.90,0.10,2025-04-04
4060,1342,exam,Examen 1º trimestre,3.00,0.70,2023-11-21
4061,1342,coursework,Trabajo 2º trimestre,7.60,0.30,2024-05-15
4062,1343,exam,Examen 1º trimestre,6.10,0.35,2022-10-26
4063,1343,exam,Examen 2º trimestre,5.20,0.35,2023-05-15
4064,1343,coursework,Trabajo 3º trimestre,6.20,0.30,2022-10-03
4065,1344,exam,Examen 1º trimestre,6.20,0.35,2023-06-01
4066,1344,exam,Examen 2º trimestre,6.50,0.35,2023-06-16
4067,1344,coursework,Trabajo 3º trimestre,4.70,0.30,2023-02-27
4068,1345,exam,Examen 1º trimestre,6.60,0.60,2025-03-04
4069,1345,coursework,Trabajo 2º trimestre,9.90,0.30,2024-09-30
4070,1345,participation,Trabajo 3º trimestre,4.40,0.10,2024-11-16
4071,1346,exam,Examen 1º trimestre,4.70,0.60,2023-06-18
4072,1346,coursework,Trabajo 2º trimestre,4.90,0.30,2023-02-28
4073,1346,participation,Trabajo 3º trimestre,5.10,0.10,2022-12-14
4074,1347,exam,Examen 1º trimestre,7.60,0.35,2024-10-11
4075,1347,exam,Examen 2º trimestre,6.50,0.35,2025-03-15
4076,1347,coursework,Trabajo 3º trimestre,2.60,0.30,2025-05-16
4077,1348,exam,Examen 1º trimestre,5.20,0.35,2023-06-10
4078,1348,exam,Examen 2º trimestre,9.50,0.35,2023-03-05
4079,1348,coursework,Trabajo 3º trimestre,7.20,0.30,2023-04-08
4080,1349,exam,Examen 1º trimestre,3.30,0.35,2023-03-02
4081,1349,exam,Examen 2º trimestre,4.60,0.35,2023-03-30
4082,1349,coursework,Trabajo 3º trimestre,8.00,0.30,2022-12-16
4083,1350,exam,Examen 1º trimestre,6.80,0.70,2023-03-07
4084,1350,coursework,Trabajo 2º trimestre,5.00,0.30,2022-09-13
4085,1351,exam,Examen 1º trimestre,5.30,0.35,2022-10-10
4086,1351,exam,Examen 2º trimestre,5.50,0.35,2022-10-03
4087,1351,coursework,Trabajo 3º trimestre,4.40,0.30,2023-05-26
4088,1352,exam,Examen 1º trimestre,7.10,0.35,2023-12-06
4089,1352,exam,Examen 2º trimestre,4.80,0.35,2023-12-05
4090,1352,coursework,Trabajo 3º trimestre,3.60,0.30,2023-09-16
4091,1353,exam,Examen 1º trimestre,6.90,0.70,2025-05-19
4092,1353,coursework,Trabajo 2º trimestre,5.30,0.30,2025-06-15
4093,1354,exam,Examen 1º trimestre,6.00,0.40,2025-01-13
4094,1354,practical,Trabajo 2º trimestre,4.60,0.25,2025-03-04
4095,1354,coursework,Trabajo 3º trimestre,3.40,0.25,2024-09-12
4096,1354,participation,Trabajo 1º trimestre,5.80,0.10,2025-02-18
4097,1355,exam,Examen 1º trimestre,5.70,0.35,2025-06-07
4098,1355,exam,Examen 2º trimestre,4.90,0.35,2025-03-22
4099,1355,coursework,Trabajo 3º trimestre,6.00,0.30,2024-11-24
4100,1356,exam,Examen 1º trimestre,4.80,0.60,2024-06-07
4101,1356,coursework,Trabajo 2º trimestre,5.50,0.30,2024-06-07
4102,1356,participation,Trabajo 3º trimestre,7.00,0.10,2023-11-07
4103,1357,exam,Examen 1º trimestre,6.20,0.40,2022-10-10
4104,1357,practical,Trabajo 2º trimestre,4.00,0.25,2022-09-12
4105,1357,coursework,Trabajo 3º trimestre,6.40,0.25,2022-10-11
4106,1357,participation,Trabajo 1º trimestre,4.50,0.10,2022-10-13
4107,1358,exam,Examen 1º trimestre,7.00,0.40,2022-12-23
4108,1358,practical,Trabajo 2º trimestre,4.60,0.25,2023-06-16
4109,1358,coursework,Trabajo 3º trimestre,7.80,0.25,2022-10-24
4110,1358,participation,Trabajo 1º trimestre,9.80,0.10,2023-04-06
4111,1359,exam,Examen 1º trimestre,6.20,0.60,2024-04-03
4112,1359,coursework,Trabajo 2º trimestre,8.70,0.30,2023-11-06
4113,1359,participation,Trabajo 3º trimestre,9.40,0.10,2024-03-20
4114,1360,exam,Examen 1º trimestre,7.00,0.60,2022-09-22
4115,1360,coursework,Trabajo 2º trimestre,5.10,0.30,2023-01-01
4116,1360,participation,Trabajo 3º trimestre,5.30,0.10,2023-02-03
4117,1361,exam,Examen 1º trimestre,5.50,0.60,2023-10-01
4118,1361,coursework,Trabajo 2º trimestre,7.30,0.30,2024-03-11
4119,1361,participation,Trabajo 3º trimestre,3.80,0.10,2023-11-15
4120,1362,exam,Examen 1º trimestre,9.90,0.70,2023-01-30
4121,1362,coursework,Trabajo 2º trimestre,5.00,0.30,2022-12-30
4122,1363,exam,Examen 1º trimestre,5.30,0.60,2025-04-27
4123,1363,coursework,Trabajo 2º trimestre,5.10,0.30,2025-02-18
4124,1363,participation,Trabajo 3º trimestre,5.30,0.10,2024-11-15
4125,1364,exam,Examen 1º trimestre,5.00,0.70,2023-09-17
4126,1364,coursework,Trabajo 2º trimestre,6.80,0.30,2023-11-29
4127,1365,exam,Examen 1º trimestre,3.10,0.35,2024-04-18
4128,1365,exam,Examen 2º trimestre,5.60,0.35,2024-01-20
4129,1365,coursework,Trabajo 3º trimestre,2.10,0.30,2024-03-02
4130,1366,exam,Examen 1º trimestre,6.20,0.35,2023-04-27
4131,1366,exam,Examen 2º trimestre,5.50,0.35,2023-06-07
4132,1366,coursework,Trabajo 3º trimestre,2.50,0.30,2022-10-23
4133,1367,exam,Examen 1º trimestre,2.20,0.40,2023-09-11
4134,1367,practical,Trabajo 2º trimestre,3.50,0.25,2024-05-24
4135,1367,coursework,Trabajo 3º trimestre,3.40,0.25,2023-12-08
4136,1367,participation,Trabajo 1º trimestre,5.20,0.10,2023-12-03
4137,1368,exam,Examen 1º trimestre,2.70,0.70,2025-05-16
4138,1368,coursework,Trabajo 2º trimestre,5.80,0.30,2025-03-13
4139,1369,exam,Examen 1º trimestre,5.50,0.70,2025-04-16
4140,1369,coursework,Trabajo 2º trimestre,4.80,0.30,2025-01-08
4141,1370,exam,Examen 1º trimestre,8.30,0.35,2024-03-24
4142,1370,exam,Examen 2º trimestre,4.20,0.35,2024-03-20
4143,1370,coursework,Trabajo 3º trimestre,5.90,0.30,2023-10-18
4144,1371,exam,Examen 1º trimestre,7.80,0.40,2024-11-27
4145,1371,practical,Trabajo 2º trimestre,7.40,0.25,2024-12-04
4146,1371,coursework,Trabajo 3º trimestre,5.30,0.25,2025-02-10
4147,1371,participation,Trabajo 1º trimestre,7.30,0.10,2025-02-22
4148,1372,exam,Examen 1º trimestre,2.10,0.60,2023-09-22
4149,1372,coursework,Trabajo 2º trimestre,5.40,0.30,2023-09-28
4150,1372,participation,Trabajo 3º trimestre,6.00,0.10,2024-04-01
4151,1373,exam,Examen 1º trimestre,7.20,0.35,2025-02-27
4152,1373,exam,Examen 2º trimestre,6.00,0.35,2024-11-17
4153,1373,coursework,Trabajo 3º trimestre,5.40,0.30,2024-09-30
4154,1374,exam,Examen 1º trimestre,5.20,0.60,2024-10-01
4155,1374,coursework,Trabajo 2º trimestre,6.10,0.30,2024-12-15
4156,1374,participation,Trabajo 3º trimestre,8.20,0.10,2024-09-15
4157,1375,exam,Examen 1º trimestre,6.90,0.35,2025-03-15
4158,1375,exam,Examen 2º trimestre,7.90,0.35,2024-09-21
4159,1375,coursework,Trabajo 3º trimestre,7.70,0.30,2025-02-22
4160,1376,exam,Examen 1º trimestre,7.60,0.35,2025-01-05
4161,1376,exam,Examen 2º trimestre,5.00,0.35,2025-06-13
4162,1376,coursework,Trabajo 3º trimestre,4.10,0.30,2024-11-25
4163,1377,exam,Examen 1º trimestre,7.50,0.35,2024-10-11
4164,1377,exam,Examen 2º trimestre,8.10,0.35,2024-12-22
4165,1377,coursework,Trabajo 3º trimestre,6.90,0.30,2024-12-25
4166,1378,exam,Examen 1º trimestre,5.70,0.40,2025-03-02
4167,1378,practical,Trabajo 2º trimestre,4.70,0.25,2024-11-13
4168,1378,coursework,Trabajo 3º trimestre,8.60,0.25,2024-09-11
4169,1378,participation,Trabajo 1º trimestre,4.80,0.10,2025-01-27
4170,1379,exam,Examen 1º trimestre,6.00,0.70,2024-09-13
4171,1379,coursework,Trabajo 2º trimestre,9.30,0.30,2025-03-07
4172,1380,exam,Examen 1º trimestre,9.30,0.70,2023-10-22
4173,1380,coursework,Trabajo 2º trimestre,7.00,0.30,2024-04-18
4174,1381,exam,Examen 1º trimestre,8.60,0.35,2024-12-17
4175,1381,exam,Examen 2º trimestre,6.70,0.35,2025-04-06
4176,1381,coursework,Trabajo 3º trimestre,5.30,0.30,2025-04-24
4177,1382,exam,Examen 1º trimestre,6.20,0.40,2024-10-24
4178,1382,practical,Trabajo 2º trimestre,8.00,0.25,2025-05-02
4179,1382,coursework,Trabajo 3º trimestre,8.70,0.25,2025-05-21
4180,1382,participation,Trabajo 1º trimestre,8.50,0.10,2025-04-17
4181,1383,exam,Examen 1º trimestre,4.90,0.40,2023-06-05
4182,1383,practical,Trabajo 2º trimestre,7.00,0.25,2023-03-03
4183,1383,coursework,Trabajo 3º trimestre,9.10,0.25,2022-09-24
4184,1383,participation,Trabajo 1º trimestre,4.00,0.10,2022-11-18
4185,1384,exam,Examen 1º trimestre,6.80,0.40,2022-09-23
4186,1384,practical,Trabajo 2º trimestre,4.10,0.25,2022-12-09
4187,1384,coursework,Trabajo 3º trimestre,6.50,0.25,2023-05-01
4188,1384,participation,Trabajo 1º trimestre,5.30,0.10,2023-04-13
4189,1385,exam,Examen 1º trimestre,5.50,0.35,2023-11-29
4190,1385,exam,Examen 2º trimestre,8.80,0.35,2024-03-31
4191,1385,coursework,Trabajo 3º trimestre,5.70,0.30,2023-09-21
4192,1386,exam,Examen 1º trimestre,4.80,0.70,2024-12-02
4193,1386,coursework,Trabajo 2º trimestre,5.80,0.30,2024-12-14
4194,1387,exam,Examen 1º trimestre,5.10,0.40,2024-06-10
4195,1387,practical,Trabajo 2º trimestre,5.70,0.25,2023-10-10
4196,1387,coursework,Trabajo 3º trimestre,8.90,0.25,2024-04-14
4197,1387,participation,Trabajo 1º trimestre,7.80,0.10,2023-12-22
4198,1388,exam,Examen 1º trimestre,1.50,0.70,2022-12-12
4199,1388,coursework,Trabajo 2º trimestre,5.30,0.30,2023-05-08
4200,1389,exam,Examen 1º trimestre,2.70,0.70,2022-09-16
4201,1389,coursework,Trabajo 2º trimestre,1.30,0.30,2022-12-01
4202,1390,exam,Examen 1º trimestre,4.50,0.70,2023-04-25
4203,1390,coursework,Trabajo 2º trimestre,3.20,0.30,2023-02-21
4204,1391,exam,Examen 1º trimestre,1.80,0.40,2024-05-08
4205,1391,practical,Trabajo 2º trimestre,2.70,0.25,2024-02-20
4206,1391,coursework,Trabajo 3º trimestre,5.40,0.25,2023-10-05
4207,1391,participation,Trabajo 1º trimestre,2.90,0.10,2024-06-18
4208,1392,exam,Examen 1º trimestre,1.50,0.35,2023-09-18
4209,1392,exam,Examen 2º trimestre,5.20,0.35,2024-06-05
4210,1392,coursework,Trabajo 3º trimestre,3.70,0.30,2024-03-17
4211,1393,exam,Examen 1º trimestre,4.00,0.40,2024-03-21
4212,1393,practical,Trabajo 2º trimestre,2.50,0.25,2023-12-07
4213,1393,coursework,Trabajo 3º trimestre,5.50,0.25,2024-05-02
4214,1393,participation,Trabajo 1º trimestre,2.20,0.10,2023-11-21
4215,1394,exam,Examen 1º trimestre,5.10,0.35,2023-03-21
4216,1394,exam,Examen 2º trimestre,5.20,0.35,2023-01-07
4217,1394,coursework,Trabajo 3º trimestre,6.00,0.30,2023-04-07
4218,1395,exam,Examen 1º trimestre,3.90,0.60,2023-10-15
4219,1395,coursework,Trabajo 2º trimestre,7.40,0.30,2024-01-25
4220,1395,participation,Trabajo 3º trimestre,6.00,0.10,2024-03-10
4221,1396,exam,Examen 1º trimestre,5.60,0.35,2024-04-11
4222,1396,exam,Examen 2º trimestre,1.50,0.35,2023-12-22
4223,1396,coursework,Trabajo 3º trimestre,2.60,0.30,2024-01-16
4224,1397,exam,Examen 1º trimestre,0.60,0.35,2025-04-19
4225,1397,exam,Examen 2º trimestre,4.60,0.35,2024-12-16
4226,1397,coursework,Trabajo 3º trimestre,5.30,0.30,2024-12-24
4227,1398,exam,Examen 1º trimestre,5.10,0.70,2023-11-16
4228,1398,coursework,Trabajo 2º trimestre,4.40,0.30,2024-01-15
4229,1399,exam,Examen 1º trimestre,6.00,0.35,2024-03-19
4230,1399,exam,Examen 2º trimestre,4.80,0.35,2023-12-03
4231,1399,coursework,Trabajo 3º trimestre,6.90,0.30,2024-06-05
4232,1400,exam,Examen 1º trimestre,4.00,0.40,2023-05-09
4233,1400,practical,Trabajo 2º trimestre,3.20,0.25,2023-02-08
4234,1400,coursework,Trabajo 3º trimestre,3.30,0.25,2022-10-13
4235,1400,participation,Trabajo 1º trimestre,3.80,0.10,2023-04-10
4236,1401,exam,Examen 1º trimestre,1.80,0.70,2023-03-07
4237,1401,coursework,Trabajo 2º trimestre,1.00,0.30,2022-12-27
4238,1402,exam,Examen 1º trimestre,1.70,0.70,2023-02-02
4239,1402,coursework,Trabajo 2º trimestre,4.00,0.30,2023-01-05
4240,1403,exam,Examen 1º trimestre,5.20,0.35,2023-01-15
4241,1403,exam,Examen 2º trimestre,5.40,0.35,2023-06-12
4242,1403,coursework,Trabajo 3º trimestre,9.10,0.30,2023-06-10
4243,1404,exam,Examen 1º trimestre,6.90,0.35,2024-03-25
4244,1404,exam,Examen 2º trimestre,2.40,0.35,2023-10-02
4245,1404,coursework,Trabajo 3º trimestre,8.20,0.30,2024-06-11
4246,1405,exam,Examen 1º trimestre,8.80,0.35,2023-12-21
4247,1405,exam,Examen 2º trimestre,5.80,0.35,2024-05-22
4248,1405,coursework,Trabajo 3º trimestre,6.50,0.30,2023-11-25
4249,1406,exam,Examen 1º trimestre,8.30,0.60,2024-06-15
4250,1406,coursework,Trabajo 2º trimestre,8.60,0.30,2024-06-12
4251,1406,participation,Trabajo 3º trimestre,8.90,0.10,2024-02-19
4252,1407,exam,Examen 1º trimestre,8.70,0.70,2024-01-10
4253,1407,coursework,Trabajo 2º trimestre,7.20,0.30,2024-04-27
4254,1408,exam,Examen 1º trimestre,4.90,0.40,2025-05-13
4255,1408,practical,Trabajo 2º trimestre,3.90,0.25,2025-05-11
4256,1408,coursework,Trabajo 3º trimestre,4.90,0.25,2024-12-27
4257,1408,participation,Trabajo 1º trimestre,6.60,0.10,2025-01-31
4258,1409,exam,Examen 1º trimestre,2.80,0.35,2025-05-26
4259,1409,exam,Examen 2º trimestre,3.50,0.35,2025-05-03
4260,1409,coursework,Trabajo 3º trimestre,4.00,0.30,2025-01-20
4261,1410,exam,Examen 1º trimestre,3.20,0.70,2023-06-10
4262,1410,coursework,Trabajo 2º trimestre,6.70,0.30,2022-11-21
4263,1411,exam,Examen 1º trimestre,6.60,0.60,2022-10-10
4264,1411,coursework,Trabajo 2º trimestre,7.20,0.30,2022-11-30
4265,1411,participation,Trabajo 3º trimestre,6.50,0.10,2023-04-11
4266,1412,exam,Examen 1º trimestre,7.00,0.35,2024-04-22
4267,1412,exam,Examen 2º trimestre,10.00,0.35,2024-01-11
4268,1412,coursework,Trabajo 3º trimestre,8.30,0.30,2023-11-14
4269,1413,exam,Examen 1º trimestre,10.00,0.35,2023-09-20
4270,1413,exam,Examen 2º trimestre,6.60,0.35,2023-12-03
4271,1413,coursework,Trabajo 3º trimestre,9.30,0.30,2024-02-13
4272,1414,exam,Examen 1º trimestre,7.80,0.35,2024-06-06
4273,1414,exam,Examen 2º trimestre,9.50,0.35,2023-11-24
4274,1414,coursework,Trabajo 3º trimestre,7.80,0.30,2023-12-05
4275,1415,exam,Examen 1º trimestre,8.40,0.70,2024-09-21
4276,1415,coursework,Trabajo 2º trimestre,8.10,0.30,2025-03-18
4277,1416,exam,Examen 1º trimestre,7.20,0.40,2023-06-05
4278,1416,practical,Trabajo 2º trimestre,5.40,0.25,2022-11-19
4279,1416,coursework,Trabajo 3º trimestre,8.20,0.25,2023-05-19
4280,1416,participation,Trabajo 1º trimestre,6.20,0.10,2022-09-19
4281,1417,exam,Examen 1º trimestre,9.60,0.35,2023-03-12
4282,1417,exam,Examen 2º trimestre,8.30,0.35,2022-10-29
4283,1417,coursework,Trabajo 3º trimestre,6.90,0.30,2022-10-31
4284,1418,exam,Examen 1º trimestre,7.70,0.70,2023-02-12
4285,1418,coursework,Trabajo 2º trimestre,6.70,0.30,2022-10-08
4286,1419,exam,Examen 1º trimestre,1.80,0.70,2024-03-10
4287,1419,coursework,Trabajo 2º trimestre,6.00,0.30,2024-01-25
4288,1420,exam,Examen 1º trimestre,2.50,0.70,2022-09-15
4289,1420,coursework,Trabajo 2º trimestre,4.80,0.30,2023-05-28
4290,1421,exam,Examen 1º trimestre,5.90,0.35,2023-04-26
4291,1421,exam,Examen 2º trimestre,7.00,0.35,2022-11-17
4292,1421,coursework,Trabajo 3º trimestre,6.10,0.30,2022-11-09
4293,1422,exam,Examen 1º trimestre,6.60,0.35,2023-01-18
4294,1422,exam,Examen 2º trimestre,6.40,0.35,2022-12-30
4295,1422,coursework,Trabajo 3º trimestre,6.70,0.30,2023-02-19
4296,1423,exam,Examen 1º trimestre,3.20,0.60,2025-05-13
4297,1423,coursework,Trabajo 2º trimestre,4.40,0.30,2025-06-06
4298,1423,participation,Trabajo 3º trimestre,5.70,0.10,2024-12-17
4299,1424,exam,Examen 1º trimestre,4.90,0.60,2024-11-18
4300,1424,coursework,Trabajo 2º trimestre,6.00,0.30,2024-10-29
4301,1424,participation,Trabajo 3º trimestre,6.50,0.10,2024-10-14
4302,1425,exam,Examen 1º trimestre,7.30,0.70,2023-01-24
4303,1425,coursework,Trabajo 2º trimestre,5.50,0.30,2023-04-18
4304,1426,exam,Examen 1º trimestre,5.10,0.40,2024-11-22
4305,1426,practical,Trabajo 2º trimestre,6.50,0.25,2025-06-09
4306,1426,coursework,Trabajo 3º trimestre,0.20,0.25,2025-02-25
4307,1426,participation,Trabajo 1º trimestre,6.30,0.10,2024-12-10
4308,1427,exam,Examen 1º trimestre,3.20,0.60,2024-09-14
4309,1427,coursework,Trabajo 2º trimestre,5.30,0.30,2025-04-14
4310,1427,participation,Trabajo 3º trimestre,4.50,0.10,2025-01-21
4311,1428,exam,Examen 1º trimestre,5.50,0.35,2024-01-04
4312,1428,exam,Examen 2º trimestre,6.60,0.35,2024-01-13
4313,1428,coursework,Trabajo 3º trimestre,4.50,0.30,2024-01-15
4314,1429,exam,Examen 1º trimestre,7.90,0.70,2024-11-01
4315,1429,coursework,Trabajo 2º trimestre,4.00,0.30,2024-11-22
4316,1430,exam,Examen 1º trimestre,6.00,0.70,2025-03-02
4317,1430,coursework,Trabajo 2º trimestre,5.10,0.30,2025-05-29
4318,1431,exam,Examen 1º trimestre,6.40,0.60,2024-05-02
4319,1431,coursework,Trabajo 2º trimestre,2.30,0.30,2023-12-07
4320,1431,participation,Trabajo 3º trimestre,6.00,0.10,2024-02-21
4321,1432,exam,Examen 1º trimestre,5.40,0.70,2023-02-22
4322,1432,coursework,Trabajo 2º trimestre,7.70,0.30,2023-02-03
4323,1433,exam,Examen 1º trimestre,7.80,0.70,2022-10-16
4324,1433,coursework,Trabajo 2º trimestre,5.00,0.30,2022-09-28
4325,1434,exam,Examen 1º trimestre,4.20,0.35,2023-11-13
4326,1434,exam,Examen 2º trimestre,7.70,0.35,2024-03-21
4327,1434,coursework,Trabajo 3º trimestre,8.50,0.30,2023-12-02
4328,1435,exam,Examen 1º trimestre,9.20,0.60,2024-01-10
4329,1435,coursework,Trabajo 2º trimestre,4.80,0.30,2024-05-30
4330,1435,participation,Trabajo 3º trimestre,6.00,0.10,2024-01-18
4331,1436,exam,Examen 1º trimestre,8.50,0.35,2024-10-12
4332,1436,exam,Examen 2º trimestre,6.80,0.35,2025-03-24
4333,1436,coursework,Trabajo 3º trimestre,6.00,0.30,2025-06-06
4334,1437,exam,Examen 1º trimestre,4.10,0.40,2025-01-09
4335,1437,practical,Trabajo 2º trimestre,7.90,0.25,2025-02-03
4336,1437,coursework,Trabajo 3º trimestre,7.50,0.25,2025-03-06
4337,1437,participation,Trabajo 1º trimestre,7.90,0.10,2025-06-14
4338,1438,exam,Examen 1º trimestre,5.90,0.70,2024-04-13
4339,1438,coursework,Trabajo 2º trimestre,7.40,0.30,2024-03-30
4340,1439,exam,Examen 1º trimestre,8.20,0.35,2025-06-04
4341,1439,exam,Examen 2º trimestre,7.20,0.35,2025-03-20
4342,1439,coursework,Trabajo 3º trimestre,4.60,0.30,2024-11-04
4343,1440,exam,Examen 1º trimestre,7.90,0.60,2023-11-19
4344,1440,coursework,Trabajo 2º trimestre,8.20,0.30,2023-10-20
4345,1440,participation,Trabajo 3º trimestre,6.20,0.10,2024-01-03
4346,1441,exam,Examen 1º trimestre,5.90,0.70,2024-12-13
4347,1441,coursework,Trabajo 2º trimestre,5.80,0.30,2025-05-01
4348,1442,exam,Examen 1º trimestre,2.90,0.35,2023-02-25
4349,1442,exam,Examen 2º trimestre,6.00,0.35,2023-04-02
4350,1442,coursework,Trabajo 3º trimestre,5.60,0.30,2022-10-16
4351,1443,exam,Examen 1º trimestre,5.30,0.70,2023-06-09
4352,1443,coursework,Trabajo 2º trimestre,4.60,0.30,2022-09-27
4353,1444,exam,Examen 1º trimestre,8.30,0.60,2023-04-16
4354,1444,coursework,Trabajo 2º trimestre,4.10,0.30,2023-05-13
4355,1444,participation,Trabajo 3º trimestre,7.30,0.10,2023-03-29
4356,1445,exam,Examen 1º trimestre,9.00,0.35,2025-03-30
4357,1445,exam,Examen 2º trimestre,5.00,0.35,2025-05-22
4358,1445,coursework,Trabajo 3º trimestre,7.90,0.30,2025-03-23
4359,1446,exam,Examen 1º trimestre,8.70,0.40,2022-11-26
4360,1446,practical,Trabajo 2º trimestre,5.30,0.25,2023-03-31
4361,1446,coursework,Trabajo 3º trimestre,7.20,0.25,2022-11-21
4362,1446,participation,Trabajo 1º trimestre,4.90,0.10,2023-01-04
4363,1447,exam,Examen 1º trimestre,7.50,0.70,2024-05-26
4364,1447,coursework,Trabajo 2º trimestre,4.70,0.30,2024-03-08
4365,1448,exam,Examen 1º trimestre,9.80,0.60,2025-04-09
4366,1448,coursework,Trabajo 2º trimestre,10.00,0.30,2024-10-19
4367,1448,participation,Trabajo 3º trimestre,7.50,0.10,2024-12-15
4368,1449,exam,Examen 1º trimestre,9.70,0.35,2023-05-21
4369,1449,exam,Examen 2º trimestre,7.30,0.35,2023-01-17
4370,1449,coursework,Trabajo 3º trimestre,6.60,0.30,2022-11-17
4371,1450,exam,Examen 1º trimestre,5.70,0.60,2024-03-27
4372,1450,coursework,Trabajo 2º trimestre,6.70,0.30,2024-04-03
4373,1450,participation,Trabajo 3º trimestre,7.40,0.10,2024-05-21
4374,1451,exam,Examen 1º trimestre,6.30,0.70,2024-12-18
4375,1451,coursework,Trabajo 2º trimestre,5.90,0.30,2024-10-09
4376,1452,exam,Examen 1º trimestre,3.80,0.35,2022-11-27
4377,1452,exam,Examen 2º trimestre,5.40,0.35,2022-12-10
4378,1452,coursework,Trabajo 3º trimestre,5.30,0.30,2023-02-04
4379,1453,exam,Examen 1º trimestre,3.40,0.40,2022-12-21
4380,1453,practical,Trabajo 2º trimestre,8.20,0.25,2023-01-28
4381,1453,coursework,Trabajo 3º trimestre,4.20,0.25,2022-11-12
4382,1453,participation,Trabajo 1º trimestre,6.00,0.10,2022-11-08
4383,1454,exam,Examen 1º trimestre,5.90,0.70,2024-10-17
4384,1454,coursework,Trabajo 2º trimestre,6.90,0.30,2025-02-26
4385,1455,exam,Examen 1º trimestre,7.70,0.60,2023-05-07
4386,1455,coursework,Trabajo 2º trimestre,10.00,0.30,2023-06-16
4387,1455,participation,Trabajo 3º trimestre,10.00,0.10,2023-06-06
4388,1456,exam,Examen 1º trimestre,10.00,0.60,2023-04-08
4389,1456,coursework,Trabajo 2º trimestre,6.90,0.30,2023-03-28
4390,1456,participation,Trabajo 3º trimestre,7.30,0.10,2022-12-25
4391,1457,exam,Examen 1º trimestre,4.90,0.70,2025-05-02
4392,1457,coursework,Trabajo 2º trimestre,6.70,0.30,2025-01-30
4393,1458,exam,Examen 1º trimestre,6.60,0.60,2022-09-12
4394,1458,coursework,Trabajo 2º trimestre,8.30,0.30,2022-10-19
4395,1458,participation,Trabajo 3º trimestre,9.80,0.10,2023-01-07
4396,1459,exam,Examen 1º trimestre,10.00,0.35,2025-04-08
4397,1459,exam,Examen 2º trimestre,8.30,0.35,2025-03-18
4398,1459,coursework,Trabajo 3º trimestre,10.00,0.30,2024-09-19
4399,1460,exam,Examen 1º trimestre,9.70,0.35,2025-01-12
4400,1460,exam,Examen 2º trimestre,7.00,0.35,2024-10-07
4401,1460,coursework,Trabajo 3º trimestre,6.90,0.30,2025-06-08
4402,1461,exam,Examen 1º trimestre,3.70,0.40,2023-06-17
4403,1461,practical,Trabajo 2º trimestre,5.10,0.25,2023-05-13
4404,1461,coursework,Trabajo 3º trimestre,5.70,0.25,2023-04-10
4405,1461,participation,Trabajo 1º trimestre,5.60,0.10,2022-12-23
4406,1462,exam,Examen 1º trimestre,6.40,0.70,2024-12-10
4407,1462,coursework,Trabajo 2º trimestre,7.40,0.30,2024-09-23
4408,1463,exam,Examen 1º trimestre,6.00,0.70,2023-04-24
4409,1463,coursework,Trabajo 2º trimestre,6.00,0.30,2023-02-27
4410,1464,exam,Examen 1º trimestre,5.50,0.60,2023-11-23
4411,1464,coursework,Trabajo 2º trimestre,4.10,0.30,2024-05-25
4412,1464,participation,Trabajo 3º trimestre,5.70,0.10,2024-04-15
4413,1465,exam,Examen 1º trimestre,6.90,0.35,2025-01-27
4414,1465,exam,Examen 2º trimestre,2.40,0.35,2024-09-26
4415,1465,coursework,Trabajo 3º trimestre,1.50,0.30,2024-11-09
4416,1466,exam,Examen 1º trimestre,4.20,0.70,2025-04-15
4417,1466,coursework,Trabajo 2º trimestre,3.30,0.30,2025-05-02
4418,1467,exam,Examen 1º trimestre,2.40,0.70,2023-01-16
4419,1467,coursework,Trabajo 2º trimestre,2.00,0.30,2022-12-24
4420,1468,exam,Examen 1º trimestre,8.60,0.70,2024-03-07
4421,1468,coursework,Trabajo 2º trimestre,4.70,0.30,2023-11-24
4422,1469,exam,Examen 1º trimestre,6.40,0.35,2024-02-13
4423,1469,exam,Examen 2º trimestre,9.20,0.35,2024-04-07
4424,1469,coursework,Trabajo 3º trimestre,5.00,0.30,2023-11-01
4425,1470,exam,Examen 1º trimestre,6.80,0.40,2025-01-24
4426,1470,practical,Trabajo 2º trimestre,6.60,0.25,2024-12-20
4427,1470,coursework,Trabajo 3º trimestre,6.50,0.25,2025-01-15
4428,1470,participation,Trabajo 1º trimestre,8.70,0.10,2025-03-07
4429,1471,exam,Examen 1º trimestre,2.20,0.40,2023-01-27
4430,1471,practical,Trabajo 2º trimestre,0.80,0.25,2022-09-30
4431,1471,coursework,Trabajo 3º trimestre,3.70,0.25,2022-12-16
4432,1471,participation,Trabajo 1º trimestre,5.90,0.10,2022-09-13
4433,1472,exam,Examen 1º trimestre,4.90,0.40,2022-09-16
4434,1472,practical,Trabajo 2º trimestre,6.40,0.25,2023-05-19
4435,1472,coursework,Trabajo 3º trimestre,5.30,0.25,2022-09-13
4436,1472,participation,Trabajo 1º trimestre,7.20,0.10,2022-12-05
4437,1473,exam,Examen 1º trimestre,4.40,0.70,2024-09-10
4438,1473,coursework,Trabajo 2º trimestre,8.80,0.30,2025-03-10
4439,1474,exam,Examen 1º trimestre,6.00,0.60,2024-01-28
4440,1474,coursework,Trabajo 2º trimestre,9.60,0.30,2024-05-05
4441,1474,participation,Trabajo 3º trimestre,7.60,0.10,2023-11-19
4442,1475,exam,Examen 1º trimestre,8.70,0.70,2025-05-20
4443,1475,coursework,Trabajo 2º trimestre,4.00,0.30,2024-10-15
4444,1476,exam,Examen 1º trimestre,4.50,0.60,2023-09-29
4445,1476,coursework,Trabajo 2º trimestre,8.60,0.30,2023-10-14
4446,1476,participation,Trabajo 3º trimestre,7.60,0.10,2023-10-27
4447,1477,exam,Examen 1º trimestre,8.50,0.60,2024-06-10
4448,1477,coursework,Trabajo 2º trimestre,6.10,0.30,2024-04-16
4449,1477,participation,Trabajo 3º trimestre,7.70,0.10,2024-01-10
4450,1478,exam,Examen 1º trimestre,8.20,0.70,2022-10-06
4451,1478,coursework,Trabajo 2º trimestre,7.40,0.30,2023-01-10
4452,1479,exam,Examen 1º trimestre,5.70,0.60,2024-10-19
4453,1479,coursework,Trabajo 2º trimestre,7.00,0.30,2025-02-14
4454,1479,participation,Trabajo 3º trimestre,6.10,0.10,2024-09-19
4455,1480,exam,Examen 1º trimestre,5.60,0.35,2025-03-07
4456,1480,exam,Examen 2º trimestre,5.80,0.35,2025-01-10
4457,1480,coursework,Trabajo 3º trimestre,4.20,0.30,2025-03-26
4458,1481,exam,Examen 1º trimestre,5.70,0.60,2023-11-22
4459,1481,coursework,Trabajo 2º trimestre,4.30,0.30,2024-05-29
4460,1481,participation,Trabajo 3º trimestre,6.00,0.10,2023-10-09
4461,1482,exam,Examen 1º trimestre,4.20,0.35,2023-12-19
4462,1482,exam,Examen 2º trimestre,3.20,0.35,2024-02-09
4463,1482,coursework,Trabajo 3º trimestre,4.40,0.30,2023-11-16
4464,1483,exam,Examen 1º trimestre,7.30,0.40,2025-03-24
4465,1483,practical,Trabajo 2º trimestre,9.50,0.25,2025-03-17
4466,1483,coursework,Trabajo 3º trimestre,5.30,0.25,2024-10-03
4467,1483,participation,Trabajo 1º trimestre,9.10,0.10,2025-04-19
4468,1484,exam,Examen 1º trimestre,7.60,0.40,2024-10-21
4469,1484,practical,Trabajo 2º trimestre,6.80,0.25,2025-06-04
4470,1484,coursework,Trabajo 3º trimestre,10.00,0.25,2025-03-30
4471,1484,participation,Trabajo 1º trimestre,7.90,0.10,2024-11-09
4472,1485,exam,Examen 1º trimestre,9.80,0.40,2024-04-22
4473,1485,practical,Trabajo 2º trimestre,9.80,0.25,2024-01-02
4474,1485,coursework,Trabajo 3º trimestre,8.80,0.25,2024-06-16
4475,1485,participation,Trabajo 1º trimestre,6.60,0.10,2023-10-28
4476,1486,exam,Examen 1º trimestre,4.80,0.35,2024-11-13
4477,1486,exam,Examen 2º trimestre,8.50,0.35,2025-04-28
4478,1486,coursework,Trabajo 3º trimestre,6.50,0.30,2025-04-09
4479,1487,exam,Examen 1º trimestre,9.80,0.40,2023-12-09
4480,1487,practical,Trabajo 2º trimestre,8.30,0.25,2024-01-19
4481,1487,coursework,Trabajo 3º trimestre,8.80,0.25,2023-11-17
4482,1487,participation,Trabajo 1º trimestre,7.00,0.10,2023-12-05
4483,1488,exam,Examen 1º trimestre,3.90,0.70,2025-03-28
4484,1488,coursework,Trabajo 2º trimestre,5.90,0.30,2024-09-11
4485,1489,exam,Examen 1º trimestre,6.50,0.35,2023-03-31
4486,1489,exam,Examen 2º trimestre,7.60,0.35,2023-01-04
4487,1489,coursework,Trabajo 3º trimestre,6.10,0.30,2022-09-12
4488,1490,exam,Examen 1º trimestre,4.80,0.70,2025-04-06
4489,1490,coursework,Trabajo 2º trimestre,2.40,0.30,2024-12-01
4490,1491,exam,Examen 1º trimestre,2.40,0.35,2024-01-15
4491,1491,exam,Examen 2º trimestre,6.60,0.35,2024-06-04
4492,1491,coursework,Trabajo 3º trimestre,3.80,0.30,2024-02-14
4493,1492,exam,Examen 1º trimestre,4.10,0.70,2024-01-19
4494,1492,coursework,Trabajo 2º trimestre,6.50,0.30,2024-06-03
4495,1493,exam,Examen 1º trimestre,6.30,0.70,2024-11-30
4496,1493,coursework,Trabajo 2º trimestre,8.10,0.30,2025-01-06
4497,1494,exam,Examen 1º trimestre,6.40,0.60,2025-03-12
4498,1494,coursework,Trabajo 2º trimestre,8.70,0.30,2024-12-09
4499,1494,participation,Trabajo 3º trimestre,5.20,0.10,2024-10-25
4500,1495,exam,Examen 1º trimestre,1.90,0.35,2023-11-08
4501,1495,exam,Examen 2º trimestre,8.70,0.35,2023-09-14
4502,1495,coursework,Trabajo 3º trimestre,7.70,0.30,2023-11-13
4503,1496,exam,Examen 1º trimestre,5.00,0.60,2023-05-23
4504,1496,coursework,Trabajo 2º trimestre,7.60,0.30,2023-03-08
4505,1496,participation,Trabajo 3º trimestre,8.10,0.10,2022-10-11
4506,1497,exam,Examen 1º trimestre,8.40,0.70,2024-10-05
4507,1497,coursework,Trabajo 2º trimestre,8.60,0.30,2024-09-24
4508,1498,exam,Examen 1º trimestre,3.50,0.40,2024-09-22
4509,1498,practical,Trabajo 2º trimestre,5.50,0.25,2024-10-24
4510,1498,coursework,Trabajo 3º trimestre,3.10,0.25,2024-09-09
4511,1498,participation,Trabajo 1º trimestre,7.60,0.10,2025-03-09
4512,1499,exam,Examen 1º trimestre,5.60,0.40,2023-12-24
4513,1499,practical,Trabajo 2º trimestre,5.40,0.25,2024-03-08
4514,1499,coursework,Trabajo 3º trimestre,7.70,0.25,2024-03-24
4515,1499,participation,Trabajo 1º trimestre,6.90,0.10,2024-06-02
4516,1500,exam,Examen 1º trimestre,6.00,0.60,2023-12-25
4517,1500,coursework,Trabajo 2º trimestre,4.50,0.30,2024-04-11
4518,1500,participation,Trabajo 3º trimestre,5.00,0.10,2023-11-26
4519,1501,exam,Examen 1º trimestre,3.90,0.40,2024-04-30
4520,1501,practical,Trabajo 2º trimestre,7.30,0.25,2023-11-18
4521,1501,coursework,Trabajo 3º trimestre,6.80,0.25,2023-12-05
4522,1501,participation,Trabajo 1º trimestre,9.40,0.10,2024-01-14
4523,1502,exam,Examen 1º trimestre,7.50,0.60,2022-10-21
4524,1502,coursework,Trabajo 2º trimestre,6.80,0.30,2023-06-06
4525,1502,participation,Trabajo 3º trimestre,8.00,0.10,2023-01-13
4526,1503,exam,Examen 1º trimestre,5.70,0.60,2024-10-30
4527,1503,coursework,Trabajo 2º trimestre,7.10,0.30,2025-01-08
4528,1503,participation,Trabajo 3º trimestre,6.80,0.10,2025-01-19
4529,1504,exam,Examen 1º trimestre,8.60,0.40,2022-12-27
4530,1504,practical,Trabajo 2º trimestre,3.20,0.25,2023-03-14
4531,1504,coursework,Trabajo 3º trimestre,7.70,0.25,2022-11-06
4532,1504,participation,Trabajo 1º trimestre,5.90,0.10,2023-03-06
4533,1505,exam,Examen 1º trimestre,7.40,0.60,2025-01-31
4534,1505,coursework,Trabajo 2º trimestre,4.20,0.30,2024-10-19
4535,1505,participation,Trabajo 3º trimestre,9.80,0.10,2025-04-04
4536,1506,exam,Examen 1º trimestre,7.30,0.60,2022-12-07
4537,1506,coursework,Trabajo 2º trimestre,5.40,0.30,2023-01-14
4538,1506,participation,Trabajo 3º trimestre,4.00,0.10,2023-04-02
4539,1507,exam,Examen 1º trimestre,6.30,0.60,2024-10-15
4540,1507,coursework,Trabajo 2º trimestre,6.20,0.30,2025-02-01
4541,1507,participation,Trabajo 3º trimestre,9.20,0.10,2024-12-25
4542,1508,exam,Examen 1º trimestre,4.40,0.40,2023-10-01
4543,1508,practical,Trabajo 2º trimestre,3.90,0.25,2024-02-22
4544,1508,coursework,Trabajo 3º trimestre,5.60,0.25,2024-02-15
4545,1508,participation,Trabajo 1º trimestre,3.60,0.10,2024-05-29
4546,1509,exam,Examen 1º trimestre,5.60,0.35,2024-11-08
4547,1509,exam,Examen 2º trimestre,6.40,0.35,2025-05-26
4548,1509,coursework,Trabajo 3º trimestre,5.40,0.30,2024-10-18
4549,1510,exam,Examen 1º trimestre,3.30,0.40,2024-12-09
4550,1510,practical,Trabajo 2º trimestre,6.30,0.25,2025-03-11
4551,1510,coursework,Trabajo 3º trimestre,6.20,0.25,2024-10-02
4552,1510,participation,Trabajo 1º trimestre,4.90,0.10,2024-12-18
4553,1511,exam,Examen 1º trimestre,5.20,0.40,2023-03-04
4554,1511,practical,Trabajo 2º trimestre,6.30,0.25,2022-10-30
4555,1511,coursework,Trabajo 3º trimestre,5.20,0.25,2022-12-28
4556,1511,participation,Trabajo 1º trimestre,6.60,0.10,2023-06-05
4557,1512,exam,Examen 1º trimestre,10.00,0.40,2023-04-12
4558,1512,practical,Trabajo 2º trimestre,9.70,0.25,2023-01-30
4559,1512,coursework,Trabajo 3º trimestre,4.20,0.25,2022-10-14
4560,1512,participation,Trabajo 1º trimestre,6.80,0.10,2023-06-11
4561,1513,exam,Examen 1º trimestre,8.70,0.60,2024-10-07
4562,1513,coursework,Trabajo 2º trimestre,5.50,0.30,2025-02-07
4563,1513,participation,Trabajo 3º trimestre,4.70,0.10,2025-05-27
4564,1514,exam,Examen 1º trimestre,5.70,0.35,2024-03-09
4565,1514,exam,Examen 2º trimestre,7.60,0.35,2024-01-09
4566,1514,coursework,Trabajo 3º trimestre,6.20,0.30,2024-04-14
4567,1515,exam,Examen 1º trimestre,5.30,0.60,2024-10-03
4568,1515,coursework,Trabajo 2º trimestre,4.10,0.30,2025-01-02
4569,1515,participation,Trabajo 3º trimestre,4.70,0.10,2025-01-03
4570,1516,exam,Examen 1º trimestre,5.60,0.40,2025-01-04
4571,1516,practical,Trabajo 2º trimestre,10.00,0.25,2025-02-02
4572,1516,coursework,Trabajo 3º trimestre,4.50,0.25,2025-02-17
4573,1516,participation,Trabajo 1º trimestre,7.60,0.10,2025-05-07
4574,1517,exam,Examen 1º trimestre,5.50,0.40,2024-10-20
4575,1517,practical,Trabajo 2º trimestre,4.50,0.25,2024-11-03
4576,1517,coursework,Trabajo 3º trimestre,5.80,0.25,2025-03-27
4577,1517,participation,Trabajo 1º trimestre,8.80,0.10,2025-03-11
4578,1518,exam,Examen 1º trimestre,6.80,0.40,2025-04-06
4579,1518,practical,Trabajo 2º trimestre,6.40,0.25,2025-06-14
4580,1518,coursework,Trabajo 3º trimestre,6.50,0.25,2025-03-05
4581,1518,participation,Trabajo 1º trimestre,8.10,0.10,2024-10-09
4582,1519,exam,Examen 1º trimestre,7.60,0.40,2024-01-18
4583,1519,practical,Trabajo 2º trimestre,5.00,0.25,2024-04-16
4584,1519,coursework,Trabajo 3º trimestre,4.60,0.25,2023-12-05
4585,1519,participation,Trabajo 1º trimestre,7.40,0.10,2024-05-04
4586,1520,exam,Examen 1º trimestre,8.10,0.70,2024-01-13
4587,1520,coursework,Trabajo 2º trimestre,7.80,0.30,2024-05-17
4588,1521,exam,Examen 1º trimestre,5.20,0.60,2024-11-17
4589,1521,coursework,Trabajo 2º trimestre,6.90,0.30,2025-01-14
4590,1521,participation,Trabajo 3º trimestre,4.10,0.10,2025-03-21
4591,1522,exam,Examen 1º trimestre,3.40,0.70,2024-02-28
4592,1522,coursework,Trabajo 2º trimestre,7.20,0.30,2024-05-08
4593,1523,exam,Examen 1º trimestre,8.40,0.60,2023-01-26
4594,1523,coursework,Trabajo 2º trimestre,3.20,0.30,2022-12-05
4595,1523,participation,Trabajo 3º trimestre,5.00,0.10,2023-03-27
4596,1524,exam,Examen 1º trimestre,6.70,0.40,2025-04-22
4597,1524,practical,Trabajo 2º trimestre,5.10,0.25,2024-09-22
4598,1524,coursework,Trabajo 3º trimestre,5.70,0.25,2024-11-06
4599,1524,participation,Trabajo 1º trimestre,6.10,0.10,2025-01-19
4600,1525,exam,Examen 1º trimestre,4.50,0.40,2023-04-25
4601,1525,practical,Trabajo 2º trimestre,6.70,0.25,2022-12-03
4602,1525,coursework,Trabajo 3º trimestre,4.10,0.25,2023-03-25
4603,1525,participation,Trabajo 1º trimestre,6.10,0.10,2023-05-25
4604,1526,exam,Examen 1º trimestre,4.70,0.60,2024-11-04
4605,1526,coursework,Trabajo 2º trimestre,4.00,0.30,2024-12-25
4606,1526,participation,Trabajo 3º trimestre,6.50,0.10,2025-04-22
4607,1527,exam,Examen 1º trimestre,6.60,0.70,2024-12-18
4608,1527,coursework,Trabajo 2º trimestre,5.50,0.30,2025-03-11
4609,1528,exam,Examen 1º trimestre,4.50,0.70,2023-02-14
4610,1528,coursework,Trabajo 2º trimestre,7.00,0.30,2022-10-10
4611,1529,exam,Examen 1º trimestre,8.50,0.70,2025-01-24
4612,1529,coursework,Trabajo 2º trimestre,7.00,0.30,2024-10-06
4613,1530,exam,Examen 1º trimestre,9.00,0.35,2023-03-22
4614,1530,exam,Examen 2º trimestre,5.70,0.35,2023-04-08
4615,1530,coursework,Trabajo 3º trimestre,9.40,0.30,2023-02-08
4616,1531,exam,Examen 1º trimestre,5.00,0.60,2023-12-10
4617,1531,coursework,Trabajo 2º trimestre,3.00,0.30,2023-09-30
4618,1531,participation,Trabajo 3º trimestre,5.90,0.10,2023-11-25
4619,1532,exam,Examen 1º trimestre,7.20,0.40,2024-11-10
4620,1532,practical,Trabajo 2º trimestre,5.00,0.25,2025-04-12
4621,1532,coursework,Trabajo 3º trimestre,4.40,0.25,2024-11-25
4622,1532,participation,Trabajo 1º trimestre,7.40,0.10,2024-10-26
4623,1533,exam,Examen 1º trimestre,6.60,0.40,2024-11-30
4624,1533,practical,Trabajo 2º trimestre,6.80,0.25,2025-04-11
4625,1533,coursework,Trabajo 3º trimestre,4.90,0.25,2024-09-10
4626,1533,participation,Trabajo 1º trimestre,4.00,0.10,2025-06-16
4627,1534,exam,Examen 1º trimestre,4.30,0.35,2022-11-22
4628,1534,exam,Examen 2º trimestre,6.10,0.35,2022-12-23
4629,1534,coursework,Trabajo 3º trimestre,3.70,0.30,2023-01-05
4630,1535,exam,Examen 1º trimestre,6.20,0.40,2024-12-25
4631,1535,practical,Trabajo 2º trimestre,5.60,0.25,2024-11-03
4632,1535,coursework,Trabajo 3º trimestre,4.20,0.25,2025-02-23
4633,1535,participation,Trabajo 1º trimestre,4.10,0.10,2025-04-29
4634,1536,exam,Examen 1º trimestre,0.90,0.60,2025-02-25
4635,1536,coursework,Trabajo 2º trimestre,4.60,0.30,2024-12-29
4636,1536,participation,Trabajo 3º trimestre,6.80,0.10,2025-06-10
4637,1537,exam,Examen 1º trimestre,5.10,0.35,2024-03-16
4638,1537,exam,Examen 2º trimestre,3.40,0.35,2023-11-28
4639,1537,coursework,Trabajo 3º trimestre,6.30,0.30,2023-11-12
4640,1538,exam,Examen 1º trimestre,7.60,0.70,2025-03-01
4641,1538,coursework,Trabajo 2º trimestre,4.50,0.30,2025-02-17
4642,1539,exam,Examen 1º trimestre,7.90,0.60,2023-05-23
4643,1539,coursework,Trabajo 2º trimestre,6.70,0.30,2022-12-20
4644,1539,participation,Trabajo 3º trimestre,7.80,0.10,2023-04-02
4645,1540,exam,Examen 1º trimestre,6.50,0.35,2025-05-11
4646,1540,exam,Examen 2º trimestre,5.00,0.35,2025-05-30
4647,1540,coursework,Trabajo 3º trimestre,2.90,0.30,2025-06-08
4648,1541,exam,Examen 1º trimestre,4.70,0.60,2024-11-18
4649,1541,coursework,Trabajo 2º trimestre,3.50,0.30,2025-02-01
4650,1541,participation,Trabajo 3º trimestre,5.90,0.10,2025-05-05
4651,1542,exam,Examen 1º trimestre,4.10,0.60,2024-10-13
4652,1542,coursework,Trabajo 2º trimestre,5.40,0.30,2025-04-01
4653,1542,participation,Trabajo 3º trimestre,8.80,0.10,2024-10-28
4654,1543,exam,Examen 1º trimestre,4.70,0.35,2024-04-06
4655,1543,exam,Examen 2º trimestre,6.40,0.35,2023-11-09
4656,1543,coursework,Trabajo 3º trimestre,5.50,0.30,2024-03-24
4657,1544,exam,Examen 1º trimestre,2.40,0.40,2022-12-30
4658,1544,practical,Trabajo 2º trimestre,5.20,0.25,2023-05-19
4659,1544,coursework,Trabajo 3º trimestre,5.10,0.25,2023-04-25
4660,1544,participation,Trabajo 1º trimestre,2.30,0.10,2022-09-13
4661,1545,exam,Examen 1º trimestre,6.10,0.70,2023-11-06
4662,1545,coursework,Trabajo 2º trimestre,7.40,0.30,2023-12-11
4663,1546,exam,Examen 1º trimestre,6.90,0.70,2024-12-17
4664,1546,coursework,Trabajo 2º trimestre,7.20,0.30,2025-04-28
4665,1547,exam,Examen 1º trimestre,6.50,0.60,2024-05-20
4666,1547,coursework,Trabajo 2º trimestre,9.50,0.30,2023-10-06
4667,1547,participation,Trabajo 3º trimestre,8.90,0.10,2024-02-10
4668,1548,exam,Examen 1º trimestre,2.40,0.70,2025-06-01
4669,1548,coursework,Trabajo 2º trimestre,3.00,0.30,2025-06-08
4670,1549,exam,Examen 1º trimestre,4.10,0.70,2022-12-26
4671,1549,coursework,Trabajo 2º trimestre,4.00,0.30,2022-11-07
4672,1550,exam,Examen 1º trimestre,2.20,0.60,2023-10-06
4673,1550,coursework,Trabajo 2º trimestre,6.20,0.30,2023-12-29
4674,1550,participation,Trabajo 3º trimestre,3.60,0.10,2023-11-09
4675,1551,exam,Examen 1º trimestre,6.60,0.70,2023-12-19
4676,1551,coursework,Trabajo 2º trimestre,4.10,0.30,2023-11-13
4677,1552,exam,Examen 1º trimestre,5.30,0.35,2024-10-28
4678,1552,exam,Examen 2º trimestre,6.40,0.35,2025-05-23
4679,1552,coursework,Trabajo 3º trimestre,5.20,0.30,2024-10-18
4680,1553,exam,Examen 1º trimestre,5.60,0.40,2024-06-10
4681,1553,practical,Trabajo 2º trimestre,5.20,0.25,2023-11-27
4682,1553,coursework,Trabajo 3º trimestre,3.60,0.25,2023-12-03
4683,1553,participation,Trabajo 1º trimestre,3.30,0.10,2024-02-02
4684,1554,exam,Examen 1º trimestre,7.20,0.70,2024-01-06
4685,1554,coursework,Trabajo 2º trimestre,6.50,0.30,2024-04-25
4686,1555,exam,Examen 1º trimestre,7.00,0.35,2023-03-22
4687,1555,exam,Examen 2º trimestre,5.10,0.35,2022-11-16
4688,1555,coursework,Trabajo 3º trimestre,7.90,0.30,2023-01-28
4689,1556,exam,Examen 1º trimestre,4.60,0.35,2022-09-25
4690,1556,exam,Examen 2º trimestre,4.40,0.35,2022-10-26
4691,1556,coursework,Trabajo 3º trimestre,7.20,0.30,2023-03-19
4692,1557,exam,Examen 1º trimestre,7.20,0.60,2025-06-20
4693,1557,coursework,Trabajo 2º trimestre,6.10,0.30,2025-05-03
4694,1557,participation,Trabajo 3º trimestre,7.00,0.10,2024-11-08
4695,1558,exam,Examen 1º trimestre,6.70,0.70,2024-03-23
4696,1558,coursework,Trabajo 2º trimestre,6.50,0.30,2023-12-08
4697,1559,exam,Examen 1º trimestre,9.00,0.40,2025-05-22
4698,1559,practical,Trabajo 2º trimestre,5.00,0.25,2025-01-15
4699,1559,coursework,Trabajo 3º trimestre,6.00,0.25,2024-11-07
4700,1559,participation,Trabajo 1º trimestre,9.10,0.10,2024-10-24
4701,1560,exam,Examen 1º trimestre,6.90,0.35,2024-03-03
4702,1560,exam,Examen 2º trimestre,5.80,0.35,2023-12-20
4703,1560,coursework,Trabajo 3º trimestre,7.10,0.30,2023-09-23
4704,1561,exam,Examen 1º trimestre,7.10,0.60,2023-09-21
4705,1561,coursework,Trabajo 2º trimestre,10.00,0.30,2024-03-04
4706,1561,participation,Trabajo 3º trimestre,10.00,0.10,2024-05-12
4707,1562,exam,Examen 1º trimestre,6.80,0.60,2023-10-12
4708,1562,coursework,Trabajo 2º trimestre,7.00,0.30,2024-03-06
4709,1562,participation,Trabajo 3º trimestre,9.00,0.10,2024-01-13
4710,1563,exam,Examen 1º trimestre,8.30,0.40,2024-04-24
4711,1563,practical,Trabajo 2º trimestre,9.20,0.25,2024-03-30
4712,1563,coursework,Trabajo 3º trimestre,9.30,0.25,2024-05-25
4713,1563,participation,Trabajo 1º trimestre,7.90,0.10,2023-12-20
4714,1564,exam,Examen 1º trimestre,6.50,0.35,2022-11-03
4715,1564,exam,Examen 2º trimestre,7.70,0.35,2023-03-14
4716,1564,coursework,Trabajo 3º trimestre,6.70,0.30,2023-05-23
4717,1565,exam,Examen 1º trimestre,5.90,0.40,2022-10-27
4718,1565,practical,Trabajo 2º trimestre,9.60,0.25,2022-11-06
4719,1565,coursework,Trabajo 3º trimestre,8.00,0.25,2023-02-09
4720,1565,participation,Trabajo 1º trimestre,8.10,0.10,2022-12-18
4721,1566,exam,Examen 1º trimestre,5.70,0.70,2024-02-16
4722,1566,coursework,Trabajo 2º trimestre,4.30,0.30,2023-11-12
4723,1567,exam,Examen 1º trimestre,7.30,0.40,2023-03-17
4724,1567,practical,Trabajo 2º trimestre,9.60,0.25,2023-02-12
4725,1567,coursework,Trabajo 3º trimestre,6.10,0.25,2023-05-03
4726,1567,participation,Trabajo 1º trimestre,8.90,0.10,2023-06-12
4727,1568,exam,Examen 1º trimestre,8.00,0.40,2023-06-16
4728,1568,practical,Trabajo 2º trimestre,7.30,0.25,2022-11-18
4729,1568,coursework,Trabajo 3º trimestre,8.10,0.25,2023-05-28
4730,1568,participation,Trabajo 1º trimestre,4.90,0.10,2023-06-08
4731,1569,exam,Examen 1º trimestre,5.00,0.70,2022-11-25
4732,1569,coursework,Trabajo 2º trimestre,3.50,0.30,2023-03-22
4733,1570,exam,Examen 1º trimestre,7.30,0.40,2022-11-25
4734,1570,practical,Trabajo 2º trimestre,8.00,0.25,2023-01-03
4735,1570,coursework,Trabajo 3º trimestre,6.10,0.25,2022-12-19
4736,1570,participation,Trabajo 1º trimestre,7.10,0.10,2023-03-21
4737,1571,exam,Examen 1º trimestre,4.40,0.35,2024-06-09
4738,1571,exam,Examen 2º trimestre,4.10,0.35,2024-03-23
4739,1571,coursework,Trabajo 3º trimestre,2.70,0.30,2024-04-25
4740,1572,exam,Examen 1º trimestre,5.80,0.35,2024-10-29
4741,1572,exam,Examen 2º trimestre,5.60,0.35,2024-11-26
4742,1572,coursework,Trabajo 3º trimestre,4.40,0.30,2025-06-07
4743,1573,exam,Examen 1º trimestre,4.20,0.60,2025-05-28
4744,1573,coursework,Trabajo 2º trimestre,6.60,0.30,2025-02-17
4745,1573,participation,Trabajo 3º trimestre,10.00,0.10,2025-03-31
4746,1574,exam,Examen 1º trimestre,4.00,0.35,2025-03-06
4747,1574,exam,Examen 2º trimestre,7.70,0.35,2025-05-19
4748,1574,coursework,Trabajo 3º trimestre,9.80,0.30,2025-05-31
4749,1575,exam,Examen 1º trimestre,7.00,0.70,2024-05-15
4750,1575,coursework,Trabajo 2º trimestre,8.20,0.30,2024-04-24
4751,1576,exam,Examen 1º trimestre,9.40,0.40,2025-02-16
4752,1576,practical,Trabajo 2º trimestre,7.70,0.25,2024-10-02
4753,1576,coursework,Trabajo 3º trimestre,8.60,0.25,2025-01-05
4754,1576,participation,Trabajo 1º trimestre,9.40,0.10,2025-02-18
4755,1577,exam,Examen 1º trimestre,3.40,0.60,2022-12-29
4756,1577,coursework,Trabajo 2º trimestre,6.60,0.30,2023-04-29
4757,1577,participation,Trabajo 3º trimestre,2.80,0.10,2023-01-18
4758,1578,exam,Examen 1º trimestre,3.50,0.35,2022-11-24
4759,1578,exam,Examen 2º trimestre,9.80,0.35,2022-11-24
4760,1578,coursework,Trabajo 3º trimestre,6.90,0.30,2023-05-08
4761,1579,exam,Examen 1º trimestre,7.60,0.70,2025-05-18
4762,1579,coursework,Trabajo 2º trimestre,4.10,0.30,2025-04-01
4763,1580,exam,Examen 1º trimestre,8.90,0.60,2025-01-19
4764,1580,coursework,Trabajo 2º trimestre,8.20,0.30,2025-04-22
4765,1580,participation,Trabajo 3º trimestre,9.20,0.10,2024-10-18
4766,1581,exam,Examen 1º trimestre,8.20,0.70,2025-06-18
4767,1581,coursework,Trabajo 2º trimestre,6.70,0.30,2025-05-12
4768,1582,exam,Examen 1º trimestre,7.00,0.35,2024-05-18
4769,1582,exam,Examen 2º trimestre,10.00,0.35,2023-12-09
4770,1582,coursework,Trabajo 3º trimestre,7.60,0.30,2023-10-19
4771,1583,exam,Examen 1º trimestre,7.70,0.60,2025-05-06
4772,1583,coursework,Trabajo 2º trimestre,7.40,0.30,2025-02-27
4773,1583,participation,Trabajo 3º trimestre,10.00,0.10,2025-01-19
4774,1584,exam,Examen 1º trimestre,5.50,0.40,2023-05-25
4775,1584,practical,Trabajo 2º trimestre,8.20,0.25,2023-01-26
4776,1584,coursework,Trabajo 3º trimestre,4.80,0.25,2023-05-07
4777,1584,participation,Trabajo 1º trimestre,10.00,0.10,2023-03-25
4778,1585,exam,Examen 1º trimestre,3.70,0.35,2025-03-07
4779,1585,exam,Examen 2º trimestre,5.20,0.35,2025-06-12
4780,1585,coursework,Trabajo 3º trimestre,4.00,0.30,2025-02-12
4781,1586,exam,Examen 1º trimestre,2.90,0.60,2024-02-11
4782,1586,coursework,Trabajo 2º trimestre,4.90,0.30,2023-09-11
4783,1586,participation,Trabajo 3º trimestre,8.70,0.10,2023-12-29
4784,1587,exam,Examen 1º trimestre,6.20,0.35,2022-10-27
4785,1587,exam,Examen 2º trimestre,5.00,0.35,2023-05-31
4786,1587,coursework,Trabajo 3º trimestre,6.70,0.30,2022-12-27
4787,1588,exam,Examen 1º trimestre,6.50,0.70,2024-02-17
4788,1588,coursework,Trabajo 2º trimestre,1.00,0.30,2023-09-15
4789,1589,exam,Examen 1º trimestre,5.10,0.35,2023-12-27
4790,1589,exam,Examen 2º trimestre,2.90,0.35,2024-02-20
4791,1589,coursework,Trabajo 3º trimestre,6.20,0.30,2023-09-10
4792,1590,exam,Examen 1º trimestre,8.40,0.40,2023-10-02
4793,1590,practical,Trabajo 2º trimestre,7.60,0.25,2023-11-20
4794,1590,coursework,Trabajo 3º trimestre,6.40,0.25,2024-05-25
4795,1590,participation,Trabajo 1º trimestre,9.50,0.10,2024-05-16
4796,1591,exam,Examen 1º trimestre,9.80,0.40,2025-04-25
4797,1591,practical,Trabajo 2º trimestre,5.60,0.25,2025-03-02
4798,1591,coursework,Trabajo 3º trimestre,6.70,0.25,2025-05-01
4799,1591,participation,Trabajo 1º trimestre,9.90,0.10,2024-12-30
4800,1592,exam,Examen 1º trimestre,8.90,0.70,2024-04-11
4801,1592,coursework,Trabajo 2º trimestre,6.50,0.30,2024-01-18
4802,1593,exam,Examen 1º trimestre,6.40,0.60,2023-03-18
4803,1593,coursework,Trabajo 2º trimestre,6.20,0.30,2022-11-04
4804,1593,participation,Trabajo 3º trimestre,7.60,0.10,2022-09-12
4805,1594,exam,Examen 1º trimestre,6.60,0.40,2023-09-27
4806,1594,practical,Trabajo 2º trimestre,4.70,0.25,2023-11-30
4807,1594,coursework,Trabajo 3º trimestre,5.90,0.25,2023-10-13
4808,1594,participation,Trabajo 1º trimestre,6.50,0.10,2023-11-16
4809,1595,exam,Examen 1º trimestre,5.20,0.70,2024-10-17
4810,1595,coursework,Trabajo 2º trimestre,8.00,0.30,2025-02-28
4811,1596,exam,Examen 1º trimestre,5.50,0.70,2022-11-29
4812,1596,coursework,Trabajo 2º trimestre,5.40,0.30,2023-01-07
4813,1597,exam,Examen 1º trimestre,4.10,0.40,2024-12-09
4814,1597,practical,Trabajo 2º trimestre,8.90,0.25,2025-05-18
4815,1597,coursework,Trabajo 3º trimestre,9.60,0.25,2025-04-24
4816,1597,participation,Trabajo 1º trimestre,6.10,0.10,2025-06-17
4817,1598,exam,Examen 1º trimestre,3.50,0.40,2024-10-06
4818,1598,practical,Trabajo 2º trimestre,3.60,0.25,2025-01-06
4819,1598,coursework,Trabajo 3º trimestre,4.50,0.25,2025-05-29
4820,1598,participation,Trabajo 1º trimestre,6.40,0.10,2025-05-29
4821,1599,exam,Examen 1º trimestre,7.30,0.60,2024-09-09
4822,1599,coursework,Trabajo 2º trimestre,7.00,0.30,2025-01-28
4823,1599,participation,Trabajo 3º trimestre,9.10,0.10,2024-11-21
4824,1600,exam,Examen 1º trimestre,8.00,0.60,2022-11-14
4825,1600,coursework,Trabajo 2º trimestre,8.70,0.30,2023-06-08
4826,1600,participation,Trabajo 3º trimestre,7.70,0.10,2023-01-18
4827,1601,exam,Examen 1º trimestre,9.10,0.40,2023-03-24
4828,1601,practical,Trabajo 2º trimestre,10.00,0.25,2022-09-26
4829,1601,coursework,Trabajo 3º trimestre,10.00,0.25,2023-01-24
4830,1601,participation,Trabajo 1º trimestre,9.10,0.10,2023-04-23
4831,1602,exam,Examen 1º trimestre,6.00,0.40,2023-02-07
4832,1602,practical,Trabajo 2º trimestre,4.60,0.25,2023-04-21
4833,1602,coursework,Trabajo 3º trimestre,5.60,0.25,2023-02-21
4834,1602,participation,Trabajo 1º trimestre,6.90,0.10,2023-03-27
4835,1603,exam,Examen 1º trimestre,8.20,0.35,2023-11-16
4836,1603,exam,Examen 2º trimestre,6.40,0.35,2023-10-10
4837,1603,coursework,Trabajo 3º trimestre,5.70,0.30,2024-06-14
4838,1604,exam,Examen 1º trimestre,6.00,0.40,2024-12-03
4839,1604,practical,Trabajo 2º trimestre,2.70,0.25,2024-12-01
4840,1604,coursework,Trabajo 3º trimestre,4.10,0.25,2025-02-18
4841,1604,participation,Trabajo 1º trimestre,6.70,0.10,2025-01-18
4842,1605,exam,Examen 1º trimestre,4.00,0.70,2023-09-11
4843,1605,coursework,Trabajo 2º trimestre,5.50,0.30,2024-01-24
4844,1606,exam,Examen 1º trimestre,6.40,0.35,2023-12-18
4845,1606,exam,Examen 2º trimestre,5.40,0.35,2023-11-17
4846,1606,coursework,Trabajo 3º trimestre,4.00,0.30,2023-10-24
4847,1607,exam,Examen 1º trimestre,8.30,0.35,2025-01-24
4848,1607,exam,Examen 2º trimestre,3.80,0.35,2025-03-04
4849,1607,coursework,Trabajo 3º trimestre,7.20,0.30,2024-10-03
4850,1608,exam,Examen 1º trimestre,8.10,0.35,2024-03-15
4851,1608,exam,Examen 2º trimestre,5.50,0.35,2024-03-02
4852,1608,coursework,Trabajo 3º trimestre,5.90,0.30,2024-06-08
4853,1609,exam,Examen 1º trimestre,7.90,0.60,2025-06-02
4854,1609,coursework,Trabajo 2º trimestre,7.80,0.30,2025-01-20
4855,1609,participation,Trabajo 3º trimestre,6.40,0.10,2025-05-26
4856,1610,exam,Examen 1º trimestre,4.90,0.40,2025-04-14
4857,1610,practical,Trabajo 2º trimestre,4.70,0.25,2024-09-25
4858,1610,coursework,Trabajo 3º trimestre,6.10,0.25,2024-11-01
4859,1610,participation,Trabajo 1º trimestre,7.80,0.10,2025-05-14
4860,1611,exam,Examen 1º trimestre,6.50,0.40,2025-03-21
4861,1611,practical,Trabajo 2º trimestre,4.80,0.25,2024-10-24
4862,1611,coursework,Trabajo 3º trimestre,4.30,0.25,2024-10-10
4863,1611,participation,Trabajo 1º trimestre,4.60,0.10,2024-11-05
4864,1612,exam,Examen 1º trimestre,1.50,0.60,2025-02-20
4865,1612,coursework,Trabajo 2º trimestre,4.10,0.30,2024-11-01
4866,1612,participation,Trabajo 3º trimestre,4.70,0.10,2024-10-16
4867,1613,exam,Examen 1º trimestre,3.10,0.60,2023-04-30
4868,1613,coursework,Trabajo 2º trimestre,4.70,0.30,2023-02-14
4869,1613,participation,Trabajo 3º trimestre,5.30,0.10,2022-12-15
4870,1614,exam,Examen 1º trimestre,6.50,0.35,2024-10-03
4871,1614,exam,Examen 2º trimestre,6.60,0.35,2025-01-18
4872,1614,coursework,Trabajo 3º trimestre,4.30,0.30,2024-10-26
4873,1615,exam,Examen 1º trimestre,6.10,0.70,2022-11-18
4874,1615,coursework,Trabajo 2º trimestre,6.80,0.30,2022-09-25
4875,1616,exam,Examen 1º trimestre,7.20,0.70,2023-10-29
4876,1616,coursework,Trabajo 2º trimestre,9.00,0.30,2024-04-10
4877,1617,exam,Examen 1º trimestre,8.90,0.40,2023-02-08
4878,1617,practical,Trabajo 2º trimestre,6.50,0.25,2022-12-11
4879,1617,coursework,Trabajo 3º trimestre,8.20,0.25,2022-11-29
4880,1617,participation,Trabajo 1º trimestre,3.70,0.10,2023-03-30
4881,1618,exam,Examen 1º trimestre,8.40,0.35,2024-12-11
4882,1618,exam,Examen 2º trimestre,7.20,0.35,2024-09-16
4883,1618,coursework,Trabajo 3º trimestre,4.70,0.30,2025-04-23
4884,1619,exam,Examen 1º trimestre,7.60,0.35,2025-04-24
4885,1619,exam,Examen 2º trimestre,9.60,0.35,2025-01-13
4886,1619,coursework,Trabajo 3º trimestre,4.80,0.30,2025-01-06
4887,1620,exam,Examen 1º trimestre,7.50,0.35,2023-09-19
4888,1620,exam,Examen 2º trimestre,7.20,0.35,2024-02-14
4889,1620,coursework,Trabajo 3º trimestre,8.20,0.30,2024-01-07
4890,1621,exam,Examen 1º trimestre,8.70,0.40,2025-01-01
4891,1621,practical,Trabajo 2º trimestre,5.90,0.25,2024-10-10
4892,1621,coursework,Trabajo 3º trimestre,8.30,0.25,2024-12-13
4893,1621,participation,Trabajo 1º trimestre,6.10,0.10,2024-10-16
4894,1622,exam,Examen 1º trimestre,5.80,0.60,2024-11-17
4895,1622,coursework,Trabajo 2º trimestre,3.40,0.30,2025-04-18
4896,1622,participation,Trabajo 3º trimestre,4.60,0.10,2024-11-06
4897,1623,exam,Examen 1º trimestre,2.90,0.70,2024-04-22
4898,1623,coursework,Trabajo 2º trimestre,7.00,0.30,2023-10-08
4899,1624,exam,Examen 1º trimestre,4.30,0.40,2023-06-10
4900,1624,practical,Trabajo 2º trimestre,7.50,0.25,2022-10-27
4901,1624,coursework,Trabajo 3º trimestre,7.00,0.25,2022-11-20
4902,1624,participation,Trabajo 1º trimestre,5.50,0.10,2023-04-24
4903,1625,exam,Examen 1º trimestre,4.90,0.60,2023-01-07
4904,1625,coursework,Trabajo 2º trimestre,6.60,0.30,2023-02-22
4905,1625,participation,Trabajo 3º trimestre,5.50,0.10,2023-01-02
4906,1626,exam,Examen 1º trimestre,5.00,0.35,2025-02-10
4907,1626,exam,Examen 2º trimestre,4.20,0.35,2024-09-24
4908,1626,coursework,Trabajo 3º trimestre,6.70,0.30,2025-03-15
4909,1627,exam,Examen 1º trimestre,5.40,0.60,2023-02-28
4910,1627,coursework,Trabajo 2º trimestre,5.70,0.30,2022-12-14
4911,1627,participation,Trabajo 3º trimestre,6.10,0.10,2022-09-10
4912,1628,exam,Examen 1º trimestre,4.90,0.60,2025-01-07
4913,1628,coursework,Trabajo 2º trimestre,5.30,0.30,2025-05-01
4914,1628,participation,Trabajo 3º trimestre,6.00,0.10,2025-05-06
4915,1629,exam,Examen 1º trimestre,6.10,0.60,2025-05-20
4916,1629,coursework,Trabajo 2º trimestre,9.10,0.30,2025-03-30
4917,1629,participation,Trabajo 3º trimestre,6.60,0.10,2024-10-30
4918,1630,exam,Examen 1º trimestre,9.20,0.70,2025-06-16
4919,1630,coursework,Trabajo 2º trimestre,6.60,0.30,2024-09-11
4920,1631,exam,Examen 1º trimestre,3.90,0.40,2024-02-02
4921,1631,practical,Trabajo 2º trimestre,7.10,0.25,2024-02-07
4922,1631,coursework,Trabajo 3º trimestre,7.90,0.25,2024-01-29
4923,1631,participation,Trabajo 1º trimestre,8.80,0.10,2024-02-29
4924,1632,exam,Examen 1º trimestre,9.40,0.35,2024-01-20
4925,1632,exam,Examen 2º trimestre,8.00,0.35,2023-11-19
4926,1632,coursework,Trabajo 3º trimestre,3.70,0.30,2024-03-07
4927,1633,exam,Examen 1º trimestre,8.00,0.60,2024-10-06
4928,1633,coursework,Trabajo 2º trimestre,5.40,0.30,2025-02-10
4929,1633,participation,Trabajo 3º trimestre,4.80,0.10,2025-04-24
4930,1634,exam,Examen 1º trimestre,8.00,0.70,2024-05-08
4931,1634,coursework,Trabajo 2º trimestre,5.70,0.30,2024-04-08
4932,1635,exam,Examen 1º trimestre,2.30,0.40,2024-02-10
4933,1635,practical,Trabajo 2º trimestre,5.80,0.25,2024-02-21
4934,1635,coursework,Trabajo 3º trimestre,3.40,0.25,2024-01-15
4935,1635,participation,Trabajo 1º trimestre,6.80,0.10,2024-04-05
4936,1636,exam,Examen 1º trimestre,6.60,0.35,2023-01-04
4937,1636,exam,Examen 2º trimestre,6.60,0.35,2022-09-09
4938,1636,coursework,Trabajo 3º trimestre,10.00,0.30,2022-11-18
4939,1637,exam,Examen 1º trimestre,6.10,0.60,2023-09-17
4940,1637,coursework,Trabajo 2º trimestre,8.50,0.30,2024-05-09
4941,1637,participation,Trabajo 3º trimestre,10.00,0.10,2024-06-20
4942,1638,exam,Examen 1º trimestre,6.10,0.70,2022-12-23
4943,1638,coursework,Trabajo 2º trimestre,5.50,0.30,2023-04-18
4944,1639,exam,Examen 1º trimestre,3.80,0.70,2024-01-25
4945,1639,coursework,Trabajo 2º trimestre,7.20,0.30,2024-03-12
4946,1640,exam,Examen 1º trimestre,3.10,0.70,2024-12-19
4947,1640,coursework,Trabajo 2º trimestre,4.10,0.30,2025-01-13
4948,1641,exam,Examen 1º trimestre,6.60,0.35,2023-02-09
4949,1641,exam,Examen 2º trimestre,5.80,0.35,2023-02-15
4950,1641,coursework,Trabajo 3º trimestre,6.10,0.30,2023-01-02
4951,1642,exam,Examen 1º trimestre,3.80,0.60,2023-12-25
4952,1642,coursework,Trabajo 2º trimestre,6.60,0.30,2024-04-04
4953,1642,participation,Trabajo 3º trimestre,6.60,0.10,2023-11-03
4954,1643,exam,Examen 1º trimestre,6.30,0.70,2023-10-29
4955,1643,coursework,Trabajo 2º trimestre,7.30,0.30,2023-11-09
4956,1644,exam,Examen 1º trimestre,5.80,0.70,2025-04-10
4957,1644,coursework,Trabajo 2º trimestre,5.70,0.30,2025-03-01
4958,1645,exam,Examen 1º trimestre,7.80,0.40,2025-05-07
4959,1645,practical,Trabajo 2º trimestre,6.40,0.25,2025-02-01
4960,1645,coursework,Trabajo 3º trimestre,7.70,0.25,2024-11-20
4961,1645,participation,Trabajo 1º trimestre,7.60,0.10,2024-09-20
4962,1646,exam,Examen 1º trimestre,7.70,0.70,2022-10-27
4963,1646,coursework,Trabajo 2º trimestre,7.10,0.30,2022-11-09
4964,1647,exam,Examen 1º trimestre,7.80,0.60,2024-03-06
4965,1647,coursework,Trabajo 2º trimestre,5.70,0.30,2024-02-08
4966,1647,participation,Trabajo 3º trimestre,7.20,0.10,2024-02-03
4967,1648,exam,Examen 1º trimestre,9.40,0.35,2025-05-14
4968,1648,exam,Examen 2º trimestre,6.80,0.35,2025-04-20
4969,1648,coursework,Trabajo 3º trimestre,6.00,0.30,2025-03-26
4970,1649,exam,Examen 1º trimestre,10.00,0.35,2022-12-02
4971,1649,exam,Examen 2º trimestre,8.10,0.35,2023-05-18
4972,1649,coursework,Trabajo 3º trimestre,7.10,0.30,2023-03-16
4973,1650,exam,Examen 1º trimestre,8.50,0.70,2025-01-11
4974,1650,coursework,Trabajo 2º trimestre,7.80,0.30,2025-03-16
4975,1651,exam,Examen 1º trimestre,8.60,0.35,2023-01-09
4976,1651,exam,Examen 2º trimestre,5.40,0.35,2023-04-23
4977,1651,coursework,Trabajo 3º trimestre,7.70,0.30,2022-12-01
4978,1652,exam,Examen 1º trimestre,5.20,0.70,2025-01-10
4979,1652,coursework,Trabajo 2º trimestre,5.00,0.30,2024-11-04
4980,1653,exam,Examen 1º trimestre,5.20,0.40,2023-02-10
4981,1653,practical,Trabajo 2º trimestre,6.40,0.25,2023-05-18
4982,1653,coursework,Trabajo 3º trimestre,7.70,0.25,2022-12-29
4983,1653,participation,Trabajo 1º trimestre,6.90,0.10,2022-11-03
4984,1654,exam,Examen 1º trimestre,8.10,0.35,2024-05-25
4985,1654,exam,Examen 2º trimestre,4.90,0.35,2023-09-10
4986,1654,coursework,Trabajo 3º trimestre,6.90,0.30,2024-03-16
4987,1655,exam,Examen 1º trimestre,5.60,0.70,2022-10-02
4988,1655,coursework,Trabajo 2º trimestre,6.90,0.30,2023-04-04
4989,1656,exam,Examen 1º trimestre,6.10,0.35,2025-04-22
4990,1656,exam,Examen 2º trimestre,3.50,0.35,2024-10-14
4991,1656,coursework,Trabajo 3º trimestre,5.50,0.30,2024-09-11
4992,1657,exam,Examen 1º trimestre,4.70,0.40,2023-06-02
4993,1657,practical,Trabajo 2º trimestre,4.00,0.25,2022-12-03
4994,1657,coursework,Trabajo 3º trimestre,8.20,0.25,2023-02-22
4995,1657,participation,Trabajo 1º trimestre,5.10,0.10,2023-04-23
4996,1658,exam,Examen 1º trimestre,5.20,0.40,2024-10-25
4997,1658,practical,Trabajo 2º trimestre,7.70,0.25,2024-09-18
4998,1658,coursework,Trabajo 3º trimestre,8.00,0.25,2025-03-23
4999,1658,participation,Trabajo 1º trimestre,5.20,0.10,2025-05-24
5000,1659,exam,Examen 1º trimestre,8.70,0.60,2025-03-02
5001,1659,coursework,Trabajo 2º trimestre,5.70,0.30,2025-04-08
5002,1659,participation,Trabajo 3º trimestre,3.90,0.10,2025-04-09
5003,1660,exam,Examen 1º trimestre,4.50,0.35,2023-05-20
5004,1660,exam,Examen 2º trimestre,6.30,0.35,2022-10-05
5005,1660,coursework,Trabajo 3º trimestre,4.60,0.30,2023-06-12
5006,1661,exam,Examen 1º trimestre,3.60,0.35,2025-01-10
5007,1661,exam,Examen 2º trimestre,6.00,0.35,2024-12-23
5008,1661,coursework,Trabajo 3º trimestre,5.30,0.30,2024-10-19
5009,1662,exam,Examen 1º trimestre,5.70,0.35,2023-06-15
5010,1662,exam,Examen 2º trimestre,8.40,0.35,2023-01-01
5011,1662,coursework,Trabajo 3º trimestre,6.20,0.30,2022-10-15
5012,1663,exam,Examen 1º trimestre,5.70,0.70,2022-10-27
5013,1663,coursework,Trabajo 2º trimestre,4.20,0.30,2023-06-09
5014,1664,exam,Examen 1º trimestre,5.60,0.70,2023-11-27
5015,1664,coursework,Trabajo 2º trimestre,5.80,0.30,2024-03-18
5016,1665,exam,Examen 1º trimestre,5.70,0.70,2024-10-13
5017,1665,coursework,Trabajo 2º trimestre,6.50,0.30,2024-09-23
5018,1666,exam,Examen 1º trimestre,5.10,0.70,2022-09-10
5019,1666,coursework,Trabajo 2º trimestre,7.80,0.30,2022-12-22
5020,1667,exam,Examen 1º trimestre,5.10,0.70,2025-04-25
5021,1667,coursework,Trabajo 2º trimestre,1.20,0.30,2025-04-05
5022,1668,exam,Examen 1º trimestre,0.50,0.35,2023-06-19
5023,1668,exam,Examen 2º trimestre,4.80,0.35,2022-10-09
5024,1668,coursework,Trabajo 3º trimestre,4.10,0.30,2023-06-14
5025,1669,exam,Examen 1º trimestre,2.40,0.70,2022-10-13
5026,1669,coursework,Trabajo 2º trimestre,4.30,0.30,2022-10-27
5027,1670,exam,Examen 1º trimestre,2.30,0.35,2022-10-10
5028,1670,exam,Examen 2º trimestre,2.30,0.35,2023-04-24
5029,1670,coursework,Trabajo 3º trimestre,6.50,0.30,2023-03-21
5030,1671,exam,Examen 1º trimestre,1.30,0.35,2024-03-26
5031,1671,exam,Examen 2º trimestre,5.10,0.35,2024-02-10
5032,1671,coursework,Trabajo 3º trimestre,5.70,0.30,2024-03-28
5033,1672,exam,Examen 1º trimestre,4.10,0.60,2023-09-11
5034,1672,coursework,Trabajo 2º trimestre,4.10,0.30,2024-03-13
5035,1672,participation,Trabajo 3º trimestre,6.10,0.10,2024-06-09
5036,1673,exam,Examen 1º trimestre,4.40,0.70,2023-03-07
5037,1673,coursework,Trabajo 2º trimestre,0.40,0.30,2023-01-15
5038,1674,exam,Examen 1º trimestre,2.40,0.60,2023-01-01
5039,1674,coursework,Trabajo 2º trimestre,3.90,0.30,2023-05-05
5040,1674,participation,Trabajo 3º trimestre,4.60,0.10,2023-01-16
5041,1675,exam,Examen 1º trimestre,5.80,0.60,2024-09-21
5042,1675,coursework,Trabajo 2º trimestre,4.10,0.30,2025-03-22
5043,1675,participation,Trabajo 3º trimestre,5.00,0.10,2024-09-17
5044,1676,exam,Examen 1º trimestre,3.90,0.60,2025-03-11
5045,1676,coursework,Trabajo 2º trimestre,5.40,0.30,2024-09-24
5046,1676,participation,Trabajo 3º trimestre,6.20,0.10,2025-03-13
5047,1677,exam,Examen 1º trimestre,5.00,0.40,2024-12-03
5048,1677,practical,Trabajo 2º trimestre,8.10,0.25,2025-06-12
5049,1677,coursework,Trabajo 3º trimestre,8.60,0.25,2024-12-30
5050,1677,participation,Trabajo 1º trimestre,7.40,0.10,2024-12-10
5051,1678,exam,Examen 1º trimestre,7.90,0.35,2022-12-28
5052,1678,exam,Examen 2º trimestre,6.30,0.35,2022-11-11
5053,1678,coursework,Trabajo 3º trimestre,5.10,0.30,2023-06-18
5054,1679,exam,Examen 1º trimestre,7.30,0.40,2024-05-01
5055,1679,practical,Trabajo 2º trimestre,5.30,0.25,2024-01-26
5056,1679,coursework,Trabajo 3º trimestre,4.20,0.25,2023-10-19
5057,1679,participation,Trabajo 1º trimestre,3.90,0.10,2024-01-24
5058,1680,exam,Examen 1º trimestre,6.20,0.70,2025-06-04
5059,1680,coursework,Trabajo 2º trimestre,5.60,0.30,2024-10-04
5060,1681,exam,Examen 1º trimestre,7.20,0.35,2024-04-01
5061,1681,exam,Examen 2º trimestre,7.00,0.35,2024-01-04
5062,1681,coursework,Trabajo 3º trimestre,7.10,0.30,2024-01-14
5063,1682,exam,Examen 1º trimestre,5.70,0.70,2024-10-23
5064,1682,coursework,Trabajo 2º trimestre,8.90,0.30,2025-03-01
5065,1683,exam,Examen 1º trimestre,8.10,0.35,2023-03-17
5066,1683,exam,Examen 2º trimestre,8.00,0.35,2023-02-02
5067,1683,coursework,Trabajo 3º trimestre,7.40,0.30,2022-12-04
5068,1684,exam,Examen 1º trimestre,7.30,0.40,2025-03-23
5069,1684,practical,Trabajo 2º trimestre,5.70,0.25,2025-01-30
5070,1684,coursework,Trabajo 3º trimestre,8.50,0.25,2025-04-16
5071,1684,participation,Trabajo 1º trimestre,6.40,0.10,2025-04-14
5072,1685,exam,Examen 1º trimestre,4.30,0.70,2024-04-26
5073,1685,coursework,Trabajo 2º trimestre,2.90,0.30,2023-09-10
5074,1686,exam,Examen 1º trimestre,4.10,0.60,2023-09-18
5075,1686,coursework,Trabajo 2º trimestre,4.40,0.30,2024-01-06
5076,1686,participation,Trabajo 3º trimestre,6.30,0.10,2023-12-13
5077,1687,exam,Examen 1º trimestre,6.20,0.40,2023-02-24
5078,1687,practical,Trabajo 2º trimestre,3.50,0.25,2023-05-19
5079,1687,coursework,Trabajo 3º trimestre,0.60,0.25,2023-01-23
5080,1687,participation,Trabajo 1º trimestre,2.80,0.10,2022-09-26
5081,1688,exam,Examen 1º trimestre,7.70,0.35,2023-01-24
5082,1688,exam,Examen 2º trimestre,7.50,0.35,2022-11-18
5083,1688,coursework,Trabajo 3º trimestre,5.70,0.30,2022-11-17
5084,1689,exam,Examen 1º trimestre,5.90,0.35,2023-01-23
5085,1689,exam,Examen 2º trimestre,7.70,0.35,2022-12-28
5086,1689,coursework,Trabajo 3º trimestre,6.20,0.30,2023-04-19
5087,1690,exam,Examen 1º trimestre,4.60,0.60,2025-04-17
5088,1690,coursework,Trabajo 2º trimestre,8.40,0.30,2025-06-12
5089,1690,participation,Trabajo 3º trimestre,7.60,0.10,2025-06-08
5090,1691,exam,Examen 1º trimestre,5.60,0.60,2024-05-22
5091,1691,coursework,Trabajo 2º trimestre,2.90,0.30,2024-06-09
5092,1691,participation,Trabajo 3º trimestre,6.10,0.10,2024-05-30
5093,1692,exam,Examen 1º trimestre,9.00,0.70,2023-05-30
5094,1692,coursework,Trabajo 2º trimestre,7.90,0.30,2023-06-10
5095,1693,exam,Examen 1º trimestre,7.20,0.60,2023-01-10
5096,1693,coursework,Trabajo 2º trimestre,7.30,0.30,2023-05-25
5097,1693,participation,Trabajo 3º trimestre,10.00,0.10,2023-05-31
5098,1694,exam,Examen 1º trimestre,8.30,0.35,2024-06-18
5099,1694,exam,Examen 2º trimestre,10.00,0.35,2023-10-31
5100,1694,coursework,Trabajo 3º trimestre,7.30,0.30,2023-09-26
5101,1695,exam,Examen 1º trimestre,7.40,0.70,2023-05-08
5102,1695,coursework,Trabajo 2º trimestre,5.10,0.30,2022-10-06
5103,1696,exam,Examen 1º trimestre,4.50,0.70,2024-02-04
5104,1696,coursework,Trabajo 2º trimestre,4.40,0.30,2023-09-10
5105,1697,exam,Examen 1º trimestre,4.50,0.60,2022-09-19
5106,1697,coursework,Trabajo 2º trimestre,5.20,0.30,2023-04-07
5107,1697,participation,Trabajo 3º trimestre,6.90,0.10,2023-05-21
5108,1698,exam,Examen 1º trimestre,6.90,0.35,2023-04-05
5109,1698,exam,Examen 2º trimestre,7.70,0.35,2022-10-14
5110,1698,coursework,Trabajo 3º trimestre,8.20,0.30,2022-11-27
5111,1699,exam,Examen 1º trimestre,7.00,0.60,2023-11-24
5112,1699,coursework,Trabajo 2º trimestre,6.70,0.30,2023-10-24
5113,1699,participation,Trabajo 3º trimestre,7.10,0.10,2024-05-20
5114,1700,exam,Examen 1º trimestre,8.70,0.70,2024-01-05
5115,1700,coursework,Trabajo 2º trimestre,5.30,0.30,2023-10-12
5116,1701,exam,Examen 1º trimestre,8.40,0.40,2025-03-11
5117,1701,practical,Trabajo 2º trimestre,3.50,0.25,2024-09-12
5118,1701,coursework,Trabajo 3º trimestre,8.10,0.25,2025-04-22
5119,1701,participation,Trabajo 1º trimestre,4.20,0.10,2025-05-07
5120,1702,exam,Examen 1º trimestre,8.50,0.35,2025-04-30
5121,1702,exam,Examen 2º trimestre,9.80,0.35,2025-04-06
5122,1702,coursework,Trabajo 3º trimestre,7.00,0.30,2024-12-24
5123,1703,exam,Examen 1º trimestre,8.50,0.70,2023-05-21
5124,1703,coursework,Trabajo 2º trimestre,5.10,0.30,2023-02-01
5125,1704,exam,Examen 1º trimestre,7.10,0.70,2024-01-11
5126,1704,coursework,Trabajo 2º trimestre,5.80,0.30,2024-02-28
5127,1705,exam,Examen 1º trimestre,7.10,0.70,2024-06-16
5128,1705,coursework,Trabajo 2º trimestre,8.90,0.30,2024-05-03
5129,1706,exam,Examen 1º trimestre,4.50,0.35,2025-04-09
5130,1706,exam,Examen 2º trimestre,4.20,0.35,2025-04-22
5131,1706,coursework,Trabajo 3º trimestre,5.60,0.30,2024-12-28
5132,1707,exam,Examen 1º trimestre,4.70,0.60,2024-06-05
5133,1707,coursework,Trabajo 2º trimestre,6.90,0.30,2024-06-08
5134,1707,participation,Trabajo 3º trimestre,7.30,0.10,2024-05-27
5135,1708,exam,Examen 1º trimestre,6.30,0.35,2023-04-20
5136,1708,exam,Examen 2º trimestre,6.30,0.35,2023-04-04
5137,1708,coursework,Trabajo 3º trimestre,4.60,0.30,2023-04-08
5138,1709,exam,Examen 1º trimestre,6.60,0.60,2023-12-07
5139,1709,coursework,Trabajo 2º trimestre,4.10,0.30,2024-03-13
5140,1709,participation,Trabajo 3º trimestre,6.30,0.10,2023-10-29
5141,1710,exam,Examen 1º trimestre,5.60,0.35,2023-04-17
5142,1710,exam,Examen 2º trimestre,5.60,0.35,2023-05-05
5143,1710,coursework,Trabajo 3º trimestre,7.30,0.30,2023-06-19
5144,1711,exam,Examen 1º trimestre,5.90,0.70,2024-06-05
5145,1711,coursework,Trabajo 2º trimestre,7.80,0.30,2023-12-08
5146,1712,exam,Examen 1º trimestre,8.10,0.35,2022-12-02
5147,1712,exam,Examen 2º trimestre,6.10,0.35,2023-01-30
5148,1712,coursework,Trabajo 3º trimestre,7.20,0.30,2022-12-23
5149,1713,exam,Examen 1º trimestre,7.70,0.60,2023-04-28
5150,1713,coursework,Trabajo 2º trimestre,4.80,0.30,2023-02-03
5151,1713,participation,Trabajo 3º trimestre,8.20,0.10,2023-05-09
5152,1714,exam,Examen 1º trimestre,8.00,0.70,2023-03-16
5153,1714,coursework,Trabajo 2º trimestre,8.60,0.30,2023-05-15
5154,1715,exam,Examen 1º trimestre,8.90,0.35,2023-03-21
5155,1715,exam,Examen 2º trimestre,6.00,0.35,2022-12-27
5156,1715,coursework,Trabajo 3º trimestre,6.00,0.30,2022-11-13
5157,1716,exam,Examen 1º trimestre,7.90,0.35,2023-10-23
5158,1716,exam,Examen 2º trimestre,6.90,0.35,2023-09-30
5159,1716,coursework,Trabajo 3º trimestre,6.50,0.30,2024-01-05
5160,1717,exam,Examen 1º trimestre,7.80,0.70,2024-05-15
5161,1717,coursework,Trabajo 2º trimestre,8.60,0.30,2024-02-19
5162,1718,exam,Examen 1º trimestre,7.10,0.60,2024-10-15
5163,1718,coursework,Trabajo 2º trimestre,8.20,0.30,2025-03-12
5164,1718,participation,Trabajo 3º trimestre,7.10,0.10,2024-12-28
5165,1719,exam,Examen 1º trimestre,7.90,0.70,2025-05-09
5166,1719,coursework,Trabajo 2º trimestre,5.70,0.30,2025-05-30
5167,1720,exam,Examen 1º trimestre,7.00,0.60,2024-01-15
5168,1720,coursework,Trabajo 2º trimestre,8.80,0.30,2023-12-23
5169,1720,participation,Trabajo 3º trimestre,7.10,0.10,2023-11-01
5170,1721,exam,Examen 1º trimestre,7.60,0.60,2024-12-30
5171,1721,coursework,Trabajo 2º trimestre,5.10,0.30,2025-06-08
5172,1721,participation,Trabajo 3º trimestre,5.10,0.10,2024-10-13
5173,1722,exam,Examen 1º trimestre,4.40,0.40,2023-04-22
5174,1722,practical,Trabajo 2º trimestre,5.20,0.25,2023-03-02
5175,1722,coursework,Trabajo 3º trimestre,5.00,0.25,2023-05-03
5176,1722,participation,Trabajo 1º trimestre,4.70,0.10,2023-04-05
5177,1723,exam,Examen 1º trimestre,5.70,0.60,2023-06-14
5178,1723,coursework,Trabajo 2º trimestre,3.10,0.30,2023-03-16
5179,1723,participation,Trabajo 3º trimestre,5.40,0.10,2022-12-30
5180,1724,exam,Examen 1º trimestre,5.50,0.40,2023-03-05
5181,1724,practical,Trabajo 2º trimestre,5.90,0.25,2023-05-01
5182,1724,coursework,Trabajo 3º trimestre,6.10,0.25,2023-01-03
5183,1724,participation,Trabajo 1º trimestre,6.50,0.10,2022-12-31
5184,1725,exam,Examen 1º trimestre,9.00,0.35,2024-01-08
5185,1725,exam,Examen 2º trimestre,6.90,0.35,2024-04-09
5186,1725,coursework,Trabajo 3º trimestre,7.70,0.30,2024-03-14
5187,1726,exam,Examen 1º trimestre,7.70,0.40,2024-03-11
5188,1726,practical,Trabajo 2º trimestre,7.10,0.25,2023-12-05
5189,1726,coursework,Trabajo 3º trimestre,7.40,0.25,2023-10-04
5190,1726,participation,Trabajo 1º trimestre,5.00,0.10,2024-01-07
5191,1727,exam,Examen 1º trimestre,7.50,0.70,2024-01-17
5192,1727,coursework,Trabajo 2º trimestre,7.90,0.30,2023-10-18
5193,1728,exam,Examen 1º trimestre,5.40,0.70,2024-02-14
5194,1728,coursework,Trabajo 2º trimestre,5.00,0.30,2023-12-21
5195,1729,exam,Examen 1º trimestre,9.80,0.35,2024-03-24
5196,1729,exam,Examen 2º trimestre,8.90,0.35,2024-04-10
5197,1729,coursework,Trabajo 3º trimestre,8.30,0.30,2023-12-18
5198,1730,exam,Examen 1º trimestre,10.00,0.60,2024-01-14
5199,1730,coursework,Trabajo 2º trimestre,7.40,0.30,2024-02-25
5200,1730,participation,Trabajo 3º trimestre,8.90,0.10,2024-05-13
5201,1731,exam,Examen 1º trimestre,8.90,0.35,2025-01-22
5202,1731,exam,Examen 2º trimestre,8.90,0.35,2025-05-18
5203,1731,coursework,Trabajo 3º trimestre,8.90,0.30,2024-11-19
5204,1732,exam,Examen 1º trimestre,5.90,0.40,2024-10-08
5205,1732,practical,Trabajo 2º trimestre,8.20,0.25,2025-02-18
5206,1732,coursework,Trabajo 3º trimestre,7.30,0.25,2024-11-24
5207,1732,participation,Trabajo 1º trimestre,9.30,0.10,2025-04-07
5208,1733,exam,Examen 1º trimestre,7.00,0.40,2024-10-23
5209,1733,practical,Trabajo 2º trimestre,9.80,0.25,2024-10-13
5210,1733,coursework,Trabajo 3º trimestre,9.90,0.25,2024-10-26
5211,1733,participation,Trabajo 1º trimestre,5.80,0.10,2025-06-17
5212,1734,exam,Examen 1º trimestre,1.40,0.35,2025-04-05
5213,1734,exam,Examen 2º trimestre,3.90,0.35,2024-09-09
5214,1734,coursework,Trabajo 3º trimestre,4.10,0.30,2024-12-02
5215,1735,exam,Examen 1º trimestre,4.20,0.40,2022-09-17
5216,1735,practical,Trabajo 2º trimestre,7.60,0.25,2023-01-13
5217,1735,coursework,Trabajo 3º trimestre,3.80,0.25,2023-05-11
5218,1735,participation,Trabajo 1º trimestre,3.70,0.10,2023-04-17
5219,1736,exam,Examen 1º trimestre,1.80,0.35,2024-12-05
5220,1736,exam,Examen 2º trimestre,3.90,0.35,2024-09-16
5221,1736,coursework,Trabajo 3º trimestre,5.10,0.30,2025-01-24
5222,1737,exam,Examen 1º trimestre,8.20,0.60,2023-09-16
5223,1737,coursework,Trabajo 2º trimestre,6.40,0.30,2024-01-24
5224,1737,participation,Trabajo 3º trimestre,5.90,0.10,2024-01-22
5225,1738,exam,Examen 1º trimestre,7.00,0.35,2025-06-02
5226,1738,exam,Examen 2º trimestre,8.10,0.35,2025-06-03
5227,1738,coursework,Trabajo 3º trimestre,8.50,0.30,2024-11-17
5228,1739,exam,Examen 1º trimestre,5.30,0.35,2023-10-27
5229,1739,exam,Examen 2º trimestre,8.00,0.35,2024-06-06
5230,1739,coursework,Trabajo 3º trimestre,6.70,0.30,2023-10-14
5231,1740,exam,Examen 1º trimestre,4.80,0.40,2023-02-05
5232,1740,practical,Trabajo 2º trimestre,6.80,0.25,2023-02-09
5233,1740,coursework,Trabajo 3º trimestre,6.80,0.25,2022-09-14
5234,1740,participation,Trabajo 1º trimestre,4.70,0.10,2022-10-07
5235,1741,exam,Examen 1º trimestre,7.30,0.70,2023-05-20
5236,1741,coursework,Trabajo 2º trimestre,5.40,0.30,2022-12-11
5237,1742,exam,Examen 1º trimestre,6.10,0.70,2024-12-13
5238,1742,coursework,Trabajo 2º trimestre,5.30,0.30,2024-09-14
5239,1743,exam,Examen 1º trimestre,6.00,0.60,2023-09-27
5240,1743,coursework,Trabajo 2º trimestre,4.80,0.30,2024-02-19
5241,1743,participation,Trabajo 3º trimestre,6.10,0.10,2024-02-10
5242,1744,exam,Examen 1º trimestre,5.50,0.60,2024-10-08
5243,1744,coursework,Trabajo 2º trimestre,9.40,0.30,2024-10-19
5244,1744,participation,Trabajo 3º trimestre,5.70,0.10,2025-02-19
5245,1745,exam,Examen 1º trimestre,4.10,0.35,2023-04-05
5246,1745,exam,Examen 2º trimestre,3.40,0.35,2023-06-11
5247,1745,coursework,Trabajo 3º trimestre,2.70,0.30,2023-05-01
5248,1746,exam,Examen 1º trimestre,6.00,0.70,2024-05-13
5249,1746,coursework,Trabajo 2º trimestre,8.30,0.30,2023-12-31
5250,1747,exam,Examen 1º trimestre,7.80,0.40,2024-02-10
5251,1747,practical,Trabajo 2º trimestre,7.90,0.25,2024-01-04
5252,1747,coursework,Trabajo 3º trimestre,7.50,0.25,2024-04-18
5253,1747,participation,Trabajo 1º trimestre,7.60,0.10,2024-03-15
5254,1748,exam,Examen 1º trimestre,5.50,0.40,2023-05-06
5255,1748,practical,Trabajo 2º trimestre,6.40,0.25,2022-12-27
5256,1748,coursework,Trabajo 3º trimestre,7.20,0.25,2023-03-31
5257,1748,participation,Trabajo 1º trimestre,8.20,0.10,2023-05-03
5258,1749,exam,Examen 1º trimestre,5.80,0.70,2023-06-03
5259,1749,coursework,Trabajo 2º trimestre,7.60,0.30,2023-05-18
5260,1750,exam,Examen 1º trimestre,4.70,0.70,2024-04-18
5261,1750,coursework,Trabajo 2º trimestre,7.10,0.30,2023-12-30
5262,1751,exam,Examen 1º trimestre,2.90,0.35,2023-06-14
5263,1751,exam,Examen 2º trimestre,8.90,0.35,2023-05-05
5264,1751,coursework,Trabajo 3º trimestre,6.90,0.30,2022-12-22
5265,1752,exam,Examen 1º trimestre,7.60,0.40,2024-01-20
5266,1752,practical,Trabajo 2º trimestre,6.20,0.25,2024-05-11
5267,1752,coursework,Trabajo 3º trimestre,6.50,0.25,2024-01-31
5268,1752,participation,Trabajo 1º trimestre,3.90,0.10,2023-09-11
5269,1753,exam,Examen 1º trimestre,5.90,0.35,2023-05-23
5270,1753,exam,Examen 2º trimestre,7.50,0.35,2022-10-22
5271,1753,coursework,Trabajo 3º trimestre,5.30,0.30,2022-10-24
5272,1754,exam,Examen 1º trimestre,9.50,0.60,2024-04-22
5273,1754,coursework,Trabajo 2º trimestre,6.50,0.30,2024-02-11
5274,1754,participation,Trabajo 3º trimestre,5.30,0.10,2024-02-12
5275,1755,exam,Examen 1º trimestre,6.90,0.35,2024-05-23
5276,1755,exam,Examen 2º trimestre,5.60,0.35,2024-01-01
5277,1755,coursework,Trabajo 3º trimestre,10.00,0.30,2023-11-20
5278,1756,exam,Examen 1º trimestre,7.30,0.40,2024-01-13
5279,1756,practical,Trabajo 2º trimestre,5.60,0.25,2023-10-27
5280,1756,coursework,Trabajo 3º trimestre,10.00,0.25,2024-04-25
5281,1756,participation,Trabajo 1º trimestre,8.70,0.10,2023-10-22
5282,1757,exam,Examen 1º trimestre,9.90,0.60,2023-06-17
5283,1757,coursework,Trabajo 2º trimestre,8.40,0.30,2022-10-09
5284,1757,participation,Trabajo 3º trimestre,8.00,0.10,2023-06-03
5285,1758,exam,Examen 1º trimestre,6.60,0.70,2023-12-08
5286,1758,coursework,Trabajo 2º trimestre,6.40,0.30,2024-05-17
5287,1759,exam,Examen 1º trimestre,7.90,0.60,2023-05-13
5288,1759,coursework,Trabajo 2º trimestre,10.00,0.30,2023-02-10
5289,1759,participation,Trabajo 3º trimestre,8.90,0.10,2023-03-11
5290,1760,exam,Examen 1º trimestre,5.60,0.40,2023-11-10
5291,1760,practical,Trabajo 2º trimestre,5.40,0.25,2024-01-01
5292,1760,coursework,Trabajo 3º trimestre,2.80,0.25,2024-03-10
5293,1760,participation,Trabajo 1º trimestre,3.30,0.10,2024-04-21
5294,1761,exam,Examen 1º trimestre,6.60,0.35,2023-09-10
5295,1761,exam,Examen 2º trimestre,2.30,0.35,2023-12-03
5296,1761,coursework,Trabajo 3º trimestre,2.30,0.30,2024-01-15
5297,1762,exam,Examen 1º trimestre,7.30,0.40,2022-11-19
5298,1762,practical,Trabajo 2º trimestre,9.10,0.25,2023-05-03
5299,1762,coursework,Trabajo 3º trimestre,6.50,0.25,2023-02-10
5300,1762,participation,Trabajo 1º trimestre,6.80,0.10,2023-03-08
5301,1763,exam,Examen 1º trimestre,5.70,0.60,2023-12-30
5302,1763,coursework,Trabajo 2º trimestre,5.80,0.30,2023-11-15
5303,1763,participation,Trabajo 3º trimestre,2.80,0.10,2024-04-23
5304,1764,exam,Examen 1º trimestre,7.50,0.70,2022-10-10
5305,1764,coursework,Trabajo 2º trimestre,7.70,0.30,2023-02-05
5306,1765,exam,Examen 1º trimestre,5.30,0.40,2025-01-15
5307,1765,practical,Trabajo 2º trimestre,9.60,0.25,2025-02-19
5308,1765,coursework,Trabajo 3º trimestre,4.70,0.25,2025-04-24
5309,1765,participation,Trabajo 1º trimestre,4.90,0.10,2025-04-18
5310,1766,exam,Examen 1º trimestre,7.00,0.70,2025-02-04
5311,1766,coursework,Trabajo 2º trimestre,4.90,0.30,2024-10-16
5312,1767,exam,Examen 1º trimestre,5.60,0.70,2024-12-14
5313,1767,coursework,Trabajo 2º trimestre,3.90,0.30,2025-03-27
5314,1768,exam,Examen 1º trimestre,6.90,0.40,2022-10-24
5315,1768,practical,Trabajo 2º trimestre,4.80,0.25,2022-12-03
5316,1768,coursework,Trabajo 3º trimestre,5.10,0.25,2023-05-20
5317,1768,participation,Trabajo 1º trimestre,7.10,0.10,2023-06-09
5318,1769,exam,Examen 1º trimestre,9.10,0.60,2022-12-31
5319,1769,coursework,Trabajo 2º trimestre,8.00,0.30,2022-09-21
5320,1769,participation,Trabajo 3º trimestre,7.30,0.10,2023-06-07
5321,1770,exam,Examen 1º trimestre,4.50,0.35,2023-12-18
5322,1770,exam,Examen 2º trimestre,5.30,0.35,2024-05-30
5323,1770,coursework,Trabajo 3º trimestre,4.40,0.30,2023-11-03
5324,1771,exam,Examen 1º trimestre,5.70,0.40,2024-10-12
5325,1771,practical,Trabajo 2º trimestre,5.80,0.25,2025-04-24
5326,1771,coursework,Trabajo 3º trimestre,3.80,0.25,2025-03-20
5327,1771,participation,Trabajo 1º trimestre,4.70,0.10,2025-03-15
5328,1772,exam,Examen 1º trimestre,4.50,0.40,2025-02-01
5329,1772,practical,Trabajo 2º trimestre,5.00,0.25,2024-11-18
5330,1772,coursework,Trabajo 3º trimestre,3.10,0.25,2025-03-02
5331,1772,participation,Trabajo 1º trimestre,6.30,0.10,2024-09-09
5332,1773,exam,Examen 1º trimestre,6.20,0.60,2024-12-12
5333,1773,coursework,Trabajo 2º trimestre,3.90,0.30,2025-06-12
5334,1773,participation,Trabajo 3º trimestre,6.50,0.10,2025-02-26
5335,1774,exam,Examen 1º trimestre,2.90,0.60,2024-05-18
5336,1774,coursework,Trabajo 2º trimestre,5.40,0.30,2024-01-03
5337,1774,participation,Trabajo 3º trimestre,6.60,0.10,2023-12-02
5338,1775,exam,Examen 1º trimestre,2.60,0.60,2022-10-18
5339,1775,coursework,Trabajo 2º trimestre,7.90,0.30,2022-12-13
5340,1775,participation,Trabajo 3º trimestre,6.60,0.10,2023-01-11
5341,1776,exam,Examen 1º trimestre,7.50,0.40,2024-02-16
5342,1776,practical,Trabajo 2º trimestre,6.00,0.25,2023-12-26
5343,1776,coursework,Trabajo 3º trimestre,7.70,0.25,2024-02-28
5344,1776,participation,Trabajo 1º trimestre,4.90,0.10,2023-12-27
5345,1777,exam,Examen 1º trimestre,5.90,0.70,2025-02-21
5346,1777,coursework,Trabajo 2º trimestre,4.60,0.30,2024-10-07
5347,1778,exam,Examen 1º trimestre,4.20,0.60,2024-12-14
5348,1778,coursework,Trabajo 2º trimestre,4.30,0.30,2024-10-09
5349,1778,participation,Trabajo 3º trimestre,3.20,0.10,2025-01-15
5350,1779,exam,Examen 1º trimestre,5.60,0.40,2023-01-31
5351,1779,practical,Trabajo 2º trimestre,8.50,0.25,2023-02-18
5352,1779,coursework,Trabajo 3º trimestre,5.90,0.25,2023-02-12
5353,1779,participation,Trabajo 1º trimestre,8.60,0.10,2023-01-28
5354,1780,exam,Examen 1º trimestre,5.90,0.70,2023-01-12
5355,1780,coursework,Trabajo 2º trimestre,7.20,0.30,2022-11-12
5356,1781,exam,Examen 1º trimestre,8.30,0.35,2023-11-27
5357,1781,exam,Examen 2º trimestre,8.30,0.35,2024-03-05
5358,1781,coursework,Trabajo 3º trimestre,9.30,0.30,2024-04-16
5359,1782,exam,Examen 1º trimestre,8.90,0.70,2022-09-15
5360,1782,coursework,Trabajo 2º trimestre,6.60,0.30,2022-09-11
5361,1783,exam,Examen 1º trimestre,6.00,0.35,2023-05-02
5362,1783,exam,Examen 2º trimestre,6.40,0.35,2023-01-16
5363,1783,coursework,Trabajo 3º trimestre,7.70,0.30,2022-10-06
5364,1784,exam,Examen 1º trimestre,8.40,0.40,2023-01-18
5365,1784,practical,Trabajo 2º trimestre,6.30,0.25,2022-10-23
5366,1784,coursework,Trabajo 3º trimestre,8.20,0.25,2023-01-12
5367,1784,participation,Trabajo 1º trimestre,7.60,0.10,2022-11-27
5368,1785,exam,Examen 1º trimestre,8.60,0.40,2025-03-13
5369,1785,practical,Trabajo 2º trimestre,9.50,0.25,2025-04-01
5370,1785,coursework,Trabajo 3º trimestre,7.80,0.25,2024-11-21
5371,1785,participation,Trabajo 1º trimestre,8.50,0.10,2024-11-08
5372,1786,exam,Examen 1º trimestre,4.20,0.35,2024-05-17
5373,1786,exam,Examen 2º trimestre,6.50,0.35,2024-02-25
5374,1786,coursework,Trabajo 3º trimestre,7.30,0.30,2024-02-02
5375,1787,exam,Examen 1º trimestre,2.80,0.40,2023-01-10
5376,1787,practical,Trabajo 2º trimestre,2.90,0.25,2023-04-01
5377,1787,coursework,Trabajo 3º trimestre,3.80,0.25,2023-01-14
5378,1787,participation,Trabajo 1º trimestre,3.80,0.10,2022-10-31
5379,1788,exam,Examen 1º trimestre,4.90,0.60,2023-06-17
5380,1788,coursework,Trabajo 2º trimestre,2.60,0.30,2023-03-11
5381,1788,participation,Trabajo 3º trimestre,5.00,0.10,2023-02-18
5382,1789,exam,Examen 1º trimestre,4.20,0.70,2024-12-19
5383,1789,coursework,Trabajo 2º trimestre,5.60,0.30,2025-05-29
5384,1790,exam,Examen 1º trimestre,7.30,0.40,2025-05-24
5385,1790,practical,Trabajo 2º trimestre,8.70,0.25,2025-05-21
5386,1790,coursework,Trabajo 3º trimestre,8.90,0.25,2025-04-24
5387,1790,participation,Trabajo 1º trimestre,5.70,0.10,2025-04-22
5388,1791,exam,Examen 1º trimestre,6.70,0.60,2025-01-29
5389,1791,coursework,Trabajo 2º trimestre,10.00,0.30,2025-05-09
5390,1791,participation,Trabajo 3º trimestre,6.90,0.10,2025-06-12
5391,1792,exam,Examen 1º trimestre,10.00,0.40,2023-12-20
5392,1792,practical,Trabajo 2º trimestre,10.00,0.25,2024-03-17
5393,1792,coursework,Trabajo 3º trimestre,6.80,0.25,2023-10-01
5394,1792,participation,Trabajo 1º trimestre,9.40,0.10,2024-01-03
5395,1793,exam,Examen 1º trimestre,9.70,0.40,2024-09-12
5396,1793,practical,Trabajo 2º trimestre,6.30,0.25,2025-03-30
5397,1793,coursework,Trabajo 3º trimestre,9.40,0.25,2025-03-30
5398,1793,participation,Trabajo 1º trimestre,7.40,0.10,2025-03-29
5399,1794,exam,Examen 1º trimestre,8.60,0.70,2022-11-04
5400,1794,coursework,Trabajo 2º trimestre,8.20,0.30,2023-06-16
