id,vehicle_id,inspection_date,result,defects,mileage_km,next_due,station_code
1,2,2019-01-02,favourable,,60141,2021-01-01,ITV-5779
2,2,2021-01-01,favourable,,90212,2023-01-01,ITV-2897
3,2,2023-01-02,favourable,,120283,2025-01-01,ITV-7617
4,2,2025-01-01,favourable,,150353,2026-01-01,ITV-2749
5,3,2023-04-17,unfavourable,Seat belt retractor faulty,57124,2025-04-16,ITV-4015
6,3,2025-04-16,favourable,,85686,2027-04-16,ITV-1484
7,4,2021-10-25,favourable,,8651,2023-10-25,ITV-4661
8,4,2023-10-25,favourable,,12977,2025-10-24,ITV-9927
9,5,2018-08-20,favourable,,14055,2020-08-19,ITV-5025
10,5,2020-08-19,favourable,,21083,2022-08-19,ITV-9228
11,5,2022-08-20,favourable,,28111,2024-08-19,ITV-5576
12,5,2024-08-19,favourable,,35139,2025-08-19,ITV-7006
13,8,2023-11-26,unfavourable,Worn front tyre below 1.6mm,37390,2025-11-25,ITV-1262
14,10,2023-04-18,favourable,,47618,2025-04-17,ITV-9553
15,10,2025-04-17,unfavourable,Rear shock absorber leaking,71428,2027-04-17,ITV-5530
16,11,2024-10-21,favourable,,69867,2026-10-21,ITV-8192
17,12,2022-10-24,favourable,,95206,2024-10-23,ITV-3309
18,12,2024-10-23,unfavourable,Number plate light inoperative,142810,2026-10-23,ITV-7883
19,14,2020-09-25,favourable,,33133,2022-09-25,ITV-3408
20,14,2022-09-25,favourable,,49699,2024-09-24,ITV-5036
21,14,2024-09-25,favourable,,66266,2026-09-25,ITV-3294
22,15,2020-01-07,favourable,,68846,2022-01-06,ITV-2023
23,15,2022-01-06,favourable,,103269,2024-01-06,ITV-1113
24,15,2024-01-07,favourable,,137692,2026-01-06,ITV-9784
25,17,2023-09-05,favourable,,34302,2025-09-04,ITV-9019
26,18,2017-05-03,unfavourable,Suspension bush play,53770,2019-05-03,ITV-1842
27,18,2019-05-03,favourable,,80655,2021-05-02,ITV-4884
28,18,2021-05-03,unfavourable,Corroded exhaust mounting,107540,2023-05-03,ITV-2375
29,18,2023-05-03,unfavourable,Seat belt retractor faulty,134425,2024-05-02,ITV-8637
30,18,2024-05-02,favourable,,147867,2025-05-02,ITV-6553
31,18,2025-05-03,unfavourable,Windscreen chip in swept area,161310,2026-05-03,ITV-8370
32,21,2024-02-02,favourable,,56555,2026-02-01,ITV-3263
33,23,2021-01-08,favourable,,54375,2023-01-08,ITV-8715
34,23,2023-01-08,favourable,,81562,2025-01-07,ITV-7326
35,23,2025-01-08,favourable,,108750,2027-01-08,ITV-6565
36,25,2023-07-09,favourable,,89075,2025-07-08,ITV-9884
37,26,2022-02-06,favourable,,26764,2024-02-06,ITV-4270
38,26,2024-02-06,unfavourable,Excessive steering play,40146,2026-02-05,ITV-8930
39,27,2017-09-27,favourable,,57189,2019-09-27,ITV-4956
40,27,2019-09-27,favourable,,85784,2021-09-26,ITV-4249
41,27,2021-09-27,favourable,,114379,2023-09-27,ITV-0527
42,27,2023-09-27,favourable,,142974,2024-09-26,ITV-4485
43,27,2024-09-26,favourable,,157272,2025-09-26,ITV-9330
44,28,2024-05-21,favourable,,64439,2026-05-21,ITV-6142
45,29,2024-05-24,favourable,,78977,2026-05-24,ITV-9339
46,32,2022-10-01,favourable,,54796,2024-09-30,ITV-3553
47,32,2024-09-30,favourable,,82194,2026-09-30,ITV-9219
48,36,2018-12-12,favourable,,72026,2020-12-11,ITV-8264
49,36,2020-12-11,favourable,,108039,2022-12-11,ITV-5572
50,36,2022-12-12,favourable,,144053,2024-12-11,ITV-3362
51,36,2024-12-11,favourable,,180066,2025-12-11,ITV-7863
52,37,2024-11-06,favourable,,71706,2026-11-06,ITV-4963
53,38,2023-03-27,unfavourable,Excessive steering play,97904,2025-03-26,ITV-6285
54,38,2025-03-26,unfavourable,Suspension bush play,146856,2027-03-26,ITV-7264
55,39,2018-07-08,favourable,,42537,2020-07-07,ITV-7804
56,39,2020-07-07,unfavourable,Excessive brake imbalance,63805,2022-07-07,ITV-5954
57,39,2022-07-08,unfavourable,Excessive steering play,85074,2024-07-07,ITV-7226
58,39,2024-07-07,unfavourable,Corroded exhaust mounting,106343,2025-07-07,ITV-1603
59,41,2022-01-14,favourable,,55688,2024-01-14,ITV-2519
60,41,2024-01-14,favourable,,83532,2026-01-13,ITV-9058
61,43,2016-10-20,favourable,,33519,2018-10-20,ITV-4336
62,43,2018-10-20,unfavourable,Suspension bush play,50279,2020-10-19,ITV-9825
63,43,2020-10-20,unfavourable,Emissions above limit,67039,2022-10-20,ITV-8587
64,43,2022-10-20,favourable,,83799,2023-10-20,ITV-7386
65,43,2023-10-20,favourable,,92179,2024-10-19,ITV-6022
66,43,2024-10-20,favourable,,100559,2025-10-20,ITV-7601
67,45,2020-04-04,favourable,,79003,2022-04-04,ITV-2218
68,45,2022-04-04,favourable,,118505,2024-04-03,ITV-0940
69,45,2024-04-04,favourable,,158007,2026-04-04,ITV-4081
70,48,2020-07-08,favourable,,33905,2022-07-08,ITV-7649
71,48,2022-07-08,unfavourable,Emissions above limit,50858,2024-07-07,ITV-2886
72,48,2024-07-08,unfavourable,Excessive brake imbalance,67811,2026-07-08,ITV-0506
73,50,2024-11-30,favourable,,70335,2026-11-30,ITV-1958
74,52,2022-10-14,unfavourable,Suspension bush play,45263,2024-10-13,ITV-7547
75,52,2024-10-13,unfavourable,Faulty dipped beam alignment,67895,2026-10-13,ITV-2482
76,55,2024-12-25,favourable,,30034,2026-12-25,ITV-0544
77,56,2018-03-01,favourable,,34586,2020-02-29,ITV-2449
78,56,2020-02-29,unfavourable,Worn front tyre below 1.6mm,51879,2022-02-28,ITV-5084
79,56,2022-03-01,negative,Suspension bush play,69172,2024-02-29,ITV-4291
80,56,2024-02-29,unfavourable,Suspension bush play,86466,2025-02-28,ITV-1756
81,56,2025-02-28,favourable,,95112,2026-02-28,ITV-9541
82,57,2025-06-30,favourable,,76910,2027-06-30,ITV-7331
83,59,2016-02-22,unfavourable,Windscreen chip in swept area,62189,2018-02-21,ITV-6322
84,59,2018-02-21,favourable,,93284,2020-02-21,ITV-0600
85,59,2020-02-22,favourable,,124379,2022-02-21,ITV-0697
86,59,2022-02-21,favourable,,155474,2023-02-21,ITV-5624
87,59,2023-02-21,favourable,,171021,2024-02-21,ITV-4476
88,59,2024-02-22,favourable,,186569,2025-02-21,ITV-3203
89,59,2025-02-21,unfavourable,Suspension bush play,202116,2026-02-21,ITV-8118
90,60,2020-09-22,unfavourable,Suspension bush play,49937,2022-09-22,ITV-3928
91,60,2022-09-22,favourable,,74906,2024-09-21,ITV-6799
92,60,2024-09-22,favourable,,99875,2026-09-22,ITV-9925
93,61,2021-04-01,favourable,,37689,2023-04-01,ITV-4375
94,61,2023-04-01,unfavourable,Faulty dipped beam alignment,56533,2025-03-31,ITV-6926
95,61,2025-04-01,favourable,,75378,2027-04-01,ITV-2348
96,63,2015-01-27,favourable,,68325,2017-01-26,ITV-2012
97,63,2017-01-26,favourable,,102487,2019-01-26,ITV-3875
98,63,2019-01-27,favourable,,136650,2021-01-26,ITV-3289
99,63,2021-01-26,favourable,,170813,2022-01-26,ITV-3371
100,63,2022-01-26,favourable,,187894,2023-01-26,ITV-4031
101,63,2023-01-27,favourable,,204975,2024-01-27,ITV-2278
102,63,2024-01-27,unfavourable,Seat belt retractor faulty,222057,2025-01-26,ITV-6241
103,63,2025-01-26,favourable,,239138,2026-01-26,ITV-5508
104,65,2016-11-01,favourable,,61793,2018-11-01,ITV-9675
105,65,2018-11-01,favourable,,92690,2020-10-31,ITV-4329
106,65,2020-11-01,favourable,,123587,2022-11-01,ITV-9314
107,65,2022-11-01,unfavourable,Seat belt retractor faulty,154484,2023-11-01,ITV-5205
108,65,2023-11-01,unfavourable,Emissions above limit,169932,2024-10-31,ITV-8885
109,65,2024-11-01,favourable,,185380,2025-11-01,ITV-3187
110,68,2021-01-15,unfavourable,Rear shock absorber leaking,69797,2023-01-15,ITV-4670
111,68,2023-01-15,favourable,,104695,2025-01-14,ITV-1017
112,68,2025-01-15,favourable,,139594,2027-01-15,ITV-0656
113,70,2025-04-18,favourable,,58395,2027-04-18,ITV-4691
114,73,2019-09-29,negative,Rear shock absorber leaking,52452,2021-09-28,ITV-8354
115,73,2021-09-28,favourable,,78679,2023-09-28,ITV-7565
116,73,2023-09-29,favourable,,104905,2025-09-28,ITV-3595
117,74,2023-01-31,favourable,,103504,2025-01-30,ITV-7186
118,74,2025-01-30,negative,Corroded exhaust mounting,155256,2027-01-30,ITV-6698
119,75,2015-11-06,favourable,,45467,2017-11-05,ITV-7377
120,75,2017-11-05,unfavourable,Excessive steering play,68201,2019-11-05,ITV-0867
121,75,2019-11-06,favourable,,90934,2021-11-05,ITV-4937
122,75,2021-11-05,favourable,,113668,2022-11-05,ITV-3455
123,75,2022-11-05,favourable,,125035,2023-11-05,ITV-9566
124,75,2023-11-06,favourable,,136402,2024-11-05,ITV-2179
125,75,2024-11-05,favourable,,147769,2025-11-05,ITV-7118
126,76,2023-09-16,favourable,,29247,2025-09-15,ITV-1670
127,78,2020-10-23,favourable,,45619,2022-10-23,ITV-1783
128,78,2022-10-23,favourable,,68429,2024-10-22,ITV-1479
129,78,2024-10-23,favourable,,91239,2026-10-23,ITV-0545
130,79,2023-08-26,unfavourable,Suspension bush play,62408,2025-08-25,ITV-3876
131,80,2015-10-06,unfavourable,Excessive brake imbalance,66631,2017-10-05,ITV-9294
132,80,2017-10-05,favourable,,99946,2019-10-05,ITV-4759
133,80,2019-10-06,negative,Faulty dipped beam alignment,133262,2021-10-05,ITV-3467
134,80,2021-10-05,favourable,,166577,2022-10-05,ITV-1683
135,80,2022-10-05,unfavourable,Excessive steering play,183235,2023-10-05,ITV-0213
136,80,2023-10-06,favourable,,199893,2024-10-05,ITV-2331
137,80,2024-10-05,favourable,,216550,2025-10-05,ITV-4525
138,81,2022-02-04,favourable,,36475,2024-02-04,ITV-1577
139,81,2024-02-04,favourable,,54713,2026-02-03,ITV-2559
140,86,2020-06-28,favourable,,17171,2022-06-28,ITV-7388
141,86,2022-06-28,favourable,,25756,2024-06-27,ITV-8148
142,86,2024-06-28,favourable,,34342,2026-06-28,ITV-7959
143,88,2020-01-30,favourable,,54237,2022-01-29,ITV-8532
144,88,2022-01-29,favourable,,81355,2024-01-29,ITV-0787
145,88,2024-01-30,favourable,,108474,2026-01-29,ITV-0984
146,89,2018-06-23,favourable,,98947,2020-06-22,ITV-0756
147,89,2020-06-22,unfavourable,Excessive brake imbalance,148421,2022-06-22,ITV-1645
148,89,2022-06-23,favourable,,197895,2024-06-22,ITV-7433
149,89,2024-06-22,favourable,,247369,2025-06-22,ITV-4175
150,89,2025-06-22,favourable,,272106,2026-06-22,ITV-2491
151,90,2016-05-08,favourable,,70620,2018-05-08,ITV-9640
152,90,2018-05-08,favourable,,105930,2020-05-07,ITV-7511
153,90,2020-05-08,favourable,,141240,2022-05-08,ITV-9512
154,90,2022-05-08,favourable,,176550,2023-05-08,ITV-3392
155,90,2023-05-08,favourable,,194206,2024-05-07,ITV-7715
156,90,2024-05-08,favourable,,211861,2025-05-08,ITV-4512
157,90,2025-05-08,favourable,,229516,2026-05-08,ITV-6183
158,91,2021-07-22,favourable,,75465,2023-07-22,ITV-2697
159,91,2023-07-22,favourable,,113198,2025-07-21,ITV-7814
160,93,2017-09-10,favourable,,14230,2019-09-10,ITV-5710
161,93,2019-09-10,favourable,,21345,2021-09-09,ITV-4918
162,93,2021-09-10,favourable,,28460,2023-09-10,ITV-8866
163,93,2023-09-10,favourable,,35575,2024-09-09,ITV-4041
164,93,2024-09-09,favourable,,39132,2025-09-09,ITV-4478
165,94,2023-08-02,unfavourable,Excessive steering play,19457,2025-08-01,ITV-8188
166,95,2021-08-29,negative,Emissions above limit,53845,2023-08-29,ITV-6507
167,95,2023-08-29,favourable,,80767,2025-08-28,ITV-9651
168,98,2019-07-31,favourable,,42997,2021-07-30,ITV-5737
169,98,2021-07-30,favourable,,64496,2023-07-30,ITV-9284
170,98,2023-07-31,favourable,,85995,2025-07-30,ITV-3631
171,99,2018-01-27,negative,Windscreen chip in swept area,66986,2020-01-27,ITV-6681
172,99,2020-01-27,favourable,,100479,2022-01-26,ITV-0947
173,99,2022-01-27,favourable,,133972,2024-01-27,ITV-4288
174,99,2024-01-27,favourable,,167466,2025-01-26,ITV-9897
175,99,2025-01-26,favourable,,184212,2026-01-26,ITV-2210
176,100,2024-03-21,favourable,,75329,2026-03-21,ITV-0014
177,102,2023-08-03,favourable,,70137,2025-08-02,ITV-6011
178,104,2014-05-05,favourable,,27364,2016-05-04,ITV-3685
179,104,2016-05-04,unfavourable,Number plate light inoperative,41046,2018-05-04,ITV-2690
180,104,2018-05-05,negative,Corroded exhaust mounting,54728,2020-05-04,ITV-7055
181,104,2020-05-04,favourable,,68410,2021-05-04,ITV-2593
182,104,2021-05-04,negative,Faulty dipped beam alignment,75251,2022-05-04,ITV-2008
183,104,2022-05-05,favourable,,82092,2023-05-05,ITV-0249
184,104,2023-05-05,favourable,,88933,2024-05-04,ITV-2202
185,104,2024-05-04,favourable,,95774,2025-05-04,ITV-9570
186,104,2025-05-04,favourable,,102615,2026-05-04,ITV-5916
187,106,2022-09-04,unfavourable,Suspension bush play,62183,2024-09-03,ITV-9188
188,106,2024-09-03,favourable,,93275,2026-09-03,ITV-7619
189,109,2020-09-11,unfavourable,Windscreen chip in swept area,33785,2022-09-11,ITV-2001
190,109,2022-09-11,favourable,,50678,2024-09-10,ITV-2145
191,109,2024-09-11,favourable,,67571,2026-09-11,ITV-6655
192,110,2016-12-12,unfavourable,Rear shock absorber leaking,47478,2018-12-12,ITV-8922
193,110,2018-12-12,favourable,,71218,2020-12-11,ITV-3663
194,110,2020-12-12,negative,Excessive steering play,94957,2022-12-12,ITV-5106
195,110,2022-12-12,favourable,,118697,2023-12-12,ITV-1203
196,110,2023-12-12,favourable,,130566,2024-12-11,ITV-0878
197,110,2024-12-12,favourable,,142436,2025-12-12,ITV-4632
198,111,2016-02-06,favourable,,37595,2018-02-05,ITV-9121
199,111,2018-02-05,unfavourable,Emissions above limit,56392,2020-02-05,ITV-7440
200,111,2020-02-06,favourable,,75190,2022-02-05,ITV-1327
201,111,2022-02-05,favourable,,93987,2023-02-05,ITV-8711
202,111,2023-02-05,favourable,,103386,2024-02-05,ITV-7789
203,111,2024-02-06,favourable,,112785,2025-02-05,ITV-1423
204,111,2025-02-05,favourable,,122184,2026-02-05,ITV-5438
205,113,2025-02-28,favourable,,78953,2027-02-28,ITV-1706
206,117,2022-12-22,favourable,,47177,2024-12-21,ITV-5974
207,117,2024-12-21,favourable,,70765,2026-12-21,ITV-9978
208,120,2025-01-29,favourable,,54403,2027-01-29,ITV-3786
209,122,2021-11-05,favourable,,38396,2023-11-05,ITV-8897
210,122,2023-11-05,favourable,,57594,2025-11-04,ITV-6748
211,124,2022-06-10,favourable,,56926,2024-06-09,ITV-1138
212,124,2024-06-09,negative,Handbrake efficiency below threshold,85389,2026-06-09,ITV-7787
213,125,2016-09-20,favourable,,56506,2018-09-20,ITV-7399
214,125,2018-09-20,favourable,,84759,2020-09-19,ITV-5712
215,125,2020-09-20,negative,Emissions above limit,113013,2022-09-20,ITV-7663
216,125,2022-09-20,favourable,,141266,2023-09-20,ITV-8482
217,125,2023-09-20,favourable,,155392,2024-09-19,ITV-6933
218,125,2024-09-20,unfavourable,Emissions above limit,169519,2025-09-20,ITV-2750
219,130,2024-03-11,favourable,,72412,2026-03-11,ITV-5856
220,131,2024-06-13,favourable,,57708,2026-06-13,ITV-3968
221,132,2015-05-07,unfavourable,Seat belt retractor faulty,90286,2017-05-06,ITV-7289
222,132,2017-05-06,favourable,,135429,2019-05-06,ITV-2776
223,132,2019-05-07,favourable,,180573,2021-05-06,ITV-3042
224,132,2021-05-06,favourable,,225716,2022-05-06,ITV-9814
225,132,2022-05-06,negative,Rear shock absorber leaking,248288,2023-05-06,ITV-0433
226,132,2023-05-07,favourable,,270859,2024-05-06,ITV-8446
227,132,2024-05-06,favourable,,293431,2025-05-06,ITV-7298
228,132,2025-05-06,favourable,,316003,2026-05-06,ITV-2826
229,133,2025-04-22,favourable,,89562,2027-04-22,ITV-3812
230,134,2022-04-07,unfavourable,Excessive steering play,54553,2024-04-06,ITV-1120
231,134,2024-04-06,unfavourable,Number plate light inoperative,81830,2026-04-06,ITV-3191
232,135,2020-08-10,favourable,,59325,2022-08-10,ITV-0541
233,135,2022-08-10,negative,Number plate light inoperative,88987,2024-08-09,ITV-9108
234,135,2024-08-10,favourable,,118650,2026-08-10,ITV-0404
235,137,2024-01-04,favourable,,70239,2026-01-03,ITV-7325
236,138,2022-01-06,favourable,,9750,2024-01-06,ITV-8967
237,138,2024-01-06,favourable,,14625,2026-01-05,ITV-4293
238,139,2017-09-26,favourable,,35768,2019-09-26,ITV-4988
239,139,2019-09-26,unfavourable,Handbrake efficiency below threshold,53652,2021-09-25,ITV-6008
240,139,2021-09-26,favourable,,71536,2023-09-26,ITV-0255
241,139,2023-09-26,favourable,,89421,2024-09-25,ITV-4653
242,139,2024-09-25,favourable,,98363,2025-09-25,ITV-8922
243,140,2025-06-03,favourable,,75185,2027-06-03,ITV-7833
244,141,2018-01-05,favourable,,44985,2020-01-05,ITV-9899
245,141,2020-01-05,favourable,,67478,2022-01-04,ITV-0423
246,141,2022-01-05,favourable,,89971,2024-01-05,ITV-1238
247,141,2024-01-05,unfavourable,Handbrake efficiency below threshold,112464,2025-01-04,ITV-2843
248,141,2025-01-04,favourable,,123711,2026-01-04,ITV-0020
249,143,2024-12-12,favourable,,68531,2026-12-12,ITV-1479
250,144,2022-09-01,favourable,,38411,2024-08-31,ITV-8589
251,144,2024-08-31,unfavourable,Seat belt retractor faulty,57617,2026-08-31,ITV-1492
252,146,2024-11-29,favourable,,58947,2026-11-29,ITV-1909
253,148,2016-05-10,favourable,,66508,2018-05-10,ITV-0904
254,148,2018-05-10,favourable,,99762,2020-05-09,ITV-3615
255,148,2020-05-10,unfavourable,Windscreen chip in swept area,133017,2022-05-10,ITV-5332
256,148,2022-05-10,unfavourable,Number plate light inoperative,166271,2023-05-10,ITV-0414
257,148,2023-05-10,favourable,,182898,2024-05-09,ITV-9214
258,148,2024-05-10,favourable,,199525,2025-05-10,ITV-4605
259,148,2025-05-10,favourable,,216152,2026-05-10,ITV-0735
260,149,2024-05-19,favourable,,71205,2026-05-19,ITV-6588
261,150,2025-02-19,favourable,,60309,2027-02-19,ITV-9968
262,151,2024-08-15,negative,Faulty dipped beam alignment,15456,2026-08-15,ITV-6652
263,152,2022-01-26,unfavourable,Worn front tyre below 1.6mm,76540,2024-01-26,ITV-2187
264,152,2024-01-26,favourable,,114811,2026-01-25,ITV-5974
265,153,2015-06-17,favourable,,79564,2017-06-16,ITV-5120
266,153,2017-06-16,favourable,,119346,2019-06-16,ITV-1310
267,153,2019-06-17,favourable,,159128,2021-06-16,ITV-8148
268,153,2021-06-16,favourable,,198910,2022-06-16,ITV-3661
269,153,2022-06-16,favourable,,218801,2023-06-16,ITV-5830
270,153,2023-06-17,favourable,,238692,2024-06-16,ITV-7887
271,153,2024-06-16,negative,Corroded exhaust mounting,258583,2025-06-16,ITV-7254
272,153,2025-06-16,favourable,,278474,2026-06-16,ITV-3903
273,160,2019-06-22,unfavourable,Faulty dipped beam alignment,33092,2021-06-21,ITV-6300
274,160,2021-06-21,favourable,,49638,2023-06-21,ITV-9495
275,160,2023-06-22,favourable,,66184,2025-06-21,ITV-1787
276,160,2025-06-21,favourable,,82730,2026-06-21,ITV-5056
277,161,2024-08-20,favourable,,56678,2026-08-20,ITV-5287
278,162,2015-06-07,favourable,,62403,2017-06-06,ITV-6039
279,162,2017-06-06,unfavourable,Corroded exhaust mounting,93605,2019-06-06,ITV-0284
280,162,2019-06-07,favourable,,124807,2021-06-06,ITV-8913
281,162,2021-06-06,unfavourable,Emissions above limit,156009,2022-06-06,ITV-7530
282,162,2022-06-06,favourable,,171610,2023-06-06,ITV-5366
283,162,2023-06-07,favourable,,187211,2024-06-06,ITV-2344
284,162,2024-06-06,unfavourable,Corroded exhaust mounting,202812,2025-06-06,ITV-9045
285,162,2025-06-06,favourable,,218413,2026-06-06,ITV-4231
286,165,2019-11-19,favourable,,65780,2021-11-18,ITV-7588
287,165,2021-11-18,favourable,,98671,2023-11-18,ITV-1015
288,165,2023-11-19,favourable,,131561,2025-11-18,ITV-9332
289,166,2024-06-25,unfavourable,Excessive brake imbalance,47022,2026-06-25,ITV-2755
290,167,2025-06-25,favourable,,50608,2027-06-25,ITV-1749
291,168,2020-12-28,favourable,,37946,2022-12-28,ITV-4562
292,168,2022-12-28,favourable,,56920,2024-12-27,ITV-6842
293,168,2024-12-28,favourable,,75893,2026-12-28,ITV-1250
294,170,2017-11-09,favourable,,41619,2019-11-09,ITV-2341
295,170,2019-11-09,favourable,,62428,2021-11-08,ITV-1903
296,170,2021-11-09,negative,Handbrake efficiency below threshold,83238,2023-11-09,ITV-5727
297,170,2023-11-09,favourable,,104047,2024-11-08,ITV-3388
298,170,2024-11-08,favourable,,114452,2025-11-08,ITV-2705
299,174,2018-02-14,favourable,,51510,2020-02-14,ITV-7115
300,174,2020-02-14,favourable,,77266,2022-02-13,ITV-6289
301,174,2022-02-14,favourable,,103021,2024-02-14,ITV-2314
302,174,2024-02-14,favourable,,128777,2025-02-13,ITV-5488
303,174,2025-02-13,favourable,,141655,2026-02-13,ITV-8189
304,175,2021-07-27,favourable,,38931,2023-07-27,ITV-7432
305,175,2023-07-27,favourable,,58397,2025-07-26,ITV-3680
306,176,2015-04-15,favourable,,21051,2017-04-14,ITV-0480
307,176,2017-04-14,favourable,,31577,2019-04-14,ITV-0907
308,176,2019-04-15,favourable,,42102,2021-04-14,ITV-9620
309,176,2021-04-14,favourable,,52628,2022-04-14,ITV-1461
310,176,2022-04-14,negative,Emissions above limit,57891,2023-04-14,ITV-9708
311,176,2023-04-15,negative,Rear shock absorber leaking,63154,2024-04-14,ITV-0397
312,176,2024-04-14,favourable,,68416,2025-04-14,ITV-7139
313,176,2025-04-14,favourable,,73679,2026-04-14,ITV-5751
314,177,2025-03-11,unfavourable,Excessive steering play,7999,2027-03-11,ITV-9283
315,179,2023-03-29,unfavourable,Corroded exhaust mounting,17967,2025-03-28,ITV-4650
316,179,2025-03-28,favourable,,26951,2027-03-28,ITV-6547
317,181,2025-05-06,favourable,,26726,2027-05-06,ITV-7666
318,182,2023-12-23,favourable,,42545,2025-12-22,ITV-4187
319,184,2014-08-06,favourable,,14487,2016-08-05,ITV-8157
320,184,2016-08-05,favourable,,21731,2018-08-05,ITV-9676
321,184,2018-08-06,unfavourable,Rear shock absorber leaking,28975,2020-08-05,ITV-5889
322,184,2020-08-05,unfavourable,Excessive brake imbalance,36219,2021-08-05,ITV-9945
323,184,2021-08-05,favourable,,39841,2022-08-05,ITV-1096
324,184,2022-08-06,unfavourable,Windscreen chip in swept area,43463,2023-08-06,ITV-3131
325,184,2023-08-06,favourable,,47085,2024-08-05,ITV-9788
326,184,2024-08-05,favourable,,50707,2025-08-05,ITV-6321
327,186,2024-12-23,favourable,,54572,2026-12-23,ITV-7498
328,188,2024-06-04,favourable,,36966,2026-06-04,ITV-6164
329,189,2024-10-06,favourable,,57691,2026-10-06,ITV-9949
330,193,2017-08-20,favourable,,69156,2019-08-20,ITV-9691
331,193,2019-08-20,unfavourable,Excessive steering play,103734,2021-08-19,ITV-5951
332,193,2021-08-20,favourable,,138312,2023-08-20,ITV-4171
333,193,2023-08-20,favourable,,172890,2024-08-19,ITV-6526
334,193,2024-08-19,unfavourable,Excessive steering play,190179,2025-08-19,ITV-5990
335,195,2021-03-07,favourable,,70041,2023-03-07,ITV-3171
336,195,2023-03-07,favourable,,105062,2025-03-06,ITV-5256
337,195,2025-03-07,favourable,,140082,2027-03-07,ITV-0860
338,196,2019-07-17,favourable,,31991,2021-07-16,ITV-5369
339,196,2021-07-16,favourable,,47987,2023-07-16,ITV-1335
340,196,2023-07-17,favourable,,63983,2025-07-16,ITV-9226
341,199,2020-12-04,favourable,,61513,2022-12-04,ITV-4355
342,199,2022-12-04,favourable,,92270,2024-12-03,ITV-8614
343,199,2024-12-04,favourable,,123027,2026-12-04,ITV-3259
344,201,2018-05-15,negative,Excessive steering play,43409,2020-05-14,ITV-1430
345,201,2020-05-14,favourable,,65114,2022-05-14,ITV-0231
346,201,2022-05-15,unfavourable,Worn front tyre below 1.6mm,86819,2024-05-14,ITV-2310
347,201,2024-05-14,favourable,,108524,2025-05-14,ITV-8522
348,201,2025-05-14,negative,Suspension bush play,119376,2026-05-14,ITV-4697
349,202,2014-05-27,favourable,,43300,2016-05-26,ITV-1962
350,202,2016-05-26,unfavourable,Excessive steering play,64950,2018-05-26,ITV-2757
351,202,2018-05-27,favourable,,86601,2020-05-26,ITV-1131
352,202,2020-05-26,unfavourable,Excessive brake imbalance,108251,2021-05-26,ITV-0353
353,202,2021-05-26,favourable,,119076,2022-05-26,ITV-7290
354,202,2022-05-27,favourable,,129901,2023-05-27,ITV-1960
355,202,2023-05-27,favourable,,140726,2024-05-26,ITV-6357
356,202,2024-05-26,favourable,,151551,2025-05-26,ITV-4407
357,202,2025-05-26,favourable,,162376,2026-05-26,ITV-7933
358,204,2024-08-14,unfavourable,Excessive steering play,54320,2026-08-14,ITV-0745
359,207,2016-02-25,unfavourable,Handbrake efficiency below threshold,59532,2018-02-24,ITV-6062
360,207,2018-02-24,favourable,,89298,2020-02-24,ITV-2442
361,207,2020-02-25,unfavourable,Seat belt retractor faulty,119064,2022-02-24,ITV-8084
362,207,2022-02-24,favourable,,148830,2023-02-24,ITV-4705
363,207,2023-02-24,favourable,,163713,2024-02-24,ITV-7478
364,207,2024-02-25,favourable,,178596,2025-02-24,ITV-9653
365,207,2025-02-24,favourable,,193479,2026-02-24,ITV-3908
366,208,2020-06-28,negative,Handbrake efficiency below threshold,42805,2022-06-28,ITV-2185
367,208,2022-06-28,favourable,,64207,2024-06-27,ITV-4016
368,208,2024-06-28,favourable,,85610,2026-06-28,ITV-0348
369,210,2020-12-21,favourable,,69261,2022-12-21,ITV-6631
370,210,2022-12-21,favourable,,103891,2024-12-20,ITV-3042
371,210,2024-12-21,favourable,,138522,2026-12-21,ITV-9912
372,211,2018-08-01,favourable,,51892,2020-07-31,ITV-2970
373,211,2020-07-31,favourable,,77839,2022-07-31,ITV-7425
374,211,2022-08-01,unfavourable,Excessive brake imbalance,103785,2024-07-31,ITV-3385
375,211,2024-07-31,favourable,,129732,2025-07-31,ITV-7635
376,214,2018-06-01,unfavourable,Corroded exhaust mounting,50004,2020-05-31,ITV-8373
377,214,2020-05-31,favourable,,75007,2022-05-31,ITV-1043
378,214,2022-06-01,favourable,,100009,2024-05-31,ITV-6947
379,214,2024-05-31,unfavourable,Seat belt retractor faulty,125011,2025-05-31,ITV-5882
380,214,2025-05-31,favourable,,137512,2026-05-31,ITV-2427
381,216,2024-05-24,favourable,,68321,2026-05-24,ITV-0453
382,219,2024-05-19,unfavourable,Excessive brake imbalance,31450,2026-05-19,ITV-3596
383,220,2016-03-17,favourable,,46001,2018-03-17,ITV-1394
384,220,2018-03-17,favourable,,69002,2020-03-16,ITV-7150
385,220,2020-03-17,favourable,,92003,2022-03-17,ITV-7304
386,220,2022-03-17,favourable,,115004,2023-03-17,ITV-4443
387,220,2023-03-17,favourable,,126504,2024-03-16,ITV-7614
388,220,2024-03-17,favourable,,138005,2025-03-17,ITV-0267
389,220,2025-03-17,favourable,,149505,2026-03-17,ITV-1821
390,222,2017-06-11,favourable,,74876,2019-06-11,ITV-7763
391,222,2019-06-11,favourable,,112315,2021-06-10,ITV-8493
392,222,2021-06-11,favourable,,149753,2023-06-11,ITV-2830
393,222,2023-06-11,favourable,,187191,2024-06-10,ITV-9816
394,222,2024-06-10,favourable,,205911,2025-06-10,ITV-6128
395,222,2025-06-11,favourable,,224630,2026-06-11,ITV-2738
396,223,2020-10-12,favourable,,54189,2022-10-12,ITV-8039
397,223,2022-10-12,favourable,,81283,2024-10-11,ITV-1663
398,223,2024-10-12,favourable,,108378,2026-10-12,ITV-7443
399,225,2018-11-27,favourable,,44970,2020-11-26,ITV-4129
400,225,2020-11-26,favourable,,67455,2022-11-26,ITV-8617
401,225,2022-11-27,favourable,,89940,2024-11-26,ITV-9146
402,225,2024-11-26,favourable,,112425,2025-11-26,ITV-0597
403,226,2023-11-22,favourable,,81686,2025-11-21,ITV-8378
404,227,2017-03-02,unfavourable,Corroded exhaust mounting,61328,2019-03-02,ITV-0952
405,227,2019-03-02,favourable,,91992,2021-03-01,ITV-0149
406,227,2021-03-02,favourable,,122657,2023-03-02,ITV-4644
407,227,2023-03-02,negative,Seat belt retractor faulty,153321,2024-03-01,ITV-3062
408,227,2024-03-01,favourable,,168653,2025-03-01,ITV-7992
409,227,2025-03-02,unfavourable,Number plate light inoperative,183985,2026-03-02,ITV-0992
410,230,2015-02-24,negative,Number plate light inoperative,52818,2017-02-23,ITV-1948
411,230,2017-02-23,unfavourable,Excessive steering play,79227,2019-02-23,ITV-7082
412,230,2019-02-24,favourable,,105636,2021-02-23,ITV-3426
413,230,2021-02-23,unfavourable,Seat belt retractor faulty,132046,2022-02-23,ITV-8091
414,230,2022-02-23,unfavourable,Excessive steering play,145250,2023-02-23,ITV-3702
415,230,2023-02-24,unfavourable,Faulty dipped beam alignment,158455,2024-02-24,ITV-2046
416,230,2024-02-24,favourable,,171660,2025-02-23,ITV-9085
417,230,2025-02-23,favourable,,184864,2026-02-23,ITV-0863
418,233,2022-08-30,unfavourable,Seat belt retractor faulty,50124,2024-08-29,ITV-3040
419,233,2024-08-29,unfavourable,Corroded exhaust mounting,75186,2026-08-29,ITV-7722
420,235,2014-09-09,favourable,,56476,2016-09-08,ITV-7540
421,235,2016-09-08,favourable,,84714,2018-09-08,ITV-4373
422,235,2018-09-09,favourable,,112953,2020-09-08,ITV-8844
423,235,2020-09-08,favourable,,141191,2021-09-08,ITV-2373
424,235,2021-09-08,unfavourable,Excessive brake imbalance,155310,2022-09-08,ITV-5496
425,235,2022-09-09,favourable,,169429,2023-09-09,ITV-2409
426,235,2023-09-09,favourable,,183548,2024-09-08,ITV-9775
427,235,2024-09-08,favourable,,197667,2025-09-08,ITV-6528
428,237,2022-01-18,favourable,,73915,2024-01-18,ITV-1622
429,237,2024-01-18,favourable,,110872,2026-01-17,ITV-7760
430,238,2024-05-01,favourable,,86907,2026-05-01,ITV-1736
431,239,2024-11-28,unfavourable,Worn front tyre below 1.6mm,51994,2026-11-28,ITV-1790
432,241,2021-10-02,favourable,,19546,2023-10-02,ITV-4552
433,241,2023-10-02,favourable,,29319,2025-10-01,ITV-8377
434,243,2019-03-03,favourable,,64731,2021-03-02,ITV-0959
435,243,2021-03-02,favourable,,97097,2023-03-02,ITV-3933
436,243,2023-03-03,favourable,,129462,2025-03-02,ITV-2143
437,243,2025-03-02,favourable,,161828,2026-03-02,ITV-0998
438,245,2016-05-25,favourable,,54520,2018-05-25,ITV-8879
439,245,2018-05-25,favourable,,81781,2020-05-24,ITV-5252
440,245,2020-05-25,favourable,,109041,2022-05-25,ITV-7760
441,245,2022-05-25,favourable,,136302,2023-05-25,ITV-8376
442,245,2023-05-25,favourable,,149932,2024-05-24,ITV-8419
443,245,2024-05-25,favourable,,163562,2025-05-25,ITV-4074
444,245,2025-05-25,favourable,,177192,2026-05-25,ITV-0526
445,246,2017-07-28,favourable,,80082,2019-07-28,ITV-0196
446,246,2019-07-28,favourable,,120123,2021-07-27,ITV-2646
447,246,2021-07-28,unfavourable,Faulty dipped beam alignment,160164,2023-07-28,ITV-0707
448,246,2023-07-28,favourable,,200205,2024-07-27,ITV-0581
449,246,2024-07-27,favourable,,220226,2025-07-27,ITV-4171
450,247,2019-12-21,favourable,,7999,2021-12-20,ITV-2687
451,247,2021-12-20,unfavourable,Rear shock absorber leaking,11999,2023-12-20,ITV-1575
452,247,2023-12-21,favourable,,15999,2025-12-20,ITV-3211
453,248,2014-04-20,favourable,,52751,2016-04-19,ITV-0670
454,248,2016-04-19,unfavourable,Suspension bush play,79127,2018-04-19,ITV-9404
455,248,2018-04-20,favourable,,105503,2020-04-19,ITV-5429
456,248,2020-04-19,favourable,,131878,2021-04-19,ITV-0996
457,248,2021-04-19,favourable,,145066,2022-04-19,ITV-4646
458,248,2022-04-20,favourable,,158254,2023-04-20,ITV-1263
459,248,2023-04-20,favourable,,171442,2024-04-19,ITV-7884
460,248,2024-04-19,favourable,,184630,2025-04-19,ITV-9964
461,248,2025-04-19,favourable,,197818,2026-04-19,ITV-1308
462,249,2023-07-22,favourable,,58987,2025-07-21,ITV-5694
463,250,2014-07-22,favourable,,33748,2016-07-21,ITV-6440
464,250,2016-07-21,favourable,,50623,2018-07-21,ITV-5484
465,250,2018-07-22,favourable,,67497,2020-07-21,ITV-7143
466,250,2020-07-21,unfavourable,Rear shock absorber leaking,84372,2021-07-21,ITV-0368
467,250,2021-07-21,favourable,,92809,2022-07-21,ITV-6157
468,250,2022-07-22,favourable,,101246,2023-07-22,ITV-5896
469,250,2023-07-22,favourable,,109683,2024-07-21,ITV-5743
470,250,2024-07-21,favourable,,118121,2025-07-21,ITV-6384
471,252,2023-01-04,favourable,,24280,2025-01-03,ITV-5304
472,252,2025-01-03,favourable,,36420,2027-01-03,ITV-9187
473,253,2018-01-05,favourable,,66528,2020-01-05,ITV-7678
474,253,2020-01-05,favourable,,99792,2022-01-04,ITV-3693
475,253,2022-01-05,favourable,,133056,2024-01-05,ITV-4992
476,253,2024-01-05,favourable,,166321,2025-01-04,ITV-3915
477,253,2025-01-04,favourable,,182953,2026-01-04,ITV-4954
478,254,2023-10-19,favourable,,54893,2025-10-18,ITV-2730
479,257,2024-07-18,unfavourable,Emissions above limit,42070,2026-07-18,ITV-7546
480,258,2021-10-24,favourable,,82411,2023-10-24,ITV-4327
481,258,2023-10-24,favourable,,123616,2025-10-23,ITV-2465
482,260,2018-04-04,favourable,,47327,2020-04-03,ITV-6732
483,260,2020-04-03,favourable,,70991,2022-04-03,ITV-3548
484,260,2022-04-04,unfavourable,Rear shock absorber leaking,94655,2024-04-03,ITV-6783
485,260,2024-04-03,favourable,,118319,2025-04-03,ITV-0927
486,260,2025-04-03,favourable,,130151,2026-04-03,ITV-3108
487,261,2019-08-01,favourable,,41604,2021-07-31,ITV-4892
488,261,2021-07-31,favourable,,62406,2023-07-31,ITV-8975
489,261,2023-08-01,favourable,,83208,2025-07-31,ITV-1413
490,263,2022-08-22,favourable,,45964,2024-08-21,ITV-4795
491,263,2024-08-21,favourable,,68946,2026-08-21,ITV-2993
492,265,2022-12-18,favourable,,28603,2024-12-17,ITV-4228
493,265,2024-12-17,favourable,,42905,2026-12-17,ITV-3137
494,266,2022-03-01,favourable,,26773,2024-02-29,ITV-1792
495,266,2024-02-29,favourable,,40160,2026-02-28,ITV-7222
496,268,2019-12-06,favourable,,40217,2021-12-05,ITV-2391
497,268,2021-12-05,favourable,,60325,2023-12-05,ITV-0601
498,268,2023-12-06,unfavourable,Emissions above limit,80434,2025-12-05,ITV-6386
499,269,2014-04-16,favourable,,73369,2016-04-15,ITV-9992
500,269,2016-04-15,favourable,,110054,2018-04-15,ITV-7612
501,269,2018-04-16,unfavourable,Suspension bush play,146739,2020-04-15,ITV-6547
502,269,2020-04-15,favourable,,183424,2021-04-15,ITV-9137
503,269,2021-04-15,favourable,,201766,2022-04-15,ITV-0540
504,269,2022-04-16,favourable,,220108,2023-04-16,ITV-4419
505,269,2023-04-16,favourable,,238451,2024-04-15,ITV-9328
506,269,2024-04-15,favourable,,256793,2025-04-15,ITV-0510
507,269,2025-04-15,favourable,,275136,2026-04-15,ITV-2036
508,270,2021-01-20,unfavourable,Worn front tyre below 1.6mm,25960,2023-01-20,ITV-0825
509,270,2023-01-20,favourable,,38940,2025-01-19,ITV-6896
510,270,2025-01-20,favourable,,51920,2027-01-20,ITV-0930
511,271,2016-07-29,favourable,,20443,2018-07-29,ITV-6905
512,271,2018-07-29,favourable,,30665,2020-07-28,ITV-3020
513,271,2020-07-29,favourable,,40887,2022-07-29,ITV-2564
514,271,2022-07-29,unfavourable,Excessive brake imbalance,51109,2023-07-29,ITV-6626
515,271,2023-07-29,favourable,,56220,2024-07-28,ITV-0576
516,271,2024-07-29,unfavourable,Windscreen chip in swept area,61331,2025-07-29,ITV-1707
517,273,2017-09-30,favourable,,58967,2019-09-30,ITV-4553
518,273,2019-09-30,favourable,,88451,2021-09-29,ITV-8355
519,273,2021-09-30,favourable,,117934,2023-09-30,ITV-5998
520,273,2023-09-30,unfavourable,Suspension bush play,147418,2024-09-29,ITV-0911
521,273,2024-09-29,unfavourable,Faulty dipped beam alignment,162160,2025-09-29,ITV-0747
522,274,2021-12-09,favourable,,56102,2023-12-09,ITV-9498
523,274,2023-12-09,favourable,,84153,2025-12-08,ITV-1044
524,275,2022-11-08,favourable,,44696,2024-11-07,ITV-8472
525,275,2024-11-07,unfavourable,Emissions above limit,67044,2026-11-07,ITV-8127
526,276,2024-09-14,favourable,,36859,2026-09-14,ITV-4462
527,277,2017-01-24,favourable,,58370,2019-01-24,ITV-6276
528,277,2019-01-24,favourable,,87555,2021-01-23,ITV-6264
529,277,2021-01-24,favourable,,116740,2023-01-24,ITV-2144
530,277,2023-01-24,favourable,,145925,2024-01-24,ITV-9666
531,277,2024-01-24,unfavourable,Excessive steering play,160517,2025-01-23,ITV-8065
532,277,2025-01-24,favourable,,175110,2026-01-24,ITV-1021
533,278,2025-02-25,unfavourable,Worn front tyre below 1.6mm,86206,2027-02-25,ITV-1960
534,279,2022-07-25,unfavourable,Windscreen chip in swept area,35051,2024-07-24,ITV-0610
535,279,2024-07-24,unfavourable,Suspension bush play,52577,2026-07-24,ITV-2675
536,281,2017-04-18,favourable,,65424,2019-04-18,ITV-1852
537,281,2019-04-18,unfavourable,Windscreen chip in swept area,98136,2021-04-17,ITV-8975
538,281,2021-04-18,favourable,,130848,2023-04-18,ITV-8583
539,281,2023-04-18,favourable,,163560,2024-04-17,ITV-5125
540,281,2024-04-17,favourable,,179916,2025-04-17,ITV-8095
541,281,2025-04-18,favourable,,196272,2026-04-18,ITV-0100
542,282,2016-05-27,favourable,,53758,2018-05-27,ITV-7465
543,282,2018-05-27,favourable,,80638,2020-05-26,ITV-7552
544,282,2020-05-27,negative,Corroded exhaust mounting,107517,2022-05-27,ITV-0877
545,282,2022-05-27,favourable,,134397,2023-05-27,ITV-0195
546,282,2023-05-27,unfavourable,Suspension bush play,147836,2024-05-26,ITV-3415
547,282,2024-05-27,favourable,,161276,2025-05-27,ITV-5195
548,282,2025-05-27,favourable,,174716,2026-05-27,ITV-8445
549,283,2021-06-23,favourable,,35180,2023-06-23,ITV-6985
550,283,2023-06-23,unfavourable,Handbrake efficiency below threshold,52770,2025-06-22,ITV-0007
551,283,2025-06-23,favourable,,70360,2027-06-23,ITV-2740
552,284,2020-12-27,favourable,,48219,2022-12-27,ITV-3337
553,284,2022-12-27,favourable,,72329,2024-12-26,ITV-6691
554,284,2024-12-27,negative,Worn front tyre below 1.6mm,96439,2026-12-27,ITV-3573
555,286,2022-01-15,favourable,,63999,2024-01-15,ITV-1653
556,286,2024-01-15,unfavourable,Faulty dipped beam alignment,95999,2026-01-14,ITV-9672
557,289,2021-10-12,favourable,,59653,2023-10-12,ITV-9511
558,289,2023-10-12,favourable,,89480,2025-10-11,ITV-1164
559,290,2022-09-09,unfavourable,Excessive brake imbalance,61025,2024-09-08,ITV-2673
560,290,2024-09-08,favourable,,91537,2026-09-08,ITV-6376
561,292,2021-11-08,favourable,,66247,2023-11-08,ITV-5865
562,292,2023-11-08,negative,Faulty dipped beam alignment,99371,2025-11-07,ITV-5722
563,293,2023-05-03,unfavourable,Corroded exhaust mounting,79882,2025-05-02,ITV-8702
564,293,2025-05-02,favourable,,119824,2027-05-02,ITV-9830
565,294,2021-01-12,favourable,,63605,2023-01-12,ITV-3239
566,294,2023-01-12,favourable,,95408,2025-01-11,ITV-1096
567,294,2025-01-12,unfavourable,Number plate light inoperative,127211,2027-01-12,ITV-8564
568,295,2023-10-27,favourable,,57234,2025-10-26,ITV-4452
569,296,2024-06-14,unfavourable,Emissions above limit,38995,2026-06-14,ITV-6280
570,297,2016-04-21,favourable,,28890,2018-04-21,ITV-7010
571,297,2018-04-21,favourable,,43336,2020-04-20,ITV-9164
572,297,2020-04-21,favourable,,57781,2022-04-21,ITV-4878
573,297,2022-04-21,favourable,,72227,2023-04-21,ITV-3355
574,297,2023-04-21,favourable,,79450,2024-04-20,ITV-8171
575,297,2024-04-21,favourable,,86672,2025-04-21,ITV-5199
576,297,2025-04-21,favourable,,93895,2026-04-21,ITV-2566
577,300,2018-11-08,favourable,,46848,2020-11-07,ITV-1730
578,300,2020-11-07,favourable,,70273,2022-11-07,ITV-6508
579,300,2022-11-08,favourable,,93697,2024-11-07,ITV-8051
580,300,2024-11-07,favourable,,117122,2025-11-07,ITV-6029
581,302,2020-05-15,favourable,,48172,2022-05-15,ITV-6455
582,302,2022-05-15,unfavourable,Suspension bush play,72259,2024-05-14,ITV-9817
583,302,2024-05-15,favourable,,96345,2026-05-15,ITV-7789
584,303,2019-04-05,favourable,,33781,2021-04-04,ITV-5593
585,303,2021-04-04,favourable,,50672,2023-04-04,ITV-1652
586,303,2023-04-05,favourable,,67563,2025-04-04,ITV-0619
587,303,2025-04-04,favourable,,84454,2026-04-04,ITV-1822
588,304,2025-04-04,favourable,,49594,2027-04-04,ITV-7203
589,305,2019-11-12,favourable,,64990,2021-11-11,ITV-1660
590,305,2021-11-11,favourable,,97485,2023-11-11,ITV-4353
591,305,2023-11-12,favourable,,129980,2025-11-11,ITV-5241
592,306,2024-04-22,favourable,,98000,2026-04-22,ITV-6684
593,308,2024-08-11,favourable,,52632,2026-08-11,ITV-7239
594,312,2023-11-10,favourable,,51934,2025-11-09,ITV-5039
595,313,2020-09-29,unfavourable,Excessive brake imbalance,31246,2022-09-29,ITV-6509
596,313,2022-09-29,unfavourable,Emissions above limit,46869,2024-09-28,ITV-0043
597,313,2024-09-29,favourable,,62492,2026-09-29,ITV-4636
598,314,2021-12-12,favourable,,42095,2023-12-12,ITV-3146
599,314,2023-12-12,favourable,,63142,2025-12-11,ITV-1672
600,320,2023-07-27,favourable,,61180,2025-07-26,ITV-2433
601,321,2020-12-13,favourable,,52343,2022-12-13,ITV-8683
602,321,2022-12-13,favourable,,78515,2024-12-12,ITV-3998
603,321,2024-12-13,unfavourable,Faulty dipped beam alignment,104687,2026-12-13,ITV-9133
604,322,2015-08-25,favourable,,52497,2017-08-24,ITV-2665
605,322,2017-08-24,favourable,,78746,2019-08-24,ITV-2610
606,322,2019-08-25,favourable,,104995,2021-08-24,ITV-0258
607,322,2021-08-24,favourable,,131243,2022-08-24,ITV-8978
608,322,2022-08-24,favourable,,144368,2023-08-24,ITV-7021
609,322,2023-08-25,unfavourable,Corroded exhaust mounting,157492,2024-08-24,ITV-5193
610,322,2024-08-24,favourable,,170616,2025-08-24,ITV-9908
611,323,2020-09-28,favourable,,52246,2022-09-28,ITV-8225
612,323,2022-09-28,favourable,,78369,2024-09-27,ITV-4791
613,323,2024-09-28,negative,Emissions above limit,104492,2026-09-28,ITV-9269
614,324,2024-02-15,favourable,,37434,2026-02-14,ITV-6226
615,326,2022-08-24,favourable,,59700,2024-08-23,ITV-6710
616,326,2024-08-23,favourable,,89550,2026-08-23,ITV-8577
617,330,2019-07-27,negative,Excessive brake imbalance,21111,2021-07-26,ITV-5315
618,330,2021-07-26,unfavourable,Windscreen chip in swept area,31667,2023-07-26,ITV-9144
619,330,2023-07-27,favourable,,42223,2025-07-26,ITV-7398
620,333,2018-01-11,negative,Suspension bush play,30995,2020-01-11,ITV-1214
621,333,2020-01-11,negative,Suspension bush play,46492,2022-01-10,ITV-1832
622,333,2022-01-11,favourable,,61990,2024-01-11,ITV-8687
623,333,2024-01-11,favourable,,77488,2025-01-10,ITV-9927
624,333,2025-01-10,unfavourable,Emissions above limit,85237,2026-01-10,ITV-0864
625,335,2025-05-28,favourable,,57271,2027-05-28,ITV-4029
626,337,2014-10-14,favourable,,41373,2016-10-13,ITV-4373
627,337,2016-10-13,favourable,,62060,2018-10-13,ITV-7224
628,337,2018-10-14,favourable,,82747,2020-10-13,ITV-5194
629,337,2020-10-13,favourable,,103433,2021-10-13,ITV-6345
630,337,2021-10-13,unfavourable,Handbrake efficiency below threshold,113777,2022-10-13,ITV-4306
631,337,2022-10-14,favourable,,124120,2023-10-14,ITV-7420
632,337,2023-10-14,favourable,,134463,2024-10-13,ITV-6606
633,337,2024-10-13,unfavourable,Windscreen chip in swept area,144807,2025-10-13,ITV-7129
634,338,2022-04-24,favourable,,75484,2024-04-23,ITV-8101
635,338,2024-04-23,favourable,,113227,2026-04-23,ITV-8983
636,339,2024-11-27,unfavourable,Handbrake efficiency below threshold,82853,2026-11-27,ITV-9639
637,340,2023-11-03,favourable,,34395,2025-11-02,ITV-4769
638,343,2018-07-14,favourable,,33094,2020-07-13,ITV-9322
639,343,2020-07-13,unfavourable,Seat belt retractor faulty,49642,2022-07-13,ITV-7672
640,343,2022-07-14,favourable,,66189,2024-07-13,ITV-5484
641,343,2024-07-13,favourable,,82736,2025-07-13,ITV-4768
642,345,2020-01-27,favourable,,33448,2022-01-26,ITV-2783
643,345,2022-01-26,favourable,,50172,2024-01-26,ITV-5304
644,345,2024-01-27,favourable,,66896,2026-01-26,ITV-7804
645,346,2025-03-01,favourable,,72194,2027-03-01,ITV-1015
646,347,2020-08-18,favourable,,20714,2022-08-18,ITV-7437
647,347,2022-08-18,unfavourable,Worn front tyre below 1.6mm,31072,2024-08-17,ITV-1184
648,347,2024-08-18,favourable,,41429,2026-08-18,ITV-5757
649,348,2016-05-01,favourable,,88235,2018-05-01,ITV-0967
650,348,2018-05-01,favourable,,132353,2020-04-30,ITV-7572
651,348,2020-05-01,favourable,,176471,2022-05-01,ITV-9369
652,348,2022-05-01,favourable,,220589,2023-05-01,ITV-3323
653,348,2023-05-01,favourable,,242648,2024-04-30,ITV-4419
654,348,2024-05-01,favourable,,264707,2025-05-01,ITV-0264
655,348,2025-05-01,favourable,,286766,2026-05-01,ITV-3385
656,350,2021-04-17,negative,Excessive brake imbalance,40689,2023-04-17,ITV-7538
657,350,2023-04-17,favourable,,61034,2025-04-16,ITV-2853
658,350,2025-04-17,favourable,,81379,2027-04-17,ITV-9652
659,354,2019-12-09,favourable,,43393,2021-12-08,ITV-1526
660,354,2021-12-08,negative,Corroded exhaust mounting,65089,2023-12-08,ITV-8033
661,354,2023-12-09,favourable,,86786,2025-12-08,ITV-8364
662,356,2021-12-01,favourable,,31403,2023-12-01,ITV-2712
663,356,2023-12-01,favourable,,47104,2025-11-30,ITV-5517
664,357,2022-09-05,unfavourable,Corroded exhaust mounting,80876,2024-09-04,ITV-5811
665,357,2024-09-04,favourable,,121314,2026-09-04,ITV-5126
666,359,2024-03-26,unfavourable,Worn front tyre below 1.6mm,46893,2026-03-26,ITV-8787
667,360,2024-05-28,favourable,,72450,2026-05-28,ITV-1382
668,361,2023-09-30,favourable,,15090,2025-09-29,ITV-2688
669,362,2019-04-05,favourable,,73884,2021-04-04,ITV-9981
670,362,2021-04-04,unfavourable,Suspension bush play,110826,2023-04-04,ITV-3200
671,362,2023-04-05,favourable,,147769,2025-04-04,ITV-1045
672,362,2025-04-04,favourable,,184711,2026-04-04,ITV-1280
673,363,2020-03-11,favourable,,76265,2022-03-11,ITV-5874
674,363,2022-03-11,unfavourable,Worn front tyre below 1.6mm,114397,2024-03-10,ITV-1275
675,363,2024-03-11,favourable,,152530,2026-03-11,ITV-8562
676,365,2025-02-21,negative,Emissions above limit,45278,2027-02-21,ITV-2084
677,366,2025-03-15,favourable,,43261,2027-03-15,ITV-3029
678,367,2020-10-20,favourable,,23217,2022-10-20,ITV-1925
679,367,2022-10-20,favourable,,34826,2024-10-19,ITV-2300
680,367,2024-10-20,favourable,,46435,2026-10-20,ITV-7102
681,369,2022-12-29,unfavourable,Worn front tyre below 1.6mm,68965,2024-12-28,ITV-7626
682,369,2024-12-28,favourable,,103448,2026-12-28,ITV-0175
683,370,2019-07-25,unfavourable,Suspension bush play,50187,2021-07-24,ITV-5451
684,370,2021-07-24,favourable,,75280,2023-07-24,ITV-2018
685,370,2023-07-25,favourable,,100374,2025-07-24,ITV-6173
686,371,2020-04-19,favourable,,66672,2022-04-19,ITV-9117
687,371,2022-04-19,favourable,,100009,2024-04-18,ITV-0474
688,371,2024-04-19,favourable,,133345,2026-04-19,ITV-5312
689,373,2023-02-08,favourable,,60168,2025-02-07,ITV-5996
690,373,2025-02-07,favourable,,90253,2027-02-07,ITV-5176
691,374,2023-12-05,negative,Windscreen chip in swept area,71419,2025-12-04,ITV-1413
692,375,2024-07-22,favourable,,30355,2026-07-22,ITV-6017
693,376,2025-06-25,favourable,,74823,2027-06-25,ITV-0082
694,378,2019-08-28,unfavourable,Excessive steering play,79293,2021-08-27,ITV-2351
695,378,2021-08-27,negative,Excessive steering play,118940,2023-08-27,ITV-4817
696,378,2023-08-28,favourable,,158587,2025-08-27,ITV-7347
697,384,2017-12-01,favourable,,61391,2019-12-01,ITV-1170
698,384,2019-12-01,favourable,,92087,2021-11-30,ITV-1176
699,384,2021-12-01,favourable,,122782,2023-12-01,ITV-1262
700,384,2023-12-01,favourable,,153478,2024-11-30,ITV-2760
701,384,2024-11-30,favourable,,168826,2025-11-30,ITV-6901
702,388,2022-09-16,favourable,,7999,2024-09-15,ITV-9040
703,388,2024-09-15,favourable,,11999,2026-09-15,ITV-6757
704,391,2020-02-17,unfavourable,Suspension bush play,48126,2022-02-16,ITV-7797
705,391,2022-02-16,favourable,,72190,2024-02-16,ITV-0886
706,391,2024-02-17,favourable,,96253,2026-02-16,ITV-3144
707,392,2022-01-24,favourable,,46344,2024-01-24,ITV-3058
708,392,2024-01-24,favourable,,69516,2026-01-23,ITV-3952
709,395,2024-05-22,negative,Emissions above limit,38697,2026-05-22,ITV-8553
710,398,2025-06-03,unfavourable,Rear shock absorber leaking,59619,2027-06-03,ITV-3558
711,399,2025-04-04,unfavourable,Rear shock absorber leaking,25216,2027-04-04,ITV-2343
712,400,2016-10-09,favourable,,24782,2018-10-09,ITV-6214
713,400,2018-10-09,favourable,,37173,2020-10-08,ITV-4583
714,400,2020-10-09,favourable,,49564,2022-10-09,ITV-0656
715,400,2022-10-09,favourable,,61955,2023-10-09,ITV-1612
716,400,2023-10-09,favourable,,68151,2024-10-08,ITV-4666
717,400,2024-10-09,favourable,,74346,2025-10-09,ITV-1206
718,402,2023-06-11,favourable,,40665,2025-06-10,ITV-8113
719,402,2025-06-10,negative,Worn front tyre below 1.6mm,60998,2027-06-10,ITV-9998
720,403,2024-02-04,negative,Handbrake efficiency below threshold,43507,2026-02-03,ITV-0172
721,404,2019-09-24,negative,Emissions above limit,53174,2021-09-23,ITV-6483
722,404,2021-09-23,unfavourable,Windscreen chip in swept area,79762,2023-09-23,ITV-2840
723,404,2023-09-24,favourable,,106349,2025-09-23,ITV-3153
724,405,2019-07-10,favourable,,49988,2021-07-09,ITV-0624
725,405,2021-07-09,favourable,,74982,2023-07-09,ITV-4965
726,405,2023-07-10,favourable,,99976,2025-07-09,ITV-5514
727,406,2024-01-15,unfavourable,Seat belt retractor faulty,57301,2026-01-14,ITV-5884
728,409,2020-01-31,favourable,,73271,2022-01-30,ITV-5626
729,409,2022-01-30,negative,Suspension bush play,109907,2024-01-30,ITV-8724
730,409,2024-01-31,unfavourable,Windscreen chip in swept area,146543,2026-01-30,ITV-7276
731,411,2024-10-10,unfavourable,Seat belt retractor faulty,56142,2026-10-10,ITV-3736
732,412,2014-05-23,unfavourable,Handbrake efficiency below threshold,66069,2016-05-22,ITV-9994
733,412,2016-05-22,favourable,,99104,2018-05-22,ITV-9405
734,412,2018-05-23,favourable,,132139,2020-05-22,ITV-3638
735,412,2020-05-22,favourable,,165174,2021-05-22,ITV-5664
736,412,2021-05-22,favourable,,181692,2022-05-22,ITV-7558
737,412,2022-05-23,favourable,,198209,2023-05-23,ITV-7411
738,412,2023-05-23,favourable,,214727,2024-05-22,ITV-1560
739,412,2024-05-22,favourable,,231244,2025-05-22,ITV-1158
740,412,2025-05-22,favourable,,247762,2026-05-22,ITV-0111
741,413,2022-04-30,favourable,,98625,2024-04-29,ITV-3380
742,413,2024-04-29,favourable,,147938,2026-04-29,ITV-6308
743,414,2016-11-12,favourable,,54662,2018-11-12,ITV-8640
744,414,2018-11-12,favourable,,81993,2020-11-11,ITV-2263
745,414,2020-11-12,negative,Corroded exhaust mounting,109324,2022-11-12,ITV-4277
746,414,2022-11-12,favourable,,136655,2023-11-12,ITV-3789
747,414,2023-11-12,unfavourable,Excessive steering play,150321,2024-11-11,ITV-2424
748,414,2024-11-12,favourable,,163986,2025-11-12,ITV-7375
749,416,2023-01-29,unfavourable,Excessive brake imbalance,69600,2025-01-28,ITV-9558
750,416,2025-01-28,favourable,,104401,2027-01-28,ITV-7140
751,417,2023-05-25,favourable,,42218,2025-05-24,ITV-0923
752,417,2025-05-24,favourable,,63327,2027-05-24,ITV-6037
753,419,2024-09-11,unfavourable,Rear shock absorber leaking,50859,2026-09-11,ITV-0845
754,420,2016-07-15,unfavourable,Handbrake efficiency below threshold,58452,2018-07-15,ITV-9365
755,420,2018-07-15,favourable,,87678,2020-07-14,ITV-0628
756,420,2020-07-15,favourable,,116904,2022-07-15,ITV-2529
757,420,2022-07-15,favourable,,146130,2023-07-15,ITV-4870
758,420,2023-07-15,unfavourable,Number plate light inoperative,160743,2024-07-14,ITV-5953
759,420,2024-07-15,favourable,,175357,2025-07-15,ITV-3390
760,423,2022-10-20,favourable,,86857,2024-10-19,ITV-8542
761,423,2024-10-19,favourable,,130286,2026-10-19,ITV-2230
762,424,2025-03-26,unfavourable,Corroded exhaust mounting,63538,2027-03-26,ITV-3662
763,426,2019-09-26,favourable,,39284,2021-09-25,ITV-2908
764,426,2021-09-25,favourable,,58926,2023-09-25,ITV-0801
765,426,2023-09-26,favourable,,78568,2025-09-25,ITV-0122
766,427,2022-01-21,favourable,,49600,2024-01-21,ITV-0185
767,427,2024-01-21,favourable,,74400,2026-01-20,ITV-1827
768,431,2016-05-29,favourable,,87625,2018-05-29,ITV-2186
769,431,2018-05-29,favourable,,131438,2020-05-28,ITV-3537
770,431,2020-05-29,favourable,,175251,2022-05-29,ITV-0391
771,431,2022-05-29,unfavourable,Windscreen chip in swept area,219064,2023-05-29,ITV-1031
772,431,2023-05-29,negative,Emissions above limit,240970,2024-05-28,ITV-8711
773,431,2024-05-29,favourable,,262877,2025-05-29,ITV-6268
774,431,2025-05-29,favourable,,284783,2026-05-29,ITV-6323
775,435,2019-10-17,favourable,,59212,2021-10-16,ITV-4962
776,435,2021-10-16,favourable,,88818,2023-10-16,ITV-9008
777,435,2023-10-17,favourable,,118424,2025-10-16,ITV-1292
778,436,2020-10-29,favourable,,45057,2022-10-29,ITV-1692
779,436,2022-10-29,favourable,,67585,2024-10-28,ITV-9582
780,436,2024-10-29,favourable,,90114,2026-10-29,ITV-8489
781,438,2018-11-13,favourable,,48126,2020-11-12,ITV-8639
782,438,2020-11-12,favourable,,72189,2022-11-12,ITV-7481
783,438,2022-11-13,negative,Seat belt retractor faulty,96252,2024-11-12,ITV-5543
784,438,2024-11-12,favourable,,120316,2025-11-12,ITV-6186
785,440,2014-05-20,favourable,,42536,2016-05-19,ITV-1532
786,440,2016-05-19,unfavourable,Seat belt retractor faulty,63805,2018-05-19,ITV-3409
787,440,2018-05-20,unfavourable,Faulty dipped beam alignment,85073,2020-05-19,ITV-2143
788,440,2020-05-19,favourable,,106342,2021-05-19,ITV-9885
789,440,2021-05-19,favourable,,116976,2022-05-19,ITV-6819
790,440,2022-05-20,favourable,,127610,2023-05-20,ITV-8358
791,440,2023-05-20,favourable,,138244,2024-05-19,ITV-3691
792,440,2024-05-19,favourable,,148878,2025-05-19,ITV-4298
793,440,2025-05-19,favourable,,159513,2026-05-19,ITV-2379
794,443,2023-10-23,favourable,,73765,2025-10-22,ITV-3449
795,445,2023-02-18,favourable,,58291,2025-02-17,ITV-5053
796,445,2025-02-17,favourable,,87437,2027-02-17,ITV-6795
797,447,2018-03-05,unfavourable,Windscreen chip in swept area,23752,2020-03-04,ITV-4595
798,447,2020-03-04,unfavourable,Excessive brake imbalance,35628,2022-03-04,ITV-2311
799,447,2022-03-05,favourable,,47504,2024-03-04,ITV-6522
800,447,2024-03-04,favourable,,59380,2025-03-04,ITV-2894
801,447,2025-03-04,unfavourable,Excessive steering play,65318,2026-03-04,ITV-4013
802,448,2022-03-10,favourable,,7999,2024-03-09,ITV-9299
803,448,2024-03-09,favourable,,11999,2026-03-09,ITV-2459
804,449,2017-04-17,favourable,,53312,2019-04-17,ITV-0011
805,449,2019-04-17,favourable,,79969,2021-04-16,ITV-5887
806,449,2021-04-17,favourable,,106625,2023-04-17,ITV-7732
807,449,2023-04-17,favourable,,133282,2024-04-16,ITV-3485
808,449,2024-04-16,favourable,,146610,2025-04-16,ITV-1814
809,449,2025-04-17,unfavourable,Suspension bush play,159938,2026-04-17,ITV-0634
810,450,2019-11-27,favourable,,37049,2021-11-26,ITV-2259
811,450,2021-11-26,favourable,,55573,2023-11-26,ITV-2716
812,450,2023-11-27,favourable,,74098,2025-11-26,ITV-0411
813,451,2024-12-19,favourable,,34611,2026-12-19,ITV-8904
814,452,2023-03-21,favourable,,24877,2025-03-20,ITV-4430
815,452,2025-03-20,favourable,,37316,2027-03-20,ITV-3360
816,453,2025-03-12,unfavourable,Suspension bush play,47849,2027-03-12,ITV-1971
817,456,2021-10-28,unfavourable,Handbrake efficiency below threshold,56382,2023-10-28,ITV-5482
818,456,2023-10-28,favourable,,84573,2025-10-27,ITV-3588
819,460,2016-03-14,favourable,,72061,2018-03-14,ITV-9219
820,460,2018-03-14,unfavourable,Emissions above limit,108091,2020-03-13,ITV-9320
821,460,2020-03-14,unfavourable,Windscreen chip in swept area,144122,2022-03-14,ITV-5552
822,460,2022-03-14,unfavourable,Seat belt retractor faulty,180152,2023-03-14,ITV-8477
823,460,2023-03-14,favourable,,198167,2024-03-13,ITV-3908
824,460,2024-03-14,favourable,,216183,2025-03-14,ITV-0490
825,460,2025-03-14,favourable,,234198,2026-03-14,ITV-9449
826,463,2021-02-25,favourable,,46896,2023-02-25,ITV-8168
827,463,2023-02-25,favourable,,70345,2025-02-24,ITV-1333
828,463,2025-02-25,favourable,,93793,2027-02-25,ITV-3401
829,464,2020-10-01,negative,Excessive brake imbalance,46786,2022-10-01,ITV-3002
830,464,2022-10-01,favourable,,70180,2024-09-30,ITV-7818
831,464,2024-10-01,favourable,,93573,2026-10-01,ITV-7358
832,465,2023-12-24,favourable,,43809,2025-12-23,ITV-5994
833,469,2023-10-13,favourable,,40068,2025-10-12,ITV-3388
834,470,2019-11-09,favourable,,72420,2021-11-08,ITV-7755
835,470,2021-11-08,favourable,,108630,2023-11-08,ITV-0583
836,470,2023-11-09,favourable,,144841,2025-11-08,ITV-0755
837,471,2024-10-28,favourable,,38806,2026-10-28,ITV-5609
838,472,2019-04-13,unfavourable,Seat belt retractor faulty,51488,2021-04-12,ITV-7979
839,472,2021-04-12,favourable,,77232,2023-04-12,ITV-8160
840,472,2023-04-13,favourable,,102977,2025-04-12,ITV-7572
841,472,2025-04-12,favourable,,128721,2026-04-12,ITV-8766
842,473,2017-09-01,unfavourable,Worn front tyre below 1.6mm,64550,2019-09-01,ITV-4130
843,473,2019-09-01,unfavourable,Excessive brake imbalance,96826,2021-08-31,ITV-3142
844,473,2021-09-01,negative,Handbrake efficiency below threshold,129101,2023-09-01,ITV-0122
845,473,2023-09-01,favourable,,161377,2024-08-31,ITV-4184
846,473,2024-08-31,favourable,,177514,2025-08-31,ITV-0419
847,476,2025-02-10,favourable,,39409,2027-02-10,ITV-5425
848,477,2019-06-20,favourable,,44098,2021-06-19,ITV-4316
849,477,2021-06-19,favourable,,66148,2023-06-19,ITV-4757
850,477,2023-06-20,favourable,,88197,2025-06-19,ITV-0967
851,477,2025-06-19,favourable,,110247,2026-06-19,ITV-8167
852,479,2021-01-08,favourable,,45775,2023-01-08,ITV-3885
853,479,2023-01-08,favourable,,68662,2025-01-07,ITV-9724
854,479,2025-01-08,favourable,,91550,2027-01-08,ITV-4989
855,480,2024-10-07,negative,Corroded exhaust mounting,59608,2026-10-07,ITV-2496
856,481,2022-01-31,favourable,,46767,2024-01-31,ITV-4291
857,481,2024-01-31,favourable,,70150,2026-01-30,ITV-4167
858,482,2023-12-11,favourable,,84890,2025-12-10,ITV-9268
859,484,2016-05-05,favourable,,26026,2018-05-05,ITV-1254
860,484,2018-05-05,favourable,,39039,2020-05-04,ITV-9905
861,484,2020-05-05,favourable,,52052,2022-05-05,ITV-0382
862,484,2022-05-05,favourable,,65066,2023-05-05,ITV-3055
863,484,2023-05-05,favourable,,71572,2024-05-04,ITV-4327
864,484,2024-05-05,unfavourable,Handbrake efficiency below threshold,78079,2025-05-05,ITV-3078
865,484,2025-05-05,favourable,,84585,2026-05-05,ITV-0864
866,486,2024-09-13,favourable,,19340,2026-09-13,ITV-3061
867,490,2021-03-30,favourable,,69224,2023-03-30,ITV-1822
868,490,2023-03-30,favourable,,103836,2025-03-29,ITV-8616
869,490,2025-03-30,favourable,,138448,2027-03-30,ITV-1187
870,491,2022-09-14,favourable,,60545,2024-09-13,ITV-9945
871,491,2024-09-13,favourable,,90818,2026-09-13,ITV-4509
872,493,2019-05-10,favourable,,15533,2021-05-09,ITV-0117
873,493,2021-05-09,favourable,,23300,2023-05-09,ITV-2517
874,493,2023-05-10,favourable,,31066,2025-05-09,ITV-3409
875,493,2025-05-09,favourable,,38833,2026-05-09,ITV-1809
876,496,2015-09-03,favourable,,43878,2017-09-02,ITV-7414
877,496,2017-09-02,favourable,,65817,2019-09-02,ITV-4203
878,496,2019-09-03,favourable,,87757,2021-09-02,ITV-2868
879,496,2021-09-02,favourable,,109696,2022-09-02,ITV-8352
880,496,2022-09-02,favourable,,120666,2023-09-02,ITV-5106
881,496,2023-09-03,negative,Corroded exhaust mounting,131635,2024-09-02,ITV-1391
882,496,2024-09-02,favourable,,142605,2025-09-02,ITV-9577
883,498,2024-01-03,favourable,,80396,2026-01-02,ITV-9420
884,499,2023-06-09,favourable,,76701,2025-06-08,ITV-9107
885,499,2025-06-08,favourable,,115052,2027-06-08,ITV-6442
886,500,2023-02-14,favourable,,74072,2025-02-13,ITV-6878
887,500,2025-02-13,favourable,,111108,2027-02-13,ITV-7998
888,501,2024-08-23,favourable,,59842,2026-08-23,ITV-7350
889,504,2020-11-05,favourable,,68966,2022-11-05,ITV-2655
890,504,2022-11-05,favourable,,103450,2024-11-04,ITV-9264
891,504,2024-11-05,favourable,,137933,2026-11-05,ITV-6995
892,505,2021-10-09,favourable,,52036,2023-10-09,ITV-0573
893,505,2023-10-09,favourable,,78054,2025-10-08,ITV-8960
894,508,2022-01-06,favourable,,70768,2024-01-06,ITV-4621
895,508,2024-01-06,unfavourable,Suspension bush play,106152,2026-01-05,ITV-1905
896,509,2023-02-08,favourable,,39556,2025-02-07,ITV-5454
897,509,2025-02-07,unfavourable,Suspension bush play,59334,2027-02-07,ITV-6941
898,510,2024-10-18,negative,Emissions above limit,48143,2026-10-18,ITV-4668
899,511,2023-09-09,favourable,,59559,2025-09-08,ITV-6725
900,512,2019-03-28,unfavourable,Seat belt retractor faulty,66853,2021-03-27,ITV-2478
901,512,2021-03-27,favourable,,100279,2023-03-27,ITV-0895
902,512,2023-03-28,favourable,,133706,2025-03-27,ITV-8657
903,512,2025-03-27,favourable,,167132,2026-03-27,ITV-0234
904,513,2025-01-30,favourable,,44048,2027-01-30,ITV-3873
905,514,2024-08-05,favourable,,71906,2026-08-05,ITV-5108
906,517,2023-08-18,favourable,,27168,2025-08-17,ITV-7404
907,518,2017-09-14,favourable,,62567,2019-09-14,ITV-8728
908,518,2019-09-14,favourable,,93851,2021-09-13,ITV-1106
909,518,2021-09-14,negative,Emissions above limit,125135,2023-09-14,ITV-4472
910,518,2023-09-14,favourable,,156418,2024-09-13,ITV-4857
911,518,2024-09-13,favourable,,172060,2025-09-13,ITV-7909
912,520,2024-01-10,unfavourable,Number plate light inoperative,9293,2026-01-09,ITV-6676
913,521,2024-02-15,unfavourable,Rear shock absorber leaking,71761,2026-02-14,ITV-1970
914,522,2017-05-09,favourable,,28775,2019-05-09,ITV-1337
915,522,2019-05-09,favourable,,43163,2021-05-08,ITV-2544
916,522,2021-05-09,favourable,,57551,2023-05-09,ITV-0642
917,522,2023-05-09,favourable,,71939,2024-05-08,ITV-0730
918,522,2024-05-08,favourable,,79132,2025-05-08,ITV-4535
919,522,2025-05-09,favourable,,86326,2026-05-09,ITV-6561
920,523,2024-09-21,favourable,,40481,2026-09-21,ITV-1889
921,527,2021-04-29,favourable,,61466,2023-04-29,ITV-3144
922,527,2023-04-29,favourable,,92200,2025-04-28,ITV-0863
923,527,2025-04-29,negative,Excessive brake imbalance,122933,2027-04-29,ITV-2886
924,528,2018-11-05,favourable,,40370,2020-11-04,ITV-2520
925,528,2020-11-04,favourable,,60555,2022-11-04,ITV-3502
926,528,2022-11-05,favourable,,80741,2024-11-04,ITV-7567
927,528,2024-11-04,favourable,,100926,2025-11-04,ITV-4182
928,529,2017-07-09,favourable,,66653,2019-07-09,ITV-5100
929,529,2019-07-09,unfavourable,Handbrake efficiency below threshold,99980,2021-07-08,ITV-5262
930,529,2021-07-09,favourable,,133307,2023-07-09,ITV-7035
931,529,2023-07-09,favourable,,166633,2024-07-08,ITV-6992
932,529,2024-07-08,favourable,,183297,2025-07-08,ITV-9846
933,530,2023-12-25,negative,Number plate light inoperative,41432,2025-12-24,ITV-2845
934,531,2022-06-04,unfavourable,Faulty dipped beam alignment,59163,2024-06-03,ITV-9428
935,531,2024-06-03,favourable,,88745,2026-06-03,ITV-7412
936,535,2025-01-25,favourable,,47219,2027-01-25,ITV-9764
937,537,2014-03-28,favourable,,67364,2016-03-27,ITV-2214
938,537,2016-03-27,favourable,,101046,2018-03-27,ITV-7546
939,537,2018-03-28,favourable,,134728,2020-03-27,ITV-6082
940,537,2020-03-27,favourable,,168410,2021-03-27,ITV-7586
941,537,2021-03-27,favourable,,185251,2022-03-27,ITV-3203
942,537,2022-03-28,unfavourable,Faulty dipped beam alignment,202092,2023-03-28,ITV-0819
943,537,2023-03-28,favourable,,218933,2024-03-27,ITV-5729
944,537,2024-03-27,favourable,,235774,2025-03-27,ITV-0333
945,537,2025-03-27,favourable,,252615,2026-03-27,ITV-8123
946,538,2018-12-10,favourable,,63586,2020-12-09,ITV-1387
947,538,2020-12-09,favourable,,95379,2022-12-09,ITV-9557
948,538,2022-12-10,favourable,,127173,2024-12-09,ITV-6968
949,538,2024-12-09,favourable,,158966,2025-12-09,ITV-1434
950,540,2021-01-08,favourable,,95161,2023-01-08,ITV-8879
951,540,2023-01-08,favourable,,142742,2025-01-07,ITV-0015
952,540,2025-01-08,favourable,,190322,2027-01-08,ITV-5966
953,541,2019-09-23,favourable,,57376,2021-09-22,ITV-7997
954,541,2021-09-22,favourable,,86064,2023-09-22,ITV-1342
955,541,2023-09-23,favourable,,114752,2025-09-22,ITV-0817
956,542,2019-12-01,negative,Seat belt retractor faulty,7999,2021-11-30,ITV-9085
957,542,2021-11-30,favourable,,11999,2023-11-30,ITV-8639
958,542,2023-12-01,favourable,,15999,2025-11-30,ITV-9917
959,545,2024-09-11,favourable,,63953,2026-09-11,ITV-0287
960,546,2024-01-19,favourable,,38296,2026-01-18,ITV-4892
961,547,2017-02-02,favourable,,67970,2019-02-02,ITV-0207
962,547,2019-02-02,favourable,,101956,2021-02-01,ITV-2021
963,547,2021-02-02,favourable,,135941,2023-02-02,ITV-2550
964,547,2023-02-02,favourable,,169927,2024-02-02,ITV-3960
965,547,2024-02-02,unfavourable,Number plate light inoperative,186919,2025-02-01,ITV-8792
966,547,2025-02-02,favourable,,203912,2026-02-02,ITV-8289
967,548,2023-07-20,favourable,,40388,2025-07-19,ITV-3878
968,549,2025-05-05,unfavourable,Rear shock absorber leaking,59016,2027-05-05,ITV-0136
969,550,2024-11-04,favourable,,63792,2026-11-04,ITV-4721
970,552,2022-09-26,favourable,,35189,2024-09-25,ITV-8111
971,552,2024-09-25,favourable,,52784,2026-09-25,ITV-9636
972,553,2016-09-28,favourable,,43399,2018-09-28,ITV-0226
973,553,2018-09-28,favourable,,65099,2020-09-27,ITV-8713
974,553,2020-09-28,favourable,,86799,2022-09-28,ITV-0520
975,553,2022-09-28,favourable,,108499,2023-09-28,ITV-9407
976,553,2023-09-28,favourable,,119349,2024-09-27,ITV-9102
977,553,2024-09-28,favourable,,130199,2025-09-28,ITV-6628
978,556,2024-05-31,favourable,,72690,2026-05-31,ITV-5170
979,560,2015-10-01,favourable,,83459,2017-09-30,ITV-9517
980,560,2017-09-30,favourable,,125189,2019-09-30,ITV-5813
981,560,2019-10-01,favourable,,166918,2021-09-30,ITV-1931
982,560,2021-09-30,favourable,,208648,2022-09-30,ITV-6329
983,560,2022-09-30,favourable,,229513,2023-09-30,ITV-7919
984,560,2023-10-01,negative,Handbrake efficiency below threshold,250378,2024-09-30,ITV-2649
985,560,2024-09-30,favourable,,271243,2025-09-30,ITV-9849
986,564,2019-06-05,favourable,,62873,2021-06-04,ITV-6826
987,564,2021-06-04,unfavourable,Corroded exhaust mounting,94310,2023-06-04,ITV-7459
988,564,2023-06-05,favourable,,125746,2025-06-04,ITV-8882
989,564,2025-06-04,favourable,,157183,2026-06-04,ITV-8457
990,565,2019-08-04,negative,Number plate light inoperative,72903,2021-08-03,ITV-6908
991,565,2021-08-03,favourable,,109355,2023-08-03,ITV-5040
992,565,2023-08-04,favourable,,145806,2025-08-03,ITV-1379
993,566,2025-06-25,favourable,,50895,2027-06-25,ITV-0722
994,569,2022-02-09,favourable,,54942,2024-02-09,ITV-4629
995,569,2024-02-09,unfavourable,Rear shock absorber leaking,82413,2026-02-08,ITV-6036
996,571,2015-05-25,favourable,,75392,2017-05-24,ITV-9632
997,571,2017-05-24,unfavourable,Excessive brake imbalance,113088,2019-05-24,ITV-7871
998,571,2019-05-25,favourable,,150784,2021-05-24,ITV-1067
999,571,2021-05-24,favourable,,188480,2022-05-24,ITV-6079
1000,571,2022-05-24,favourable,,207328,2023-05-24,ITV-5948
1001,571,2023-05-25,favourable,,226176,2024-05-24,ITV-2252
1002,571,2024-05-24,unfavourable,Seat belt retractor faulty,245024,2025-05-24,ITV-7815
1003,571,2025-05-24,unfavourable,Seat belt retractor faulty,263872,2026-05-24,ITV-1933
1004,572,2022-04-06,favourable,,75361,2024-04-05,ITV-2438
1005,572,2024-04-05,favourable,,113042,2026-04-05,ITV-0800
1006,573,2018-12-30,favourable,,78252,2020-12-29,ITV-6473
1007,573,2020-12-29,favourable,,117379,2022-12-29,ITV-3082
1008,573,2022-12-30,favourable,,156505,2024-12-29,ITV-4441
1009,573,2024-12-29,favourable,,195632,2025-12-29,ITV-3602
1010,578,2021-04-13,negative,Emissions above limit,27789,2023-04-13,ITV-0936
1011,578,2023-04-13,favourable,,41684,2025-04-12,ITV-6651
1012,578,2025-04-13,favourable,,55579,2027-04-13,ITV-4264
1013,579,2018-12-11,favourable,,93914,2020-12-10,ITV-6061
1014,579,2020-12-10,favourable,,140872,2022-12-10,ITV-3149
1015,579,2022-12-11,favourable,,187829,2024-12-10,ITV-7664
1016,579,2024-12-10,unfavourable,Number plate light inoperative,234787,2025-12-10,ITV-6507
1017,580,2024-07-20,favourable,,31155,2026-07-20,ITV-2926
1018,581,2014-02-10,unfavourable,Number plate light inoperative,31520,2016-02-10,ITV-5766
1019,581,2016-02-10,favourable,,47280,2018-02-09,ITV-0966
1020,581,2018-02-10,unfavourable,Emissions above limit,63040,2020-02-10,ITV-0382
1021,581,2020-02-10,unfavourable,Emissions above limit,78800,2021-02-09,ITV-5163
1022,581,2021-02-09,unfavourable,Emissions above limit,86680,2022-02-09,ITV-9314
1023,581,2022-02-10,favourable,,94560,2023-02-10,ITV-6158
1024,581,2023-02-10,unfavourable,Suspension bush play,102440,2024-02-10,ITV-4411
1025,581,2024-02-10,favourable,,110320,2025-02-09,ITV-7663
1026,581,2025-02-09,favourable,,118200,2026-02-09,ITV-8219
1027,584,2019-05-10,favourable,,50714,2021-05-09,ITV-7580
1028,584,2021-05-09,unfavourable,Excessive steering play,76072,2023-05-09,ITV-0456
1029,584,2023-05-10,favourable,,101429,2025-05-09,ITV-5396
1030,584,2025-05-09,unfavourable,Number plate light inoperative,126787,2026-05-09,ITV-8007
1031,586,2023-06-21,favourable,,43552,2025-06-20,ITV-0452
1032,586,2025-06-20,favourable,,65328,2027-06-20,ITV-6008
1033,587,2025-06-01,unfavourable,Windscreen chip in swept area,75971,2027-06-01,ITV-8830
1034,589,2019-01-16,favourable,,68643,2021-01-15,ITV-8405
1035,589,2021-01-15,unfavourable,Rear shock absorber leaking,102965,2023-01-15,ITV-0032
1036,589,2023-01-16,favourable,,137287,2025-01-15,ITV-8609
1037,589,2025-01-15,favourable,,171609,2026-01-15,ITV-9546
1038,590,2019-10-21,unfavourable,Corroded exhaust mounting,64843,2021-10-20,ITV-2250
1039,590,2021-10-20,favourable,,97265,2023-10-20,ITV-3996
1040,590,2023-10-21,favourable,,129687,2025-10-20,ITV-9991
1041,593,2016-07-30,unfavourable,Worn front tyre below 1.6mm,49524,2018-07-30,ITV-6433
1042,593,2018-07-30,favourable,,74286,2020-07-29,ITV-5846
1043,593,2020-07-30,favourable,,99048,2022-07-30,ITV-3764
1044,593,2022-07-30,negative,Windscreen chip in swept area,123810,2023-07-30,ITV-3749
1045,593,2023-07-30,favourable,,136191,2024-07-29,ITV-6759
1046,593,2024-07-30,favourable,,148572,2025-07-30,ITV-2166
1047,594,2022-07-16,favourable,,45386,2024-07-15,ITV-3907
1048,594,2024-07-15,favourable,,68079,2026-07-15,ITV-7504
1049,596,2025-01-15,favourable,,67007,2027-01-15,ITV-5311
1050,597,2024-10-15,favourable,,57936,2026-10-15,ITV-3845
1051,599,2020-10-15,favourable,,31406,2022-10-15,ITV-7090
1052,599,2022-10-15,favourable,,47109,2024-10-14,ITV-2387
1053,599,2024-10-15,favourable,,62812,2026-10-15,ITV-2509
1054,600,2024-03-07,favourable,,27751,2026-03-07,ITV-5517
1055,602,2015-03-08,favourable,,63609,2017-03-07,ITV-4893
1056,602,2017-03-07,favourable,,95414,2019-03-07,ITV-9953
1057,602,2019-03-08,favourable,,127219,2021-03-07,ITV-8240
1058,602,2021-03-07,unfavourable,Windscreen chip in swept area,159024,2022-03-07,ITV-9084
1059,602,2022-03-07,favourable,,174927,2023-03-07,ITV-7827
1060,602,2023-03-08,favourable,,190829,2024-03-07,ITV-0195
1061,602,2024-03-07,favourable,,206732,2025-03-07,ITV-2525
1062,602,2025-03-07,favourable,,222634,2026-03-07,ITV-4110
1063,604,2021-04-29,favourable,,66101,2023-04-29,ITV-6081
1064,604,2023-04-29,favourable,,99152,2025-04-28,ITV-6187
1065,604,2025-04-29,favourable,,132202,2027-04-29,ITV-5112
1066,605,2022-03-07,negative,Excessive brake imbalance,26787,2024-03-06,ITV-9970
1067,605,2024-03-06,favourable,,40181,2026-03-06,ITV-2057
1068,606,2023-02-11,favourable,,39544,2025-02-10,ITV-3372
1069,606,2025-02-10,favourable,,59317,2027-02-10,ITV-0846
1070,607,2023-03-10,favourable,,58879,2025-03-09,ITV-1818
1071,607,2025-03-09,favourable,,88319,2027-03-09,ITV-3511
1072,611,2019-10-19,negative,Handbrake efficiency below threshold,40387,2021-10-18,ITV-9368
1073,611,2021-10-18,favourable,,60581,2023-10-18,ITV-3557
1074,611,2023-10-19,favourable,,80774,2025-10-18,ITV-4863
1075,612,2018-01-31,favourable,,73506,2020-01-31,ITV-0782
1076,612,2020-01-31,favourable,,110259,2022-01-30,ITV-9895
1077,612,2022-01-31,favourable,,147012,2024-01-31,ITV-4057
1078,612,2024-01-31,favourable,,183765,2025-01-30,ITV-8332
1079,612,2025-01-30,favourable,,202142,2026-01-30,ITV-5437
1080,613,2022-06-24,favourable,,20438,2024-06-23,ITV-4668
1081,613,2024-06-23,favourable,,30657,2026-06-23,ITV-0088
1082,614,2018-06-10,favourable,,77324,2020-06-09,ITV-2774
1083,614,2020-06-09,unfavourable,Excessive steering play,115986,2022-06-09,ITV-1534
1084,614,2022-06-10,unfavourable,Emissions above limit,154648,2024-06-09,ITV-7208
1085,614,2024-06-09,favourable,,193310,2025-06-09,ITV-1887
1086,614,2025-06-09,favourable,,212641,2026-06-09,ITV-6482
1087,615,2015-08-20,unfavourable,Seat belt retractor faulty,52233,2017-08-19,ITV-7054
1088,615,2017-08-19,unfavourable,Faulty dipped beam alignment,78350,2019-08-19,ITV-1156
1089,615,2019-08-20,unfavourable,Rear shock absorber leaking,104467,2021-08-19,ITV-5356
1090,615,2021-08-19,favourable,,130583,2022-08-19,ITV-6551
1091,615,2022-08-19,favourable,,143642,2023-08-19,ITV-5602
1092,615,2023-08-20,unfavourable,Handbrake efficiency below threshold,156700,2024-08-19,ITV-6802
1093,615,2024-08-19,favourable,,169759,2025-08-19,ITV-2081
1094,618,2019-03-05,negative,Seat belt retractor faulty,52958,2021-03-04,ITV-2879
1095,618,2021-03-04,favourable,,79438,2023-03-04,ITV-7761
1096,618,2023-03-05,favourable,,105917,2025-03-04,ITV-9071
1097,618,2025-03-04,favourable,,132396,2026-03-04,ITV-8949
1098,619,2022-09-11,favourable,,94793,2024-09-10,ITV-1705
1099,619,2024-09-10,favourable,,142189,2026-09-10,ITV-8404
1100,620,2025-01-04,favourable,,65071,2027-01-04,ITV-6768
1101,621,2019-10-05,favourable,,52806,2021-10-04,ITV-9531
1102,621,2021-10-04,unfavourable,Excessive brake imbalance,79210,2023-10-04,ITV-6348
1103,621,2023-10-05,unfavourable,Seat belt retractor faulty,105613,2025-10-04,ITV-3285
1104,623,2025-01-25,unfavourable,Excessive steering play,60639,2027-01-25,ITV-0285
1105,626,2020-10-05,favourable,,78728,2022-10-05,ITV-5733
1106,626,2022-10-05,favourable,,118092,2024-10-04,ITV-6525
1107,626,2024-10-05,favourable,,157456,2026-10-05,ITV-4483
1108,627,2023-08-18,favourable,,43448,2025-08-17,ITV-3277
1109,629,2021-03-21,favourable,,7999,2023-03-21,ITV-9118
1110,629,2023-03-21,favourable,,11999,2025-03-20,ITV-5795
1111,629,2025-03-21,favourable,,15999,2027-03-21,ITV-7532
1112,631,2021-09-02,unfavourable,Worn front tyre below 1.6mm,81343,2023-09-02,ITV-9728
1113,631,2023-09-02,unfavourable,Corroded exhaust mounting,122014,2025-09-01,ITV-5689
1114,633,2024-02-13,favourable,,35806,2026-02-12,ITV-4233
1115,636,2018-04-11,favourable,,57244,2020-04-10,ITV-4755
1116,636,2020-04-10,favourable,,85866,2022-04-10,ITV-4248
1117,636,2022-04-11,favourable,,114488,2024-04-10,ITV-4620
1118,636,2024-04-10,favourable,,143110,2025-04-10,ITV-4543
1119,636,2025-04-10,favourable,,157421,2026-04-10,ITV-4273
1120,637,2015-04-02,favourable,,36449,2017-04-01,ITV-6171
1121,637,2017-04-01,favourable,,54673,2019-04-01,ITV-2075
1122,637,2019-04-02,unfavourable,Number plate light inoperative,72898,2021-04-01,ITV-5670
1123,637,2021-04-01,favourable,,91122,2022-04-01,ITV-5728
1124,637,2022-04-01,favourable,,100235,2023-04-01,ITV-6824
1125,637,2023-04-02,favourable,,109347,2024-04-01,ITV-0731
1126,637,2024-04-01,favourable,,118459,2025-04-01,ITV-7882
1127,637,2025-04-01,unfavourable,Worn front tyre below 1.6mm,127572,2026-04-01,ITV-0372
1128,638,2022-03-05,favourable,,94516,2024-03-04,ITV-7971
1129,638,2024-03-04,favourable,,141775,2026-03-04,ITV-1812
1130,639,2024-08-05,favourable,,41889,2026-08-05,ITV-6826
1131,640,2018-11-18,favourable,,47175,2020-11-17,ITV-7573
1132,640,2020-11-17,favourable,,70762,2022-11-17,ITV-4384
1133,640,2022-11-18,favourable,,94350,2024-11-17,ITV-3202
1134,640,2024-11-17,favourable,,117937,2025-11-17,ITV-4839
1135,641,2021-12-09,favourable,,41725,2023-12-09,ITV-1879
1136,641,2023-12-09,favourable,,62588,2025-12-08,ITV-4138
1137,644,2018-10-20,favourable,,49344,2020-10-19,ITV-3457
1138,644,2020-10-19,favourable,,74016,2022-10-19,ITV-3624
1139,644,2022-10-20,favourable,,98688,2024-10-19,ITV-5358
1140,644,2024-10-19,favourable,,123361,2025-10-19,ITV-6741
1141,645,2017-09-11,favourable,,86241,2019-09-11,ITV-1436
1142,645,2019-09-11,favourable,,129362,2021-09-10,ITV-9209
1143,645,2021-09-11,unfavourable,Seat belt retractor faulty,172482,2023-09-11,ITV-4824
1144,645,2023-09-11,favourable,,215603,2024-09-10,ITV-3059
1145,645,2024-09-10,favourable,,237163,2025-09-10,ITV-0172
1146,647,2022-07-17,favourable,,47573,2024-07-16,ITV-5746
1147,647,2024-07-16,favourable,,71360,2026-07-16,ITV-4090
1148,648,2025-05-24,unfavourable,Handbrake efficiency below threshold,37713,2027-05-24,ITV-4916
1149,649,2019-10-03,favourable,,37203,2021-10-02,ITV-1394
1150,649,2021-10-02,favourable,,55805,2023-10-02,ITV-2439
1151,649,2023-10-03,favourable,,74407,2025-10-02,ITV-1481
1152,651,2019-01-18,favourable,,44003,2021-01-17,ITV-2697
1153,651,2021-01-17,favourable,,66004,2023-01-17,ITV-0333
1154,651,2023-01-18,unfavourable,Windscreen chip in swept area,88006,2025-01-17,ITV-7311
1155,651,2025-01-17,unfavourable,Faulty dipped beam alignment,110007,2026-01-17,ITV-2102
1156,652,2023-08-27,favourable,,52228,2025-08-26,ITV-7296
1157,653,2023-07-22,favourable,,68131,2025-07-21,ITV-5106
1158,654,2019-03-21,favourable,,93653,2021-03-20,ITV-7884
1159,654,2021-03-20,unfavourable,Worn front tyre below 1.6mm,140480,2023-03-20,ITV-8336
1160,654,2023-03-21,unfavourable,Number plate light inoperative,187307,2025-03-20,ITV-4277
1161,654,2025-03-20,favourable,,234134,2026-03-20,ITV-9440
1162,655,2015-08-13,unfavourable,Handbrake efficiency below threshold,29091,2017-08-12,ITV-3254
1163,655,2017-08-12,favourable,,43636,2019-08-12,ITV-4628
1164,655,2019-08-13,favourable,,58182,2021-08-12,ITV-0779
1165,655,2021-08-12,unfavourable,Corroded exhaust mounting,72727,2022-08-12,ITV-7975
1166,655,2022-08-12,favourable,,80000,2023-08-12,ITV-1828
1167,655,2023-08-13,favourable,,87273,2024-08-12,ITV-3866
1168,655,2024-08-12,favourable,,94546,2025-08-12,ITV-5926
1169,656,2017-03-13,favourable,,59698,2019-03-13,ITV-1505
1170,656,2019-03-13,favourable,,89547,2021-03-12,ITV-1394
1171,656,2021-03-13,unfavourable,Emissions above limit,119396,2023-03-13,ITV-1552
1172,656,2023-03-13,favourable,,149245,2024-03-12,ITV-7895
1173,656,2024-03-12,favourable,,164170,2025-03-12,ITV-3044
1174,656,2025-03-13,favourable,,179095,2026-03-13,ITV-3688
1175,659,2020-01-20,favourable,,63943,2022-01-19,ITV-4011
1176,659,2022-01-19,favourable,,95915,2024-01-19,ITV-3764
1177,659,2024-01-20,favourable,,127887,2026-01-19,ITV-3848
1178,660,2014-07-15,favourable,,68506,2016-07-14,ITV-1504
1179,660,2016-07-14,favourable,,102759,2018-07-14,ITV-8102
1180,660,2018-07-15,favourable,,137013,2020-07-14,ITV-4931
1181,660,2020-07-14,favourable,,171266,2021-07-14,ITV-4221
1182,660,2021-07-14,unfavourable,Handbrake efficiency below threshold,188393,2022-07-14,ITV-4052
1183,660,2022-07-15,favourable,,205519,2023-07-15,ITV-3614
1184,660,2023-07-15,favourable,,222646,2024-07-14,ITV-7118
1185,660,2024-07-14,negative,Excessive brake imbalance,239772,2025-07-14,ITV-9528
1186,661,2019-06-11,unfavourable,Windscreen chip in swept area,104594,2021-06-10,ITV-5992
1187,661,2021-06-10,favourable,,156892,2023-06-10,ITV-0238
1188,661,2023-06-11,favourable,,209189,2025-06-10,ITV-7146
1189,661,2025-06-10,favourable,,261486,2026-06-10,ITV-4207
1190,664,2022-04-16,unfavourable,Handbrake efficiency below threshold,70216,2024-04-15,ITV-3410
1191,664,2024-04-15,favourable,,105325,2026-04-15,ITV-1487
1192,666,2023-03-12,favourable,,55014,2025-03-11,ITV-5286
1193,666,2025-03-11,unfavourable,Handbrake efficiency below threshold,82521,2027-03-11,ITV-8661
1194,668,2022-01-09,favourable,,91315,2024-01-09,ITV-1264
1195,668,2024-01-09,negative,Handbrake efficiency below threshold,136973,2026-01-08,ITV-2930
1196,670,2018-04-21,favourable,,62267,2020-04-20,ITV-9366
1197,670,2020-04-20,favourable,,93401,2022-04-20,ITV-4918
1198,670,2022-04-21,favourable,,124535,2024-04-20,ITV-7317
1199,670,2024-04-20,unfavourable,Suspension bush play,155669,2025-04-20,ITV-8142
1200,670,2025-04-20,favourable,,171236,2026-04-20,ITV-4638
1201,671,2018-04-03,unfavourable,Suspension bush play,52921,2020-04-02,ITV-3536
1202,671,2020-04-02,favourable,,79381,2022-04-02,ITV-6735
1203,671,2022-04-03,negative,Worn front tyre below 1.6mm,105842,2024-04-02,ITV-6971
1204,671,2024-04-02,favourable,,132303,2025-04-02,ITV-3181
1205,671,2025-04-02,favourable,,145533,2026-04-02,ITV-8235
1206,675,2016-04-20,favourable,,21319,2018-04-20,ITV-9663
1207,675,2018-04-20,favourable,,31978,2020-04-19,ITV-2320
1208,675,2020-04-20,unfavourable,Rear shock absorber leaking,42638,2022-04-20,ITV-7228
1209,675,2022-04-20,unfavourable,Corroded exhaust mounting,53298,2023-04-20,ITV-1673
1210,675,2023-04-20,favourable,,58627,2024-04-19,ITV-4024
1211,675,2024-04-20,favourable,,63957,2025-04-20,ITV-8789
1212,675,2025-04-20,unfavourable,Corroded exhaust mounting,69287,2026-04-20,ITV-3379
1213,676,2024-07-09,favourable,,61356,2026-07-09,ITV-5925
1214,678,2015-11-13,unfavourable,Windscreen chip in swept area,80506,2017-11-12,ITV-0906
1215,678,2017-11-12,favourable,,120759,2019-11-12,ITV-2571
1216,678,2019-11-13,unfavourable,Handbrake efficiency below threshold,161012,2021-11-12,ITV-9557
1217,678,2021-11-12,favourable,,201266,2022-11-12,ITV-1633
1218,678,2022-11-12,favourable,,221392,2023-11-12,ITV-2669
1219,678,2023-11-13,favourable,,241519,2024-11-12,ITV-7727
1220,678,2024-11-12,negative,Handbrake efficiency below threshold,261645,2025-11-12,ITV-7345
1221,679,2025-05-19,favourable,,85213,2027-05-19,ITV-5911
1222,681,2024-08-14,favourable,,76262,2026-08-14,ITV-8425
1223,682,2023-02-07,favourable,,48538,2025-02-06,ITV-0632
1224,682,2025-02-06,unfavourable,Suspension bush play,72808,2027-02-06,ITV-7528
1225,684,2024-06-17,favourable,,19198,2026-06-17,ITV-7369
1226,686,2019-09-22,favourable,,25203,2021-09-21,ITV-7127
1227,686,2021-09-21,favourable,,37805,2023-09-21,ITV-0813
1228,686,2023-09-22,favourable,,50406,2025-09-21,ITV-4039
1229,687,2016-03-07,favourable,,65694,2018-03-07,ITV-4725
1230,687,2018-03-07,favourable,,98542,2020-03-06,ITV-8395
1231,687,2020-03-07,favourable,,131389,2022-03-07,ITV-7481
1232,687,2022-03-07,favourable,,164237,2023-03-07,ITV-4944
1233,687,2023-03-07,favourable,,180660,2024-03-06,ITV-3638
1234,687,2024-03-07,favourable,,197084,2025-03-07,ITV-8823
1235,687,2025-03-07,favourable,,213508,2026-03-07,ITV-1053
1236,688,2014-09-19,favourable,,28182,2016-09-18,ITV-7139
1237,688,2016-09-18,favourable,,42273,2018-09-18,ITV-3966
1238,688,2018-09-19,favourable,,56364,2020-09-18,ITV-9432
1239,688,2020-09-18,favourable,,70455,2021-09-18,ITV-8249
1240,688,2021-09-18,negative,Excessive brake imbalance,77501,2022-09-18,ITV-2057
1241,688,2022-09-19,favourable,,84546,2023-09-19,ITV-9238
1242,688,2023-09-19,unfavourable,Rear shock absorber leaking,91592,2024-09-18,ITV-0963
1243,688,2024-09-18,favourable,,98638,2025-09-18,ITV-6925
1244,689,2021-10-18,favourable,,74672,2023-10-18,ITV-8025
1245,689,2023-10-18,favourable,,112008,2025-10-17,ITV-4590
1246,690,2023-08-17,favourable,,44808,2025-08-16,ITV-2099
1247,691,2020-09-01,favourable,,60225,2022-09-01,ITV-6512
1248,691,2022-09-01,negative,Handbrake efficiency below threshold,90338,2024-08-31,ITV-5130
1249,691,2024-09-01,favourable,,120451,2026-09-01,ITV-4151
1250,693,2024-06-23,unfavourable,Handbrake efficiency below threshold,7999,2026-06-23,ITV-5202
1251,694,2021-04-03,favourable,,68161,2023-04-03,ITV-4738
1252,694,2023-04-03,favourable,,102241,2025-04-02,ITV-0131
1253,694,2025-04-03,unfavourable,Suspension bush play,136322,2027-04-03,ITV-1795
1254,695,2018-06-05,favourable,,34618,2020-06-04,ITV-5916
1255,695,2020-06-04,favourable,,51928,2022-06-04,ITV-7166
1256,695,2022-06-05,negative,Suspension bush play,69237,2024-06-04,ITV-0036
1257,695,2024-06-04,favourable,,86546,2025-06-04,ITV-8671
1258,695,2025-06-04,unfavourable,Worn front tyre below 1.6mm,95201,2026-06-04,ITV-2907
1259,696,2020-12-16,unfavourable,Faulty dipped beam alignment,34103,2022-12-16,ITV-4888
1260,696,2022-12-16,negative,Windscreen chip in swept area,51155,2024-12-15,ITV-9920
1261,696,2024-12-16,favourable,,68206,2026-12-16,ITV-4051
1262,697,2019-12-09,favourable,,100065,2021-12-08,ITV-0007
1263,697,2021-12-08,unfavourable,Corroded exhaust mounting,150097,2023-12-08,ITV-3783
1264,697,2023-12-09,unfavourable,Excessive brake imbalance,200130,2025-12-08,ITV-7964
1265,698,2015-08-05,unfavourable,Seat belt retractor faulty,41586,2017-08-04,ITV-1809
1266,698,2017-08-04,favourable,,62379,2019-08-04,ITV-6630
1267,698,2019-08-05,favourable,,83172,2021-08-04,ITV-2162
1268,698,2021-08-04,unfavourable,Excessive steering play,103966,2022-08-04,ITV-5461
1269,698,2022-08-04,favourable,,114362,2023-08-04,ITV-7984
1270,698,2023-08-05,favourable,,124759,2024-08-04,ITV-5590
1271,698,2024-08-04,favourable,,135155,2025-08-04,ITV-8958
1272,699,2016-07-10,favourable,,48749,2018-07-10,ITV-2519
1273,699,2018-07-10,favourable,,73124,2020-07-09,ITV-2952
1274,699,2020-07-10,favourable,,97499,2022-07-10,ITV-5185
1275,699,2022-07-10,favourable,,121874,2023-07-10,ITV-8548
1276,699,2023-07-10,favourable,,134062,2024-07-09,ITV-1958
1277,699,2024-07-10,favourable,,146249,2025-07-10,ITV-6621
1278,701,2019-06-02,favourable,,93248,2021-06-01,ITV-8694
1279,701,2021-06-01,favourable,,139873,2023-06-01,ITV-1787
1280,701,2023-06-02,favourable,,186497,2025-06-01,ITV-6358
1281,701,2025-06-01,favourable,,233121,2026-06-01,ITV-5073
1282,703,2024-08-05,favourable,,37353,2026-08-05,ITV-2200
1283,704,2021-01-02,unfavourable,Faulty dipped beam alignment,53354,2023-01-02,ITV-9128
1284,704,2023-01-02,favourable,,80031,2025-01-01,ITV-8988
1285,704,2025-01-02,favourable,,106709,2027-01-02,ITV-2098
1286,706,2025-06-07,favourable,,53480,2027-06-07,ITV-3414
1287,707,2024-01-12,favourable,,56216,2026-01-11,ITV-9728
1288,708,2024-10-02,favourable,,68515,2026-10-02,ITV-6675
1289,710,2015-11-18,favourable,,44944,2017-11-17,ITV-2897
1290,710,2017-11-17,favourable,,67416,2019-11-17,ITV-9411
1291,710,2019-11-18,favourable,,89889,2021-11-17,ITV-1942
1292,710,2021-11-17,favourable,,112361,2022-11-17,ITV-5514
1293,710,2022-11-17,unfavourable,Excessive brake imbalance,123597,2023-11-17,ITV-6761
1294,710,2023-11-18,unfavourable,Seat belt retractor faulty,134833,2024-11-17,ITV-6333
1295,710,2024-11-17,favourable,,146070,2025-11-17,ITV-8976
1296,711,2017-02-21,favourable,,42955,2019-02-21,ITV-0770
1297,711,2019-02-21,favourable,,64432,2021-02-20,ITV-2927
1298,711,2021-02-21,favourable,,85910,2023-02-21,ITV-6484
1299,711,2023-02-21,favourable,,107387,2024-02-21,ITV-0021
1300,711,2024-02-21,favourable,,118126,2025-02-20,ITV-2446
1301,711,2025-02-21,favourable,,128865,2026-02-21,ITV-1692
1302,713,2020-08-09,favourable,,69406,2022-08-09,ITV-0874
1303,713,2022-08-09,unfavourable,Emissions above limit,104109,2024-08-08,ITV-9237
1304,713,2024-08-09,favourable,,138812,2026-08-09,ITV-2521
1305,714,2024-05-10,favourable,,29845,2026-05-10,ITV-2805
1306,715,2019-04-19,negative,Seat belt retractor faulty,54821,2021-04-18,ITV-2770
1307,715,2021-04-18,favourable,,82232,2023-04-18,ITV-8988
1308,715,2023-04-19,favourable,,109643,2025-04-18,ITV-9497
1309,715,2025-04-18,favourable,,137054,2026-04-18,ITV-7077
1310,716,2021-02-12,favourable,,59416,2023-02-12,ITV-7420
1311,716,2023-02-12,favourable,,89125,2025-02-11,ITV-2363
1312,716,2025-02-12,favourable,,118833,2027-02-12,ITV-5153
1313,718,2019-07-26,negative,Number plate light inoperative,54526,2021-07-25,ITV-0518
1314,718,2021-07-25,favourable,,81790,2023-07-25,ITV-4329
1315,718,2023-07-26,favourable,,109053,2025-07-25,ITV-4845
1316,719,2023-11-11,negative,Number plate light inoperative,46796,2025-11-10,ITV-2278
1317,721,2020-04-21,favourable,,33260,2022-04-21,ITV-5423
1318,721,2022-04-21,favourable,,49890,2024-04-20,ITV-0418
1319,721,2024-04-21,favourable,,66520,2026-04-21,ITV-2237
1320,722,2021-11-06,favourable,,93693,2023-11-06,ITV-1612
1321,722,2023-11-06,unfavourable,Windscreen chip in swept area,140540,2025-11-05,ITV-8442
1322,727,2024-10-31,favourable,,66851,2026-10-31,ITV-9222
1323,730,2021-09-04,favourable,,54496,2023-09-04,ITV-9701
1324,730,2023-09-04,favourable,,81745,2025-09-03,ITV-5219
1325,731,2024-03-25,favourable,,48813,2026-03-25,ITV-4962
1326,732,2023-11-09,favourable,,25923,2025-11-08,ITV-8010
1327,733,2016-04-02,favourable,,63045,2018-04-02,ITV-0103
1328,733,2018-04-02,favourable,,94568,2020-04-01,ITV-3415
1329,733,2020-04-02,favourable,,126091,2022-04-02,ITV-5322
1330,733,2022-04-02,favourable,,157614,2023-04-02,ITV-2445
1331,733,2023-04-02,favourable,,173375,2024-04-01,ITV-7633
1332,733,2024-04-02,favourable,,189136,2025-04-02,ITV-3400
1333,733,2025-04-02,unfavourable,Rear shock absorber leaking,204898,2026-04-02,ITV-1276
1334,734,2025-04-07,favourable,,23077,2027-04-07,ITV-6297
1335,737,2022-06-06,favourable,,96281,2024-06-05,ITV-4267
1336,737,2024-06-05,favourable,,144422,2026-06-05,ITV-3820
1337,740,2018-12-09,favourable,,35632,2020-12-08,ITV-5943
1338,740,2020-12-08,favourable,,53448,2022-12-08,ITV-0199
1339,740,2022-12-09,favourable,,71264,2024-12-08,ITV-3230
1340,740,2024-12-08,unfavourable,Handbrake efficiency below threshold,89080,2025-12-08,ITV-8608
1341,742,2017-01-10,favourable,,47651,2019-01-10,ITV-4389
1342,742,2019-01-10,favourable,,71477,2021-01-09,ITV-7996
1343,742,2021-01-10,favourable,,95303,2023-01-10,ITV-9759
1344,742,2023-01-10,unfavourable,Worn front tyre below 1.6mm,119128,2024-01-10,ITV-5895
1345,742,2024-01-10,favourable,,131041,2025-01-09,ITV-9018
1346,742,2025-01-10,unfavourable,Handbrake efficiency below threshold,142954,2026-01-10,ITV-8669
1347,743,2022-05-13,favourable,,74710,2024-05-12,ITV-4427
1348,743,2024-05-12,favourable,,112065,2026-05-12,ITV-3736
1349,745,2017-09-22,unfavourable,Suspension bush play,45507,2019-09-22,ITV-8237
1350,745,2019-09-22,favourable,,68261,2021-09-21,ITV-3771
1351,745,2021-09-22,favourable,,91014,2023-09-22,ITV-3055
1352,745,2023-09-22,favourable,,113768,2024-09-21,ITV-2551
1353,745,2024-09-21,favourable,,125145,2025-09-21,ITV-9212
1354,748,2015-08-13,favourable,,67634,2017-08-12,ITV-1241
1355,748,2017-08-12,negative,Suspension bush play,101451,2019-08-12,ITV-2163
1356,748,2019-08-13,favourable,,135268,2021-08-12,ITV-6849
1357,748,2021-08-12,favourable,,169085,2022-08-12,ITV-6322
1358,748,2022-08-12,unfavourable,Emissions above limit,185994,2023-08-12,ITV-4742
1359,748,2023-08-13,favourable,,202902,2024-08-12,ITV-5387
1360,748,2024-08-12,unfavourable,Windscreen chip in swept area,219811,2025-08-12,ITV-1671
1361,749,2016-04-16,negative,Number plate light inoperative,59006,2018-04-16,ITV-6351
1362,749,2018-04-16,favourable,,88509,2020-04-15,ITV-5672
1363,749,2020-04-16,favourable,,118012,2022-04-16,ITV-9813
1364,749,2022-04-16,favourable,,147515,2023-04-16,ITV-5834
1365,749,2023-04-16,unfavourable,Excessive brake imbalance,162266,2024-04-15,ITV-8852
1366,749,2024-04-16,favourable,,177018,2025-04-16,ITV-9382
1367,749,2025-04-16,favourable,,191770,2026-04-16,ITV-3552
1368,750,2021-11-10,favourable,,96256,2023-11-10,ITV-4788
1369,750,2023-11-10,favourable,,144384,2025-11-09,ITV-1383
1370,757,2019-03-11,favourable,,7999,2021-03-10,ITV-0903
1371,757,2021-03-10,favourable,,11999,2023-03-10,ITV-9420
1372,757,2023-03-11,favourable,,15999,2025-03-10,ITV-8814
1373,757,2025-03-10,unfavourable,Faulty dipped beam alignment,19999,2026-03-10,ITV-9701
1374,758,2020-12-14,favourable,,64788,2022-12-14,ITV-5029
1375,758,2022-12-14,favourable,,97183,2024-12-13,ITV-6248
1376,758,2024-12-14,favourable,,129577,2026-12-14,ITV-9976
1377,760,2019-02-14,favourable,,68806,2021-02-13,ITV-5353
1378,760,2021-02-13,favourable,,103209,2023-02-13,ITV-5890
1379,760,2023-02-14,unfavourable,Number plate light inoperative,137612,2025-02-13,ITV-4190
1380,760,2025-02-13,favourable,,172015,2026-02-13,ITV-0221
1381,761,2022-06-10,favourable,,45082,2024-06-09,ITV-3948
1382,761,2024-06-09,favourable,,67624,2026-06-09,ITV-8874
1383,763,2019-10-27,favourable,,61268,2021-10-26,ITV-7197
1384,763,2021-10-26,favourable,,91902,2023-10-26,ITV-9736
1385,763,2023-10-27,unfavourable,Seat belt retractor faulty,122537,2025-10-26,ITV-2619
1386,766,2023-01-09,favourable,,75784,2025-01-08,ITV-6759
1387,766,2025-01-08,favourable,,113677,2027-01-08,ITV-3167
1388,767,2014-10-31,favourable,,66567,2016-10-30,ITV-7769
1389,767,2016-10-30,favourable,,99851,2018-10-30,ITV-4794
1390,767,2018-10-31,favourable,,133135,2020-10-30,ITV-9328
1391,767,2020-10-30,unfavourable,Seat belt retractor faulty,166419,2021-10-30,ITV-6383
1392,767,2021-10-30,favourable,,183061,2022-10-30,ITV-6163
1393,767,2022-10-31,favourable,,199703,2023-10-31,ITV-7814
1394,767,2023-10-31,favourable,,216345,2024-10-30,ITV-8023
1395,767,2024-10-30,favourable,,232987,2025-10-30,ITV-9267
1396,770,2018-04-05,favourable,,7999,2020-04-04,ITV-9397
1397,770,2020-04-04,favourable,,11999,2022-04-04,ITV-1915
1398,770,2022-04-05,favourable,,15999,2024-04-04,ITV-3253
1399,770,2024-04-04,favourable,,19999,2025-04-04,ITV-1324
1400,770,2025-04-04,favourable,,21999,2026-04-04,ITV-0311
1401,771,2024-08-02,favourable,,45529,2026-08-02,ITV-9268
1402,772,2022-03-06,favourable,,72442,2024-03-05,ITV-1281
1403,772,2024-03-05,favourable,,108663,2026-03-05,ITV-1405
1404,774,2024-03-13,favourable,,63520,2026-03-13,ITV-0294
1405,775,2022-06-05,favourable,,59086,2024-06-04,ITV-9499
1406,775,2024-06-04,unfavourable,Excessive brake imbalance,88629,2026-06-04,ITV-9439
1407,778,2024-12-09,favourable,,64269,2026-12-09,ITV-0191
1408,780,2018-04-27,favourable,,62536,2020-04-26,ITV-0075
1409,780,2020-04-26,favourable,,93804,2022-04-26,ITV-6525
1410,780,2022-04-27,favourable,,125072,2024-04-26,ITV-3435
1411,780,2024-04-26,favourable,,156340,2025-04-26,ITV-0092
1412,780,2025-04-26,favourable,,171974,2026-04-26,ITV-5480
1413,781,2021-03-25,unfavourable,Faulty dipped beam alignment,9966,2023-03-25,ITV-4195
1414,781,2023-03-25,favourable,,14949,2025-03-24,ITV-5193
1415,781,2025-03-25,favourable,,19932,2027-03-25,ITV-9069
1416,783,2023-03-29,favourable,,64183,2025-03-28,ITV-2130
1417,783,2025-03-28,favourable,,96275,2027-03-28,ITV-7718
1418,786,2016-05-19,favourable,,73975,2018-05-19,ITV-5623
1419,786,2018-05-19,favourable,,110963,2020-05-18,ITV-4112
1420,786,2020-05-19,favourable,,147950,2022-05-19,ITV-3888
1421,786,2022-05-19,favourable,,184938,2023-05-19,ITV-1771
1422,786,2023-05-19,negative,Seat belt retractor faulty,203432,2024-05-18,ITV-3910
1423,786,2024-05-19,unfavourable,Handbrake efficiency below threshold,221926,2025-05-19,ITV-1787
1424,786,2025-05-19,favourable,,240420,2026-05-19,ITV-0840
1425,788,2024-02-20,favourable,,52269,2026-02-19,ITV-7877
1426,791,2024-10-31,favourable,,47413,2026-10-31,ITV-8554
1427,792,2018-11-18,favourable,,63713,2020-11-17,ITV-4714
1428,792,2020-11-17,unfavourable,Faulty dipped beam alignment,95570,2022-11-17,ITV-3558
1429,792,2022-11-18,favourable,,127427,2024-11-17,ITV-5926
1430,792,2024-11-17,favourable,,159284,2025-11-17,ITV-7422
1431,793,2020-08-09,favourable,,38532,2022-08-09,ITV-8979
1432,793,2022-08-09,favourable,,57798,2024-08-08,ITV-7483
1433,793,2024-08-09,favourable,,77064,2026-08-09,ITV-0634
1434,794,2021-02-18,favourable,,44982,2023-02-18,ITV-5302
1435,794,2023-02-18,favourable,,67474,2025-02-17,ITV-4707
1436,794,2025-02-18,favourable,,89965,2027-02-18,ITV-0302
1437,795,2016-08-12,favourable,,45522,2018-08-12,ITV-9486
1438,795,2018-08-12,favourable,,68283,2020-08-11,ITV-7056
1439,795,2020-08-12,favourable,,91044,2022-08-12,ITV-4224
1440,795,2022-08-12,favourable,,113805,2023-08-12,ITV-5039
1441,795,2023-08-12,favourable,,125185,2024-08-11,ITV-0753
1442,795,2024-08-12,favourable,,136566,2025-08-12,ITV-9016
1443,796,2022-10-06,favourable,,31232,2024-10-05,ITV-0583
1444,796,2024-10-05,favourable,,46848,2026-10-05,ITV-6762
1445,798,2024-04-14,unfavourable,Excessive brake imbalance,86326,2026-04-14,ITV-8007
1446,801,2016-09-13,favourable,,68973,2018-09-13,ITV-0296
1447,801,2018-09-13,favourable,,103460,2020-09-12,ITV-1852
1448,801,2020-09-13,favourable,,137946,2022-09-13,ITV-8217
1449,801,2022-09-13,favourable,,172433,2023-09-13,ITV-6450
1450,801,2023-09-13,favourable,,189676,2024-09-12,ITV-1121
1451,801,2024-09-13,favourable,,206920,2025-09-13,ITV-6698
1452,802,2024-06-16,favourable,,74738,2026-06-16,ITV-4087
1453,803,2020-07-27,favourable,,90421,2022-07-27,ITV-8178
1454,803,2022-07-27,favourable,,135632,2024-07-26,ITV-7382
1455,803,2024-07-27,favourable,,180843,2026-07-27,ITV-6580
1456,806,2017-04-16,favourable,,58834,2019-04-16,ITV-4857
1457,806,2019-04-16,favourable,,88251,2021-04-15,ITV-5246
1458,806,2021-04-16,favourable,,117669,2023-04-16,ITV-5766
1459,806,2023-04-16,favourable,,147086,2024-04-15,ITV-7708
1460,806,2024-04-15,favourable,,161795,2025-04-15,ITV-2375
1461,806,2025-04-16,favourable,,176503,2026-04-16,ITV-2207
1462,808,2015-03-31,favourable,,49416,2017-03-30,ITV-2024
1463,808,2017-03-30,unfavourable,Worn front tyre below 1.6mm,74124,2019-03-30,ITV-9996
1464,808,2019-03-31,favourable,,98832,2021-03-30,ITV-4691
1465,808,2021-03-30,unfavourable,Handbrake efficiency below threshold,123540,2022-03-30,ITV-5586
1466,808,2022-03-30,unfavourable,Excessive brake imbalance,135894,2023-03-30,ITV-6062
1467,808,2023-03-31,favourable,,148248,2024-03-30,ITV-9953
1468,808,2024-03-30,favourable,,160603,2025-03-30,ITV-8099
1469,808,2025-03-30,favourable,,172957,2026-03-30,ITV-6969
1470,812,2019-06-15,favourable,,68502,2021-06-14,ITV-6180
1471,812,2021-06-14,negative,Suspension bush play,102753,2023-06-14,ITV-8163
1472,812,2023-06-15,favourable,,137004,2025-06-14,ITV-3863
1473,812,2025-06-14,favourable,,171255,2026-06-14,ITV-2238
1474,813,2020-06-09,favourable,,67909,2022-06-09,ITV-7851
1475,813,2022-06-09,unfavourable,Handbrake efficiency below threshold,101863,2024-06-08,ITV-7951
1476,813,2024-06-09,favourable,,135818,2026-06-09,ITV-4687
1477,816,2021-04-20,favourable,,34372,2023-04-20,ITV-5611
1478,816,2023-04-20,favourable,,51558,2025-04-19,ITV-0576
1479,816,2025-04-20,favourable,,68744,2027-04-20,ITV-5186
1480,820,2022-03-12,favourable,,58292,2024-03-11,ITV-2856
1481,820,2024-03-11,unfavourable,Faulty dipped beam alignment,87438,2026-03-11,ITV-0178
1482,822,2014-07-22,favourable,,75900,2016-07-21,ITV-7737
1483,822,2016-07-21,favourable,,113851,2018-07-21,ITV-2033
1484,822,2018-07-22,unfavourable,Emissions above limit,151801,2020-07-21,ITV-1738
1485,822,2020-07-21,favourable,,189751,2021-07-21,ITV-1464
1486,822,2021-07-21,favourable,,208727,2022-07-21,ITV-8785
1487,822,2022-07-22,favourable,,227702,2023-07-22,ITV-1576
1488,822,2023-07-22,favourable,,246677,2024-07-21,ITV-2654
1489,822,2024-07-21,favourable,,265652,2025-07-21,ITV-2154
1490,823,2017-09-07,favourable,,30718,2019-09-07,ITV-9516
1491,823,2019-09-07,favourable,,46077,2021-09-06,ITV-5797
1492,823,2021-09-07,favourable,,61437,2023-09-07,ITV-9967
1493,823,2023-09-07,favourable,,76796,2024-09-06,ITV-0013
1494,823,2024-09-06,favourable,,84476,2025-09-06,ITV-4397
1495,824,2022-09-14,favourable,,79247,2024-09-13,ITV-6863
1496,824,2024-09-13,favourable,,118871,2026-09-13,ITV-1889
1497,829,2020-11-03,unfavourable,Rear shock absorber leaking,67639,2022-11-03,ITV-2916
1498,829,2022-11-03,favourable,,101458,2024-11-02,ITV-8332
1499,829,2024-11-03,favourable,,135278,2026-11-03,ITV-2328
1500,831,2017-12-10,unfavourable,Handbrake efficiency below threshold,61978,2019-12-10,ITV-8980
1501,831,2019-12-10,unfavourable,Windscreen chip in swept area,92968,2021-12-09,ITV-7366
1502,831,2021-12-10,favourable,,123957,2023-12-10,ITV-5329
1503,831,2023-12-10,favourable,,154947,2024-12-09,ITV-3323
1504,831,2024-12-09,favourable,,170442,2025-12-09,ITV-2173
1505,833,2020-03-17,favourable,,42608,2022-03-17,ITV-3918
1506,833,2022-03-17,favourable,,63912,2024-03-16,ITV-5527
1507,833,2024-03-17,favourable,,85216,2026-03-17,ITV-6316
1508,835,2021-02-13,favourable,,67059,2023-02-13,ITV-4115
1509,835,2023-02-13,favourable,,100589,2025-02-12,ITV-3405
1510,835,2025-02-13,favourable,,134119,2027-02-13,ITV-8085
1511,841,2018-11-04,favourable,,65445,2020-11-03,ITV-3635
1512,841,2020-11-03,favourable,,98168,2022-11-03,ITV-1792
1513,841,2022-11-04,favourable,,130890,2024-11-03,ITV-5312
1514,841,2024-11-03,unfavourable,Corroded exhaust mounting,163613,2025-11-03,ITV-8968
1515,844,2023-07-10,favourable,,49290,2025-07-09,ITV-1846
1516,846,2021-12-13,favourable,,25132,2023-12-13,ITV-7435
1517,846,2023-12-13,favourable,,37698,2025-12-12,ITV-8048
1518,848,2021-12-01,unfavourable,Worn front tyre below 1.6mm,10052,2023-12-01,ITV-8533
1519,848,2023-12-01,favourable,,15078,2025-11-30,ITV-8072
1520,849,2020-12-14,favourable,,61876,2022-12-14,ITV-8601
1521,849,2022-12-14,favourable,,92814,2024-12-13,ITV-1996
1522,849,2024-12-14,favourable,,123753,2026-12-14,ITV-2409
1523,852,2023-04-12,favourable,,20932,2025-04-11,ITV-9861
1524,852,2025-04-11,unfavourable,Suspension bush play,31398,2027-04-11,ITV-7904
1525,857,2017-01-17,favourable,,60627,2019-01-17,ITV-1303
1526,857,2019-01-17,favourable,,90940,2021-01-16,ITV-7185
1527,857,2021-01-17,favourable,,121254,2023-01-17,ITV-5317
1528,857,2023-01-17,favourable,,151567,2024-01-17,ITV-2341
1529,857,2024-01-17,favourable,,166724,2025-01-16,ITV-0667
1530,857,2025-01-17,unfavourable,Number plate light inoperative,181881,2026-01-17,ITV-5146
1531,858,2025-05-26,favourable,,53679,2027-05-26,ITV-0437
1532,859,2024-04-24,favourable,,18592,2026-04-24,ITV-7834
1533,860,2024-06-04,favourable,,42328,2026-06-04,ITV-1215
1534,862,2024-07-02,favourable,,15688,2026-07-02,ITV-4399
1535,866,2022-11-21,favourable,,75032,2024-11-20,ITV-4075
1536,866,2024-11-20,favourable,,112549,2026-11-20,ITV-2054
1537,867,2015-06-23,favourable,,24162,2017-06-22,ITV-6473
1538,867,2017-06-22,favourable,,36243,2019-06-22,ITV-3229
1539,867,2019-06-23,unfavourable,Handbrake efficiency below threshold,48325,2021-06-22,ITV-4106
1540,867,2021-06-22,favourable,,60406,2022-06-22,ITV-7939
1541,867,2022-06-22,favourable,,66447,2023-06-22,ITV-5457
1542,867,2023-06-23,unfavourable,Corroded exhaust mounting,72487,2024-06-22,ITV-6435
1543,867,2024-06-22,favourable,,78528,2025-06-22,ITV-5452
1544,867,2025-06-22,unfavourable,Excessive steering play,84568,2026-06-22,ITV-9216
1545,873,2023-08-12,favourable,,50442,2025-08-11,ITV-6734
1546,875,2024-04-10,favourable,,55371,2026-04-10,ITV-0251
1547,877,2025-06-01,favourable,,74164,2027-06-01,ITV-6569
1548,880,2023-03-12,unfavourable,Rear shock absorber leaking,25689,2025-03-11,ITV-5736
1549,880,2025-03-11,favourable,,38534,2027-03-11,ITV-5106
1550,884,2024-03-08,favourable,,66586,2026-03-08,ITV-4670
1551,886,2023-02-03,favourable,,58074,2025-02-02,ITV-5246
1552,886,2025-02-02,favourable,,87111,2027-02-02,ITV-1113
1553,887,2018-01-23,favourable,,67660,2020-01-23,ITV-6585
1554,887,2020-01-23,favourable,,101490,2022-01-22,ITV-2110
1555,887,2022-01-23,unfavourable,Excessive steering play,135320,2024-01-23,ITV-7280
1556,887,2024-01-23,favourable,,169151,2025-01-22,ITV-7507
1557,887,2025-01-22,favourable,,186066,2026-01-22,ITV-3044
1558,889,2024-10-29,favourable,,49508,2026-10-29,ITV-2739
1559,890,2018-04-06,favourable,,74204,2020-04-05,ITV-3407
1560,890,2020-04-05,favourable,,111306,2022-04-05,ITV-7892
1561,890,2022-04-06,favourable,,148408,2024-04-05,ITV-9148
1562,890,2024-04-05,favourable,,185510,2025-04-05,ITV-6679
1563,890,2025-04-05,favourable,,204061,2026-04-05,ITV-5562
1564,891,2023-03-19,favourable,,38482,2025-03-18,ITV-9434
1565,891,2025-03-18,favourable,,57723,2027-03-18,ITV-7131
1566,896,2017-12-08,favourable,,83536,2019-12-08,ITV-3575
1567,896,2019-12-08,favourable,,125304,2021-12-07,ITV-7048
1568,896,2021-12-08,favourable,,167073,2023-12-08,ITV-0357
1569,896,2023-12-08,favourable,,208841,2024-12-07,ITV-6120
1570,896,2024-12-07,favourable,,229725,2025-12-07,ITV-3818
1571,897,2022-01-21,favourable,,57447,2024-01-21,ITV-2270
1572,897,2024-01-21,favourable,,86171,2026-01-20,ITV-9515
1573,899,2019-06-06,favourable,,69299,2021-06-05,ITV-2992
1574,899,2021-06-05,favourable,,103949,2023-06-05,ITV-2862
1575,899,2023-06-06,unfavourable,Excessive steering play,138599,2025-06-05,ITV-8411
1576,899,2025-06-05,favourable,,173249,2026-06-05,ITV-2211
1577,900,2019-08-18,favourable,,43123,2021-08-17,ITV-5896
1578,900,2021-08-17,favourable,,64684,2023-08-17,ITV-9481
1579,900,2023-08-18,favourable,,86246,2025-08-17,ITV-5606
1580,901,2019-04-01,favourable,,94713,2021-03-31,ITV-1559
1581,901,2021-03-31,favourable,,142069,2023-03-31,ITV-3076
1582,901,2023-04-01,unfavourable,Corroded exhaust mounting,189426,2025-03-31,ITV-9042
1583,901,2025-03-31,unfavourable,Excessive brake imbalance,236783,2026-03-31,ITV-2101
1584,903,2019-04-15,unfavourable,Corroded exhaust mounting,99746,2021-04-14,ITV-9618
1585,903,2021-04-14,favourable,,149619,2023-04-14,ITV-6664
1586,903,2023-04-15,unfavourable,Number plate light inoperative,199492,2025-04-14,ITV-9295
1587,903,2025-04-14,negative,Worn front tyre below 1.6mm,249366,2026-04-14,ITV-5752
1588,905,2021-08-14,favourable,,75063,2023-08-14,ITV-4681
1589,905,2023-08-14,favourable,,112594,2025-08-13,ITV-4625
1590,906,2018-06-19,favourable,,14675,2020-06-18,ITV-0514
1591,906,2020-06-18,unfavourable,Handbrake efficiency below threshold,22013,2022-06-18,ITV-5549
1592,906,2022-06-19,favourable,,29351,2024-06-18,ITV-6824
1593,906,2024-06-18,favourable,,36689,2025-06-18,ITV-9535
1594,906,2025-06-18,unfavourable,Seat belt retractor faulty,40358,2026-06-18,ITV-5894
1595,907,2016-08-15,favourable,,28485,2018-08-15,ITV-8830
1596,907,2018-08-15,favourable,,42727,2020-08-14,ITV-9598
1597,907,2020-08-15,favourable,,56970,2022-08-15,ITV-1714
1598,907,2022-08-15,favourable,,71212,2023-08-15,ITV-5157
1599,907,2023-08-15,unfavourable,Number plate light inoperative,78334,2024-08-14,ITV-5520
1600,907,2024-08-15,favourable,,85455,2025-08-15,ITV-7768
1601,910,2018-01-22,unfavourable,Number plate light inoperative,27869,2020-01-22,ITV-7876
1602,910,2020-01-22,favourable,,41804,2022-01-21,ITV-7761
1603,910,2022-01-22,favourable,,55739,2024-01-22,ITV-1012
1604,910,2024-01-22,favourable,,69674,2025-01-21,ITV-3532
1605,910,2025-01-21,favourable,,76642,2026-01-21,ITV-2075
1606,911,2023-06-25,favourable,,65397,2025-06-24,ITV-2795
1607,911,2025-06-24,favourable,,98095,2027-06-24,ITV-0754
1608,914,2024-04-26,favourable,,45691,2026-04-26,ITV-3162
1609,915,2024-04-08,unfavourable,Seat belt retractor faulty,16876,2026-04-08,ITV-9636
1610,916,2017-06-23,favourable,,41212,2019-06-23,ITV-2835
1611,916,2019-06-23,favourable,,61819,2021-06-22,ITV-1982
1612,916,2021-06-23,favourable,,82425,2023-06-23,ITV-2980
1613,916,2023-06-23,favourable,,103032,2024-06-22,ITV-3276
1614,916,2024-06-22,favourable,,113335,2025-06-22,ITV-1551
1615,916,2025-06-23,favourable,,123638,2026-06-23,ITV-3733
1616,917,2020-04-01,unfavourable,Rear shock absorber leaking,55472,2022-04-01,ITV-2709
1617,917,2022-04-01,favourable,,83208,2024-03-31,ITV-5367
1618,917,2024-04-01,favourable,,110944,2026-04-01,ITV-5724
1619,918,2020-10-13,favourable,,66920,2022-10-13,ITV-6906
1620,918,2022-10-13,favourable,,100381,2024-10-12,ITV-9643
1621,918,2024-10-13,negative,Excessive brake imbalance,133841,2026-10-13,ITV-2588
1622,919,2015-08-07,unfavourable,Faulty dipped beam alignment,63044,2017-08-06,ITV-2708
1623,919,2017-08-06,favourable,,94566,2019-08-06,ITV-0757
1624,919,2019-08-07,favourable,,126088,2021-08-06,ITV-7926
1625,919,2021-08-06,favourable,,157610,2022-08-06,ITV-5164
1626,919,2022-08-06,favourable,,173371,2023-08-06,ITV-7643
1627,919,2023-08-07,favourable,,189133,2024-08-06,ITV-4200
1628,919,2024-08-06,favourable,,204894,2025-08-06,ITV-2026
1629,920,2015-03-03,favourable,,70975,2017-03-02,ITV-2508
1630,920,2017-03-02,favourable,,106463,2019-03-02,ITV-4219
1631,920,2019-03-03,favourable,,141951,2021-03-02,ITV-9994
1632,920,2021-03-02,favourable,,177439,2022-03-02,ITV-8649
1633,920,2022-03-02,unfavourable,Excessive steering play,195183,2023-03-02,ITV-2967
1634,920,2023-03-03,favourable,,212927,2024-03-02,ITV-5402
1635,920,2024-03-02,favourable,,230671,2025-03-02,ITV-0171
1636,920,2025-03-02,unfavourable,Rear shock absorber leaking,248415,2026-03-02,ITV-4798
1637,923,2024-05-15,favourable,,51163,2026-05-15,ITV-8965
1638,924,2021-02-24,favourable,,85845,2023-02-24,ITV-0241
1639,924,2023-02-24,favourable,,128768,2025-02-23,ITV-8793
1640,924,2025-02-24,favourable,,171691,2027-02-24,ITV-4634
1641,928,2020-12-17,favourable,,43751,2022-12-17,ITV-0616
1642,928,2022-12-17,favourable,,65626,2024-12-16,ITV-8333
1643,928,2024-12-17,unfavourable,Suspension bush play,87502,2026-12-17,ITV-4955
1644,932,2017-01-31,favourable,,37740,2019-01-31,ITV-4376
1645,932,2019-01-31,favourable,,56611,2021-01-30,ITV-4704
1646,932,2021-01-31,unfavourable,Suspension bush play,75481,2023-01-31,ITV-1451
1647,932,2023-01-31,favourable,,94351,2024-01-31,ITV-4845
1648,932,2024-01-31,favourable,,103787,2025-01-30,ITV-9207
1649,932,2025-01-31,unfavourable,Excessive steering play,113222,2026-01-31,ITV-6151
1650,933,2018-06-26,favourable,,47507,2020-06-25,ITV-4552
1651,933,2020-06-25,unfavourable,Suspension bush play,71261,2022-06-25,ITV-8836
1652,933,2022-06-26,unfavourable,Windscreen chip in swept area,95015,2024-06-25,ITV-3021
1653,933,2024-06-25,favourable,,118768,2025-06-25,ITV-5872
1654,933,2025-06-25,favourable,,130645,2026-06-25,ITV-3513
1655,935,2024-12-12,favourable,,66214,2026-12-12,ITV-9409
1656,936,2022-08-07,unfavourable,Excessive brake imbalance,33673,2024-08-06,ITV-8542
1657,936,2024-08-06,favourable,,50509,2026-08-06,ITV-2689
1658,937,2016-02-17,favourable,,7999,2018-02-16,ITV-0216
1659,937,2018-02-16,favourable,,11999,2020-02-16,ITV-2075
1660,937,2020-02-17,favourable,,15999,2022-02-16,ITV-1522
1661,937,2022-02-16,favourable,,19999,2023-02-16,ITV-3082
1662,937,2023-02-16,favourable,,21999,2024-02-16,ITV-2879
1663,937,2024-02-17,favourable,,23999,2025-02-16,ITV-9180
1664,937,2025-02-16,favourable,,25999,2026-02-16,ITV-9406
1665,941,2024-06-30,favourable,,62479,2026-06-30,ITV-0504
1666,943,2016-05-31,favourable,,40163,2018-05-31,ITV-6609
1667,943,2018-05-31,favourable,,60244,2020-05-30,ITV-5960
1668,943,2020-05-31,favourable,,80326,2022-05-31,ITV-0464
1669,943,2022-05-31,unfavourable,Faulty dipped beam alignment,100407,2023-05-31,ITV-9763
1670,943,2023-05-31,favourable,,110448,2024-05-30,ITV-8818
1671,943,2024-05-31,favourable,,120489,2025-05-31,ITV-7384
1672,943,2025-05-31,negative,Rear shock absorber leaking,130530,2026-05-31,ITV-6977
1673,946,2022-05-11,unfavourable,Windscreen chip in swept area,53785,2024-05-10,ITV-9514
1674,946,2024-05-10,unfavourable,Number plate light inoperative,80678,2026-05-10,ITV-2480
1675,948,2020-12-22,favourable,,87550,2022-12-22,ITV-5082
1676,948,2022-12-22,favourable,,131325,2024-12-21,ITV-8564
1677,948,2024-12-22,favourable,,175100,2026-12-22,ITV-8239
1678,952,2025-06-22,favourable,,39422,2027-06-22,ITV-5900
1679,953,2025-06-22,favourable,,43232,2027-06-22,ITV-7341
1680,954,2019-10-09,favourable,,55636,2021-10-08,ITV-2254
1681,954,2021-10-08,favourable,,83454,2023-10-08,ITV-0849
1682,954,2023-10-09,favourable,,111272,2025-10-08,ITV-6007
1683,957,2022-08-26,favourable,,39499,2024-08-25,ITV-8969
1684,957,2024-08-25,favourable,,59248,2026-08-25,ITV-1152
1685,958,2024-12-27,favourable,,20743,2026-12-27,ITV-9505
1686,962,2025-01-24,favourable,,41745,2027-01-24,ITV-0107
1687,963,2024-12-17,favourable,,63896,2026-12-17,ITV-8232
1688,964,2022-09-13,favourable,,51195,2024-09-12,ITV-1919
1689,964,2024-09-12,favourable,,76792,2026-09-12,ITV-2694
1690,967,2018-07-08,favourable,,58782,2020-07-07,ITV-0661
1691,967,2020-07-07,favourable,,88174,2022-07-07,ITV-2148
1692,967,2022-07-08,favourable,,117565,2024-07-07,ITV-5865
1693,967,2024-07-07,favourable,,146957,2025-07-07,ITV-2822
1694,969,2019-02-13,favourable,,77609,2021-02-12,ITV-8564
1695,969,2021-02-12,favourable,,116414,2023-02-12,ITV-2574
1696,969,2023-02-13,favourable,,155219,2025-02-12,ITV-6818
1697,969,2025-02-12,favourable,,194024,2026-02-12,ITV-9892
1698,972,2018-08-31,favourable,,51902,2020-08-30,ITV-3970
1699,972,2020-08-30,favourable,,77853,2022-08-30,ITV-5052
1700,972,2022-08-31,favourable,,103804,2024-08-30,ITV-9612
1701,972,2024-08-30,unfavourable,Rear shock absorber leaking,129755,2025-08-30,ITV-5091
1702,975,2016-04-16,favourable,,43875,2018-04-16,ITV-9736
1703,975,2018-04-16,favourable,,65812,2020-04-15,ITV-8323
1704,975,2020-04-16,favourable,,87750,2022-04-16,ITV-0714
1705,975,2022-04-16,negative,Corroded exhaust mounting,109687,2023-04-16,ITV-9076
1706,975,2023-04-16,favourable,,120656,2024-04-15,ITV-5347
1707,975,2024-04-16,favourable,,131625,2025-04-16,ITV-7483
1708,975,2025-04-16,favourable,,142594,2026-04-16,ITV-8745
1709,976,2018-05-21,favourable,,60988,2020-05-20,ITV-9388
1710,976,2020-05-20,favourable,,91482,2022-05-20,ITV-6106
1711,976,2022-05-21,favourable,,121976,2024-05-20,ITV-5188
1712,976,2024-05-20,favourable,,152470,2025-05-20,ITV-2955
1713,976,2025-05-20,favourable,,167717,2026-05-20,ITV-9381
1714,978,2023-04-09,unfavourable,Seat belt retractor faulty,93412,2025-04-08,ITV-9389
1715,978,2025-04-08,favourable,,140119,2027-04-08,ITV-9565
1716,981,2024-06-12,favourable,,46050,2026-06-12,ITV-0916
1717,983,2018-05-16,favourable,,97885,2020-05-15,ITV-1759
1718,983,2020-05-15,favourable,,146828,2022-05-15,ITV-2562
1719,983,2022-05-16,unfavourable,Rear shock absorber leaking,195771,2024-05-15,ITV-4346
1720,983,2024-05-15,favourable,,244713,2025-05-15,ITV-4918
1721,983,2025-05-15,favourable,,269185,2026-05-15,ITV-0333
1722,985,2015-09-25,favourable,,36869,2017-09-24,ITV-8137
1723,985,2017-09-24,unfavourable,Suspension bush play,55304,2019-09-24,ITV-5221
1724,985,2019-09-25,favourable,,73739,2021-09-24,ITV-9176
1725,985,2021-09-24,unfavourable,Seat belt retractor faulty,92174,2022-09-24,ITV-7359
1726,985,2022-09-24,favourable,,101391,2023-09-24,ITV-1574
1727,985,2023-09-25,favourable,,110609,2024-09-24,ITV-8993
1728,985,2024-09-24,favourable,,119826,2025-09-24,ITV-9521
1729,987,2021-04-27,negative,Excessive brake imbalance,70310,2023-04-27,ITV-5586
1730,987,2023-04-27,favourable,,105465,2025-04-26,ITV-0726
1731,987,2025-04-27,favourable,,140621,2027-04-27,ITV-2514
1732,988,2024-05-06,favourable,,53766,2026-05-06,ITV-4440
1733,990,2022-05-27,favourable,,43673,2024-05-26,ITV-5877
1734,990,2024-05-26,favourable,,65509,2026-05-26,ITV-7617
1735,991,2020-07-28,favourable,,26633,2022-07-28,ITV-2600
1736,991,2022-07-28,favourable,,39950,2024-07-27,ITV-2142
1737,991,2024-07-28,favourable,,53267,2026-07-28,ITV-0070
1738,992,2018-08-20,unfavourable,Excessive brake imbalance,59940,2020-08-19,ITV-0212
1739,992,2020-08-19,favourable,,89911,2022-08-19,ITV-0768
1740,992,2022-08-20,unfavourable,Faulty dipped beam alignment,119881,2024-08-19,ITV-2216
1741,992,2024-08-19,favourable,,149851,2025-08-19,ITV-0799
1742,993,2022-11-13,favourable,,52058,2024-11-12,ITV-8734
1743,993,2024-11-12,favourable,,78087,2026-11-12,ITV-5421
1744,994,2018-10-22,favourable,,29227,2020-10-21,ITV-3085
1745,994,2020-10-21,unfavourable,Excessive brake imbalance,43840,2022-10-21,ITV-9049
1746,994,2022-10-22,favourable,,58454,2024-10-21,ITV-4843
1747,994,2024-10-21,favourable,,73067,2025-10-21,ITV-9716
1748,997,2024-08-14,favourable,,41830,2026-08-14,ITV-7181
1749,1001,2022-07-13,favourable,,69959,2024-07-12,ITV-3214
1750,1001,2024-07-12,favourable,,104938,2026-07-12,ITV-6536
1751,1003,2025-01-01,unfavourable,Faulty dipped beam alignment,33533,2027-01-01,ITV-0056
1752,1004,2022-11-16,favourable,,57604,2024-11-15,ITV-4397
1753,1004,2024-11-15,unfavourable,Corroded exhaust mounting,86407,2026-11-15,ITV-8952
1754,1005,2018-01-08,favourable,,47301,2020-01-08,ITV-8395
1755,1005,2020-01-08,favourable,,70951,2022-01-07,ITV-4697
1756,1005,2022-01-08,favourable,,94602,2024-01-08,ITV-2388
1757,1005,2024-01-08,unfavourable,Suspension bush play,118252,2025-01-07,ITV-3318
1758,1005,2025-01-07,favourable,,130077,2026-01-07,ITV-1761
1759,1006,2023-01-31,favourable,,92635,2025-01-30,ITV-3723
1760,1006,2025-01-30,favourable,,138953,2027-01-30,ITV-0654
1761,1007,2015-03-29,favourable,,61408,2017-03-28,ITV-2099
1762,1007,2017-03-28,favourable,,92112,2019-03-28,ITV-6728
1763,1007,2019-03-29,unfavourable,Rear shock absorber leaking,122816,2021-03-28,ITV-6116
1764,1007,2021-03-28,unfavourable,Windscreen chip in swept area,153520,2022-03-28,ITV-9209
1765,1007,2022-03-28,favourable,,168872,2023-03-28,ITV-5033
1766,1007,2023-03-29,unfavourable,Excessive steering play,184224,2024-03-28,ITV-0156
1767,1007,2024-03-28,unfavourable,Faulty dipped beam alignment,199576,2025-03-28,ITV-6266
1768,1007,2025-03-28,favourable,,214929,2026-03-28,ITV-1068
1769,1009,2025-01-03,favourable,,68490,2027-01-03,ITV-5344
1770,1010,2017-11-27,favourable,,42060,2019-11-27,ITV-3223
1771,1010,2019-11-27,unfavourable,Worn front tyre below 1.6mm,63090,2021-11-26,ITV-4230
1772,1010,2021-11-27,unfavourable,Corroded exhaust mounting,84120,2023-11-27,ITV-9073
1773,1010,2023-11-27,favourable,,105150,2024-11-26,ITV-0983
1774,1010,2024-11-26,favourable,,115665,2025-11-26,ITV-8305
1775,1012,2021-03-16,favourable,,44093,2023-03-16,ITV-5894
1776,1012,2023-03-16,favourable,,66140,2025-03-15,ITV-1999
1777,1012,2025-03-16,favourable,,88187,2027-03-16,ITV-9005
1778,1014,2021-10-04,unfavourable,Seat belt retractor faulty,69306,2023-10-04,ITV-0399
1779,1014,2023-10-04,favourable,,103959,2025-10-03,ITV-5257
1780,1017,2023-06-09,favourable,,30184,2025-06-08,ITV-0112
1781,1017,2025-06-08,favourable,,45276,2027-06-08,ITV-7851
1782,1019,2019-12-26,favourable,,43263,2021-12-25,ITV-7621
1783,1019,2021-12-25,favourable,,64895,2023-12-25,ITV-3045
1784,1019,2023-12-26,unfavourable,Handbrake efficiency below threshold,86527,2025-12-25,ITV-9714
1785,1021,2018-08-09,favourable,,108142,2020-08-08,ITV-5555
1786,1021,2020-08-08,favourable,,162213,2022-08-08,ITV-6010
1787,1021,2022-08-09,favourable,,216285,2024-08-08,ITV-5345
1788,1021,2024-08-08,favourable,,270356,2025-08-08,ITV-9817
1789,1025,2018-01-21,unfavourable,Rear shock absorber leaking,35819,2020-01-21,ITV-9029
1790,1025,2020-01-21,favourable,,53728,2022-01-20,ITV-3702
1791,1025,2022-01-21,favourable,,71638,2024-01-21,ITV-8008
1792,1025,2024-01-21,favourable,,89548,2025-01-20,ITV-8311
1793,1025,2025-01-20,favourable,,98503,2026-01-20,ITV-2693
1794,1026,2023-07-29,favourable,,47091,2025-07-28,ITV-8719
1795,1028,2022-04-11,favourable,,37595,2024-04-10,ITV-8906
1796,1028,2024-04-10,favourable,,56393,2026-04-10,ITV-3714
1797,1029,2018-03-18,favourable,,40115,2020-03-17,ITV-1186
1798,1029,2020-03-17,favourable,,60173,2022-03-17,ITV-2397
1799,1029,2022-03-18,unfavourable,Emissions above limit,80231,2024-03-17,ITV-5273
1800,1029,2024-03-17,favourable,,100289,2025-03-17,ITV-6689
1801,1029,2025-03-17,favourable,,110318,2026-03-17,ITV-1190
1802,1033,2016-08-23,unfavourable,Corroded exhaust mounting,75033,2018-08-23,ITV-2780
1803,1033,2018-08-23,unfavourable,Excessive brake imbalance,112549,2020-08-22,ITV-6942
1804,1033,2020-08-23,unfavourable,Corroded exhaust mounting,150066,2022-08-23,ITV-3644
1805,1033,2022-08-23,negative,Corroded exhaust mounting,187583,2023-08-23,ITV-7330
1806,1033,2023-08-23,favourable,,206341,2024-08-22,ITV-4590
1807,1033,2024-08-23,favourable,,225099,2025-08-23,ITV-7766
1808,1034,2019-04-02,unfavourable,Suspension bush play,68563,2021-04-01,ITV-0077
1809,1034,2021-04-01,favourable,,102845,2023-04-01,ITV-0930
1810,1034,2023-04-02,favourable,,137127,2025-04-01,ITV-4048
1811,1034,2025-04-01,favourable,,171408,2026-04-01,ITV-2427
1812,1038,2023-01-23,favourable,,84576,2025-01-22,ITV-7733
1813,1038,2025-01-22,favourable,,126864,2027-01-22,ITV-8060
1814,1039,2016-10-14,favourable,,73309,2018-10-14,ITV-6595
1815,1039,2018-10-14,favourable,,109964,2020-10-13,ITV-9073
1816,1039,2020-10-14,favourable,,146619,2022-10-14,ITV-2451
1817,1039,2022-10-14,favourable,,183274,2023-10-14,ITV-0651
1818,1039,2023-10-14,favourable,,201602,2024-10-13,ITV-9296
1819,1039,2024-10-14,favourable,,219929,2025-10-14,ITV-2174
1820,1040,2018-12-15,unfavourable,Excessive steering play,62566,2020-12-14,ITV-7444
1821,1040,2020-12-14,favourable,,93849,2022-12-14,ITV-1884
1822,1040,2022-12-15,favourable,,125132,2024-12-14,ITV-0235
1823,1040,2024-12-14,favourable,,156415,2025-12-14,ITV-7135
1824,1042,2018-03-10,favourable,,28493,2020-03-09,ITV-3556
1825,1042,2020-03-09,favourable,,42740,2022-03-09,ITV-5092
1826,1042,2022-03-10,unfavourable,Excessive brake imbalance,56987,2024-03-09,ITV-3757
1827,1042,2024-03-09,unfavourable,Excessive brake imbalance,71234,2025-03-09,ITV-5052
1828,1042,2025-03-09,favourable,,78357,2026-03-09,ITV-4945
1829,1043,2024-07-19,negative,Handbrake efficiency below threshold,65553,2026-07-19,ITV-2067
1830,1045,2024-11-06,unfavourable,Suspension bush play,67905,2026-11-06,ITV-2035
1831,1047,2024-09-22,favourable,,65412,2026-09-22,ITV-5859
1832,1050,2018-12-14,favourable,,79774,2020-12-13,ITV-8751
1833,1050,2020-12-13,favourable,,119661,2022-12-13,ITV-0433
1834,1050,2022-12-14,favourable,,159548,2024-12-13,ITV-9570
1835,1050,2024-12-13,unfavourable,Emissions above limit,199435,2025-12-13,ITV-2877
1836,1059,2025-03-08,favourable,,55218,2027-03-08,ITV-6201
1837,1062,2016-05-08,unfavourable,Faulty dipped beam alignment,51076,2018-05-08,ITV-2625
1838,1062,2018-05-08,favourable,,76614,2020-05-07,ITV-7502
1839,1062,2020-05-08,favourable,,102152,2022-05-08,ITV-8355
1840,1062,2022-05-08,unfavourable,Excessive brake imbalance,127690,2023-05-08,ITV-7402
1841,1062,2023-05-08,favourable,,140459,2024-05-07,ITV-8832
1842,1062,2024-05-08,favourable,,153228,2025-05-08,ITV-9616
1843,1062,2025-05-08,unfavourable,Corroded exhaust mounting,165997,2026-05-08,ITV-3151
1844,1064,2021-09-20,favourable,,49578,2023-09-20,ITV-6048
1845,1064,2023-09-20,favourable,,74367,2025-09-19,ITV-0269
1846,1068,2019-10-26,favourable,,45848,2021-10-25,ITV-7735
1847,1068,2021-10-25,favourable,,68772,2023-10-25,ITV-7856
1848,1068,2023-10-26,favourable,,91697,2025-10-25,ITV-5413
1849,1072,2021-04-02,unfavourable,Corroded exhaust mounting,58555,2023-04-02,ITV-2064
1850,1072,2023-04-02,favourable,,87833,2025-04-01,ITV-0280
1851,1072,2025-04-02,favourable,,117110,2027-04-02,ITV-9277
1852,1074,2021-06-15,negative,Excessive steering play,77752,2023-06-15,ITV-8817
1853,1074,2023-06-15,favourable,,116629,2025-06-14,ITV-4008
1854,1074,2025-06-15,favourable,,155505,2027-06-15,ITV-0969
1855,1077,2021-09-11,favourable,,37665,2023-09-11,ITV-6304
1856,1077,2023-09-11,favourable,,56498,2025-09-10,ITV-1275
1857,1080,2017-11-10,favourable,,51507,2019-11-10,ITV-3500
1858,1080,2019-11-10,negative,Emissions above limit,77261,2021-11-09,ITV-4016
1859,1080,2021-11-10,favourable,,103015,2023-11-10,ITV-8919
1860,1080,2023-11-10,favourable,,128769,2024-11-09,ITV-1139
1861,1080,2024-11-09,favourable,,141646,2025-11-09,ITV-1764
1862,1081,2023-01-21,favourable,,24446,2025-01-20,ITV-7259
1863,1081,2025-01-20,favourable,,36669,2027-01-20,ITV-3833
1864,1083,2021-12-02,unfavourable,Windscreen chip in swept area,78696,2023-12-02,ITV-8499
1865,1083,2023-12-02,unfavourable,Emissions above limit,118044,2025-12-01,ITV-5288
1866,1084,2023-01-15,favourable,,38181,2025-01-14,ITV-2867
1867,1084,2025-01-14,favourable,,57271,2027-01-14,ITV-7458
1868,1086,2022-11-03,favourable,,74169,2024-11-02,ITV-5892
1869,1086,2024-11-02,favourable,,111254,2026-11-02,ITV-9852
1870,1087,2020-09-26,favourable,,34923,2022-09-26,ITV-6558
1871,1087,2022-09-26,favourable,,52385,2024-09-25,ITV-2866
1872,1087,2024-09-26,favourable,,69847,2026-09-26,ITV-8531
1873,1089,2017-02-07,unfavourable,Handbrake efficiency below threshold,26870,2019-02-07,ITV-8533
1874,1089,2019-02-07,favourable,,40306,2021-02-06,ITV-7068
1875,1089,2021-02-07,favourable,,53741,2023-02-07,ITV-3047
1876,1089,2023-02-07,favourable,,67177,2024-02-07,ITV-5998
1877,1089,2024-02-07,favourable,,73895,2025-02-06,ITV-8774
1878,1089,2025-02-07,favourable,,80612,2026-02-07,ITV-7125
1879,1091,2023-04-01,favourable,,68216,2025-03-31,ITV-2484
1880,1091,2025-03-31,favourable,,102324,2027-03-31,ITV-1123
1881,1096,2018-06-23,unfavourable,Windscreen chip in swept area,7999,2020-06-22,ITV-9917
1882,1096,2020-06-22,favourable,,11999,2022-06-22,ITV-8514
1883,1096,2022-06-23,favourable,,15999,2024-06-22,ITV-3742
1884,1096,2024-06-22,favourable,,19999,2025-06-22,ITV-7990
1885,1096,2025-06-22,favourable,,21999,2026-06-22,ITV-7189
1886,1097,2024-03-03,favourable,,17776,2026-03-03,ITV-2153
1887,1098,2015-12-11,unfavourable,Faulty dipped beam alignment,35372,2017-12-10,ITV-6787
1888,1098,2017-12-10,favourable,,53058,2019-12-10,ITV-9886
1889,1098,2019-12-11,unfavourable,Number plate light inoperative,70744,2021-12-10,ITV-1694
1890,1098,2021-12-10,favourable,,88430,2022-12-10,ITV-8867
1891,1098,2022-12-10,favourable,,97273,2023-12-10,ITV-2776
1892,1098,2023-12-11,favourable,,106116,2024-12-10,ITV-0804
1893,1098,2024-12-10,favourable,,114959,2025-12-10,ITV-9075
1894,1099,2024-10-29,favourable,,58488,2026-10-29,ITV-6464
1895,1101,2015-06-17,favourable,,74185,2017-06-16,ITV-7369
1896,1101,2017-06-16,favourable,,111277,2019-06-16,ITV-5002
1897,1101,2019-06-17,favourable,,148370,2021-06-16,ITV-1487
1898,1101,2021-06-16,negative,Excessive brake imbalance,185463,2022-06-16,ITV-5532
1899,1101,2022-06-16,favourable,,204009,2023-06-16,ITV-0972
1900,1101,2023-06-17,favourable,,222555,2024-06-16,ITV-1127
1901,1101,2024-06-16,favourable,,241102,2025-06-16,ITV-1038
1902,1101,2025-06-16,favourable,,259648,2026-06-16,ITV-8490
1903,1103,2018-02-08,unfavourable,Windscreen chip in swept area,53865,2020-02-08,ITV-4232
1904,1103,2020-02-08,favourable,,80797,2022-02-07,ITV-7330
1905,1103,2022-02-08,favourable,,107730,2024-02-08,ITV-8331
1906,1103,2024-02-08,favourable,,134663,2025-02-07,ITV-3772
1907,1103,2025-02-07,favourable,,148129,2026-02-07,ITV-1117
1908,1104,2019-05-16,favourable,,60392,2021-05-15,ITV-0745
1909,1104,2021-05-15,favourable,,90588,2023-05-15,ITV-4737
1910,1104,2023-05-16,unfavourable,Number plate light inoperative,120784,2025-05-15,ITV-2125
1911,1104,2025-05-15,favourable,,150980,2026-05-15,ITV-4442
1912,1106,2018-08-19,unfavourable,Number plate light inoperative,50930,2020-08-18,ITV-4540
1913,1106,2020-08-18,favourable,,76395,2022-08-18,ITV-1349
1914,1106,2022-08-19,unfavourable,Handbrake efficiency below threshold,101860,2024-08-18,ITV-1350
1915,1106,2024-08-18,favourable,,127325,2025-08-18,ITV-0384
1916,1108,2025-06-16,favourable,,49112,2027-06-16,ITV-8802
1917,1109,2023-04-12,favourable,,59145,2025-04-11,ITV-8445
1918,1109,2025-04-11,favourable,,88718,2027-04-11,ITV-3540
1919,1110,2023-06-06,favourable,,11516,2025-06-05,ITV-6483
1920,1110,2025-06-05,favourable,,17274,2027-06-05,ITV-6634
1921,1114,2023-11-29,favourable,,36078,2025-11-28,ITV-3941
1922,1115,2022-03-17,favourable,,62027,2024-03-16,ITV-5802
1923,1115,2024-03-16,favourable,,93041,2026-03-16,ITV-1591
1924,1116,2023-10-01,favourable,,49890,2025-09-30,ITV-5345
1925,1117,2020-01-14,favourable,,57770,2022-01-13,ITV-4466
1926,1117,2022-01-13,favourable,,86655,2024-01-13,ITV-0586
1927,1117,2024-01-14,favourable,,115541,2026-01-13,ITV-3920
1928,1119,2024-02-21,favourable,,78293,2026-02-20,ITV-3964
1929,1122,2016-02-01,unfavourable,Number plate light inoperative,64233,2018-01-31,ITV-5239
1930,1122,2018-01-31,unfavourable,Faulty dipped beam alignment,96350,2020-01-31,ITV-6881
1931,1122,2020-02-01,favourable,,128467,2022-01-31,ITV-0173
1932,1122,2022-01-31,favourable,,160584,2023-01-31,ITV-6811
1933,1122,2023-01-31,favourable,,176643,2024-01-31,ITV-5742
1934,1122,2024-02-01,favourable,,192701,2025-01-31,ITV-1325
1935,1122,2025-01-31,unfavourable,Excessive brake imbalance,208760,2026-01-31,ITV-6886
1936,1123,2017-07-07,favourable,,44499,2019-07-07,ITV-8416
1937,1123,2019-07-07,favourable,,66749,2021-07-06,ITV-8516
1938,1123,2021-07-07,favourable,,88998,2023-07-07,ITV-8797
1939,1123,2023-07-07,unfavourable,Seat belt retractor faulty,111248,2024-07-06,ITV-5211
1940,1123,2024-07-06,favourable,,122373,2025-07-06,ITV-1565
1941,1126,2023-09-25,favourable,,33099,2025-09-24,ITV-2224
1942,1128,2024-01-27,unfavourable,Corroded exhaust mounting,49010,2026-01-26,ITV-3325
1943,1130,2017-08-20,favourable,,66918,2019-08-20,ITV-4409
1944,1130,2019-08-20,unfavourable,Corroded exhaust mounting,100378,2021-08-19,ITV-8245
1945,1130,2021-08-20,favourable,,133837,2023-08-20,ITV-2187
1946,1130,2023-08-20,favourable,,167297,2024-08-19,ITV-8512
1947,1130,2024-08-19,favourable,,184027,2025-08-19,ITV-8634
1948,1131,2018-03-08,favourable,,42048,2020-03-07,ITV-7709
1949,1131,2020-03-07,favourable,,63072,2022-03-07,ITV-7240
1950,1131,2022-03-08,favourable,,84097,2024-03-07,ITV-6069
1951,1131,2024-03-07,unfavourable,Faulty dipped beam alignment,105121,2025-03-07,ITV-8821
1952,1131,2025-03-07,favourable,,115633,2026-03-07,ITV-7294
1953,1133,2015-04-08,unfavourable,Excessive steering play,56220,2017-04-07,ITV-2156
1954,1133,2017-04-07,favourable,,84331,2019-04-07,ITV-8899
1955,1133,2019-04-08,unfavourable,Handbrake efficiency below threshold,112441,2021-04-07,ITV-9801
1956,1133,2021-04-07,favourable,,140552,2022-04-07,ITV-8531
1957,1133,2022-04-07,favourable,,154607,2023-04-07,ITV-4520
1958,1133,2023-04-08,favourable,,168662,2024-04-07,ITV-1001
1959,1133,2024-04-07,favourable,,182717,2025-04-07,ITV-6604
1960,1133,2025-04-07,favourable,,196772,2026-04-07,ITV-0644
1961,1134,2019-01-25,favourable,,76385,2021-01-24,ITV-3956
1962,1134,2021-01-24,favourable,,114577,2023-01-24,ITV-1054
1963,1134,2023-01-25,unfavourable,Corroded exhaust mounting,152770,2025-01-24,ITV-8213
1964,1134,2025-01-24,favourable,,190962,2026-01-24,ITV-2348
1965,1137,2021-04-11,negative,Number plate light inoperative,77969,2023-04-11,ITV-3583
1966,1137,2023-04-11,favourable,,116954,2025-04-10,ITV-3793
1967,1137,2025-04-11,favourable,,155939,2027-04-11,ITV-8076
1968,1140,2017-04-28,favourable,,87812,2019-04-28,ITV-5587
1969,1140,2019-04-28,favourable,,131719,2021-04-27,ITV-5137
1970,1140,2021-04-28,favourable,,175625,2023-04-28,ITV-0148
1971,1140,2023-04-28,favourable,,219532,2024-04-27,ITV-3759
1972,1140,2024-04-27,favourable,,241485,2025-04-27,ITV-6058
1973,1140,2025-04-28,favourable,,263438,2026-04-28,ITV-5109
1974,1141,2024-07-07,negative,Excessive steering play,93649,2026-07-07,ITV-7535
1975,1144,2019-07-29,favourable,,68311,2021-07-28,ITV-5587
1976,1144,2021-07-28,favourable,,102467,2023-07-28,ITV-4649
1977,1144,2023-07-29,favourable,,136622,2025-07-28,ITV-6099
1978,1145,2022-09-23,favourable,,70938,2024-09-22,ITV-5951
1979,1145,2024-09-22,favourable,,106407,2026-09-22,ITV-8398
1980,1146,2024-02-26,negative,Worn front tyre below 1.6mm,63408,2026-02-25,ITV-7852
1981,1147,2014-08-20,unfavourable,Corroded exhaust mounting,67257,2016-08-19,ITV-1622
1982,1147,2016-08-19,favourable,,100886,2018-08-19,ITV-7843
1983,1147,2018-08-20,favourable,,134515,2020-08-19,ITV-6339
1984,1147,2020-08-19,favourable,,168144,2021-08-19,ITV-2852
1985,1147,2021-08-19,favourable,,184958,2022-08-19,ITV-5993
1986,1147,2022-08-20,favourable,,201773,2023-08-20,ITV-1600
1987,1147,2023-08-20,favourable,,218587,2024-08-19,ITV-7825
1988,1147,2024-08-19,favourable,,235401,2025-08-19,ITV-1174
1989,1148,2023-01-19,favourable,,53083,2025-01-18,ITV-2258
1990,1148,2025-01-18,favourable,,79625,2027-01-18,ITV-5938
1991,1151,2024-05-22,favourable,,83660,2026-05-22,ITV-7569
1992,1152,2021-03-16,favourable,,51397,2023-03-16,ITV-0321
1993,1152,2023-03-16,favourable,,77096,2025-03-15,ITV-2921
1994,1152,2025-03-16,favourable,,102794,2027-03-16,ITV-0530
1995,1153,2022-07-07,favourable,,28235,2024-07-06,ITV-4821
1996,1153,2024-07-06,favourable,,42352,2026-07-06,ITV-2975
1997,1156,2024-06-19,favourable,,32121,2026-06-19,ITV-3264
1998,1157,2021-09-12,favourable,,92007,2023-09-12,ITV-5845
1999,1157,2023-09-12,favourable,,138010,2025-09-11,ITV-4795
2000,1160,2023-05-13,favourable,,79505,2025-05-12,ITV-0283
2001,1160,2025-05-12,favourable,,119258,2027-05-12,ITV-9659
2002,1161,2015-11-08,favourable,,95504,2017-11-07,ITV-2934
2003,1161,2017-11-07,favourable,,143256,2019-11-07,ITV-8640
2004,1161,2019-11-08,favourable,,191008,2021-11-07,ITV-5683
2005,1161,2021-11-07,favourable,,238761,2022-11-07,ITV-7364
2006,1161,2022-11-07,favourable,,262637,2023-11-07,ITV-4698
2007,1161,2023-11-08,favourable,,286513,2024-11-07,ITV-8248
2008,1161,2024-11-07,unfavourable,Suspension bush play,310389,2025-11-07,ITV-1329
2009,1162,2019-05-24,unfavourable,Number plate light inoperative,35185,2021-05-23,ITV-1116
2010,1162,2021-05-23,favourable,,52778,2023-05-23,ITV-5347
2011,1162,2023-05-24,favourable,,70371,2025-05-23,ITV-4075
2012,1162,2025-05-23,unfavourable,Rear shock absorber leaking,87964,2026-05-23,ITV-9184
2013,1163,2017-11-30,favourable,,70320,2019-11-30,ITV-0782
2014,1163,2019-11-30,favourable,,105481,2021-11-29,ITV-7325
2015,1163,2021-11-30,favourable,,140641,2023-11-30,ITV-5834
2016,1163,2023-11-30,favourable,,175801,2024-11-29,ITV-0266
2017,1163,2024-11-29,favourable,,193382,2025-11-29,ITV-8216
2018,1164,2019-05-15,favourable,,61678,2021-05-14,ITV-8729
2019,1164,2021-05-14,unfavourable,Excessive steering play,92518,2023-05-14,ITV-2739
2020,1164,2023-05-15,favourable,,123357,2025-05-14,ITV-2290
2021,1164,2025-05-14,favourable,,154196,2026-05-14,ITV-9375
2022,1165,2022-06-03,favourable,,81155,2024-06-02,ITV-2835
2023,1165,2024-06-02,unfavourable,Windscreen chip in swept area,121732,2026-06-02,ITV-5804
2024,1166,2016-09-25,unfavourable,Number plate light inoperative,35891,2018-09-25,ITV-9020
2025,1166,2018-09-25,favourable,,53837,2020-09-24,ITV-1674
2026,1166,2020-09-25,favourable,,71783,2022-09-25,ITV-6004
2027,1166,2022-09-25,favourable,,89729,2023-09-25,ITV-3328
2028,1166,2023-09-25,favourable,,98702,2024-09-24,ITV-8105
2029,1166,2024-09-25,unfavourable,Emissions above limit,107675,2025-09-25,ITV-0842
2030,1168,2020-03-14,favourable,,54230,2022-03-14,ITV-3822
2031,1168,2022-03-14,unfavourable,Rear shock absorber leaking,81346,2024-03-13,ITV-5470
2032,1168,2024-03-14,favourable,,108461,2026-03-14,ITV-0493
2033,1171,2020-08-10,unfavourable,Number plate light inoperative,80724,2022-08-10,ITV-4302
2034,1171,2022-08-10,favourable,,121086,2024-08-09,ITV-3215
2035,1171,2024-08-10,unfavourable,Rear shock absorber leaking,161448,2026-08-10,ITV-6069
2036,1173,2018-02-06,favourable,,68664,2020-02-06,ITV-6756
2037,1173,2020-02-06,favourable,,102997,2022-02-05,ITV-1663
2038,1173,2022-02-06,unfavourable,Suspension bush play,137329,2024-02-06,ITV-3874
2039,1173,2024-02-06,favourable,,171662,2025-02-05,ITV-6064
2040,1173,2025-02-05,favourable,,188828,2026-02-05,ITV-6211
2041,1174,2016-05-22,favourable,,88571,2018-05-22,ITV-4434
2042,1174,2018-05-22,negative,Seat belt retractor faulty,132856,2020-05-21,ITV-4985
2043,1174,2020-05-22,favourable,,177142,2022-05-22,ITV-4438
2044,1174,2022-05-22,negative,Number plate light inoperative,221428,2023-05-22,ITV-7609
2045,1174,2023-05-22,favourable,,243571,2024-05-21,ITV-3910
2046,1174,2024-05-22,favourable,,265713,2025-05-22,ITV-5763
2047,1174,2025-05-22,favourable,,287856,2026-05-22,ITV-2796
2048,1176,2018-09-22,favourable,,35346,2020-09-21,ITV-7207
2049,1176,2020-09-21,favourable,,53019,2022-09-21,ITV-3753
2050,1176,2022-09-22,favourable,,70692,2024-09-21,ITV-8342
2051,1176,2024-09-21,favourable,,88365,2025-09-21,ITV-3694
2052,1177,2015-07-09,favourable,,48809,2017-07-08,ITV-6918
2053,1177,2017-07-08,unfavourable,Excessive steering play,73213,2019-07-08,ITV-2154
2054,1177,2019-07-09,negative,Faulty dipped beam alignment,97618,2021-07-08,ITV-3493
2055,1177,2021-07-08,favourable,,122022,2022-07-08,ITV-1272
2056,1177,2022-07-08,unfavourable,Corroded exhaust mounting,134225,2023-07-08,ITV-8924
2057,1177,2023-07-09,favourable,,146427,2024-07-08,ITV-5263
2058,1177,2024-07-08,favourable,,158629,2025-07-08,ITV-1401
2059,1178,2017-03-21,unfavourable,Number plate light inoperative,28137,2019-03-21,ITV-2503
2060,1178,2019-03-21,favourable,,42206,2021-03-20,ITV-0249
2061,1178,2021-03-21,favourable,,56275,2023-03-21,ITV-7197
2062,1178,2023-03-21,favourable,,70344,2024-03-20,ITV-3544
2063,1178,2024-03-20,favourable,,77378,2025-03-20,ITV-6901
2064,1178,2025-03-21,favourable,,84412,2026-03-21,ITV-4814
2065,1180,2023-06-15,negative,Excessive steering play,54867,2025-06-14,ITV-4998
2066,1180,2025-06-14,favourable,,82300,2027-06-14,ITV-4757
2067,1182,2018-05-27,favourable,,53712,2020-05-26,ITV-1875
2068,1182,2020-05-26,unfavourable,Windscreen chip in swept area,80568,2022-05-26,ITV-5906
2069,1182,2022-05-27,unfavourable,Rear shock absorber leaking,107425,2024-05-26,ITV-6138
2070,1182,2024-05-26,negative,Windscreen chip in swept area,134281,2025-05-26,ITV-3049
2071,1182,2025-05-26,favourable,,147709,2026-05-26,ITV-6456
2072,1184,2018-12-09,unfavourable,Worn front tyre below 1.6mm,52951,2020-12-08,ITV-3216
2073,1184,2020-12-08,favourable,,79426,2022-12-08,ITV-2115
2074,1184,2022-12-09,favourable,,105902,2024-12-08,ITV-4238
2075,1184,2024-12-08,favourable,,132377,2025-12-08,ITV-5776
2076,1185,2016-10-18,unfavourable,Seat belt retractor faulty,28703,2018-10-18,ITV-6375
2077,1185,2018-10-18,favourable,,43055,2020-10-17,ITV-5004
2078,1185,2020-10-18,favourable,,57407,2022-10-18,ITV-1158
2079,1185,2022-10-18,favourable,,71759,2023-10-18,ITV-4608
2080,1185,2023-10-18,favourable,,78935,2024-10-17,ITV-9581
2081,1185,2024-10-18,favourable,,86111,2025-10-18,ITV-7906
2082,1186,2024-12-03,unfavourable,Emissions above limit,72798,2026-12-03,ITV-7974
2083,1187,2024-04-26,favourable,,59267,2026-04-26,ITV-6190
2084,1188,2016-12-23,unfavourable,Worn front tyre below 1.6mm,82213,2018-12-23,ITV-7917
2085,1188,2018-12-23,favourable,,123320,2020-12-22,ITV-1479
2086,1188,2020-12-23,favourable,,164427,2022-12-23,ITV-8769
2087,1188,2022-12-23,unfavourable,Excessive steering play,205533,2023-12-23,ITV-5871
2088,1188,2023-12-23,unfavourable,Number plate light inoperative,226087,2024-12-22,ITV-7194
2089,1188,2024-12-23,unfavourable,Seat belt retractor faulty,246640,2025-12-23,ITV-3352
2090,1191,2023-10-30,favourable,,59430,2025-10-29,ITV-3562
2091,1194,2024-06-12,favourable,,31194,2026-06-12,ITV-1438
2092,1196,2025-02-26,negative,Corroded exhaust mounting,48433,2027-02-26,ITV-6860
2093,1197,2021-01-24,favourable,,54425,2023-01-24,ITV-7249
2094,1197,2023-01-24,favourable,,81637,2025-01-23,ITV-7245
2095,1197,2025-01-24,negative,Rear shock absorber leaking,108850,2027-01-24,ITV-8152
2096,1201,2021-07-23,favourable,,54838,2023-07-23,ITV-4904
2097,1201,2023-07-23,favourable,,82257,2025-07-22,ITV-5993
2098,1202,2022-11-20,favourable,,36411,2024-11-19,ITV-8457
2099,1202,2024-11-19,favourable,,54617,2026-11-19,ITV-2260
2100,1204,2017-11-07,favourable,,56003,2019-11-07,ITV-2363
2101,1204,2019-11-07,favourable,,84005,2021-11-06,ITV-9421
2102,1204,2021-11-07,favourable,,112007,2023-11-07,ITV-2811
2103,1204,2023-11-07,favourable,,140009,2024-11-06,ITV-2195
2104,1204,2024-11-06,favourable,,154010,2025-11-06,ITV-1513
2105,1206,2022-01-31,unfavourable,Windscreen chip in swept area,77778,2024-01-31,ITV-6605
2106,1206,2024-01-31,unfavourable,Number plate light inoperative,116667,2026-01-30,ITV-0771
2107,1207,2024-07-01,favourable,,56195,2026-07-01,ITV-3671
2108,1208,2018-06-18,favourable,,40039,2020-06-17,ITV-3816
2109,1208,2020-06-17,favourable,,60058,2022-06-17,ITV-5307
2110,1208,2022-06-18,favourable,,80078,2024-06-17,ITV-3847
2111,1208,2024-06-17,favourable,,100097,2025-06-17,ITV-9427
2112,1208,2025-06-17,favourable,,110107,2026-06-17,ITV-2083
2113,1209,2025-01-01,favourable,,68990,2027-01-01,ITV-8971
2114,1210,2025-04-02,unfavourable,Emissions above limit,56838,2027-04-02,ITV-8077
2115,1212,2023-12-20,unfavourable,Corroded exhaust mounting,28762,2025-12-19,ITV-3590
2116,1213,2022-12-06,favourable,,20736,2024-12-05,ITV-0547
2117,1213,2024-12-05,unfavourable,Faulty dipped beam alignment,31104,2026-12-05,ITV-0675
2118,1214,2017-03-27,favourable,,66017,2019-03-27,ITV-4357
2119,1214,2019-03-27,favourable,,99026,2021-03-26,ITV-7649
2120,1214,2021-03-27,favourable,,132035,2023-03-27,ITV-1586
2121,1214,2023-03-27,unfavourable,Suspension bush play,165044,2024-03-26,ITV-9200
2122,1214,2024-03-26,favourable,,181548,2025-03-26,ITV-2298
2123,1214,2025-03-27,favourable,,198053,2026-03-27,ITV-2219
2124,1216,2024-08-27,favourable,,46051,2026-08-27,ITV-1613
2125,1217,2024-11-21,favourable,,43182,2026-11-21,ITV-3394
2126,1218,2023-05-16,favourable,,62015,2025-05-15,ITV-5065
2127,1218,2025-05-15,unfavourable,Corroded exhaust mounting,93023,2027-05-15,ITV-6165
2128,1219,2018-10-18,unfavourable,Suspension bush play,69074,2020-10-17,ITV-7974
2129,1219,2020-10-17,favourable,,103611,2022-10-17,ITV-2805
2130,1219,2022-10-18,favourable,,138148,2024-10-17,ITV-6626
2131,1219,2024-10-17,favourable,,172686,2025-10-17,ITV-9724
2132,1220,2025-03-20,favourable,,74514,2027-03-20,ITV-0426
2133,1221,2019-12-02,favourable,,87223,2021-12-01,ITV-2887
2134,1221,2021-12-01,favourable,,130834,2023-12-01,ITV-4203
2135,1221,2023-12-02,negative,Excessive steering play,174446,2025-12-01,ITV-7108
2136,1222,2019-03-08,favourable,,60028,2021-03-07,ITV-3549
2137,1222,2021-03-07,favourable,,90043,2023-03-07,ITV-5217
2138,1222,2023-03-08,favourable,,120057,2025-03-07,ITV-7058
2139,1222,2025-03-07,favourable,,150072,2026-03-07,ITV-9092
2140,1224,2016-05-13,unfavourable,Emissions above limit,41525,2018-05-13,ITV-0739
2141,1224,2018-05-13,unfavourable,Emissions above limit,62288,2020-05-12,ITV-6383
2142,1224,2020-05-13,favourable,,83051,2022-05-13,ITV-2145
2143,1224,2022-05-13,favourable,,103814,2023-05-13,ITV-5758
2144,1224,2023-05-13,unfavourable,Emissions above limit,114195,2024-05-12,ITV-5894
2145,1224,2024-05-13,favourable,,124577,2025-05-13,ITV-1875
2146,1224,2025-05-13,favourable,,134958,2026-05-13,ITV-6249
2147,1225,2020-06-16,favourable,,102416,2022-06-16,ITV-5344
2148,1225,2022-06-16,favourable,,153625,2024-06-15,ITV-1263
2149,1225,2024-06-16,favourable,,204833,2026-06-16,ITV-2143
2150,1226,2024-03-17,favourable,,62812,2026-03-17,ITV-1098
2151,1227,2016-12-21,favourable,,75218,2018-12-21,ITV-3310
2152,1227,2018-12-21,favourable,,112827,2020-12-20,ITV-6625
2153,1227,2020-12-21,favourable,,150437,2022-12-21,ITV-9008
2154,1227,2022-12-21,favourable,,188046,2023-12-21,ITV-5075
2155,1227,2023-12-21,favourable,,206850,2024-12-20,ITV-1493
2156,1227,2024-12-21,unfavourable,Excessive brake imbalance,225655,2025-12-21,ITV-8085
2157,1229,2018-03-11,negative,Rear shock absorber leaking,65319,2020-03-10,ITV-3377
2158,1229,2020-03-10,favourable,,97978,2022-03-10,ITV-4632
2159,1229,2022-03-11,unfavourable,Corroded exhaust mounting,130638,2024-03-10,ITV-2586
2160,1229,2024-03-10,favourable,,163298,2025-03-10,ITV-9452
2161,1229,2025-03-10,unfavourable,Excessive steering play,179628,2026-03-10,ITV-4148
2162,1232,2018-03-07,favourable,,93122,2020-03-06,ITV-6806
2163,1232,2020-03-06,favourable,,139683,2022-03-06,ITV-4828
2164,1232,2022-03-07,favourable,,186244,2024-03-06,ITV-2358
2165,1232,2024-03-06,favourable,,232805,2025-03-06,ITV-1205
2166,1232,2025-03-06,favourable,,256086,2026-03-06,ITV-2201
2167,1235,2016-11-14,favourable,,88606,2018-11-14,ITV-0422
2168,1235,2018-11-14,unfavourable,Excessive steering play,132909,2020-11-13,ITV-8458
2169,1235,2020-11-14,favourable,,177212,2022-11-14,ITV-5084
2170,1235,2022-11-14,unfavourable,Excessive brake imbalance,221516,2023-11-14,ITV-0821
2171,1235,2023-11-14,favourable,,243667,2024-11-13,ITV-5849
2172,1235,2024-11-14,favourable,,265819,2025-11-14,ITV-1401
2173,1237,2018-02-23,favourable,,57001,2020-02-23,ITV-0599
2174,1237,2020-02-23,favourable,,85501,2022-02-22,ITV-9526
2175,1237,2022-02-23,favourable,,114002,2024-02-23,ITV-8526
2176,1237,2024-02-23,favourable,,142503,2025-02-22,ITV-1548
2177,1237,2025-02-22,unfavourable,Worn front tyre below 1.6mm,156753,2026-02-22,ITV-7817
2178,1238,2019-12-30,favourable,,79408,2021-12-29,ITV-5526
2179,1238,2021-12-29,favourable,,119113,2023-12-29,ITV-8908
2180,1238,2023-12-30,favourable,,158817,2025-12-29,ITV-3450
2181,1239,2014-02-01,favourable,,66414,2016-02-01,ITV-0595
2182,1239,2016-02-01,favourable,,99621,2018-01-31,ITV-3497
2183,1239,2018-02-01,favourable,,132828,2020-02-01,ITV-3083
2184,1239,2020-02-01,favourable,,166035,2021-01-31,ITV-6203
2185,1239,2021-01-31,favourable,,182639,2022-01-31,ITV-6321
2186,1239,2022-02-01,unfavourable,Faulty dipped beam alignment,199242,2023-02-01,ITV-8202
2187,1239,2023-02-01,unfavourable,Corroded exhaust mounting,215846,2024-02-01,ITV-0717
2188,1239,2024-02-01,favourable,,232449,2025-01-31,ITV-3576
2189,1239,2025-01-31,unfavourable,Excessive steering play,249053,2026-01-31,ITV-3654
2190,1240,2016-09-23,favourable,,39549,2018-09-23,ITV-2128
2191,1240,2018-09-23,favourable,,59324,2020-09-22,ITV-9481
2192,1240,2020-09-23,favourable,,79098,2022-09-23,ITV-2763
2193,1240,2022-09-23,favourable,,98873,2023-09-23,ITV-8580
2194,1240,2023-09-23,favourable,,108761,2024-09-22,ITV-6155
2195,1240,2024-09-23,favourable,,118648,2025-09-23,ITV-6357
2196,1242,2014-03-13,unfavourable,Emissions above limit,85308,2016-03-12,ITV-4663
2197,1242,2016-03-12,unfavourable,Number plate light inoperative,127962,2018-03-12,ITV-1246
2198,1242,2018-03-13,favourable,,170616,2020-03-12,ITV-4652
2199,1242,2020-03-12,favourable,,213270,2021-03-12,ITV-3770
2200,1242,2021-03-12,favourable,,234597,2022-03-12,ITV-1568
2201,1242,2022-03-13,favourable,,255924,2023-03-13,ITV-4620
2202,1242,2023-03-13,favourable,,277251,2024-03-12,ITV-1966
2203,1242,2024-03-12,favourable,,298578,2025-03-12,ITV-0911
2204,1242,2025-03-12,favourable,,319905,2026-03-12,ITV-9790
2205,1244,2017-12-31,unfavourable,Handbrake efficiency below threshold,67175,2019-12-31,ITV-9652
2206,1244,2019-12-31,favourable,,100763,2021-12-30,ITV-9012
2207,1244,2021-12-31,favourable,,134351,2023-12-31,ITV-1278
2208,1244,2023-12-31,favourable,,167939,2024-12-30,ITV-4465
2209,1244,2024-12-30,favourable,,184733,2025-12-30,ITV-2009
2210,1247,2023-02-03,favourable,,44518,2025-02-02,ITV-0769
2211,1247,2025-02-02,favourable,,66778,2027-02-02,ITV-8588
2212,1248,2023-10-16,favourable,,21597,2025-10-15,ITV-6884
2213,1253,2016-08-25,favourable,,32084,2018-08-25,ITV-7255
2214,1253,2018-08-25,favourable,,48127,2020-08-24,ITV-2812
2215,1253,2020-08-25,favourable,,64169,2022-08-25,ITV-6739
2216,1253,2022-08-25,favourable,,80211,2023-08-25,ITV-0885
2217,1253,2023-08-25,favourable,,88232,2024-08-24,ITV-4027
2218,1253,2024-08-25,favourable,,96254,2025-08-25,ITV-3271
2219,1255,2019-08-17,favourable,,46490,2021-08-16,ITV-3646
2220,1255,2021-08-16,unfavourable,Excessive brake imbalance,69735,2023-08-16,ITV-7768
2221,1255,2023-08-17,favourable,,92980,2025-08-16,ITV-7643
2222,1257,2021-07-10,favourable,,53132,2023-07-10,ITV-7683
2223,1257,2023-07-10,unfavourable,Windscreen chip in swept area,79698,2025-07-09,ITV-2572
2224,1259,2017-06-12,favourable,,19615,2019-06-12,ITV-2692
2225,1259,2019-06-12,favourable,,29423,2021-06-11,ITV-2843
2226,1259,2021-06-12,favourable,,39230,2023-06-12,ITV-2716
2227,1259,2023-06-12,favourable,,49038,2024-06-11,ITV-4877
2228,1259,2024-06-11,unfavourable,Seat belt retractor faulty,53942,2025-06-11,ITV-2200
2229,1259,2025-06-12,favourable,,58846,2026-06-12,ITV-7746
2230,1260,2023-08-13,favourable,,39510,2025-08-12,ITV-5311
2231,1261,2015-09-13,favourable,,48659,2017-09-12,ITV-8950
2232,1261,2017-09-12,favourable,,72989,2019-09-12,ITV-9982
2233,1261,2019-09-13,unfavourable,Excessive steering play,97319,2021-09-12,ITV-5102
2234,1261,2021-09-12,favourable,,121648,2022-09-12,ITV-8473
2235,1261,2022-09-12,favourable,,133813,2023-09-12,ITV-7818
2236,1261,2023-09-13,favourable,,145978,2024-09-12,ITV-0962
2237,1261,2024-09-12,negative,Faulty dipped beam alignment,158143,2025-09-12,ITV-3688
2238,1262,2019-11-16,favourable,,107973,2021-11-15,ITV-2589
2239,1262,2021-11-15,unfavourable,Excessive steering play,161960,2023-11-15,ITV-1234
2240,1262,2023-11-16,favourable,,215946,2025-11-15,ITV-6235
2241,1263,2023-11-07,favourable,,58901,2025-11-06,ITV-1382
2242,1265,2022-02-09,favourable,,45488,2024-02-09,ITV-3135
2243,1265,2024-02-09,favourable,,68232,2026-02-08,ITV-7842
2244,1269,2022-02-04,favourable,,7999,2024-02-04,ITV-8698
2245,1269,2024-02-04,favourable,,11999,2026-02-03,ITV-0145
2246,1272,2025-01-17,favourable,,27845,2027-01-17,ITV-5889
2247,1273,2024-03-26,favourable,,62830,2026-03-26,ITV-1604
2248,1274,2021-09-28,favourable,,65649,2023-09-28,ITV-8338
2249,1274,2023-09-28,favourable,,98474,2025-09-27,ITV-2638
2250,1276,2024-11-03,unfavourable,Suspension bush play,70077,2026-11-03,ITV-0242
2251,1277,2024-03-19,favourable,,52290,2026-03-19,ITV-1862
2252,1278,2025-01-31,favourable,,46026,2027-01-31,ITV-5695
2253,1279,2018-09-07,favourable,,28033,2020-09-06,ITV-9450
2254,1279,2020-09-06,favourable,,42050,2022-09-06,ITV-7426
2255,1279,2022-09-07,favourable,,56067,2024-09-06,ITV-9225
2256,1279,2024-09-06,unfavourable,Excessive brake imbalance,70083,2025-09-06,ITV-9083
2257,1280,2023-12-18,negative,Rear shock absorber leaking,74936,2025-12-17,ITV-5853
2258,1283,2023-04-06,favourable,,52895,2025-04-05,ITV-4930
2259,1283,2025-04-05,favourable,,79342,2027-04-05,ITV-2765
2260,1284,2020-03-06,unfavourable,Windscreen chip in swept area,38402,2022-03-06,ITV-6600
2261,1284,2022-03-06,unfavourable,Worn front tyre below 1.6mm,57603,2024-03-05,ITV-6354
2262,1284,2024-03-06,favourable,,76804,2026-03-06,ITV-8694
2263,1286,2024-06-17,unfavourable,Suspension bush play,25551,2026-06-17,ITV-0873
2264,1287,2025-04-25,favourable,,45346,2027-04-25,ITV-3371
2265,1288,2023-06-11,favourable,,43853,2025-06-10,ITV-3704
2266,1288,2025-06-10,favourable,,65780,2027-06-10,ITV-1545
2267,1289,2023-09-09,favourable,,9996,2025-09-08,ITV-4290
2268,1290,2022-06-21,favourable,,80366,2024-06-20,ITV-4731
2269,1290,2024-06-20,favourable,,120550,2026-06-20,ITV-4630
2270,1291,2018-06-20,favourable,,39084,2020-06-19,ITV-4428
2271,1291,2020-06-19,favourable,,58626,2022-06-19,ITV-7065
2272,1291,2022-06-20,favourable,,78168,2024-06-19,ITV-8700
2273,1291,2024-06-19,favourable,,97710,2025-06-19,ITV-1785
2274,1291,2025-06-19,unfavourable,Windscreen chip in swept area,107481,2026-06-19,ITV-0952
2275,1292,2016-03-10,favourable,,76714,2018-03-10,ITV-2339
2276,1292,2018-03-10,favourable,,115071,2020-03-09,ITV-5103
2277,1292,2020-03-10,negative,Windscreen chip in swept area,153428,2022-03-10,ITV-9750
2278,1292,2022-03-10,unfavourable,Excessive steering play,191785,2023-03-10,ITV-0765
2279,1292,2023-03-10,favourable,,210964,2024-03-09,ITV-7526
2280,1292,2024-03-10,unfavourable,Suspension bush play,230142,2025-03-10,ITV-2031
2281,1292,2025-03-10,favourable,,249321,2026-03-10,ITV-8250
2282,1294,2023-09-15,favourable,,41125,2025-09-14,ITV-3805
2283,1297,2022-06-27,negative,Seat belt retractor faulty,32764,2024-06-26,ITV-3548
2284,1297,2024-06-26,favourable,,49146,2026-06-26,ITV-2107
2285,1298,2021-12-23,favourable,,89936,2023-12-23,ITV-0877
2286,1298,2023-12-23,favourable,,134904,2025-12-22,ITV-0449
2287,1300,2024-12-04,favourable,,86016,2026-12-04,ITV-7441
2288,1301,2023-06-19,favourable,,27053,2025-06-18,ITV-8831
2289,1301,2025-06-18,favourable,,40580,2027-06-18,ITV-3348
2290,1302,2020-11-18,negative,Worn front tyre below 1.6mm,69727,2022-11-18,ITV-5547
2291,1302,2022-11-18,favourable,,104590,2024-11-17,ITV-9233
2292,1302,2024-11-18,favourable,,139454,2026-11-18,ITV-4516
2293,1303,2019-04-19,unfavourable,Windscreen chip in swept area,7999,2021-04-18,ITV-2271
2294,1303,2021-04-18,unfavourable,Seat belt retractor faulty,11999,2023-04-18,ITV-4702
2295,1303,2023-04-19,favourable,,15999,2025-04-18,ITV-1645
2296,1303,2025-04-18,favourable,,19999,2026-04-18,ITV-5637
2297,1304,2021-02-05,favourable,,62352,2023-02-05,ITV-0644
2298,1304,2023-02-05,unfavourable,Corroded exhaust mounting,93529,2025-02-04,ITV-9684
2299,1304,2025-02-05,favourable,,124705,2027-02-05,ITV-6506
2300,1305,2022-09-10,unfavourable,Excessive brake imbalance,56486,2024-09-09,ITV-0511
2301,1305,2024-09-09,favourable,,84729,2026-09-09,ITV-5651
2302,1306,2020-01-14,favourable,,29739,2022-01-13,ITV-7065
2303,1306,2022-01-13,favourable,,44609,2024-01-13,ITV-6329
2304,1306,2024-01-14,negative,Emissions above limit,59479,2026-01-13,ITV-0049
2305,1308,2020-08-24,unfavourable,Seat belt retractor faulty,56484,2022-08-24,ITV-3767
2306,1308,2022-08-24,negative,Worn front tyre below 1.6mm,84727,2024-08-23,ITV-9645
2307,1308,2024-08-24,negative,Windscreen chip in swept area,112969,2026-08-24,ITV-6987
2308,1310,2025-03-07,favourable,,44848,2027-03-07,ITV-7414
2309,1314,2018-07-30,unfavourable,Worn front tyre below 1.6mm,38385,2020-07-29,ITV-6644
2310,1314,2020-07-29,favourable,,57578,2022-07-29,ITV-5868
2311,1314,2022-07-30,favourable,,76771,2024-07-29,ITV-8983
2312,1314,2024-07-29,favourable,,95964,2025-07-29,ITV-1169
2313,1318,2017-06-12,favourable,,38388,2019-06-12,ITV-8596
2314,1318,2019-06-12,favourable,,57583,2021-06-11,ITV-4594
2315,1318,2021-06-12,unfavourable,Emissions above limit,76777,2023-06-12,ITV-2332
2316,1318,2023-06-12,favourable,,95971,2024-06-11,ITV-9573
2317,1318,2024-06-11,unfavourable,Number plate light inoperative,105568,2025-06-11,ITV-9543
2318,1318,2025-06-12,favourable,,115166,2026-06-12,ITV-0652
2319,1319,2019-05-27,favourable,,60584,2021-05-26,ITV-5628
2320,1319,2021-05-26,unfavourable,Emissions above limit,90876,2023-05-26,ITV-2312
2321,1319,2023-05-27,unfavourable,Faulty dipped beam alignment,121168,2025-05-26,ITV-6446
2322,1319,2025-05-26,favourable,,151460,2026-05-26,ITV-1872
2323,1320,2020-01-06,favourable,,39743,2022-01-05,ITV-2806
2324,1320,2022-01-05,favourable,,59615,2024-01-05,ITV-7849
2325,1320,2024-01-06,favourable,,79487,2026-01-05,ITV-8007
2326,1321,2017-08-27,unfavourable,Number plate light inoperative,46556,2019-08-27,ITV-0980
2327,1321,2019-08-27,favourable,,69835,2021-08-26,ITV-3752
2328,1321,2021-08-27,unfavourable,Handbrake efficiency below threshold,93113,2023-08-27,ITV-8651
2329,1321,2023-08-27,favourable,,116391,2024-08-26,ITV-3594
2330,1321,2024-08-26,unfavourable,Rear shock absorber leaking,128031,2025-08-26,ITV-8047
2331,1323,2022-02-12,unfavourable,Emissions above limit,43214,2024-02-12,ITV-1814
2332,1323,2024-02-12,favourable,,64821,2026-02-11,ITV-0726
2333,1325,2020-04-16,favourable,,89362,2022-04-16,ITV-6824
2334,1325,2022-04-16,favourable,,134043,2024-04-15,ITV-1805
2335,1325,2024-04-16,unfavourable,Seat belt retractor faulty,178724,2026-04-16,ITV-5284
2336,1330,2015-12-31,favourable,,49813,2017-12-30,ITV-6977
2337,1330,2017-12-30,favourable,,74719,2019-12-30,ITV-2059
2338,1330,2019-12-31,favourable,,99626,2021-12-30,ITV-7695
2339,1330,2021-12-30,unfavourable,Excessive steering play,124533,2022-12-30,ITV-5181
2340,1330,2022-12-30,favourable,,136986,2023-12-30,ITV-1359
2341,1330,2023-12-31,unfavourable,Excessive steering play,149439,2024-12-30,ITV-5909
2342,1330,2024-12-30,favourable,,161893,2025-12-30,ITV-6211
2343,1332,2018-01-16,favourable,,49258,2020-01-16,ITV-5061
2344,1332,2020-01-16,favourable,,73887,2022-01-15,ITV-2962
2345,1332,2022-01-16,favourable,,98516,2024-01-16,ITV-4964
2346,1332,2024-01-16,favourable,,123145,2025-01-15,ITV-6097
2347,1332,2025-01-15,favourable,,135459,2026-01-15,ITV-6256
2348,1333,2016-11-23,unfavourable,Excessive brake imbalance,62224,2018-11-23,ITV-4497
2349,1333,2018-11-23,favourable,,93337,2020-11-22,ITV-8059
2350,1333,2020-11-23,favourable,,124449,2022-11-23,ITV-1780
2351,1333,2022-11-23,favourable,,155562,2023-11-23,ITV-2476
2352,1333,2023-11-23,favourable,,171118,2024-11-22,ITV-7105
2353,1333,2024-11-23,favourable,,186674,2025-11-23,ITV-5662
2354,1335,2017-10-22,favourable,,51265,2019-10-22,ITV-0087
2355,1335,2019-10-22,favourable,,76897,2021-10-21,ITV-7853
2356,1335,2021-10-22,favourable,,102530,2023-10-22,ITV-9175
2357,1335,2023-10-22,favourable,,128162,2024-10-21,ITV-7413
2358,1335,2024-10-21,favourable,,140978,2025-10-21,ITV-7538
2359,1336,2022-01-08,favourable,,32185,2024-01-08,ITV-0822
2360,1336,2024-01-08,favourable,,48278,2026-01-07,ITV-4656
2361,1338,2016-10-05,favourable,,47466,2018-10-05,ITV-8321
2362,1338,2018-10-05,favourable,,71199,2020-10-04,ITV-9035
2363,1338,2020-10-05,negative,Windscreen chip in swept area,94932,2022-10-05,ITV-8679
2364,1338,2022-10-05,favourable,,118665,2023-10-05,ITV-1914
2365,1338,2023-10-05,unfavourable,Number plate light inoperative,130532,2024-10-04,ITV-6810
2366,1338,2024-10-05,favourable,,142398,2025-10-05,ITV-9703
2367,1340,2023-08-15,unfavourable,Faulty dipped beam alignment,52013,2025-08-14,ITV-2169
2368,1342,2020-10-18,favourable,,34448,2022-10-18,ITV-2605
2369,1342,2022-10-18,favourable,,51673,2024-10-17,ITV-4958
2370,1342,2024-10-18,favourable,,68897,2026-10-18,ITV-1760
2371,1343,2025-02-23,favourable,,96861,2027-02-23,ITV-5411
2372,1345,2021-10-31,unfavourable,Number plate light inoperative,38667,2023-10-31,ITV-4894
2373,1345,2023-10-31,favourable,,58000,2025-10-30,ITV-1644
2374,1347,2025-01-16,favourable,,55418,2027-01-16,ITV-6167
2375,1348,2015-06-25,favourable,,49066,2017-06-24,ITV-8650
2376,1348,2017-06-24,unfavourable,Corroded exhaust mounting,73599,2019-06-24,ITV-1217
2377,1348,2019-06-25,unfavourable,Worn front tyre below 1.6mm,98132,2021-06-24,ITV-5734
2378,1348,2021-06-24,favourable,,122665,2022-06-24,ITV-2739
2379,1348,2022-06-24,favourable,,134931,2023-06-24,ITV-1644
2380,1348,2023-06-25,favourable,,147198,2024-06-24,ITV-6544
2381,1348,2024-06-24,favourable,,159464,2025-06-24,ITV-2937
2382,1348,2025-06-24,favourable,,171731,2026-06-24,ITV-7836
2383,1349,2025-06-14,favourable,,55379,2027-06-14,ITV-8048
2384,1354,2018-09-25,favourable,,75980,2020-09-24,ITV-2992
2385,1354,2020-09-24,favourable,,113970,2022-09-24,ITV-7767
2386,1354,2022-09-25,unfavourable,Seat belt retractor faulty,151960,2024-09-24,ITV-0391
2387,1354,2024-09-24,unfavourable,Emissions above limit,189950,2025-09-24,ITV-8532
2388,1355,2024-11-15,favourable,,27499,2026-11-15,ITV-7699
2389,1357,2019-05-21,favourable,,67543,2021-05-20,ITV-1051
2390,1357,2021-05-20,favourable,,101315,2023-05-20,ITV-5439
2391,1357,2023-05-21,favourable,,135086,2025-05-20,ITV-1447
2392,1357,2025-05-20,favourable,,168858,2026-05-20,ITV-7601
2393,1358,2016-08-08,favourable,,70354,2018-08-08,ITV-6258
2394,1358,2018-08-08,unfavourable,Rear shock absorber leaking,105531,2020-08-07,ITV-1440
2395,1358,2020-08-08,favourable,,140708,2022-08-08,ITV-4051
2396,1358,2022-08-08,unfavourable,Excessive steering play,175885,2023-08-08,ITV-4178
2397,1358,2023-08-08,negative,Seat belt retractor faulty,193473,2024-08-07,ITV-0642
2398,1358,2024-08-08,favourable,,211062,2025-08-08,ITV-1552
2399,1359,2025-05-05,favourable,,73569,2027-05-05,ITV-6299
2400,1360,2020-01-15,unfavourable,Number plate light inoperative,40951,2022-01-14,ITV-6096
2401,1360,2022-01-14,favourable,,61426,2024-01-14,ITV-8689
2402,1360,2024-01-15,favourable,,81902,2026-01-14,ITV-6886
2403,1361,2014-02-22,favourable,,42497,2016-02-22,ITV-5441
2404,1361,2016-02-22,unfavourable,Number plate light inoperative,63746,2018-02-21,ITV-9346
2405,1361,2018-02-22,unfavourable,Excessive steering play,84995,2020-02-22,ITV-6055
2406,1361,2020-02-22,favourable,,106244,2021-02-21,ITV-7459
2407,1361,2021-02-21,unfavourable,Worn front tyre below 1.6mm,116868,2022-02-21,ITV-6453
2408,1361,2022-02-22,favourable,,127493,2023-02-22,ITV-8731
2409,1361,2023-02-22,unfavourable,Excessive steering play,138117,2024-02-22,ITV-4696
2410,1361,2024-02-22,favourable,,148742,2025-02-21,ITV-4889
2411,1361,2025-02-21,unfavourable,Faulty dipped beam alignment,159366,2026-02-21,ITV-3425
2412,1363,2021-12-05,favourable,,8212,2023-12-05,ITV-1143
2413,1363,2023-12-05,favourable,,12318,2025-12-04,ITV-6711
2414,1364,2016-12-05,favourable,,82470,2018-12-05,ITV-1223
2415,1364,2018-12-05,favourable,,123705,2020-12-04,ITV-9944
2416,1364,2020-12-05,unfavourable,Excessive brake imbalance,164940,2022-12-05,ITV-4031
2417,1364,2022-12-05,favourable,,206175,2023-12-05,ITV-3250
2418,1364,2023-12-05,unfavourable,Faulty dipped beam alignment,226792,2024-12-04,ITV-4703
2419,1364,2024-12-05,favourable,,247410,2025-12-05,ITV-1924
2420,1365,2017-08-12,favourable,,78942,2019-08-12,ITV-4844
2421,1365,2019-08-12,favourable,,118414,2021-08-11,ITV-1197
2422,1365,2021-08-12,favourable,,157885,2023-08-12,ITV-9087
2423,1365,2023-08-12,favourable,,197357,2024-08-11,ITV-7223
2424,1365,2024-08-11,unfavourable,Suspension bush play,217092,2025-08-11,ITV-0822
2425,1367,2022-11-25,unfavourable,Rear shock absorber leaking,55036,2024-11-24,ITV-1557
2426,1367,2024-11-24,favourable,,82554,2026-11-24,ITV-3821
2427,1368,2024-02-18,favourable,,82015,2026-02-17,ITV-9239
2428,1369,2018-09-22,favourable,,75982,2020-09-21,ITV-8086
2429,1369,2020-09-21,favourable,,113973,2022-09-21,ITV-3827
2430,1369,2022-09-22,favourable,,151964,2024-09-21,ITV-2243
2431,1369,2024-09-21,favourable,,189955,2025-09-21,ITV-0905
2432,1371,2017-03-05,favourable,,45261,2019-03-05,ITV-8814
2433,1371,2019-03-05,unfavourable,Worn front tyre below 1.6mm,67891,2021-03-04,ITV-5691
2434,1371,2021-03-05,favourable,,90522,2023-03-05,ITV-6459
2435,1371,2023-03-05,unfavourable,Corroded exhaust mounting,113152,2024-03-04,ITV-7442
2436,1371,2024-03-04,negative,Rear shock absorber leaking,124468,2025-03-04,ITV-1038
2437,1371,2025-03-05,unfavourable,Number plate light inoperative,135783,2026-03-05,ITV-0580
2438,1372,2021-06-28,favourable,,82780,2023-06-28,ITV-1544
2439,1372,2023-06-28,favourable,,124170,2025-06-27,ITV-1419
2440,1372,2025-06-28,favourable,,165560,2027-06-28,ITV-4144
2441,1374,2014-01-18,favourable,,61083,2016-01-18,ITV-1341
2442,1374,2016-01-18,favourable,,91625,2018-01-17,ITV-5584
2443,1374,2018-01-18,unfavourable,Windscreen chip in swept area,122166,2020-01-18,ITV-0047
2444,1374,2020-01-18,favourable,,152708,2021-01-17,ITV-9064
2445,1374,2021-01-17,favourable,,167979,2022-01-17,ITV-3957
2446,1374,2022-01-18,favourable,,183250,2023-01-18,ITV-7566
2447,1374,2023-01-18,unfavourable,Worn front tyre below 1.6mm,198520,2024-01-18,ITV-4614
2448,1374,2024-01-18,favourable,,213791,2025-01-17,ITV-3988
2449,1374,2025-01-17,favourable,,229062,2026-01-17,ITV-7993
2450,1377,2018-05-31,favourable,,38590,2020-05-30,ITV-8109
2451,1377,2020-05-30,favourable,,57886,2022-05-30,ITV-2659
2452,1377,2022-05-31,unfavourable,Faulty dipped beam alignment,77181,2024-05-30,ITV-6165
2453,1377,2024-05-30,favourable,,96477,2025-05-30,ITV-6260
2454,1377,2025-05-30,unfavourable,Rear shock absorber leaking,106124,2026-05-30,ITV-2081
2455,1378,2021-03-27,unfavourable,Emissions above limit,73117,2023-03-27,ITV-5561
2456,1378,2023-03-27,favourable,,109675,2025-03-26,ITV-4321
2457,1378,2025-03-27,favourable,,146234,2027-03-27,ITV-8414
2458,1381,2020-04-03,favourable,,36978,2022-04-03,ITV-0799
2459,1381,2022-04-03,favourable,,55467,2024-04-02,ITV-0125
2460,1381,2024-04-03,favourable,,73956,2026-04-03,ITV-3854
2461,1384,2018-09-18,favourable,,67679,2020-09-17,ITV-2503
2462,1384,2020-09-17,negative,Emissions above limit,101519,2022-09-17,ITV-8168
2463,1384,2022-09-18,favourable,,135358,2024-09-17,ITV-0384
2464,1384,2024-09-17,favourable,,169198,2025-09-17,ITV-0955
2465,1387,2023-10-18,favourable,,69662,2025-10-17,ITV-5103
2466,1388,2023-09-18,favourable,,40909,2025-09-17,ITV-2110
2467,1390,2021-08-24,unfavourable,Handbrake efficiency below threshold,64323,2023-08-24,ITV-2919
2468,1390,2023-08-24,favourable,,96485,2025-08-23,ITV-7151
2469,1392,2017-11-21,unfavourable,Faulty dipped beam alignment,50071,2019-11-21,ITV-5623
2470,1392,2019-11-21,favourable,,75107,2021-11-20,ITV-9591
2471,1392,2021-11-21,negative,Corroded exhaust mounting,100143,2023-11-21,ITV-5724
2472,1392,2023-11-21,favourable,,125179,2024-11-20,ITV-6795
2473,1392,2024-11-20,favourable,,137697,2025-11-20,ITV-3832
2474,1393,2024-04-25,unfavourable,Windscreen chip in swept area,80466,2026-04-25,ITV-7704
2475,1398,2023-05-28,favourable,,51368,2025-05-27,ITV-6618
2476,1398,2025-05-27,favourable,,77053,2027-05-27,ITV-3042
2477,1400,2022-01-07,favourable,,62781,2024-01-07,ITV-4789
2478,1400,2024-01-07,favourable,,94171,2026-01-06,ITV-0947
2479,1402,2020-05-20,negative,Seat belt retractor faulty,55629,2022-05-20,ITV-3714
2480,1402,2022-05-20,favourable,,83443,2024-05-19,ITV-7692
2481,1402,2024-05-20,favourable,,111258,2026-05-20,ITV-2328
2482,1404,2019-09-05,favourable,,89789,2021-09-04,ITV-5138
2483,1404,2021-09-04,unfavourable,Handbrake efficiency below threshold,134683,2023-09-04,ITV-4683
2484,1404,2023-09-05,favourable,,179578,2025-09-04,ITV-5573
2485,1407,2023-07-16,favourable,,40151,2025-07-15,ITV-6072
2486,1408,2016-08-14,favourable,,35079,2018-08-14,ITV-1424
2487,1408,2018-08-14,unfavourable,Number plate light inoperative,52619,2020-08-13,ITV-9737
2488,1408,2020-08-14,favourable,,70159,2022-08-14,ITV-4637
2489,1408,2022-08-14,favourable,,87698,2023-08-14,ITV-1357
2490,1408,2023-08-14,favourable,,96468,2024-08-13,ITV-8047
2491,1408,2024-08-14,unfavourable,Emissions above limit,105238,2025-08-14,ITV-3328
2492,1414,2022-07-18,favourable,,73709,2024-07-17,ITV-1612
2493,1414,2024-07-17,favourable,,110564,2026-07-17,ITV-5567
2494,1416,2025-06-19,favourable,,7999,2027-06-19,ITV-1300
2495,1417,2023-07-18,favourable,,38335,2025-07-17,ITV-6499
2496,1419,2019-10-24,unfavourable,Emissions above limit,60004,2021-10-23,ITV-5794
2497,1419,2021-10-23,favourable,,90007,2023-10-23,ITV-6756
2498,1419,2023-10-24,favourable,,120009,2025-10-23,ITV-7541
2499,1424,2020-03-07,favourable,,68510,2022-03-07,ITV-4109
2500,1424,2022-03-07,favourable,,102765,2024-03-06,ITV-7663
