id,vehicle_id,dealership_id,service_date,mileage_km,service_type,parts_cost,labour_cost,total_cost
1,1,29,2023-03-23,22474,Tyre replacement,317.66,44.16,361.82
2,1,16,2023-12-26,34420,Routine service,82.75,85.44,168.19
3,1,30,2024-05-26,40952,Timing belt replacement,221.38,208.32,429.70
4,1,24,2024-08-19,44604,Routine service,82.38,65.76,148.14
5,2,24,2016-10-24,27209,Oil and filter change,77.22,47.52,124.74
6,2,1,2017-03-05,32643,Routine service,91.11,68.64,159.75
7,2,,2018-06-15,51867,Battery replacement,150.03,22.56,172.59
8,2,23,2018-12-31,60059,Tyre replacement,564.71,48.48,613.19
9,2,,2019-08-13,69321,Brake replacement,150.45,101.28,251.73
10,2,,2022-05-24,111103,Battery replacement,160.12,26.88,187.00
11,2,19,2022-05-24,111559,Oil and filter change,86.13,43.20,129.33
12,2,,2022-08-19,114684,Oil and filter change,48.58,42.72,91.30
13,2,,2022-11-24,118677,Routine service,84.13,63.84,147.97
14,2,13,2023-11-15,133332,Routine service,121.15,65.76,186.91
15,2,,2024-09-03,145393,Brake replacement,178.29,91.20,269.49
16,3,11,2019-07-04,3049,Routine service,126.06,86.40,212.46
17,3,,2023-01-03,53057,Battery replacement,199.35,27.84,227.19
18,3,16,2023-03-18,55951,Routine service,116.63,61.44,178.07
19,3,6,2023-07-03,60134,Oil and filter change,89.38,47.04,136.42
20,4,2,2017-10-28,852,Tyre replacement,461.21,47.52,508.73
21,4,29,2019-01-20,2676,Routine service,128.24,88.80,217.04
22,4,27,2020-06-08,5667,Battery replacement,97.13,23.04,120.17
23,4,8,2021-02-28,7236,Routine service,162.34,68.16,230.50
24,4,,2021-06-19,7893,Routine service,79.24,66.24,145.48
25,4,,2022-04-02,9593,Routine service,135.49,86.40,221.89
26,4,,2023-12-11,13253,Battery replacement,135.75,29.28,165.03
27,4,,2025-05-24,16391,Routine service,170.13,66.24,236.37
28,5,16,2016-06-07,6320,Routine service,156.72,62.88,219.60
29,5,10,2018-04-01,12699,Air conditioning service,117.86,53.28,171.14
30,5,,2018-06-30,13572,Routine service,96.81,89.76,186.57
31,5,26,2018-11-30,15037,Clutch repair,523.26,248.16,771.42
32,5,,2019-07-28,17345,Routine service,125.48,84.48,209.96
33,5,29,2020-02-17,19308,Battery replacement,88.51,28.32,116.83
34,5,16,2020-11-24,22011,Oil and filter change,77.82,41.76,119.58
35,5,,2021-10-11,25100,Brake replacement,203.59,98.40,301.99
36,5,30,2023-03-21,30160,Oil and filter change,64.44,40.32,104.76
37,5,29,2023-03-27,30523,Routine service,132.71,71.04,203.75
38,5,,2024-10-03,35567,Tyre replacement,500.04,59.04,559.08
39,6,22,2024-12-04,42405,Oil and filter change,61.04,41.76,102.80
40,6,9,2025-02-08,45488,Oil and filter change,86.36,37.92,124.28
41,7,2,2022-06-20,4034,Brake replacement,319.88,102.24,422.12
42,7,11,2024-01-19,20004,Timing belt replacement,527.95,254.40,782.35
43,7,19,2024-05-14,23210,Oil and filter change,79.43,47.52,126.95
44,7,8,2024-10-29,27852,Oil and filter change,49.32,44.16,93.48
45,8,9,2021-11-02,18093,Timing belt replacement,552.43,228.48,780.91
46,8,,2024-03-18,40282,Oil and filter change,76.04,39.36,115.40
47,8,19,2024-06-06,42329,Battery replacement,169.77,22.56,192.33
48,8,9,2024-07-06,43097,Oil and filter change,78.29,45.60,123.89
49,8,,2024-07-18,43537,Oil and filter change,77.79,36.00,113.79
50,8,20,2025-03-17,49597,Timing belt replacement,346.39,205.92,552.31
51,10,1,2020-03-06,10527,Tyre replacement,460.23,52.80,513.03
52,10,27,2020-09-15,16818,Brake replacement,265.48,88.80,354.28
53,10,30,2021-07-10,26531,Brake replacement,117.95,112.80,230.75
54,10,20,2022-05-30,37091,Clutch repair,577.20,323.52,900.72
55,10,,2025-02-02,69000,Routine service,69.16,81.60,150.76
56,10,,2025-03-08,70108,Oil and filter change,47.82,46.56,94.38
57,11,1,2021-03-24,7364,Oil and filter change,89.01,35.04,124.05
58,11,11,2021-06-26,11859,Tyre replacement,444.02,56.64,500.66
59,11,27,2022-11-18,36249,Brake replacement,103.17,83.04,186.21
60,11,20,2024-09-28,68767,Clutch repair,644.72,301.44,946.16
61,12,15,2019-04-10,10947,Tyre replacement,543.54,42.72,586.26
62,12,23,2020-05-04,36362,Suspension repair,414.82,175.68,590.50
63,12,6,2021-09-18,69075,Oil and filter change,47.52,47.52,95.04
64,12,,2021-12-03,74028,Oil and filter change,69.55,36.48,106.03
65,12,,2022-11-30,97617,Oil and filter change,36.20,38.40,74.60
66,12,14,2024-01-23,124922,Routine service,143.41,68.64,212.05
67,12,,2024-07-25,136912,Timing belt replacement,433.05,247.68,680.73
68,13,1,2023-07-13,33842,Routine service,73.42,80.16,153.58
69,13,3,2023-09-02,36772,Suspension repair,234.98,131.52,366.50
70,13,12,2024-01-14,44472,Routine service,165.19,65.76,230.95
71,13,11,2024-12-07,63318,Routine service,126.76,85.44,212.20
72,14,22,2017-02-04,2993,Battery replacement,177.45,27.36,204.81
73,14,16,2017-11-22,9592,Timing belt replacement,210.21,206.88,417.09
74,14,,2019-10-26,25535,Routine service,74.70,64.32,139.02
75,14,,2020-01-17,27418,Oil and filter change,75.53,47.52,123.05
76,14,29,2021-01-18,35741,Routine service,143.78,72.96,216.74
77,14,,2022-06-04,47125,Brake replacement,280.80,111.84,392.64
78,14,,2023-03-05,53339,Routine service,111.43,80.16,191.59
79,14,,2024-10-31,67082,Brake replacement,113.96,95.52,209.48
80,14,,2025-02-22,69668,Oil and filter change,52.76,45.60,98.36
81,15,5,2017-02-05,18613,Routine service,124.66,84.96,209.62
82,15,6,2017-11-20,32184,Air conditioning service,63.20,61.44,124.64
83,15,18,2017-11-28,32561,Oil and filter change,62.42,37.44,99.86
84,15,17,2019-09-30,64181,Oil and filter change,48.90,40.32,89.22
85,15,,2020-10-02,81522,Routine service,117.86,89.28,207.14
86,15,,2021-07-06,94575,Oil and filter change,46.02,38.88,84.90
87,15,,2022-03-27,107015,Timing belt replacement,459.15,249.12,708.27
88,15,,2022-05-23,109701,Routine service,91.38,68.16,159.54
89,15,28,2023-04-02,124498,Bodywork repair,420.13,359.04,779.17
90,15,3,2024-02-12,139389,Routine service,179.75,86.88,266.63
91,16,19,2023-07-04,820,Battery replacement,113.56,20.64,134.20
92,16,20,2024-06-14,17240,Tyre replacement,230.16,48.48,278.64
93,17,14,2020-08-24,8311,Routine service,95.12,77.76,172.88
94,17,5,2020-11-09,10119,Air conditioning service,52.53,58.56,111.09
95,17,4,2021-10-19,18196,Bodywork repair,852.51,281.28,1133.79
96,17,23,2022-04-21,22516,Tyre replacement,619.92,43.68,663.60
97,17,,2022-10-08,26507,Oil and filter change,69.41,41.76,111.17
98,17,,2023-05-06,31438,Tyre replacement,543.89,57.60,601.49
99,17,,2023-11-06,35758,Bodywork repair,634.01,257.76,891.77
100,18,13,2014-12-25,22118,Brake replacement,126.50,89.76,216.26
101,18,17,2015-02-19,24179,Routine service,114.36,78.24,192.60
102,18,,2016-10-14,46372,Oil and filter change,75.81,42.72,118.53
103,18,29,2018-04-13,66467,Tyre replacement,519.93,44.16,564.09
104,18,,2019-11-06,87519,Oil and filter change,38.47,33.60,72.07
105,18,,2019-11-28,88328,Routine service,153.22,88.32,241.54
106,18,,2020-07-16,96830,Clutch repair,603.10,248.64,851.74
107,18,4,2020-10-04,99774,Tyre replacement,473.30,50.88,524.18
108,18,4,2022-01-11,116851,Oil and filter change,64.66,36.96,101.62
109,18,,2022-07-14,123623,Routine service,82.14,64.32,146.46
110,18,,2022-08-01,124285,Routine service,116.26,71.52,187.78
111,18,,2023-03-18,132713,Timing belt replacement,236.91,215.52,452.43
112,18,30,2023-05-12,134738,Routine service,77.88,68.64,146.52
113,18,,2023-08-17,138308,Oil and filter change,74.20,46.56,120.76
114,19,15,2022-12-04,7544,Timing belt replacement,468.46,193.44,661.90
115,19,6,2023-03-28,12853,Battery replacement,85.30,29.28,114.58
116,19,26,2023-07-03,17370,Oil and filter change,55.96,34.08,90.04
117,19,16,2024-11-27,41260,Oil and filter change,61.82,36.96,98.78
118,20,15,2023-03-21,9717,Tyre replacement,462.32,54.24,516.56
119,20,12,2023-09-01,14220,Routine service,172.84,89.76,262.60
120,20,1,2025-02-28,29208,Oil and filter change,82.64,47.52,130.16
121,21,8,2021-05-08,17845,Oil and filter change,87.25,33.12,120.37
122,21,2,2021-10-20,24232,Timing belt replacement,420.45,230.88,651.33
123,21,11,2023-04-03,44748,Tyre replacement,241.60,49.44,291.04
124,21,,2025-02-14,71187,Oil and filter change,86.28,37.92,124.20
125,22,9,2024-02-04,9969,Routine service,175.72,73.92,249.64
126,22,3,2024-09-09,17287,Tyre replacement,562.40,58.56,620.96
127,23,13,2018-07-10,20395,Routine service,109.48,66.72,176.20
128,23,29,2019-06-27,33495,Battery replacement,139.48,24.48,163.96
129,23,8,2019-08-21,35542,Tyre replacement,368.41,53.76,422.17
130,23,7,2019-10-15,37589,Suspension repair,446.10,150.72,596.82
131,23,17,2020-06-06,46336,Routine service,119.49,79.68,199.17
132,23,,2022-05-08,72425,Oil and filter change,87.91,37.44,125.35
133,23,25,2023-02-12,82846,Brake replacement,208.05,89.76,297.81
134,23,14,2023-09-30,91406,Bodywork repair,268.82,252.96,521.78
135,23,,2025-02-04,109755,Suspension repair,265.94,161.28,427.22
136,24,23,2023-01-22,7620,Oil and filter change,75.64,44.64,120.28
137,24,5,2023-02-02,8052,Brake replacement,137.06,102.72,239.78
138,24,16,2024-07-19,28987,Tyre replacement,291.16,51.36,342.52
139,24,12,2024-09-10,31069,Clutch repair,670.58,237.60,908.18
140,25,16,2020-04-10,16827,Routine service,132.92,67.68,200.60
141,25,16,2020-08-07,24082,Battery replacement,172.79,26.88,199.67
142,25,14,2021-03-19,37739,Routine service,148.12,62.40,210.52
143,25,13,2021-06-19,43348,Routine service,177.39,89.76,267.15
144,25,7,2022-06-14,65297,Oil and filter change,80.60,39.36,119.96
145,25,23,2024-04-07,105719,Oil and filter change,48.78,38.88,87.66
146,25,27,2024-04-14,106523,Routine service,89.13,83.52,172.65
147,26,27,2020-03-30,14343,Tyre replacement,550.69,57.60,608.29
148,26,19,2020-04-17,14716,Routine service,114.00,77.76,191.76
149,26,17,2020-10-08,17861,Tyre replacement,295.49,50.88,346.37
150,26,24,2021-01-20,19766,Battery replacement,93.22,28.80,122.02
151,26,28,2021-03-10,20663,Air conditioning service,54.52,59.52,114.04
152,26,,2021-07-01,22734,Routine service,176.63,77.28,253.91
153,26,,2022-06-02,28889,Routine service,130.24,64.80,195.04
154,26,,2023-09-05,37316,Oil and filter change,80.87,39.84,120.71
155,27,14,2016-04-20,36639,Routine service,84.11,62.88,146.99
156,27,21,2017-02-19,48578,Routine service,139.06,75.36,214.42
157,27,,2017-05-18,52022,Routine service,131.71,65.76,197.47
158,27,,2017-09-06,56367,Routine service,63.89,62.88,126.77
159,27,,2018-09-19,71164,Brake replacement,242.66,117.60,360.26
160,27,3,2019-04-12,79189,Bodywork repair,479.81,280.32,760.13
161,27,,2019-07-17,82946,Suspension repair,310.38,126.72,437.10
162,27,12,2020-06-03,95551,Clutch repair,323.92,273.60,597.52
163,27,27,2020-06-21,96256,Battery replacement,113.76,29.28,143.04
164,27,,2021-12-13,117394,Battery replacement,155.90,24.48,180.38
165,27,,2023-05-27,138140,Battery replacement,163.90,20.64,184.54
166,27,,2024-08-29,156146,Routine service,154.18,82.56,236.74
167,28,4,2020-12-16,9218,Battery replacement,166.08,23.04,189.12
168,28,27,2021-02-06,11511,Oil and filter change,38.77,32.64,71.41
169,28,25,2022-04-07,30256,Routine service,142.11,78.72,220.83
170,28,,2024-02-05,59763,Oil and filter change,37.84,33.60,71.44
171,28,26,2024-02-15,60442,Air conditioning service,67.74,52.80,120.54
172,29,5,2022-03-14,35623,Timing belt replacement,362.62,205.44,568.06
173,29,22,2023-04-14,57030,Routine service,125.12,72.48,197.60
174,29,,2024-01-17,72057,Clutch repair,477.02,324.48,801.50
175,29,,2024-07-02,81085,Timing belt replacement,529.86,225.12,754.98
176,29,24,2024-09-11,84923,Air conditioning service,53.06,57.12,110.18
177,29,1,2025-05-16,98275,Bodywork repair,684.92,324.96,1009.88
178,30,19,2024-12-04,4026,Tyre replacement,394.10,58.08,452.18
179,30,13,2025-04-30,5638,Routine service,162.87,76.80,239.67
180,32,3,2019-01-25,4350,Routine service,162.48,85.44,247.92
181,32,,2022-02-26,46657,Routine service,141.10,62.88,203.98
182,32,25,2022-02-28,46885,Bodywork repair,754.77,328.80,1083.57
183,32,30,2022-05-20,49770,Brake replacement,175.01,96.96,271.97
184,32,,2023-01-12,58659,Oil and filter change,88.95,42.72,131.67
185,32,,2023-07-16,65598,Oil and filter change,84.91,47.52,132.43
186,32,19,2025-02-28,87839,Brake replacement,112.77,112.32,225.09
187,33,2,2023-11-26,2863,Routine service,79.12,72.48,151.60
188,33,25,2023-11-27,3436,Tyre replacement,492.14,53.76,545.90
189,33,14,2024-01-17,3988,Routine service,163.37,84.96,248.33
190,33,15,2024-06-23,4798,Routine service,115.14,79.68,194.82
191,34,23,2024-02-14,4208,Routine service,125.02,84.48,209.50
192,34,15,2024-11-26,14156,Battery replacement,151.56,25.44,177.00
193,36,19,2015-02-17,3303,Brake replacement,148.63,99.36,247.99
194,36,21,2015-07-20,10845,Battery replacement,173.88,24.96,198.84
195,36,9,2016-03-03,22036,Routine service,146.91,82.08,228.99
196,36,25,2017-09-21,49989,Air conditioning service,76.18,60.48,136.66
197,36,14,2017-10-29,51863,Oil and filter change,81.95,36.48,118.43
198,36,28,2020-11-06,106289,Routine service,151.47,68.64,220.11
199,36,,2022-02-18,129411,Oil and filter change,52.95,46.08,99.03
200,36,23,2022-08-13,138087,Air conditioning service,123.71,70.56,194.27
201,36,25,2023-07-16,154701,Routine service,141.47,74.88,216.35
202,36,,2025-01-09,181471,Routine service,179.39,86.40,265.79
203,37,30,2021-04-25,8343,Oil and filter change,77.73,43.20,120.93
204,37,2,2021-10-31,17619,Clutch repair,695.30,267.84,963.14
205,37,5,2021-12-20,20073,Oil and filter change,36.61,43.68,80.29
206,37,21,2023-07-04,47607,Timing belt replacement,376.72,183.84,560.56
207,38,,2022-05-21,77130,Routine service,89.30,68.64,157.94
208,38,,2022-11-30,90063,Oil and filter change,48.24,37.44,85.68
209,38,,2023-12-04,114791,Brake replacement,230.03,117.60,347.63
210,38,,2024-12-14,139987,Air conditioning service,53.65,63.84,117.49
211,38,,2025-05-06,149570,Routine service,138.74,86.40,225.14
212,39,20,2015-03-26,7599,Routine service,61.65,61.92,123.57
213,39,14,2015-11-25,14703,Brake replacement,255.47,108.48,363.95
214,39,,2018-08-27,43993,Oil and filter change,78.03,36.96,114.99
215,39,11,2018-11-20,46467,Routine service,138.56,71.04,209.60
216,39,,2019-01-13,48040,Routine service,171.06,70.56,241.62
217,39,,2019-04-26,51038,Routine service,61.51,64.32,125.83
218,39,,2019-06-30,52931,Oil and filter change,80.17,38.40,118.57
219,39,,2021-05-06,72613,Brake replacement,227.49,103.68,331.17
220,39,,2021-05-18,72962,Brake replacement,278.55,97.44,375.99
221,39,12,2022-07-09,85103,Oil and filter change,89.48,48.00,137.48
222,39,,2022-10-09,87782,Routine service,130.46,63.84,194.30
223,39,,2023-04-25,93547,Routine service,120.21,78.72,198.93
224,40,23,2024-10-31,5228,Routine service,106.84,75.84,182.68
225,41,21,2018-04-26,3887,Oil and filter change,81.08,41.76,122.84
226,41,7,2019-06-29,20239,Routine service,117.52,66.24,183.76
227,41,6,2020-08-06,35638,Oil and filter change,86.95,35.04,121.99
228,41,24,2021-08-28,50389,Oil and filter change,36.61,38.40,75.01
229,41,,2022-11-29,67847,Brake replacement,258.10,105.12,363.22
230,41,,2024-11-24,95519,Routine service,133.46,68.16,201.62
231,42,4,2025-03-19,807,Tyre replacement,533.90,42.72,576.62
232,43,18,2013-03-12,3280,Routine service,172.00,70.56,242.56
233,43,7,2014-02-15,11081,Clutch repair,579.52,292.32,871.84
234,43,5,2014-08-12,15165,Routine service,126.96,80.64,207.60
235,43,13,2016-07-29,31615,Routine service,101.16,88.80,189.96
236,43,,2017-06-09,38842,Routine service,170.03,64.32,234.35
237,43,,2017-12-04,42926,Routine service,90.74,83.52,174.26
238,43,,2017-12-20,43413,Oil and filter change,38.11,38.40,76.51
239,43,,2017-12-24,43797,Routine service,173.79,74.40,248.19
240,43,,2018-03-10,45128,Routine service,112.92,75.36,188.28
241,43,,2018-10-13,50107,Routine service,122.59,76.80,199.39
242,43,,2019-05-04,54765,Tyre replacement,400.42,48.00,448.42
243,43,10,2022-12-22,85233,Routine service,156.74,83.04,239.78
244,43,4,2023-10-20,92162,Brake replacement,142.64,93.60,236.24
245,45,27,2016-08-01,6434,Suspension repair,298.44,175.20,473.64
246,45,17,2016-09-18,9030,Timing belt replacement,534.24,236.16,770.40
247,45,11,2017-08-21,27253,Routine service,72.04,82.08,154.12
248,45,8,2018-06-15,43368,Oil and filter change,77.13,47.52,124.65
249,45,,2020-01-09,74353,Oil and filter change,61.38,35.04,96.42
250,45,,2020-03-31,78787,Routine service,64.18,72.00,136.18
251,45,,2022-03-30,118207,Routine service,80.15,78.24,158.39
252,45,,2022-06-24,122858,Oil and filter change,84.15,41.76,125.91
253,45,14,2023-04-02,138107,Brake replacement,229.16,99.84,329.00
254,45,27,2023-06-19,142325,Oil and filter change,69.58,36.96,106.54
255,45,,2023-10-07,148273,Oil and filter change,74.82,35.52,110.34
256,46,19,2021-10-13,542,Battery replacement,145.72,23.04,168.76
257,46,12,2021-11-15,983,Tyre replacement,587.62,54.72,642.34
258,46,,2024-11-21,12497,Routine service,172.15,72.96,245.11
259,46,26,2025-05-22,14428,Oil and filter change,63.58,41.76,105.34
260,48,14,2017-01-30,4780,Routine service,153.25,82.56,235.81
261,48,1,2017-03-01,5476,Suspension repair,238.56,156.00,394.56
262,48,19,2017-04-01,6271,Oil and filter change,83.88,33.60,117.48
263,48,17,2019-02-15,22093,Tyre replacement,548.43,47.52,595.95
264,48,,2019-09-23,27198,Routine service,149.29,71.04,220.33
265,48,,2021-03-18,39776,Timing belt replacement,389.11,189.12,578.23
266,48,28,2022-11-01,53538,Routine service,106.48,64.80,171.28
267,48,,2023-11-08,62171,Routine service,65.92,63.36,129.28
268,48,,2023-11-22,62680,Battery replacement,170.38,29.28,199.66
269,48,29,2024-06-21,67416,Routine service,97.00,72.48,169.48
270,48,,2025-04-20,74448,Clutch repair,348.72,254.88,603.60
271,49,19,2023-11-21,15634,Brake replacement,162.70,105.12,267.82
272,49,4,2024-04-21,22969,Tyre replacement,308.35,58.08,366.43
273,49,17,2024-09-27,30642,Routine service,88.59,82.08,170.67
274,50,11,2021-03-16,5103,Tyre replacement,314.80,41.28,356.08
275,50,25,2022-10-21,33218,Oil and filter change,87.65,36.48,124.13
276,50,18,2023-08-28,48190,Battery replacement,120.12,26.40,146.52
277,50,,2024-02-07,56037,Routine service,62.81,79.20,142.01
278,50,,2024-04-26,59840,Oil and filter change,55.00,43.20,98.20
279,52,25,2019-05-24,6877,Tyre replacement,413.67,48.48,462.15
280,52,12,2019-10-17,11401,Oil and filter change,36.27,32.64,68.91
281,52,10,2020-02-19,15273,Tyre replacement,487.84,55.20,543.04
282,52,19,2021-02-06,26210,Oil and filter change,54.77,40.80,95.57
283,52,,2023-10-01,56168,Clutch repair,558.10,280.32,838.42
284,52,23,2024-06-19,64286,Routine service,101.03,70.08,171.11
285,52,,2025-05-05,74200,Oil and filter change,41.70,47.52,89.22
286,54,11,2022-04-08,4769,Routine service,114.46,68.16,182.62
287,54,12,2023-12-03,16674,Air conditioning service,58.39,68.16,126.55
288,54,4,2024-02-01,17857,Air conditioning service,94.98,64.80,159.78
289,54,2,2024-02-23,18328,Timing belt replacement,432.05,232.32,664.37
290,55,10,2021-08-05,4584,Oil and filter change,36.29,40.32,76.61
291,55,10,2022-11-17,14225,Brake replacement,140.57,116.16,256.73
292,55,13,2023-04-27,17535,Routine service,179.47,61.44,240.91
293,55,17,2023-07-02,18892,Air conditioning service,45.16,63.84,109.00
294,55,26,2024-01-13,22901,Clutch repair,427.16,276.00,703.16
295,55,,2024-09-17,27999,Tyre replacement,516.47,45.12,561.59
296,56,12,2014-06-26,2769,Routine service,74.15,62.40,136.55
297,56,3,2014-06-28,3638,Routine service,137.34,71.04,208.38
298,56,9,2016-07-04,20264,Routine service,150.84,76.80,227.64
299,56,23,2016-12-13,24099,Bodywork repair,445.80,346.56,792.36
300,56,26,2017-09-24,30846,Routine service,147.24,88.80,236.04
301,56,24,2017-12-20,32905,Timing belt replacement,543.49,187.68,731.17
302,56,30,2018-11-07,40528,Tyre replacement,611.70,44.16,655.86
303,56,4,2019-04-14,44268,Routine service,135.77,78.72,214.49
304,56,19,2020-02-10,51417,Clutch repair,312.85,236.64,549.49
305,56,,2022-07-21,72534,Routine service,93.81,77.76,171.57
306,56,,2023-11-30,84299,Oil and filter change,66.30,42.72,109.02
307,56,,2024-10-27,92159,Brake replacement,248.11,85.92,334.03
308,56,,2024-11-07,92887,Routine service,116.72,77.76,194.48
309,57,14,2022-03-27,14213,Routine service,146.21,62.40,208.61
310,57,19,2022-07-13,19898,Brake replacement,154.63,114.72,269.35
311,57,19,2022-12-07,27637,Routine service,107.71,74.88,182.59
312,57,25,2024-03-12,51905,Timing belt replacement,431.13,192.48,623.61
313,58,1,2024-02-24,5444,Routine service,153.61,82.56,236.17
314,58,26,2024-06-26,11587,Routine service,97.43,68.16,165.59
315,59,16,2014-08-14,38480,Brake replacement,195.01,90.72,285.73
316,59,,2015-03-10,47333,Timing belt replacement,401.44,254.88,656.32
317,59,19,2015-07-04,52271,Oil and filter change,84.77,35.52,120.29
318,59,,2015-07-30,53378,Battery replacement,94.91,23.52,118.43
319,59,,2016-01-11,60401,Oil and filter change,50.13,44.64,94.77
320,59,,2016-11-28,74108,Routine service,152.22,71.52,223.74
321,59,,2016-12-26,75300,Oil and filter change,47.32,44.16,91.48
322,59,,2018-09-29,102627,Battery replacement,116.12,20.64,136.76
323,59,3,2020-07-26,130977,Routine service,170.98,86.88,257.86
324,59,,2020-11-21,136000,Tyre replacement,586.52,55.20,641.72
325,59,,2021-02-23,140001,Routine service,159.86,79.20,239.06
326,59,,2024-02-08,185973,Routine service,157.62,69.60,227.22
327,59,,2025-03-18,203170,Routine service,161.97,70.56,232.53
328,59,,2025-04-08,204064,Brake replacement,271.64,85.44,357.08
329,60,19,2017-01-22,4170,Routine service,77.59,82.56,160.15
330,60,29,2017-04-06,6699,Tyre replacement,520.59,52.80,573.39
331,60,21,2018-12-24,28130,Routine service,97.51,72.00,169.51
332,60,1,2019-02-08,29702,Routine service,66.18,64.32,130.50
333,60,20,2019-06-03,33633,Air conditioning service,68.94,52.32,121.26
334,60,14,2020-11-06,51475,Routine service,86.97,78.24,165.21
335,60,,2021-08-21,61319,Tyre replacement,183.43,48.96,232.39
336,60,,2023-09-15,87125,Oil and filter change,80.22,42.72,122.94
337,60,24,2025-01-13,103737,Routine service,129.00,77.28,206.28
338,61,23,2018-10-11,14394,Routine service,162.12,83.04,245.16
339,61,20,2019-10-14,23887,Oil and filter change,66.57,38.40,104.97
340,61,8,2020-01-15,26286,Air conditioning service,55.39,59.52,114.91
341,61,27,2022-04-13,47414,Routine service,66.74,83.04,149.78
342,61,8,2022-08-18,50690,Bodywork repair,197.83,251.52,449.35
343,61,10,2022-09-09,51258,Suspension repair,398.76,171.84,570.60
344,61,20,2022-11-03,52677,Tyre replacement,589.58,58.56,648.14
345,61,,2023-12-22,63356,Routine service,158.41,72.48,230.89
346,61,3,2024-06-16,67923,Routine service,95.82,65.76,161.58
347,61,,2024-12-18,72695,Routine service,100.07,72.00,172.07
348,62,29,2024-07-26,8873,Brake replacement,242.02,93.12,335.14
349,62,27,2024-08-08,9238,Routine service,123.46,79.20,202.66
350,63,2,2011-10-09,11925,Routine service,140.40,64.32,204.72
351,63,27,2012-07-07,24645,Routine service,76.73,65.28,142.01
352,63,15,2012-09-03,27358,Routine service,142.95,75.84,218.79
353,63,16,2012-09-25,28387,Routine service,93.90,71.52,165.42
354,63,,2015-07-16,76275,Tyre replacement,382.53,41.76,424.29
355,63,3,2016-04-15,89089,Tyre replacement,457.18,41.28,498.46
356,63,25,2017-01-27,102511,Suspension repair,368.18,160.80,528.98
357,63,,2017-07-04,109900,Routine service,141.20,79.68,220.88
358,63,,2018-05-09,124351,Routine service,161.92,72.00,233.92
359,63,,2018-06-28,126689,Tyre replacement,396.57,51.84,448.41
360,63,20,2019-12-31,152457,Routine service,138.78,77.76,216.54
361,63,,2020-02-11,154421,Oil and filter change,72.62,38.88,111.50
362,63,28,2021-01-24,170696,Oil and filter change,85.56,43.20,128.76
363,63,19,2021-03-19,173221,Routine service,130.32,89.28,219.60
364,63,,2021-04-23,174858,Routine service,104.39,75.84,180.23
365,65,29,2014-04-13,22331,Brake replacement,305.47,116.16,421.63
366,65,23,2014-08-21,27830,Oil and filter change,50.11,36.00,86.11
367,65,10,2016-01-17,49570,Routine service,175.96,76.80,252.76
368,65,,2016-07-21,57437,Routine service,159.26,82.08,241.34
369,65,,2019-01-31,96518,Battery replacement,191.07,28.80,219.87
370,65,28,2020-02-23,112928,Tyre replacement,421.93,40.80,462.73
371,65,6,2020-04-04,114662,Brake replacement,193.37,95.52,288.89
372,65,29,2020-06-16,117750,Brake replacement,199.74,100.80,300.54
373,65,,2020-07-19,119146,Air conditioning service,42.83,67.20,110.03
374,65,,2021-11-23,139955,Brake replacement,102.22,109.44,211.66
375,65,,2022-06-02,148033,Tyre replacement,295.09,49.44,344.53
376,65,,2022-06-06,148203,Routine service,69.53,68.64,138.17
377,65,29,2022-11-09,154801,Tyre replacement,619.47,47.04,666.51
378,65,2,2025-05-07,193290,Routine service,143.01,77.28,220.29
379,67,6,2025-06-23,3339,Battery replacement,171.45,26.88,198.33
380,68,18,2017-03-27,3391,Routine service,103.49,64.80,168.29
381,68,13,2017-11-03,13949,Suspension repair,246.48,154.56,401.04
382,68,3,2018-11-09,31673,Routine service,152.88,63.84,216.72
383,68,15,2020-01-01,51643,Brake replacement,203.20,115.20,318.40
384,68,,2021-04-25,74574,Brake replacement,133.07,109.92,242.99
385,68,,2021-07-03,77871,Battery replacement,174.24,29.76,204.00
386,68,14,2021-12-12,85610,Battery replacement,196.93,27.36,224.29
387,68,6,2023-11-02,118574,Oil and filter change,58.78,38.88,97.66
388,69,2,2022-12-16,6412,Battery replacement,153.21,23.52,176.73
389,69,2,2023-12-24,22046,Battery replacement,123.62,23.04,146.66
390,69,7,2025-02-10,39399,Tyre replacement,346.59,56.16,402.75
391,70,6,2021-11-13,8353,Tyre replacement,205.98,46.08,252.06
392,70,16,2023-06-27,31975,Air conditioning service,114.24,66.24,180.48
393,70,22,2023-12-20,39010,Tyre replacement,518.44,44.64,563.08
394,70,,2024-07-25,47723,Tyre replacement,254.15,54.24,308.39
395,71,13,2023-12-01,3953,Tyre replacement,408.79,52.80,461.59
396,71,25,2024-01-28,5472,Clutch repair,423.79,304.80,728.59
397,73,2,2016-04-12,7036,Brake replacement,201.72,91.68,293.40
398,73,23,2016-09-07,12350,Battery replacement,179.79,26.88,206.67
399,73,3,2016-11-01,14324,Routine service,69.20,62.88,132.08
400,73,12,2017-01-07,16730,Clutch repair,605.51,226.08,831.59
401,73,26,2020-01-26,56725,Tyre replacement,373.13,48.96,422.09
402,73,20,2020-10-21,66382,Routine service,169.96,72.96,242.92
403,73,,2020-12-18,68465,Routine service,100.54,78.24,178.78
404,73,,2021-10-16,79307,Timing belt replacement,319.68,269.76,589.44
405,73,,2022-05-25,87241,Routine service,123.62,77.28,200.90
406,73,,2023-08-08,103038,Routine service,172.45,85.92,258.37
407,74,15,2019-10-05,17498,Brake replacement,223.70,82.56,306.26
408,74,25,2021-07-20,63831,Brake replacement,219.77,106.08,325.85
409,74,,2022-05-10,84659,Routine service,105.14,88.32,193.46
410,74,,2023-02-08,104071,Routine service,87.64,65.28,152.92
411,74,,2023-04-06,108109,Oil and filter change,85.56,33.12,118.68
412,74,,2024-08-17,143461,Routine service,160.82,81.12,241.94
413,74,,2024-11-24,150474,Tyre replacement,268.30,55.20,323.50
414,75,18,2012-02-19,3267,Routine service,62.37,72.48,134.85
415,75,24,2012-04-02,4605,Routine service,68.50,62.40,130.90
416,75,10,2012-09-27,10145,Suspension repair,326.67,132.96,459.63
417,75,2,2013-12-04,23620,Suspension repair,347.01,137.76,484.77
418,75,23,2017-01-13,58973,Oil and filter change,54.29,44.16,98.45
419,75,29,2017-06-07,63486,Tyre replacement,467.22,44.16,511.38
420,75,13,2017-09-15,66598,Routine service,119.76,69.60,189.36
421,75,17,2017-11-14,68465,Air conditioning service,44.95,59.04,103.99
422,75,,2019-06-29,86889,Timing belt replacement,437.79,211.20,648.99
423,75,28,2022-07-19,121619,Timing belt replacement,335.14,251.52,586.66
424,75,,2023-08-13,133757,Routine service,147.59,85.44,233.03
425,75,,2024-08-13,145147,Brake replacement,172.56,118.56,291.12
426,76,25,2019-11-22,1341,Air conditioning service,73.84,62.40,136.24
427,76,6,2020-09-08,7166,Oil and filter change,54.91,34.08,88.99
428,76,13,2021-07-06,13192,Routine service,105.46,76.80,182.26
429,76,12,2022-02-25,17876,Battery replacement,93.93,21.12,115.05
430,76,7,2024-02-10,32190,Tyre replacement,230.38,44.64,275.02
431,76,14,2024-10-01,36874,Oil and filter change,58.82,40.80,99.62
432,78,2,2016-10-23,218,Battery replacement,153.86,22.08,175.94
433,78,16,2017-04-14,5401,Tyre replacement,277.65,47.52,325.17
434,78,10,2018-09-28,22013,Air conditioning service,48.95,59.52,108.47
435,78,18,2019-04-19,28352,Routine service,128.56,88.80,217.36
436,78,29,2019-06-10,29976,Routine service,84.86,89.28,174.14
437,78,,2020-11-23,46587,Brake replacement,106.52,88.80,195.32
438,78,16,2022-07-06,65010,Air conditioning service,102.01,69.12,171.13
439,78,,2022-07-21,65618,Timing belt replacement,404.11,243.84,647.95
440,78,,2022-12-11,69944,Battery replacement,103.53,29.28,132.81
441,79,24,2019-12-18,4869,Tyre replacement,171.60,46.08,217.68
442,79,8,2021-01-17,21785,Oil and filter change,88.87,43.20,132.07
443,79,,2024-03-30,71677,Routine service,76.11,69.12,145.23
444,79,,2024-06-28,75522,Clutch repair,661.18,315.84,977.02
445,79,,2024-08-01,76974,Bodywork repair,688.64,345.12,1033.76
446,79,,2024-08-03,77253,Routine service,65.81,82.56,148.37
447,80,4,2013-06-29,28823,Routine service,91.26,78.72,169.98
448,80,9,2013-11-12,35025,Routine service,149.93,85.92,235.85
449,80,14,2014-04-21,42322,Tyre replacement,345.89,49.44,395.33
450,80,6,2014-11-20,52036,Air conditioning service,62.96,68.64,131.60
451,80,,2015-09-16,65718,Suspension repair,339.97,175.20,515.17
452,80,9,2016-05-25,77211,Oil and filter change,64.55,45.60,110.15
453,80,,2016-07-16,79583,Routine service,70.46,89.28,159.74
454,80,,2017-08-23,97962,Brake replacement,228.28,112.80,341.08
455,80,27,2018-04-10,108452,Routine service,177.44,61.92,239.36
456,80,,2020-04-15,142018,Routine service,66.10,87.84,153.94
457,80,,2021-02-21,156247,Oil and filter change,48.57,39.36,87.93
458,80,,2021-06-18,161583,Air conditioning service,100.87,62.40,163.27
459,80,,2021-06-19,162401,Oil and filter change,73.69,45.60,119.29
460,80,,2022-12-07,186074,Brake replacement,305.38,117.12,422.50
461,81,26,2018-07-14,3994,Battery replacement,150.58,24.48,175.06
462,81,7,2019-03-30,10460,Routine service,129.54,88.80,218.34
463,81,24,2019-08-21,14056,Clutch repair,606.90,258.72,865.62
464,81,28,2020-08-04,22769,Brake replacement,109.99,104.64,214.63
465,81,16,2023-03-09,46412,Routine service,114.96,62.88,177.84
466,81,,2023-04-01,47005,Routine service,79.87,63.36,143.23
467,81,,2025-04-12,65511,Oil and filter change,77.25,42.72,119.97
468,82,2,2024-08-18,10101,Routine service,100.00,81.60,181.60
469,82,29,2025-02-02,17745,Brake replacement,247.57,101.76,349.33
470,85,20,2024-12-30,23327,Routine service,126.72,83.04,209.76
471,86,24,2017-04-13,3396,Routine service,145.88,75.36,221.24
472,86,13,2018-01-29,6816,Routine service,95.48,65.28,160.76
473,86,23,2018-12-02,10425,Bodywork repair,483.18,331.20,814.38
474,86,1,2019-02-20,11365,Routine service,154.70,74.40,229.10
475,86,,2020-01-04,15102,Oil and filter change,78.44,39.36,117.80
476,86,,2020-11-28,18969,Oil and filter change,43.66,44.64,88.30
477,86,,2022-05-03,25092,Routine service,135.26,78.72,213.98
478,86,1,2023-06-07,29794,Oil and filter change,85.85,45.12,130.97
479,86,13,2024-02-19,32814,Oil and filter change,58.16,43.68,101.84
480,86,,2024-11-28,36140,Oil and filter change,47.69,33.60,81.29
481,87,6,2023-01-27,3274,Oil and filter change,45.62,37.92,83.54
482,87,20,2023-10-03,15267,Oil and filter change,50.42,44.16,94.58
483,87,10,2024-11-11,34772,Tyre replacement,336.73,50.40,387.13
484,88,23,2016-06-27,5531,Oil and filter change,35.42,37.92,73.34
485,88,24,2017-11-11,24167,Brake replacement,246.27,89.76,336.03
486,88,1,2018-02-13,27656,Clutch repair,494.27,306.72,800.99
487,88,7,2019-01-02,39647,Brake replacement,149.99,88.80,238.79
488,88,,2019-11-15,51415,Tyre replacement,564.22,41.76,605.98
489,88,28,2020-07-08,60176,Tyre replacement,180.06,41.76,221.82
490,88,,2021-06-01,72353,Clutch repair,710.73,242.40,953.13
491,88,,2022-08-31,89281,Brake replacement,127.44,99.84,227.28
492,88,,2023-02-22,95778,Routine service,153.81,85.44,239.25
493,89,9,2015-04-05,19369,Routine service,82.41,84.48,166.89
494,89,12,2015-10-15,32440,Tyre replacement,204.09,51.36,255.45
495,89,26,2016-01-23,39213,Oil and filter change,42.25,39.84,82.09
496,89,9,2016-11-23,59869,Routine service,164.69,89.28,253.97
497,89,22,2016-12-28,62240,Routine service,78.89,77.28,156.17
498,89,,2017-09-18,80120,Oil and filter change,77.19,40.80,117.99
499,89,,2019-05-25,121704,Air conditioning service,45.02,65.76,110.78
500,89,21,2020-01-23,138161,Oil and filter change,56.02,33.12,89.14
501,89,14,2020-12-11,160037,Routine service,87.33,70.56,157.89
502,89,21,2021-03-11,166132,Routine service,97.21,77.76,174.97
503,89,,2022-05-04,194509,Routine service,75.91,63.84,139.75
504,90,26,2013-06-01,18803,Suspension repair,219.95,129.12,349.07
505,90,5,2013-10-07,24990,Routine service,74.07,72.00,146.07
506,90,29,2013-12-07,27938,Air conditioning service,71.54,57.60,129.14
507,90,,2015-06-30,55490,Oil and filter change,73.83,42.24,116.07
508,90,,2017-08-06,92613,Routine service,95.45,79.68,175.13
509,90,14,2017-09-10,94305,Tyre replacement,400.13,40.80,440.93
510,90,,2018-02-02,101314,Tyre replacement,506.02,48.00,554.02
511,90,,2018-04-04,104262,Air conditioning service,124.67,64.32,188.99
512,90,,2018-09-17,112286,Tyre replacement,282.91,41.28,324.19
513,90,23,2020-01-28,136358,Air conditioning service,107.93,58.08,166.01
514,90,,2020-10-11,148781,Routine service,143.27,63.84,207.11
515,90,23,2023-01-12,188562,Routine service,88.99,78.24,167.23
516,90,,2024-11-27,221673,Bodywork repair,588.42,287.52,875.94
517,91,24,2017-12-25,8057,Routine service,72.30,68.64,140.94
518,91,21,2019-01-01,27273,Air conditioning service,54.93,53.28,108.21
519,91,26,2019-10-15,42097,Routine service,144.54,66.72,211.26
520,91,8,2020-04-04,50981,Tyre replacement,582.19,58.08,640.27
521,91,,2023-04-01,107387,Oil and filter change,67.85,40.32,108.17
522,91,,2024-08-21,133627,Routine service,65.94,89.28,155.22
523,91,,2024-08-25,133834,Tyre replacement,595.51,55.20,650.71
524,91,,2024-09-22,135280,Routine service,102.08,69.60,171.68
525,91,,2025-05-22,147780,Oil and filter change,37.09,34.08,71.17
526,92,3,2025-01-13,21975,Air conditioning service,104.25,65.76,170.01
527,93,28,2015-04-24,5756,Oil and filter change,78.55,40.32,118.87
528,93,16,2016-07-03,10002,Tyre replacement,424.65,41.28,465.93
529,93,3,2016-11-25,11415,Timing belt replacement,466.12,210.72,676.84
530,93,27,2019-03-02,19470,Battery replacement,205.15,25.44,230.59
531,93,,2019-12-20,22324,Routine service,148.27,62.40,210.67
532,93,4,2020-05-03,23638,Routine service,86.14,62.40,148.54
533,93,,2021-01-13,26122,Battery replacement,167.77,23.52,191.29
534,93,,2021-01-30,26288,Timing belt replacement,311.29,265.92,577.21
535,93,10,2021-02-23,27078,Suspension repair,305.20,175.68,480.88
536,93,,2021-03-29,27412,Timing belt replacement,336.99,232.32,569.31
537,93,,2021-09-20,28557,Battery replacement,182.76,21.12,203.88
538,93,6,2022-03-31,30427,Brake replacement,107.56,98.88,206.44
539,93,17,2023-06-05,34625,Oil and filter change,35.07,33.60,68.67
540,93,,2024-09-17,39203,Brake replacement,260.81,108.00,368.81
541,94,5,2020-11-10,6206,Routine service,129.79,61.92,191.71
542,94,1,2021-01-16,7098,Tyre replacement,605.27,43.68,648.95
543,94,1,2021-03-24,7990,Oil and filter change,55.24,35.52,90.76
544,94,,2022-09-18,15222,Tyre replacement,172.47,55.68,228.15
545,94,,2024-04-02,22707,Oil and filter change,86.65,36.00,122.65
546,94,17,2024-05-13,23342,Routine service,163.76,69.12,232.88
547,95,3,2018-12-07,17137,Air conditioning service,94.35,70.08,164.43
548,95,29,2018-12-27,17874,Brake replacement,276.31,113.76,390.07
549,95,12,2019-04-21,22112,Routine service,146.40,67.20,213.60
550,95,,2021-03-15,47690,Brake replacement,212.49,101.28,313.77
551,95,8,2021-08-21,53550,Tyre replacement,537.69,59.04,596.73
552,95,,2022-10-26,69434,Routine service,65.12,81.12,146.24
553,95,,2023-07-19,79238,Routine service,149.09,80.16,229.25
554,95,,2024-03-28,88562,Routine service,70.40,76.80,147.20
555,95,20,2024-05-23,90626,Routine service,99.91,65.76,165.67
556,96,16,2024-09-14,5531,Brake replacement,196.17,84.48,280.65
557,97,24,2023-03-11,14610,Tyre replacement,464.08,42.72,506.80
558,97,27,2023-07-05,17439,Oil and filter change,46.94,42.24,89.18
559,97,17,2024-06-23,26073,Air conditioning service,92.38,54.24,146.62
560,98,1,2015-08-24,706,Clutch repair,482.07,233.28,715.35
561,98,4,2015-08-26,851,Oil and filter change,42.96,43.20,86.16
562,98,8,2017-02-21,16804,Routine service,87.48,64.80,152.28
563,98,27,2018-03-29,28606,Clutch repair,351.71,242.88,594.59
564,98,,2019-11-18,46235,Air conditioning service,83.41,56.64,140.05
565,98,,2020-08-19,54328,Battery replacement,91.19,23.52,114.71
566,98,23,2021-07-14,64011,Routine service,84.43,80.64,165.07
567,98,,2021-08-20,65100,Oil and filter change,38.71,43.20,81.91
568,98,,2022-08-14,75665,Routine service,118.38,66.72,185.10
569,98,,2023-03-13,81875,Routine service,160.69,73.92,234.61
570,99,3,2015-08-20,26134,Routine service,164.70,73.92,238.62
571,99,17,2015-11-02,29527,Routine service,101.24,68.64,169.88
572,99,28,2016-06-02,39293,Routine service,115.28,78.72,194.00
573,99,22,2016-08-21,42961,Air conditioning service,71.86,65.76,137.62
574,99,19,2018-09-14,77531,Air conditioning service,45.86,58.08,103.94
575,99,,2019-05-25,89131,Routine service,93.22,79.20,172.42
576,99,13,2021-03-03,118842,Routine service,113.84,63.36,177.20
577,99,,2022-05-28,139520,Oil and filter change,62.36,38.40,100.76
578,99,,2023-02-25,152037,Oil and filter change,56.64,44.16,100.80
579,99,,2023-06-18,157218,Brake replacement,243.95,112.32,356.27
580,99,7,2024-03-25,170102,Routine service,75.43,72.00,147.43
581,100,11,2020-07-05,5465,Air conditioning service,120.99,53.76,174.75
582,100,19,2021-02-24,17530,Routine service,134.09,82.56,216.65
583,100,,2024-03-10,74761,Routine service,175.19,67.68,242.87
584,100,,2024-05-29,78886,Tyre replacement,419.17,57.60,476.77
585,101,8,2022-07-25,421,Oil and filter change,76.76,36.00,112.76
586,101,25,2024-11-07,26680,Oil and filter change,47.88,37.92,85.80
587,101,19,2025-04-25,32010,Oil and filter change,80.03,41.28,121.31
588,102,19,2020-08-29,18818,Air conditioning service,98.58,53.28,151.86
589,102,9,2020-12-24,24435,Routine service,68.51,81.60,150.11
590,102,28,2022-02-03,43925,Routine service,106.26,79.20,185.46
591,102,1,2022-07-03,51126,Routine service,85.62,84.00,169.62
592,102,,2025-01-07,95244,Routine service,174.13,79.20,253.33
593,102,12,2025-03-26,98989,Routine service,103.32,64.32,167.64
594,102,,2025-05-04,100861,Battery replacement,175.42,28.80,204.22
595,103,13,2024-05-28,4506,Routine service,69.47,82.56,152.03
596,103,27,2024-09-26,9958,Routine service,133.41,77.76,211.17
597,104,11,2012-03-20,12829,Oil and filter change,40.66,47.04,87.70
598,104,30,2012-12-01,17624,Brake replacement,93.38,94.08,187.46
599,104,,2013-11-14,24142,Routine service,64.87,72.48,137.35
600,104,,2014-12-23,31709,Oil and filter change,56.61,35.52,92.13
601,104,,2016-01-18,39032,Oil and filter change,42.72,45.60,88.32
602,104,,2016-06-02,41579,Tyre replacement,512.79,47.52,560.31
603,104,,2016-10-09,43996,Suspension repair,411.80,173.76,585.56
604,104,,2017-04-02,47273,Tyre replacement,395.06,43.20,438.26
605,104,,2017-06-07,48509,Tyre replacement,328.93,58.08,387.01
606,104,7,2017-10-13,50907,Battery replacement,160.59,27.84,188.43
607,104,29,2018-10-04,57575,Clutch repair,743.59,284.64,1028.23
608,104,6,2018-10-11,57991,Routine service,98.56,61.92,160.48
609,104,,2020-04-05,67857,Oil and filter change,47.34,42.24,89.58
610,104,,2020-08-05,70142,Battery replacement,137.36,24.00,161.36
611,104,,2020-11-08,71922,Oil and filter change,36.90,38.40,75.30
612,104,,2021-04-05,74694,Tyre replacement,478.69,56.16,534.85
613,104,,2024-02-27,94510,Brake replacement,213.83,112.80,326.63
614,105,11,2023-01-22,8337,Routine service,142.59,71.04,213.63
615,105,23,2023-02-02,8720,Battery replacement,124.64,24.00,148.64
616,105,4,2023-11-21,18906,Oil and filter change,41.46,38.40,79.86
617,105,22,2024-04-25,24348,Routine service,108.72,67.68,176.40
618,106,16,2020-03-04,23281,Tyre replacement,161.78,41.28,203.06
619,106,,2022-09-02,62098,Brake replacement,281.35,106.08,387.43
620,106,16,2023-11-29,81379,Oil and filter change,61.04,43.68,104.72
621,106,4,2023-12-09,81804,Routine service,130.69,77.28,207.97
622,106,22,2024-01-14,83337,Routine service,175.15,79.68,254.83
623,106,,2025-04-26,103256,Tyre replacement,163.96,48.00,211.96
624,108,21,2023-11-26,8054,Clutch repair,693.43,320.16,1013.59
625,108,6,2024-01-01,10125,Brake replacement,156.12,84.96,241.08
626,108,5,2025-01-24,32504,Oil and filter change,42.70,38.40,81.10
627,109,5,2017-06-21,6544,Clutch repair,447.42,264.48,711.90
628,109,13,2018-01-31,11724,Routine service,78.09,78.24,156.33
629,109,12,2019-05-02,22269,Brake replacement,160.01,106.08,266.09
630,109,,2020-06-28,32051,Oil and filter change,72.79,34.56,107.35
631,109,,2021-08-29,41925,Routine service,162.17,81.12,243.29
632,109,29,2021-09-29,42642,Brake replacement,192.83,109.92,302.75
633,109,,2023-11-15,60610,Routine service,127.98,82.56,210.54
634,109,,2023-11-20,61360,Clutch repair,611.03,233.28,844.31
635,109,13,2024-12-06,69560,Suspension repair,243.40,144.48,387.88
636,110,11,2013-05-27,5394,Routine service,167.30,75.84,243.14
637,110,25,2015-06-19,29865,Tyre replacement,448.25,58.56,506.81
638,110,,2016-03-26,38996,Tyre replacement,321.13,59.52,380.65
639,110,9,2016-05-28,41044,Brake replacement,313.17,107.52,420.69
640,110,,2017-02-13,49526,Routine service,175.60,64.32,239.92
641,110,,2018-08-29,67789,Routine service,145.72,88.32,234.04
642,110,,2020-12-04,94697,Oil and filter change,85.62,45.60,131.22
643,110,20,2021-09-30,104446,Oil and filter change,64.74,41.76,106.50
644,110,,2021-12-20,107079,Routine service,79.22,76.80,156.02
645,110,,2022-08-24,115106,Oil and filter change,86.44,36.48,122.92
646,110,24,2023-03-19,121833,Tyre replacement,442.25,53.76,496.01
647,110,,2023-11-13,129599,Brake replacement,240.77,88.80,329.57
648,110,,2024-09-06,139284,Routine service,153.88,61.92,215.80
649,111,27,2013-02-09,9495,Oil and filter change,63.18,33.60,96.78
650,111,1,2015-04-24,30184,Routine service,160.41,68.16,228.57
651,111,,2015-09-08,33709,Oil and filter change,62.96,38.88,101.84
652,111,,2016-08-09,42355,Oil and filter change,46.18,46.56,92.74
653,111,2,2017-03-29,48325,Timing belt replacement,501.76,267.84,769.60
654,111,22,2017-05-19,49637,Air conditioning service,56.51,52.32,108.83
655,111,25,2018-09-25,62349,Routine service,166.66,69.12,235.78
656,111,,2018-10-10,62735,Battery replacement,168.95,23.52,192.47
657,111,,2019-06-12,69040,Oil and filter change,52.22,34.56,86.78
658,111,,2019-10-05,71999,Oil and filter change,61.80,38.40,100.20
659,111,,2020-01-03,74315,Routine service,60.08,67.20,127.28
660,111,,2021-09-15,90295,Oil and filter change,44.74,38.40,83.14
661,111,,2024-03-20,113891,Routine service,178.57,64.80,243.37
662,111,,2024-12-09,120685,Brake replacement,226.91,103.68,330.59
663,112,17,2024-10-19,4279,Tyre replacement,194.62,55.68,250.30
664,113,,2024-07-07,66199,Battery replacement,196.33,24.48,220.81
665,113,20,2024-08-17,68415,Routine service,98.02,77.76,175.78
666,113,,2024-10-01,70847,Routine service,159.84,80.64,240.48
667,115,10,2022-05-23,2477,Suspension repair,376.03,129.12,505.15
668,115,18,2024-04-29,27859,Routine service,80.21,76.32,156.53
669,115,16,2024-06-17,29619,Bodywork repair,353.56,357.12,710.68
670,116,27,2025-03-27,19989,Oil and filter change,73.84,42.72,116.56
671,116,14,2025-06-24,23865,Timing belt replacement,243.61,219.84,463.45
672,117,22,2019-02-19,1905,Oil and filter change,39.87,36.00,75.87
673,117,16,2020-08-19,19568,Routine service,160.38,71.52,231.90
674,117,13,2021-01-04,24024,Tyre replacement,518.76,48.48,567.24
675,117,19,2021-02-10,25219,Routine service,110.90,73.92,184.82
676,117,11,2021-05-04,27899,Brake replacement,135.73,93.60,229.33
677,117,,2022-04-21,39265,Bodywork repair,761.57,279.36,1040.93
678,117,,2023-01-04,47596,Routine service,133.32,89.76,223.08
679,118,7,2024-07-19,12836,Routine service,174.38,67.68,242.06
680,118,17,2025-04-18,27877,Routine service,83.62,80.16,163.78
681,120,27,2021-10-25,10016,Battery replacement,195.27,26.40,221.67
682,120,18,2022-09-02,21634,Routine service,148.61,84.96,233.57
683,120,18,2024-04-05,43269,Oil and filter change,79.37,41.76,121.13
684,120,,2024-12-14,52690,Brake replacement,298.50,99.36,397.86
685,121,14,2023-12-25,19759,Routine service,154.50,81.60,236.10
686,121,13,2024-04-12,23769,Oil and filter change,76.56,33.60,110.16
687,121,23,2025-05-16,38451,Air conditioning service,105.74,57.12,162.86
688,122,24,2019-03-25,13271,Oil and filter change,49.82,38.40,88.22
689,122,,2020-11-25,29329,Routine service,62.87,82.08,144.95
690,122,,2021-05-14,33797,Oil and filter change,69.14,40.80,109.94
691,122,,2021-07-31,35847,Routine service,145.93,89.76,235.69
692,122,28,2021-10-23,38054,Tyre replacement,582.22,49.92,632.14
693,122,,2022-07-15,45019,Oil and filter change,38.36,38.40,76.76
694,122,,2023-04-07,52010,Routine service,98.88,74.88,173.76
695,122,27,2025-04-20,71563,Battery replacement,102.83,27.84,130.67
696,124,18,2019-05-14,13169,Routine service,70.84,72.00,142.84
697,124,19,2019-07-19,15741,Air conditioning service,66.26,72.00,138.26
698,124,12,2021-12-13,49951,Timing belt replacement,485.58,223.20,708.78
699,124,,2022-05-12,55796,Routine service,85.94,85.44,171.38
700,124,,2022-11-08,62809,Timing belt replacement,456.67,235.20,691.87
701,124,,2023-07-26,72940,Tyre replacement,512.45,55.20,567.65
702,124,,2024-02-03,80421,Tyre replacement,506.15,50.40,556.55
703,124,15,2025-06-15,99825,Routine service,131.47,70.56,202.03
704,125,5,2013-09-05,13536,Routine service,126.61,69.12,195.73
705,125,13,2014-04-15,22123,Routine service,112.88,66.72,179.60
706,125,21,2014-10-30,29780,Air conditioning service,60.17,50.88,111.05
707,125,9,2015-08-06,40610,Routine service,137.26,87.36,224.62
708,125,,2016-11-26,59097,Routine service,100.66,84.00,184.66
709,125,26,2017-12-28,74452,Tyre replacement,578.49,48.00,626.49
710,125,,2018-03-27,77894,Brake replacement,316.09,89.76,405.85
711,125,,2020-01-30,103962,Oil and filter change,49.77,41.28,91.05
712,125,,2020-02-21,104852,Routine service,108.38,87.84,196.22
713,125,,2020-06-22,109532,Routine service,139.41,86.40,225.81
714,125,,2021-12-23,130765,Battery replacement,193.02,21.12,214.14
715,125,14,2023-07-03,152308,Brake replacement,99.17,116.64,215.81
716,125,,2025-04-27,177989,Battery replacement,199.99,27.84,227.83
717,126,22,2023-03-13,10784,Brake replacement,263.01,112.80,375.81
718,126,20,2023-06-12,13564,Routine service,161.85,66.72,228.57
719,126,2,2023-07-20,14725,Routine service,130.78,72.96,203.74
720,127,4,2024-01-13,5667,Tyre replacement,577.83,47.04,624.87
721,127,8,2025-03-21,17638,Suspension repair,152.17,149.76,301.93
722,128,4,2025-01-10,21321,Tyre replacement,185.19,53.28,238.47
723,128,15,2025-03-31,24373,Tyre replacement,213.34,59.52,272.86
724,129,18,2023-05-12,25188,Oil and filter change,52.43,34.56,86.99
725,129,7,2023-05-20,25515,Routine service,79.14,76.32,155.46
726,129,26,2023-07-20,28009,Battery replacement,170.95,23.04,193.99
727,129,14,2023-08-28,29604,Tyre replacement,439.71,52.32,492.03
728,129,27,2024-01-18,35451,Tyre replacement,239.10,44.64,283.74
729,130,23,2020-08-29,8475,Routine service,128.84,88.80,217.64
730,130,15,2021-06-23,23245,Air conditioning service,69.34,54.72,124.06
731,130,30,2021-12-27,32513,Brake replacement,122.87,109.44,232.31
732,130,13,2022-05-06,38957,Routine service,74.86,69.60,144.46
733,130,27,2024-12-08,85893,Routine service,130.90,88.80,219.70
734,131,23,2020-10-20,5095,Clutch repair,760.35,258.24,1018.59
735,131,17,2023-01-18,37484,Routine service,95.24,68.16,163.40
736,131,16,2023-04-21,41158,Routine service,135.54,66.72,202.26
737,131,2,2023-05-21,42343,Oil and filter change,88.66,45.60,134.26
738,131,26,2023-08-14,45700,Oil and filter change,39.33,36.48,75.81
739,132,6,2011-11-28,12668,Suspension repair,239.71,168.00,407.71
740,132,1,2014-03-02,63651,Routine service,86.37,63.84,150.21
741,132,29,2014-07-05,71376,Suspension repair,319.38,126.24,445.62
742,132,,2014-12-06,80893,Oil and filter change,43.44,44.16,87.60
743,132,12,2016-07-15,117168,Routine service,147.21,68.16,215.37
744,132,,2016-12-16,126685,Battery replacement,198.67,23.04,221.71
745,132,16,2017-06-12,137685,Tyre replacement,523.43,45.12,568.55
746,132,,2018-12-30,172663,Oil and filter change,47.15,38.88,86.03
747,132,,2021-12-15,239466,Oil and filter change,84.56,43.20,127.76
748,132,,2022-01-08,240949,Battery replacement,154.44,22.08,176.52
749,132,,2022-09-02,255595,Timing belt replacement,368.45,228.48,596.93
750,132,,2023-06-06,272713,Oil and filter change,74.97,44.64,119.61
751,132,,2023-11-09,282354,Routine service,77.96,68.64,146.60
752,132,,2024-03-18,290387,Oil and filter change,42.33,39.36,81.69
753,132,,2024-11-30,306269,Oil and filter change,75.50,38.88,114.38
754,132,15,2025-03-10,312449,Oil and filter change,87.39,39.36,126.75
755,133,22,2021-04-25,183,Routine service,178.01,77.28,255.29
756,133,30,2021-08-09,6681,Routine service,75.50,77.76,153.26
757,133,20,2021-10-12,10605,Air conditioning service,107.04,67.20,174.24
758,133,16,2023-03-03,41685,Battery replacement,206.59,26.88,233.47
759,133,17,2023-10-19,55784,Brake replacement,279.40,105.12,384.52
760,133,,2024-08-18,74420,Oil and filter change,68.68,36.48,105.16
761,134,8,2019-01-07,10268,Oil and filter change,71.21,44.64,115.85
762,134,24,2020-07-07,30693,Tyre replacement,510.40,49.44,559.84
763,134,12,2020-09-04,32896,Tyre replacement,318.60,48.00,366.60
764,134,,2023-08-03,72589,Brake replacement,122.42,97.92,220.34
765,134,5,2024-02-06,79571,Suspension repair,431.16,124.80,555.96
766,134,9,2025-03-15,94619,Routine service,110.39,73.44,183.83
767,135,3,2016-11-24,4304,Clutch repair,678.90,236.16,915.06
768,135,20,2017-03-08,8527,Tyre replacement,510.83,50.88,561.71
769,135,13,2017-04-14,10029,Clutch repair,548.61,326.40,875.01
770,135,9,2017-09-16,16323,Routine service,107.25,63.36,170.61
771,135,,2019-12-13,49539,Bodywork repair,406.35,281.76,688.11
772,135,25,2019-12-21,50173,Tyre replacement,444.95,52.80,497.75
773,135,,2019-12-31,50701,Brake replacement,132.06,99.36,231.42
774,135,,2023-07-12,102611,Tyre replacement,211.80,56.16,267.96
775,135,17,2023-12-09,108702,Tyre replacement,496.90,55.68,552.58
776,136,22,2024-07-29,4700,Oil and filter change,52.34,47.52,99.86
777,137,2,2020-09-02,11634,Battery replacement,102.12,29.76,131.88
778,137,27,2020-12-26,17163,Brake replacement,119.76,111.36,231.12
779,137,22,2021-04-12,22307,Clutch repair,646.20,241.44,887.64
780,137,25,2021-05-10,23653,Oil and filter change,44.42,44.64,89.06
781,137,12,2022-01-21,35961,Oil and filter change,57.88,42.72,100.60
782,137,12,2022-04-09,39711,Clutch repair,292.31,241.92,534.23
783,137,,2023-06-12,60335,Suspension repair,353.39,150.24,503.63
784,138,6,2021-01-30,7474,Routine service,119.60,63.84,183.44
785,138,27,2021-06-19,8409,Oil and filter change,51.62,40.32,91.94
786,138,,2021-11-07,9350,Routine service,110.05,70.56,180.61
787,138,,2022-08-19,11252,Routine service,132.27,63.36,195.63
788,138,,2024-02-26,14962,Oil and filter change,39.28,41.76,81.04
789,138,6,2024-05-18,15510,Routine service,112.16,84.96,197.12
790,138,30,2025-02-12,17312,Battery replacement,144.72,21.12,165.84
791,139,10,2014-03-06,3941,Brake replacement,157.08,82.56,239.64
792,139,26,2014-03-11,4224,Brake replacement,255.25,83.04,338.29
793,139,28,2014-12-01,10551,Brake replacement,203.33,98.88,302.21
794,139,,2017-10-14,36209,Routine service,161.69,72.48,234.17
795,139,,2018-10-16,45194,Battery replacement,143.95,25.44,169.39
796,139,,2020-08-09,61425,Clutch repair,296.28,306.24,602.52
797,139,,2021-07-20,69872,Routine service,119.63,66.72,186.35
798,139,,2023-01-27,83484,Routine service,108.88,80.16,189.04
799,139,,2023-02-05,84178,Routine service,64.04,84.00,148.04
800,139,,2024-01-15,92126,Timing belt replacement,430.75,235.68,666.43
801,139,,2024-02-29,93228,Tyre replacement,378.59,53.76,432.35
802,139,,2024-10-26,99103,Timing belt replacement,446.50,250.56,697.06
803,139,,2025-06-04,104514,Oil and filter change,59.42,44.16,103.58
804,139,,2025-06-08,105151,Oil and filter change,64.65,42.72,107.37
805,140,3,2022-10-17,25782,Air conditioning service,71.06,50.88,121.94
806,140,13,2023-03-15,33450,Tyre replacement,237.08,47.04,284.12
807,140,,2025-03-16,71120,Routine service,172.30,85.44,257.74
808,141,2,2014-07-09,5696,Routine service,92.89,64.32,157.21
809,141,17,2014-08-06,6558,Air conditioning service,50.89,66.72,117.61
810,141,21,2015-04-14,14287,Oil and filter change,47.21,42.72,89.93
811,141,3,2015-05-06,15034,Routine service,168.23,64.32,232.55
812,141,18,2015-06-06,15919,Bodywork repair,380.32,248.16,628.48
813,141,23,2016-08-20,29497,Timing belt replacement,517.17,245.28,762.45
814,141,,2017-05-15,37749,Oil and filter change,86.14,42.24,128.38
815,141,,2018-01-10,45139,Routine service,75.83,73.92,149.75
816,141,27,2018-02-22,46463,Tyre replacement,193.98,48.00,241.98
817,141,,2020-06-13,72389,Routine service,135.47,84.00,219.47
818,141,,2021-07-22,84829,Oil and filter change,38.02,36.48,74.50
819,141,,2022-03-20,92250,Oil and filter change,52.26,40.32,92.58
820,142,25,2024-06-15,16527,Routine service,173.87,72.96,246.83
821,142,21,2024-10-31,20004,Timing belt replacement,223.78,241.92,465.70
822,142,4,2025-02-03,22397,Brake replacement,292.55,94.56,387.11
823,143,26,2022-02-04,19654,Air conditioning service,67.41,69.12,136.53
824,143,25,2022-12-23,34758,Routine service,152.72,88.80,241.52
825,143,,2024-03-04,55256,Oil and filter change,67.80,36.48,104.28
826,143,,2025-01-31,70876,Routine service,64.42,76.80,141.22
827,143,,2025-03-26,73409,Battery replacement,117.68,24.48,142.16
828,144,20,2019-03-15,5126,Oil and filter change,81.45,38.40,119.85
829,144,9,2020-01-02,12830,Timing belt replacement,475.82,227.04,702.86
830,144,14,2020-09-03,19271,Air conditioning service,123.07,71.52,194.59
831,144,9,2021-06-28,27106,Routine service,146.01,88.80,234.81
832,144,12,2022-12-09,41014,Routine service,155.35,67.68,223.03
833,144,,2023-07-31,47166,Routine service,108.44,75.36,183.80
834,144,,2024-04-19,54081,Routine service,115.85,82.08,197.93
835,145,20,2022-09-04,8670,Tyre replacement,166.72,52.32,219.04
836,145,21,2024-05-04,30915,Suspension repair,408.79,130.56,539.35
837,145,21,2024-09-11,35671,Routine service,164.67,62.88,227.55
838,145,,2025-06-21,46025,Routine service,157.91,70.56,228.47
839,146,13,2021-10-20,13112,Tyre replacement,453.49,57.12,510.61
840,146,1,2021-12-02,14847,Routine service,172.25,76.32,248.57
841,146,27,2022-01-18,16744,Air conditioning service,92.02,59.52,151.54
842,146,,2024-10-03,56648,Oil and filter change,81.42,33.12,114.54
843,147,19,2025-06-11,13173,Battery replacement,99.17,25.92,125.09
844,148,7,2013-09-03,21896,Routine service,93.03,87.36,180.39
845,148,7,2014-01-22,28315,Battery replacement,127.49,24.96,152.45
846,148,4,2014-12-04,42700,Routine service,88.13,89.76,177.89
847,148,4,2015-01-31,45340,Air conditioning service,50.50,57.60,108.10
848,148,8,2015-04-17,48800,Oil and filter change,73.10,42.24,115.34
849,148,4,2015-12-30,60499,Routine service,155.67,84.48,240.15
850,148,,2017-12-23,93457,Oil and filter change,80.33,41.76,122.09
851,148,,2018-10-23,107296,Oil and filter change,54.02,42.72,96.74
852,148,20,2019-05-23,116947,Air conditioning service,52.57,63.36,115.93
853,148,,2020-01-29,128373,Brake replacement,224.06,89.28,313.34
854,148,,2020-03-01,129830,Routine service,149.97,77.28,227.25
855,148,,2020-04-04,131378,Routine service,109.28,87.84,197.12
856,148,,2021-05-24,150270,Battery replacement,151.52,23.52,175.04
857,148,6,2025-05-06,215959,Clutch repair,607.24,229.92,837.16
858,148,18,2025-06-21,218053,Routine service,149.26,63.36,212.62
859,149,22,2020-07-31,3557,Routine service,140.34,80.64,220.98
860,149,17,2020-09-04,5263,Battery replacement,195.82,25.44,221.26
861,149,14,2022-09-30,42109,Tyre replacement,276.13,51.36,327.49
862,149,23,2022-10-06,42500,Tyre replacement,348.24,44.16,392.40
863,150,25,2021-04-13,2187,Routine service,156.92,61.92,218.84
864,150,20,2022-07-13,21011,Routine service,146.22,77.76,223.98
865,150,19,2023-10-27,40453,Brake replacement,174.70,118.56,293.26
866,150,,2024-05-21,48998,Oil and filter change,56.92,44.16,101.08
867,150,8,2025-06-18,65221,Routine service,93.00,61.92,154.92
868,151,4,2023-07-11,11213,Routine service,120.81,71.52,192.33
869,151,,2024-08-16,15466,Oil and filter change,89.73,46.56,136.29
870,151,,2024-10-02,15964,Air conditioning service,78.10,65.28,143.38
871,151,,2024-11-03,16414,Routine service,116.04,74.88,190.92
872,152,8,2018-10-27,14354,Oil and filter change,40.20,33.12,73.32
873,152,19,2020-07-24,47674,Bodywork repair,887.61,297.60,1185.21
874,152,,2021-05-26,63705,Oil and filter change,68.93,36.48,105.41
875,152,,2022-03-19,79265,Air conditioning service,92.60,57.12,149.72
876,152,,2023-03-07,97758,Oil and filter change,65.64,46.56,112.20
877,152,,2023-06-24,103469,Routine service,78.31,79.68,157.99
878,152,,2023-08-28,106874,Routine service,91.50,74.40,165.90
879,152,,2024-07-13,123638,Timing belt replacement,220.17,204.00,424.17
880,153,14,2011-07-05,980,Air conditioning service,97.63,58.56,156.19
881,153,18,2012-03-05,14268,Battery replacement,193.84,25.44,219.28
882,153,27,2014-05-08,57508,Air conditioning service,80.90,60.48,141.38
883,153,,2015-03-26,75044,Tyre replacement,354.91,43.68,398.59
884,153,6,2015-03-29,75216,Air conditioning service,114.25,66.24,180.49
885,153,13,2015-05-11,77549,Oil and filter change,63.82,43.20,107.02
886,153,,2018-08-07,142028,Brake replacement,168.99,110.40,279.39
887,153,16,2018-09-11,143934,Air conditioning service,94.41,54.72,149.13
888,153,,2018-10-14,145731,Routine service,173.12,62.40,235.52
889,153,8,2019-01-21,151123,Routine service,174.86,62.40,237.26
890,153,,2019-06-04,158420,Clutch repair,748.39,226.56,974.95
891,153,,2020-07-07,180149,Oil and filter change,48.02,36.00,84.02
892,153,,2021-09-02,203131,Battery replacement,113.74,21.12,134.86
893,153,,2022-11-27,227692,Routine service,65.47,63.36,128.83
894,153,14,2023-06-06,238093,Oil and filter change,80.22,41.76,121.98
895,154,10,2024-09-25,2164,Oil and filter change,67.22,38.40,105.62
896,155,19,2021-09-29,370,Brake replacement,192.35,84.48,276.83
897,155,16,2024-01-17,4763,Routine service,177.10,81.60,258.70
898,155,,2025-06-09,7550,Timing belt replacement,543.15,221.76,764.91
899,158,12,2023-01-07,10396,Oil and filter change,89.84,46.56,136.40
900,158,9,2023-03-30,12818,Routine service,158.11,80.16,238.27
901,158,,2025-06-19,36800,Oil and filter change,89.13,34.56,123.69
902,159,12,2025-02-19,19248,Routine service,148.95,75.36,224.31
903,160,2,2016-06-02,7837,Oil and filter change,86.99,34.08,121.07
904,160,26,2016-06-12,8533,Tyre replacement,495.54,49.44,544.98
905,160,17,2018-05-18,24032,Clutch repair,664.62,278.88,943.50
906,160,14,2019-03-22,31008,Battery replacement,181.80,29.76,211.56
907,160,,2019-04-10,31630,Routine service,104.83,68.64,173.47
908,160,,2020-06-10,41110,Oil and filter change,49.62,39.84,89.46
909,160,,2020-09-22,43466,Oil and filter change,53.11,38.88,91.99
910,160,,2020-10-21,44122,Routine service,87.21,84.00,171.21
911,160,,2022-06-12,57690,Brake replacement,179.60,99.84,279.44
912,160,,2023-07-31,67067,Routine service,154.89,80.16,235.05
913,160,27,2025-02-15,79865,Oil and filter change,50.32,38.40,88.72
914,161,13,2022-04-28,23897,Brake replacement,186.80,118.08,304.88
915,161,17,2022-05-15,24794,Brake replacement,269.96,98.40,368.36
916,161,7,2023-05-21,38949,Oil and filter change,54.44,46.56,101.00
917,161,,2024-03-09,50316,Oil and filter change,66.96,43.20,110.16
918,161,,2025-02-07,63312,Oil and filter change,53.01,35.04,88.05
919,162,3,2011-08-16,2989,Tyre replacement,552.23,45.60,597.83
920,162,2,2011-10-07,5210,Battery replacement,100.88,21.60,122.48
921,162,23,2011-12-20,8371,Routine service,179.57,73.92,253.49
922,162,7,2013-05-24,30625,Tyre replacement,174.41,44.64,219.05
923,162,,2016-09-27,82820,Routine service,85.59,82.56,168.15
924,162,,2017-01-27,88031,Battery replacement,134.17,24.96,159.13
925,162,17,2017-06-28,94524,Routine service,65.16,72.96,138.12
926,162,,2018-01-17,103194,Tyre replacement,568.14,47.04,615.18
927,162,,2018-03-14,105586,Suspension repair,205.32,148.32,353.64
928,162,,2019-09-29,129676,Routine service,107.02,72.48,179.50
929,162,28,2020-10-30,146633,Oil and filter change,38.99,41.28,80.27
930,162,,2021-04-10,153553,Routine service,123.94,80.16,204.10
931,162,,2024-01-28,197248,Oil and filter change,50.62,44.16,94.78
932,162,,2024-03-28,199811,Brake replacement,211.42,84.96,296.38
933,162,,2025-05-18,217580,Bodywork repair,507.11,267.84,774.95
934,163,24,2025-06-12,2583,Oil and filter change,45.44,41.76,87.20
935,165,30,2017-07-20,27419,Oil and filter change,75.41,48.00,123.41
936,165,9,2021-05-16,90274,Routine service,140.46,86.40,226.86
937,165,,2022-07-11,109229,Routine service,135.33,82.56,217.89
938,165,,2022-08-04,110310,Brake replacement,261.03,111.84,372.87
939,165,2,2023-03-27,120890,Brake replacement,135.18,106.08,241.26
940,165,,2023-10-27,130526,Air conditioning service,107.81,64.80,172.61
941,165,,2023-12-23,133092,Battery replacement,109.07,20.64,129.71
942,165,,2024-04-16,138270,Routine service,111.47,72.96,184.43
943,165,18,2024-10-15,146464,Tyre replacement,389.26,43.20,432.46
944,165,5,2025-01-27,151147,Oil and filter change,59.89,36.96,96.85
945,165,3,2025-06-22,157720,Brake replacement,224.20,117.60,341.80
946,166,23,2021-09-09,14193,Brake replacement,182.69,84.00,266.69
947,166,11,2021-11-16,16382,Brake replacement,245.58,118.56,364.14
948,166,3,2022-03-04,19858,Brake replacement,127.29,96.48,223.77
949,166,16,2022-11-24,28387,Oil and filter change,65.35,39.36,104.71
950,166,,2024-02-18,42902,Clutch repair,418.60,307.20,725.80
951,167,8,2021-08-08,1524,Tyre replacement,416.19,48.48,464.67
952,167,3,2021-08-19,1905,Routine service,150.03,63.36,213.39
953,167,23,2021-09-03,2424,Timing belt replacement,292.32,207.84,500.16
954,167,,2024-08-25,40078,Oil and filter change,79.71,42.24,121.95
955,168,26,2019-02-11,20129,Routine service,110.01,62.88,172.89
956,168,28,2019-04-14,21739,Brake replacement,266.58,112.80,379.38
957,168,24,2019-12-15,28103,Oil and filter change,53.76,37.92,91.68
958,168,27,2020-09-14,35219,Oil and filter change,59.81,35.04,94.85
959,168,,2021-03-23,40154,Oil and filter change,55.48,44.64,100.12
960,168,,2021-11-26,46596,Oil and filter change,36.82,35.52,72.34
961,168,26,2023-07-01,61712,Oil and filter change,38.87,45.12,83.99
962,168,,2025-06-28,80621,Timing belt replacement,427.07,254.88,681.95
963,170,2,2014-10-29,10084,Suspension repair,173.48,150.24,323.72
964,170,23,2014-12-01,11024,Tyre replacement,179.90,51.36,231.26
965,170,10,2016-02-22,23786,Routine service,137.58,71.52,209.10
966,170,23,2016-06-25,27318,Brake replacement,95.26,86.40,181.66
967,170,2,2016-11-02,31022,Oil and filter change,87.88,43.20,131.08
968,170,9,2019-01-06,53668,Brake replacement,236.70,105.60,342.30
969,170,,2019-02-24,55064,Routine service,98.31,83.52,181.83
970,170,,2021-05-10,78025,Brake replacement,236.93,82.08,319.01
971,170,,2021-09-26,81984,Clutch repair,409.90,296.64,706.54
972,170,,2023-03-30,97652,Oil and filter change,62.86,43.68,106.54
973,170,17,2023-06-17,99902,Brake replacement,184.13,88.32,272.45
974,170,,2025-02-22,117450,Routine service,102.09,77.76,179.85
975,172,16,2021-10-19,1516,Brake replacement,261.75,110.88,372.63
976,172,2,2022-01-28,6622,Brake replacement,170.77,96.48,267.25
977,172,14,2023-02-21,26286,Oil and filter change,53.60,39.84,93.44
978,172,24,2023-08-15,35133,Routine service,143.36,79.68,223.04
979,172,28,2024-03-21,46204,Tyre replacement,389.01,48.48,437.49
980,173,24,2024-05-28,144,Oil and filter change,60.54,37.92,98.46
981,174,23,2014-09-21,7721,Routine service,135.19,82.08,217.27
982,174,10,2015-05-29,16535,Oil and filter change,57.91,47.52,105.43
983,174,3,2016-07-29,31590,Brake replacement,118.02,120.00,238.02
984,174,,2017-07-13,43895,Oil and filter change,68.56,39.84,108.40
985,174,,2018-10-19,60219,Brake replacement,132.93,108.48,241.41
986,174,,2018-12-14,62193,Oil and filter change,50.17,35.52,85.69
987,174,,2021-05-10,93149,Tyre replacement,522.08,41.76,563.84
988,174,,2023-02-15,115926,Oil and filter change,36.78,34.56,71.34
989,174,,2023-11-24,125868,Routine service,157.83,65.76,223.59
990,174,1,2024-06-01,132567,Tyre replacement,512.67,48.00,560.67
991,174,,2024-09-08,136058,Air conditioning service,65.26,71.04,136.30
992,174,,2024-09-18,136787,Routine service,81.85,76.32,158.17
993,175,5,2019-11-25,22676,Routine service,177.84,87.36,265.20
994,175,8,2020-06-13,28032,Air conditioning service,82.87,53.28,136.15
995,175,,2020-08-19,29818,Tyre replacement,308.49,42.24,350.73
996,175,,2020-09-24,30777,Air conditioning service,71.35,51.36,122.71
997,175,,2023-06-17,57318,Battery replacement,88.09,28.80,116.89
998,175,,2023-09-10,59583,Brake replacement,258.66,87.36,346.02
999,175,,2023-11-19,61448,Air conditioning service,128.94,60.00,188.94
1000,175,,2024-07-12,67737,Tyre replacement,601.47,58.08,659.55
1001,175,,2024-12-31,72320,Routine service,155.77,76.32,232.09
1002,176,23,2011-04-15,682,Routine service,61.34,73.44,134.78
1003,176,13,2012-05-06,5576,Brake replacement,142.64,94.56,237.20
1004,176,28,2013-03-18,10129,Routine service,82.16,70.08,152.24
1005,176,21,2014-04-07,15676,Oil and filter change,44.44,37.44,81.88
1006,176,,2014-07-01,16901,Routine service,62.72,65.28,128.00
1007,176,16,2015-09-24,23385,Routine service,74.02,88.32,162.34
1008,176,,2017-04-03,31411,Air conditioning service,79.65,59.52,139.17
1009,176,,2018-04-29,37045,Oil and filter change,79.35,36.00,115.35
1010,176,,2018-08-06,38471,Routine service,69.03,87.36,156.39
1011,176,,2018-12-29,40560,Routine service,125.06,85.44,210.50
1012,176,28,2020-07-07,48572,Routine service,124.10,89.28,213.38
1013,176,,2022-02-20,57116,Clutch repair,714.08,229.44,943.52
1014,176,9,2022-04-15,57894,Battery replacement,167.66,23.04,190.70
1015,176,,2024-05-31,69090,Brake replacement,179.29,87.36,266.65
1016,176,22,2024-10-24,71194,Air conditioning service,50.59,58.08,108.67
1017,176,9,2025-06-06,74436,Oil and filter change,59.69,44.16,103.85
1018,177,2,2021-07-21,722,Brake replacement,111.21,109.92,221.13
1019,177,13,2022-10-28,3263,Routine service,67.76,74.88,142.64
1020,177,3,2023-12-07,5480,Routine service,111.73,65.76,177.49
1021,177,,2024-08-21,6893,Tyre replacement,351.03,46.56,397.59
1022,177,,2024-11-11,7342,Clutch repair,388.05,269.28,657.33
1023,177,16,2025-06-29,8601,Battery replacement,207.10,26.40,233.50
1024,178,20,2024-02-10,8518,Oil and filter change,82.89,40.32,123.21
1025,178,12,2024-03-26,10015,Brake replacement,167.28,108.48,275.76
1026,178,19,2024-08-30,15240,Air conditioning service,106.42,63.36,169.78
1027,179,13,2019-09-06,1979,Routine service,179.86,73.92,253.78
1028,179,,2023-05-02,18385,Routine service,64.62,64.80,129.42
1029,179,21,2023-06-09,18852,Battery replacement,149.84,29.28,179.12
1030,179,29,2023-08-21,19750,Routine service,122.25,72.96,195.21
1031,179,23,2023-09-19,20577,Suspension repair,236.44,161.28,397.72
1032,179,18,2024-01-21,21632,Oil and filter change,65.60,34.08,99.68
1033,181,27,2021-12-25,4262,Routine service,177.79,61.44,239.23
1034,181,21,2022-04-29,6549,Brake replacement,109.30,108.00,217.30
1035,181,1,2023-11-29,17141,Air conditioning service,110.53,52.80,163.33
1036,181,,2025-01-20,24787,Oil and filter change,57.80,42.24,100.04
1037,182,19,2020-02-29,1980,Brake replacement,173.76,111.36,285.12
1038,182,7,2020-07-10,5824,Routine service,78.21,65.76,143.97
1039,182,15,2021-07-19,16715,Routine service,176.93,75.84,252.77
1040,182,20,2022-06-13,26296,Brake replacement,129.27,108.96,238.23
1041,182,15,2024-03-27,45312,Clutch repair,649.26,326.88,976.14
1042,182,,2024-12-15,52971,Routine service,145.72,75.36,221.08
1043,183,3,2022-08-02,2099,Oil and filter change,54.93,35.04,89.97
1044,183,20,2024-06-13,48227,Oil and filter change,51.17,43.68,94.85
1045,183,8,2025-02-11,64686,Suspension repair,345.28,137.28,482.56
1046,183,14,2025-03-01,65906,Routine service,77.17,87.84,165.01
1047,184,12,2010-12-01,1160,Oil and filter change,82.01,36.48,118.49
1048,184,16,2013-06-02,10223,Oil and filter change,49.54,40.32,89.86
1049,184,,2014-07-21,14329,Oil and filter change,46.23,36.00,82.23
1050,184,,2014-10-04,15072,Clutch repair,678.18,280.32,958.50
1051,184,,2014-11-03,15370,Routine service,157.94,77.76,235.70
1052,184,,2016-02-14,20011,Routine service,99.77,73.44,173.21
1053,184,,2016-02-26,20840,Tyre replacement,388.58,56.64,445.22
1054,184,,2016-07-13,21591,Oil and filter change,49.77,33.12,82.89
1055,184,3,2017-09-11,25713,Tyre replacement,448.13,44.64,492.77
1056,184,,2018-12-05,30175,Tyre replacement,356.73,54.24,410.97
1057,184,,2018-12-09,30797,Battery replacement,180.65,21.60,202.25
1058,184,4,2020-06-20,35758,Tyre replacement,161.66,43.20,204.86
1059,184,10,2021-07-29,39764,Tyre replacement,543.52,44.64,588.16
1060,184,,2021-11-28,40974,Routine service,103.51,67.20,170.71
1061,184,,2023-03-22,45724,Routine service,160.42,78.24,238.66
1062,184,,2024-01-24,48778,Battery replacement,141.75,24.48,166.23
1063,186,21,2021-09-12,9823,Oil and filter change,48.48,39.36,87.84
1064,186,14,2022-01-13,14418,Routine service,163.86,64.80,228.66
1065,186,1,2023-06-18,33878,Suspension repair,390.73,141.60,532.33
1066,186,8,2024-12-31,54871,Oil and filter change,48.83,47.04,95.87
1067,186,20,2025-03-28,58120,Routine service,175.10,79.68,254.78
1068,188,17,2020-10-10,3238,Routine service,161.44,74.88,236.32
1069,188,19,2020-12-20,5035,Routine service,174.37,83.52,257.89
1070,188,9,2022-07-17,19558,Battery replacement,205.91,23.52,229.43
1071,188,21,2023-11-30,32235,Bodywork repair,675.96,307.20,983.16
1072,188,11,2024-04-19,35802,Routine service,70.59,80.16,150.75
1073,189,21,2022-06-25,24758,Routine service,136.63,70.08,206.71
1074,189,19,2023-03-09,34907,Suspension repair,274.42,125.76,400.18
1075,189,24,2023-11-08,44542,Timing belt replacement,523.29,184.32,707.61
1076,189,26,2025-03-07,63693,Brake replacement,265.56,86.40,351.96
1077,190,9,2024-08-04,1310,Routine service,155.76,68.64,224.40
1078,191,13,2021-12-23,3868,Tyre replacement,501.24,51.36,552.60
1079,191,10,2023-10-15,35832,Brake replacement,233.46,110.88,344.34
1080,191,,2024-10-27,54112,Routine service,92.59,63.84,156.43
1081,192,14,2025-06-24,10985,Oil and filter change,60.23,43.20,103.43
1082,193,23,2014-03-29,10461,Tyre replacement,532.36,47.52,579.88
1083,193,22,2015-08-04,33797,Routine service,109.61,75.84,185.45
1084,193,,2017-05-04,64044,Oil and filter change,66.52,36.48,103.00
1085,193,29,2017-07-31,68209,Battery replacement,110.90,28.80,139.70
1086,193,,2018-09-25,88137,Routine service,121.48,76.80,198.28
1087,193,,2018-12-15,91971,Routine service,165.54,72.00,237.54
1088,193,,2019-07-05,101533,Oil and filter change,38.47,44.16,82.63
1089,193,,2020-07-10,119094,Routine service,117.06,73.44,190.50
1090,193,,2023-01-09,162311,Routine service,99.07,87.36,186.43
1091,193,,2023-04-26,167376,Bodywork repair,865.86,252.00,1117.86
1092,193,,2023-10-22,175849,Routine service,164.60,61.44,226.04
1093,193,,2025-04-23,201836,Routine service,149.91,88.32,238.23
1094,195,25,2017-08-23,8101,Brake replacement,317.66,114.72,432.38
1095,195,29,2020-05-16,55898,Oil and filter change,37.85,35.04,72.89
1096,195,,2021-04-19,72102,Oil and filter change,65.46,45.12,110.58
1097,195,,2021-05-22,73684,Battery replacement,197.40,20.64,218.04
1098,195,,2021-07-17,76369,Routine service,105.78,69.60,175.38
1099,195,,2021-11-09,81882,Battery replacement,129.07,23.52,152.59
1100,195,,2022-10-18,98326,Bodywork repair,660.94,343.68,1004.62
1101,195,,2023-08-11,112564,Routine service,91.51,61.92,153.43
1102,196,15,2015-12-16,3328,Routine service,76.60,63.36,139.96
1103,196,,2019-04-05,29736,Oil and filter change,67.94,33.12,101.06
1104,196,,2019-11-01,34334,Routine service,91.58,83.04,174.62
1105,196,,2020-01-03,35714,Routine service,155.61,83.04,238.65
1106,196,,2020-06-21,39436,Routine service,108.01,74.40,182.41
1107,196,,2020-12-30,43640,Brake replacement,95.67,101.76,197.43
1108,196,,2021-08-09,48502,Oil and filter change,66.82,43.20,110.02
1109,196,,2021-12-21,51436,Brake replacement,182.44,100.32,282.76
1110,196,13,2024-09-08,73158,Routine service,109.53,83.04,192.57
1111,196,,2025-06-05,79070,Tyre replacement,181.05,51.84,232.89
1112,197,9,2022-09-26,9281,Routine service,69.84,74.88,144.72
1113,197,23,2023-03-02,15018,Timing belt replacement,355.60,219.84,575.44
1114,197,7,2024-10-29,37199,Brake replacement,247.90,117.60,365.50
1115,197,,2025-05-26,44837,Oil and filter change,59.09,42.24,101.33
1116,198,6,2025-04-11,24531,Routine service,104.79,79.20,183.99
1117,199,2,2017-03-11,4084,Battery replacement,174.97,29.76,204.73
1118,199,24,2017-07-07,9052,Oil and filter change,89.54,37.92,127.46
1119,199,20,2018-01-20,17346,Routine service,64.17,75.36,139.53
1120,199,4,2019-07-17,40209,Clutch repair,776.03,253.92,1029.95
1121,199,2,2019-08-20,41640,Routine service,109.84,86.88,196.72
1122,199,14,2020-12-24,62355,Suspension repair,462.57,149.28,611.85
1123,199,,2021-07-20,71113,Battery replacement,164.26,23.52,187.78
1124,199,,2023-06-24,100754,Brake replacement,232.01,91.68,323.69
1125,199,28,2025-06-26,131616,Oil and filter change,68.65,35.52,104.17
1126,200,27,2023-08-27,469,Oil and filter change,39.94,34.56,74.50
1127,200,18,2023-11-07,957,Battery replacement,109.90,22.56,132.46
1128,200,26,2025-03-29,4836,Suspension repair,214.34,135.84,350.18
1129,201,21,2014-06-16,950,Air conditioning service,119.48,56.16,175.64
1130,201,5,2015-05-22,11052,Oil and filter change,68.56,42.24,110.80
1131,201,8,2016-01-09,17946,Air conditioning service,96.02,53.76,149.78
1132,201,10,2016-02-11,18926,Routine service,85.32,61.92,147.24
1133,201,22,2017-05-06,32297,Tyre replacement,357.48,52.80,410.28
1134,201,2,2017-06-15,33485,Clutch repair,422.73,290.40,713.13
1135,201,,2017-11-04,37704,Brake replacement,135.34,99.36,234.70
1136,201,6,2019-04-05,53066,Tyre replacement,510.36,53.28,563.64
1137,201,,2020-10-26,70002,Routine service,168.28,63.36,231.64
1138,201,,2020-12-28,71874,Suspension repair,149.73,175.68,325.41
1139,201,23,2024-09-29,112609,Routine service,111.12,84.48,195.60
1140,201,28,2024-11-12,113917,Clutch repair,738.22,232.80,971.02
1141,201,,2025-01-02,115432,Tyre replacement,371.12,48.96,420.08
1142,202,16,2010-09-01,2874,Routine service,132.72,72.96,205.68
1143,202,2,2012-03-02,19116,Air conditioning service,97.70,60.00,157.70
1144,202,,2013-09-23,36009,Oil and filter change,42.99,38.40,81.39
1145,202,19,2014-12-01,48872,Brake replacement,100.77,89.76,190.53
1146,202,,2014-12-24,49652,Tyre replacement,583.97,53.76,637.73
1147,202,,2015-01-11,50220,Battery replacement,106.42,26.88,133.30
1148,202,,2015-09-24,57674,Oil and filter change,37.17,39.36,76.53
1149,202,26,2015-11-06,58949,Routine service,173.12,77.28,250.40
1150,202,,2017-02-06,72523,Bodywork repair,718.18,277.44,995.62
1151,202,,2018-01-18,82777,Routine service,155.40,77.28,232.68
1152,202,,2019-07-07,98633,Routine service,76.65,84.48,161.13
1153,202,,2019-11-24,102783,Tyre replacement,432.95,41.76,474.71
1154,202,,2020-05-09,107732,Routine service,66.50,89.76,156.26
1155,202,,2021-02-04,115764,Routine service,171.47,86.40,257.87
1156,202,,2023-12-15,146706,Oil and filter change,77.72,44.16,121.88
1157,202,,2025-03-27,160576,Routine service,118.31,80.64,198.95
1158,204,19,2021-08-03,13161,Air conditioning service,82.92,57.12,140.04
1159,204,6,2023-02-25,34391,Routine service,92.26,69.60,161.86
1160,204,,2024-09-24,55844,Routine service,71.68,89.28,160.96
1161,204,,2025-02-20,61384,Routine service,70.83,66.24,137.07
1162,204,22,2025-05-28,64991,Oil and filter change,62.03,48.00,110.03
1163,205,7,2022-12-02,15909,Oil and filter change,45.97,44.64,90.61
1164,205,19,2024-07-24,49169,Tyre replacement,432.66,43.68,476.34
1165,205,,2025-05-23,65965,Oil and filter change,61.38,37.44,98.82
1166,206,20,2022-04-01,6000,Suspension repair,253.58,134.40,387.98
1167,206,25,2023-02-03,16325,Brake replacement,262.61,109.44,372.05
1168,206,,2025-02-03,40830,Oil and filter change,36.31,33.60,69.91
1169,207,25,2013-02-05,14098,Routine service,77.86,88.32,166.18
1170,207,1,2014-02-13,29297,Air conditioning service,81.54,51.84,133.38
1171,207,,2015-05-19,48041,Routine service,138.90,72.96,211.86
1172,207,,2015-05-20,48117,Routine service,175.43,72.00,247.43
1173,207,9,2015-05-29,48467,Oil and filter change,41.69,33.12,74.81
1174,207,,2017-08-26,81861,Oil and filter change,40.30,44.16,84.46
1175,207,,2018-08-31,96938,Air conditioning service,53.26,66.72,119.98
1176,207,11,2019-10-17,113726,Oil and filter change,46.35,46.08,92.43
1177,207,,2020-11-22,130106,Routine service,71.12,65.28,136.40
1178,207,4,2021-02-10,133366,Oil and filter change,84.17,43.20,127.37
1179,207,,2021-12-22,146201,Routine service,64.28,69.60,133.88
1180,207,,2023-11-18,174562,Oil and filter change,58.76,34.56,93.32
1181,207,,2023-12-27,176151,Routine service,115.68,63.84,179.52
1182,207,,2024-09-09,186623,Suspension repair,297.09,138.72,435.81
1183,208,6,2019-05-26,31115,Oil and filter change,79.10,44.64,123.74
1184,208,15,2019-08-18,33576,Oil and filter change,47.12,43.20,90.32
1185,208,,2020-01-31,38439,Brake replacement,159.59,96.48,256.07
1186,208,,2021-04-15,51331,Routine service,60.06,86.40,146.46
1187,208,28,2021-12-26,58802,Oil and filter change,41.34,41.76,83.10
1188,208,24,2022-01-27,59739,Oil and filter change,41.45,47.04,88.49
1189,208,,2023-07-23,75619,Brake replacement,112.45,83.04,195.49
1190,208,,2023-10-18,78168,Routine service,170.22,86.40,256.62
1191,208,,2023-11-01,78578,Routine service,164.47,76.32,240.79
1192,208,5,2023-11-02,79326,Timing belt replacement,498.81,206.88,705.69
1193,209,15,2023-09-19,12454,Routine service,111.76,76.80,188.56
1194,209,1,2025-05-15,30758,Timing belt replacement,217.58,258.72,476.30
1195,210,30,2017-12-05,16544,Routine service,78.58,64.32,142.90
1196,210,20,2018-12-10,34085,Oil and filter change,37.40,34.08,71.48
1197,210,30,2019-03-03,38020,Brake replacement,93.12,109.44,202.56
1198,210,,2021-04-08,74381,Tyre replacement,511.95,57.12,569.07
1199,210,22,2021-12-13,86185,Oil and filter change,74.62,34.08,108.70
1200,210,,2022-03-06,90120,Routine service,90.32,83.52,173.84
1201,210,,2022-05-10,93201,Bodywork repair,697.92,276.00,973.92
1202,210,11,2022-12-01,102919,Routine service,97.87,84.96,182.83
1203,210,5,2023-04-05,108845,Oil and filter change,54.02,47.04,101.06
1204,211,18,2015-06-15,11294,Air conditioning service,114.88,64.32,179.20
1205,211,16,2016-11-20,29906,Brake replacement,294.27,108.00,402.27
1206,211,13,2018-08-04,51999,Air conditioning service,92.32,55.20,147.52
1207,211,,2019-05-26,62477,Oil and filter change,89.02,37.92,126.94
1208,211,5,2020-06-04,75797,Oil and filter change,86.88,46.08,132.96
1209,211,4,2021-01-24,84108,Brake replacement,213.89,100.80,314.69
1210,211,,2022-01-05,96398,Oil and filter change,48.72,35.04,83.76
1211,211,5,2022-09-24,105703,Oil and filter change,70.53,35.04,105.57
1212,211,9,2023-05-26,114370,Oil and filter change,38.67,39.36,78.03
1213,211,,2024-09-25,131703,Brake replacement,290.78,116.16,406.94
1214,211,,2025-06-10,140867,Brake replacement,293.27,97.92,391.19
1215,213,16,2024-04-23,1339,Routine service,79.54,75.84,155.38
1216,213,2,2024-06-24,2094,Routine service,64.08,61.92,126.00
1217,213,13,2025-01-22,4675,Routine service,178.27,78.72,256.99
1218,214,2,2015-06-22,13211,Tyre replacement,172.73,48.00,220.73
1219,214,20,2016-02-17,21425,Oil and filter change,74.95,38.40,113.35
1220,214,28,2016-05-15,24437,Oil and filter change,38.49,41.28,79.77
1221,214,24,2017-10-19,42303,Oil and filter change,59.47,43.68,103.15
1222,214,12,2017-12-14,44220,Oil and filter change,35.98,32.64,68.62
1223,214,,2019-01-23,58082,Routine service,148.83,66.72,215.55
1224,214,,2021-01-19,82964,Oil and filter change,60.88,39.36,100.24
1225,214,,2021-11-07,92958,Routine service,93.97,77.76,171.73
1226,214,11,2022-02-07,96107,Timing belt replacement,415.46,229.92,645.38
1227,214,,2024-02-26,121743,Brake replacement,156.47,94.08,250.55
1228,214,14,2024-08-03,127185,Routine service,81.68,82.08,163.76
1229,214,,2024-10-22,129923,Routine service,93.37,73.44,166.81
1230,215,1,2022-03-07,1439,Clutch repair,614.80,301.92,916.72
1231,215,2,2023-04-24,14947,Routine service,84.42,61.44,145.86
1232,215,3,2023-06-07,16386,Oil and filter change,59.41,34.08,93.49
1233,216,10,2020-05-30,832,Timing belt replacement,540.99,220.80,761.79
1234,216,15,2021-02-17,12579,Routine service,114.60,83.04,197.64
1235,216,4,2021-09-10,22166,Brake replacement,131.84,91.20,223.04
1236,216,1,2022-04-21,32594,Oil and filter change,47.13,37.44,84.57
1237,216,17,2025-04-10,83333,Brake replacement,253.43,119.04,372.47
1238,217,17,2022-06-29,2879,Brake replacement,210.73,104.16,314.89
1239,217,25,2024-01-27,19833,Routine service,125.75,71.52,197.27
1240,217,12,2024-07-07,24593,Tyre replacement,271.89,42.72,314.61
1241,217,3,2024-10-27,27884,Oil and filter change,35.15,45.60,80.75
1242,218,11,2022-11-27,2474,Routine service,79.28,81.60,160.88
1243,218,9,2024-10-17,36619,Routine service,125.11,77.76,202.87
1244,218,27,2025-01-25,41568,Routine service,122.82,82.56,205.38
1245,219,30,2021-04-06,6931,Oil and filter change,51.75,37.92,89.67
1246,219,6,2021-06-03,8180,Routine service,147.58,77.76,225.34
1247,219,10,2021-11-17,11775,Routine service,140.75,65.28,206.03
1248,219,1,2022-06-05,16080,Oil and filter change,62.56,43.20,105.76
1249,219,12,2022-07-14,16920,Oil and filter change,53.47,37.92,91.39
1250,219,15,2024-06-20,32139,Brake replacement,257.92,96.00,353.92
1251,219,,2024-10-25,34873,Battery replacement,86.42,24.48,110.90
1252,220,11,2013-10-25,18482,Brake replacement,131.63,106.56,238.19
1253,220,30,2014-06-02,25409,Oil and filter change,65.74,39.84,105.58
1254,220,27,2014-11-13,30573,Routine service,126.20,78.24,204.44
1255,220,11,2015-01-26,32903,Routine service,63.77,65.28,129.05
1256,220,21,2015-02-28,33942,Clutch repair,724.19,303.36,1027.55
1257,220,,2017-06-02,59918,Routine service,115.12,66.24,181.36
1258,220,,2017-06-06,60343,Routine service,118.63,84.96,203.59
1259,220,,2018-12-29,78023,Routine service,134.53,88.80,223.33
1260,220,,2021-02-26,102897,Oil and filter change,42.26,34.08,76.34
1261,220,,2021-03-08,103212,Brake replacement,255.41,92.64,348.05
1262,220,5,2021-10-01,109730,Routine service,150.13,77.76,227.89
1263,220,,2023-02-01,125095,Timing belt replacement,529.82,211.68,741.50
1264,220,,2023-11-20,134289,Oil and filter change,39.03,44.64,83.67
1265,220,,2024-04-25,139233,Tyre replacement,538.78,57.60,596.38
1266,220,11,2024-06-25,141153,Oil and filter change,41.55,42.72,84.27
1267,222,24,2014-03-04,13632,Brake replacement,168.00,102.72,270.72
1268,222,13,2014-11-14,26701,Tyre replacement,565.95,50.40,616.35
1269,222,8,2014-11-29,27470,Brake replacement,302.57,100.80,403.37
1270,222,18,2017-06-01,74364,Air conditioning service,96.54,66.24,162.78
1271,222,,2017-10-14,81283,Battery replacement,125.03,24.96,149.99
1272,222,11,2017-11-21,83230,Tyre replacement,562.79,58.08,620.87
1273,222,,2018-02-14,87586,Routine service,65.05,89.28,154.33
1274,222,30,2018-04-13,90559,Oil and filter change,86.85,40.32,127.17
1275,222,29,2020-10-19,137709,Battery replacement,199.53,25.44,224.97
1276,222,,2023-01-01,178914,Tyre replacement,597.17,40.80,637.97
1277,222,,2024-10-07,211971,Routine service,103.02,70.08,173.10
1278,222,24,2024-10-10,212173,Routine service,129.76,67.68,197.44
1279,222,,2025-01-03,216481,Tyre replacement,387.11,47.52,434.63
1280,223,26,2017-09-07,12239,Oil and filter change,53.48,41.76,95.24
1281,223,17,2019-09-05,39241,Routine service,99.49,66.24,165.73
1282,223,2,2019-12-01,42468,Routine service,136.54,72.00,208.54
1283,223,,2019-12-25,43358,Air conditioning service,47.68,49.44,97.12
1284,223,,2021-01-24,58046,Brake replacement,199.46,97.44,296.90
1285,223,28,2021-09-19,66874,Routine service,107.50,79.20,186.70
1286,223,,2022-08-03,78668,Clutch repair,718.47,286.08,1004.55
1287,223,,2024-01-14,98289,Timing belt replacement,258.99,254.88,513.87
1288,223,,2024-07-06,104743,Brake replacement,159.61,110.40,270.01
1289,224,10,2022-10-25,9585,Tyre replacement,260.27,48.96,309.23
1290,225,14,2015-04-05,3970,Brake replacement,117.51,85.92,203.43
1291,225,10,2016-10-31,21669,Routine service,91.07,63.84,154.91
1292,225,25,2017-07-09,29395,Oil and filter change,70.13,39.84,109.97
1293,225,24,2017-08-24,30811,Clutch repair,637.46,270.24,907.70
1294,225,26,2018-02-06,35920,Oil and filter change,42.40,36.48,78.88
1295,225,,2019-07-09,51865,Routine service,168.25,63.36,231.61
1296,225,19,2019-08-30,53465,Suspension repair,393.29,130.56,523.85
1297,225,,2020-09-29,65654,Oil and filter change,57.89,39.84,97.73
1298,225,,2021-02-28,70333,Tyre replacement,332.91,41.28,374.19
1299,225,,2021-11-06,78059,Routine service,167.25,86.40,253.65
1300,225,15,2025-01-30,114411,Routine service,144.71,84.48,229.19
1301,225,,2025-05-27,118012,Routine service,70.33,86.88,157.21
1302,226,23,2021-07-27,34273,Routine service,167.82,69.12,236.94
1303,226,,2022-12-04,61949,Tyre replacement,182.40,44.64,227.04
1304,226,1,2023-06-02,72013,Routine service,169.97,65.28,235.25
1305,226,,2024-08-04,95999,Brake replacement,189.22,97.44,286.66
1306,226,28,2024-11-08,101366,Routine service,146.15,78.72,224.87
1307,226,,2025-06-26,114226,Oil and filter change,89.87,35.04,124.91
1308,227,6,2013-12-22,12383,Routine service,141.72,61.44,203.16
1309,227,26,2014-07-19,21156,Routine service,151.31,79.68,230.99
1310,227,30,2015-03-07,30853,Timing belt replacement,439.28,187.68,626.96
1311,227,20,2015-04-20,32700,Brake replacement,241.06,86.40,327.46
1312,227,,2016-06-05,49994,Oil and filter change,67.47,41.28,108.75
1313,227,,2017-10-17,70941,Clutch repair,556.46,307.20,863.66
1314,227,13,2018-02-16,76062,Brake replacement,170.23,115.68,285.91
1315,227,,2020-05-05,110022,Tyre replacement,246.57,45.12,291.69
1316,227,,2021-01-15,120726,Routine service,150.21,85.44,235.65
1317,227,,2021-08-05,129205,Tyre replacement,401.87,52.80,454.67
1318,227,24,2023-11-17,164214,Routine service,140.49,66.24,206.73
1319,227,26,2024-03-04,168748,Routine service,145.22,63.84,209.06
1320,227,,2024-11-17,179578,Oil and filter change,44.05,43.68,87.73
1321,228,17,2025-02-25,11019,Brake replacement,291.59,112.32,403.91
1322,228,16,2025-05-04,12980,Oil and filter change,53.35,38.40,91.75
1323,229,26,2025-06-05,280,Routine service,132.83,61.92,194.75
1324,230,5,2011-12-09,10411,Tyre replacement,592.78,42.24,635.02
1325,230,29,2012-05-07,15834,Timing belt replacement,318.48,221.76,540.24
1326,230,26,2012-07-03,17895,Routine service,94.36,61.92,156.28
1327,230,,2014-03-23,40599,Routine service,146.99,63.84,210.83
1328,230,,2014-07-07,44431,Tyre replacement,384.73,53.76,438.49
1329,230,,2015-07-13,57843,Oil and filter change,79.95,40.80,120.75
1330,230,,2017-12-08,89621,Tyre replacement,562.75,46.08,608.83
1331,230,,2018-08-14,98623,Brake replacement,261.34,89.76,351.10
1332,230,28,2019-08-25,112216,Bodywork repair,491.46,261.12,752.58
1333,230,2,2020-09-18,126316,Battery replacement,127.67,27.84,155.51
1334,230,,2021-12-14,142656,Routine service,82.64,78.24,160.88
1335,230,,2022-01-07,143524,Air conditioning service,56.14,69.12,125.26
1336,230,24,2023-12-17,169156,Tyre replacement,464.81,49.92,514.73
1337,230,,2024-04-28,173964,Suspension repair,215.04,134.88,349.92
1338,230,,2024-09-30,179568,Brake replacement,140.68,109.92,250.60
1339,231,13,2022-12-17,924,Oil and filter change,36.85,34.08,70.93
1340,231,8,2023-04-26,3537,Routine service,89.25,86.88,176.13
1341,231,19,2025-03-11,17305,Air conditioning service,104.31,62.40,166.71
1342,232,12,2022-11-14,932,Oil and filter change,59.54,36.00,95.54
1343,232,22,2022-12-02,1532,Routine service,91.58,89.28,180.86
1344,232,6,2024-08-09,22052,Oil and filter change,38.47,38.88,77.35
1345,233,21,2020-06-08,22231,Routine service,125.48,73.44,198.92
1346,233,22,2020-11-05,27377,Tyre replacement,491.36,44.64,536.00
1347,233,18,2020-11-23,27995,Tyre replacement,197.95,51.84,249.79
1348,233,2,2021-07-03,35611,Routine service,147.61,65.28,212.89
1349,233,,2022-03-01,43880,Routine service,140.90,72.96,213.86
1350,233,,2023-01-05,54515,Brake replacement,297.88,84.00,381.88
1351,233,,2024-10-23,77055,Tyre replacement,401.62,59.04,460.66
1352,233,,2025-03-02,81516,Air conditioning service,50.33,70.56,120.89
1353,233,,2025-05-02,83608,Air conditioning service,101.00,54.24,155.24
1354,234,28,2022-11-18,11781,Suspension repair,328.64,166.56,495.20
1355,234,14,2023-09-17,30182,Oil and filter change,39.92,36.48,76.40
1356,234,8,2025-02-10,61276,Routine service,160.30,63.84,224.14
1357,235,6,2011-12-19,18013,Routine service,145.08,64.80,209.88
1358,235,16,2012-10-21,29881,Tyre replacement,565.55,53.76,619.31
1359,235,2,2013-05-05,37457,Air conditioning service,80.25,69.60,149.85
1360,235,22,2013-07-30,40782,Oil and filter change,59.64,37.92,97.56
1361,235,,2013-11-27,45420,Routine service,134.01,71.04,205.05
1362,235,23,2015-02-02,62120,Routine service,147.14,80.16,227.30
1363,235,,2015-02-03,62842,Oil and filter change,51.99,32.64,84.63
1364,235,,2015-02-09,63637,Timing belt replacement,517.40,192.00,709.40
1365,235,8,2015-10-20,72170,Oil and filter change,71.75,38.40,110.15
1366,235,26,2017-05-27,94784,Oil and filter change,79.37,43.68,123.05
1367,235,10,2018-08-03,111522,Brake replacement,278.18,86.88,365.06
1368,235,,2018-11-15,115542,Routine service,61.65,61.44,123.09
1369,235,,2021-05-25,151183,Suspension repair,244.00,151.20,395.20
1370,235,,2021-09-22,155822,Tyre replacement,199.53,43.68,243.21
1371,235,,2022-06-29,166646,Timing belt replacement,489.87,210.72,700.59
1372,235,2,2022-11-29,172560,Air conditioning service,102.01,67.68,169.69
1373,235,9,2022-12-28,173681,Routine service,124.04,83.52,207.56
1374,236,19,2022-08-07,3464,Routine service,83.52,66.72,150.24
1375,236,16,2023-03-21,7964,Air conditioning service,121.06,56.64,177.70
1376,236,1,2024-04-07,15591,Oil and filter change,49.96,45.60,95.56
1377,237,29,2019-11-16,33745,Clutch repair,449.96,260.64,710.60
1378,237,10,2021-01-19,55499,Routine service,138.20,89.76,227.96
1379,237,27,2021-07-07,64049,Routine service,135.43,75.36,210.79
1380,237,,2022-04-04,77760,Clutch repair,685.26,265.44,950.70
1381,237,3,2024-03-06,113276,Routine service,152.92,76.32,229.24
1382,237,12,2024-08-08,121117,Oil and filter change,40.63,33.60,74.23
1383,237,,2025-02-27,131388,Air conditioning service,40.27,51.84,92.11
1384,238,3,2020-06-27,3390,Routine service,92.20,72.00,164.20
1385,238,19,2021-05-27,23258,Oil and filter change,80.22,38.88,119.10
1386,238,11,2022-05-19,44494,Routine service,134.16,88.80,222.96
1387,238,30,2023-07-07,69121,Tyre replacement,288.91,56.64,345.55
1388,238,,2024-02-29,83218,Brake replacement,293.99,96.96,390.95
1389,239,28,2022-01-12,14591,Brake replacement,318.28,96.00,414.28
1390,239,29,2022-08-07,21957,Routine service,157.79,86.88,244.67
1391,239,26,2022-10-18,24520,Routine service,67.94,77.28,145.22
1392,240,18,2024-09-03,17148,Air conditioning service,110.18,63.36,173.54
1393,240,11,2025-03-06,27916,Oil and filter change,72.23,46.08,118.31
1394,241,22,2018-04-05,2475,Battery replacement,203.07,26.88,229.95
1395,241,15,2018-11-27,5632,Routine service,107.50,76.32,183.82
1396,241,27,2018-12-14,6200,Oil and filter change,84.01,39.36,123.37
1397,241,9,2019-09-23,9646,Brake replacement,230.25,86.88,317.13
1398,241,,2022-05-31,22770,Routine service,98.14,64.80,162.94
1399,241,,2022-06-18,23110,Battery replacement,164.55,24.48,189.03
1400,241,22,2022-11-24,25138,Oil and filter change,45.17,48.00,93.17
1401,241,,2023-01-29,26021,Brake replacement,141.22,111.84,253.06
1402,241,,2023-06-20,27921,Battery replacement,118.79,29.76,148.55
1403,243,12,2015-06-09,4342,Brake replacement,282.23,108.48,390.71
1404,243,29,2015-07-31,6645,Oil and filter change,82.02,46.56,128.58
1405,243,15,2016-09-13,24811,Routine service,61.78,82.56,144.34
1406,243,28,2017-05-10,35400,Tyre replacement,161.77,46.56,208.33
1407,243,,2019-08-13,71953,Oil and filter change,45.02,47.04,92.06
1408,243,,2020-12-13,93574,Routine service,153.25,68.64,221.89
1409,243,,2021-01-23,95391,Routine service,101.74,89.76,191.50
1410,243,,2023-05-11,132519,Tyre replacement,483.32,52.80,536.12
1411,243,,2024-03-17,146299,Tyre replacement,579.14,49.44,628.58
1412,243,,2024-07-07,151261,Routine service,60.56,76.80,137.36
1413,243,,2025-03-19,162559,Battery replacement,185.98,29.28,215.26
1414,244,17,2022-12-03,4575,Battery replacement,170.39,22.56,192.95
1415,244,8,2023-03-22,7712,Tyre replacement,464.46,43.68,508.14
1416,244,9,2023-12-29,15828,Oil and filter change,89.31,43.68,132.99
1417,245,18,2013-04-21,12352,Tyre replacement,465.69,58.08,523.77
1418,245,12,2013-05-13,13173,Routine service,83.56,81.12,164.68
1419,245,16,2013-09-16,17875,Oil and filter change,77.66,45.12,122.78
1420,245,,2015-08-01,43400,Routine service,84.63,88.80,173.43
1421,245,,2016-02-23,51087,Oil and filter change,83.91,40.80,124.71
1422,245,,2017-01-01,62768,Brake replacement,143.84,85.44,229.28
1423,245,,2018-07-15,83665,Routine service,124.18,89.28,213.46
1424,245,,2019-01-02,90047,Brake replacement,229.19,83.52,312.71
1425,245,,2019-09-22,99861,Oil and filter change,58.46,45.60,104.06
1426,245,8,2020-01-24,104489,Routine service,62.72,67.20,129.92
1427,245,15,2021-09-12,126767,Routine service,146.22,72.48,218.70
1428,245,,2022-08-25,139716,Brake replacement,313.79,93.12,406.91
1429,245,,2023-12-16,157554,Oil and filter change,83.42,32.64,116.06
1430,245,4,2025-04-20,175877,Tyre replacement,190.49,45.12,235.61
1431,246,26,2013-12-17,7783,Routine service,111.40,73.44,184.84
1432,246,16,2014-04-14,14251,Routine service,152.85,88.80,241.65
1433,246,15,2015-03-20,32887,Routine service,80.33,84.96,165.29
1434,246,18,2015-04-21,34642,Air conditioning service,86.05,68.64,154.69
1435,246,24,2016-07-25,59910,Routine service,119.56,74.88,194.44
1436,246,,2017-01-14,69393,Routine service,133.03,77.76,210.79
1437,246,,2018-02-22,91538,Routine service,135.59,88.32,223.91
1438,246,,2018-03-19,92908,Brake replacement,153.41,104.64,258.05
1439,246,14,2018-06-10,97458,Routine service,122.98,78.24,201.22
1440,246,23,2019-03-27,113353,Routine service,117.78,62.40,180.18
1441,246,,2022-12-20,188119,Routine service,178.96,68.16,247.12
1442,246,,2023-04-09,194148,Oil and filter change,43.99,35.52,79.51
1443,246,,2024-07-07,219088,Brake replacement,217.84,99.84,317.68
1444,247,26,2017-05-08,2759,Oil and filter change,40.93,39.36,80.29
1445,247,1,2018-09-02,5398,Routine service,129.28,63.84,193.12
1446,247,25,2018-10-22,5672,Routine service,109.94,81.12,191.06
1447,247,,2019-03-19,6482,Air conditioning service,54.36,63.84,118.20
1448,247,19,2020-02-03,8240,Clutch repair,770.54,310.56,1081.10
1449,247,,2020-04-28,8705,Battery replacement,148.76,21.60,170.36
1450,247,19,2022-06-13,12954,Oil and filter change,67.60,35.52,103.12
1451,247,8,2022-09-06,13608,Routine service,68.59,69.12,137.71
1452,247,15,2023-09-11,15446,Battery replacement,153.71,25.92,179.63
1453,247,12,2024-12-24,18019,Brake replacement,214.81,108.48,323.29
1454,248,4,2010-04-23,434,Brake replacement,239.97,84.96,324.93
1455,248,4,2010-09-08,5091,Routine service,73.74,72.96,146.70
1456,248,11,2012-06-23,28704,Routine service,116.79,63.84,180.63
1457,248,9,2013-05-30,41016,Bodywork repair,457.11,264.48,721.59
1458,248,,2014-03-08,51198,Oil and filter change,60.01,45.12,105.13
1459,248,,2015-07-08,68782,Routine service,158.01,71.52,229.53
1460,248,,2016-11-14,86655,Routine service,111.25,65.28,176.53
1461,248,4,2017-08-12,96440,Battery replacement,133.04,23.52,156.56
1462,248,28,2020-10-27,138757,Routine service,90.80,72.96,163.76
1463,248,,2021-07-30,148722,Routine service,103.74,83.04,186.78
1464,248,,2021-11-02,152152,Air conditioning service,93.85,51.36,145.21
1465,248,13,2021-11-23,152910,Oil and filter change,73.57,36.00,109.57
1466,248,,2022-02-02,155474,Routine service,171.35,70.56,241.91
1467,248,,2022-04-30,158615,Clutch repair,704.03,276.96,980.99
1468,248,6,2022-05-31,159735,Oil and filter change,53.27,43.20,96.47
1469,248,7,2024-07-21,187970,Oil and filter change,47.38,41.28,88.66
1470,249,4,2020-09-20,17199,Air conditioning service,109.38,66.72,176.10
1471,249,2,2021-01-18,22044,Routine service,164.40,73.92,238.32
1472,249,,2022-12-23,50468,Oil and filter change,52.24,41.76,94.00
1473,249,26,2023-01-27,51881,Routine service,72.10,77.28,149.38
1474,249,,2023-07-28,59229,Routine service,139.55,88.32,227.87
1475,249,,2023-12-18,65003,Oil and filter change,74.63,38.40,113.03
1476,249,,2024-03-14,68515,Routine service,115.52,64.32,179.84
1477,250,25,2011-01-02,3788,Oil and filter change,88.23,46.08,134.31
1478,250,26,2011-04-07,5982,Tyre replacement,613.18,53.76,666.94
1479,250,10,2013-04-29,23377,Clutch repair,496.46,256.80,753.26
1480,250,,2014-01-25,29637,Battery replacement,194.32,25.44,219.76
1481,250,,2015-11-09,44721,Routine service,117.30,79.68,196.98
1482,250,15,2016-06-08,49618,Suspension repair,364.04,144.96,509.00
1483,250,25,2017-06-29,58535,Routine service,99.58,80.16,179.74
1484,250,,2017-11-27,62023,Battery replacement,92.98,29.28,122.26
1485,250,7,2018-04-24,65441,Routine service,167.42,71.04,238.46
1486,250,,2018-08-11,67959,Routine service,77.79,61.44,139.23
1487,250,23,2019-07-24,75975,Routine service,100.43,73.92,174.35
1488,250,20,2024-05-25,116792,Brake replacement,214.69,85.92,300.61
1489,250,,2024-09-24,119611,Routine service,64.33,70.08,134.41
1490,250,20,2025-03-26,123838,Brake replacement,286.75,100.32,387.07
1491,250,,2025-05-20,125108,Tyre replacement,552.34,53.28,605.62
1492,252,9,2020-04-13,7727,Routine service,153.74,66.24,219.98
1493,252,26,2021-12-13,17848,Brake replacement,159.47,105.60,265.07
1494,252,25,2022-03-02,19161,Suspension repair,212.63,174.24,386.87
1495,252,5,2022-10-20,23017,Oil and filter change,42.92,42.24,85.16
1496,252,,2024-04-01,31808,Routine service,162.88,82.56,245.44
1497,252,,2024-05-23,32672,Oil and filter change,44.19,40.32,84.51
1498,252,28,2025-01-29,36843,Routine service,75.29,75.36,150.65
1499,252,28,2025-06-11,39054,Oil and filter change,39.59,33.60,73.19
1500,253,1,2015-06-04,23451,Brake replacement,168.36,114.72,283.08
1501,253,17,2015-11-08,30600,Suspension repair,336.82,166.56,503.38
1502,253,26,2016-05-28,39798,Brake replacement,236.45,101.28,337.73
1503,253,6,2016-10-05,45718,Battery replacement,144.88,21.60,166.48
1504,253,15,2018-05-30,73131,Oil and filter change,49.62,37.44,87.06
1505,253,,2018-07-14,75180,Routine service,63.67,78.24,141.91
1506,253,,2018-09-30,78732,Oil and filter change,83.45,44.64,128.09
1507,253,,2020-09-25,111791,Routine service,152.07,64.80,216.87
1508,253,29,2021-02-05,117847,Brake replacement,91.76,92.64,184.40
1509,253,,2021-02-23,118667,Routine service,149.68,84.48,234.16
1510,253,,2023-10-19,162746,Oil and filter change,40.35,44.64,84.99
1511,253,,2024-07-24,175451,Routine service,150.54,79.68,230.22
1512,254,20,2019-10-29,561,Tyre replacement,587.74,43.68,631.42
1513,254,22,2020-07-28,10632,Oil and filter change,60.02,40.80,100.82
1514,254,14,2022-07-06,37234,Oil and filter change,37.28,41.76,79.04
1515,254,19,2023-07-19,51436,Tyre replacement,393.27,50.40,443.67
1516,254,,2024-09-18,67479,Brake replacement,98.51,107.04,205.55
1517,254,,2025-04-06,74994,Battery replacement,128.07,26.40,154.47
1518,255,18,2024-01-24,20988,Routine service,147.51,70.08,217.59
1519,255,13,2024-08-21,31286,Brake replacement,236.60,106.08,342.68
1520,257,7,2021-08-12,11230,Routine service,110.21,69.12,179.33
1521,257,7,2022-09-21,22892,Oil and filter change,78.02,40.32,118.34
1522,257,25,2023-03-24,28190,Routine service,140.62,67.20,207.82
1523,257,9,2023-12-10,35706,Battery replacement,122.92,23.04,145.96
1524,257,,2024-01-03,36454,Brake replacement,257.35,93.60,350.95
1525,257,,2024-05-26,40543,Brake replacement,190.28,86.40,276.68
1526,258,27,2017-12-12,2763,Routine service,130.42,73.92,204.34
1527,258,17,2019-12-26,44731,Clutch repair,329.11,278.88,607.99
1528,258,16,2020-09-09,59284,Brake replacement,126.15,113.76,239.91
1529,258,9,2020-12-31,65658,Oil and filter change,60.19,41.28,101.47
1530,258,,2021-06-03,74344,Oil and filter change,71.68,42.72,114.40
1531,258,6,2023-05-30,115296,Routine service,125.77,83.52,209.29
1532,258,,2023-10-24,123588,Routine service,160.55,82.08,242.63
1533,258,,2025-01-07,148464,Clutch repair,330.87,289.92,620.79
1534,258,,2025-04-22,154386,Routine service,93.81,77.76,171.57
1535,259,21,2025-03-31,1356,Routine service,121.27,87.84,209.11
1536,260,16,2014-06-04,1976,Tyre replacement,413.56,52.32,465.88
1537,260,15,2015-11-23,19371,Tyre replacement,238.49,45.60,284.09
1538,260,,2018-07-03,50243,Routine service,146.14,80.16,226.30
1539,260,18,2019-03-17,58568,Tyre replacement,233.60,47.04,280.64
1540,260,,2021-02-02,80855,Timing belt replacement,245.10,255.84,500.94
1541,260,,2021-02-17,81565,Routine service,91.17,87.84,179.01
1542,260,,2022-12-17,102981,Tyre replacement,474.62,58.56,533.18
1543,260,18,2023-04-17,106900,Brake replacement,267.37,101.28,368.65
1544,260,,2024-07-03,121251,Oil and filter change,83.78,41.28,125.06
1545,260,,2025-01-25,127924,Oil and filter change,75.86,46.08,121.94
1546,260,,2025-03-21,129706,Routine service,137.55,88.32,225.87
1547,261,13,2015-09-13,1224,Oil and filter change,44.05,44.64,88.69
1548,261,4,2016-12-15,14295,Brake replacement,310.29,116.64,426.93
1549,261,4,2017-12-04,24375,Tyre replacement,553.74,57.12,610.86
1550,261,,2019-12-17,45533,Brake replacement,145.58,86.88,232.46
1551,261,,2020-05-06,49548,Oil and filter change,54.10,42.72,96.82
1552,261,,2020-06-12,50602,Oil and filter change,52.09,44.16,96.25
1553,261,11,2021-07-15,61936,Oil and filter change,89.87,34.56,124.43
1554,261,,2022-04-12,69653,Clutch repair,513.79,292.80,806.59
1555,261,,2024-09-06,94655,Oil and filter change,55.47,48.00,103.47
1556,262,17,2023-02-23,14103,Brake replacement,192.77,119.04,311.81
1557,262,17,2023-08-10,22416,Oil and filter change,72.18,38.88,111.06
1558,262,5,2024-04-21,35035,Brake replacement,231.57,97.92,329.49
1559,263,26,2019-08-15,11262,Oil and filter change,76.45,36.96,113.41
1560,263,22,2019-11-08,13937,Oil and filter change,41.90,41.28,83.18
1561,263,26,2020-02-06,16768,Suspension repair,270.04,172.80,442.84
1562,263,25,2021-08-22,34481,Routine service,136.23,68.64,204.87
1563,263,,2022-04-10,41748,Routine service,83.06,75.36,158.42
1564,263,,2023-01-13,50494,Battery replacement,136.06,25.44,161.50
1565,263,26,2023-07-30,56723,Oil and filter change,66.46,41.28,107.74
1566,264,5,2022-09-26,1572,Oil and filter change,65.78,33.12,98.90
1567,264,29,2022-11-21,2584,Routine service,146.56,70.56,217.12
1568,264,30,2023-03-03,4427,Oil and filter change,43.70,45.12,88.82
1569,265,30,2019-01-06,371,Brake replacement,105.08,112.32,217.40
1570,265,26,2020-11-26,13880,Oil and filter change,85.29,33.60,118.89
1571,265,13,2021-05-27,17443,Routine service,142.40,69.60,212.00
1572,265,19,2023-09-02,33654,Brake replacement,293.38,98.88,392.26
1573,265,25,2023-11-24,35279,Brake replacement,111.85,88.32,200.17
1574,265,,2023-11-27,36045,Oil and filter change,80.38,46.56,126.94
1575,265,,2024-08-26,40682,Oil and filter change,53.89,34.56,88.45
1576,266,25,2019-03-09,6835,Routine service,152.18,64.32,216.50
1577,266,10,2020-08-01,16199,Oil and filter change,66.07,48.00,114.07
1578,266,,2021-12-27,25600,Air conditioning service,47.98,67.68,115.66
1579,266,28,2023-05-23,34983,Air conditioning service,60.24,57.60,117.84
1580,266,24,2023-07-23,36101,Clutch repair,630.80,291.84,922.64
1581,266,,2024-01-15,39326,Routine service,171.70,82.08,253.78
1582,268,24,2017-04-19,13763,Suspension repair,184.45,174.72,359.17
1583,268,30,2018-05-13,24471,Clutch repair,713.61,244.32,957.93
1584,268,14,2019-05-28,34932,Oil and filter change,49.79,38.88,88.67
1585,268,30,2019-09-10,37822,Air conditioning service,118.75,58.08,176.83
1586,268,,2020-02-16,42199,Oil and filter change,65.89,38.88,104.77
1587,268,,2020-04-23,44043,Oil and filter change,59.93,35.04,94.97
1588,268,,2021-02-04,51943,Routine service,61.87,86.88,148.75
1589,268,19,2021-05-10,54558,Routine service,105.92,80.16,186.08
1590,268,,2023-05-07,74571,Routine service,125.73,80.16,205.89
1591,268,,2024-10-17,89133,Routine service,174.67,72.96,247.63
1592,269,9,2010-07-17,4620,Clutch repair,400.07,323.52,723.59
1593,269,1,2011-03-25,17225,Bodywork repair,574.64,279.84,854.48
1594,269,19,2012-06-23,40124,Routine service,147.67,76.80,224.47
1595,269,,2015-07-26,96771,Routine service,99.95,68.16,168.11
1596,269,,2016-05-17,111636,Oil and filter change,43.54,32.64,76.18
1597,269,,2017-01-01,123136,Tyre replacement,177.49,46.08,223.57
1598,269,,2017-01-29,124542,Brake replacement,192.90,112.32,305.22
1599,269,7,2017-04-10,128108,Brake replacement,255.84,88.32,344.16
1600,269,8,2017-08-05,133983,Oil and filter change,86.08,48.00,134.08
1601,269,13,2017-11-19,139306,Clutch repair,518.13,264.00,782.13
1602,269,26,2018-03-12,144981,Clutch repair,383.16,298.08,681.24
1603,269,23,2019-01-01,159796,Brake replacement,132.04,108.00,240.04
1604,269,,2019-08-25,171647,Oil and filter change,41.08,39.84,80.92
1605,269,,2019-12-26,177824,Oil and filter change,39.11,34.56,73.67
1606,269,5,2021-02-23,199167,Routine service,116.55,80.64,197.19
1607,269,,2021-12-30,214735,Oil and filter change,46.83,35.04,81.87
1608,270,14,2017-07-13,3091,Brake replacement,262.76,93.60,356.36
1609,270,12,2017-11-03,5099,Routine service,126.51,84.48,210.99
1610,270,16,2017-11-08,5953,Oil and filter change,66.64,34.56,101.20
1611,270,,2020-03-22,20558,Tyre replacement,221.94,53.76,275.70
1612,270,,2020-06-14,22050,Oil and filter change,49.84,44.64,94.48
1613,270,,2020-11-20,24876,Routine service,136.41,86.40,222.81
1614,270,15,2021-02-01,26173,Timing belt replacement,373.05,216.96,590.01
1615,270,13,2021-05-01,27754,Brake replacement,171.53,83.04,254.57
1616,270,,2021-08-23,29780,Routine service,102.65,64.32,166.97
1617,271,29,2014-05-27,9333,Brake replacement,109.10,113.28,222.38
1618,271,28,2014-08-30,10662,Routine service,153.76,84.96,238.72
1619,271,30,2014-12-29,12355,Oil and filter change,37.95,46.08,84.03
1620,271,,2016-09-11,21059,Routine service,60.86,63.84,124.70
1621,271,,2017-04-04,23928,Timing belt replacement,270.65,193.44,464.09
1622,271,,2018-08-16,30910,Routine service,145.52,72.96,218.48
1623,271,,2019-03-11,33807,Tyre replacement,614.86,45.60,660.46
1624,271,21,2020-01-03,37977,Routine service,109.00,76.80,185.80
1625,271,,2020-08-13,41097,Timing belt replacement,334.44,229.92,564.36
1626,271,27,2021-04-16,44539,Battery replacement,121.34,23.52,144.86
1627,271,,2021-12-26,48093,Clutch repair,521.66,325.92,847.58
1628,271,19,2023-06-17,55622,Oil and filter change,89.95,45.12,135.07
1629,271,8,2024-07-12,61093,Oil and filter change,53.15,37.92,91.07
1630,271,,2025-01-05,63570,Routine service,105.64,63.84,169.48
1631,272,5,2024-10-09,18602,Battery replacement,181.64,27.36,209.00
1632,272,17,2025-06-11,28361,Brake replacement,200.17,99.84,300.01
1633,273,11,2013-10-17,686,Oil and filter change,35.27,36.00,71.27
1634,273,16,2014-11-06,16225,Oil and filter change,50.01,42.72,92.73
1635,273,15,2015-05-20,24095,Oil and filter change,75.87,42.72,118.59
1636,273,15,2015-10-28,30593,Air conditioning service,104.42,69.60,174.02
1637,273,,2021-04-19,111315,Brake replacement,93.06,107.52,200.58
1638,273,1,2021-06-27,114100,Routine service,133.73,84.48,218.21
1639,273,,2021-07-30,115432,Bodywork repair,309.35,246.72,556.07
1640,273,17,2021-10-15,118540,Routine service,126.75,62.40,189.15
1641,273,29,2021-12-16,121042,Suspension repair,176.03,176.64,352.67
1642,273,,2023-04-26,141061,Tyre replacement,369.42,57.12,426.54
1643,273,16,2025-04-05,169717,Air conditioning service,83.78,59.04,142.82
1644,273,,2025-06-24,172946,Tyre replacement,576.20,58.56,634.76
1645,274,8,2018-05-28,6528,Oil and filter change,73.33,44.16,117.49
1646,274,3,2019-03-09,17472,Routine service,89.97,72.48,162.45
1647,274,10,2019-05-22,20313,Routine service,179.52,65.28,244.80
1648,274,22,2019-09-12,24652,Routine service,67.24,84.00,151.24
1649,274,6,2019-10-01,25520,Routine service,72.65,88.80,161.45
1650,274,23,2020-11-17,41241,Air conditioning service,113.59,71.52,185.11
1651,274,28,2022-03-30,60364,Brake replacement,288.80,96.96,385.76
1652,274,,2025-05-01,103680,Brake replacement,178.38,109.44,287.82
1653,275,19,2018-12-31,1621,Tyre replacement,274.92,45.12,320.04
1654,275,11,2019-03-12,3793,Routine service,118.70,68.64,187.34
1655,275,19,2021-07-04,29644,Air conditioning service,106.93,66.72,173.65
1656,275,,2022-02-10,36405,Oil and filter change,54.94,33.60,88.54
1657,275,,2022-03-23,37660,Routine service,165.88,76.32,242.20
1658,275,,2022-08-01,41667,Tyre replacement,344.44,59.52,403.96
1659,275,8,2022-11-28,45308,Oil and filter change,76.48,46.56,123.04
1660,276,24,2021-01-31,3506,Oil and filter change,74.06,36.00,110.06
1661,276,25,2021-09-15,9233,Oil and filter change,61.79,36.48,98.27
1662,276,10,2022-09-13,18392,Routine service,78.23,78.24,156.47
1663,276,1,2023-12-16,29972,Routine service,167.82,72.48,240.30
1664,276,,2024-07-29,35674,Routine service,93.40,61.92,155.32
1665,276,,2024-11-15,38423,Oil and filter change,35.32,35.04,70.36
1666,277,4,2014-06-12,20135,Oil and filter change,45.17,39.36,84.53
1667,277,,2017-09-24,68078,Clutch repair,514.56,267.36,781.92
1668,277,,2017-11-13,70076,Oil and filter change,57.45,38.40,95.85
1669,277,,2018-09-12,82181,Routine service,61.59,81.12,142.71
1670,277,,2020-05-21,106832,Tyre replacement,469.57,56.64,526.21
1671,277,28,2020-06-07,107519,Oil and filter change,85.92,33.60,119.52
1672,277,,2020-07-01,108470,Bodywork repair,669.16,300.96,970.12
1673,277,19,2020-12-19,115302,Tyre replacement,219.19,41.76,260.95
1674,277,,2021-09-21,126328,Brake replacement,238.01,89.76,327.77
1675,277,,2022-06-18,137115,Oil and filter change,80.67,42.24,122.91
1676,277,,2024-07-12,167279,Brake replacement,127.48,89.76,217.24
1677,277,12,2024-08-20,168838,Routine service,132.69,63.84,196.53
1678,277,,2025-04-18,178466,Oil and filter change,85.70,42.24,127.94
1679,278,8,2021-04-23,3363,Timing belt replacement,230.44,199.20,429.64
1680,278,29,2021-11-23,15990,Air conditioning service,105.20,60.00,165.20
1681,278,7,2023-08-21,53517,Brake replacement,217.63,112.80,330.43
1682,278,13,2023-11-28,59359,Air conditioning service,76.47,64.80,141.27
1683,279,30,2019-06-06,7581,Routine service,132.50,87.84,220.34
1684,279,13,2019-06-23,7989,Routine service,103.71,83.52,187.23
1685,279,,2022-03-04,31621,Routine service,153.68,65.76,219.44
1686,279,,2023-09-23,45248,Clutch repair,621.01,262.56,883.57
1687,279,,2023-10-09,45805,Routine service,167.57,72.48,240.05
1688,279,7,2024-11-07,55108,Routine service,121.31,67.68,188.99
1689,281,25,2014-11-02,25211,Timing belt replacement,215.42,188.16,403.58
1690,281,22,2015-07-20,36854,Routine service,84.90,84.00,168.90
1691,281,1,2015-12-13,43392,Routine service,78.40,84.96,163.36
1692,281,,2016-10-04,56647,Oil and filter change,83.66,34.08,117.74
1693,281,,2018-03-14,80201,Routine service,155.59,86.40,241.99
1694,281,,2019-01-11,93769,Suspension repair,270.43,144.96,415.39
1695,281,24,2020-09-13,121130,Routine service,169.72,82.56,252.28
1696,281,,2022-07-17,151223,Brake replacement,176.82,86.88,263.70
1697,281,,2023-01-30,160044,Tyre replacement,169.42,44.64,214.06
1698,281,,2023-03-18,162149,Oil and filter change,41.86,42.72,84.58
1699,281,,2024-04-13,179703,Tyre replacement,321.34,49.44,370.78
1700,281,,2024-06-06,182121,Oil and filter change,42.36,34.08,76.44
1701,281,16,2025-03-01,194122,Oil and filter change,82.82,36.96,119.78
1702,282,19,2013-02-19,9861,Oil and filter change,87.66,43.20,130.86
1703,282,27,2013-08-28,16852,Routine service,135.93,66.24,202.17
1704,282,13,2014-02-09,22923,Battery replacement,196.81,28.32,225.13
1705,282,7,2014-08-11,29657,Tyre replacement,478.06,57.60,535.66
1706,282,25,2015-04-05,38378,Tyre replacement,276.09,48.48,324.57
1707,282,,2015-11-27,47061,Brake replacement,139.94,81.60,221.54
1708,282,,2016-07-14,55525,Clutch repair,411.59,275.04,686.63
1709,282,,2020-06-04,107811,Tyre replacement,589.21,45.60,634.81
1710,282,,2020-08-25,110829,Routine service,91.12,85.92,177.04
1711,282,30,2021-05-31,121095,Routine service,84.48,73.44,157.92
1712,282,,2021-09-29,125547,Oil and filter change,48.59,34.08,82.67
1713,282,27,2022-07-18,136292,Oil and filter change,48.24,39.36,87.60
1714,282,2,2023-03-31,145711,Oil and filter change,88.93,47.52,136.45
1715,282,,2024-08-30,164772,Battery replacement,157.14,21.12,178.26
1716,283,26,2018-01-02,4647,Routine service,127.56,88.32,215.88
1717,283,28,2018-06-08,8427,Air conditioning service,56.67,70.56,127.23
1718,283,27,2018-10-13,11485,Routine service,74.93,71.52,146.45
1719,283,22,2019-02-20,14616,Battery replacement,188.39,24.48,212.87
1720,283,4,2019-10-07,20130,Oil and filter change,46.62,46.08,92.70
1721,283,4,2020-03-19,24079,Battery replacement,188.48,21.12,209.60
1722,283,13,2022-04-30,42668,Bodywork repair,225.97,358.08,584.05
1723,283,,2022-06-26,44041,Timing belt replacement,344.10,266.88,610.98
1724,283,,2022-11-17,47508,Routine service,116.45,87.84,204.29
1725,283,28,2023-10-09,55358,Oil and filter change,77.72,41.76,119.48
1726,284,26,2017-03-04,2211,Oil and filter change,40.04,34.56,74.60
1727,284,26,2017-04-25,3927,Oil and filter change,61.12,33.12,94.24
1728,284,16,2017-06-01,5148,Routine service,169.51,75.36,244.87
1729,284,25,2019-02-03,25347,Battery replacement,145.22,22.56,167.78
1730,284,,2020-07-10,42608,Oil and filter change,88.70,44.64,133.34
1731,284,,2022-06-23,66141,Routine service,75.33,80.16,155.49
1732,284,,2023-06-24,78220,Routine service,94.01,82.56,176.57
1733,284,18,2024-05-09,88782,Routine service,144.64,88.32,232.96
1734,284,,2024-05-14,89037,Brake replacement,281.46,118.08,399.54
1735,284,10,2025-01-04,96703,Air conditioning service,102.45,49.44,151.89
1736,284,,2025-05-08,100795,Tyre replacement,415.88,49.92,465.80
1737,286,20,2018-08-28,9856,Brake replacement,93.67,109.44,203.11
1738,286,26,2018-12-30,15288,Tyre replacement,390.76,51.84,442.60
1739,286,10,2020-04-22,36270,Brake replacement,108.25,94.08,202.33
1740,286,22,2020-06-13,38548,Routine service,105.43,69.60,175.03
1741,286,1,2020-10-03,43454,Air conditioning service,59.39,50.40,109.79
1742,286,20,2020-10-30,44637,Oil and filter change,78.05,34.08,112.13
1743,286,12,2021-01-03,47485,Oil and filter change,48.25,33.12,81.37
1744,286,28,2025-02-05,112930,Oil and filter change,81.39,39.84,121.23
1745,287,19,2023-07-28,5452,Oil and filter change,45.60,41.28,86.88
1746,288,2,2025-04-15,16559,Suspension repair,229.50,170.88,400.38
1747,289,12,2018-03-16,6328,Oil and filter change,57.17,46.08,103.25
1748,289,1,2018-06-02,9513,Routine service,76.96,70.08,147.04
1749,289,18,2018-07-14,11228,Routine service,67.46,61.44,128.90
1750,289,22,2020-07-24,41484,Battery replacement,166.96,21.60,188.56
1751,289,21,2020-08-03,41892,Tyre replacement,616.57,57.60,674.17
1752,289,21,2021-06-04,54345,Routine service,101.45,62.40,163.85
1753,289,14,2022-09-05,73046,Routine service,131.88,69.60,201.48
1754,290,17,2019-02-07,6307,Air conditioning service,77.20,49.92,127.12
1755,290,3,2020-08-04,29029,Routine service,130.62,76.32,206.94
1756,290,1,2020-08-22,29781,Routine service,134.97,87.84,222.81
1757,290,12,2020-11-27,33833,Routine service,161.66,80.16,241.82
1758,290,27,2022-03-26,54049,Routine service,90.82,69.60,160.42
1759,290,,2022-04-06,54509,Tyre replacement,315.69,59.04,374.73
1760,290,12,2022-09-12,61150,Clutch repair,330.08,273.60,603.68
1761,290,5,2023-11-13,78986,Routine service,120.62,67.68,188.30
1762,292,21,2018-05-25,8978,Routine service,179.67,84.96,264.63
1763,292,18,2019-06-15,26480,Brake replacement,182.67,100.80,283.47
1764,292,26,2019-08-05,28793,Timing belt replacement,222.50,251.52,474.02
1765,292,15,2020-07-02,43847,Tyre replacement,568.93,53.76,622.69
1766,292,11,2020-09-24,47656,Oil and filter change,59.26,47.04,106.30
1767,292,,2023-05-26,91821,Brake replacement,148.56,97.44,246.00
1768,292,2,2025-04-09,122836,Routine service,103.68,78.72,182.40
1769,293,11,2019-09-17,7490,Oil and filter change,85.39,37.92,123.31
1770,293,23,2020-12-23,32806,Oil and filter change,87.13,48.00,135.13
1771,293,12,2021-02-28,36469,Routine service,61.99,82.56,144.55
1772,293,7,2023-01-15,73977,Timing belt replacement,438.80,248.16,686.96
1773,293,5,2023-03-04,76602,Brake replacement,196.51,83.52,280.03
1774,293,,2024-04-21,99238,Brake replacement,293.73,100.80,394.53
1775,294,2,2017-04-13,3961,Routine service,64.96,68.64,133.60
1776,294,7,2017-04-27,4571,Battery replacement,163.19,24.96,188.15
1777,294,,2020-04-12,51633,Tyre replacement,577.65,43.20,620.85
1778,294,7,2020-06-26,54898,Brake replacement,281.66,84.00,365.66
1779,294,7,2020-07-29,56335,Routine service,119.39,73.92,193.31
1780,294,,2021-07-06,71224,Oil and filter change,86.46,36.96,123.42
1781,294,11,2022-03-23,82543,Clutch repair,669.93,265.44,935.37
1782,294,20,2023-06-09,101830,Routine service,155.17,67.68,222.85
1783,294,16,2025-06-22,134220,Routine service,154.75,63.36,218.11
1784,295,2,2020-10-29,14416,Routine service,119.29,75.36,194.65
1785,295,26,2021-08-05,25385,Battery replacement,101.26,24.48,125.74
1786,295,18,2022-05-15,36472,Tyre replacement,227.62,43.68,271.30
1787,295,9,2022-09-14,41251,Battery replacement,118.18,28.32,146.50
1788,295,,2024-08-24,69065,Suspension repair,281.14,146.40,427.54
1789,295,,2024-09-04,69496,Air conditioning service,107.45,62.40,169.85
1790,296,8,2020-06-25,293,Oil and filter change,52.27,39.84,92.11
1791,296,23,2023-06-13,29200,Routine service,117.61,73.92,191.53
1792,296,,2024-02-22,35979,Brake replacement,186.13,119.52,305.65
1793,296,4,2024-12-25,44173,Routine service,98.14,82.56,180.70
1794,297,18,2012-06-03,884,Brake replacement,238.05,93.60,331.65
1795,297,29,2015-01-05,19557,Routine service,164.62,61.92,226.54
1796,297,12,2015-03-27,21159,Routine service,89.68,67.68,157.36
1797,297,21,2015-04-09,21416,Air conditioning service,111.26,64.32,175.58
1798,297,,2016-06-02,29721,Routine service,71.10,67.20,138.30
1799,297,,2017-04-17,36029,Oil and filter change,87.84,46.08,133.92
1800,297,,2017-05-05,36385,Tyre replacement,552.41,43.68,596.09
1801,297,29,2017-11-22,40360,Oil and filter change,78.28,47.04,125.32
1802,297,,2017-12-29,41092,Air conditioning service,60.92,68.64,129.56
1803,297,,2018-06-24,44592,Timing belt replacement,239.76,252.48,492.24
1804,297,5,2018-10-07,46668,Routine service,156.71,70.56,227.27
1805,297,,2021-06-24,66265,Clutch repair,342.38,289.44,631.82
1806,297,,2023-12-10,84042,Oil and filter change,38.76,36.00,74.76
1807,297,,2024-07-11,88274,Routine service,92.27,63.84,156.11
1808,297,,2025-05-10,94266,Routine service,119.69,66.24,185.93
1809,298,10,2022-01-06,1159,Oil and filter change,43.79,43.68,87.47
1810,298,22,2023-08-08,23538,Routine service,79.16,68.64,147.80
1811,298,15,2024-07-14,36719,Brake replacement,155.47,88.80,244.27
1812,298,29,2024-10-05,39927,Timing belt replacement,411.05,183.84,594.89
1813,300,20,2016-08-15,20714,Routine service,168.06,61.92,229.98
1814,300,11,2017-02-14,26583,Routine service,95.90,88.32,184.22
1815,300,11,2017-02-16,26802,Oil and filter change,84.04,39.84,123.88
1816,300,,2018-11-20,47233,Oil and filter change,59.91,36.48,96.39
1817,300,,2019-11-17,58841,Routine service,131.97,66.72,198.69
1818,300,25,2021-06-15,77312,Routine service,127.51,72.00,199.51
1819,300,29,2021-12-12,83083,Routine service,165.97,76.32,242.29
1820,300,,2022-03-25,86386,Oil and filter change,56.65,45.12,101.77
1821,300,,2023-07-23,101939,Routine service,174.00,67.20,241.20
1822,300,,2024-02-22,108801,Battery replacement,196.87,24.00,220.87
1823,300,,2025-06-18,124257,Brake replacement,147.70,102.24,249.94
1824,301,20,2025-05-17,17069,Routine service,64.83,80.16,144.99
1825,302,20,2017-07-15,14046,Oil and filter change,53.13,45.60,98.73
1826,302,23,2017-12-30,19585,Oil and filter change,84.90,39.36,124.26
1827,302,11,2018-01-13,20047,Suspension repair,264.08,154.56,418.64
1828,302,3,2018-03-30,22553,Brake replacement,309.11,114.24,423.35
1829,302,16,2018-05-09,23872,Routine service,131.40,73.92,205.32
1830,302,,2019-05-17,36170,Routine service,100.71,74.40,175.11
1831,302,,2022-08-18,75374,Oil and filter change,42.72,37.92,80.64
1832,302,,2023-11-28,90773,Routine service,99.64,82.56,182.20
1833,302,,2024-03-24,94630,Oil and filter change,58.49,39.84,98.33
1834,303,12,2016-11-03,13364,Clutch repair,669.97,300.48,970.45
1835,303,,2019-05-19,34799,Brake replacement,226.53,106.56,333.09
1836,303,,2019-09-03,37273,Routine service,157.32,70.08,227.40
1837,303,22,2020-07-24,44788,Clutch repair,666.59,323.52,990.11
1838,303,2,2022-03-06,58430,Brake replacement,308.37,84.48,392.85
1839,303,,2022-12-18,65066,Routine service,150.40,61.92,212.32
1840,303,9,2024-07-19,78454,Oil and filter change,38.58,44.16,82.74
1841,303,,2024-07-22,79145,Battery replacement,119.96,27.84,147.80
1842,303,,2024-09-04,79600,Routine service,135.36,88.32,223.68
1843,303,,2024-11-01,80882,Routine service,178.99,70.56,249.55
1844,304,15,2023-03-08,23863,Suspension repair,140.22,146.88,287.10
1845,304,,2024-10-08,43552,Tyre replacement,454.08,58.08,512.16
1846,304,,2024-10-25,44129,Routine service,97.27,61.44,158.71
1847,304,,2025-04-08,49730,Clutch repair,675.37,328.32,1003.69
1848,305,5,2018-02-15,36743,Brake replacement,255.83,116.16,371.99
1849,305,,2019-02-20,53202,Oil and filter change,44.57,45.12,89.69
1850,305,23,2019-03-17,54314,Oil and filter change,52.40,35.52,87.92
1851,305,,2019-10-16,63789,Tyre replacement,564.33,54.24,618.57
1852,305,22,2021-04-27,88655,Brake replacement,170.48,106.56,277.04
1853,305,12,2021-07-23,92525,Oil and filter change,36.96,45.12,82.08
1854,305,14,2021-11-07,97285,Tyre replacement,531.57,59.04,590.61
1855,305,,2021-11-26,98130,Oil and filter change,82.50,35.52,118.02
1856,305,,2022-01-22,100666,Tyre replacement,391.36,54.72,446.08
1857,305,3,2022-03-15,102979,Tyre replacement,418.55,59.04,477.59
1858,305,,2022-04-06,103957,Oil and filter change,44.28,45.60,89.88
1859,306,16,2021-01-29,18915,Oil and filter change,79.98,33.60,113.58
1860,306,13,2021-09-15,34276,Timing belt replacement,548.52,246.24,794.76
1861,306,26,2022-01-23,42996,Battery replacement,114.47,27.84,142.31
1862,306,23,2023-09-05,82572,Brake replacement,102.95,110.88,213.83
1863,306,,2025-03-08,119465,Air conditioning service,113.50,68.16,181.66
1864,308,22,2020-09-14,1224,Routine service,73.86,66.72,140.58
1865,308,23,2020-10-20,2521,Brake replacement,309.02,108.00,417.02
1866,308,25,2021-01-08,5403,Oil and filter change,64.89,46.08,110.97
1867,308,7,2022-03-27,21362,Bodywork repair,383.87,246.72,630.59
1868,308,,2024-12-24,57496,Brake replacement,91.89,117.12,209.01
1869,309,16,2025-06-15,23821,Tyre replacement,478.67,56.64,535.31
1870,309,24,2025-06-16,23922,Oil and filter change,47.17,35.52,82.69
1871,310,27,2025-04-10,2160,Air conditioning service,125.84,49.92,175.76
1872,311,28,2024-09-09,2935,Tyre replacement,303.71,41.28,344.99
1873,312,11,2021-01-10,15178,Suspension repair,447.27,166.08,613.35
1874,312,4,2021-06-25,21079,Routine service,93.87,79.20,173.07
1875,312,21,2021-10-16,25096,Bodywork repair,493.93,357.12,851.05
1876,312,11,2022-03-25,30784,Brake replacement,150.41,118.56,268.97
1877,312,,2023-05-01,45074,Routine service,147.50,81.12,228.62
1878,312,2,2023-06-25,47029,Battery replacement,122.05,21.60,143.65
1879,313,12,2017-03-27,3828,Battery replacement,193.50,27.36,220.86
1880,313,,2021-09-09,38624,Routine service,170.47,77.76,248.23
1881,313,22,2021-12-28,40976,Oil and filter change,43.59,42.72,86.31
1882,313,,2022-04-30,43607,Oil and filter change,82.12,40.32,122.44
1883,313,,2022-12-12,48440,Routine service,168.02,82.56,250.58
1884,313,1,2023-03-23,50601,Oil and filter change,74.91,45.12,120.03
1885,313,,2023-08-13,53659,Battery replacement,92.96,28.32,121.28
1886,313,10,2024-11-03,63240,Tyre replacement,172.89,59.04,231.93
1887,313,,2025-02-21,65593,Suspension repair,179.95,147.36,327.31
1888,313,5,2025-05-10,67261,Routine service,140.65,72.00,212.65
1889,314,9,2018-02-03,1527,Tyre replacement,405.04,51.84,456.88
1890,314,25,2018-09-07,7750,Routine service,74.71,62.40,137.11
1891,314,4,2019-06-06,15587,Routine service,162.44,71.04,233.48
1892,314,,2021-03-24,34517,Suspension repair,142.25,153.12,295.37
1893,314,,2022-08-25,49471,Routine service,151.98,80.64,232.62
1894,314,,2022-10-03,50594,Oil and filter change,39.66,39.36,79.02
1895,314,,2022-11-19,51948,Brake replacement,217.18,102.24,319.42
1896,314,,2024-10-16,72031,Routine service,172.09,85.92,258.01
1897,315,5,2024-07-14,5043,Routine service,155.56,77.76,233.32
1898,317,27,2023-05-20,22849,Routine service,82.67,83.52,166.19
1899,317,6,2023-05-22,23207,Oil and filter change,60.59,46.56,107.15
1900,318,26,2022-07-17,2316,Oil and filter change,50.27,36.00,86.27
1901,318,19,2023-09-26,14785,Tyre replacement,251.37,43.20,294.57
1902,318,16,2023-11-13,16158,Tyre replacement,429.99,55.68,485.67
1903,319,1,2023-01-29,885,Brake replacement,173.99,85.44,259.43
1904,319,9,2023-06-08,5891,Timing belt replacement,508.57,256.32,764.89
1905,319,12,2024-12-14,27260,Oil and filter change,81.18,43.20,124.38
1906,319,10,2024-12-23,27606,Oil and filter change,58.52,43.68,102.20
1907,320,18,2022-04-10,41373,Bodywork repair,776.41,275.04,1051.45
1908,320,,2022-11-19,50711,Oil and filter change,60.94,42.24,103.18
1909,320,21,2023-05-08,57830,Routine service,93.33,74.88,168.21
1910,320,5,2023-07-02,60133,Routine service,124.78,81.60,206.38
1911,320,13,2025-03-03,85677,Tyre replacement,370.98,48.00,418.98
1912,321,21,2016-12-24,596,Routine service,67.87,87.36,155.23
1913,321,25,2017-11-19,12217,Oil and filter change,62.27,45.12,107.39
1914,321,23,2019-02-21,28661,Routine service,138.06,73.92,211.98
1915,321,25,2019-08-27,35361,Battery replacement,143.60,22.08,165.68
1916,321,29,2020-08-03,47614,Brake replacement,285.27,92.16,377.43
1917,321,,2021-10-06,62984,Oil and filter change,88.66,36.48,125.14
1918,321,,2023-01-13,79608,Tyre replacement,484.33,51.84,536.17
1919,321,,2024-01-04,92362,Clutch repair,292.41,268.80,561.21
1920,321,28,2024-01-26,93150,Oil and filter change,69.34,43.20,112.54
1921,322,1,2011-12-29,4527,Oil and filter change,52.20,33.60,85.80
1922,322,1,2012-03-05,6934,Oil and filter change,85.56,33.60,119.16
1923,322,18,2012-08-07,12504,Battery replacement,204.63,27.36,231.99
1924,322,1,2013-03-18,20517,Oil and filter change,74.77,34.08,108.85
1925,322,,2015-06-25,50305,Routine service,71.80,76.32,148.12
1926,322,,2017-03-22,73158,Routine service,73.61,72.96,146.57
1927,322,,2018-06-24,89651,Oil and filter change,85.22,44.64,129.86
1928,322,8,2019-11-08,107689,Oil and filter change,38.33,36.48,74.81
1929,322,,2020-02-13,111175,Routine service,93.12,85.92,179.04
1930,322,7,2021-10-25,133453,Routine service,147.47,74.88,222.35
1931,322,,2022-08-20,144197,Routine service,78.34,83.52,161.86
1932,322,1,2023-03-20,151815,Routine service,71.87,83.04,154.91
1933,322,,2024-09-06,171075,Oil and filter change,79.66,36.48,116.14
1934,322,29,2025-06-08,180956,Oil and filter change,87.03,44.16,131.19
1935,323,24,2018-08-07,24245,Oil and filter change,51.96,44.64,96.60
1936,323,16,2019-02-09,30897,Routine service,129.59,87.84,217.43
1937,323,11,2019-06-19,35546,Bodywork repair,467.69,292.80,760.49
1938,323,,2019-10-04,39372,Brake replacement,162.63,98.88,261.51
1939,323,,2020-06-06,48169,Routine service,90.61,81.12,171.73
1940,323,,2020-11-30,54499,Routine service,154.30,83.52,237.82
1941,323,,2021-04-21,59577,Oil and filter change,85.37,36.00,121.37
1942,323,24,2021-09-29,65334,Brake replacement,119.79,85.92,205.71
1943,323,,2024-08-09,102704,Brake replacement,242.72,112.80,355.52
1944,323,1,2024-08-20,103358,Routine service,135.96,63.84,199.80
1945,324,,2023-11-08,34897,Routine service,112.37,73.44,185.81
1946,324,1,2024-02-17,37485,Air conditioning service,84.56,49.44,134.00
1947,324,,2024-11-03,44147,Oil and filter change,70.91,37.92,108.83
1948,324,,2024-11-19,44595,Air conditioning service,81.19,64.80,145.99
1949,324,,2025-01-29,46376,Routine service,153.04,65.76,218.80
1950,325,20,2025-04-19,5236,Routine service,136.02,84.48,220.50
1951,326,14,2018-11-20,3595,Routine service,74.74,63.36,138.10
1952,326,17,2019-01-05,5475,Air conditioning service,69.50,62.88,132.38
1953,326,18,2021-01-09,35509,Brake replacement,149.67,93.60,243.27
1954,326,15,2021-05-05,40249,Routine service,114.14,82.56,196.70
1955,326,1,2021-05-31,41311,Routine service,147.47,84.00,231.47
1956,326,,2022-04-10,54142,Oil and filter change,62.83,43.20,106.03
1957,326,7,2025-02-10,96517,Routine service,80.29,67.68,147.97
1958,328,17,2024-09-02,11911,Oil and filter change,76.70,36.00,112.70
1959,328,17,2025-02-26,15205,Routine service,163.54,67.68,231.22
1960,328,13,2025-05-15,16656,Air conditioning service,117.94,60.48,178.42
1961,330,5,2016-01-06,2355,Routine service,72.20,75.36,147.56
1962,330,1,2017-06-20,10028,Battery replacement,194.88,23.52,218.40
1963,330,19,2018-06-04,15071,Routine service,70.09,66.72,136.81
1964,330,,2018-09-19,16617,Tyre replacement,307.11,49.92,357.03
1965,330,,2019-05-15,20057,Oil and filter change,44.57,36.00,80.57
1966,330,9,2020-07-15,26227,Clutch repair,662.31,301.44,963.75
1967,330,,2021-04-04,30027,Routine service,81.05,80.16,161.21
1968,330,12,2021-09-08,32296,Oil and filter change,74.34,38.40,112.74
1969,330,,2024-12-08,49449,Brake replacement,230.62,105.12,335.74
1970,332,12,2023-01-10,13328,Routine service,97.62,75.84,173.46
1971,332,12,2024-03-10,30757,Brake replacement,204.72,114.24,318.96
1972,332,6,2024-05-25,33874,Routine service,133.47,84.00,217.47
1973,333,13,2014-01-13,476,Oil and filter change,70.85,38.88,109.73
1974,333,10,2014-03-05,1260,Timing belt replacement,271.57,241.44,513.01
1975,333,28,2016-05-08,17990,Clutch repair,371.51,318.72,690.23
1976,333,26,2017-04-13,25203,Routine service,157.32,82.08,239.40
1977,333,22,2017-11-02,29510,Routine service,165.70,62.40,228.10
1978,333,,2018-07-01,34623,Routine service,130.30,77.76,208.06
1979,333,,2018-08-06,35386,Oil and filter change,86.72,39.36,126.08
1980,333,,2018-11-20,37635,Routine service,94.05,66.24,160.29
1981,333,,2018-12-15,38332,Tyre replacement,382.09,41.28,423.37
1982,333,,2024-04-19,79577,Routine service,66.61,87.84,154.45
1983,333,,2025-02-01,85687,Battery replacement,98.34,24.48,122.82
1984,335,19,2023-04-08,26656,Routine service,152.84,77.28,230.12
1985,335,2,2023-12-13,36416,Routine service,83.65,67.20,150.85
1986,335,,2024-12-22,51116,Brake replacement,218.45,114.24,332.69
1987,336,28,2023-03-17,4693,Oil and filter change,59.28,47.52,106.80
1988,336,29,2023-08-06,10111,Oil and filter change,46.65,37.44,84.09
1989,336,9,2024-04-29,20299,Oil and filter change,55.77,43.20,98.97
1990,337,20,2012-02-28,14215,Brake replacement,171.10,108.96,280.06
1991,337,11,2013-02-09,24042,Battery replacement,183.02,24.00,207.02
1992,337,,2015-02-08,44686,Brake replacement,252.02,84.48,336.50
1993,337,20,2015-03-18,45762,Tyre replacement,574.45,47.52,621.97
1994,337,23,2016-07-31,59950,Clutch repair,487.69,225.60,713.29
1995,337,,2016-08-07,60148,Routine service,60.88,61.92,122.80
1996,337,,2017-12-25,74449,Tyre replacement,208.42,47.52,255.94
1997,337,,2018-03-13,76658,Routine service,177.95,62.40,240.35
1998,337,,2018-05-27,78782,Routine service,174.18,85.92,260.10
1999,337,5,2019-05-25,89062,Oil and filter change,75.83,43.20,119.03
2000,337,,2020-01-08,95518,Routine service,91.69,72.48,164.17
2001,337,,2020-06-01,99624,Brake replacement,280.46,84.00,364.46
2002,337,,2022-12-02,125508,Air conditioning service,53.44,52.32,105.76
2003,337,,2023-10-13,134428,Routine service,91.11,65.76,156.87
2004,337,,2024-01-07,136863,Air conditioning service,97.25,54.72,151.97
2005,337,30,2024-08-30,143547,Routine service,68.04,79.20,147.24
2006,338,9,2019-04-05,17876,Oil and filter change,84.77,38.40,123.17
2007,338,15,2020-03-17,35804,Routine service,106.11,81.60,187.71
2008,338,,2022-06-18,78326,Brake replacement,127.51,89.28,216.79
2009,338,19,2023-04-24,94343,Tyre replacement,333.27,57.12,390.39
2010,338,,2023-08-20,100439,Bodywork repair,479.34,269.28,748.62
2011,338,,2024-08-16,119143,Air conditioning service,70.07,49.44,119.51
2012,338,,2025-06-29,135521,Battery replacement,154.46,26.88,181.34
2013,339,2,2022-11-12,40547,Routine service,126.63,81.12,207.75
2014,339,8,2022-11-25,41284,Timing belt replacement,389.68,225.12,614.80
2015,339,24,2023-04-06,48770,Routine service,157.18,82.56,239.74
2016,339,22,2023-05-29,51776,Routine service,118.86,62.88,181.74
2017,339,15,2024-06-22,73893,Suspension repair,351.08,155.04,506.12
2018,340,6,2020-11-29,9228,Oil and filter change,85.96,33.60,119.56
2019,340,,2022-12-05,26556,Oil and filter change,53.86,38.40,92.26
2020,340,,2023-07-22,31947,Tyre replacement,384.82,47.52,432.34
2021,340,,2024-01-24,36326,Routine service,85.62,84.96,170.58
2022,340,20,2025-01-12,44660,Oil and filter change,42.65,40.32,82.97
2023,340,,2025-02-26,45719,Tyre replacement,511.81,53.76,565.57
2024,341,16,2024-04-25,5717,Oil and filter change,48.12,47.04,95.16
2025,341,15,2024-12-03,13141,Routine service,129.84,85.92,215.76
2026,341,10,2025-06-23,19895,Air conditioning service,98.66,65.76,164.42
2027,342,25,2023-08-11,9624,Bodywork repair,269.53,286.08,555.61
2028,342,26,2025-04-08,35317,Routine service,158.73,85.92,244.65
2029,343,13,2015-10-10,10261,Tyre replacement,507.94,57.60,565.54
2030,343,15,2017-04-10,22674,Suspension repair,443.73,160.80,604.53
2031,343,18,2017-06-28,24464,Clutch repair,359.03,295.20,654.23
2032,343,,2017-08-01,25247,Oil and filter change,88.90,35.52,124.42
2033,343,9,2019-05-09,39867,Clutch repair,753.32,236.64,989.96
2034,343,,2020-10-15,51760,Tyre replacement,383.07,49.44,432.51
2035,343,,2023-11-14,77243,Clutch repair,368.84,234.24,603.08
2036,343,12,2024-07-07,82589,Brake replacement,255.44,116.16,371.60
2037,343,,2024-12-27,86508,Routine service,71.93,78.24,150.17
2038,343,30,2025-01-17,86984,Oil and filter change,80.57,48.00,128.57
2039,343,,2025-06-17,90404,Routine service,113.00,84.00,197.00
2040,345,22,2017-07-14,12225,Tyre replacement,276.70,56.16,332.86
2041,345,20,2018-03-16,17834,Tyre replacement,566.79,45.12,611.91
2042,345,29,2018-04-15,18584,Routine service,155.12,87.36,242.48
2043,345,13,2018-10-10,22596,Oil and filter change,36.29,45.12,81.41
2044,345,,2019-02-22,25687,Brake replacement,279.15,99.84,378.99
2045,345,,2019-10-28,31365,Oil and filter change,70.53,32.64,103.17
2046,345,,2020-11-09,40019,Routine service,86.29,89.76,176.05
2047,345,,2021-12-11,49108,Oil and filter change,51.51,34.08,85.59
2048,345,25,2022-04-21,52107,Routine service,81.75,78.24,159.99
2049,345,,2024-12-31,74658,Routine service,179.32,88.32,267.64
2050,346,28,2022-03-19,18925,Oil and filter change,65.61,36.00,101.61
2051,346,12,2022-04-02,19617,Oil and filter change,50.11,38.40,88.51
2052,346,6,2022-10-31,30093,Tyre replacement,202.98,42.72,245.70
2053,346,18,2024-01-05,51391,Oil and filter change,70.52,38.88,109.40
2054,346,,2025-01-23,70366,Routine service,71.86,75.36,147.22
2055,347,4,2017-04-12,3360,Routine service,107.74,87.36,195.10
2056,347,13,2017-06-11,4211,Brake replacement,208.32,95.04,303.36
2057,347,12,2017-06-19,4449,Brake replacement,275.86,102.24,378.10
2058,347,2,2019-08-18,15525,Brake replacement,129.73,84.00,213.73
2059,347,,2019-09-11,15865,Bodywork repair,332.57,262.08,594.65
2060,347,,2020-04-12,18899,Brake replacement,206.00,106.08,312.08
2061,347,14,2021-12-25,27718,Routine service,75.91,63.36,139.27
2062,347,30,2022-11-06,32199,Battery replacement,174.25,26.40,200.65
2063,347,16,2023-04-27,34638,Routine service,93.72,62.40,156.12
2064,347,30,2025-05-09,45172,Oil and filter change,47.48,45.60,93.08
2065,348,2,2012-06-04,2053,Routine service,142.13,72.48,214.61
2066,348,2,2012-08-29,7247,Air conditioning service,93.97,49.44,143.41
2067,348,1,2013-03-16,19265,Oil and filter change,42.55,40.80,83.35
2068,348,21,2014-03-24,41792,Routine service,107.36,69.60,176.96
2069,348,4,2015-01-01,58884,Air conditioning service,43.62,53.76,97.38
2070,348,2,2015-04-04,64500,Brake replacement,187.14,88.80,275.94
2071,348,,2017-02-26,106414,Clutch repair,582.33,305.76,888.09
2072,348,29,2017-06-02,112212,Tyre replacement,597.81,57.12,654.93
2073,348,3,2017-11-30,123143,Routine service,113.40,84.00,197.40
2074,348,,2018-02-06,127250,Routine service,60.07,66.72,126.79
2075,348,,2019-06-24,157628,Routine service,113.40,67.20,180.60
2076,348,,2021-04-23,198032,Brake replacement,190.13,89.28,279.41
2077,348,,2024-08-19,271350,Routine service,163.95,77.28,241.23
2078,348,,2025-02-12,282040,Air conditioning service,62.81,68.16,130.97
2079,349,21,2023-08-07,20291,Suspension repair,319.19,156.96,476.15
2080,349,25,2024-04-21,31772,Brake replacement,95.49,83.04,178.53
2081,349,18,2024-08-08,36623,Routine service,93.64,66.24,159.88
2082,350,21,2017-08-22,3537,Routine service,118.66,77.28,195.94
2083,350,29,2019-08-26,23979,Air conditioning service,128.08,50.40,178.48
2084,350,23,2020-02-12,28713,Tyre replacement,565.07,59.04,624.11
2085,350,,2020-04-23,30691,Oil and filter change,68.65,34.08,102.73
2086,350,29,2021-02-17,39046,Timing belt replacement,291.99,224.64,516.63
2087,350,,2021-06-27,42666,Routine service,165.77,69.60,235.37
2088,350,,2022-01-14,48264,Air conditioning service,120.09,68.16,188.25
2089,350,18,2023-07-02,63137,Brake replacement,191.78,110.88,302.66
2090,350,,2023-08-12,64278,Routine service,173.53,67.68,241.21
2091,350,,2025-02-13,79624,Routine service,84.87,79.20,164.07
2092,351,15,2023-10-16,3973,Tyre replacement,395.81,54.24,450.05
2093,351,4,2023-12-02,5202,Routine service,91.63,75.36,166.99
2094,352,21,2023-06-29,9647,Tyre replacement,473.81,58.56,532.37
2095,352,22,2025-03-13,37602,Battery replacement,165.63,28.32,193.95
2096,353,9,2022-02-24,1669,Routine service,171.57,69.60,241.17
2097,353,13,2023-04-25,7893,Routine service,89.63,78.72,168.35
2098,353,5,2023-05-10,8699,Routine service,132.26,80.64,212.90
2099,354,11,2016-01-11,980,Routine service,77.74,88.32,166.06
2100,354,13,2017-02-24,13157,Oil and filter change,74.34,37.92,112.26
2101,354,16,2018-01-21,22988,Suspension repair,430.81,148.32,579.13
2102,354,,2019-07-24,39294,Oil and filter change,40.47,37.44,77.91
2103,354,,2019-07-30,39516,Clutch repair,626.78,225.12,851.90
2104,354,24,2022-08-26,72826,Oil and filter change,73.45,33.60,107.05
2105,354,27,2023-04-03,79360,Oil and filter change,50.74,35.52,86.26
2106,354,,2024-08-20,94359,Routine service,179.67,62.40,242.07
2107,354,,2024-12-04,97508,Routine service,148.28,79.68,227.96
2108,356,11,2020-03-20,18055,Battery replacement,183.77,26.40,210.17
2109,356,20,2020-04-20,18721,Oil and filter change,55.10,45.12,100.22
2110,356,28,2020-07-12,20505,Routine service,153.15,69.60,222.75
2111,356,17,2020-10-09,22418,Routine service,124.90,75.84,200.74
2112,356,,2022-09-03,37335,Routine service,156.12,82.56,238.68
2113,356,,2023-01-05,40000,Routine service,164.27,85.44,249.71
2114,356,27,2023-07-17,44149,Air conditioning service,65.03,53.28,118.31
2115,356,,2023-08-09,45047,Oil and filter change,58.83,48.00,106.83
2116,357,5,2021-12-26,66871,Routine service,146.46,78.72,225.18
2117,357,,2022-05-21,74953,Timing belt replacement,463.45,233.28,696.73
2118,357,15,2022-11-19,85028,Tyre replacement,480.04,41.28,521.32
2119,357,15,2023-02-27,90564,Timing belt replacement,537.15,213.60,750.75
2120,357,,2023-07-02,97483,Battery replacement,163.64,29.28,192.92
2121,357,,2023-10-05,102742,Battery replacement,98.15,26.88,125.03
2122,357,,2024-08-23,120622,Oil and filter change,65.10,40.32,105.42
2123,358,11,2025-01-16,3081,Timing belt replacement,528.56,237.60,766.16
2124,359,24,2020-04-24,930,Brake replacement,213.16,108.48,321.64
2125,359,6,2020-06-13,2535,Routine service,61.67,76.32,137.99
2126,359,28,2021-05-25,13641,Routine service,118.28,83.04,201.32
2127,359,19,2021-09-24,17556,Routine service,121.47,63.84,185.31
2128,359,,2024-05-28,48915,Battery replacement,109.30,21.12,130.42
2129,360,10,2021-02-03,12446,Routine service,80.82,77.76,158.58
2130,360,20,2021-09-30,24298,Routine service,116.14,72.48,188.62
2131,360,28,2023-04-14,52118,Routine service,173.66,85.92,259.58
2132,360,,2023-10-13,61143,Oil and filter change,62.44,33.12,95.56
2133,360,21,2024-02-25,67838,Oil and filter change,63.46,37.44,100.90
2134,361,7,2020-02-27,1549,Suspension repair,195.67,124.80,320.47
2135,361,14,2021-01-31,5050,Tyre replacement,512.00,54.72,566.72
2136,361,8,2022-06-15,10214,Routine service,162.25,75.36,237.61
2137,361,23,2024-03-20,16866,Oil and filter change,80.83,46.08,126.91
2138,361,15,2025-03-18,20615,Tyre replacement,590.22,54.72,644.94
2139,361,,2025-05-17,21465,Tyre replacement,612.45,56.64,669.09
2140,362,9,2016-08-23,25589,Routine service,177.68,73.44,251.12
2141,362,3,2017-01-31,33731,Routine service,160.49,67.20,227.69
2142,362,4,2018-01-21,51683,Tyre replacement,221.95,48.48,270.43
2143,362,,2019-08-27,81166,Oil and filter change,37.48,39.36,76.84
2144,362,,2019-09-19,82330,Oil and filter change,52.90,39.84,92.74
2145,362,24,2019-09-25,82633,Routine service,147.54,87.84,235.38
2146,362,,2023-07-26,153433,Oil and filter change,84.95,35.04,119.99
2147,362,,2024-07-01,170678,Tyre replacement,602.91,56.16,659.07
2148,362,,2024-11-04,177050,Oil and filter change,85.48,39.36,124.84
2149,362,27,2024-12-07,178718,Routine service,77.33,86.88,164.21
2150,363,19,2017-04-25,21402,Routine service,158.42,80.16,238.58
2151,363,26,2018-01-25,35757,Routine service,89.15,62.40,151.55
2152,363,30,2019-10-20,68800,Oil and filter change,70.70,36.00,106.70
2153,363,,2020-01-21,73655,Clutch repair,593.64,325.92,919.56
2154,363,,2020-05-17,79762,Battery replacement,157.46,28.32,185.78
2155,363,16,2020-12-23,91246,Oil and filter change,64.93,38.88,103.81
2156,363,,2021-09-21,105445,Routine service,164.75,65.28,230.03
2157,363,24,2022-11-02,126691,Oil and filter change,61.56,43.20,104.76
2158,363,,2023-04-03,134625,Suspension repair,146.83,136.32,283.15
2159,363,,2023-07-11,139793,Oil and filter change,44.65,36.00,80.65
2160,364,25,2024-01-23,2012,Oil and filter change,86.04,33.60,119.64
2161,365,14,2023-08-07,27799,Air conditioning service,78.27,66.72,144.99
2162,365,,2025-05-10,47695,Brake replacement,117.32,102.72,220.04
2163,365,,2025-06-25,49121,Oil and filter change,88.35,44.16,132.51
2164,366,17,2021-03-23,280,Clutch repair,339.84,317.76,657.60
2165,366,29,2023-09-06,26797,Routine service,130.23,77.76,207.99
2166,366,30,2023-09-13,27166,Oil and filter change,53.39,35.04,88.43
2167,366,19,2023-10-18,28041,Oil and filter change,47.45,44.64,92.09
2168,366,5,2025-06-20,46133,Routine service,76.90,84.48,161.38
2169,367,3,2017-07-31,4513,Routine service,69.96,66.72,136.68
2170,367,16,2018-09-27,11235,Air conditioning service,93.67,65.28,158.95
2171,367,25,2018-11-13,11982,Oil and filter change,48.65,37.44,86.09
2172,367,20,2019-01-27,13174,Oil and filter change,75.86,37.44,113.30
2173,367,,2020-02-17,19308,Routine service,171.70,68.64,240.34
2174,367,,2020-03-18,19785,Routine service,74.10,88.32,162.42
2175,367,,2020-08-15,22168,Brake replacement,93.61,96.48,190.09
2176,367,,2023-08-07,39443,Brake replacement,112.91,96.48,209.39
2177,367,6,2024-03-20,43034,Clutch repair,502.61,278.40,781.01
2178,367,,2025-01-29,48040,Oil and filter change,40.11,37.44,77.55
2179,369,15,2020-02-25,19967,Routine service,109.08,71.04,180.12
2180,369,13,2022-01-19,52727,Air conditioning service,76.05,61.92,137.97
2181,369,,2022-04-07,56409,Tyre replacement,576.46,58.56,635.02
2182,369,,2023-11-09,83835,Clutch repair,582.89,264.00,846.89
2183,369,16,2024-01-26,87517,Timing belt replacement,437.96,205.92,643.88
2184,369,,2024-07-04,95070,Battery replacement,163.06,24.96,188.02
2185,370,4,2017-03-28,21022,Oil and filter change,41.62,35.52,77.14
2186,370,1,2018-03-29,33595,Tyre replacement,350.01,59.04,409.05
2187,370,,2018-09-23,39709,Oil and filter change,64.72,35.52,100.24
2188,370,18,2020-11-30,67156,Routine service,100.22,75.36,175.58
2189,370,,2020-12-06,67362,Brake replacement,195.52,92.16,287.68
2190,370,,2021-03-06,70454,Routine service,126.16,67.68,193.84
2191,370,,2022-03-26,83679,Routine service,81.17,70.08,151.25
2192,370,,2022-12-13,92679,Brake replacement,210.63,101.76,312.39
2193,370,30,2023-03-10,95667,Clutch repair,298.82,268.32,567.14
2194,370,12,2024-08-11,113530,Oil and filter change,47.10,41.76,88.86
2195,371,7,2017-04-16,16519,Routine service,176.54,86.88,263.42
2196,371,26,2018-01-22,29343,Routine service,79.83,65.28,145.11
2197,371,,2019-08-22,55674,Routine service,75.69,80.16,155.85
2198,371,,2019-11-26,60055,Oil and filter change,50.43,38.88,89.31
2199,371,,2020-04-27,67037,Tyre replacement,173.71,43.20,216.91
2200,371,21,2020-06-13,69182,Routine service,78.55,82.56,161.11
2201,371,,2022-04-24,100214,Battery replacement,88.48,25.44,113.92
2202,371,1,2023-03-12,114908,Brake replacement,99.86,113.76,213.62
2203,371,,2024-02-14,130379,Oil and filter change,43.25,46.08,89.33
2204,371,,2024-12-04,143795,Routine service,152.23,71.04,223.27
2205,373,5,2019-12-29,13343,Brake replacement,224.06,96.96,321.02
2206,373,29,2020-09-19,24257,Battery replacement,123.50,29.28,152.78
2207,373,17,2020-11-17,26686,Oil and filter change,84.54,46.56,131.10
2208,373,10,2021-12-01,42295,Tyre replacement,367.68,53.28,420.96
2209,373,25,2023-10-28,70958,Air conditioning service,68.16,53.76,121.92
2210,373,,2024-04-22,78248,Oil and filter change,38.27,38.40,76.67
2211,373,9,2024-08-09,82737,Battery replacement,121.31,24.96,146.27
2212,374,6,2020-02-06,3079,Oil and filter change,74.74,38.88,113.62
2213,374,3,2020-03-31,5719,Oil and filter change,73.72,39.36,113.08
2214,374,7,2020-11-04,16376,Brake replacement,147.89,98.88,246.77
2215,374,6,2022-03-15,40622,Oil and filter change,60.57,41.76,102.33
2216,374,18,2022-11-13,52501,Clutch repair,439.42,252.96,692.38
2217,374,24,2023-10-03,68339,Battery replacement,188.93,26.40,215.33
2218,375,29,2020-10-21,1890,Oil and filter change,35.99,38.88,74.87
2219,375,19,2021-04-23,5713,Oil and filter change,67.95,38.40,106.35
2220,375,2,2021-12-29,10908,Oil and filter change,77.09,44.16,121.25
2221,375,,2024-01-27,26677,Routine service,125.95,84.00,209.95
2222,375,,2025-04-09,35778,Routine service,64.33,69.12,133.45
2223,376,18,2022-01-22,10806,Routine service,135.27,68.16,203.43
2224,376,22,2022-05-19,16798,Routine service,137.74,73.92,211.66
2225,376,3,2023-07-14,38359,Routine service,122.21,73.92,196.13
2226,376,29,2025-04-02,70521,Tyre replacement,163.26,58.08,221.34
2227,378,2,2015-10-20,2876,Routine service,172.30,82.08,254.38
2228,378,2,2015-12-02,5210,Tyre replacement,296.12,45.12,341.24
2229,378,26,2016-01-29,8358,Oil and filter change,70.23,46.56,116.79
2230,378,24,2016-10-22,22849,Routine service,103.84,85.92,189.76
2231,378,,2019-01-16,67136,Timing belt replacement,222.05,267.36,489.41
2232,378,29,2019-05-08,73214,Oil and filter change,83.64,35.52,119.16
2233,378,4,2019-12-08,84829,Clutch repair,604.85,239.52,844.37
2234,378,,2020-01-03,86240,Oil and filter change,87.63,42.72,130.35
2235,378,10,2022-06-01,134001,Oil and filter change,46.69,33.60,80.29
2236,378,,2024-10-31,181924,Oil and filter change,48.66,37.44,86.10
2237,378,,2025-01-29,186809,Brake replacement,219.32,97.44,316.76
2238,379,14,2022-12-31,10240,Air conditioning service,104.84,70.56,175.40
2239,379,12,2024-04-21,27812,Battery replacement,176.55,21.12,197.67
2240,380,9,2023-04-16,2365,Brake replacement,97.67,115.68,213.35
2241,380,7,2023-06-15,3742,Routine service,111.40,77.76,189.16
2242,380,18,2025-06-26,20781,Oil and filter change,76.22,33.12,109.34
2243,382,3,2022-01-30,861,Timing belt replacement,556.71,192.96,749.67
2244,382,3,2022-06-18,5211,Routine service,143.65,77.28,220.93
2245,382,28,2022-10-31,10237,Tyre replacement,506.72,55.20,561.92
2246,384,23,2014-09-16,12143,Battery replacement,146.04,24.00,170.04
2247,384,14,2015-09-01,26850,Routine service,87.77,80.16,167.93
2248,384,,2017-11-09,60466,Timing belt replacement,540.92,189.12,730.04
2249,384,,2018-01-21,63534,Routine service,175.70,77.76,253.46
2250,384,,2022-08-19,133749,Oil and filter change,89.11,41.76,130.87
2251,384,,2022-12-04,138246,Brake replacement,308.97,98.88,407.85
2252,384,,2023-01-23,140347,Suspension repair,279.41,163.20,442.61
2253,384,26,2023-03-06,142111,Routine service,102.38,71.04,173.42
2254,384,7,2023-10-10,151272,Tyre replacement,506.14,44.64,550.78
2255,384,,2023-10-27,152031,Routine service,161.12,81.60,242.72
2256,384,,2024-02-11,156482,Bodywork repair,691.45,332.64,1024.09
2257,384,,2024-03-25,158289,Routine service,73.07,84.96,158.03
2258,385,6,2025-06-23,909,Routine service,107.47,74.88,182.35
2259,386,4,2023-10-06,675,Brake replacement,224.29,115.68,339.97
2260,386,28,2024-07-16,3992,Timing belt replacement,405.95,259.68,665.63
2261,386,15,2025-03-04,6721,Routine service,72.03,70.56,142.59
2262,388,24,2020-05-08,3285,Oil and filter change,74.41,46.56,120.97
2263,388,26,2021-08-13,5815,Brake replacement,244.23,109.44,353.67
2264,388,,2022-02-19,6855,Oil and filter change,69.79,46.56,116.35
2265,388,8,2022-08-02,7753,Oil and filter change,76.52,47.52,124.04
2266,388,16,2023-11-27,10392,Tyre replacement,214.95,56.16,271.11
2267,388,,2023-12-05,10487,Routine service,150.27,86.40,236.67
2268,388,16,2024-01-05,11012,Air conditioning service,95.45,51.36,146.81
2269,389,30,2025-06-16,589,Bodywork repair,745.38,302.40,1047.78
2270,391,16,2016-07-28,5336,Routine service,95.39,71.52,166.91
2271,391,6,2017-04-20,14098,Tyre replacement,516.44,45.60,562.04
2272,391,13,2019-01-05,34686,Brake replacement,187.43,91.20,278.63
2273,391,,2019-11-28,45458,Routine service,133.00,76.80,209.80
2274,391,,2022-07-04,76719,Brake replacement,138.83,105.12,243.95
2275,391,,2022-10-09,79914,Suspension repair,392.51,135.36,527.87
2276,391,,2024-04-06,97867,Oil and filter change,73.91,43.20,117.11
2277,391,,2024-09-02,102775,Routine service,128.43,80.64,209.07
2278,391,28,2024-11-19,105345,Routine service,110.73,89.28,200.01
2279,391,,2024-11-30,105769,Brake replacement,319.99,109.92,429.91
2280,392,28,2018-07-18,5551,Oil and filter change,80.96,38.40,119.36
2281,392,12,2019-01-17,11356,Oil and filter change,64.93,46.08,111.01
2282,392,30,2019-09-15,19000,Timing belt replacement,492.77,230.88,723.65
2283,392,,2021-04-23,37589,Timing belt replacement,509.12,188.16,697.28
2284,392,,2023-06-14,62395,Routine service,110.66,83.04,193.70
2285,392,26,2023-09-25,65662,Routine service,99.23,66.72,165.95
2286,392,,2024-01-28,69627,Routine service,119.07,83.04,202.11
2287,392,24,2024-02-20,70410,Oil and filter change,60.56,34.08,94.64
2288,392,,2024-10-22,78129,Routine service,128.00,61.92,189.92
2289,395,20,2021-04-04,8396,Routine service,72.44,68.64,141.08
2290,395,5,2021-05-21,9641,Clutch repair,749.70,324.00,1073.70
2291,395,26,2022-02-17,16845,Tyre replacement,506.77,48.00,554.77
2292,395,25,2022-07-04,20474,Brake replacement,209.61,115.68,325.29
2293,395,17,2023-03-12,27122,Routine service,131.76,72.48,204.24
2294,396,8,2023-03-16,10699,Clutch repair,762.48,288.00,1050.48
2295,396,11,2023-08-21,14793,Routine service,98.34,81.12,179.46
2296,396,29,2023-09-04,15155,Oil and filter change,40.25,39.84,80.09
2297,396,4,2023-09-17,15499,Timing belt replacement,428.93,190.56,619.49
2298,397,20,2022-09-17,16949,Oil and filter change,36.00,34.08,70.08
2299,397,5,2023-10-12,33684,Timing belt replacement,307.49,249.60,557.09
2300,397,,2025-01-26,53937,Tyre replacement,215.49,49.44,264.93
2301,397,,2025-02-20,55010,Brake replacement,244.20,110.88,355.08
2302,398,22,2021-12-01,7386,Tyre replacement,286.56,50.88,337.44
2303,398,30,2022-03-30,12242,Oil and filter change,36.20,48.00,84.20
2304,398,24,2022-04-19,13058,Air conditioning service,52.17,69.12,121.29
2305,398,12,2024-02-29,40847,Battery replacement,192.96,22.08,215.04
2306,399,11,2022-03-01,5712,Routine service,145.95,87.36,233.31
2307,399,12,2024-01-30,17794,Battery replacement,104.75,26.88,131.63
2308,399,,2024-08-25,21384,Tyre replacement,166.40,42.72,209.12
2309,399,,2025-01-09,23749,Clutch repair,427.12,295.20,722.32
2310,400,5,2013-06-06,4071,Air conditioning service,71.61,66.72,138.33
2311,400,25,2014-12-10,13434,Oil and filter change,58.66,47.52,106.18
2312,400,23,2015-06-24,16759,Oil and filter change,43.80,41.76,85.56
2313,400,,2018-04-10,34077,Suspension repair,236.47,153.12,389.59
2314,400,23,2018-07-15,35706,Oil and filter change,40.81,48.00,88.81
2315,400,,2018-07-20,36034,Clutch repair,574.47,329.76,904.23
2316,400,,2019-02-06,39200,Tyre replacement,295.93,46.08,342.01
2317,400,,2019-03-31,40099,Timing belt replacement,526.71,238.56,765.27
2318,400,,2019-09-21,43050,Brake replacement,298.72,118.08,416.80
2319,400,,2020-11-15,50192,Brake replacement,291.25,81.60,372.85
2320,400,,2020-12-08,50582,Oil and filter change,48.27,38.88,87.15
2321,400,,2021-07-22,54415,Routine service,173.30,86.88,260.18
2322,400,30,2022-07-30,60742,Routine service,66.49,83.52,150.01
2323,400,27,2022-10-09,61947,Oil and filter change,73.52,33.60,107.12
2324,400,5,2023-02-27,64338,Routine service,95.00,66.72,161.72
2325,401,18,2023-01-07,1431,Routine service,146.55,72.48,219.03
2326,401,1,2024-03-01,7742,Routine service,115.66,65.28,180.94
2327,401,10,2025-02-09,12939,Timing belt replacement,285.80,240.96,526.76
2328,402,26,2020-08-06,11745,Routine service,62.36,61.44,123.80
2329,402,3,2022-01-14,26386,Routine service,158.65,80.16,238.81
2330,402,4,2022-05-10,29615,Brake replacement,215.21,102.72,317.93
2331,402,22,2025-01-17,56976,Oil and filter change,83.47,33.12,116.59
2332,402,,2025-06-20,61262,Air conditioning service,112.97,54.72,167.69
2333,403,21,2020-02-23,565,Oil and filter change,46.17,42.24,88.41
2334,403,29,2020-06-24,4198,Brake replacement,305.51,103.68,409.19
2335,403,21,2020-10-18,7653,Tyre replacement,443.11,43.68,486.79
2336,403,12,2021-08-14,16587,Oil and filter change,38.22,44.16,82.38
2337,403,,2024-06-13,47379,Tyre replacement,210.55,51.36,261.91
2338,403,,2024-07-17,48391,Brake replacement,281.16,93.60,374.76
2339,404,9,2016-10-28,14558,Brake replacement,209.91,94.56,304.47
2340,404,1,2017-06-08,22674,Air conditioning service,69.79,66.24,136.03
2341,404,30,2018-09-01,39053,Routine service,145.10,83.04,228.14
2342,404,,2018-09-30,40108,Tyre replacement,440.93,48.00,488.93
2343,404,7,2019-06-25,49862,Oil and filter change,73.21,36.96,110.17
2344,404,16,2020-12-27,69916,Routine service,99.03,72.48,171.51
2345,404,,2022-01-11,83747,Routine service,176.61,80.16,256.77
2346,404,15,2023-08-13,104820,Routine service,146.54,79.68,226.22
2347,404,,2024-10-23,120725,Routine service,123.37,80.16,203.53
2348,404,22,2025-06-29,129788,Brake replacement,122.75,114.24,236.99
2349,405,3,2016-02-18,7629,Air conditioning service,117.48,58.08,175.56
2350,405,12,2016-07-27,13104,Routine service,129.47,67.20,196.67
2351,405,22,2017-05-07,22821,Routine service,144.14,62.40,206.54
2352,405,25,2017-07-18,25285,Routine service,122.84,72.48,195.32
2353,405,1,2018-03-02,33051,Routine service,114.22,78.72,192.94
2354,405,,2019-03-29,46464,Routine service,106.11,82.56,188.67
2355,405,,2020-07-26,63058,Suspension repair,357.81,166.08,523.89
2356,405,,2020-09-16,64837,Oil and filter change,82.27,46.08,128.35
2357,405,,2020-10-04,65453,Routine service,70.81,68.64,139.45
2358,405,8,2024-10-21,116023,Routine service,174.23,62.88,237.11
2359,405,,2025-04-08,121806,Oil and filter change,74.44,47.04,121.48
2360,405,9,2025-06-14,124098,Routine service,165.18,61.44,226.62
2361,406,12,2022-07-22,36043,Routine service,157.25,85.92,243.17
2362,406,15,2022-08-15,36985,Oil and filter change,74.60,36.96,111.56
2363,406,,2023-03-23,45613,Routine service,125.60,88.80,214.40
2364,406,,2023-10-09,53457,Clutch repair,380.96,250.08,631.04
2365,406,7,2024-10-02,67538,Battery replacement,209.10,25.92,235.02
2366,406,26,2025-03-05,73578,Brake replacement,110.56,92.16,202.72
2367,407,2,2023-12-11,1268,Routine service,163.64,73.44,237.08
2368,408,14,2024-01-07,2875,Clutch repair,719.46,324.00,1043.46
2369,408,26,2024-02-12,3988,Routine service,134.92,78.72,213.64
2370,409,3,2016-01-31,81,Timing belt replacement,475.72,254.40,730.12
2371,409,23,2016-03-24,2658,Air conditioning service,42.65,50.88,93.53
2372,409,29,2017-05-12,23420,Routine service,76.67,82.08,158.75
2373,409,24,2017-06-04,24574,Brake replacement,152.78,101.28,254.06
2374,409,9,2018-07-29,45638,Routine service,171.60,88.32,259.92
2375,409,4,2021-02-09,92078,Oil and filter change,53.01,48.00,101.01
2376,409,,2021-08-21,101758,Brake replacement,117.56,117.12,234.68
2377,409,,2022-07-04,117656,Routine service,123.16,86.88,210.04
2378,409,25,2024-07-20,155119,Oil and filter change,42.64,33.60,76.24
2379,409,,2025-05-09,169814,Routine service,137.34,64.80,202.14
2380,411,12,2021-01-09,3496,Oil and filter change,48.43,48.00,96.43
2381,411,11,2022-09-04,26668,Air conditioning service,121.91,66.24,188.15
2382,411,28,2022-11-16,29473,Tyre replacement,368.61,55.20,423.81
2383,411,,2024-04-01,48764,Oil and filter change,68.50,47.52,116.02
2384,411,,2024-04-03,49032,Routine service,139.26,67.68,206.94
2385,412,19,2010-09-30,5878,Suspension repair,145.20,174.24,319.44
2386,412,5,2011-09-29,22339,Oil and filter change,45.79,44.16,89.95
2387,412,20,2011-12-05,25369,Oil and filter change,84.52,47.52,132.04
2388,412,23,2011-12-10,26000,Oil and filter change,36.22,37.92,74.14
2389,412,20,2014-06-21,67381,Oil and filter change,88.47,45.60,134.07
2390,412,,2016-02-16,94740,Oil and filter change,76.62,41.28,117.90
2391,412,,2016-12-12,108307,Routine service,95.38,71.52,166.90
2392,412,,2019-07-07,150681,Air conditioning service,92.29,66.72,159.01
2393,412,,2019-09-16,153891,Battery replacement,100.79,25.92,126.71
2394,412,,2019-11-30,157283,Tyre replacement,209.28,49.44,258.72
2395,412,5,2020-07-04,167096,Routine service,118.99,65.76,184.75
2396,412,,2020-11-18,173292,Oil and filter change,77.24,34.08,111.32
2397,412,,2021-10-24,188667,Tyre replacement,243.66,59.52,303.18
2398,412,,2022-10-11,204586,Oil and filter change,55.88,40.80,96.68
2399,412,,2024-09-05,236015,Routine service,112.77,72.48,185.25
2400,413,21,2018-07-06,4522,Timing belt replacement,239.36,245.28,484.64
2401,413,2,2019-05-31,26732,Routine service,94.45,85.92,180.37
2402,413,18,2019-10-29,36925,Oil and filter change,35.31,47.04,82.35
2403,413,15,2019-11-18,38275,Routine service,63.30,67.20,130.50
2404,413,,2023-07-07,127855,Brake replacement,181.80,88.80,270.60
2405,413,,2024-09-21,157693,Oil and filter change,63.22,34.08,97.30
2406,413,,2025-06-02,174839,Oil and filter change,80.26,34.08,114.34
2407,413,,2025-06-27,176527,Routine service,78.15,64.32,142.47
2408,414,20,2015-02-16,30904,Oil and filter change,37.66,45.60,83.26
2409,414,14,2015-04-07,32774,Routine service,67.14,80.64,147.78
2410,414,3,2016-08-24,51669,Oil and filter change,63.90,36.48,100.38
2411,414,,2017-01-08,56794,Brake replacement,319.15,117.60,436.75
2412,414,4,2018-03-07,72621,Oil and filter change,84.60,45.60,130.20
2413,414,,2019-01-19,84518,Routine service,125.49,72.48,197.97
2414,414,28,2019-12-19,97015,Suspension repair,324.93,166.56,491.49
2415,414,,2020-05-24,102889,Oil and filter change,88.76,46.08,134.84
2416,414,,2021-07-04,118079,Routine service,161.18,71.04,232.22
2417,414,,2021-09-23,121109,Oil and filter change,63.63,32.64,96.27
2418,414,,2022-12-07,137572,Oil and filter change,54.31,46.56,100.87
2419,414,,2023-08-15,146963,Tyre replacement,488.43,47.52,535.95
2420,414,,2024-10-11,162789,Routine service,101.23,68.64,169.87
2421,414,,2025-05-04,170459,Routine service,132.42,84.48,216.90
2422,415,13,2023-08-19,6501,Routine service,168.46,74.40,242.86
2423,415,9,2024-06-06,16237,Air conditioning service,112.08,57.60,169.68
2424,415,20,2024-08-23,18838,Bodywork repair,410.80,313.44,724.24
2425,416,21,2021-02-09,35348,Battery replacement,98.85,22.56,121.41
2426,416,,2022-06-20,58977,Routine service,157.53,85.92,243.45
2427,416,24,2023-04-23,73602,Bodywork repair,660.91,335.04,995.95
2428,416,,2023-10-05,81462,Timing belt replacement,440.29,252.48,692.77
2429,416,,2025-01-24,104186,Routine service,99.35,65.76,165.11
2430,416,17,2025-03-20,106806,Oil and filter change,82.54,40.32,122.86
2431,417,5,2019-08-27,2716,Oil and filter change,76.29,44.64,120.93
2432,417,25,2019-09-02,2921,Oil and filter change,57.12,39.84,96.96
2433,417,26,2020-06-26,11500,Routine service,109.79,88.80,198.59
2434,417,8,2021-05-24,21094,Tyre replacement,261.29,47.52,308.81
2435,417,15,2021-08-17,23550,Brake replacement,239.75,115.20,354.95
2436,417,,2023-01-17,38519,Oil and filter change,46.96,43.68,90.64
2437,417,,2023-12-05,47824,Routine service,140.33,76.80,217.13
2438,419,6,2021-01-01,3898,Brake replacement,121.46,85.44,206.90
2439,419,20,2021-01-04,4667,Routine service,168.67,84.48,253.15
2440,419,12,2021-04-26,7902,Suspension repair,255.76,145.44,401.20
2441,419,18,2024-10-27,52460,Oil and filter change,62.60,41.76,104.36
2442,420,27,2014-11-14,34087,Routine service,123.91,63.84,187.75
2443,420,,2015-10-25,47890,Brake replacement,195.86,95.04,290.90
2444,420,,2015-12-07,49610,Tyre replacement,253.10,41.76,294.86
2445,420,,2016-03-08,53291,Brake replacement,276.58,107.52,384.10
2446,420,25,2016-05-05,55611,Clutch repair,296.88,273.60,570.48
2447,420,,2016-05-09,56452,Oil and filter change,54.13,44.64,98.77
2448,420,6,2016-11-17,63453,Routine service,136.96,89.76,226.72
2449,420,,2018-12-02,93259,Tyre replacement,496.99,52.80,549.79
2450,420,,2020-05-01,113904,Oil and filter change,46.55,42.72,89.27
2451,420,15,2021-09-15,133988,Brake replacement,124.24,118.56,242.80
2452,420,,2024-06-14,174116,Routine service,128.20,84.00,212.20
2453,420,,2024-09-06,177477,Bodywork repair,262.39,349.92,612.31
2454,420,,2024-12-25,181878,Brake replacement,274.89,107.52,382.41
2455,421,4,2024-12-07,9568,Routine service,98.19,80.64,178.83
2456,422,11,2023-10-27,8936,Oil and filter change,67.36,43.68,111.04
2457,422,12,2025-02-06,24312,Routine service,136.49,62.88,199.37
2458,422,11,2025-06-09,28354,Battery replacement,164.91,25.92,190.83
2459,423,25,2018-11-18,1724,Tyre replacement,434.54,51.84,486.38
2460,423,,2021-10-30,65752,Routine service,113.44,84.00,197.44
2461,423,,2021-11-08,66584,Routine service,172.83,89.28,262.11
2462,423,5,2021-11-12,67273,Oil and filter change,69.73,36.96,106.69
2463,423,22,2023-08-01,103800,Battery replacement,169.04,25.92,194.96
2464,423,,2023-10-17,108378,Routine service,111.48,78.72,190.20
2465,423,,2024-11-25,132456,Battery replacement,170.71,26.88,197.59
2466,424,1,2021-07-18,4957,Oil and filter change,75.94,35.52,111.46
2467,424,23,2022-10-05,24267,Tyre replacement,464.94,54.72,519.66
2468,424,1,2023-05-10,33704,Routine service,68.26,85.44,153.70
2469,424,12,2024-09-12,55057,Routine service,75.06,80.64,155.70
2470,425,12,2023-08-28,2228,Oil and filter change,55.83,40.32,96.15
2471,425,2,2023-09-05,2666,Routine service,72.62,73.44,146.06
2472,425,19,2025-03-25,25105,Battery replacement,153.52,27.84,181.36
2473,425,6,2025-06-08,28089,Clutch repair,351.36,251.04,602.40
2474,426,14,2016-02-04,3522,Air conditioning service,83.77,57.60,141.37
2475,426,22,2016-04-17,5485,Clutch repair,728.82,294.24,1023.06
2476,426,26,2017-10-04,19870,Oil and filter change,63.33,39.84,103.17
2477,426,30,2018-09-04,28878,Routine service,179.65,87.36,267.01
2478,426,19,2019-06-06,36272,Routine service,140.03,88.32,228.35
2479,426,,2019-11-03,40306,Routine service,140.42,65.28,205.70
2480,426,19,2022-01-20,62058,Battery replacement,93.34,23.04,116.38
2481,426,,2022-06-06,65742,Battery replacement,205.21,22.08,227.29
2482,426,24,2022-06-26,66280,Routine service,178.00,76.80,254.80
2483,426,28,2023-01-08,71550,Brake replacement,172.76,106.08,278.84
2484,427,9,2019-07-07,18061,Oil and filter change,48.65,39.84,88.49
2485,427,7,2020-01-19,24715,Air conditioning service,112.32,54.72,167.04
2486,427,10,2020-06-20,29909,Clutch repair,541.29,229.44,770.73
2487,427,,2022-08-21,56797,Oil and filter change,35.06,37.44,72.50
2488,427,,2022-10-28,59106,Routine service,65.19,68.64,133.83
2489,427,,2023-02-04,62467,Battery replacement,94.75,25.92,120.67
2490,427,14,2023-07-01,67457,Timing belt replacement,370.36,237.12,607.48
2491,427,,2024-03-04,75843,Routine service,169.46,85.44,254.90
2492,428,3,2025-05-21,16948,Tyre replacement,482.06,42.24,524.30
2493,430,25,2025-06-20,5979,Oil and filter change,80.35,39.36,119.71
2494,431,18,2012-06-09,659,Oil and filter change,38.58,47.52,86.10
2495,431,3,2013-01-11,13614,Tyre replacement,283.96,43.68,327.64
2496,431,30,2013-11-19,32327,Routine service,106.48,66.72,173.20
2497,431,17,2014-11-26,54638,Routine service,133.38,64.80,198.18
2498,431,22,2014-12-29,56617,Routine service,66.59,73.44,140.03
2499,431,,2015-09-11,71971,Routine service,138.16,78.24,216.40
2500,431,17,2015-10-13,73891,Oil and filter change,69.26,41.28,110.54
2501,431,,2016-08-30,93203,Routine service,105.16,88.32,193.48
2502,431,28,2016-10-30,96862,Clutch repair,522.36,254.40,776.76
2503,431,,2018-12-17,143523,Air conditioning service,99.75,57.12,156.87
2504,431,27,2019-07-08,155699,Routine service,106.03,72.96,178.99
2505,431,26,2020-10-05,182988,Routine service,62.69,76.80,139.49
2506,431,16,2020-11-15,185447,Routine service,62.10,86.40,148.50
2507,431,22,2021-07-31,200921,Oil and filter change,81.20,38.40,119.60
2508,434,15,2025-06-02,115,Oil and filter change,72.89,38.40,111.29
2509,435,3,2016-01-29,4214,Routine service,179.89,71.04,250.93
2510,435,15,2016-04-14,7295,Clutch repair,580.78,302.88,883.66
2511,435,2,2016-05-10,8348,Brake replacement,304.00,109.44,413.44
2512,435,4,2016-11-10,15806,Routine service,118.95,84.96,203.91
2513,435,7,2016-12-31,17873,Oil and filter change,77.87,47.52,125.39
2514,435,3,2017-04-17,22209,Brake replacement,212.14,118.08,330.22
2515,435,10,2018-01-05,32868,Oil and filter change,76.11,33.60,109.71
2516,435,,2018-10-30,44946,Tyre replacement,224.82,56.64,281.46
2517,435,,2021-03-10,79881,Oil and filter change,50.57,39.36,89.93
2518,435,,2024-03-22,124787,Oil and filter change,87.71,47.04,134.75
2519,435,,2024-09-22,132244,Routine service,72.73,79.20,151.93
2520,436,9,2016-12-06,1171,Oil and filter change,62.11,43.20,105.31
2521,436,23,2018-01-14,13631,Routine service,64.56,84.96,149.52
2522,436,14,2018-07-25,19552,Oil and filter change,68.17,40.32,108.49
2523,436,4,2019-02-06,25597,Brake replacement,199.62,99.84,299.46
2524,436,16,2019-03-16,26768,Tyre replacement,437.89,59.04,496.93
2525,436,,2020-01-27,36545,Oil and filter change,88.41,40.32,128.73
2526,436,,2022-09-05,65904,Routine service,64.10,88.80,152.90
2527,436,2,2023-05-23,73923,Routine service,107.51,84.00,191.51
2528,436,8,2023-09-03,77099,Tyre replacement,583.65,46.56,630.21
2529,437,8,2023-05-22,30420,Tyre replacement,174.21,46.08,220.29
2530,437,3,2023-08-04,33931,Brake replacement,199.14,82.08,281.22
2531,437,9,2024-02-16,43233,Suspension repair,460.17,133.92,594.09
2532,437,14,2024-04-08,45701,Routine service,85.73,79.20,164.93
2533,437,,2025-05-24,65206,Oil and filter change,39.61,36.48,76.09
2534,438,28,2014-11-25,395,Battery replacement,164.54,29.76,194.30
2535,438,6,2014-12-05,724,Routine service,172.19,83.52,255.71
2536,438,21,2015-07-22,8268,Routine service,139.04,67.68,206.72
2537,438,15,2015-09-02,9651,Oil and filter change,59.49,39.36,98.85
2538,438,8,2016-12-04,24771,Routine service,172.35,63.36,235.71
2539,438,,2018-04-16,41175,Routine service,80.80,61.92,142.72
2540,438,,2022-01-14,86271,Bodywork repair,660.06,290.88,950.94
2541,438,,2022-09-12,94210,Routine service,179.33,71.52,250.85
2542,438,,2024-02-22,111603,Routine service,174.05,66.24,240.29
2543,438,16,2024-05-21,114534,Tyre replacement,289.44,59.52,348.96
2544,439,13,2025-01-10,20661,Tyre replacement,163.77,47.52,211.29
2545,440,8,2010-09-13,3377,Tyre replacement,546.16,43.68,589.84
2546,440,24,2010-10-23,4541,Oil and filter change,75.33,40.80,116.13
2547,440,15,2011-09-04,13742,Oil and filter change,87.47,37.44,124.91
2548,440,15,2012-04-16,20293,Routine service,141.59,76.80,218.39
2549,440,21,2013-10-23,36451,Battery replacement,99.92,26.40,126.32
2550,440,,2015-03-03,50892,Oil and filter change,47.78,45.60,93.38
2551,440,,2015-08-17,55754,Routine service,172.53,78.24,250.77
2552,440,,2016-04-08,62596,Tyre replacement,599.10,54.24,653.34
2553,440,,2017-05-08,74097,Oil and filter change,36.63,44.16,80.79
2554,440,,2017-12-03,80182,Tyre replacement,287.01,56.64,343.65
2555,440,,2018-03-28,83530,Routine service,120.25,81.60,201.85
2556,440,,2019-05-17,95613,Oil and filter change,86.91,47.04,133.95
2557,440,28,2019-11-16,100941,Oil and filter change,81.83,45.12,126.95
2558,440,9,2020-04-12,105250,Routine service,116.24,70.56,186.80
2559,440,,2023-02-07,135267,Routine service,166.74,67.20,233.94
2560,441,21,2025-06-20,6957,Routine service,168.91,69.60,238.51
2561,442,3,2024-02-08,15459,Oil and filter change,67.80,40.80,108.60
2562,442,8,2024-09-19,22811,Brake replacement,238.59,113.76,352.35
2563,443,10,2020-01-19,4443,Oil and filter change,39.37,33.60,72.97
2564,443,26,2020-10-13,17974,Routine service,66.59,85.92,152.51
2565,443,7,2021-10-27,37109,Routine service,70.87,63.36,134.23
2566,443,,2023-01-01,58870,Oil and filter change,41.63,41.28,82.91
2567,443,,2024-10-09,91537,Routine service,115.44,62.88,178.32
2568,443,,2025-03-27,100070,Brake replacement,225.07,111.84,336.91
2569,445,26,2019-11-17,10852,Brake replacement,276.08,103.68,379.76
2570,445,28,2020-08-06,21345,Routine service,85.83,72.96,158.79
2571,445,19,2020-08-08,21779,Oil and filter change,51.23,35.52,86.75
2572,445,,2022-11-12,54381,Oil and filter change,53.66,35.04,88.70
2573,445,,2023-03-29,59847,Routine service,142.40,67.20,209.60
2574,445,15,2023-08-25,65792,Oil and filter change,88.33,36.48,124.81
2575,445,,2024-12-24,85223,Oil and filter change,50.87,37.44,88.31
2576,446,6,2024-12-23,1741,Oil and filter change,77.61,33.12,110.73
2577,446,9,2025-01-10,2395,Battery replacement,197.30,23.04,220.34
2578,447,15,2014-04-20,747,Routine service,141.37,65.76,207.13
2579,447,4,2014-11-29,4373,Brake replacement,120.65,106.08,226.73
2580,447,,2017-03-15,17980,Battery replacement,196.01,22.08,218.09
2581,447,27,2017-12-07,22321,Brake replacement,276.49,82.56,359.05
2582,447,,2018-01-12,22906,Tyre replacement,186.55,56.16,242.71
2583,447,,2019-06-23,31474,Brake replacement,99.78,89.76,189.54
2584,447,,2020-09-02,38579,Oil and filter change,82.32,43.68,126.00
2585,447,23,2021-09-19,44789,Battery replacement,179.18,23.52,202.70
2586,447,,2022-04-23,48301,Routine service,168.12,72.00,240.12
2587,447,2,2022-10-19,51211,Routine service,93.86,76.32,170.18
2588,447,,2024-06-28,61258,Oil and filter change,53.06,33.12,86.18
2589,447,11,2025-06-14,66964,Oil and filter change,79.66,36.00,115.66
2590,447,,2025-06-27,67225,Routine service,66.28,69.12,135.40
2591,448,9,2019-02-17,1883,Brake replacement,284.93,102.24,387.17
2592,448,4,2020-07-10,4670,Oil and filter change,69.05,35.04,104.09
2593,448,10,2020-09-28,5443,Oil and filter change,87.50,36.96,124.46
2594,448,,2021-06-03,6466,Routine service,175.14,77.76,252.90
2595,448,,2022-11-14,9363,Brake replacement,312.81,112.80,425.61
2596,448,13,2023-05-07,10315,Routine service,132.57,88.32,220.89
2597,448,23,2025-06-16,14537,Brake replacement,283.80,92.64,376.44
2598,449,13,2015-10-21,33461,Brake replacement,177.90,99.36,277.26
2599,449,21,2015-11-12,34264,Routine service,112.73,63.36,176.09
2600,449,,2017-08-19,57837,Routine service,179.35,88.32,267.67
2601,449,,2018-04-18,66668,Brake replacement,195.97,98.40,294.37
2602,449,,2018-07-09,69660,Routine service,115.25,82.56,197.81
2603,449,10,2018-09-20,72324,Oil and filter change,79.80,35.04,114.84
2604,449,8,2019-02-09,77506,Oil and filter change,86.64,48.00,134.64
2605,449,,2020-10-26,100312,Routine service,80.97,61.92,142.89
2606,449,,2021-10-03,112792,Clutch repair,362.53,275.52,638.05
2607,449,2,2021-10-18,113340,Brake replacement,255.91,108.48,364.39
2608,449,22,2022-01-20,116770,Routine service,145.10,84.48,229.58
2609,449,8,2024-03-25,145780,Tyre replacement,473.63,57.60,531.23
2610,450,14,2016-06-01,4742,Routine service,96.40,80.16,176.56
2611,450,7,2017-01-03,10219,Timing belt replacement,559.99,195.36,755.35
2612,450,20,2017-09-17,16736,Tyre replacement,483.52,56.16,539.68
2613,450,,2018-12-28,28579,Battery replacement,128.57,26.88,155.45
2614,450,,2019-01-25,29421,Oil and filter change,79.60,41.76,121.36
2615,450,,2019-03-09,30379,Brake replacement,297.80,84.00,381.80
2616,450,13,2019-07-08,33448,Oil and filter change,46.61,35.04,81.65
2617,450,29,2021-05-01,50261,Routine service,135.12,87.36,222.48
2618,450,,2022-05-02,59542,Oil and filter change,67.31,36.00,103.31
2619,450,,2023-01-27,66389,Brake replacement,276.38,111.84,388.22
2620,450,13,2023-05-26,69407,Battery replacement,102.49,27.36,129.85
2621,451,4,2021-01-19,734,Routine service,177.37,85.44,262.81
2622,451,6,2022-03-02,10376,Routine service,60.42,68.16,128.58
2623,451,17,2023-04-21,20207,Routine service,158.18,75.84,234.02
2624,451,,2024-05-11,29352,Oil and filter change,40.39,42.72,83.11
2625,451,,2024-05-11,30224,Battery replacement,191.37,21.60,212.97
2626,452,27,2022-01-12,17504,Tyre replacement,293.38,47.04,340.42
2627,452,,2022-10-26,22391,Oil and filter change,53.40,44.64,98.04
2628,452,19,2022-11-29,23040,Clutch repair,565.74,293.76,859.50
2629,452,2,2022-12-10,23809,Brake replacement,222.96,96.48,319.44
2630,452,,2023-01-24,24413,Routine service,145.81,87.84,233.65
2631,452,,2023-12-20,29543,Routine service,117.36,85.92,203.28
2632,452,,2024-07-07,32949,Brake replacement,159.68,116.16,275.84
2633,453,26,2025-04-01,48504,Battery replacement,178.75,23.52,202.27
2634,453,13,2025-06-02,50534,Suspension repair,174.22,124.32,298.54
2635,453,,2025-06-21,51157,Battery replacement,116.70,25.44,142.14
2636,454,2,2025-05-31,2552,Oil and filter change,80.17,43.20,123.37
2637,455,23,2023-09-08,1531,Air conditioning service,81.99,71.04,153.03
2638,455,25,2024-08-08,16617,Air conditioning service,96.07,62.88,158.95
2639,456,13,2018-09-08,12156,Tyre replacement,310.19,59.04,369.23
2640,456,29,2019-01-09,16903,Brake replacement,224.53,89.76,314.29
2641,456,8,2020-03-15,33536,Timing belt replacement,521.09,266.88,787.97
2642,456,1,2020-11-28,43492,Routine service,170.96,84.48,255.44
2643,456,14,2021-12-19,58389,Routine service,156.41,77.28,233.69
2644,456,12,2022-11-22,71433,Routine service,128.74,84.00,212.74
2645,458,18,2022-05-11,6641,Tyre replacement,398.81,42.72,441.53
2646,458,19,2023-03-12,25570,Oil and filter change,77.82,36.00,113.82
2647,458,30,2024-01-12,44562,Clutch repair,641.36,292.32,933.68
2648,458,16,2024-06-28,54989,Tyre replacement,355.76,45.60,401.36
2649,459,17,2021-10-15,1605,Routine service,177.59,84.96,262.55
2650,459,21,2023-01-07,18365,Air conditioning service,45.29,65.28,110.57
2651,459,10,2023-10-01,28332,Air conditioning service,41.44,63.36,104.80
2652,459,5,2023-12-13,31057,Routine service,68.57,77.76,146.33
2653,460,28,2013-06-10,22343,Routine service,114.00,67.20,181.20
2654,460,26,2014-01-16,33194,Routine service,94.71,89.28,183.99
2655,460,18,2014-05-24,39507,Suspension repair,219.73,165.60,385.33
2656,460,8,2014-10-01,45919,Routine service,107.83,71.52,179.35
2657,460,18,2014-12-05,49125,Tyre replacement,439.64,46.08,485.72
2658,460,19,2016-11-07,83799,Routine service,159.64,72.00,231.64
2659,460,20,2018-03-30,108856,Oil and filter change,35.90,43.20,79.10
2660,460,25,2018-08-12,115514,Brake replacement,105.20,100.80,206.00
2661,460,2,2019-12-14,139633,Routine service,115.28,62.40,177.68
2662,460,11,2020-06-28,149350,Oil and filter change,43.24,44.64,87.88
2663,460,,2021-08-02,169079,Routine service,84.87,87.84,172.71
2664,460,17,2021-11-15,174258,Routine service,128.05,63.84,191.89
2665,460,,2022-03-10,179930,Routine service,155.06,64.80,219.86
2666,460,17,2022-05-01,182495,Oil and filter change,53.95,36.96,90.91
2667,460,,2023-08-06,205282,Routine service,78.19,73.92,152.11
2668,460,,2024-12-18,229944,Oil and filter change,68.89,35.04,103.93
2669,461,4,2023-03-16,18580,Battery replacement,144.99,27.84,172.83
2670,461,4,2023-12-28,31156,Routine service,79.43,84.96,164.39
2671,461,20,2024-11-28,45880,Tyre replacement,310.29,48.00,358.29
2672,461,21,2024-12-16,46669,Routine service,179.23,64.80,244.03
2673,461,22,2024-12-21,46888,Clutch repair,601.23,234.72,835.95
2674,462,18,2023-11-23,26392,Routine service,123.62,81.12,204.74
2675,462,11,2024-06-06,32421,Routine service,161.87,84.96,246.83
2676,462,,2025-06-22,44140,Tyre replacement,564.71,60.00,624.71
2677,463,7,2018-04-13,13224,Brake replacement,289.30,96.96,386.26
2678,463,29,2018-11-29,20607,Battery replacement,198.96,29.76,228.72
2679,463,24,2019-02-10,22950,Clutch repair,758.74,315.36,1074.10
2680,463,16,2019-08-03,28536,Suspension repair,264.23,150.24,414.47
2681,463,14,2019-10-13,30815,Routine service,175.75,76.32,252.07
2682,463,8,2019-11-20,32034,Oil and filter change,46.62,41.76,88.38
2683,463,26,2024-06-14,85576,Routine service,124.03,85.92,209.95
2684,463,24,2025-03-30,94852,Routine service,60.41,82.56,142.97
2685,464,24,2017-01-02,2978,Routine service,62.06,77.28,139.34
2686,464,27,2020-07-06,44000,Suspension repair,246.94,125.28,372.22
2687,464,,2020-10-07,46978,Routine service,107.82,70.08,177.90
2688,464,,2022-06-05,66385,Clutch repair,406.64,304.32,710.96
2689,464,,2022-10-24,70900,Air conditioning service,78.65,68.16,146.81
2690,464,,2023-03-07,75191,Routine service,97.83,77.28,175.11
2691,464,,2023-03-12,75692,Brake replacement,131.70,82.56,214.26
2692,464,,2023-09-22,81564,Routine service,154.59,67.20,221.79
2693,464,,2025-05-19,100939,Timing belt replacement,522.43,253.92,776.35
2694,465,16,2020-04-07,3148,Routine service,91.52,74.40,165.92
2695,465,5,2020-05-13,4228,Brake replacement,217.76,102.72,320.48
2696,465,20,2020-07-01,5697,Battery replacement,163.65,23.52,187.17
2697,465,21,2020-11-18,9895,Routine service,68.12,74.88,143.00
2698,465,26,2022-09-10,29716,Oil and filter change,64.84,42.24,107.08
2699,465,27,2022-10-10,30615,Routine service,81.02,64.32,145.34
2700,466,12,2023-12-15,2356,Routine service,91.68,63.36,155.04
2701,467,22,2024-11-03,38502,Routine service,123.60,68.16,191.76
2702,468,20,2023-03-14,15175,Routine service,83.69,89.76,173.45
2703,468,23,2023-07-25,20766,Brake replacement,110.14,84.96,195.10
2704,468,2,2024-06-25,34890,Oil and filter change,79.76,42.24,122.00
2705,468,15,2025-01-16,43507,Brake replacement,311.30,86.40,397.70
2706,469,28,2020-11-11,10833,Brake replacement,291.48,88.32,379.80
2707,469,25,2021-09-27,19609,Routine service,93.86,64.32,158.18
2708,469,2,2021-12-09,21611,Oil and filter change,81.25,40.32,121.57
2709,469,8,2022-06-03,26438,Air conditioning service,44.96,60.96,105.92
2710,469,22,2022-09-27,29619,Oil and filter change,51.50,42.72,94.22
2711,470,11,2018-01-24,40002,Suspension repair,423.47,146.40,569.87
2712,470,9,2018-07-20,48776,Routine service,163.54,72.48,236.02
2713,470,8,2018-09-18,51750,Oil and filter change,43.11,42.24,85.35
2714,470,,2019-04-28,62754,Routine service,177.95,75.36,253.31
2715,470,,2019-05-15,63597,Routine service,83.60,73.44,157.04
2716,470,,2020-09-10,87588,Tyre replacement,595.77,54.24,650.01
2717,470,,2023-03-15,132994,Routine service,63.82,82.08,145.90
2718,470,11,2023-09-07,141718,Routine service,165.05,69.60,234.65
2719,470,,2025-01-13,166205,Oil and filter change,53.11,40.80,93.91
2720,470,16,2025-02-16,167890,Air conditioning service,53.74,58.08,111.82
2721,471,10,2021-11-01,9801,Tyre replacement,610.78,49.44,660.22
2722,471,8,2021-11-04,10462,Routine service,141.31,85.92,227.23
2723,471,25,2022-08-06,17185,Tyre replacement,619.24,43.68,662.92
2724,471,6,2022-08-10,17571,Routine service,83.57,75.36,158.93
2725,471,,2025-04-19,43401,Clutch repair,375.63,257.28,632.91
2726,472,29,2016-08-01,16775,Tyre replacement,259.98,45.12,305.10
2727,472,,2018-10-12,45039,Routine service,121.58,64.80,186.38
2728,472,,2020-12-24,73373,Oil and filter change,41.70,34.56,76.26
2729,472,,2021-01-10,73973,Routine service,70.90,80.16,151.06
2730,472,,2021-06-10,79294,Routine service,102.09,82.08,184.17
2731,472,,2022-03-08,88845,Oil and filter change,50.08,40.80,90.88
2732,472,,2022-09-01,95082,Oil and filter change,82.80,45.60,128.40
2733,472,,2023-05-02,103646,Oil and filter change,40.45,40.80,81.25
2734,472,,2023-11-10,110413,Air conditioning service,109.67,59.04,168.71
2735,472,,2024-11-18,123593,Brake replacement,147.42,85.92,233.34
2736,473,24,2013-10-02,1369,Routine service,110.94,63.36,174.30
2737,473,18,2013-12-22,4948,Battery replacement,92.90,29.28,122.18
2738,473,27,2014-10-12,17938,Suspension repair,144.82,144.48,289.30
2739,473,4,2015-08-13,31413,Routine service,83.32,83.52,166.84
2740,473,19,2015-11-10,35346,Routine service,128.44,83.04,211.48
2741,473,27,2016-08-28,48247,Oil and filter change,40.32,36.00,76.32
2742,473,1,2018-02-16,71973,Routine service,98.31,71.04,169.35
2743,473,29,2018-11-23,84344,Oil and filter change,89.02,46.08,135.10
2744,473,,2020-04-05,106391,Routine service,111.99,83.52,195.51
2745,473,,2020-12-21,117879,Routine service,81.20,79.68,160.88
2746,473,,2021-03-05,121148,Clutch repair,678.28,328.32,1006.60
2747,473,6,2021-05-14,124241,Routine service,72.83,88.80,161.63
2748,473,,2022-07-30,143770,Routine service,68.57,79.68,148.25
2749,473,2,2024-04-07,171030,Bodywork repair,493.67,265.44,759.11
2750,474,10,2024-07-19,10364,Tyre replacement,161.94,49.44,211.38
2751,475,11,2023-10-24,1044,Oil and filter change,42.01,47.52,89.53
2752,476,17,2021-02-10,83,Tyre replacement,379.80,57.60,437.40
2753,476,11,2022-04-18,11652,Suspension repair,187.97,156.48,344.45
2754,476,16,2023-07-05,23602,Oil and filter change,71.23,46.56,117.79
2755,476,,2024-05-22,32288,Routine service,176.78,79.68,256.46
2756,477,6,2017-11-23,26773,Oil and filter change,57.05,40.32,97.37
2757,477,28,2019-09-11,46604,Routine service,122.10,85.92,208.02
2758,477,,2019-10-09,47449,Brake replacement,160.23,93.12,253.35
2759,477,,2019-10-14,48067,Oil and filter change,50.92,36.96,87.88
2760,477,,2020-03-01,51795,Routine service,120.63,84.96,205.59
2761,477,,2021-01-18,61545,Clutch repair,483.13,264.00,747.13
2762,477,,2022-06-05,76727,Brake replacement,241.68,104.16,345.84
2763,477,,2023-01-18,83579,Battery replacement,174.79,24.48,199.27
2764,477,21,2024-01-07,94264,Oil and filter change,63.14,42.72,105.86
2765,477,,2024-01-22,94866,Routine service,133.30,71.52,204.82
2766,479,23,2017-05-04,3634,Routine service,148.41,71.52,219.93
2767,479,8,2017-09-19,7958,Routine service,136.92,78.24,215.16
2768,479,26,2018-04-12,14381,Routine service,86.94,79.20,166.14
2769,479,2,2018-10-12,20114,Routine service,179.63,61.92,241.55
2770,479,,2022-02-08,58182,Oil and filter change,66.31,38.88,105.19
2771,479,,2022-03-26,59623,Oil and filter change,53.71,36.96,90.67
2772,479,24,2022-08-06,63790,Oil and filter change,60.20,39.36,99.56
2773,479,4,2024-12-27,91174,Timing belt replacement,450.48,209.76,660.24
2774,479,,2025-04-22,94809,Air conditioning service,108.41,52.80,161.21
2775,480,21,2022-05-23,24194,Oil and filter change,64.78,45.12,109.90
2776,480,27,2022-07-31,27009,Bodywork repair,453.90,301.44,755.34
2777,480,9,2022-11-01,30803,Routine service,155.32,71.52,226.84
2778,480,1,2024-09-09,58465,Routine service,82.69,84.96,167.65
2779,480,,2024-09-12,59298,Tyre replacement,165.44,60.00,225.44
2780,480,,2025-01-18,63810,Oil and filter change,80.92,45.60,126.52
2781,481,27,2018-02-13,668,Oil and filter change,81.29,48.00,129.29
2782,481,1,2018-07-16,5313,Routine service,144.51,79.68,224.19
2783,481,2,2019-12-20,22023,Oil and filter change,45.81,42.72,88.53
2784,481,11,2020-11-23,32874,Oil and filter change,48.83,33.60,82.43
2785,481,,2023-05-19,61908,Routine service,104.17,72.96,177.13
2786,481,,2024-06-17,74552,Routine service,75.58,83.52,159.10
2787,481,30,2024-09-07,77176,Tyre replacement,212.91,48.48,261.39
2788,482,25,2021-03-25,27308,Timing belt replacement,450.07,226.08,676.15
2789,482,2,2021-07-15,33816,Brake replacement,236.93,117.12,354.05
2790,482,14,2023-07-04,75593,Routine service,142.53,84.48,227.01
2791,482,11,2024-02-24,89247,Routine service,164.08,77.28,241.36
2792,482,,2024-06-06,95232,Routine service,132.44,72.00,204.44
2793,482,14,2025-05-20,115452,Brake replacement,132.41,107.52,239.93
2794,483,26,2024-04-04,12748,Suspension repair,237.11,162.24,399.35
2795,483,7,2024-10-12,19973,Oil and filter change,58.49,32.64,91.13
2796,483,22,2025-06-09,29052,Routine service,61.86,76.80,138.66
2797,484,25,2013-07-27,7980,Routine service,84.42,63.84,148.26
2798,484,23,2014-03-14,12077,Routine service,138.42,69.12,207.54
2799,484,30,2015-02-04,17903,Brake replacement,119.98,88.80,208.78
2800,484,,2015-08-19,21394,Oil and filter change,69.69,33.60,103.29
2801,484,,2016-04-04,25474,Routine service,157.73,68.64,226.37
2802,484,28,2017-02-09,31014,Routine service,136.80,63.36,200.16
2803,484,,2018-01-27,37284,Tyre replacement,543.05,54.24,597.29
2804,484,,2018-07-02,40063,Tyre replacement,487.24,53.28,540.52
2805,484,,2019-01-01,43323,Brake replacement,289.36,118.08,407.44
2806,484,19,2020-04-24,51856,Air conditioning service,79.84,56.16,136.00
2807,484,10,2021-05-05,58554,Tyre replacement,323.21,48.96,372.17
2808,484,1,2022-10-20,68049,Oil and filter change,74.92,33.12,108.04
2809,484,,2024-02-09,76547,Battery replacement,143.79,28.80,172.59
2810,484,,2024-08-11,79825,Oil and filter change,55.86,37.44,93.30
2811,486,10,2021-05-31,3441,Routine service,68.03,89.28,157.31
2812,486,30,2021-10-23,5361,Suspension repair,317.74,161.28,479.02
2813,486,28,2022-02-04,6738,Clutch repair,572.15,328.32,900.47
2814,488,9,2024-02-15,493,Routine service,127.09,80.64,207.73
2815,489,5,2025-02-03,6551,Brake replacement,125.58,92.64,218.22
2816,489,2,2025-04-09,8134,Oil and filter change,52.25,41.28,93.53
2817,490,30,2018-04-09,17768,Air conditioning service,102.68,64.32,167.00
2818,490,23,2018-11-12,28049,Oil and filter change,64.20,39.36,103.56
2819,490,,2021-02-27,67755,Oil and filter change,85.26,46.56,131.82
2820,490,,2021-07-11,74104,Brake replacement,213.93,89.28,303.21
2821,490,,2022-07-02,90972,Timing belt replacement,504.51,224.16,728.67
2822,490,,2023-07-27,109451,Oil and filter change,86.46,41.76,128.22
2823,490,,2024-09-30,129872,Battery replacement,129.37,26.88,156.25
2824,490,,2025-01-14,134895,Battery replacement,144.34,24.00,168.34
2825,491,21,2019-08-02,13344,Routine service,141.37,78.24,219.61
2826,491,18,2019-11-15,17695,Routine service,84.30,84.48,168.78
2827,491,,2022-07-19,58183,Tyre replacement,530.62,46.56,577.18
2828,491,,2023-01-15,65643,Brake replacement,93.21,86.40,179.61
2829,491,21,2023-06-08,71610,Brake replacement,213.69,120.00,333.69
2830,491,,2024-07-07,87979,Brake replacement,196.02,113.28,309.30
2831,491,,2024-07-22,88631,Brake replacement,155.62,83.04,238.66
2832,493,13,2016-03-10,3242,Routine service,151.82,74.88,226.70
2833,493,18,2016-08-06,4826,Tyre replacement,370.93,54.24,425.17
2834,493,15,2016-09-10,5590,Routine service,167.41,63.36,230.77
2835,493,25,2017-05-10,7772,Brake replacement,91.24,107.04,198.28
2836,493,,2018-07-14,12343,Oil and filter change,84.76,44.16,128.92
2837,493,,2019-10-24,17308,Routine service,69.64,71.52,141.16
2838,493,,2020-06-14,19796,Oil and filter change,49.09,45.60,94.69
2839,493,,2021-03-27,22837,Oil and filter change,55.78,34.08,89.86
2840,493,,2021-07-31,24177,Brake replacement,183.03,82.08,265.11
2841,493,,2024-08-09,35925,Brake replacement,218.36,118.56,336.92
2842,495,12,2022-03-20,12351,Timing belt replacement,250.04,224.16,474.20
2843,495,1,2023-06-20,43884,Oil and filter change,59.40,48.00,107.40
2844,495,30,2023-09-08,49404,Oil and filter change,86.89,44.64,131.53
2845,495,2,2023-10-12,51749,Routine service,75.59,71.04,146.63
2846,495,18,2023-12-11,55890,Routine service,86.89,71.52,158.41
2847,496,6,2012-07-03,9130,Routine service,83.17,70.08,153.25
2848,496,20,2012-11-12,13094,Routine service,88.94,74.88,163.82
2849,496,3,2013-02-11,15827,Routine service,117.80,70.08,187.88
2850,496,2,2013-09-12,22224,Battery replacement,120.55,27.84,148.39
2851,496,21,2014-04-07,28441,Tyre replacement,583.56,41.76,625.32
2852,496,,2014-10-03,33817,Oil and filter change,49.33,45.60,94.93
2853,496,,2014-11-10,34958,Routine service,138.70,64.32,203.02
2854,496,,2015-10-02,44749,Routine service,131.33,76.80,208.13
2855,496,,2015-10-20,45290,Oil and filter change,69.34,39.84,109.18
2856,496,18,2021-09-06,109801,Oil and filter change,75.97,46.08,122.05
2857,496,,2022-01-15,113736,Routine service,96.36,82.08,178.44
2858,496,,2022-09-20,121184,Clutch repair,393.38,308.64,702.02
2859,496,16,2022-09-27,121911,Bodywork repair,837.79,354.72,1192.51
2860,496,,2024-03-02,137071,Timing belt replacement,249.07,203.04,452.11
2861,496,,2024-10-14,143859,Bodywork repair,592.52,302.40,894.92
2862,497,16,2021-12-05,965,Tyre replacement,614.43,60.00,674.43
2863,497,30,2022-05-01,2329,Oil and filter change,65.80,36.96,102.76
2864,497,26,2022-08-12,3285,Oil and filter change,62.05,44.16,106.21
2865,497,23,2024-01-08,8055,Routine service,104.65,81.12,185.77
2866,498,30,2020-02-02,1650,Oil and filter change,63.70,40.32,104.02
2867,498,9,2022-07-09,50516,Air conditioning service,102.47,50.40,152.87
2868,498,,2023-04-19,66144,Oil and filter change,58.08,47.04,105.12
2869,498,,2023-06-25,69831,Bodywork repair,654.38,294.24,948.62
2870,498,11,2023-07-04,70561,Routine service,66.85,73.92,140.77
2871,499,11,2020-01-29,12284,Routine service,168.43,78.24,246.67
2872,499,13,2021-03-30,34649,Routine service,164.59,72.00,236.59
2873,499,,2023-05-19,75599,Oil and filter change,50.80,47.52,98.32
2874,499,,2023-07-25,79116,Oil and filter change,47.92,33.12,81.04
2875,499,,2023-09-20,82108,Oil and filter change,86.39,35.04,121.43
2876,500,9,2020-03-08,19671,Oil and filter change,88.06,35.04,123.10
2877,500,28,2020-12-04,33411,Oil and filter change,87.30,36.00,123.30
2878,500,,2022-11-22,69813,Routine service,92.28,64.80,157.08
2879,500,,2023-10-07,85986,Tyre replacement,250.53,42.72,293.25
2880,500,,2023-12-14,89434,Air conditioning service,104.89,57.60,162.49
2881,501,26,2022-04-10,24371,Tyre replacement,576.58,41.28,617.86
2882,501,18,2023-12-07,49192,Oil and filter change,69.78,36.00,105.78
2883,501,22,2024-04-04,54067,Routine service,131.41,67.68,199.09
2884,501,,2025-04-14,69427,Brake replacement,160.52,116.16,276.68
2885,501,30,2025-04-21,70047,Routine service,92.21,73.92,166.13
2886,502,9,2024-07-01,18437,Oil and filter change,36.46,36.48,72.94
2887,502,3,2024-11-27,24528,Timing belt replacement,417.43,249.60,667.03
2888,503,12,2024-06-12,14111,Bodywork repair,374.56,329.76,704.32
2889,503,25,2024-11-24,17772,Oil and filter change,53.83,45.60,99.43
2890,503,17,2025-05-28,21876,Routine service,127.73,81.60,209.33
2891,504,25,2017-04-30,8308,Routine service,150.36,84.96,235.32
2892,504,6,2018-02-11,21855,Routine service,138.47,86.88,225.35
2893,504,7,2018-06-07,27331,Routine service,120.20,84.48,204.68
2894,504,17,2019-09-12,49140,Brake replacement,234.40,96.96,331.36
2895,504,23,2021-06-10,79210,Routine service,136.37,69.60,205.97
2896,504,,2021-12-20,88320,Battery replacement,183.38,25.44,208.82
2897,504,20,2022-01-14,89500,Routine service,67.78,77.28,145.06
2898,504,,2022-04-30,94504,Routine service,163.61,83.04,246.65
2899,504,,2023-05-22,112773,Tyre replacement,442.02,42.24,484.26
2900,504,5,2025-01-15,141284,Routine service,83.10,86.40,169.50
2901,505,11,2019-03-03,18164,Bodywork repair,337.48,341.28,678.76
2902,505,5,2019-06-29,22367,Routine service,101.31,75.84,177.15
2903,505,19,2019-12-09,28173,Brake replacement,113.45,105.60,219.05
2904,505,,2020-11-21,40567,Brake replacement,302.01,99.36,401.37
2905,505,18,2022-08-08,62828,Routine service,90.74,69.60,160.34
2906,505,,2022-10-21,65464,Tyre replacement,569.43,53.28,622.71
2907,505,,2024-03-26,84056,Oil and filter change,47.66,43.68,91.34
2908,505,,2024-04-23,85053,Routine service,176.59,83.52,260.11
2909,506,19,2022-10-16,1709,Oil and filter change,87.87,39.84,127.71
2910,506,12,2023-08-17,9608,Brake replacement,209.65,118.08,327.73
2911,506,16,2023-08-19,10248,Routine service,66.60,77.28,143.88
2912,506,4,2023-12-17,12768,Oil and filter change,73.93,43.20,117.13
2913,507,19,2023-08-20,7427,Routine service,70.61,70.56,141.17
2914,507,2,2024-07-22,17602,Brake replacement,259.03,83.52,342.55
2915,508,21,2018-08-29,11383,Routine service,100.08,87.84,187.92
2916,508,17,2020-03-25,39186,Oil and filter change,79.38,43.20,122.58
2917,508,20,2020-05-05,41172,Suspension repair,301.48,157.92,459.40
2918,508,10,2020-07-17,44708,Clutch repair,442.08,243.84,685.92
2919,508,,2022-01-05,70720,Oil and filter change,50.75,40.80,91.55
2920,508,,2023-03-09,91451,Routine service,144.71,87.36,232.07
2921,508,29,2025-06-23,131994,Brake replacement,289.90,119.52,409.42
2922,509,17,2020-09-04,15541,Air conditioning service,117.62,60.96,178.58
2923,509,29,2021-04-24,21822,Battery replacement,136.15,21.12,157.27
2924,509,24,2021-06-29,23609,Oil and filter change,78.94,36.00,114.94
2925,509,,2023-09-06,45242,Brake replacement,284.19,115.20,399.39
2926,509,,2024-04-10,51117,Routine service,87.16,82.56,169.72
2927,509,,2024-06-21,53066,Routine service,133.03,70.56,203.59
2928,510,3,2021-11-29,13411,Brake replacement,119.48,97.44,216.92
2929,510,25,2022-03-24,17201,Battery replacement,197.25,21.60,218.85
2930,510,12,2023-05-09,30744,Bodywork repair,842.20,292.32,1134.52
2931,510,23,2024-05-01,42541,Brake replacement,119.98,98.40,218.38
2932,510,,2025-01-23,51339,Routine service,84.74,78.72,163.46
2933,511,4,2021-05-17,25111,Brake replacement,226.97,87.36,314.33
2934,511,1,2021-08-21,29025,Suspension repair,280.37,135.36,415.73
2935,511,3,2021-12-16,33795,Timing belt replacement,396.12,199.20,595.32
2936,511,1,2022-02-11,36118,Oil and filter change,58.28,40.32,98.60
2937,511,29,2022-03-26,37871,Tyre replacement,614.18,54.24,668.42
2938,511,,2024-09-15,74724,Brake replacement,96.26,104.16,200.42
2939,512,19,2015-10-29,9838,Brake replacement,306.17,110.40,416.57
2940,512,15,2016-12-23,29102,Suspension repair,191.14,157.44,348.58
2941,512,6,2017-11-08,43745,Routine service,88.33,71.04,159.37
2942,512,24,2018-07-26,55642,Oil and filter change,53.13,43.68,96.81
2943,512,,2019-07-14,71795,Routine service,175.83,68.16,243.99
2944,512,22,2020-10-08,92477,Routine service,65.59,70.56,136.15
2945,512,,2023-02-05,131372,Routine service,88.00,79.20,167.20
2946,512,,2024-01-27,147662,Routine service,130.91,82.08,212.99
2947,512,18,2024-02-25,148989,Oil and filter change,68.01,39.84,107.85
2948,512,,2024-09-04,157775,Oil and filter change,39.91,39.36,79.27
2949,512,,2025-01-23,164227,Air conditioning service,59.53,69.60,129.13
2950,513,26,2021-06-30,4552,Routine service,62.20,73.92,136.12
2951,513,19,2021-10-27,8140,Brake replacement,267.89,104.16,372.05
2952,513,20,2023-06-05,25807,Tyre replacement,577.90,53.28,631.18
2953,513,,2024-08-30,39435,Timing belt replacement,516.25,215.52,731.77
2954,513,14,2025-01-30,44048,Routine service,106.46,73.92,180.38
2955,514,28,2024-07-12,70725,Brake replacement,222.22,102.24,324.46
2956,514,21,2024-08-15,72398,Routine service,164.98,85.92,250.90
2957,514,,2024-10-18,75548,Tyre replacement,510.68,44.64,555.32
2958,514,,2025-05-04,85293,Air conditioning service,41.23,63.36,104.59
2959,514,,2025-06-16,87409,Bodywork repair,616.53,263.52,880.05
2960,515,16,2024-07-05,10389,Battery replacement,131.99,28.80,160.79
2961,515,20,2025-05-10,19136,Routine service,67.12,62.88,130.00
2962,517,15,2019-11-21,1766,Tyre replacement,317.01,51.36,368.37
2963,517,12,2020-09-22,7456,Oil and filter change,68.28,44.16,112.44
2964,517,16,2022-01-31,16680,Routine service,178.24,75.84,254.08
2965,517,,2023-06-04,25773,Routine service,67.72,63.84,131.56
2966,517,,2024-05-02,31966,Routine service,102.65,68.64,171.29
2967,517,,2024-12-10,36094,Tyre replacement,324.54,52.80,377.34
2968,518,27,2014-01-07,4924,Routine service,102.46,67.68,170.14
2969,518,,2017-08-28,61839,Tyre replacement,546.13,58.08,604.21
2970,518,,2019-01-20,83680,Routine service,126.15,65.76,191.91
2971,518,,2019-02-15,84793,Brake replacement,247.36,115.68,363.04
2972,518,,2020-12-05,113015,Air conditioning service,76.50,51.84,128.34
2973,518,17,2021-04-17,118711,Routine service,143.23,75.36,218.59
2974,518,,2021-07-06,122137,Bodywork repair,549.55,300.48,850.03
2975,518,,2021-09-23,125520,Oil and filter change,79.95,48.00,127.95
2976,518,,2023-08-02,154556,Oil and filter change,68.19,34.56,102.75
2977,518,11,2024-12-07,175668,Battery replacement,196.48,22.56,219.04
2978,519,17,2023-09-19,5380,Oil and filter change,56.26,38.40,94.66
2979,519,17,2023-10-23,6182,Brake replacement,243.75,86.40,330.15
2980,519,4,2023-12-28,7740,Routine service,145.93,78.24,224.17
2981,520,11,2020-12-08,2118,Tyre replacement,515.80,58.08,573.88
2982,520,22,2021-06-08,3276,Routine service,60.65,63.84,124.49
2983,520,28,2022-07-02,5750,Routine service,150.33,70.08,220.41
2984,520,3,2022-08-04,6195,Clutch repair,576.09,294.72,870.81
2985,520,,2024-04-19,9930,Oil and filter change,52.78,33.12,85.90
2986,521,6,2021-04-04,20334,Oil and filter change,84.97,48.00,132.97
2987,521,2,2021-06-14,23822,Routine service,143.22,72.00,215.22
2988,521,25,2021-08-02,26229,Oil and filter change,73.62,39.36,112.98
2989,521,28,2022-02-07,35512,Brake replacement,117.93,114.24,232.17
2990,521,17,2022-09-01,45630,Oil and filter change,70.07,42.72,112.79
2991,522,21,2015-02-03,12506,Tyre replacement,464.01,55.68,519.69
2992,522,2,2015-12-05,18514,Bodywork repair,379.65,347.04,726.69
2993,522,,2017-12-31,33423,Oil and filter change,77.48,36.48,113.96
2994,522,,2019-04-17,42720,Routine service,68.24,62.88,131.12
2995,522,,2019-04-27,43360,Oil and filter change,76.30,42.24,118.54
2996,522,,2021-08-03,59245,Brake replacement,277.55,109.44,386.99
2997,522,,2023-03-14,70826,Brake replacement,229.65,109.44,339.09
2998,522,20,2023-07-25,73445,Tyre replacement,252.57,48.48,301.05
2999,522,,2023-08-22,73997,Routine service,149.37,83.52,232.89
3000,522,,2023-10-10,74962,Battery replacement,158.47,23.52,181.99
3001,522,,2023-10-11,75725,Air conditioning service,62.57,62.40,124.97
3002,522,16,2025-06-18,87114,Oil and filter change,81.09,44.16,125.25
3003,523,22,2021-06-11,7287,Tyre replacement,450.14,46.56,496.70
3004,523,29,2021-07-05,7952,Routine service,148.29,69.60,217.89
3005,523,17,2021-07-31,8672,Timing belt replacement,494.27,210.72,704.99
3006,523,30,2023-04-03,25602,Battery replacement,100.40,29.76,130.16
3007,523,,2024-05-04,36602,Oil and filter change,43.08,37.92,81.00
3008,523,,2024-11-20,42143,Routine service,133.48,72.00,205.48
3009,524,3,2025-03-15,707,Oil and filter change,66.79,42.24,109.03
3010,525,2,2023-12-14,19668,Oil and filter change,77.59,45.12,122.71
3011,525,6,2024-07-21,26419,Brake replacement,120.00,103.20,223.20
3012,525,10,2025-06-18,36606,Brake replacement,90.45,113.76,204.21
3013,526,13,2022-12-09,1189,Brake replacement,184.64,116.16,300.80
3014,526,16,2023-08-05,3191,Brake replacement,272.89,94.56,367.45
3015,527,,2020-09-24,52337,Brake replacement,200.68,117.60,318.28
3016,527,,2020-11-15,54524,Clutch repair,549.37,238.56,787.93
3017,527,,2021-06-24,63822,Routine service,78.17,62.40,140.57
3018,527,,2022-08-01,80777,Tyre replacement,442.76,42.72,485.48
3019,527,,2022-08-28,81913,Routine service,123.52,71.52,195.04
3020,527,14,2024-06-28,110101,Tyre replacement,472.73,57.60,530.33
3021,527,,2024-09-13,113341,Air conditioning service,64.14,56.16,120.30
3022,527,,2024-10-19,114855,Oil and filter change,43.22,40.32,83.54
3023,527,24,2024-12-16,117295,Routine service,128.11,77.28,205.39
3024,528,17,2016-11-17,20530,Oil and filter change,41.01,37.44,78.45
3025,528,,2018-06-02,36059,Tyre replacement,218.39,43.20,261.59
3026,528,,2018-08-12,38021,Clutch repair,311.01,324.00,635.01
3027,528,,2019-12-14,51533,Oil and filter change,62.54,32.64,95.18
3028,528,,2020-09-27,59491,Clutch repair,318.98,267.84,586.82
3029,528,28,2021-03-27,64493,Oil and filter change,38.09,33.12,71.21
3030,528,,2021-09-11,69135,Bodywork repair,290.05,335.52,625.57
3031,528,,2021-11-05,70655,Brake replacement,308.37,105.12,413.49
3032,528,,2021-12-23,71981,Tyre replacement,239.24,47.04,286.28
3033,528,,2024-04-01,94916,Brake replacement,174.83,112.32,287.15
3034,528,,2024-05-01,95745,Brake replacement,124.86,95.04,219.90
3035,528,25,2025-04-02,105029,Battery replacement,144.18,28.32,172.50
3036,529,10,2013-09-24,3512,Routine service,152.78,87.36,240.14
3037,529,19,2015-07-16,33623,Routine service,119.08,77.76,196.84
3038,529,30,2016-04-30,46808,Routine service,75.40,69.12,144.52
3039,529,25,2016-06-05,48450,Clutch repair,529.55,252.00,781.55
3040,529,,2016-09-25,53560,Routine service,65.92,79.20,145.12
3041,529,24,2016-11-13,55795,Tyre replacement,601.32,43.68,645.00
3042,529,,2017-09-07,69390,Clutch repair,626.81,276.00,902.81
3043,529,,2018-05-06,80385,Brake replacement,93.51,89.76,183.27
3044,529,,2018-12-19,90741,Tyre replacement,476.77,46.56,523.33
3045,529,,2020-08-10,118114,Tyre replacement,344.56,44.16,388.72
3046,529,11,2021-02-21,127011,Routine service,179.58,61.44,241.02
3047,529,21,2021-05-23,131162,Routine service,107.19,73.92,181.11
3048,529,,2022-10-09,154156,Routine service,62.87,85.92,148.79
3049,529,,2024-01-21,175552,Routine service,141.53,89.76,231.29
3050,529,,2024-11-04,188691,Routine service,136.81,87.36,224.17
3051,530,6,2020-06-06,4650,Oil and filter change,70.85,35.04,105.89
3052,530,25,2021-10-11,18603,Tyre replacement,381.89,55.20,437.09
3053,530,12,2022-08-17,27394,Routine service,85.39,85.92,171.31
3054,530,9,2023-07-27,37150,Timing belt replacement,526.19,195.36,721.55
3055,530,7,2024-02-12,42822,Oil and filter change,80.53,37.92,118.45
3056,531,9,2019-08-20,17898,Tyre replacement,502.60,50.40,553.00
3057,531,25,2019-11-20,21624,Brake replacement,255.41,87.84,343.25
3058,531,7,2020-01-10,23689,Oil and filter change,45.59,38.40,83.99
3059,531,9,2020-12-04,37012,Oil and filter change,88.67,44.64,133.31
3060,531,,2021-12-20,52441,Oil and filter change,79.38,47.04,126.42
3061,531,,2022-01-13,53413,Oil and filter change,72.91,39.36,112.27
3062,531,15,2023-01-20,68477,Routine service,86.90,86.88,173.78
3063,535,10,2022-07-22,17549,Routine service,96.42,87.84,184.26
3064,535,4,2023-06-30,28635,Routine service,129.53,77.28,206.81
3065,535,15,2023-12-30,34549,Oil and filter change,61.31,44.16,105.47
3066,535,,2025-05-17,50838,Oil and filter change,89.53,43.68,133.21
3067,536,19,2024-04-08,6565,Tyre replacement,224.74,43.20,267.94
3068,536,3,2024-11-11,21104,Clutch repair,490.91,309.60,800.51
3069,537,25,2011-02-28,15538,Air conditioning service,85.21,60.48,145.69
3070,537,26,2011-08-11,23100,Routine service,171.01,89.28,260.29
3071,537,29,2011-12-09,28633,Timing belt replacement,452.66,200.64,653.30
3072,537,,2014-10-27,77185,Routine service,133.71,66.72,200.43
3073,537,,2016-01-10,97472,Oil and filter change,84.01,42.24,126.25
3074,537,,2018-04-14,135512,Oil and filter change,48.93,35.52,84.45
3075,537,,2019-01-21,148514,Brake replacement,310.29,93.12,403.41
3076,537,,2019-06-17,155292,Battery replacement,114.34,28.32,142.66
3077,537,13,2020-01-28,165666,Routine service,128.21,62.88,191.09
3078,537,,2021-03-15,184663,Air conditioning service,129.72,54.72,184.44
3079,537,26,2021-04-19,186277,Oil and filter change,57.08,37.44,94.52
3080,537,,2021-04-30,186865,Routine service,176.07,80.64,256.71
3081,537,,2021-05-22,187798,Routine service,111.93,82.56,194.49
3082,537,,2021-06-29,189550,Routine service,66.76,79.20,145.96
3083,537,23,2022-05-01,203659,Brake replacement,126.68,106.08,232.76
3084,537,,2023-05-26,221642,Routine service,60.12,83.04,143.16
3085,538,24,2015-03-11,3960,Routine service,141.45,84.00,225.45
3086,538,21,2016-08-22,27027,Brake replacement,214.09,111.84,325.93
3087,538,1,2016-12-01,31423,Routine service,70.03,80.64,150.67
3088,538,,2018-05-08,54185,Routine service,158.19,78.24,236.43
3089,538,8,2019-05-20,70593,Tyre replacement,227.52,58.08,285.60
3090,538,,2020-01-03,80516,Routine service,130.31,67.20,197.51
3091,538,,2020-03-19,83824,Brake replacement,199.95,101.76,301.71
3092,538,,2022-05-28,118642,Oil and filter change,35.49,38.40,73.89
3093,538,2,2022-12-14,127347,Routine service,156.46,63.84,220.30
3094,538,3,2023-03-25,131743,Clutch repair,670.92,271.68,942.60
3095,538,,2024-11-05,157465,Routine service,150.04,68.64,218.68
3096,539,17,2023-03-24,6448,Routine service,167.31,76.80,244.11
3097,539,3,2024-10-19,32561,Clutch repair,282.70,293.76,576.46
3098,540,19,2017-11-13,20126,Routine service,126.45,64.32,190.77
3099,540,15,2018-10-04,41295,Battery replacement,172.48,28.80,201.28
3100,540,24,2019-12-07,69237,Routine service,65.95,88.32,154.27
3101,540,7,2020-01-05,71126,Routine service,83.16,79.20,162.36
3102,540,,2020-08-03,84870,Brake replacement,176.11,82.08,258.19
3103,540,,2022-07-05,130529,Routine service,70.90,76.32,147.22
3104,540,,2023-02-24,145770,Routine service,135.99,78.72,214.71
3105,540,,2023-08-28,157820,Routine service,109.59,87.84,197.43
3106,541,22,2015-12-12,3141,Oil and filter change,44.01,44.64,88.65
3107,541,25,2016-04-27,8521,Timing belt replacement,321.50,184.80,506.30
3108,541,26,2016-07-06,11271,Clutch repair,702.76,298.56,1001.32
3109,541,21,2018-04-24,37072,Oil and filter change,77.07,37.44,114.51
3110,541,,2020-03-21,64445,Routine service,63.69,77.76,141.45
3111,541,5,2020-04-28,65937,Air conditioning service,84.04,54.24,138.28
3112,541,,2024-02-03,119975,Routine service,126.32,71.04,197.36
3113,542,7,2016-09-12,1566,Tyre replacement,477.44,49.92,527.36
3114,542,2,2017-06-30,3159,Oil and filter change,67.13,32.64,99.77
3115,542,,2019-04-18,6756,Routine service,121.62,75.84,197.46
3116,542,,2019-07-02,7480,Oil and filter change,69.56,35.52,105.08
3117,542,17,2020-07-06,9193,Routine service,103.97,78.24,182.21
3118,542,,2022-07-31,13327,Routine service,160.65,63.36,224.01
3119,542,,2024-06-22,17116,Battery replacement,176.74,29.76,206.50
3120,542,,2024-09-14,17942,Tyre replacement,332.98,43.20,376.18
3121,542,,2024-10-27,18692,Air conditioning service,53.87,58.08,111.95
3122,542,15,2025-05-05,19159,Oil and filter change,62.67,43.68,106.35
3123,543,24,2023-05-18,1795,Oil and filter change,47.03,38.88,85.91
3124,543,23,2023-12-23,5045,Routine service,108.35,69.60,177.95
3125,545,14,2021-02-19,7047,Oil and filter change,88.47,39.36,127.83
3126,545,14,2021-02-25,7403,Routine service,170.22,76.32,246.54
3127,545,26,2023-08-04,46269,Tyre replacement,349.12,53.28,402.40
3128,545,,2023-09-16,48151,Routine service,90.62,76.32,166.94
3129,545,,2023-12-14,52047,Routine service,125.24,63.84,189.08
3130,546,16,2021-07-08,14049,Routine service,83.80,69.12,152.92
3131,546,8,2021-07-30,14626,Oil and filter change,50.46,42.72,93.18
3132,546,9,2021-09-06,15622,Oil and filter change,43.50,45.60,89.10
3133,546,21,2022-12-30,28204,Brake replacement,215.36,88.32,303.68
3134,546,11,2023-07-21,33526,Oil and filter change,67.05,37.44,104.49
3135,546,,2023-12-19,37484,Clutch repair,655.26,225.12,880.38
3136,547,25,2013-05-31,5489,Routine service,126.99,82.56,209.55
3137,547,10,2013-11-06,12887,Suspension repair,360.73,129.60,490.33
3138,547,12,2014-02-18,17725,Oil and filter change,48.26,46.08,94.34
3139,547,,2016-09-26,61969,Air conditioning service,87.90,51.36,139.26
3140,547,,2016-12-24,66109,Routine service,174.65,69.12,243.77
3141,547,,2017-05-13,72623,Oil and filter change,64.33,46.08,110.41
3142,547,,2017-10-05,79369,Routine service,126.39,67.68,194.07
3143,547,8,2020-04-08,121984,Air conditioning service,75.86,69.12,144.98
3144,547,,2021-06-06,141710,Routine service,139.64,76.32,215.96
3145,547,14,2021-08-12,144827,Routine service,80.85,71.04,151.89
3146,547,27,2021-08-22,145292,Oil and filter change,74.22,42.72,116.94
3147,547,,2023-06-27,176649,Battery replacement,201.55,27.36,228.91
3148,547,,2023-10-02,181162,Suspension repair,237.20,135.36,372.56
3149,547,29,2024-08-16,196003,Tyre replacement,339.79,54.24,394.03
3150,548,9,2021-02-06,15674,Routine service,85.65,89.76,175.41
3151,548,25,2021-03-10,16558,Brake replacement,157.87,106.56,264.43
3152,548,9,2022-02-22,26206,Routine service,169.75,83.52,253.27
3153,548,4,2022-04-16,27671,Brake replacement,259.74,112.80,372.54
3154,548,12,2022-06-05,29053,Clutch repair,677.06,285.60,962.66
3155,549,3,2022-01-14,10260,Oil and filter change,47.18,39.36,86.54
3156,549,,2024-07-29,47706,Oil and filter change,56.23,40.80,97.03
3157,549,17,2025-01-22,54856,Routine service,147.24,76.80,224.04
3158,549,20,2025-04-12,58087,Brake replacement,151.76,100.32,252.08
3159,550,6,2021-03-25,6156,Routine service,95.62,83.52,179.14
3160,550,1,2021-09-16,13797,Oil and filter change,85.74,35.04,120.78
3161,550,27,2022-05-02,23752,Routine service,78.34,62.40,140.74
3162,550,25,2023-05-02,39689,Battery replacement,168.15,27.36,195.51
3163,550,,2024-04-30,55583,Air conditioning service,59.61,58.08,117.69
3164,551,1,2023-03-15,859,Brake replacement,97.49,84.96,182.45
3165,551,17,2025-01-29,4133,Air conditioning service,73.21,68.64,141.85
3166,552,22,2019-03-28,4407,Oil and filter change,50.13,39.36,89.49
3167,552,2,2020-07-12,15776,Oil and filter change,85.59,33.12,118.71
3168,552,17,2020-09-07,17149,Routine service,83.52,89.76,173.28
3169,552,28,2021-06-15,23917,Routine service,96.23,77.76,173.99
3170,552,1,2022-01-21,29216,Battery replacement,186.32,22.56,208.88
3171,552,,2022-04-21,31383,Oil and filter change,58.25,37.92,96.17
3172,552,26,2023-10-21,44582,Tyre replacement,346.51,57.12,403.63
3173,552,,2024-10-11,53157,Air conditioning service,110.57,58.56,169.13
3174,553,27,2013-02-16,4188,Oil and filter change,83.56,47.52,131.08
3175,553,6,2014-08-31,20853,Oil and filter change,64.28,44.64,108.92
3176,553,10,2017-07-05,51717,Tyre replacement,597.80,48.96,646.76
3177,553,,2018-03-31,59708,Routine service,86.84,87.84,174.68
3178,553,,2019-03-29,70491,Oil and filter change,55.87,44.64,100.51
3179,553,9,2019-04-30,71442,Brake replacement,107.65,118.56,226.21
3180,553,,2019-05-28,72273,Brake replacement,97.68,110.40,208.08
3181,553,,2019-06-28,73194,Oil and filter change,70.09,33.60,103.69
3182,553,,2019-08-26,74947,Routine service,78.85,89.28,168.13
3183,553,,2020-05-02,82373,Oil and filter change,55.04,41.76,96.80
3184,553,30,2022-01-14,100850,Routine service,127.38,84.96,212.34
3185,553,4,2022-02-18,101890,Routine service,126.72,88.32,215.04
3186,553,,2022-07-04,105930,Oil and filter change,61.90,43.20,105.10
3187,555,17,2024-12-23,3621,Routine service,154.22,82.08,236.30
3188,556,19,2021-10-21,25274,Oil and filter change,55.75,39.84,95.59
3189,556,5,2021-12-14,27961,Routine service,116.15,68.16,184.31
3190,556,29,2023-07-09,56420,Routine service,131.54,70.08,201.62
3191,556,,2023-07-11,57073,Brake replacement,155.98,117.12,273.10
3192,556,17,2023-09-15,59804,Routine service,118.42,62.88,181.30
3193,556,,2024-11-28,81695,Battery replacement,94.63,23.04,117.67
3194,557,24,2022-06-19,16975,Timing belt replacement,533.36,202.08,735.44
3195,557,29,2022-09-23,22518,Brake replacement,204.78,110.88,315.66
3196,557,13,2023-03-19,32738,Routine service,117.50,87.84,205.34
3197,557,2,2024-01-03,49482,Battery replacement,141.70,22.08,163.78
3198,560,24,2013-06-12,35417,Oil and filter change,71.21,34.56,105.77
3199,560,1,2013-11-25,44900,Oil and filter change,60.82,39.36,100.18
3200,560,6,2014-11-01,64379,Brake replacement,196.55,81.60,278.15
3201,560,24,2015-06-15,77289,Oil and filter change,54.69,41.76,96.45
3202,560,28,2016-01-02,88772,Routine service,165.83,85.44,251.27
3203,560,,2016-09-19,103681,Air conditioning service,101.08,59.04,160.12
3204,560,,2017-11-07,127331,Oil and filter change,63.29,39.84,103.13
3205,560,19,2018-02-28,133786,Oil and filter change,77.52,39.84,117.36
3206,560,,2019-10-26,168347,Air conditioning service,123.41,70.08,193.49
3207,560,10,2021-02-13,195538,Routine service,142.65,88.80,231.45
3208,560,,2021-09-09,207420,Routine service,77.78,89.76,167.54
3209,560,,2022-10-01,229527,Routine service,64.88,62.40,127.28
3210,560,27,2023-02-09,237011,Routine service,87.23,80.64,167.87
3211,560,,2023-11-10,252663,Routine service,154.30,77.76,232.06
3212,560,,2024-01-14,256376,Oil and filter change,89.97,44.16,134.13
3213,560,26,2024-11-12,273685,Battery replacement,85.06,27.36,112.42
3214,561,24,2023-08-07,30191,Tyre replacement,225.25,45.12,270.37
3215,561,10,2023-10-06,32603,Battery replacement,101.80,28.80,130.60
3216,561,13,2024-05-09,41286,Oil and filter change,75.53,32.64,108.17
3217,562,3,2024-12-02,5827,Routine service,98.92,80.16,179.08
3218,563,12,2022-05-09,1265,Routine service,77.21,81.60,158.81
3219,563,12,2024-05-14,13679,Routine service,166.51,78.24,244.75
3220,563,,2025-06-25,20544,Suspension repair,282.64,152.16,434.80
3221,564,28,2015-06-17,516,Routine service,97.37,78.72,176.09
3222,564,29,2017-05-23,30898,Brake replacement,144.31,104.64,248.95
3223,564,30,2017-11-13,38386,Clutch repair,505.05,250.56,755.61
3224,564,9,2021-02-12,89468,Tyre replacement,281.09,43.20,324.29
3225,564,,2021-08-25,97817,Battery replacement,169.30,23.52,192.82
3226,564,,2021-09-13,98679,Routine service,113.81,69.12,182.93
3227,564,,2024-01-19,135558,Tyre replacement,605.64,49.44,655.08
3228,564,,2024-04-26,139776,Routine service,86.51,75.36,161.87
3229,564,,2024-05-10,140378,Brake replacement,266.12,104.16,370.28
3230,564,,2024-05-20,140917,Suspension repair,433.98,139.20,573.18
3231,564,,2024-11-27,149028,Routine service,141.70,71.52,213.22
3232,565,14,2016-03-21,11476,Oil and filter change,47.99,34.56,82.55
3233,565,22,2017-09-09,38273,Routine service,79.45,85.92,165.37
3234,565,21,2017-12-22,43462,Brake replacement,294.04,105.12,399.16
3235,565,11,2018-04-20,49400,Battery replacement,114.50,29.76,144.26
3236,565,,2019-11-05,77544,Brake replacement,118.60,88.32,206.92
3237,565,,2022-11-28,133381,Routine service,107.10,88.32,195.42
3238,565,17,2023-12-16,152493,Tyre replacement,230.41,42.24,272.65
3239,565,,2024-02-06,155088,Battery replacement,179.27,28.80,208.07
3240,565,4,2025-03-05,174698,Routine service,106.06,80.64,186.70
3241,565,,2025-05-31,179040,Oil and filter change,38.66,46.56,85.22
3242,566,6,2022-06-26,12750,Routine service,140.94,82.08,223.02
3243,566,11,2022-09-01,15084,Oil and filter change,71.82,44.16,115.98
3244,566,7,2023-12-03,31039,Brake replacement,267.23,114.24,381.47
3245,566,4,2024-02-11,33477,Routine service,153.49,81.60,235.09
3246,567,29,2023-02-13,10719,Oil and filter change,63.04,39.36,102.40
3247,567,5,2023-08-02,14484,Routine service,109.33,79.20,188.53
3248,567,5,2024-03-03,19223,Bodywork repair,258.76,308.16,566.92
3249,569,20,2019-10-03,22601,Routine service,165.80,84.48,250.28
3250,569,30,2020-04-08,29671,Oil and filter change,72.05,37.44,109.49
3251,569,3,2020-04-09,30554,Clutch repair,578.55,255.36,833.91
3252,569,4,2020-06-08,31965,Oil and filter change,51.56,44.16,95.72
3253,569,,2021-04-14,43622,Oil and filter change,63.16,43.20,106.36
3254,569,6,2024-02-08,82357,Bodywork repair,713.34,332.16,1045.50
3255,570,10,2024-10-21,10041,Tyre replacement,350.50,58.56,409.06
3256,571,16,2012-10-07,25853,Routine service,95.91,66.72,162.63
3257,571,25,2014-03-08,52531,Routine service,102.97,74.40,177.37
3258,571,,2015-03-31,72553,Routine service,146.88,69.12,216.00
3259,571,,2015-08-31,80449,Routine service,125.89,83.52,209.41
3260,571,28,2016-04-08,91853,Battery replacement,171.31,22.56,193.87
3261,571,22,2017-06-26,114765,Oil and filter change,87.42,36.48,123.90
3262,571,22,2018-05-03,130813,Air conditioning service,119.63,49.92,169.55
3263,571,,2018-11-21,141237,Battery replacement,148.52,24.48,173.00
3264,571,,2019-01-07,143663,Oil and filter change,66.80,39.84,106.64
3265,571,,2020-02-16,164562,Oil and filter change,66.05,45.12,111.17
3266,571,,2021-04-21,186751,Routine service,68.03,62.88,130.91
3267,571,24,2022-09-25,213688,Routine service,90.49,76.80,167.29
3268,571,,2025-01-03,256570,Tyre replacement,521.63,52.32,573.95
3269,571,,2025-03-15,260234,Routine service,175.55,68.16,243.71
3270,571,,2025-04-22,262195,Battery replacement,115.14,28.32,143.46
3271,572,5,2018-05-27,2630,Routine service,160.70,83.04,243.74
3272,572,29,2018-10-19,10110,Battery replacement,186.03,25.92,211.95
3273,572,7,2019-08-17,25687,Suspension repair,225.16,163.20,388.36
3274,572,22,2022-12-25,88927,Clutch repair,761.94,243.84,1005.78
3275,572,,2023-03-02,92383,Routine service,103.71,77.76,181.47
3276,572,9,2023-04-07,94240,Brake replacement,93.39,84.00,177.39
3277,572,,2024-02-12,110282,Air conditioning service,65.06,70.08,135.14
3278,572,,2024-09-30,122198,Timing belt replacement,405.58,201.12,606.70
3279,573,2,2016-01-26,20995,Oil and filter change,38.92,46.56,85.48
3280,573,24,2016-07-21,30476,Battery replacement,112.59,23.52,136.11
3281,573,13,2018-09-28,73271,Clutch repair,684.30,287.52,971.82
3282,573,,2019-07-01,88054,Routine service,148.98,72.96,221.94
3283,573,,2019-07-24,89286,Tyre replacement,348.23,41.28,389.51
3284,573,26,2020-12-16,116656,Tyre replacement,288.29,58.56,346.85
3285,573,1,2021-06-04,125761,Oil and filter change,55.30,45.12,100.42
3286,573,,2021-12-06,135670,Routine service,153.99,85.44,239.43
3287,573,,2024-02-16,178626,Brake replacement,199.88,96.48,296.36
3288,573,,2025-05-05,202407,Routine service,152.40,67.68,220.08
3289,575,11,2023-12-23,3317,Oil and filter change,89.30,43.68,132.98
3290,575,30,2024-03-19,6924,Routine service,157.47,61.92,219.39
3291,576,5,2025-06-17,4686,Timing belt replacement,450.31,224.64,674.95
3292,578,20,2017-05-27,836,Oil and filter change,73.44,46.08,119.52
3293,578,13,2017-06-20,1323,Battery replacement,112.83,24.00,136.83
3294,578,28,2018-04-18,7037,Routine service,140.29,72.00,212.29
3295,578,26,2018-11-26,11260,Tyre replacement,218.35,43.20,261.55
3296,578,20,2019-01-07,12059,Brake replacement,282.21,103.20,385.41
3297,578,6,2020-01-06,18982,Oil and filter change,73.23,44.16,117.39
3298,578,,2021-02-20,26800,Oil and filter change,61.88,40.32,102.20
3299,578,,2021-03-01,27048,Routine service,116.99,72.48,189.47
3300,578,,2024-03-28,48332,Air conditioning service,90.31,63.84,154.15
3301,579,5,2015-05-19,10220,Tyre replacement,275.28,59.04,334.32
3302,579,30,2015-11-24,22369,Brake replacement,185.05,83.52,268.57
3303,579,16,2017-05-06,56374,Suspension repair,381.24,158.88,540.12
3304,579,17,2017-10-03,66016,Brake replacement,207.17,119.04,326.21
3305,579,30,2018-01-23,73216,Tyre replacement,549.68,48.96,598.64
3306,579,25,2018-07-30,85301,Routine service,82.52,78.72,161.24
3307,579,,2019-05-24,104457,Oil and filter change,51.34,34.08,85.42
3308,579,,2021-05-09,150482,Suspension repair,456.42,127.68,584.10
3309,579,,2021-07-06,154210,Tyre replacement,613.81,54.24,668.05
3310,579,,2025-06-06,246197,Routine service,116.14,84.48,200.62
3311,580,22,2021-04-26,5970,Clutch repair,532.63,265.44,798.07
3312,580,24,2022-09-23,16952,Bodywork repair,845.93,273.60,1119.53
3313,580,17,2023-04-04,21068,Tyre replacement,183.61,60.00,243.61
3314,580,,2024-04-19,29193,Suspension repair,149.27,141.60,290.87
3315,581,15,2012-05-28,18079,Oil and filter change,72.58,34.08,106.66
3316,581,22,2012-08-24,19977,Routine service,165.05,72.96,238.01
3317,581,27,2013-08-28,27938,Air conditioning service,98.75,63.84,162.59
3318,581,,2013-11-08,29492,Air conditioning service,69.97,60.96,130.93
3319,581,,2014-10-01,36546,Timing belt replacement,249.04,242.88,491.92
3320,581,,2016-03-21,48132,Routine service,153.94,83.04,236.98
3321,581,21,2016-03-30,48326,Timing belt replacement,346.47,231.36,577.83
3322,581,2,2016-11-14,53266,Routine service,167.94,86.40,254.34
3323,581,18,2017-06-08,57711,Oil and filter change,60.22,35.04,95.26
3324,581,3,2018-11-05,68822,Brake replacement,99.59,87.84,187.43
3325,581,,2019-03-16,71648,Oil and filter change,50.78,40.80,91.58
3326,581,,2020-05-09,80709,Bodywork repair,642.20,282.24,924.44
3327,581,11,2020-05-12,80891,Routine service,157.21,71.04,228.25
3328,581,,2020-07-10,82047,Oil and filter change,75.25,48.00,123.25
3329,581,,2024-04-12,111647,Oil and filter change,67.40,46.56,113.96
3330,581,,2025-03-29,119219,Routine service,154.15,75.36,229.51
3331,581,,2025-04-29,119888,Oil and filter change,41.54,33.60,75.14
3332,582,22,2022-11-28,11627,Clutch repair,377.54,316.80,694.34
3333,582,15,2024-01-16,33912,Oil and filter change,68.14,42.72,110.86
3334,582,19,2024-07-06,43171,Bodywork repair,639.77,340.80,980.57
3335,582,4,2025-01-13,53452,Routine service,177.63,74.88,252.51
3336,583,17,2022-05-08,1008,Clutch repair,485.89,292.80,778.69
3337,583,12,2022-06-14,1486,Routine service,67.78,80.16,147.94
3338,583,8,2022-09-17,2714,Routine service,163.13,75.84,238.97
3339,584,25,2015-11-08,6317,Routine service,149.32,66.24,215.56
3340,584,19,2015-11-10,7110,Oil and filter change,59.56,42.24,101.80
3341,584,7,2016-06-01,13468,Bodywork repair,647.85,294.72,942.57
3342,584,9,2016-09-04,16766,Oil and filter change,73.82,47.52,121.34
3343,584,15,2016-10-06,17876,Brake replacement,138.88,96.48,235.36
3344,584,3,2017-01-26,21764,Clutch repair,689.92,253.44,943.36
3345,584,,2019-03-05,48423,Oil and filter change,84.70,40.80,125.50
3346,584,,2019-09-01,54672,Routine service,90.76,61.92,152.68
3347,584,14,2020-11-27,70396,Routine service,146.58,62.40,208.98
3348,584,,2021-12-20,83865,Oil and filter change,56.40,37.92,94.32
3349,584,,2023-12-14,108997,Routine service,149.50,62.40,211.90
3350,585,21,2025-04-13,7506,Oil and filter change,37.03,47.52,84.55
3351,586,29,2019-12-22,5485,Brake replacement,317.78,84.48,402.26
3352,586,15,2019-12-31,5951,Routine service,161.11,72.96,234.07
3353,586,17,2020-01-23,6438,Oil and filter change,75.82,43.20,119.02
3354,586,7,2020-04-23,9151,Routine service,162.28,87.84,250.12
3355,586,29,2022-01-26,28319,Routine service,71.70,80.16,151.86
3356,586,25,2022-05-11,31449,Timing belt replacement,527.22,216.00,743.22
3357,587,24,2022-02-07,13051,Routine service,175.61,81.60,257.21
3358,587,13,2022-03-31,15755,Oil and filter change,87.86,36.00,123.86
3359,587,22,2022-09-13,24387,Routine service,101.29,76.32,177.61
3360,587,,2024-06-26,58291,Brake replacement,201.28,104.64,305.92
3361,587,,2024-12-21,67547,Brake replacement,265.63,108.96,374.59
3362,588,17,2025-06-04,25026,Routine service,165.35,84.00,249.35
3363,589,18,2015-06-01,6389,Suspension repair,190.58,166.56,357.14
3364,589,21,2015-07-04,7940,Suspension repair,191.91,133.44,325.35
3365,589,4,2015-07-26,8973,Oil and filter change,69.67,44.16,113.83
3366,589,6,2016-11-02,30821,Brake replacement,247.48,83.04,330.52
3367,589,,2019-01-11,68408,Battery replacement,85.69,23.04,108.73
3368,589,,2019-02-27,70616,Suspension repair,383.54,154.08,537.62
3369,589,7,2019-10-23,81799,Routine service,115.23,81.60,196.83
3370,589,,2020-04-13,89927,Oil and filter change,79.95,42.24,122.19
3371,589,,2020-04-14,90276,Oil and filter change,63.41,42.24,105.65
3372,589,,2023-10-06,149644,Routine service,143.42,61.44,204.86
3373,589,14,2024-02-24,156268,Battery replacement,155.75,28.80,184.55
3374,590,28,2016-03-20,6701,Brake replacement,143.06,97.92,240.98
3375,590,7,2017-12-13,34796,Timing belt replacement,352.09,209.76,561.85
3376,590,12,2018-07-08,43983,Tyre replacement,592.38,49.44,641.82
3377,590,30,2019-09-02,62668,Tyre replacement,504.07,42.24,546.31
3378,590,,2020-01-22,68971,Tyre replacement,318.92,41.76,360.68
3379,590,,2020-06-09,75140,Oil and filter change,85.19,40.80,125.99
3380,590,19,2020-06-24,75806,Oil and filter change,35.26,42.24,77.50
3381,590,,2021-11-05,97953,Timing belt replacement,385.20,231.84,617.04
3382,590,16,2022-03-20,103945,Routine service,121.56,87.36,208.92
3383,590,,2023-08-18,126846,Tyre replacement,610.71,59.04,669.75
3384,593,29,2012-10-25,2949,Tyre replacement,213.26,58.56,271.82
3385,593,8,2013-04-14,8745,Oil and filter change,37.29,36.48,73.77
3386,593,12,2013-05-21,9999,Air conditioning service,112.50,57.12,169.62
3387,593,12,2013-10-14,14948,Oil and filter change,62.17,38.40,100.57
3388,593,28,2013-11-10,15863,Suspension repair,257.12,177.12,434.24
3389,593,1,2014-04-06,20846,Routine service,77.56,74.40,151.96
3390,593,19,2015-05-31,35083,Clutch repair,320.39,272.16,592.55
3391,593,,2015-08-22,37897,Battery replacement,95.84,22.08,117.92
3392,593,,2015-12-06,41490,Routine service,131.00,72.00,203.00
3393,593,,2017-06-03,59964,Suspension repair,314.11,129.60,443.71
3394,593,,2020-07-05,98200,Routine service,71.81,62.88,134.69
3395,593,1,2022-05-16,121251,Routine service,121.78,76.80,198.58
3396,593,30,2024-02-14,142911,Oil and filter change,40.07,38.88,78.95
3397,593,,2024-02-21,143148,Clutch repair,510.51,307.20,817.71
3398,594,10,2019-03-12,7424,Clutch repair,361.36,324.48,685.84
3399,594,19,2019-12-22,16278,Brake replacement,288.12,112.80,400.92
3400,594,2,2020-07-04,22335,Battery replacement,86.37,27.84,114.21
3401,594,,2022-08-26,46660,Oil and filter change,71.53,47.04,118.57
3402,594,30,2023-06-04,55420,Oil and filter change,66.39,44.64,111.03
3403,594,,2023-11-20,60670,Routine service,121.70,85.44,207.14
3404,594,,2024-05-05,65858,Brake replacement,143.02,90.72,233.74
3405,594,,2024-05-25,66503,Tyre replacement,337.73,57.60,395.33
3406,594,6,2025-03-20,75768,Routine service,86.24,89.76,176.00
3407,596,1,2021-04-20,4357,Battery replacement,184.69,22.56,207.25
3408,596,23,2022-06-16,23711,Oil and filter change,57.08,40.32,97.40
3409,596,15,2023-12-25,49258,Clutch repair,509.55,325.92,835.47
3410,596,,2024-10-26,63292,Air conditioning service,63.39,62.88,126.27
3411,596,,2024-12-30,66273,Oil and filter change,57.70,37.44,95.14
3412,597,22,2021-06-16,9675,Tyre replacement,408.51,51.84,460.35
3413,597,,2023-11-01,44096,Tyre replacement,228.96,42.24,271.20
3414,597,30,2023-11-10,44503,Suspension repair,361.81,159.84,521.65
3415,597,,2024-09-16,56786,Tyre replacement,476.22,47.52,523.74
3416,598,15,2023-01-20,1834,Brake replacement,129.73,91.68,221.41
3417,598,5,2024-09-26,19465,Timing belt replacement,407.72,262.08,669.80
3418,599,26,2017-07-09,5739,Oil and filter change,38.21,38.40,76.61
3419,599,12,2018-01-24,10017,Brake replacement,285.21,101.76,386.97
3420,599,26,2018-03-01,10791,Routine service,158.74,74.40,233.14
3421,599,18,2018-10-22,15842,Routine service,85.89,72.48,158.37
3422,599,10,2021-06-09,36501,Tyre replacement,364.49,54.24,418.73
3423,599,16,2023-05-15,51656,Oil and filter change,88.50,46.56,135.06
3424,599,28,2024-09-04,61931,Oil and filter change,50.00,36.00,86.00
3425,599,,2024-12-22,64274,Oil and filter change,83.98,34.08,118.06
3426,599,,2025-06-10,67929,Brake replacement,291.58,84.48,376.06
3427,600,4,2021-12-23,12460,Tyre replacement,610.72,48.00,658.72
3428,600,21,2022-06-18,15822,Brake replacement,167.41,97.44,264.85
3429,600,9,2022-11-08,18538,Bodywork repair,581.94,302.88,884.82
3430,600,3,2022-12-06,19070,Oil and filter change,88.31,47.52,135.83
3431,600,22,2024-08-31,31113,Routine service,138.78,64.32,203.10
3432,600,27,2025-02-19,34380,Air conditioning service,96.54,50.88,147.42
3433,601,12,2024-09-14,1831,Routine service,100.80,74.40,175.20
3434,602,18,2011-11-19,11145,Brake replacement,269.71,113.76,383.47
3435,602,4,2012-01-05,13192,Oil and filter change,47.27,38.40,85.67
3436,602,12,2015-05-03,66048,Routine service,72.40,61.44,133.84
3437,602,,2016-05-26,82984,Clutch repair,659.62,241.44,901.06
3438,602,15,2017-02-26,95001,Routine service,111.88,78.24,190.12
3439,602,,2017-08-11,102228,Routine service,136.12,68.16,204.28
3440,602,26,2018-03-18,111763,Tyre replacement,184.24,54.24,238.48
3441,602,,2018-09-27,120166,Routine service,83.66,74.88,158.54
3442,602,,2019-07-01,132226,Brake replacement,271.39,84.96,356.35
3443,602,,2021-12-20,171542,Oil and filter change,75.64,36.48,112.12
3444,602,,2022-07-12,180424,Routine service,149.73,80.64,230.37
3445,602,25,2023-03-02,190568,Air conditioning service,91.16,65.28,156.44
3446,602,6,2023-04-02,191918,Air conditioning service,55.61,65.28,120.89
3447,602,27,2023-05-13,193703,Battery replacement,128.37,22.56,150.93
3448,602,,2023-08-20,198013,Oil and filter change,81.99,42.24,124.23
3449,602,,2024-06-14,211031,Brake replacement,234.80,94.08,328.88
3450,604,19,2017-10-29,8279,Brake replacement,272.04,106.56,378.60
3451,604,11,2018-01-30,12487,Routine service,172.26,83.04,255.30
3452,604,23,2018-05-19,17418,Suspension repair,173.58,153.60,327.18
3453,604,8,2018-06-29,19273,Clutch repair,443.83,317.28,761.11
3454,604,9,2019-10-03,40131,Battery replacement,88.93,26.88,115.81
3455,604,4,2020-07-09,52799,Battery replacement,200.29,26.40,226.69
3456,604,8,2020-12-01,59360,Routine service,177.59,84.48,262.07
3457,604,,2022-08-07,87139,Battery replacement,207.30,22.08,229.38
3458,605,1,2018-05-26,1466,Oil and filter change,84.02,47.04,131.06
3459,605,1,2020-08-26,16556,Bodywork repair,729.98,338.40,1068.38
3460,605,,2022-02-24,26585,Routine service,123.83,80.64,204.47
3461,605,,2023-04-22,34323,Oil and filter change,43.26,47.52,90.78
3462,605,,2023-05-21,34854,Routine service,135.20,87.84,223.04
3463,605,,2024-12-24,45544,Oil and filter change,64.31,43.20,107.51
3464,605,,2025-04-07,47450,Clutch repair,741.55,329.76,1071.31
3465,605,25,2025-04-16,47615,Routine service,71.88,72.00,143.88
3466,606,26,2019-08-21,5169,Battery replacement,195.29,24.48,219.77
3467,606,21,2020-02-21,10150,Battery replacement,166.05,25.44,191.49
3468,606,,2022-04-26,31668,Brake replacement,318.50,100.80,419.30
3469,606,,2022-07-20,33968,Oil and filter change,53.46,46.56,100.02
3470,606,,2022-08-15,34672,Tyre replacement,178.05,58.56,236.61
3471,606,25,2022-08-19,35553,Oil and filter change,69.37,39.36,108.73
3472,606,,2024-05-30,52374,Oil and filter change,37.33,45.12,82.45
3473,607,23,2019-07-11,4956,Oil and filter change,55.99,43.68,99.67
3474,607,17,2020-08-12,20996,Suspension repair,204.91,148.32,353.23
3475,607,5,2020-09-02,21843,Clutch repair,739.14,310.56,1049.70
3476,607,,2023-04-03,59846,Routine service,146.38,89.28,235.66
3477,607,,2023-09-04,66052,Oil and filter change,44.99,34.56,79.55
3478,607,,2024-09-15,81246,Routine service,61.06,69.60,130.66
3479,609,8,2024-08-29,3550,Routine service,156.68,72.00,228.68
3480,610,19,2024-06-15,11927,Routine service,119.25,87.84,207.09
3481,610,6,2024-08-12,14988,Routine service,145.27,66.24,211.51
3482,611,17,2016-07-25,7740,Tyre replacement,479.26,52.80,532.06
3483,611,19,2017-04-14,15010,Tyre replacement,204.53,45.12,249.65
3484,611,6,2017-06-05,16448,Bodywork repair,350.45,294.72,645.17
3485,611,11,2018-08-29,28887,Oil and filter change,70.32,42.72,113.04
3486,611,4,2019-05-18,36130,Suspension repair,377.11,132.48,509.59
3487,611,14,2020-02-13,43621,Battery replacement,150.93,20.64,171.57
3488,611,27,2022-05-12,66261,Oil and filter change,74.91,42.24,117.15
3489,611,,2023-12-11,82240,Timing belt replacement,318.58,198.24,516.82
3490,611,3,2024-09-08,89759,Oil and filter change,80.19,35.52,115.71
3491,611,,2024-09-28,90528,Oil and filter change,51.70,46.56,98.26
3492,611,,2025-04-20,95951,Routine service,141.71,61.92,203.63
3493,612,6,2014-09-17,11521,Brake replacement,160.19,113.76,273.95
3494,612,21,2015-03-19,20728,Tyre replacement,584.06,46.56,630.62
3495,612,14,2016-03-18,39092,Oil and filter change,50.88,44.16,95.04
3496,612,11,2016-05-14,41960,Air conditioning service,114.94,57.60,172.54
3497,612,29,2016-09-07,47796,Oil and filter change,44.99,37.92,82.91
3498,612,11,2018-10-04,85883,Bodywork repair,476.79,307.68,784.47
3499,612,20,2019-10-23,105203,Routine service,122.76,61.92,184.68
3500,612,,2019-11-20,106611,Suspension repair,277.80,161.76,439.56
3501,612,,2023-06-25,172672,Routine service,163.77,70.56,234.33
3502,612,12,2023-08-06,174785,Battery replacement,100.44,22.08,122.52
3503,612,,2023-12-18,181527,Oil and filter change,71.32,45.12,116.44
3504,612,,2025-06-02,208293,Oil and filter change,63.54,45.12,108.66
3505,613,26,2019-10-30,6896,Battery replacement,85.93,26.88,112.81
3506,613,24,2020-10-09,11722,Routine service,96.42,68.64,165.06
3507,613,17,2021-03-24,14045,Routine service,164.16,64.32,228.48
3508,613,,2022-10-08,21920,Routine service,163.00,68.64,231.64
3509,613,,2024-12-12,33056,Brake replacement,252.87,90.24,343.11
3510,613,,2025-01-19,33587,Oil and filter change,58.86,39.84,98.70
3511,613,,2025-06-03,35476,Routine service,146.65,84.48,231.13
3512,614,8,2015-02-01,12490,Routine service,61.86,87.84,149.70
3513,614,7,2015-03-01,13972,Oil and filter change,57.28,39.36,96.64
3514,614,11,2016-12-12,48479,Routine service,67.38,76.32,143.70
3515,614,20,2017-01-13,50173,Routine service,155.32,67.68,223.00
3516,614,,2018-06-03,76953,Oil and filter change,63.79,44.16,107.95
3517,614,24,2019-07-03,97859,Brake replacement,106.20,100.80,207.00
3518,614,18,2019-11-01,104263,Routine service,129.14,71.52,200.66
3519,614,,2021-01-12,127444,Air conditioning service,41.12,71.04,112.16
3520,614,24,2021-10-27,142687,Routine service,88.84,72.48,161.32
3521,614,,2022-12-10,164333,Bodywork repair,248.88,291.84,540.72
3522,614,7,2023-03-14,169308,Routine service,137.57,67.20,204.77
3523,614,24,2024-12-08,202916,Routine service,82.82,72.96,155.78
3524,614,,2025-01-08,204556,Routine service,142.13,85.92,228.05
3525,615,6,2011-10-26,2395,Oil and filter change,55.26,44.16,99.42
3526,615,7,2012-12-22,17518,Oil and filter change,77.07,45.60,122.67
3527,615,19,2014-05-25,36073,Tyre replacement,319.59,48.96,368.55
3528,615,26,2014-07-06,37575,Oil and filter change,76.50,46.56,123.06
3529,615,,2015-06-12,49766,Oil and filter change,78.57,44.16,122.73
3530,615,,2015-11-12,55236,Routine service,143.71,87.84,231.55
3531,615,,2016-06-30,63495,Routine service,141.15,66.72,207.87
3532,615,,2016-07-14,63995,Oil and filter change,52.10,41.28,93.38
3533,615,13,2016-12-09,69287,Oil and filter change,54.64,45.60,100.24
3534,615,,2023-11-07,159525,Oil and filter change,54.88,36.48,91.36
3535,615,,2024-04-15,165245,Routine service,145.67,67.68,213.35
3536,615,,2024-10-22,172038,Routine service,97.94,71.04,168.98
3537,615,10,2025-05-17,179438,Air conditioning service,41.27,56.16,97.43
3538,618,13,2015-06-12,3588,Brake replacement,164.68,94.08,258.76
3539,618,15,2016-08-29,19682,Tyre replacement,584.96,55.20,640.16
3540,618,28,2017-01-29,25228,Routine service,110.51,67.20,177.71
3541,618,1,2017-11-19,35885,Clutch repair,420.25,303.84,724.09
3542,618,12,2018-02-24,39401,Routine service,88.66,85.92,174.58
3543,618,,2020-09-12,73149,Routine service,90.80,73.44,164.24
3544,618,,2021-01-24,78006,Routine service,86.54,64.32,150.86
3545,618,19,2022-04-22,94426,Tyre replacement,269.50,48.48,317.98
3546,618,,2022-08-17,98667,Tyre replacement,516.88,51.84,568.72
3547,618,19,2022-09-22,99972,Brake replacement,251.04,93.12,344.16
3548,618,25,2023-07-30,111245,Tyre replacement,426.20,53.28,479.48
3549,619,14,2020-02-15,33868,Tyre replacement,161.44,53.28,214.72
3550,619,15,2020-06-07,41200,Brake replacement,203.06,104.16,307.22
3551,619,17,2021-07-06,66764,Brake replacement,118.77,119.04,237.81
3552,619,,2021-09-11,71111,Oil and filter change,83.10,33.60,116.70
3553,619,,2021-10-21,73706,Oil and filter change,63.16,42.72,105.88
3554,619,,2022-09-26,95766,Routine service,169.98,85.92,255.90
3555,619,21,2023-04-23,109326,Oil and filter change,72.22,40.32,112.54
3556,619,15,2025-05-12,157988,Battery replacement,186.09,23.04,209.13
3557,620,13,2021-03-11,2939,Routine service,89.89,72.00,161.89
3558,620,14,2021-05-10,5611,Oil and filter change,88.13,35.04,123.17
3559,620,23,2021-07-23,8907,Oil and filter change,83.61,37.92,121.53
3560,620,3,2022-09-16,27614,Bodywork repair,830.97,264.96,1095.93
3561,620,26,2023-06-17,39817,Routine service,65.16,85.44,150.60
3562,620,30,2023-09-04,43336,Timing belt replacement,271.28,217.44,488.72
3563,621,11,2016-01-30,4228,Air conditioning service,128.13,48.96,177.09
3564,621,9,2016-04-16,7011,Routine service,135.95,64.80,200.75
3565,621,30,2019-06-11,48614,Routine service,127.89,78.72,206.61
3566,621,10,2020-09-14,65276,Brake replacement,312.75,98.88,411.63
3567,621,,2020-12-16,68637,Clutch repair,634.70,267.36,902.06
3568,621,1,2022-11-16,93938,Air conditioning service,120.37,64.80,185.17
3569,621,15,2023-08-31,104348,Routine service,60.72,73.92,134.64
3570,621,20,2023-09-14,104854,Brake replacement,95.55,95.52,191.07
3571,621,,2024-01-17,109372,Air conditioning service,47.00,52.32,99.32
3572,621,25,2024-06-26,115191,Routine service,140.53,79.20,219.73
3573,622,29,2023-06-03,3728,Tyre replacement,414.58,46.56,461.14
3574,622,28,2023-08-15,4128,Routine service,80.20,63.36,143.56
3575,622,14,2023-10-06,4488,Timing belt replacement,541.42,266.88,808.30
3576,622,,2025-03-05,7238,Oil and filter change,86.89,47.04,133.93
3577,623,12,2021-01-29,569,Oil and filter change,49.16,39.36,88.52
3578,623,22,2022-05-14,19673,Clutch repair,713.67,227.52,941.19
3579,623,18,2022-07-07,21914,Oil and filter change,58.18,34.56,92.74
3580,623,6,2023-01-03,29385,Tyre replacement,343.93,57.12,401.05
3581,624,2,2023-05-31,28178,Routine service,160.33,75.36,235.69
3582,624,29,2023-07-27,31315,Routine service,168.30,78.72,247.02
3583,624,2,2023-11-15,37424,Suspension repair,279.33,169.92,449.25
3584,625,7,2022-07-14,2980,Routine service,147.22,83.52,230.74
3585,625,15,2022-08-07,3258,Brake replacement,217.91,111.84,329.75
3586,625,15,2023-09-07,7687,Battery replacement,205.34,27.84,233.18
3587,625,12,2025-06-14,14926,Routine service,72.46,65.76,138.22
3588,626,30,2017-01-26,6089,Routine service,115.57,75.36,190.93
3589,626,16,2017-03-01,7921,Routine service,120.57,84.48,205.05
3590,626,17,2018-01-26,25757,Oil and filter change,60.42,38.40,98.82
3591,626,16,2018-04-12,29853,Routine service,163.29,81.60,244.89
3592,626,25,2018-06-20,33571,Oil and filter change,79.43,44.64,124.07
3593,626,8,2018-09-07,37828,Routine service,67.91,87.36,155.27
3594,626,,2019-11-04,60622,Oil and filter change,56.89,38.88,95.77
3595,626,,2021-02-24,86380,Routine service,172.57,84.96,257.53
3596,626,,2022-05-17,110467,Oil and filter change,56.01,40.32,96.33
3597,626,,2023-10-14,138218,Routine service,140.61,86.40,227.01
3598,627,19,2021-08-03,21293,Routine service,63.02,84.00,147.02
3599,627,,2023-12-11,46868,Oil and filter change,76.76,34.08,110.84
3600,627,30,2024-03-28,50080,Suspension repair,158.18,163.20,321.38
3601,627,,2024-07-07,53084,Oil and filter change,84.67,36.48,121.15
3602,627,7,2024-10-11,55939,Routine service,87.44,69.60,157.04
3603,627,,2024-10-17,56661,Tyre replacement,524.44,60.00,584.44
3604,628,11,2023-02-28,28961,Routine service,146.05,88.32,234.37
3605,628,26,2023-10-30,42219,Routine service,88.13,61.92,150.05
3606,628,30,2024-12-31,65475,Routine service,136.75,88.80,225.55
3607,628,,2025-03-02,68789,Timing belt replacement,433.30,197.28,630.58
3608,629,7,2017-10-22,1177,Brake replacement,198.35,115.20,313.55
3609,629,11,2019-04-30,4216,Routine service,167.60,77.76,245.36
3610,629,,2020-05-15,6302,Routine service,114.07,75.36,189.43
3611,629,,2021-09-28,9045,Routine service,161.44,87.36,248.80
3612,629,,2022-05-15,10299,Oil and filter change,44.07,37.44,81.51
3613,629,,2022-08-15,11189,Routine service,147.94,77.76,225.70
3614,629,,2024-11-06,15260,Routine service,105.48,79.68,185.16
3615,630,15,2024-06-25,7989,Routine service,166.12,72.48,238.60
3616,630,28,2024-08-30,9690,Routine service,100.52,68.64,169.16
3617,631,7,2017-12-08,5400,Routine service,113.53,69.12,182.65
3618,631,11,2019-07-29,38695,Air conditioning service,93.47,61.44,154.91
3619,631,5,2019-10-22,43427,Timing belt replacement,441.46,219.36,660.82
3620,631,30,2019-11-19,44986,Clutch repair,301.58,329.28,630.86
3621,631,2,2020-03-19,51723,Timing belt replacement,491.42,269.76,761.18
3622,631,,2022-02-08,90195,Oil and filter change,68.30,33.60,101.90
3623,631,,2022-11-17,105896,Routine service,127.53,63.84,191.37
3624,631,,2023-03-30,113301,Routine service,76.76,88.32,165.08
3625,632,15,2023-07-01,3176,Oil and filter change,58.36,36.48,94.84
3626,632,15,2025-02-18,20766,Routine service,162.51,85.44,247.95
3627,633,27,2020-08-06,4288,Routine service,68.08,68.16,136.24
3628,633,15,2020-11-29,7107,Routine service,122.17,72.00,194.17
3629,633,15,2021-05-21,11347,Battery replacement,136.10,25.44,161.54
3630,633,,2023-03-01,27253,Battery replacement,122.88,27.84,150.72
3631,633,,2023-11-14,33576,Oil and filter change,41.40,43.68,85.08
3632,633,10,2024-06-20,38943,Clutch repair,560.75,225.12,785.87
3633,635,10,2024-01-18,7481,Routine service,100.66,62.88,163.54
3634,635,25,2025-03-25,14745,Oil and filter change,66.48,42.24,108.72
3635,636,2,2016-04-27,29268,Routine service,101.73,83.52,185.25
3636,636,21,2016-07-22,32638,Routine service,102.00,74.40,176.40
3637,636,,2018-01-09,53639,Routine service,166.00,76.32,242.32
3638,636,28,2018-09-25,63787,Air conditioning service,82.03,68.16,150.19
3639,636,,2018-11-01,65237,Tyre replacement,403.08,55.68,458.76
3640,636,,2019-01-16,68215,Routine service,99.68,89.76,189.44
3641,636,,2020-05-01,86669,Oil and filter change,84.64,34.56,119.20
3642,636,,2020-10-12,93095,Tyre replacement,392.03,52.32,444.35
3643,636,,2021-08-30,105711,Oil and filter change,69.01,39.36,108.37
3644,636,6,2022-06-29,117583,Routine service,99.37,79.68,179.05
3645,636,,2024-08-26,148498,Routine service,159.44,85.44,244.88
3646,636,20,2024-12-26,153278,Air conditioning service,78.67,54.72,133.39
3647,637,2,2011-05-21,1222,Routine service,111.73,72.48,184.21
3648,637,19,2012-04-11,9355,Routine service,65.96,82.56,148.52
3649,637,22,2014-10-15,32232,Tyre replacement,192.69,43.68,236.37
3650,637,29,2016-02-01,44058,Battery replacement,176.60,28.32,204.92
3651,637,,2016-03-09,44981,Tyre replacement,247.94,45.60,293.54
3652,637,,2016-07-05,47925,Oil and filter change,73.45,33.60,107.05
3653,637,26,2016-07-17,48311,Tyre replacement,168.56,45.60,214.16
3654,637,27,2019-05-27,74270,Oil and filter change,79.64,39.84,119.48
3655,637,,2020-08-22,85572,Tyre replacement,612.34,47.04,659.38
3656,637,,2020-09-14,86145,Oil and filter change,40.99,45.12,86.11
3657,637,,2020-11-13,87642,Routine service,111.16,86.88,198.04
3658,637,11,2021-12-05,97297,Routine service,83.46,62.88,146.34
3659,637,,2022-08-30,103983,Air conditioning service,58.20,69.60,127.80
3660,637,,2025-02-06,126212,Battery replacement,97.28,28.32,125.60
3661,637,,2025-03-02,126954,Suspension repair,148.56,129.12,277.68
3662,638,1,2018-10-08,14038,Oil and filter change,58.08,47.52,105.60
3663,638,10,2019-10-05,37457,Brake replacement,183.44,99.84,283.28
3664,638,27,2020-05-18,52078,Suspension repair,344.61,169.92,514.53
3665,638,11,2020-11-07,63270,Oil and filter change,69.63,33.12,102.75
3666,638,,2023-01-27,115736,Brake replacement,224.10,102.24,326.34
3667,638,,2023-03-31,119812,Routine service,69.09,87.36,156.45
3668,638,7,2024-04-16,144524,Routine service,111.68,66.24,177.92
3669,638,,2025-02-05,163609,Tyre replacement,447.58,54.72,502.30
3670,639,12,2020-10-10,1892,Battery replacement,92.24,21.12,113.36
3671,639,6,2022-06-26,19783,Bodywork repair,603.36,273.12,876.48
3672,639,19,2023-05-16,29073,Oil and filter change,48.18,44.64,92.82
3673,639,21,2023-05-17,29678,Routine service,94.84,74.88,169.72
3674,639,8,2024-08-02,41803,Clutch repair,505.53,293.76,799.29
3675,640,21,2015-01-01,1420,Battery replacement,152.21,26.40,178.61
3676,640,5,2015-12-21,12851,Brake replacement,175.10,91.68,266.78
3677,640,22,2016-11-14,23474,Routine service,95.57,88.80,184.37
3678,640,6,2016-12-12,24378,Routine service,93.33,81.12,174.45
3679,640,,2018-09-11,44979,Tyre replacement,477.10,42.24,519.34
3680,640,6,2019-03-09,50759,Battery replacement,195.28,27.36,222.64
3681,640,25,2019-11-15,58864,Routine service,64.76,89.28,154.04
3682,640,5,2020-03-15,62771,Brake replacement,107.97,109.92,217.89
3683,640,2,2020-04-22,63998,Suspension repair,394.66,130.56,525.22
3684,640,14,2020-06-15,65741,Routine service,102.76,68.16,170.92
3685,640,,2022-05-13,88247,Brake replacement,113.24,92.16,205.40
3686,641,5,2018-06-08,5169,Routine service,114.69,88.80,203.49
3687,641,17,2019-02-20,12509,Battery replacement,128.02,27.84,155.86
3688,641,22,2019-02-24,12646,Oil and filter change,54.67,39.36,94.03
3689,641,5,2019-07-20,16793,Tyre replacement,614.55,46.56,661.11
3690,641,7,2019-07-25,17108,Oil and filter change,77.23,42.24,119.47
3691,641,13,2020-01-08,21705,Oil and filter change,79.30,42.24,121.54
3692,641,,2022-02-07,43439,Battery replacement,107.05,25.92,132.97
3693,641,,2024-05-30,67515,Routine service,88.94,66.24,155.18
3694,641,5,2025-02-20,75112,Routine service,114.94,72.96,187.90
3695,643,29,2022-02-11,583,Clutch repair,728.05,309.60,1037.65
3696,643,26,2023-09-23,11318,Oil and filter change,52.83,37.44,90.27
3697,643,26,2024-12-21,19611,Timing belt replacement,374.70,215.04,589.74
3698,644,25,2015-10-13,12091,Routine service,165.69,61.44,227.13
3699,644,20,2016-05-04,18981,Routine service,119.16,77.76,196.92
3700,644,,2018-08-23,47385,Routine service,95.57,85.44,181.01
3701,644,,2018-10-08,48939,Brake replacement,200.03,85.44,285.47
3702,644,,2018-11-08,49986,Suspension repair,146.18,155.04,301.22
3703,644,2,2020-06-14,69710,Oil and filter change,44.34,38.40,82.74
3704,644,,2020-06-24,70257,Brake replacement,309.96,86.88,396.84
3705,644,,2020-07-27,71162,Oil and filter change,78.34,40.32,118.66
3706,644,30,2020-11-09,74709,Tyre replacement,242.61,48.00,290.61
3707,644,,2021-07-08,82848,Clutch repair,492.22,228.48,720.70
3708,644,8,2025-04-13,129288,Air conditioning service,82.57,48.96,131.53
3709,645,16,2014-11-01,24556,Air conditioning service,119.28,71.04,190.32
3710,645,28,2016-01-31,51473,Routine service,153.83,62.40,216.23
3711,645,20,2016-08-13,62983,Tyre replacement,497.15,42.72,539.87
3712,645,23,2017-01-01,71307,Routine service,65.10,79.68,144.78
3713,645,,2018-02-18,95686,Routine service,103.45,83.04,186.49
3714,645,,2018-06-30,103477,Routine service,120.96,80.16,201.12
3715,645,,2019-08-31,128683,Routine service,96.44,65.28,161.72
3716,645,,2019-11-16,133228,Brake replacement,147.21,95.52,242.73
3717,645,14,2020-03-10,140016,Clutch repair,362.54,232.32,594.86
3718,645,29,2020-05-22,144325,Tyre replacement,176.98,47.04,224.02
3719,645,,2021-08-29,171715,Battery replacement,156.65,29.76,186.41
3720,645,,2021-12-27,178798,Air conditioning service,106.47,58.56,165.03
3721,645,13,2023-08-02,213212,Routine service,72.14,73.92,146.06
3722,645,,2024-07-07,233282,Tyre replacement,358.37,42.72,401.09
3723,645,,2024-10-17,239303,Routine service,87.77,85.92,173.69
3724,646,23,2024-04-22,13333,Tyre replacement,549.36,49.44,598.80
3725,646,9,2025-01-24,19679,Brake replacement,169.67,84.48,254.15
3726,647,8,2019-02-05,6610,Tyre replacement,279.97,49.44,329.41
3727,647,9,2019-02-15,7384,Bodywork repair,650.14,359.52,1009.66
3728,647,,2022-04-20,44708,Routine service,130.24,84.96,215.20
3729,647,4,2022-12-02,52067,Timing belt replacement,490.78,258.72,749.50
3730,647,,2023-10-20,62552,Brake replacement,121.69,87.84,209.53
3731,647,,2023-12-29,64832,Routine service,90.05,64.80,154.85
3732,647,,2024-02-26,66753,Brake replacement,195.25,95.52,290.77
3733,647,19,2025-04-09,80038,Oil and filter change,58.18,43.68,101.86
3734,648,6,2022-03-21,7769,Tyre replacement,455.48,51.36,506.84
3735,648,9,2023-02-27,16624,Routine service,145.18,72.00,217.18
3736,648,2,2024-02-09,25581,Routine service,113.31,84.00,197.31
3737,648,27,2025-04-20,36836,Suspension repair,297.72,166.56,464.28
3738,649,7,2017-07-02,16246,Air conditioning service,51.45,50.40,101.85
3739,649,20,2018-12-03,29462,Routine service,149.37,76.80,226.17
3740,649,,2019-05-07,33409,Tyre replacement,358.82,55.68,414.50
3741,649,26,2019-06-11,34300,Oil and filter change,41.60,42.24,83.84
3742,649,,2020-01-19,39953,Tyre replacement,318.95,49.44,368.39
3743,649,,2021-01-07,48968,Brake replacement,107.85,105.60,213.45
3744,649,,2021-04-04,51183,Brake replacement,291.88,94.08,385.96
3745,649,,2021-12-21,57830,Suspension repair,141.28,128.64,269.92
3746,649,,2022-09-19,64756,Oil and filter change,70.43,43.68,114.11
3747,649,26,2022-09-24,65241,Routine service,94.74,64.80,159.54
3748,649,,2025-05-12,89355,Oil and filter change,73.79,45.60,119.39
3749,650,9,2024-12-02,1382,Oil and filter change,85.26,33.60,118.86
3750,651,29,2015-12-31,10451,Routine service,62.45,84.00,146.45
3751,651,11,2016-07-03,16023,Routine service,175.37,82.08,257.45
3752,651,1,2017-03-16,23733,Routine service,120.70,84.48,205.18
3753,651,,2019-01-19,44033,Tyre replacement,517.08,57.60,574.68
3754,651,,2020-04-09,57466,Suspension repair,398.32,161.28,559.60
3755,651,,2020-06-28,59875,Routine service,121.92,86.40,208.32
3756,651,,2021-05-10,69392,Routine service,99.99,73.44,173.43
3757,651,20,2021-06-13,70416,Routine service,93.40,81.12,174.52
3758,651,,2021-06-16,70684,Air conditioning service,67.91,52.80,120.71
3759,651,,2023-07-01,92945,Routine service,172.60,71.52,244.12
3760,651,,2024-01-25,99210,Brake replacement,240.63,96.96,337.59
3761,652,12,2022-06-26,36963,Routine service,166.94,63.36,230.30
3762,652,28,2022-09-25,40216,Oil and filter change,69.43,41.76,111.19
3763,652,23,2023-06-02,49153,Oil and filter change,50.13,34.56,84.69
3764,652,,2023-08-30,52335,Tyre replacement,487.76,54.72,542.48
3765,652,18,2024-01-16,57304,Oil and filter change,81.79,43.20,124.99
3766,652,,2025-04-04,73176,Oil and filter change,66.57,41.28,107.85
3767,653,29,2019-08-15,1119,Battery replacement,173.31,25.92,199.23
3768,653,2,2019-12-05,6342,Oil and filter change,65.37,36.96,102.33
3769,653,7,2021-10-03,37493,Oil and filter change,47.10,34.08,81.18
3770,653,27,2022-05-28,48545,Routine service,135.74,78.72,214.46
3771,653,16,2024-01-23,76758,Air conditioning service,104.31,54.24,158.55
3772,653,12,2024-01-28,77396,Brake replacement,162.61,114.72,277.33
3773,653,,2024-09-21,88044,Battery replacement,152.59,23.52,176.11
3774,654,3,2016-03-14,23012,Oil and filter change,49.72,39.84,89.56
3775,654,27,2016-04-27,25833,Routine service,144.92,78.24,223.16
3776,654,,2020-02-23,115384,Routine service,118.35,87.36,205.71
3777,654,29,2022-04-27,166282,Oil and filter change,60.20,39.84,100.04
3778,654,,2022-12-05,180512,Brake replacement,274.23,104.16,378.39
3779,654,12,2023-08-31,197756,Oil and filter change,44.63,42.24,86.87
3780,654,,2024-01-27,207307,Oil and filter change,54.02,34.56,88.58
3781,654,,2024-02-11,208269,Battery replacement,103.57,27.84,131.41
3782,654,,2025-03-04,233076,Brake replacement,296.67,119.52,416.19
3783,655,10,2012-03-08,4141,Routine service,120.75,82.56,203.31
3784,655,23,2013-06-29,13659,Oil and filter change,58.84,33.60,92.44
3785,655,24,2013-07-29,14256,Routine service,105.81,84.96,190.77
3786,655,23,2013-09-04,14993,Routine service,75.55,81.12,156.67
3787,655,22,2014-07-08,21106,Routine service,158.94,65.76,224.70
3788,655,,2016-08-07,36259,Routine service,88.44,63.84,152.28
3789,655,,2017-01-02,39206,Battery replacement,176.67,27.84,204.51
3790,655,,2017-06-08,42332,Oil and filter change,70.21,36.00,106.21
3791,655,,2018-01-20,46832,Routine service,119.34,85.44,204.78
3792,655,,2019-01-06,53821,Routine service,159.84,84.48,244.32
3793,655,,2019-03-10,55076,Routine service,93.06,74.40,167.46
3794,655,,2020-01-15,61268,Routine service,172.14,76.80,248.94
3795,655,27,2023-08-13,87273,Tyre replacement,183.04,56.64,239.68
3796,655,,2025-02-22,98404,Bodywork repair,333.70,297.12,630.82
3797,655,,2025-05-14,100017,Routine service,93.06,86.40,179.46
3798,656,19,2014-03-25,15404,Battery replacement,190.78,22.08,212.86
3799,656,24,2015-03-30,30523,Suspension repair,450.92,149.28,600.20
3800,656,28,2015-05-13,32321,Air conditioning service,40.14,50.88,91.02
3801,656,30,2015-10-22,38940,Oil and filter change,38.98,36.96,75.94
3802,656,25,2015-12-15,41147,Battery replacement,134.06,24.00,158.06
3803,656,,2017-10-10,68320,Routine service,68.58,64.32,132.90
3804,656,,2018-07-23,80006,Routine service,151.67,73.44,225.11
3805,656,23,2018-08-06,80590,Brake replacement,138.27,109.44,247.71
3806,656,26,2018-09-23,82539,Routine service,158.79,89.28,248.07
3807,656,20,2021-07-28,124994,Bodywork repair,754.94,291.36,1046.30
3808,656,25,2022-02-18,133371,Routine service,165.41,75.36,240.77
3809,656,29,2022-11-09,144158,Tyre replacement,434.13,48.96,483.09
3810,656,29,2023-01-06,146528,Routine service,71.23,63.36,134.59
3811,657,1,2025-04-03,5650,Oil and filter change,48.65,36.48,85.13
3812,659,16,2016-08-03,8578,Oil and filter change,56.93,37.92,94.85
3813,659,4,2016-08-16,9147,Air conditioning service,74.10,49.44,123.54
3814,659,24,2018-02-17,33219,Oil and filter change,72.97,45.12,118.09
3815,659,27,2019-08-26,57510,Battery replacement,202.99,21.12,224.11
3816,659,8,2020-10-16,75760,Oil and filter change,78.50,34.08,112.58
3817,659,,2020-11-17,77161,Tyre replacement,618.19,46.56,664.75
3818,659,29,2022-03-31,99001,Brake replacement,215.64,120.00,335.64
3819,659,,2023-07-14,119571,Timing belt replacement,296.68,253.92,550.60
3820,659,20,2024-06-21,134584,Oil and filter change,79.19,44.64,123.83
3821,659,,2024-07-24,136028,Oil and filter change,60.20,35.04,95.24
3822,659,,2024-10-17,139748,Oil and filter change,58.73,37.44,96.17
3823,660,19,2010-12-25,7643,Air conditioning service,108.49,50.88,159.37
3824,660,1,2011-06-14,15661,Routine service,100.19,89.28,189.47
3825,660,12,2011-08-23,18943,Battery replacement,121.32,26.88,148.20
3826,660,29,2011-09-05,19553,Routine service,140.63,79.20,219.83
3827,660,9,2011-12-15,24289,Routine service,110.90,65.76,176.66
3828,660,22,2012-01-27,26305,Routine service,172.47,66.72,239.19
3829,660,9,2013-05-25,49000,Oil and filter change,61.12,39.36,100.48
3830,660,,2014-03-24,63207,Tyre replacement,407.87,49.44,457.31
3831,660,,2015-10-01,89278,Oil and filter change,79.95,39.84,119.79
3832,660,,2019-03-06,147985,Routine service,168.31,86.40,254.71
3833,660,,2019-03-08,148813,Clutch repair,660.06,282.24,942.30
3834,660,,2019-04-17,149954,Routine service,82.15,78.72,160.87
3835,660,,2020-08-21,173024,Timing belt replacement,378.34,227.52,605.86
3836,660,,2022-11-30,211990,Suspension repair,302.68,154.08,456.76
3837,660,,2024-01-26,231778,Oil and filter change,86.22,45.60,131.82
3838,660,,2024-04-22,235857,Oil and filter change,82.99,40.80,123.79
3839,661,30,2016-08-18,31070,Battery replacement,158.63,27.36,185.99
3840,661,16,2017-03-18,46247,Oil and filter change,88.47,37.92,126.39
3841,661,11,2017-03-23,46796,Routine service,114.16,70.08,184.24
3842,661,16,2017-10-21,61783,Tyre replacement,445.28,46.08,491.36
3843,661,21,2019-04-07,99941,Brake replacement,144.77,85.92,230.69
3844,661,,2019-08-23,109820,Timing belt replacement,455.12,202.56,657.68
3845,661,,2021-01-09,145974,Brake replacement,190.24,92.16,282.40
3846,661,1,2021-11-08,167666,Brake replacement,140.04,89.28,229.32
3847,661,20,2022-08-08,187211,Oil and filter change,80.57,46.08,126.65
3848,661,,2023-04-29,206111,Brake replacement,191.77,109.44,301.21
3849,661,8,2024-01-14,224724,Tyre replacement,360.55,45.12,405.67
3850,662,25,2024-03-15,380,Brake replacement,191.62,109.92,301.54
3851,662,17,2024-04-03,1285,Brake replacement,220.62,112.32,332.94
3852,663,21,2022-06-11,5516,Routine service,177.38,70.08,247.46
3853,663,10,2024-04-06,39175,Clutch repair,297.74,269.28,567.02
3854,663,3,2024-04-06,39735,Tyre replacement,352.81,47.04,399.85
3855,664,24,2018-09-23,7689,Oil and filter change,78.08,39.36,117.44
3856,664,29,2018-09-23,8505,Bodywork repair,343.03,314.88,657.91
3857,664,25,2018-09-26,8664,Clutch repair,619.43,329.28,948.71
3858,664,7,2020-07-01,38785,Tyre replacement,481.45,41.28,522.73
3859,664,28,2020-12-01,46138,Timing belt replacement,524.52,254.40,778.92
3860,664,2,2021-01-27,48877,Suspension repair,237.22,178.56,415.78
3861,664,20,2023-04-28,88335,Oil and filter change,66.20,47.04,113.24
3862,666,16,2019-06-09,3351,Brake replacement,179.42,108.00,287.42
3863,666,27,2021-01-08,25153,Oil and filter change,42.31,38.88,81.19
3864,666,27,2021-11-02,36374,Oil and filter change,71.19,38.40,109.59
3865,666,,2022-10-31,50043,Brake replacement,270.04,85.44,355.48
3866,666,,2023-09-06,61716,Air conditioning service,62.12,66.24,128.36
3867,666,,2024-12-05,78887,Tyre replacement,562.11,51.36,613.47
3868,668,14,2018-02-06,1750,Oil and filter change,44.46,35.52,79.98
3869,668,13,2019-11-06,41626,Oil and filter change,53.43,43.20,96.63
3870,668,17,2020-12-16,67002,Oil and filter change,76.19,45.60,121.79
3871,668,,2022-06-28,101940,Battery replacement,152.00,25.44,177.44
3872,668,30,2022-12-14,112503,Oil and filter change,50.28,34.08,84.36
3873,668,12,2024-09-18,152754,Brake replacement,293.97,114.72,408.69
3874,668,,2024-12-30,159192,Oil and filter change,37.74,40.32,78.06
3875,669,4,2024-12-24,15766,Brake replacement,99.08,86.88,185.96
3876,669,5,2025-06-27,23022,Tyre replacement,615.77,46.08,661.85
3877,670,,2018-11-23,71473,Brake replacement,264.67,87.36,352.03
3878,670,,2021-04-23,109064,Routine service,102.95,68.16,171.11
3879,670,,2021-12-18,119251,Routine service,141.58,63.84,205.42
3880,670,30,2022-09-22,131099,Oil and filter change,68.02,42.24,110.26
3881,670,,2022-10-14,132037,Brake replacement,255.99,100.32,356.31
3882,670,,2022-12-26,135148,Routine service,107.67,79.20,186.87
3883,670,,2023-11-12,148829,Oil and filter change,58.97,46.08,105.05
3884,670,,2024-01-10,151344,Routine service,103.99,76.80,180.79
3885,670,,2024-01-29,152153,Tyre replacement,583.47,44.64,628.11
3886,670,,2024-02-20,153091,Brake replacement,171.47,112.32,283.79
3887,670,,2024-11-10,164343,Tyre replacement,403.98,58.56,462.54
3888,670,23,2025-02-20,168690,Clutch repair,426.98,271.68,698.66
3889,671,18,2015-07-17,17024,Routine service,67.69,77.76,145.45
3890,671,4,2016-05-15,28000,Oil and filter change,82.62,36.96,119.58
3891,671,7,2016-10-22,33795,Tyre replacement,497.11,52.32,549.43
3892,671,22,2016-11-08,34411,Oil and filter change,87.81,44.16,131.97
3893,671,,2017-04-30,40677,Routine service,119.99,81.12,201.11
3894,671,,2017-08-11,44408,Air conditioning service,100.68,51.36,152.04
3895,671,19,2017-08-21,44771,Brake replacement,136.86,96.96,233.82
3896,671,,2020-07-16,83167,Oil and filter change,40.99,45.60,86.59
3897,671,,2020-11-08,87332,Bodywork repair,607.67,330.24,937.91
3898,671,,2022-06-01,107979,Brake replacement,200.09,90.24,290.33
3899,671,12,2023-09-07,124750,Tyre replacement,240.46,59.04,299.50
3900,671,,2024-04-10,132574,Routine service,156.76,72.48,229.24
3901,672,14,2024-10-20,23410,Routine service,103.87,83.52,187.39
3902,672,2,2024-11-13,24687,Routine service,94.13,68.16,162.29
3903,672,16,2025-02-20,29955,Tyre replacement,573.73,58.08,631.81
3904,674,7,2024-12-23,3563,Battery replacement,176.62,27.36,203.98
3905,675,26,2012-09-02,1969,Routine service,118.26,86.40,204.66
3906,675,12,2013-03-22,4902,Routine service,163.69,61.44,225.13
3907,675,22,2014-05-08,10914,Oil and filter change,52.01,47.04,99.05
3908,675,11,2015-03-07,15336,Routine service,164.66,75.36,240.02
3909,675,,2016-11-05,24223,Routine service,155.10,88.32,243.42
3910,675,24,2017-01-10,25186,Oil and filter change,58.63,42.24,100.87
3911,675,,2019-12-04,40624,Battery replacement,85.46,26.40,111.86
3912,675,,2020-02-17,41719,Oil and filter change,81.89,42.72,124.61
3913,675,,2020-06-24,43587,Oil and filter change,56.72,35.04,91.76
3914,675,1,2020-12-24,46257,Routine service,133.47,87.84,221.31
3915,675,,2021-04-13,47862,Battery replacement,201.05,28.80,229.85
3916,675,,2022-02-08,52254,Brake replacement,311.11,118.08,429.19
3917,675,11,2023-12-13,62075,Bodywork repair,831.27,336.48,1167.75
3918,675,,2025-01-30,68116,Tyre replacement,291.49,56.64,348.13
3919,676,25,2020-09-07,2519,Routine service,166.26,69.60,235.86
3920,676,13,2021-03-29,11044,Routine service,134.96,77.28,212.24
3921,676,20,2023-05-01,43088,Routine service,112.64,68.64,181.28
3922,677,24,2023-11-01,1105,Brake replacement,295.41,91.68,387.09
3923,677,13,2024-02-14,1756,Brake replacement,106.02,117.12,223.14
3924,677,16,2025-02-19,3711,Brake replacement,255.56,107.52,363.08
3925,678,12,2012-11-06,19782,Oil and filter change,36.89,47.52,84.41
3926,678,7,2013-05-14,30196,Routine service,86.20,66.72,152.92
3927,678,26,2014-01-09,43421,Routine service,160.79,84.00,244.79
3928,678,13,2014-08-22,55820,Air conditioning service,90.98,60.48,151.46
3929,678,,2014-12-30,62983,Oil and filter change,50.32,35.52,85.84
3930,678,,2015-05-02,69761,Oil and filter change,88.91,32.64,121.55
3931,678,20,2019-11-15,161123,Suspension repair,353.62,172.80,526.42
3932,678,,2022-01-08,204379,Oil and filter change,63.60,44.64,108.24
3933,678,26,2022-08-20,216722,Oil and filter change,49.64,36.96,86.60
3934,678,,2023-03-12,227963,Brake replacement,173.09,96.48,269.57
3935,678,,2023-03-21,228737,Oil and filter change,35.50,36.48,71.98
3936,678,17,2023-06-06,232702,Routine service,117.49,65.28,182.77
3937,678,21,2024-05-26,252264,Brake replacement,209.19,86.40,295.59
3938,678,,2024-07-06,254523,Brake replacement,289.31,109.44,398.75
3939,678,4,2025-04-30,270944,Brake replacement,216.68,83.52,300.20
3940,679,6,2021-11-26,11140,Timing belt replacement,222.98,255.84,478.82
3941,679,,2024-09-01,70048,Routine service,105.44,86.88,192.32
3942,679,,2024-11-14,74364,Routine service,89.87,68.16,158.03
3943,680,24,2022-07-19,10596,Oil and filter change,40.49,47.04,87.53
3944,680,26,2022-12-31,17269,Clutch repair,464.22,254.88,719.10
3945,680,24,2023-01-06,18050,Air conditioning service,50.52,63.84,114.36
3946,680,25,2024-03-29,35630,Brake replacement,109.58,93.60,203.18
3947,681,5,2020-08-16,374,Routine service,176.03,87.36,263.39
3948,681,25,2020-11-25,5376,Timing belt replacement,416.30,253.92,670.22
3949,681,8,2021-09-23,21140,Oil and filter change,41.68,41.76,83.44
3950,681,4,2021-11-10,23646,Oil and filter change,48.00,34.08,82.08
3951,681,17,2022-08-27,38783,Routine service,121.32,76.32,197.64
3952,682,4,2019-11-15,9335,Oil and filter change,68.02,38.40,106.42
3953,682,3,2021-03-12,25382,Oil and filter change,55.14,46.08,101.22
3954,682,29,2021-06-05,28206,Oil and filter change,88.41,46.56,134.97
3955,682,,2022-09-16,43754,Suspension repair,201.45,155.04,356.49
3956,682,13,2023-02-19,48937,Tyre replacement,488.62,40.80,529.42
3957,682,29,2024-02-11,60798,Air conditioning service,76.33,68.16,144.49
3958,682,11,2024-12-11,70898,Oil and filter change,35.36,41.28,76.64
3959,684,11,2020-07-25,499,Battery replacement,156.10,22.08,178.18
3960,684,,2023-11-25,16504,Tyre replacement,502.40,41.28,543.68
3961,684,,2024-04-03,18213,Oil and filter change,35.41,41.76,77.17
3962,684,,2025-02-01,22208,Suspension repair,194.59,166.56,361.15
3963,685,21,2024-08-09,32068,Routine service,125.51,68.64,194.15
3964,686,6,2016-04-14,3536,Routine service,113.20,73.44,186.64
3965,686,24,2017-05-17,10402,Timing belt replacement,357.55,262.08,619.63
3966,686,29,2017-08-15,11954,Clutch repair,636.60,329.28,965.88
3967,686,3,2018-01-25,14766,Tyre replacement,431.28,51.36,482.64
3968,686,,2019-10-16,25617,Oil and filter change,73.32,41.28,114.60
3969,686,,2020-07-14,30309,Air conditioning service,63.99,53.76,117.75
3970,686,,2021-11-06,38589,Routine service,104.14,67.20,171.34
3971,686,,2023-05-22,48284,Tyre replacement,338.89,44.64,383.53
3972,686,,2023-06-19,49077,Routine service,99.06,81.12,180.18
3973,686,15,2024-03-12,53373,Brake replacement,132.99,84.48,217.47
3974,686,,2024-12-14,58152,Oil and filter change,83.49,44.16,127.65
3975,687,14,2013-12-21,29407,Routine service,114.59,68.64,183.23
3976,687,14,2014-05-07,35567,Battery replacement,203.11,24.00,227.11
3977,687,21,2014-06-13,37231,Brake replacement,260.99,92.16,353.15
3978,687,16,2015-09-18,58005,Routine service,127.33,82.08,209.41
3979,687,,2019-12-04,127162,Timing belt replacement,231.08,248.64,479.72
3980,687,,2020-09-02,139438,Brake replacement,104.71,114.72,219.43
3981,687,,2020-10-05,140922,Routine service,74.78,63.36,138.14
3982,687,,2020-10-11,141511,Routine service,93.19,86.40,179.59
3983,687,,2021-05-11,150724,Routine service,129.09,70.56,199.65
3984,687,20,2022-05-23,167676,Clutch repair,472.42,294.24,766.66
3985,687,,2022-12-05,176490,Oil and filter change,49.84,39.36,89.20
3986,687,,2023-01-17,178423,Routine service,154.04,89.28,243.32
3987,687,,2023-02-16,179772,Timing belt replacement,532.18,187.20,719.38
3988,687,,2023-03-04,180516,Routine service,74.72,73.44,148.16
3989,687,,2023-03-04,181328,Routine service,86.34,72.00,158.34
3990,688,17,2012-09-24,14197,Brake replacement,208.72,89.28,298.00
3991,688,16,2013-08-19,20543,Suspension repair,449.82,166.56,616.38
3992,688,,2014-09-04,27892,Tyre replacement,407.85,57.12,464.97
3993,688,18,2015-04-25,32387,Oil and filter change,86.23,37.92,124.15
3994,688,,2015-11-25,36515,Routine service,114.38,82.56,196.94
3995,688,,2016-09-16,42225,Routine service,167.58,69.60,237.18
3996,688,,2018-06-17,54551,Oil and filter change,49.32,39.84,89.16
3997,688,,2018-12-24,58216,Tyre replacement,599.34,47.52,646.86
3998,688,,2019-08-21,62845,Timing belt replacement,475.62,193.92,669.54
3999,688,22,2019-09-05,63135,Timing belt replacement,317.05,196.80,513.85
4000,688,,2022-09-13,84431,Tyre replacement,344.88,45.60,390.48
