id,loan_id,instalment_number,due_date,paid_date,payment_amount,interest_amount,principal_amount,balance_after
1,1,1,2024-11-01,2024-11-01,1023.99,545.68,478.31,257321.69
2,1,2,2024-12-01,2024-12-01,1023.99,544.66,479.33,256842.36
3,1,3,2025-01-01,2025-01-01,1023.99,543.65,480.34,256362.02
4,1,4,2025-02-01,2025-02-01,1023.99,542.63,481.36,255880.66
5,1,5,2025-03-01,2025-03-01,1023.99,541.61,482.38,255398.28
6,1,6,2025-04-01,2025-04-01,1023.99,540.59,483.40,254914.88
7,1,7,2025-05-01,2025-05-01,1023.99,539.57,484.42,254430.46
8,1,8,2025-06-01,2025-06-01,1023.99,538.54,485.45,253945.01
9,2,1,2023-11-01,2023-11-01,486.44,96.49,389.95,20510.05
10,2,2,2023-12-01,2023-12-01,486.44,94.69,391.75,20118.30
11,2,3,2024-01-01,2024-01-01,486.44,92.88,393.56,19724.74
12,2,4,2024-02-01,2024-02-01,486.44,91.06,395.38,19329.36
13,2,5,2024-03-01,2024-03-11,486.44,89.24,397.20,18932.16
14,2,6,2024-04-01,2024-04-01,486.44,87.40,399.04,18533.12
15,2,7,2024-05-01,2024-05-01,486.44,85.56,400.88,18132.24
16,2,8,2024-06-01,2024-06-01,486.44,83.71,402.73,17729.51
17,2,9,2024-07-01,2024-07-01,486.44,81.85,404.59,17324.92
18,2,10,2024-08-01,2024-08-01,486.44,79.98,406.46,16918.46
19,2,11,2024-09-01,2024-09-01,486.44,78.11,408.33,16510.13
20,2,12,2024-10-01,2024-10-01,486.44,76.22,410.22,16099.91
21,2,13,2024-11-01,2024-11-01,486.44,74.33,412.11,15687.80
22,2,14,2024-12-01,2024-12-01,486.44,72.43,414.01,15273.79
23,2,15,2025-01-01,2025-01-01,486.44,70.51,415.93,14857.86
24,2,16,2025-02-01,2025-02-01,486.44,68.59,417.85,14440.01
25,2,17,2025-03-01,2025-03-01,486.44,66.66,419.78,14020.23
26,2,18,2025-04-01,2025-04-01,486.44,64.73,421.71,13598.52
27,2,19,2025-05-01,2025-05-01,486.44,62.78,423.66,13174.86
28,2,20,2025-06-01,2025-06-01,486.44,60.82,425.62,12749.24
29,3,1,2021-01-01,2021-01-01,130.56,29.38,101.18,6798.82
30,3,2,2021-02-01,2021-02-01,130.56,28.95,101.61,6697.21
31,3,3,2021-03-01,2021-03-01,130.56,28.52,102.04,6595.17
32,3,4,2021-04-01,2021-04-01,130.56,28.08,102.48,6492.69
33,3,5,2021-05-01,2021-05-01,130.56,27.65,102.91,6389.78
34,3,6,2021-06-01,2021-06-01,130.56,27.21,103.35,6286.43
35,3,7,2021-07-01,2021-07-06,130.56,26.77,103.79,6182.64
36,3,8,2021-08-01,2021-08-01,130.56,26.33,104.23,6078.41
37,3,9,2021-09-01,2021-09-01,130.56,25.88,104.68,5973.73
38,3,10,2021-10-01,2021-10-01,130.56,25.44,105.12,5868.61
39,3,11,2021-11-01,2021-11-01,130.56,24.99,105.57,5763.04
40,3,12,2021-12-01,2021-12-01,130.56,24.54,106.02,5657.02
41,3,13,2022-01-01,2022-01-01,130.56,24.09,106.47,5550.55
42,3,14,2022-02-01,2022-02-01,130.56,23.64,106.92,5443.63
43,3,15,2022-03-01,2022-03-01,130.56,23.18,107.38,5336.25
44,3,16,2022-04-01,,130.56,22.72,107.84,5228.41
45,3,17,2022-05-01,,130.56,22.26,108.30,5120.11
46,3,18,2022-06-01,,130.56,21.80,108.76,5011.35
47,4,1,2019-05-01,2019-05-11,506.76,65.73,441.03,16558.97
48,4,2,2019-06-01,2019-06-01,506.76,64.03,442.73,16116.24
49,4,3,2019-07-01,2019-07-01,506.76,62.32,444.44,15671.80
50,4,4,2019-08-01,2019-08-01,506.76,60.60,446.16,15225.64
51,4,5,2019-09-01,2019-09-01,506.76,58.87,447.89,14777.75
52,4,6,2019-10-01,2019-10-01,506.76,57.14,449.62,14328.13
53,4,7,2019-11-01,2019-11-11,506.76,55.40,451.36,13876.77
54,4,8,2019-12-01,2019-12-01,506.76,53.66,453.10,13423.67
55,4,9,2020-01-01,2020-01-01,506.76,51.90,454.86,12968.81
56,4,10,2020-02-01,2020-02-01,506.76,50.15,456.61,12512.20
57,4,11,2020-03-01,2020-03-01,506.76,48.38,458.38,12053.82
58,4,12,2020-04-01,2020-04-02,506.76,46.61,460.15,11593.67
59,4,13,2020-05-01,2020-05-01,506.76,44.83,461.93,11131.74
60,4,14,2020-06-01,2020-06-01,506.76,43.04,463.72,10668.02
61,4,15,2020-07-01,2020-07-01,506.76,41.25,465.51,10202.51
62,4,16,2020-08-01,2020-08-13,506.76,39.45,467.31,9735.20
63,4,17,2020-09-01,2020-09-01,506.76,37.64,469.12,9266.08
64,4,18,2020-10-01,2020-10-01,506.76,35.83,470.93,8795.15
65,4,19,2020-11-01,2020-11-01,506.76,34.01,472.75,8322.40
66,4,20,2020-12-01,2020-12-01,506.76,32.18,474.58,7847.82
67,4,21,2021-01-01,2021-01-01,506.76,30.34,476.42,7371.40
68,4,22,2021-02-01,2021-02-01,506.76,28.50,478.26,6893.14
69,4,23,2021-03-01,2021-03-01,506.76,26.65,480.11,6413.03
70,4,24,2021-04-01,2021-04-01,506.76,24.80,481.96,5931.07
71,4,25,2021-05-01,2021-05-01,506.76,22.93,483.83,5447.24
72,4,26,2021-06-01,2021-06-01,506.76,21.06,485.70,4961.54
73,4,27,2021-07-01,2021-07-01,506.76,19.18,487.58,4473.96
74,4,28,2021-08-01,2021-08-01,506.76,17.30,489.46,3984.50
75,4,29,2021-09-01,2021-09-13,506.76,15.41,491.35,3493.15
76,4,30,2021-10-01,2021-10-01,506.76,13.51,493.25,2999.90
77,4,31,2021-11-01,2021-11-01,506.76,11.60,495.16,2504.74
78,4,32,2021-12-01,2021-12-02,506.76,9.68,497.08,2007.66
79,4,33,2022-01-01,2022-01-01,506.76,7.76,499.00,1508.66
80,4,34,2022-02-01,2022-02-01,506.76,5.83,500.93,1007.73
81,4,35,2022-03-01,2022-03-01,506.76,3.90,502.86,504.87
82,4,36,2022-04-01,2022-04-01,506.82,1.95,504.87,0.00
83,5,1,2021-05-01,2021-05-01,889.17,86.36,802.81,9297.19
84,5,2,2021-06-01,2021-06-01,889.17,79.49,809.68,8487.51
85,5,3,2021-07-01,2021-07-01,889.17,72.57,816.60,7670.91
86,5,4,2021-08-01,2021-08-01,889.17,65.59,823.58,6847.33
87,5,5,2021-09-01,2021-09-01,889.17,58.54,830.63,6016.70
88,5,6,2021-10-01,2021-10-01,889.17,51.44,837.73,5178.97
89,5,7,2021-11-01,2021-11-01,889.17,44.28,844.89,4334.08
90,5,8,2021-12-01,2021-12-01,889.17,37.06,852.11,3481.97
91,5,9,2022-01-01,2022-01-01,889.17,29.77,859.40,2622.57
92,5,10,2022-02-01,2022-02-01,889.17,22.42,866.75,1755.82
93,5,11,2022-03-01,2022-03-01,889.17,15.01,874.16,881.66
94,5,12,2022-04-01,2022-04-01,889.20,7.54,881.66,0.00
95,6,1,2024-07-01,2024-07-01,412.75,189.63,223.12,25576.88
96,6,2,2024-08-01,2024-08-01,412.75,187.99,224.76,25352.12
97,6,3,2024-09-01,2024-09-01,412.75,186.34,226.41,25125.71
98,6,4,2024-10-01,2024-10-01,412.75,184.67,228.08,24897.63
99,6,5,2024-11-01,2024-11-01,412.75,183.00,229.75,24667.88
100,6,6,2024-12-01,2024-12-01,412.75,181.31,231.44,24436.44
101,6,7,2025-01-01,2025-01-01,412.75,179.61,233.14,24203.30
102,6,8,2025-02-01,2025-02-01,412.75,177.89,234.86,23968.44
103,6,9,2025-03-01,2025-03-01,412.75,176.17,236.58,23731.86
104,6,10,2025-04-01,2025-04-01,412.75,174.43,238.32,23493.54
105,6,11,2025-05-01,2025-05-01,412.75,172.68,240.07,23253.47
106,6,12,2025-06-01,2025-06-01,412.75,170.91,241.84,23011.63
107,7,1,2019-10-01,2019-10-01,1949.61,1408.48,541.13,394358.87
108,7,2,2019-11-01,2019-11-01,1949.61,1406.55,543.06,393815.81
109,7,3,2019-12-01,2019-12-01,1949.61,1404.61,545.00,393270.81
110,7,4,2020-01-01,2020-01-01,1949.61,1402.67,546.94,392723.87
111,7,5,2020-02-01,2020-02-01,1949.61,1400.72,548.89,392174.98
112,7,6,2020-03-01,2020-03-01,1949.61,1398.76,550.85,391624.13
113,7,7,2020-04-01,2020-04-01,1949.61,1396.79,552.82,391071.31
114,7,8,2020-05-01,2020-05-01,1949.61,1394.82,554.79,390516.52
115,7,9,2020-06-01,2020-06-01,1949.61,1392.84,556.77,389959.75
116,7,10,2020-07-01,2020-07-01,1949.61,1390.86,558.75,389401.00
117,7,11,2020-08-01,2020-08-01,1949.61,1388.86,560.75,388840.25
118,7,12,2020-09-01,2020-09-11,1949.61,1386.86,562.75,388277.50
119,7,13,2020-10-01,2020-10-12,1949.61,1384.86,564.75,387712.75
120,7,14,2020-11-01,2020-11-01,1949.61,1382.84,566.77,387145.98
121,7,15,2020-12-01,2020-12-01,1949.61,1380.82,568.79,386577.19
122,7,16,2021-01-01,2021-01-01,1949.61,1378.79,570.82,386006.37
123,7,17,2021-02-01,2021-02-01,1949.61,1376.76,572.85,385433.52
124,7,18,2021-03-01,2021-03-01,1949.61,1374.71,574.90,384858.62
125,7,19,2021-04-01,2021-04-11,1949.61,1372.66,576.95,384281.67
126,7,20,2021-05-01,2021-05-01,1949.61,1370.60,579.01,383702.66
127,7,21,2021-06-01,2021-06-01,1949.61,1368.54,581.07,383121.59
128,7,22,2021-07-01,2021-07-01,1949.61,1366.47,583.14,382538.45
129,7,23,2021-08-01,2021-08-01,1949.61,1364.39,585.22,381953.23
130,7,24,2021-09-01,2021-09-01,1949.61,1362.30,587.31,381365.92
131,7,25,2021-10-01,2021-10-01,1949.61,1360.21,589.40,380776.52
132,7,26,2021-11-01,2021-11-01,1949.61,1358.10,591.51,380185.01
133,7,27,2021-12-01,2021-12-01,1949.61,1355.99,593.62,379591.39
134,7,28,2022-01-01,2022-01-13,1949.61,1353.88,595.73,378995.66
135,7,29,2022-02-01,2022-02-01,1949.61,1351.75,597.86,378397.80
136,7,30,2022-03-01,2022-03-01,1949.61,1349.62,599.99,377797.81
137,7,31,2022-04-01,2022-04-01,1949.61,1347.48,602.13,377195.68
138,7,32,2022-05-01,2022-05-01,1949.61,1345.33,604.28,376591.40
139,7,33,2022-06-01,2022-06-10,1949.61,1343.18,606.43,375984.97
140,7,34,2022-07-01,2022-07-01,1949.61,1341.01,608.60,375376.37
141,7,35,2022-08-01,2022-08-01,1949.61,1338.84,610.77,374765.60
142,7,36,2022-09-01,2022-09-01,1949.61,1336.66,612.95,374152.65
143,7,37,2022-10-01,2022-10-01,1949.61,1334.48,615.13,373537.52
144,7,38,2022-11-01,2022-11-01,1949.61,1332.28,617.33,372920.19
145,7,39,2022-12-01,2022-12-01,1949.61,1330.08,619.53,372300.66
146,7,40,2023-01-01,2023-01-01,1949.61,1327.87,621.74,371678.92
147,7,41,2023-02-01,2023-02-01,1949.61,1325.65,623.96,371054.96
148,7,42,2023-03-01,2023-03-02,1949.61,1323.43,626.18,370428.78
149,7,43,2023-04-01,2023-04-01,1949.61,1321.20,628.41,369800.37
150,7,44,2023-05-01,2023-05-07,1949.61,1318.95,630.66,369169.71
151,7,45,2023-06-01,2023-06-01,1949.61,1316.71,632.90,368536.81
152,7,46,2023-07-01,2023-07-01,1949.61,1314.45,635.16,367901.65
153,7,47,2023-08-01,2023-08-01,1949.61,1312.18,637.43,367264.22
154,7,48,2023-09-01,2023-09-01,1949.61,1309.91,639.70,366624.52
155,7,49,2023-10-01,2023-10-01,1949.61,1307.63,641.98,365982.54
156,7,50,2023-11-01,2023-11-07,1949.61,1305.34,644.27,365338.27
157,7,51,2023-12-01,2023-12-01,1949.61,1303.04,646.57,364691.70
158,7,52,2024-01-01,2024-01-01,1949.61,1300.73,648.88,364042.82
159,7,53,2024-02-01,2024-02-11,1949.61,1298.42,651.19,363391.63
160,7,54,2024-03-01,2024-03-01,1949.61,1296.10,653.51,362738.12
161,7,55,2024-04-01,2024-04-01,1949.61,1293.77,655.84,362082.28
162,7,56,2024-05-01,2024-05-01,1949.61,1291.43,658.18,361424.10
163,7,57,2024-06-01,2024-06-01,1949.61,1289.08,660.53,360763.57
164,7,58,2024-07-01,2024-07-01,1949.61,1286.72,662.89,360100.68
165,7,59,2024-08-01,2024-08-01,1949.61,1284.36,665.25,359435.43
166,7,60,2024-09-01,2024-09-01,1949.61,1281.99,667.62,358767.81
167,7,61,2024-10-01,2024-10-01,1949.61,1279.61,670.00,358097.81
168,7,62,2024-11-01,2024-11-01,1949.61,1277.22,672.39,357425.42
169,7,63,2024-12-01,2024-12-01,1949.61,1274.82,674.79,356750.63
170,7,64,2025-01-01,2025-01-01,1949.61,1272.41,677.20,356073.43
171,7,65,2025-02-01,2025-02-01,1949.61,1270.00,679.61,355393.82
172,7,66,2025-03-01,2025-03-01,1949.61,1267.57,682.04,354711.78
173,7,67,2025-04-01,2025-04-01,1949.61,1265.14,684.47,354027.31
174,7,68,2025-05-01,2025-05-01,1949.61,1262.70,686.91,353340.40
175,7,69,2025-06-01,2025-06-01,1949.61,1260.25,689.36,352651.04
176,8,1,2024-07-01,2024-07-01,1843.92,215.45,1628.47,19071.53
177,8,2,2024-08-01,2024-08-01,1843.92,198.50,1645.42,17426.11
178,8,3,2024-09-01,2024-09-01,1843.92,181.38,1662.54,15763.57
179,8,4,2024-10-01,2024-10-01,1843.92,164.07,1679.85,14083.72
180,8,5,2024-11-01,2024-11-01,1843.92,146.59,1697.33,12386.39
181,8,6,2024-12-01,2024-12-01,1843.92,128.92,1715.00,10671.39
182,8,7,2025-01-01,2025-01-01,1843.92,111.07,1732.85,8938.54
183,8,8,2025-02-01,2025-02-01,1843.92,93.04,1750.88,7187.66
184,8,9,2025-03-01,2025-03-01,1843.92,74.81,1769.11,5418.55
185,8,10,2025-04-01,2025-04-01,1843.92,56.40,1787.52,3631.03
186,8,11,2025-05-01,2025-05-13,1843.92,37.79,1806.13,1824.90
187,8,12,2025-06-01,2025-06-01,1843.89,18.99,1824.90,0.00
188,9,1,2022-01-01,2022-01-01,990.13,407.00,583.13,183716.87
189,9,2,2022-02-01,2022-02-11,990.13,405.71,584.42,183132.45
190,9,3,2022-03-01,2022-03-01,990.13,404.42,585.71,182546.74
191,9,4,2022-04-01,2022-04-01,990.13,403.12,587.01,181959.73
192,9,5,2022-05-01,2022-05-01,990.13,401.83,588.30,181371.43
193,9,6,2022-06-01,2022-06-01,990.13,400.53,589.60,180781.83
194,9,7,2022-07-01,2022-07-01,990.13,399.23,590.90,180190.93
195,9,8,2022-08-01,2022-08-01,990.13,397.92,592.21,179598.72
196,9,9,2022-09-01,2022-09-01,990.13,396.61,593.52,179005.20
197,9,10,2022-10-01,2022-10-01,990.13,395.30,594.83,178410.37
198,9,11,2022-11-01,2022-11-01,990.13,393.99,596.14,177814.23
199,9,12,2022-12-01,2022-12-01,990.13,392.67,597.46,177216.77
200,9,13,2023-01-01,2023-01-01,990.13,391.35,598.78,176617.99
201,9,14,2023-02-01,2023-02-01,990.13,390.03,600.10,176017.89
202,9,15,2023-03-01,2023-03-01,990.13,388.71,601.42,175416.47
203,9,16,2023-04-01,2023-04-01,990.13,387.38,602.75,174813.72
204,9,17,2023-05-01,2023-05-01,990.13,386.05,604.08,174209.64
205,9,18,2023-06-01,2023-06-05,990.13,384.71,605.42,173604.22
206,9,19,2023-07-01,2023-07-01,990.13,383.38,606.75,172997.47
207,9,20,2023-08-01,2023-08-01,990.13,382.04,608.09,172389.38
208,9,21,2023-09-01,2023-09-01,990.13,380.69,609.44,171779.94
209,9,22,2023-10-01,2023-10-11,990.13,379.35,610.78,171169.16
210,9,23,2023-11-01,2023-11-01,990.13,378.00,612.13,170557.03
211,9,24,2023-12-01,2023-12-01,990.13,376.65,613.48,169943.55
212,9,25,2024-01-01,2024-01-01,990.13,375.29,614.84,169328.71
213,9,26,2024-02-01,2024-02-01,990.13,373.93,616.20,168712.51
214,9,27,2024-03-01,2024-03-01,990.13,372.57,617.56,168094.95
215,9,28,2024-04-01,2024-04-01,990.13,371.21,618.92,167476.03
216,9,29,2024-05-01,2024-05-01,990.13,369.84,620.29,166855.74
217,9,30,2024-06-01,2024-06-01,990.13,368.47,621.66,166234.08
218,9,31,2024-07-01,2024-07-01,990.13,367.10,623.03,165611.05
219,9,32,2024-08-01,2024-08-01,990.13,365.72,624.41,164986.64
220,9,33,2024-09-01,2024-09-01,990.13,364.35,625.78,164360.86
221,9,34,2024-10-01,2024-10-01,990.13,362.96,627.17,163733.69
222,9,35,2024-11-01,2024-11-01,990.13,361.58,628.55,163105.14
223,9,36,2024-12-01,2024-12-01,990.13,360.19,629.94,162475.20
224,9,37,2025-01-01,2025-01-01,990.13,358.80,631.33,161843.87
225,9,38,2025-02-01,2025-02-01,990.13,357.41,632.72,161211.15
226,9,39,2025-03-01,2025-03-01,990.13,356.01,634.12,160577.03
227,9,40,2025-04-01,2025-04-01,990.13,354.61,635.52,159941.51
228,9,41,2025-05-01,2025-05-01,990.13,353.20,636.93,159304.58
229,9,42,2025-06-01,2025-06-01,990.13,351.80,638.33,158666.25
230,10,1,2022-07-01,2022-07-01,550.41,154.70,395.71,16404.29
231,10,2,2022-08-01,2022-08-01,550.41,151.06,399.35,16004.94
232,10,3,2022-09-01,2022-09-01,550.41,147.38,403.03,15601.91
233,10,4,2022-10-01,2022-10-01,550.41,143.67,406.74,15195.17
234,10,5,2022-11-01,2022-11-01,550.41,139.92,410.49,14784.68
235,10,6,2022-12-01,2022-12-08,550.41,136.14,414.27,14370.41
236,10,7,2023-01-01,2023-01-01,550.41,132.33,418.08,13952.33
237,10,8,2023-02-01,2023-02-03,550.41,128.48,421.93,13530.40
238,10,9,2023-03-01,2023-03-02,550.41,124.59,425.82,13104.58
239,10,10,2023-04-01,2023-04-08,550.41,120.67,429.74,12674.84
240,10,11,2023-05-01,2023-05-01,550.41,116.71,433.70,12241.14
241,10,12,2023-06-01,2023-06-01,550.41,112.72,437.69,11803.45
242,10,13,2023-07-01,2023-07-01,550.41,108.69,441.72,11361.73
243,10,14,2023-08-01,2023-08-01,550.41,104.62,445.79,10915.94
244,10,15,2023-09-01,2023-09-01,550.41,100.52,449.89,10466.05
245,10,16,2023-10-01,2023-10-01,550.41,96.37,454.04,10012.01
246,10,17,2023-11-01,2023-11-01,550.41,92.19,458.22,9553.79
247,10,18,2023-12-01,2023-12-03,550.41,87.97,462.44,9091.35
248,10,19,2024-01-01,2024-01-01,550.41,83.72,466.69,8624.66
249,10,20,2024-02-01,2024-02-01,550.41,79.42,470.99,8153.67
250,10,21,2024-03-01,2024-03-01,550.41,75.08,475.33,7678.34
251,10,22,2024-04-01,2024-04-01,550.41,70.70,479.71,7198.63
252,10,23,2024-05-01,2024-05-01,550.41,66.29,484.12,6714.51
253,10,24,2024-06-01,2024-06-01,550.41,61.83,488.58,6225.93
254,10,25,2024-07-01,2024-07-01,550.41,57.33,493.08,5732.85
255,10,26,2024-08-01,2024-08-01,550.41,52.79,497.62,5235.23
256,10,27,2024-09-01,2024-09-01,550.41,48.21,502.20,4733.03
257,10,28,2024-10-01,2024-10-01,550.41,43.58,506.83,4226.20
258,10,29,2024-11-01,2024-11-01,550.41,38.92,511.49,3714.71
259,10,30,2024-12-01,2024-12-01,550.41,34.21,516.20,3198.51
260,10,31,2025-01-01,2025-01-01,550.41,29.45,520.96,2677.55
261,10,32,2025-02-01,2025-02-01,550.41,24.66,525.75,2151.80
262,10,33,2025-03-01,2025-03-01,550.41,19.81,530.60,1621.20
263,10,34,2025-04-01,2025-04-01,550.41,14.93,535.48,1085.72
264,10,35,2025-05-01,2025-05-01,550.41,10.00,540.41,545.31
265,10,36,2025-06-01,2025-06-03,550.33,5.02,545.31,0.00
266,11,1,2019-04-01,2019-04-01,1173.50,257.06,916.44,36383.56
267,11,2,2019-05-01,2019-05-03,1173.50,250.74,922.76,35460.80
268,11,3,2019-06-01,2019-06-01,1173.50,244.38,929.12,34531.68
269,11,4,2019-07-01,2019-07-01,1173.50,237.98,935.52,33596.16
270,11,5,2019-08-01,2019-08-01,1173.50,231.53,941.97,32654.19
271,11,6,2019-09-01,2019-09-01,1173.50,225.04,948.46,31705.73
272,11,7,2019-10-01,2019-10-12,1173.50,218.51,954.99,30750.74
273,11,8,2019-11-01,2019-11-01,1173.50,211.92,961.58,29789.16
274,11,9,2019-12-01,2019-12-01,1173.50,205.30,968.20,28820.96
275,11,10,2020-01-01,2020-01-01,1173.50,198.62,974.88,27846.08
276,11,11,2020-02-01,2020-02-01,1173.50,191.91,981.59,26864.49
277,11,12,2020-03-01,2020-03-02,1173.50,185.14,988.36,25876.13
278,11,13,2020-04-01,2020-04-01,1173.50,178.33,995.17,24880.96
279,11,14,2020-05-01,2020-05-01,1173.50,171.47,1002.03,23878.93
280,11,15,2020-06-01,2020-06-06,1173.50,164.57,1008.93,22870.00
281,11,16,2020-07-01,2020-07-01,1173.50,157.61,1015.89,21854.11
282,11,17,2020-08-01,2020-08-01,1173.50,150.61,1022.89,20831.22
283,11,18,2020-09-01,2020-09-01,1173.50,143.56,1029.94,19801.28
284,11,19,2020-10-01,2020-10-01,1173.50,136.46,1037.04,18764.24
285,11,20,2020-11-01,2020-11-01,1173.50,129.32,1044.18,17720.06
286,11,21,2020-12-01,2020-12-01,1173.50,122.12,1051.38,16668.68
287,11,22,2021-01-01,2021-01-01,1173.50,114.87,1058.63,15610.05
288,11,23,2021-02-01,2021-02-01,1173.50,107.58,1065.92,14544.13
289,11,24,2021-03-01,2021-03-01,1173.50,100.23,1073.27,13470.86
290,11,25,2021-04-01,2021-04-01,1173.50,92.84,1080.66,12390.20
291,11,26,2021-05-01,2021-05-05,1173.50,85.39,1088.11,11302.09
292,11,27,2021-06-01,2021-06-01,1173.50,77.89,1095.61,10206.48
293,11,28,2021-07-01,2021-07-01,1173.50,70.34,1103.16,9103.32
294,11,29,2021-08-01,2021-08-01,1173.50,62.74,1110.76,7992.56
295,11,30,2021-09-01,2021-09-01,1173.50,55.08,1118.42,6874.14
296,11,31,2021-10-01,2021-10-05,1173.50,47.37,1126.13,5748.01
297,11,32,2021-11-01,2021-11-07,1173.50,39.61,1133.89,4614.12
298,11,33,2021-12-01,2021-12-01,1173.50,31.80,1141.70,3472.42
299,11,34,2022-01-01,2022-01-01,1173.50,23.93,1149.57,2322.85
300,11,35,2022-02-01,2022-02-01,1173.50,16.01,1157.49,1165.36
301,11,36,2022-03-01,2022-03-01,1173.39,8.03,1165.36,0.00
302,12,1,2023-05-01,2023-05-01,726.79,258.83,467.96,41732.04
303,12,2,2023-06-01,2023-06-01,726.79,255.96,470.83,41261.21
304,12,3,2023-07-01,2023-07-01,726.79,253.07,473.72,40787.49
305,12,4,2023-08-01,2023-08-01,726.79,250.16,476.63,40310.86
306,12,5,2023-09-01,2023-09-01,726.79,247.24,479.55,39831.31
307,12,6,2023-10-01,2023-10-01,726.79,244.30,482.49,39348.82
308,12,7,2023-11-01,2023-11-01,726.79,241.34,485.45,38863.37
309,12,8,2023-12-01,2023-12-01,726.79,238.36,488.43,38374.94
310,12,9,2024-01-01,2024-01-01,726.79,235.37,491.42,37883.52
311,12,10,2024-02-01,2024-02-01,726.79,232.35,494.44,37389.08
312,12,11,2024-03-01,2024-03-01,726.79,229.32,497.47,36891.61
313,12,12,2024-04-01,2024-04-01,726.79,226.27,500.52,36391.09
314,12,13,2024-05-01,2024-05-01,726.79,223.20,503.59,35887.50
315,12,14,2024-06-01,2024-06-01,726.79,220.11,506.68,35380.82
316,12,15,2024-07-01,2024-07-01,726.79,217.00,509.79,34871.03
317,12,16,2024-08-01,2024-08-01,726.79,213.88,512.91,34358.12
318,12,17,2024-09-01,2024-09-01,726.79,210.73,516.06,33842.06
319,12,18,2024-10-01,2024-10-01,726.79,207.56,519.23,33322.83
320,12,19,2024-11-01,2024-11-01,726.79,204.38,522.41,32800.42
321,12,20,2024-12-01,2024-12-01,726.79,201.18,525.61,32274.81
322,12,21,2025-01-01,2025-01-01,726.79,197.95,528.84,31745.97
323,12,22,2025-02-01,2025-02-01,726.79,194.71,532.08,31213.89
324,12,23,2025-03-01,2025-03-01,726.79,191.45,535.34,30678.55
325,12,24,2025-04-01,2025-04-01,726.79,188.16,538.63,30139.92
326,12,25,2025-05-01,2025-05-01,726.79,184.86,541.93,29597.99
327,12,26,2025-06-01,2025-06-01,726.79,181.53,545.26,29052.73
328,13,1,2024-01-01,2024-01-01,264.01,47.37,216.64,8383.36
329,13,2,2024-02-01,2024-02-01,264.01,46.18,217.83,8165.53
330,13,3,2024-03-01,2024-03-01,264.01,44.98,219.03,7946.50
331,13,4,2024-04-01,2024-04-01,264.01,43.77,220.24,7726.26
332,13,5,2024-05-01,2024-05-01,264.01,42.56,221.45,7504.81
333,13,6,2024-06-01,2024-06-01,264.01,41.34,222.67,7282.14
334,13,7,2024-07-01,2024-07-01,264.01,40.11,223.90,7058.24
335,13,8,2024-08-01,2024-08-01,264.01,38.88,225.13,6833.11
336,13,9,2024-09-01,2024-09-01,264.01,37.64,226.37,6606.74
337,13,10,2024-10-01,2024-10-09,264.01,36.39,227.62,6379.12
338,13,11,2024-11-01,2024-11-01,264.01,35.14,228.87,6150.25
339,13,12,2024-12-01,2024-12-01,264.01,33.88,230.13,5920.12
340,13,13,2025-01-01,2025-01-01,264.01,32.61,231.40,5688.72
341,13,14,2025-02-01,2025-02-01,264.01,31.34,232.67,5456.05
342,13,15,2025-03-01,2025-03-01,264.01,30.05,233.96,5222.09
343,13,16,2025-04-01,2025-04-01,264.01,28.77,235.24,4986.85
344,13,17,2025-05-01,2025-05-01,264.01,27.47,236.54,4750.31
345,13,18,2025-06-01,2025-06-01,264.01,26.17,237.84,4512.47
346,14,1,2024-10-01,2024-10-01,256.27,77.90,178.37,7521.63
347,14,2,2024-11-01,2024-11-01,256.27,76.09,180.18,7341.45
348,14,3,2024-12-01,2024-12-01,256.27,74.27,182.00,7159.45
349,14,4,2025-01-01,2025-01-01,256.27,72.43,183.84,6975.61
350,14,5,2025-02-01,2025-02-01,256.27,70.57,185.70,6789.91
351,14,6,2025-03-01,2025-03-01,256.27,68.69,187.58,6602.33
352,14,7,2025-04-01,2025-04-01,256.27,66.79,189.48,6412.85
353,14,8,2025-05-01,2025-05-01,256.27,64.88,191.39,6221.46
354,14,9,2025-06-01,2025-06-01,256.27,62.94,193.33,6028.13
355,15,1,2019-07-01,2019-07-01,877.56,349.25,528.31,164471.69
356,15,2,2019-08-01,2019-08-01,877.56,348.13,529.43,163942.26
357,15,3,2019-09-01,2019-09-01,877.56,347.01,530.55,163411.71
358,15,4,2019-10-01,2019-10-01,877.56,345.89,531.67,162880.04
359,15,5,2019-11-01,2019-11-01,877.56,344.76,532.80,162347.24
360,15,6,2019-12-01,2019-12-01,877.56,343.63,533.93,161813.31
361,15,7,2020-01-01,2020-01-01,877.56,342.50,535.06,161278.25
362,15,8,2020-02-01,2020-02-13,877.56,341.37,536.19,160742.06
363,15,9,2020-03-01,2020-03-01,877.56,340.24,537.32,160204.74
364,15,10,2020-04-01,2020-04-01,877.56,339.10,538.46,159666.28
365,15,11,2020-05-01,2020-05-01,877.56,337.96,539.60,159126.68
366,15,12,2020-06-01,2020-06-01,877.56,336.82,540.74,158585.94
367,15,13,2020-07-01,2020-07-01,877.56,335.67,541.89,158044.05
368,15,14,2020-08-01,2020-08-01,877.56,334.53,543.03,157501.02
369,15,15,2020-09-01,2020-09-01,877.56,333.38,544.18,156956.84
370,15,16,2020-10-01,2020-10-06,877.56,332.23,545.33,156411.51
371,15,17,2020-11-01,2020-11-01,877.56,331.07,546.49,155865.02
372,15,18,2020-12-01,2020-12-03,877.56,329.91,547.65,155317.37
373,15,19,2021-01-01,2021-01-01,877.56,328.76,548.80,154768.57
374,15,20,2021-02-01,2021-02-10,877.56,327.59,549.97,154218.60
375,15,21,2021-03-01,2021-03-01,877.56,326.43,551.13,153667.47
376,15,22,2021-04-01,2021-04-01,877.56,325.26,552.30,153115.17
377,15,23,2021-05-01,2021-05-01,877.56,324.09,553.47,152561.70
378,15,24,2021-06-01,2021-06-01,877.56,322.92,554.64,152007.06
379,15,25,2021-07-01,2021-07-01,877.56,321.75,555.81,151451.25
380,15,26,2021-08-01,2021-08-01,877.56,320.57,556.99,150894.26
381,15,27,2021-09-01,2021-09-01,877.56,319.39,558.17,150336.09
382,15,28,2021-10-01,2021-10-01,877.56,318.21,559.35,149776.74
383,15,29,2021-11-01,2021-11-01,877.56,317.03,560.53,149216.21
384,15,30,2021-12-01,2021-12-01,877.56,315.84,561.72,148654.49
385,15,31,2022-01-01,2022-01-01,877.56,314.65,562.91,148091.58
386,15,32,2022-02-01,2022-02-01,877.56,313.46,564.10,147527.48
387,15,33,2022-03-01,2022-03-01,877.56,312.27,565.29,146962.19
388,15,34,2022-04-01,2022-04-01,877.56,311.07,566.49,146395.70
389,15,35,2022-05-01,2022-05-01,877.56,309.87,567.69,145828.01
390,15,36,2022-06-01,2022-06-01,877.56,308.67,568.89,145259.12
391,15,37,2022-07-01,2022-07-01,877.56,307.47,570.09,144689.03
392,15,38,2022-08-01,2022-08-01,877.56,306.26,571.30,144117.73
393,15,39,2022-09-01,2022-09-01,877.56,305.05,572.51,143545.22
394,15,40,2022-10-01,2022-10-01,877.56,303.84,573.72,142971.50
395,15,41,2022-11-01,2022-11-01,877.56,302.62,574.94,142396.56
396,15,42,2022-12-01,2022-12-09,877.56,301.41,576.15,141820.41
397,15,43,2023-01-01,2023-01-01,877.56,300.19,577.37,141243.04
398,15,44,2023-02-01,2023-02-01,877.56,298.96,578.60,140664.44
399,15,45,2023-03-01,,877.56,297.74,579.82,140084.62
400,15,46,2023-04-01,,877.56,296.51,581.05,139503.57
401,15,47,2023-05-01,,877.56,295.28,582.28,138921.29
402,16,1,2021-07-01,2021-07-01,747.42,242.35,505.07,43894.93
403,16,2,2021-08-01,2021-08-08,747.42,239.59,507.83,43387.10
404,16,3,2021-09-01,2021-09-01,747.42,236.82,510.60,42876.50
405,16,4,2021-10-01,2021-10-01,747.42,234.03,513.39,42363.11
406,16,5,2021-11-01,2021-11-10,747.42,231.23,516.19,41846.92
407,16,6,2021-12-01,2021-12-01,747.42,228.41,519.01,41327.91
408,16,7,2022-01-01,2022-01-01,747.42,225.58,521.84,40806.07
409,16,8,2022-02-01,2022-02-01,747.42,222.73,524.69,40281.38
410,16,9,2022-03-01,2022-03-01,747.42,219.87,527.55,39753.83
411,16,10,2022-04-01,2022-04-08,747.42,216.99,530.43,39223.40
412,16,11,2022-05-01,2022-05-01,747.42,214.09,533.33,38690.07
413,16,12,2022-06-01,2022-06-01,747.42,211.18,536.24,38153.83
414,16,13,2022-07-01,2022-07-12,747.42,208.26,539.16,37614.67
415,16,14,2022-08-01,2022-08-11,747.42,205.31,542.11,37072.56
416,16,15,2022-09-01,2022-09-01,747.42,202.35,545.07,36527.49
417,16,16,2022-10-01,2022-10-01,747.42,199.38,548.04,35979.45
418,16,17,2022-11-01,2022-11-01,747.42,196.39,551.03,35428.42
419,16,18,2022-12-01,2022-12-01,747.42,193.38,554.04,34874.38
420,16,19,2023-01-01,2023-01-01,747.42,190.36,557.06,34317.32
421,16,20,2023-02-01,2023-02-01,747.42,187.32,560.10,33757.22
422,16,21,2023-03-01,2023-03-01,747.42,184.26,563.16,33194.06
423,16,22,2023-04-01,2023-04-01,747.42,181.18,566.24,32627.82
424,16,23,2023-05-01,2023-05-01,747.42,178.09,569.33,32058.49
425,16,24,2023-06-01,2023-06-01,747.42,174.99,572.43,31486.06
426,16,25,2023-07-01,2023-07-01,747.42,171.86,575.56,30910.50
427,16,26,2023-08-01,2023-08-01,747.42,168.72,578.70,30331.80
428,16,27,2023-09-01,2023-09-01,747.42,165.56,581.86,29749.94
429,16,28,2023-10-01,2023-10-01,747.42,162.39,585.03,29164.91
430,16,29,2023-11-01,2023-11-01,747.42,159.19,588.23,28576.68
431,16,30,2023-12-01,2023-12-01,747.42,155.98,591.44,27985.24
432,16,31,2024-01-01,2024-01-01,747.42,152.75,594.67,27390.57
433,16,32,2024-02-01,2024-02-01,747.42,149.51,597.91,26792.66
434,16,33,2024-03-01,2024-03-01,747.42,146.24,601.18,26191.48
435,16,34,2024-04-01,2024-04-01,747.42,142.96,604.46,25587.02
436,16,35,2024-05-01,2024-05-01,747.42,139.66,607.76,24979.26
437,16,36,2024-06-01,2024-06-01,747.42,136.35,611.07,24368.19
438,16,37,2024-07-01,2024-07-01,747.42,133.01,614.41,23753.78
439,16,38,2024-08-01,2024-08-01,747.42,129.66,617.76,23136.02
440,16,39,2024-09-01,2024-09-01,747.42,126.28,621.14,22514.88
441,16,40,2024-10-01,2024-10-01,747.42,122.89,624.53,21890.35
442,16,41,2024-11-01,2024-11-01,747.42,119.48,627.94,21262.41
443,16,42,2024-12-01,2024-12-01,747.42,116.06,631.36,20631.05
444,16,43,2025-01-01,2025-01-01,747.42,112.61,634.81,19996.24
445,16,44,2025-02-01,2025-02-01,747.42,109.15,638.27,19357.97
446,16,45,2025-03-01,2025-03-03,747.42,105.66,641.76,18716.21
447,16,46,2025-04-01,2025-04-08,747.42,102.16,645.26,18070.95
448,16,47,2025-05-01,2025-05-01,747.42,98.64,648.78,17422.17
449,16,48,2025-06-01,2025-06-01,747.42,95.10,652.32,16769.85
450,17,1,2025-03-01,2025-03-01,566.72,166.22,400.50,22499.50
451,17,2,2025-04-01,2025-04-01,566.72,163.31,403.41,22096.09
452,17,3,2025-05-01,2025-05-01,566.72,160.38,406.34,21689.75
453,17,4,2025-06-01,2025-06-01,566.72,157.43,409.29,21280.46
454,18,1,2022-02-01,2022-02-01,1548.97,814.78,734.19,326265.81
455,18,2,2022-03-01,2022-03-01,1548.97,812.95,736.02,325529.79
456,18,3,2022-04-01,2022-04-01,1548.97,811.11,737.86,324791.93
457,18,4,2022-05-01,2022-05-01,1548.97,809.27,739.70,324052.23
458,18,5,2022-06-01,2022-06-01,1548.97,807.43,741.54,323310.69
459,18,6,2022-07-01,2022-07-01,1548.97,805.58,743.39,322567.30
460,18,7,2022-08-01,2022-08-09,1548.97,803.73,745.24,321822.06
461,18,8,2022-09-01,2022-09-01,1548.97,801.87,747.10,321074.96
462,18,9,2022-10-01,2022-10-01,1548.97,800.01,748.96,320326.00
463,18,10,2022-11-01,2022-11-01,1548.97,798.15,750.82,319575.18
464,18,11,2022-12-01,2022-12-01,1548.97,796.27,752.70,318822.48
465,18,12,2023-01-01,2023-01-01,1548.97,794.40,754.57,318067.91
466,18,13,2023-02-01,2023-02-01,1548.97,792.52,756.45,317311.46
467,18,14,2023-03-01,2023-03-01,1548.97,790.63,758.34,316553.12
468,18,15,2023-04-01,2023-04-01,1548.97,788.74,760.23,315792.89
469,18,16,2023-05-01,2023-05-01,1548.97,786.85,762.12,315030.77
470,18,17,2023-06-01,2023-06-01,1548.97,784.95,764.02,314266.75
471,18,18,2023-07-01,2023-07-01,1548.97,783.05,765.92,313500.83
472,18,19,2023-08-01,2023-08-01,1548.97,781.14,767.83,312733.00
473,18,20,2023-09-01,2023-09-01,1548.97,779.23,769.74,311963.26
474,18,21,2023-10-01,2023-10-01,1548.97,777.31,771.66,311191.60
475,18,22,2023-11-01,2023-11-01,1548.97,775.39,773.58,310418.02
476,18,23,2023-12-01,2023-12-01,1548.97,773.46,775.51,309642.51
477,18,24,2024-01-01,2024-01-01,1548.97,771.53,777.44,308865.07
478,18,25,2024-02-01,2024-02-01,1548.97,769.59,779.38,308085.69
479,18,26,2024-03-01,2024-03-01,1548.97,767.65,781.32,307304.37
480,18,27,2024-04-01,2024-04-01,1548.97,765.70,783.27,306521.10
481,18,28,2024-05-01,2024-05-01,1548.97,763.75,785.22,305735.88
482,18,29,2024-06-01,2024-06-01,1548.97,761.79,787.18,304948.70
483,18,30,2024-07-01,2024-07-01,1548.97,759.83,789.14,304159.56
484,18,31,2024-08-01,2024-08-01,1548.97,757.86,791.11,303368.45
485,18,32,2024-09-01,2024-09-01,1548.97,755.89,793.08,302575.37
486,18,33,2024-10-01,2024-10-01,1548.97,753.92,795.05,301780.32
487,18,34,2024-11-01,2024-11-01,1548.97,751.94,797.03,300983.29
488,18,35,2024-12-01,2024-12-12,1548.97,749.95,799.02,300184.27
489,18,36,2025-01-01,2025-01-01,1548.97,747.96,801.01,299383.26
490,18,37,2025-02-01,2025-02-01,1548.97,745.96,803.01,298580.25
491,18,38,2025-03-01,2025-03-12,1548.97,743.96,805.01,297775.24
492,18,39,2025-04-01,2025-04-01,1548.97,741.96,807.01,296968.23
493,18,40,2025-05-01,2025-05-01,1548.97,739.95,809.02,296159.21
494,18,41,2025-06-01,2025-06-01,1548.97,737.93,811.04,295348.17
495,19,1,2025-01-01,2025-01-01,416.26,92.73,323.53,12876.47
496,19,2,2025-02-01,2025-02-01,416.26,90.46,325.80,12550.67
497,19,3,2025-03-01,2025-03-01,416.26,88.17,328.09,12222.58
498,19,4,2025-04-01,2025-04-01,416.26,85.86,330.40,11892.18
499,19,5,2025-05-01,2025-05-01,416.26,83.54,332.72,11559.46
500,19,6,2025-06-01,2025-06-01,416.26,81.21,335.05,11224.41
501,19,7,2025-07-01,2025-07-01,416.26,78.85,337.41,10887.00
502,19,8,2025-08-01,2025-08-01,416.26,76.48,339.78,10547.22
503,19,9,2025-09-01,2025-09-01,416.26,74.09,342.17,10205.05
504,19,10,2025-10-01,2025-10-01,416.26,71.69,344.57,9860.48
505,19,11,2025-11-01,2025-11-01,416.26,69.27,346.99,9513.49
506,19,12,2025-12-01,2025-12-01,416.26,66.83,349.43,9164.06
507,19,13,2026-01-01,2026-01-01,416.26,64.38,351.88,8812.18
508,19,14,2026-02-01,2026-02-01,416.26,61.91,354.35,8457.83
509,19,15,2026-03-01,2026-03-01,416.26,59.42,356.84,8100.99
510,19,16,2026-04-01,2026-04-01,416.26,56.91,359.35,7741.64
511,19,17,2026-05-01,2026-05-01,416.26,54.39,361.87,7379.77
512,19,18,2026-06-01,2026-06-01,416.26,51.84,364.42,7015.35
513,19,19,2026-07-01,2026-07-01,416.26,49.28,366.98,6648.37
514,19,20,2026-08-01,2026-08-01,416.26,46.70,369.56,6278.81
515,19,21,2026-09-01,2026-09-01,416.26,44.11,372.15,5906.66
516,19,22,2026-10-01,2026-10-01,416.26,41.49,374.77,5531.89
517,19,23,2026-11-01,2026-11-01,416.26,38.86,377.40,5154.49
518,19,24,2026-12-01,2026-12-05,416.26,36.21,380.05,4774.44
519,19,25,2027-01-01,2027-01-01,416.26,33.54,382.72,4391.72
520,19,26,2027-02-01,2027-02-01,416.26,30.85,385.41,4006.31
521,19,27,2027-03-01,2027-03-01,416.26,28.14,388.12,3618.19
522,19,28,2027-04-01,2027-04-01,416.26,25.42,390.84,3227.35
523,19,29,2027-05-01,2027-05-01,416.26,22.67,393.59,2833.76
524,19,30,2027-06-01,2027-06-01,416.26,19.91,396.35,2437.41
525,19,31,2027-07-01,2027-07-01,416.26,17.12,399.14,2038.27
526,19,32,2027-08-01,2027-08-08,416.26,14.32,401.94,1636.33
527,19,33,2027-09-01,2027-09-09,416.26,11.50,404.76,1231.57
528,19,34,2027-10-01,2027-10-01,416.26,8.65,407.61,823.96
529,19,35,2027-11-01,2027-11-01,416.26,5.79,410.47,413.49
530,19,36,2027-12-01,2027-12-01,416.39,2.90,413.49,0.00
531,20,1,2023-08-01,2023-08-01,1688.79,161.44,1527.35,17672.65
532,20,2,2023-09-01,2023-09-01,1688.79,148.60,1540.19,16132.46
533,20,3,2023-10-01,2023-10-06,1688.79,135.65,1553.14,14579.32
534,20,4,2023-11-01,2023-11-01,1688.79,122.59,1566.20,13013.12
535,20,5,2023-12-01,2023-12-01,1688.79,109.42,1579.37,11433.75
536,20,6,2024-01-01,2024-01-01,1688.79,96.14,1592.65,9841.10
537,20,7,2024-02-01,2024-02-05,1688.79,82.75,1606.04,8235.06
538,20,8,2024-03-01,2024-03-13,1688.79,69.24,1619.55,6615.51
539,20,9,2024-04-01,2024-04-01,1688.79,55.63,1633.16,4982.35
540,20,10,2024-05-01,2024-05-01,1688.79,41.89,1646.90,3335.45
541,20,11,2024-06-01,2024-06-01,1688.79,28.05,1660.74,1674.71
542,20,12,2024-07-01,2024-07-01,1688.79,14.08,1674.71,0.00
543,21,1,2019-04-01,2019-04-01,702.19,258.46,443.73,26456.27
544,21,2,2019-05-01,2019-05-01,702.19,254.20,447.99,26008.28
545,21,3,2019-06-01,2019-06-01,702.19,249.90,452.29,25555.99
546,21,4,2019-07-01,2019-07-01,702.19,245.55,456.64,25099.35
547,21,5,2019-08-01,2019-08-01,702.19,241.16,461.03,24638.32
548,21,6,2019-09-01,2019-09-12,702.19,236.73,465.46,24172.86
549,21,7,2019-10-01,2019-10-01,702.19,232.26,469.93,23702.93
550,21,8,2019-11-01,2019-11-01,702.19,227.75,474.44,23228.49
551,21,9,2019-12-01,2019-12-01,702.19,223.19,479.00,22749.49
552,21,10,2020-01-01,2020-01-09,702.19,218.58,483.61,22265.88
553,21,11,2020-02-01,2020-02-01,702.19,213.94,488.25,21777.63
554,21,12,2020-03-01,2020-03-01,702.19,209.25,492.94,21284.69
555,21,13,2020-04-01,2020-04-04,702.19,204.51,497.68,20787.01
556,21,14,2020-05-01,2020-05-01,702.19,199.73,502.46,20284.55
557,21,15,2020-06-01,2020-06-11,702.19,194.90,507.29,19777.26
558,21,16,2020-07-01,2020-07-01,702.19,190.03,512.16,19265.10
559,21,17,2020-08-01,2020-08-01,702.19,185.11,517.08,18748.02
560,21,18,2020-09-01,2020-09-01,702.19,180.14,522.05,18225.97
561,21,19,2020-10-01,2020-10-01,702.19,175.12,527.07,17698.90
562,21,20,2020-11-01,2020-11-01,702.19,170.06,532.13,17166.77
563,21,21,2020-12-01,2020-12-12,702.19,164.94,537.25,16629.52
564,21,22,2021-01-01,2021-01-01,702.19,159.78,542.41,16087.11
565,21,23,2021-02-01,2021-02-01,702.19,154.57,547.62,15539.49
566,21,24,2021-03-01,2021-03-01,702.19,149.31,552.88,14986.61
567,21,25,2021-04-01,2021-04-01,702.19,144.00,558.19,14428.42
568,21,26,2021-05-01,2021-05-01,702.19,138.63,563.56,13864.86
569,21,27,2021-06-01,2021-06-01,702.19,133.22,568.97,13295.89
570,21,28,2021-07-01,2021-07-01,702.19,127.75,574.44,12721.45
571,21,29,2021-08-01,2021-08-01,702.19,122.23,579.96,12141.49
572,21,30,2021-09-01,2021-09-01,702.19,116.66,585.53,11555.96
573,21,31,2021-10-01,2021-10-01,702.19,111.03,591.16,10964.80
574,21,32,2021-11-01,2021-11-06,702.19,105.35,596.84,10367.96
575,21,33,2021-12-01,2021-12-01,702.19,99.62,602.57,9765.39
576,21,34,2022-01-01,2022-01-01,702.19,93.83,608.36,9157.03
577,21,35,2022-02-01,2022-02-01,702.19,87.98,614.21,8542.82
578,21,36,2022-03-01,2022-03-01,702.19,82.08,620.11,7922.71
579,21,37,2022-04-01,2022-04-01,702.19,76.12,626.07,7296.64
580,21,38,2022-05-01,2022-05-01,702.19,70.11,632.08,6664.56
581,21,39,2022-06-01,2022-06-01,702.19,64.04,638.15,6026.41
582,21,40,2022-07-01,2022-07-02,702.19,57.90,644.29,5382.12
583,21,41,2022-08-01,2022-08-01,702.19,51.71,650.48,4731.64
584,21,42,2022-09-01,2022-09-01,702.19,45.46,656.73,4074.91
585,21,43,2022-10-01,2022-10-01,702.19,39.15,663.04,3411.87
586,21,44,2022-11-01,2022-11-01,702.19,32.78,669.41,2742.46
587,21,45,2022-12-01,2022-12-01,702.19,26.35,675.84,2066.62
588,21,46,2023-01-01,2023-01-01,702.19,19.86,682.33,1384.29
589,21,47,2023-02-01,2023-02-01,702.19,13.30,688.89,695.40
590,21,48,2023-03-01,2023-03-01,702.08,6.68,695.40,0.00
591,22,1,2020-06-01,2020-06-01,145.42,32.97,112.45,4487.55
592,22,2,2020-07-01,2020-07-01,145.42,32.16,113.26,4374.29
593,22,3,2020-08-01,2020-08-01,145.42,31.35,114.07,4260.22
594,22,4,2020-09-01,2020-09-01,145.42,30.53,114.89,4145.33
595,22,5,2020-10-01,2020-10-01,145.42,29.71,115.71,4029.62
596,22,6,2020-11-01,2020-11-01,145.42,28.88,116.54,3913.08
597,22,7,2020-12-01,2020-12-01,145.42,28.04,117.38,3795.70
598,22,8,2021-01-01,2021-01-01,145.42,27.20,118.22,3677.48
599,22,9,2021-02-01,2021-02-01,145.42,26.36,119.06,3558.42
600,22,10,2021-03-01,2021-03-01,145.42,25.50,119.92,3438.50
601,22,11,2021-04-01,2021-04-01,145.42,24.64,120.78,3317.72
602,22,12,2021-05-01,2021-05-01,145.42,23.78,121.64,3196.08
603,22,13,2021-06-01,2021-06-01,145.42,22.91,122.51,3073.57
604,22,14,2021-07-01,2021-07-01,145.42,22.03,123.39,2950.18
605,22,15,2021-08-01,2021-08-01,145.42,21.14,124.28,2825.90
606,22,16,2021-09-01,2021-09-01,145.42,20.25,125.17,2700.73
607,22,17,2021-10-01,2021-10-03,145.42,19.36,126.06,2574.67
608,22,18,2021-11-01,2021-11-01,145.42,18.45,126.97,2447.70
609,22,19,2021-12-01,2021-12-01,145.42,17.54,127.88,2319.82
610,22,20,2022-01-01,2022-01-01,145.42,16.63,128.79,2191.03
611,22,21,2022-02-01,2022-02-01,145.42,15.70,129.72,2061.31
612,22,22,2022-03-01,2022-03-01,145.42,14.77,130.65,1930.66
613,22,23,2022-04-01,2022-04-01,145.42,13.84,131.58,1799.08
614,22,24,2022-05-01,2022-05-01,145.42,12.89,132.53,1666.55
615,22,25,2022-06-01,2022-06-01,145.42,11.94,133.48,1533.07
616,22,26,2022-07-01,2022-07-01,145.42,10.99,134.43,1398.64
617,22,27,2022-08-01,2022-08-01,145.42,10.02,135.40,1263.24
618,22,28,2022-09-01,2022-09-11,145.42,9.05,136.37,1126.87
619,22,29,2022-10-01,2022-10-01,145.42,8.08,137.34,989.53
620,22,30,2022-11-01,2022-11-01,145.42,7.09,138.33,851.20
621,22,31,2022-12-01,2022-12-01,145.42,6.10,139.32,711.88
622,22,32,2023-01-01,2023-01-01,145.42,5.10,140.32,571.56
623,22,33,2023-02-01,2023-02-01,145.42,4.10,141.32,430.24
624,22,34,2023-03-01,2023-03-01,145.42,3.08,142.34,287.90
625,22,35,2023-04-01,2023-04-01,145.42,2.06,143.36,144.54
626,22,36,2023-05-01,2023-05-01,145.58,1.04,144.54,0.00
627,23,1,2021-05-01,2021-05-01,779.13,302.33,476.80,28923.20
628,23,2,2021-06-01,2021-06-01,779.13,297.43,481.70,28441.50
629,23,3,2021-07-01,2021-07-01,779.13,292.47,486.66,27954.84
630,23,4,2021-08-01,2021-08-01,779.13,287.47,491.66,27463.18
631,23,5,2021-09-01,2021-09-01,779.13,282.41,496.72,26966.46
632,23,6,2021-10-01,2021-10-02,779.13,277.31,501.82,26464.64
633,23,7,2021-11-01,2021-11-01,779.13,272.14,506.99,25957.65
634,23,8,2021-12-01,2021-12-01,779.13,266.93,512.20,25445.45
635,23,9,2022-01-01,2022-01-01,779.13,261.66,517.47,24927.98
636,23,10,2022-02-01,2022-02-01,779.13,256.34,522.79,24405.19
637,23,11,2022-03-01,2022-03-01,779.13,250.97,528.16,23877.03
638,23,12,2022-04-01,2022-04-02,779.13,245.54,533.59,23343.44
639,23,13,2022-05-01,2022-05-01,779.13,240.05,539.08,22804.36
640,23,14,2022-06-01,2022-06-01,779.13,234.50,544.63,22259.73
641,23,15,2022-07-01,2022-07-01,779.13,228.90,550.23,21709.50
642,23,16,2022-08-01,2022-08-01,779.13,223.25,555.88,21153.62
643,23,17,2022-09-01,2022-09-01,779.13,217.53,561.60,20592.02
644,23,18,2022-10-01,2022-10-01,779.13,211.75,567.38,20024.64
645,23,19,2022-11-01,2022-11-01,779.13,205.92,573.21,19451.43
646,23,20,2022-12-01,2022-12-01,779.13,200.03,579.10,18872.33
647,23,21,2023-01-01,2023-01-01,779.13,194.07,585.06,18287.27
648,23,22,2023-02-01,2023-02-01,779.13,188.05,591.08,17696.19
649,23,23,2023-03-01,2023-03-01,779.13,181.98,597.15,17099.04
650,23,24,2023-04-01,2023-04-01,779.13,175.84,603.29,16495.75
651,23,25,2023-05-01,2023-05-01,779.13,169.63,609.50,15886.25
652,23,26,2023-06-01,2023-06-01,779.13,163.36,615.77,15270.48
653,23,27,2023-07-01,2023-07-01,779.13,157.03,622.10,14648.38
654,23,28,2023-08-01,2023-08-01,779.13,150.63,628.50,14019.88
655,23,29,2023-09-01,2023-09-01,779.13,144.17,634.96,13384.92
656,23,30,2023-10-01,2023-10-05,779.13,137.64,641.49,12743.43
657,23,31,2023-11-01,2023-11-01,779.13,131.04,648.09,12095.34
658,23,32,2023-12-01,2023-12-01,779.13,124.38,654.75,11440.59
659,23,33,2024-01-01,2024-01-01,779.13,117.65,661.48,10779.11
660,23,34,2024-02-01,2024-02-06,779.13,110.85,668.28,10110.83
661,23,35,2024-03-01,2024-03-01,779.13,103.97,675.16,9435.67
662,23,36,2024-04-01,2024-04-01,779.13,97.03,682.10,8753.57
663,23,37,2024-05-01,2024-05-08,779.13,90.02,689.11,8064.46
664,23,38,2024-06-01,2024-06-01,779.13,82.93,696.20,7368.26
665,23,39,2024-07-01,2024-07-12,779.13,75.77,703.36,6664.90
666,23,40,2024-08-01,2024-08-07,779.13,68.54,710.59,5954.31
667,23,41,2024-09-01,2024-09-01,779.13,61.23,717.90,5236.41
668,23,42,2024-10-01,2024-10-01,779.13,53.85,725.28,4511.13
669,23,43,2024-11-01,2024-11-01,779.13,46.39,732.74,3778.39
670,23,44,2024-12-01,2024-12-01,779.13,38.85,740.28,3038.11
671,23,45,2025-01-01,2025-01-01,779.13,31.24,747.89,2290.22
672,23,46,2025-02-01,2025-02-01,779.13,23.55,755.58,1534.64
673,23,47,2025-03-01,2025-03-01,779.13,15.78,763.35,771.29
674,23,48,2025-04-01,2025-04-10,779.22,7.93,771.29,0.00
675,24,1,2024-02-01,2024-02-01,960.85,152.62,808.23,20291.77
676,24,2,2024-03-01,2024-03-01,960.85,146.78,814.07,19477.70
677,24,3,2024-04-01,2024-04-01,960.85,140.89,819.96,18657.74
678,24,4,2024-05-01,2024-05-01,960.85,134.96,825.89,17831.85
679,24,5,2024-06-01,2024-06-10,960.85,128.98,831.87,16999.98
680,24,6,2024-07-01,2024-07-01,960.85,122.97,837.88,16162.10
681,24,7,2024-08-01,2024-08-01,960.85,116.91,843.94,15318.16
682,24,8,2024-09-01,2024-09-01,960.85,110.80,850.05,14468.11
683,24,9,2024-10-01,2024-10-01,960.85,104.65,856.20,13611.91
684,24,10,2024-11-01,2024-11-01,960.85,98.46,862.39,12749.52
685,24,11,2024-12-01,2024-12-01,960.85,92.22,868.63,11880.89
686,24,12,2025-01-01,2025-01-01,960.85,85.94,874.91,11005.98
687,24,13,2025-02-01,2025-02-01,960.85,79.61,881.24,10124.74
688,24,14,2025-03-01,2025-03-01,960.85,73.24,887.61,9237.13
689,24,15,2025-04-01,2025-04-01,960.85,66.82,894.03,8343.10
690,24,16,2025-05-01,2025-05-01,960.85,60.35,900.50,7442.60
691,24,17,2025-06-01,2025-06-01,960.85,53.83,907.02,6535.58
692,25,1,2023-04-01,2023-04-01,576.68,207.80,368.88,27431.12
693,25,2,2023-05-01,2023-05-01,576.68,205.05,371.63,27059.49
694,25,3,2023-06-01,2023-06-01,576.68,202.27,374.41,26685.08
695,25,4,2023-07-01,2023-07-01,576.68,199.47,377.21,26307.87
696,25,5,2023-08-01,2023-08-01,576.68,196.65,380.03,25927.84
697,25,6,2023-09-01,2023-09-01,576.68,193.81,382.87,25544.97
698,25,7,2023-10-01,2023-10-01,576.68,190.95,385.73,25159.24
699,25,8,2023-11-01,2023-11-01,576.68,188.07,388.61,24770.63
700,25,9,2023-12-01,2023-12-01,576.68,185.16,391.52,24379.11
701,25,10,2024-01-01,2024-01-01,576.68,182.23,394.45,23984.66
702,25,11,2024-02-01,2024-02-01,576.68,179.29,397.39,23587.27
703,25,12,2024-03-01,2024-03-01,576.68,176.31,400.37,23186.90
704,25,13,2024-04-01,2024-04-01,576.68,173.32,403.36,22783.54
705,25,14,2024-05-01,2024-05-01,576.68,170.31,406.37,22377.17
706,25,15,2024-06-01,2024-06-01,576.68,167.27,409.41,21967.76
707,25,16,2024-07-01,2024-07-01,576.68,164.21,412.47,21555.29
708,25,17,2024-08-01,2024-08-01,576.68,161.13,415.55,21139.74
709,25,18,2024-09-01,2024-09-01,576.68,158.02,418.66,20721.08
710,25,19,2024-10-01,2024-10-01,576.68,154.89,421.79,20299.29
711,25,20,2024-11-01,2024-11-01,576.68,151.74,424.94,19874.35
712,25,21,2024-12-01,2024-12-01,576.68,148.56,428.12,19446.23
713,25,22,2025-01-01,2025-01-01,576.68,145.36,431.32,19014.91
714,25,23,2025-02-01,2025-02-01,576.68,142.14,434.54,18580.37
715,25,24,2025-03-01,2025-03-01,576.68,138.89,437.79,18142.58
716,25,25,2025-04-01,2025-04-01,576.68,135.62,441.06,17701.52
717,25,26,2025-05-01,2025-05-01,576.68,132.32,444.36,17257.16
718,25,27,2025-06-01,2025-06-01,576.68,129.00,447.68,16809.48
719,25,28,2025-07-01,2025-07-01,576.68,125.65,451.03,16358.45
720,25,29,2025-08-01,2025-08-01,576.68,122.28,454.40,15904.05
721,25,30,2025-09-01,2025-09-01,576.68,118.88,457.80,15446.25
722,25,31,2025-10-01,2025-10-01,576.68,115.46,461.22,14985.03
723,25,32,2025-11-01,2025-11-01,576.68,112.01,464.67,14520.36
724,25,33,2025-12-01,2025-12-01,576.68,108.54,468.14,14052.22
725,25,34,2026-01-01,2026-01-01,576.68,105.04,471.64,13580.58
726,25,35,2026-02-01,2026-02-13,576.68,101.51,475.17,13105.41
727,25,36,2026-03-01,2026-03-08,576.68,97.96,478.72,12626.69
728,25,37,2026-04-01,2026-04-01,576.68,94.38,482.30,12144.39
729,25,38,2026-05-01,2026-05-01,576.68,90.78,485.90,11658.49
730,25,39,2026-06-01,2026-06-01,576.68,87.15,489.53,11168.96
731,25,40,2026-07-01,2026-07-01,576.68,83.49,493.19,10675.77
732,25,41,2026-08-01,2026-08-01,576.68,79.80,496.88,10178.89
733,25,42,2026-09-01,2026-09-01,576.68,76.09,500.59,9678.30
734,25,43,2026-10-01,2026-10-01,576.68,72.35,504.33,9173.97
735,25,44,2026-11-01,2026-11-01,576.68,68.58,508.10,8665.87
736,25,45,2026-12-01,2026-12-01,576.68,64.78,511.90,8153.97
737,25,46,2027-01-01,2027-01-13,576.68,60.95,515.73,7638.24
738,25,47,2027-02-01,2027-02-07,576.68,57.10,519.58,7118.66
739,25,48,2027-03-01,2027-03-01,576.68,53.21,523.47,6595.19
740,25,49,2027-04-01,2027-04-01,576.68,49.30,527.38,6067.81
741,25,50,2027-05-01,2027-05-01,576.68,45.36,531.32,5536.49
742,25,51,2027-06-01,2027-06-05,576.68,41.39,535.29,5001.20
743,25,52,2027-07-01,2027-07-01,576.68,37.38,539.30,4461.90
744,25,53,2027-08-01,2027-08-01,576.68,33.35,543.33,3918.57
745,25,54,2027-09-01,2027-09-01,576.68,29.29,547.39,3371.18
746,25,55,2027-10-01,2027-10-01,576.68,25.20,551.48,2819.70
747,25,56,2027-11-01,2027-11-01,576.68,21.08,555.60,2264.10
748,25,57,2027-12-01,2027-12-05,576.68,16.92,559.76,1704.34
749,25,58,2028-01-01,2028-01-01,576.68,12.74,563.94,1140.40
750,25,59,2028-02-01,2028-02-01,576.68,8.52,568.16,572.24
751,25,60,2028-03-01,2028-03-01,576.52,4.28,572.24,0.00
752,26,1,2023-10-01,2023-10-01,448.18,95.45,352.73,13947.27
753,26,2,2023-11-01,2023-11-01,448.18,93.10,355.08,13592.19
754,26,3,2023-12-01,2023-12-01,448.18,90.73,357.45,13234.74
755,26,4,2024-01-01,2024-01-01,448.18,88.34,359.84,12874.90
756,26,5,2024-02-01,2024-02-01,448.18,85.94,362.24,12512.66
757,26,6,2024-03-01,2024-03-01,448.18,83.52,364.66,12148.00
758,26,7,2024-04-01,2024-04-01,448.18,81.09,367.09,11780.91
759,26,8,2024-05-01,2024-05-01,448.18,78.64,369.54,11411.37
760,26,9,2024-06-01,2024-06-01,448.18,76.17,372.01,11039.36
761,26,10,2024-07-01,2024-07-01,448.18,73.69,374.49,10664.87
762,26,11,2024-08-01,2024-08-01,448.18,71.19,376.99,10287.88
763,26,12,2024-09-01,2024-09-01,448.18,68.67,379.51,9908.37
764,26,13,2024-10-01,2024-10-01,448.18,66.14,382.04,9526.33
765,26,14,2024-11-01,2024-11-06,448.18,63.59,384.59,9141.74
766,26,15,2024-12-01,2024-12-01,448.18,61.02,387.16,8754.58
767,26,16,2025-01-01,2025-01-01,448.18,58.44,389.74,8364.84
768,26,17,2025-02-01,2025-02-01,448.18,55.84,392.34,7972.50
769,26,18,2025-03-01,2025-03-01,448.18,53.22,394.96,7577.54
770,26,19,2025-04-01,2025-04-01,448.18,50.58,397.60,7179.94
771,26,20,2025-05-01,2025-05-01,448.18,47.93,400.25,6779.69
772,26,21,2025-06-01,2025-06-01,448.18,45.25,402.93,6376.76
773,27,1,2019-03-01,2019-03-01,659.18,187.38,471.80,26328.20
774,27,2,2019-04-01,2019-04-01,659.18,184.08,475.10,25853.10
775,27,3,2019-05-01,2019-05-05,659.18,180.76,478.42,25374.68
776,27,4,2019-06-01,2019-06-01,659.18,177.41,481.77,24892.91
777,27,5,2019-07-01,2019-07-01,659.18,174.04,485.14,24407.77
778,27,6,2019-08-01,2019-08-01,659.18,170.65,488.53,23919.24
779,27,7,2019-09-01,2019-09-01,659.18,167.24,491.94,23427.30
780,27,8,2019-10-01,2019-10-01,659.18,163.80,495.38,22931.92
781,27,9,2019-11-01,2019-11-10,659.18,160.33,498.85,22433.07
782,27,10,2019-12-01,2019-12-01,659.18,156.84,502.34,21930.73
783,27,11,2020-01-01,2020-01-01,659.18,153.33,505.85,21424.88
784,27,12,2020-02-01,2020-02-01,659.18,149.80,509.38,20915.50
785,27,13,2020-03-01,2020-03-01,659.18,146.23,512.95,20402.55
786,27,14,2020-04-01,2020-04-01,659.18,142.65,516.53,19886.02
787,27,15,2020-05-01,2020-05-01,659.18,139.04,520.14,19365.88
788,27,16,2020-06-01,2020-06-01,659.18,135.40,523.78,18842.10
789,27,17,2020-07-01,2020-07-04,659.18,131.74,527.44,18314.66
790,27,18,2020-08-01,2020-08-01,659.18,128.05,531.13,17783.53
791,27,19,2020-09-01,2020-09-01,659.18,124.34,534.84,17248.69
792,27,20,2020-10-01,2020-10-01,659.18,120.60,538.58,16710.11
793,27,21,2020-11-01,2020-11-01,659.18,116.83,542.35,16167.76
794,27,22,2020-12-01,2020-12-01,659.18,113.04,546.14,15621.62
795,27,23,2021-01-01,2021-01-01,659.18,109.22,549.96,15071.66
796,27,24,2021-02-01,2021-02-01,659.18,105.38,553.80,14517.86
797,27,25,2021-03-01,2021-03-01,659.18,101.50,557.68,13960.18
798,27,26,2021-04-01,2021-04-01,659.18,97.60,561.58,13398.60
799,27,27,2021-05-01,2021-05-01,659.18,93.68,565.50,12833.10
800,27,28,2021-06-01,2021-06-01,659.18,89.72,569.46,12263.64
801,27,29,2021-07-01,2021-07-01,659.18,85.74,573.44,11690.20
802,27,30,2021-08-01,2021-08-12,659.18,81.73,577.45,11112.75
803,27,31,2021-09-01,2021-09-01,659.18,77.70,581.48,10531.27
804,27,32,2021-10-01,2021-10-01,659.18,73.63,585.55,9945.72
805,27,33,2021-11-01,2021-11-01,659.18,69.54,589.64,9356.08
806,27,34,2021-12-01,2021-12-01,659.18,65.41,593.77,8762.31
807,27,35,2022-01-01,2022-01-01,659.18,61.26,597.92,8164.39
808,27,36,2022-02-01,2022-02-01,659.18,57.08,602.10,7562.29
809,27,37,2022-03-01,2022-03-04,659.18,52.87,606.31,6955.98
810,27,38,2022-04-01,2022-04-01,659.18,48.63,610.55,6345.43
811,27,39,2022-05-01,2022-05-01,659.18,44.37,614.81,5730.62
812,27,40,2022-06-01,2022-06-07,659.18,40.07,619.11,5111.51
813,27,41,2022-07-01,2022-07-01,659.18,35.74,623.44,4488.07
814,27,42,2022-08-01,2022-08-01,659.18,31.38,627.80,3860.27
815,27,43,2022-09-01,2022-09-01,659.18,26.99,632.19,3228.08
816,27,44,2022-10-01,2022-10-01,659.18,22.57,636.61,2591.47
817,27,45,2022-11-01,2022-11-01,659.18,18.12,641.06,1950.41
818,27,46,2022-12-01,2022-12-01,659.18,13.64,645.54,1304.87
819,27,47,2023-01-01,2023-01-01,659.18,9.12,650.06,654.81
820,27,48,2023-02-01,2023-02-01,659.39,4.58,654.81,0.00
821,28,1,2019-12-01,2019-12-01,1939.45,923.76,1015.69,255584.31
822,28,2,2020-01-01,2020-01-01,1939.45,920.10,1019.35,254564.96
823,28,3,2020-02-01,2020-02-01,1939.45,916.43,1023.02,253541.94
824,28,4,2020-03-01,2020-03-01,1939.45,912.75,1026.70,252515.24
825,28,5,2020-04-01,2020-04-01,1939.45,909.05,1030.40,251484.84
826,28,6,2020-05-01,2020-05-01,1939.45,905.35,1034.10,250450.74
827,28,7,2020-06-01,2020-06-01,1939.45,901.62,1037.83,249412.91
828,28,8,2020-07-01,2020-07-01,1939.45,897.89,1041.56,248371.35
829,28,9,2020-08-01,2020-08-01,1939.45,894.14,1045.31,247326.04
830,28,10,2020-09-01,2020-09-01,1939.45,890.37,1049.08,246276.96
831,28,11,2020-10-01,2020-10-01,1939.45,886.60,1052.85,245224.11
832,28,12,2020-11-01,2020-11-01,1939.45,882.81,1056.64,244167.47
833,28,13,2020-12-01,2020-12-01,1939.45,879.00,1060.45,243107.02
834,28,14,2021-01-01,2021-01-13,1939.45,875.19,1064.26,242042.76
835,28,15,2021-02-01,2021-02-01,1939.45,871.35,1068.10,240974.66
836,28,16,2021-03-01,2021-03-01,1939.45,867.51,1071.94,239902.72
837,28,17,2021-04-01,2021-04-01,1939.45,863.65,1075.80,238826.92
838,28,18,2021-05-01,2021-05-01,1939.45,859.78,1079.67,237747.25
839,28,19,2021-06-01,2021-06-01,1939.45,855.89,1083.56,236663.69
840,28,20,2021-07-01,2021-07-05,1939.45,851.99,1087.46,235576.23
841,28,21,2021-08-01,2021-08-01,1939.45,848.07,1091.38,234484.85
842,28,22,2021-09-01,2021-09-01,1939.45,844.15,1095.30,233389.55
843,28,23,2021-10-01,2021-10-01,1939.45,840.20,1099.25,232290.30
844,28,24,2021-11-01,2021-11-01,1939.45,836.25,1103.20,231187.10
845,28,25,2021-12-01,2021-12-01,1939.45,832.27,1107.18,230079.92
846,28,26,2022-01-01,2022-01-07,1939.45,828.29,1111.16,228968.76
847,28,27,2022-02-01,2022-02-01,1939.45,824.29,1115.16,227853.60
848,28,28,2022-03-01,2022-03-01,1939.45,820.27,1119.18,226734.42
849,28,29,2022-04-01,2022-04-01,1939.45,816.24,1123.21,225611.21
850,28,30,2022-05-01,2022-05-01,1939.45,812.20,1127.25,224483.96
851,28,31,2022-06-01,2022-06-01,1939.45,808.14,1131.31,223352.65
852,28,32,2022-07-01,2022-07-01,1939.45,804.07,1135.38,222217.27
853,28,33,2022-08-01,2022-08-02,1939.45,799.98,1139.47,221077.80
854,28,34,2022-09-01,2022-09-01,1939.45,795.88,1143.57,219934.23
855,28,35,2022-10-01,2022-10-09,1939.45,791.76,1147.69,218786.54
856,28,36,2022-11-01,2022-11-01,1939.45,787.63,1151.82,217634.72
857,28,37,2022-12-01,2022-12-13,1939.45,783.48,1155.97,216478.75
858,28,38,2023-01-01,2023-01-01,1939.45,779.32,1160.13,215318.62
859,28,39,2023-02-01,2023-02-01,1939.45,775.15,1164.30,214154.32
860,28,40,2023-03-01,2023-03-01,1939.45,770.96,1168.49,212985.83
861,28,41,2023-04-01,2023-04-01,1939.45,766.75,1172.70,211813.13
862,28,42,2023-05-01,2023-05-01,1939.45,762.53,1176.92,210636.21
863,28,43,2023-06-01,2023-06-01,1939.45,758.29,1181.16,209455.05
864,28,44,2023-07-01,2023-07-01,1939.45,754.04,1185.41,208269.64
865,28,45,2023-08-01,2023-08-01,1939.45,749.77,1189.68,207079.96
866,28,46,2023-09-01,2023-09-01,1939.45,745.49,1193.96,205886.00
867,28,47,2023-10-01,2023-10-10,1939.45,741.19,1198.26,204687.74
868,28,48,2023-11-01,2023-11-01,1939.45,736.88,1202.57,203485.17
869,28,49,2023-12-01,2023-12-01,1939.45,732.55,1206.90,202278.27
870,28,50,2024-01-01,2024-01-01,1939.45,728.20,1211.25,201067.02
871,28,51,2024-02-01,2024-02-01,1939.45,723.84,1215.61,199851.41
872,28,52,2024-03-01,2024-03-01,1939.45,719.47,1219.98,198631.43
873,28,53,2024-04-01,2024-04-01,1939.45,715.07,1224.38,197407.05
874,28,54,2024-05-01,2024-05-01,1939.45,710.67,1228.78,196178.27
875,28,55,2024-06-01,2024-06-01,1939.45,706.24,1233.21,194945.06
876,28,56,2024-07-01,2024-07-01,1939.45,701.80,1237.65,193707.41
877,28,57,2024-08-01,2024-08-02,1939.45,697.35,1242.10,192465.31
878,28,58,2024-09-01,2024-09-01,1939.45,692.88,1246.57,191218.74
879,28,59,2024-10-01,2024-10-01,1939.45,688.39,1251.06,189967.68
880,28,60,2024-11-01,2024-11-01,1939.45,683.88,1255.57,188712.11
881,28,61,2024-12-01,2024-12-01,1939.45,679.36,1260.09,187452.02
882,28,62,2025-01-01,2025-01-01,1939.45,674.83,1264.62,186187.40
883,28,63,2025-02-01,2025-02-01,1939.45,670.27,1269.18,184918.22
884,28,64,2025-03-01,2025-03-01,1939.45,665.71,1273.74,183644.48
885,28,65,2025-04-01,2025-04-01,1939.45,661.12,1278.33,182366.15
886,28,66,2025-05-01,2025-05-01,1939.45,656.52,1282.93,181083.22
887,28,67,2025-06-01,2025-06-03,1939.45,651.90,1287.55,179795.67
888,28,68,2025-07-01,2025-07-01,1939.45,647.26,1292.19,178503.48
889,28,69,2025-08-01,2025-08-01,1939.45,642.61,1296.84,177206.64
890,28,70,2025-09-01,2025-09-01,1939.45,637.94,1301.51,175905.13
891,28,71,2025-10-01,2025-10-01,1939.45,633.26,1306.19,174598.94
892,28,72,2025-11-01,2025-11-01,1939.45,628.56,1310.89,173288.05
893,28,73,2025-12-01,2025-12-09,1939.45,623.84,1315.61,171972.44
894,28,74,2026-01-01,2026-01-07,1939.45,619.10,1320.35,170652.09
895,28,75,2026-02-01,2026-02-08,1939.45,614.35,1325.10,169326.99
896,28,76,2026-03-01,2026-03-01,1939.45,609.58,1329.87,167997.12
897,28,77,2026-04-01,2026-04-01,1939.45,604.79,1334.66,166662.46
898,28,78,2026-05-01,2026-05-01,1939.45,599.98,1339.47,165322.99
899,28,79,2026-06-01,2026-06-01,1939.45,595.16,1344.29,163978.70
900,28,80,2026-07-01,2026-07-01,1939.45,590.32,1349.13,162629.57
901,28,81,2026-08-01,2026-08-02,1939.45,585.47,1353.98,161275.59
902,28,82,2026-09-01,2026-09-01,1939.45,580.59,1358.86,159916.73
903,28,83,2026-10-01,2026-10-01,1939.45,575.70,1363.75,158552.98
904,28,84,2026-11-01,2026-11-01,1939.45,570.79,1368.66,157184.32
905,28,85,2026-12-01,2026-12-01,1939.45,565.86,1373.59,155810.73
906,28,86,2027-01-01,2027-01-01,1939.45,560.92,1378.53,154432.20
907,28,87,2027-02-01,2027-02-08,1939.45,555.96,1383.49,153048.71
908,28,88,2027-03-01,2027-03-10,1939.45,550.98,1388.47,151660.24
909,28,89,2027-04-01,2027-04-01,1939.45,545.98,1393.47,150266.77
910,28,90,2027-05-01,2027-05-01,1939.45,540.96,1398.49,148868.28
911,28,91,2027-06-01,2027-06-01,1939.45,535.93,1403.52,147464.76
912,28,92,2027-07-01,2027-07-01,1939.45,530.87,1408.58,146056.18
913,28,93,2027-08-01,2027-08-01,1939.45,525.80,1413.65,144642.53
914,28,94,2027-09-01,2027-09-01,1939.45,520.71,1418.74,143223.79
915,28,95,2027-10-01,2027-10-01,1939.45,515.61,1423.84,141799.95
916,28,96,2027-11-01,2027-11-06,1939.45,510.48,1428.97,140370.98
917,28,97,2027-12-01,2027-12-01,1939.45,505.34,1434.11,138936.87
918,28,98,2028-01-01,2028-01-01,1939.45,500.17,1439.28,137497.59
919,28,99,2028-02-01,2028-02-01,1939.45,494.99,1444.46,136053.13
920,28,100,2028-03-01,2028-03-01,1939.45,489.79,1449.66,134603.47
921,28,101,2028-04-01,2028-04-01,1939.45,484.57,1454.88,133148.59
922,28,102,2028-05-01,2028-05-01,1939.45,479.33,1460.12,131688.47
923,28,103,2028-06-01,2028-06-01,1939.45,474.08,1465.37,130223.10
924,28,104,2028-07-01,2028-07-01,1939.45,468.80,1470.65,128752.45
925,28,105,2028-08-01,2028-08-12,1939.45,463.51,1475.94,127276.51
926,28,106,2028-09-01,2028-09-01,1939.45,458.20,1481.25,125795.26
927,28,107,2028-10-01,2028-10-01,1939.45,452.86,1486.59,124308.67
928,28,108,2028-11-01,2028-11-01,1939.45,447.51,1491.94,122816.73
929,28,109,2028-12-01,2028-12-06,1939.45,442.14,1497.31,121319.42
930,28,110,2029-01-01,2029-01-01,1939.45,436.75,1502.70,119816.72
931,28,111,2029-02-01,2029-02-01,1939.45,431.34,1508.11,118308.61
932,28,112,2029-03-01,2029-03-01,1939.45,425.91,1513.54,116795.07
933,28,113,2029-04-01,2029-04-01,1939.45,420.46,1518.99,115276.08
934,28,114,2029-05-01,2029-05-01,1939.45,414.99,1524.46,113751.62
935,28,115,2029-06-01,2029-06-01,1939.45,409.51,1529.94,112221.68
936,28,116,2029-07-01,2029-07-01,1939.45,404.00,1535.45,110686.23
937,28,117,2029-08-01,2029-08-01,1939.45,398.47,1540.98,109145.25
938,28,118,2029-09-01,2029-09-01,1939.45,392.92,1546.53,107598.72
939,28,119,2029-10-01,2029-10-01,1939.45,387.36,1552.09,106046.63
940,28,120,2029-11-01,2029-11-01,1939.45,381.77,1557.68,104488.95
941,28,121,2029-12-01,2029-12-01,1939.45,376.16,1563.29,102925.66
942,28,122,2030-01-01,2030-01-13,1939.45,370.53,1568.92,101356.74
943,28,123,2030-02-01,2030-02-01,1939.45,364.88,1574.57,99782.17
944,28,124,2030-03-01,2030-03-06,1939.45,359.22,1580.23,98201.94
945,28,125,2030-04-01,2030-04-01,1939.45,353.53,1585.92,96616.02
946,28,126,2030-05-01,2030-05-01,1939.45,347.82,1591.63,95024.39
947,28,127,2030-06-01,2030-06-01,1939.45,342.09,1597.36,93427.03
948,28,128,2030-07-01,2030-07-02,1939.45,336.34,1603.11,91823.92
949,28,129,2030-08-01,2030-08-01,1939.45,330.57,1608.88,90215.04
950,28,130,2030-09-01,2030-09-01,1939.45,324.77,1614.68,88600.36
951,28,131,2030-10-01,2030-10-01,1939.45,318.96,1620.49,86979.87
952,28,132,2030-11-01,2030-11-01,1939.45,313.13,1626.32,85353.55
953,28,133,2030-12-01,2030-12-01,1939.45,307.27,1632.18,83721.37
954,28,134,2031-01-01,2031-01-01,1939.45,301.40,1638.05,82083.32
955,28,135,2031-02-01,2031-02-01,1939.45,295.50,1643.95,80439.37
956,28,136,2031-03-01,2031-03-01,1939.45,289.58,1649.87,78789.50
957,28,137,2031-04-01,2031-04-01,1939.45,283.64,1655.81,77133.69
958,28,138,2031-05-01,2031-05-01,1939.45,277.68,1661.77,75471.92
959,28,139,2031-06-01,2031-06-06,1939.45,271.70,1667.75,73804.17
960,28,140,2031-07-01,2031-07-01,1939.45,265.70,1673.75,72130.42
961,28,141,2031-08-01,2031-08-01,1939.45,259.67,1679.78,70450.64
962,28,142,2031-09-01,2031-09-08,1939.45,253.62,1685.83,68764.81
963,28,143,2031-10-01,2031-10-01,1939.45,247.55,1691.90,67072.91
964,28,144,2031-11-01,2031-11-01,1939.45,241.46,1697.99,65374.92
965,28,145,2031-12-01,2031-12-01,1939.45,235.35,1704.10,63670.82
966,28,146,2032-01-01,2032-01-01,1939.45,229.21,1710.24,61960.58
967,28,147,2032-02-01,2032-02-01,1939.45,223.06,1716.39,60244.19
968,28,148,2032-03-01,2032-03-01,1939.45,216.88,1722.57,58521.62
969,28,149,2032-04-01,2032-04-01,1939.45,210.68,1728.77,56792.85
970,28,150,2032-05-01,2032-05-11,1939.45,204.45,1735.00,55057.85
971,28,151,2032-06-01,2032-06-01,1939.45,198.21,1741.24,53316.61
972,28,152,2032-07-01,2032-07-01,1939.45,191.94,1747.51,51569.10
973,28,153,2032-08-01,2032-08-01,1939.45,185.65,1753.80,49815.30
974,28,154,2032-09-01,2032-09-01,1939.45,179.34,1760.11,48055.19
975,28,155,2032-10-01,2032-10-01,1939.45,173.00,1766.45,46288.74
976,28,156,2032-11-01,2032-11-01,1939.45,166.64,1772.81,44515.93
977,28,157,2032-12-01,2032-12-01,1939.45,160.26,1779.19,42736.74
978,28,158,2033-01-01,2033-01-01,1939.45,153.85,1785.60,40951.14
979,28,159,2033-02-01,2033-02-01,1939.45,147.42,1792.03,39159.11
980,28,160,2033-03-01,2033-03-01,1939.45,140.97,1798.48,37360.63
981,28,161,2033-04-01,2033-04-01,1939.45,134.50,1804.95,35555.68
982,28,162,2033-05-01,2033-05-01,1939.45,128.00,1811.45,33744.23
983,28,163,2033-06-01,2033-06-01,1939.45,121.48,1817.97,31926.26
984,28,164,2033-07-01,2033-07-01,1939.45,114.93,1824.52,30101.74
985,28,165,2033-08-01,2033-08-01,1939.45,108.37,1831.08,28270.66
986,28,166,2033-09-01,2033-09-01,1939.45,101.77,1837.68,26432.98
987,28,167,2033-10-01,2033-10-01,1939.45,95.16,1844.29,24588.69
988,28,168,2033-11-01,2033-11-01,1939.45,88.52,1850.93,22737.76
989,28,169,2033-12-01,2033-12-02,1939.45,81.86,1857.59,20880.17
990,28,170,2034-01-01,2034-01-04,1939.45,75.17,1864.28,19015.89
991,28,171,2034-02-01,2034-02-01,1939.45,68.46,1870.99,17144.90
992,28,172,2034-03-01,2034-03-01,1939.45,61.72,1877.73,15267.17
993,28,173,2034-04-01,2034-04-01,1939.45,54.96,1884.49,13382.68
994,28,174,2034-05-01,2034-05-01,1939.45,48.18,1891.27,11491.41
995,28,175,2034-06-01,2034-06-01,1939.45,41.37,1898.08,9593.33
996,28,176,2034-07-01,2034-07-01,1939.45,34.54,1904.91,7688.42
997,28,177,2034-08-01,2034-08-01,1939.45,27.68,1911.77,5776.65
998,28,178,2034-09-01,2034-09-01,1939.45,20.80,1918.65,3858.00
999,28,179,2034-10-01,2034-10-01,1939.45,13.89,1925.56,1932.44
1000,28,180,2034-11-01,2034-11-12,1939.40,6.96,1932.44,0.00
1001,29,1,2022-06-01,2022-06-01,622.90,236.20,386.70,41113.30
1002,29,2,2022-07-01,2022-07-01,622.90,234.00,388.90,40724.40
1003,29,3,2022-08-01,2022-08-01,622.90,231.79,391.11,40333.29
1004,29,4,2022-09-01,2022-09-01,622.90,229.56,393.34,39939.95
1005,29,5,2022-10-01,2022-10-01,622.90,227.32,395.58,39544.37
1006,29,6,2022-11-01,2022-11-01,622.90,225.07,397.83,39146.54
1007,29,7,2022-12-01,2022-12-01,622.90,222.81,400.09,38746.45
1008,29,8,2023-01-01,2023-01-01,622.90,220.53,402.37,38344.08
1009,29,9,2023-02-01,2023-02-06,622.90,218.24,404.66,37939.42
1010,29,10,2023-03-01,2023-03-02,622.90,215.94,406.96,37532.46
1011,29,11,2023-04-01,2023-04-01,622.90,213.62,409.28,37123.18
1012,29,12,2023-05-01,2023-05-01,622.90,211.29,411.61,36711.57
1013,29,13,2023-06-01,2023-06-01,622.90,208.95,413.95,36297.62
1014,29,14,2023-07-01,2023-07-01,622.90,206.59,416.31,35881.31
1015,29,15,2023-08-01,2023-08-01,622.90,204.22,418.68,35462.63
1016,29,16,2023-09-01,2023-09-01,622.90,201.84,421.06,35041.57
1017,29,17,2023-10-01,2023-10-01,622.90,199.44,423.46,34618.11
1018,29,18,2023-11-01,2023-11-01,622.90,197.03,425.87,34192.24
1019,29,19,2023-12-01,2023-12-01,622.90,194.61,428.29,33763.95
1020,29,20,2024-01-01,2024-01-01,622.90,192.17,430.73,33333.22
1021,29,21,2024-02-01,2024-02-01,622.90,189.72,433.18,32900.04
1022,29,22,2024-03-01,2024-03-01,622.90,187.26,435.64,32464.40
1023,29,23,2024-04-01,2024-04-01,622.90,184.78,438.12,32026.28
1024,29,24,2024-05-01,2024-05-01,622.90,182.28,440.62,31585.66
1025,29,25,2024-06-01,2024-06-12,622.90,179.78,443.12,31142.54
1026,29,26,2024-07-01,2024-07-01,622.90,177.25,445.65,30696.89
1027,29,27,2024-08-01,2024-08-01,622.90,174.72,448.18,30248.71
1028,29,28,2024-09-01,2024-09-01,622.90,172.17,450.73,29797.98
1029,29,29,2024-10-01,2024-10-01,622.90,169.60,453.30,29344.68
1030,29,30,2024-11-01,2024-11-01,622.90,167.02,455.88,28888.80
1031,29,31,2024-12-01,2024-12-01,622.90,164.43,458.47,28430.33
1032,29,32,2025-01-01,2025-01-01,622.90,161.82,461.08,27969.25
1033,29,33,2025-02-01,2025-02-05,622.90,159.19,463.71,27505.54
1034,29,34,2025-03-01,2025-03-01,622.90,156.55,466.35,27039.19
1035,29,35,2025-04-01,2025-04-11,622.90,153.90,469.00,26570.19
1036,29,36,2025-05-01,2025-05-01,622.90,151.23,471.67,26098.52
1037,29,37,2025-06-01,2025-06-01,622.90,148.54,474.36,25624.16
1038,30,1,2022-03-01,2022-03-01,207.49,75.13,132.36,13867.64
1039,30,2,2022-04-01,2022-04-01,207.49,74.42,133.07,13734.57
1040,30,3,2022-05-01,2022-05-04,207.49,73.71,133.78,13600.79
1041,30,4,2022-06-01,2022-06-12,207.49,72.99,134.50,13466.29
1042,30,5,2022-07-01,2022-07-01,207.49,72.27,135.22,13331.07
1043,30,6,2022-08-01,2022-08-01,207.49,71.54,135.95,13195.12
1044,30,7,2022-09-01,2022-09-01,207.49,70.81,136.68,13058.44
1045,30,8,2022-10-01,2022-10-01,207.49,70.08,137.41,12921.03
1046,30,9,2022-11-01,2022-11-01,207.49,69.34,138.15,12782.88
1047,30,10,2022-12-01,2022-12-01,207.49,68.60,138.89,12643.99
1048,30,11,2023-01-01,2023-01-01,207.49,67.86,139.63,12504.36
1049,30,12,2023-02-01,2023-02-07,207.49,67.11,140.38,12363.98
1050,30,13,2023-03-01,2023-03-01,207.49,66.35,141.14,12222.84
1051,30,14,2023-04-01,2023-04-01,207.49,65.60,141.89,12080.95
1052,30,15,2023-05-01,2023-05-01,207.49,64.83,142.66,11938.29
1053,30,16,2023-06-01,2023-06-01,207.49,64.07,143.42,11794.87
1054,30,17,2023-07-01,2023-07-01,207.49,63.30,144.19,11650.68
1055,30,18,2023-08-01,2023-08-01,207.49,62.53,144.96,11505.72
1056,30,19,2023-09-01,2023-09-01,207.49,61.75,145.74,11359.98
1057,30,20,2023-10-01,2023-10-01,207.49,60.97,146.52,11213.46
1058,30,21,2023-11-01,2023-11-05,207.49,60.18,147.31,11066.15
1059,30,22,2023-12-01,2023-12-01,207.49,59.39,148.10,10918.05
1060,30,23,2024-01-01,2024-01-04,207.49,58.59,148.90,10769.15
1061,30,24,2024-02-01,2024-02-01,207.49,57.79,149.70,10619.45
1062,30,25,2024-03-01,2024-03-01,207.49,56.99,150.50,10468.95
1063,30,26,2024-04-01,2024-04-01,207.49,56.18,151.31,10317.64
1064,30,27,2024-05-01,2024-05-01,207.49,55.37,152.12,10165.52
1065,30,28,2024-06-01,2024-06-05,207.49,54.55,152.94,10012.58
1066,30,29,2024-07-01,2024-07-01,207.49,53.73,153.76,9858.82
1067,30,30,2024-08-01,2024-08-01,207.49,52.91,154.58,9704.24
1068,30,31,2024-09-01,2024-09-01,207.49,52.08,155.41,9548.83
1069,30,32,2024-10-01,2024-10-01,207.49,51.25,156.24,9392.59
1070,30,33,2024-11-01,2024-11-01,207.49,50.41,157.08,9235.51
1071,30,34,2024-12-01,2024-12-01,207.49,49.56,157.93,9077.58
1072,30,35,2025-01-01,2025-01-01,207.49,48.72,158.77,8918.81
1073,30,36,2025-02-01,2025-02-01,207.49,47.86,159.63,8759.18
1074,30,37,2025-03-01,2025-03-01,207.49,47.01,160.48,8598.70
1075,30,38,2025-04-01,2025-04-01,207.49,46.15,161.34,8437.36
1076,30,39,2025-05-01,2025-05-01,207.49,45.28,162.21,8275.15
1077,30,40,2025-06-01,2025-06-03,207.49,44.41,163.08,8112.07
1078,31,1,2024-10-01,2024-10-06,808.27,203.35,604.92,41395.08
1079,31,2,2024-11-01,2024-11-01,808.27,200.42,607.85,40787.23
1080,31,3,2024-12-01,2024-12-01,808.27,197.48,610.79,40176.44
1081,31,4,2025-01-01,2025-01-01,808.27,194.52,613.75,39562.69
1082,31,5,2025-02-01,2025-02-01,808.27,191.55,616.72,38945.97
1083,31,6,2025-03-01,2025-03-01,808.27,188.56,619.71,38326.26
1084,31,7,2025-04-01,2025-04-01,808.27,185.56,622.71,37703.55
1085,31,8,2025-05-01,2025-05-01,808.27,182.55,625.72,37077.83
1086,31,9,2025-06-01,2025-06-06,808.27,179.52,628.75,36449.08
1087,31,10,2025-07-01,2025-07-01,808.27,176.47,631.80,35817.28
1088,31,11,2025-08-01,2025-08-01,808.27,173.42,634.85,35182.43
1089,31,12,2025-09-01,2025-09-01,808.27,170.34,637.93,34544.50
1090,31,13,2025-10-01,2025-10-01,808.27,167.25,641.02,33903.48
1091,31,14,2025-11-01,2025-11-01,808.27,164.15,644.12,33259.36
1092,31,15,2025-12-01,2025-12-01,808.27,161.03,647.24,32612.12
1093,31,16,2026-01-01,2026-01-01,808.27,157.90,650.37,31961.75
1094,31,17,2026-02-01,2026-02-01,808.27,154.75,653.52,31308.23
1095,31,18,2026-03-01,2026-03-01,808.27,151.58,656.69,30651.54
1096,31,19,2026-04-01,2026-04-01,808.27,148.40,659.87,29991.67
1097,31,20,2026-05-01,2026-05-01,808.27,145.21,663.06,29328.61
1098,31,21,2026-06-01,2026-06-01,808.27,142.00,666.27,28662.34
1099,31,22,2026-07-01,2026-07-01,808.27,138.77,669.50,27992.84
1100,31,23,2026-08-01,2026-08-04,808.27,135.53,672.74,27320.10
1101,31,24,2026-09-01,2026-09-01,808.27,132.27,676.00,26644.10
1102,31,25,2026-10-01,2026-10-01,808.27,129.00,679.27,25964.83
1103,31,26,2026-11-01,2026-11-09,808.27,125.71,682.56,25282.27
1104,31,27,2026-12-01,2026-12-01,808.27,122.41,685.86,24596.41
1105,31,28,2027-01-01,2027-01-01,808.27,119.09,689.18,23907.23
1106,31,29,2027-02-01,2027-02-01,808.27,115.75,692.52,23214.71
1107,31,30,2027-03-01,2027-03-01,808.27,112.40,695.87,22518.84
1108,31,31,2027-04-01,2027-04-01,808.27,109.03,699.24,21819.60
1109,31,32,2027-05-01,2027-05-12,808.27,105.64,702.63,21116.97
1110,31,33,2027-06-01,2027-06-01,808.27,102.24,706.03,20410.94
1111,31,34,2027-07-01,2027-07-01,808.27,98.82,709.45,19701.49
1112,31,35,2027-08-01,2027-08-03,808.27,95.39,712.88,18988.61
1113,31,36,2027-09-01,2027-09-01,808.27,91.94,716.33,18272.28
1114,31,37,2027-10-01,2027-10-01,808.27,88.47,719.80,17552.48
1115,31,38,2027-11-01,2027-11-01,808.27,84.98,723.29,16829.19
1116,31,39,2027-12-01,2027-12-01,808.27,81.48,726.79,16102.40
1117,31,40,2028-01-01,2028-01-01,808.27,77.96,730.31,15372.09
1118,31,41,2028-02-01,2028-02-01,808.27,74.43,733.84,14638.25
1119,31,42,2028-03-01,2028-03-01,808.27,70.87,737.40,13900.85
1120,31,43,2028-04-01,2028-04-01,808.27,67.30,740.97,13159.88
1121,31,44,2028-05-01,2028-05-01,808.27,63.72,744.55,12415.33
1122,31,45,2028-06-01,2028-06-01,808.27,60.11,748.16,11667.17
1123,31,46,2028-07-01,2028-07-01,808.27,56.49,751.78,10915.39
1124,31,47,2028-08-01,2028-08-01,808.27,52.85,755.42,10159.97
1125,31,48,2028-09-01,2028-09-01,808.27,49.19,759.08,9400.89
1126,31,49,2028-10-01,2028-10-10,808.27,45.52,762.75,8638.14
1127,31,50,2028-11-01,2028-11-11,808.27,41.82,766.45,7871.69
1128,31,51,2028-12-01,2028-12-01,808.27,38.11,770.16,7101.53
1129,31,52,2029-01-01,2029-01-01,808.27,34.38,773.89,6327.64
1130,31,53,2029-02-01,2029-02-01,808.27,30.64,777.63,5550.01
1131,31,54,2029-03-01,2029-03-01,808.27,26.87,781.40,4768.61
1132,31,55,2029-04-01,2029-04-01,808.27,23.09,785.18,3983.43
1133,31,56,2029-05-01,2029-05-11,808.27,19.29,788.98,3194.45
1134,31,57,2029-06-01,2029-06-01,808.27,15.47,792.80,2401.65
1135,31,58,2029-07-01,2029-07-01,808.27,11.63,796.64,1605.01
1136,31,59,2029-08-01,2029-08-01,808.27,7.77,800.50,804.51
1137,31,60,2029-09-01,2029-09-03,808.41,3.90,804.51,0.00
1138,32,1,2023-06-01,2023-06-01,203.21,70.29,132.92,9767.08
1139,32,2,2023-07-01,2023-07-01,203.21,69.35,133.86,9633.22
1140,32,3,2023-08-01,2023-08-01,203.21,68.40,134.81,9498.41
1141,32,4,2023-09-01,2023-09-01,203.21,67.44,135.77,9362.64
1142,32,5,2023-10-01,2023-10-01,203.21,66.47,136.74,9225.90
1143,32,6,2023-11-01,2023-11-01,203.21,65.50,137.71,9088.19
1144,32,7,2023-12-01,2023-12-01,203.21,64.53,138.68,8949.51
1145,32,8,2024-01-01,2024-01-01,203.21,63.54,139.67,8809.84
1146,32,9,2024-02-01,2024-02-01,203.21,62.55,140.66,8669.18
1147,32,10,2024-03-01,2024-03-01,203.21,61.55,141.66,8527.52
1148,32,11,2024-04-01,2024-04-01,203.21,60.55,142.66,8384.86
1149,32,12,2024-05-01,2024-05-01,203.21,59.53,143.68,8241.18
1150,32,13,2024-06-01,2024-06-01,203.21,58.51,144.70,8096.48
1151,32,14,2024-07-01,2024-07-01,203.21,57.49,145.72,7950.76
1152,32,15,2024-08-01,2024-08-01,203.21,56.45,146.76,7804.00
1153,32,16,2024-09-01,2024-09-01,203.21,55.41,147.80,7656.20
1154,32,17,2024-10-01,2024-10-01,203.21,54.36,148.85,7507.35
1155,32,18,2024-11-01,2024-11-01,203.21,53.30,149.91,7357.44
1156,32,19,2024-12-01,2024-12-01,203.21,52.24,150.97,7206.47
1157,32,20,2025-01-01,2025-01-01,203.21,51.17,152.04,7054.43
1158,32,21,2025-02-01,2025-02-01,203.21,50.09,153.12,6901.31
1159,32,22,2025-03-01,2025-03-01,203.21,49.00,154.21,6747.10
1160,32,23,2025-04-01,2025-04-01,203.21,47.90,155.31,6591.79
1161,32,24,2025-05-01,2025-05-01,203.21,46.80,156.41,6435.38
1162,32,25,2025-06-01,2025-06-01,203.21,45.69,157.52,6277.86
1163,33,1,2020-12-01,2020-12-01,1137.91,224.89,913.02,23486.98
1164,33,2,2021-01-01,2021-01-10,1137.91,216.47,921.44,22565.54
1165,33,3,2021-02-01,2021-02-01,1137.91,207.98,929.93,21635.61
1166,33,4,2021-03-01,2021-03-01,1137.91,199.41,938.50,20697.11
1167,33,5,2021-04-01,2021-04-01,1137.91,190.76,947.15,19749.96
1168,33,6,2021-05-01,2021-05-01,1137.91,182.03,955.88,18794.08
1169,33,7,2021-06-01,2021-06-01,1137.91,173.22,964.69,17829.39
1170,33,8,2021-07-01,2021-07-01,1137.91,164.33,973.58,16855.81
1171,33,9,2021-08-01,2021-08-01,1137.91,155.35,982.56,15873.25
1172,33,10,2021-09-01,2021-09-01,1137.91,146.30,991.61,14881.64
1173,33,11,2021-10-01,2021-10-01,1137.91,137.16,1000.75,13880.89
1174,33,12,2021-11-01,2021-11-01,1137.91,127.94,1009.97,12870.92
1175,33,13,2021-12-01,2021-12-01,1137.91,118.63,1019.28,11851.64
1176,33,14,2022-01-01,2022-01-01,1137.91,109.23,1028.68,10822.96
1177,33,15,2022-02-01,2022-02-01,1137.91,99.75,1038.16,9784.80
1178,33,16,2022-03-01,2022-03-01,1137.91,90.18,1047.73,8737.07
1179,33,17,2022-04-01,2022-04-01,1137.91,80.53,1057.38,7679.69
1180,33,18,2022-05-01,2022-05-12,1137.91,70.78,1067.13,6612.56
1181,33,19,2022-06-01,2022-06-01,1137.91,60.95,1076.96,5535.60
1182,33,20,2022-07-01,2022-07-01,1137.91,51.02,1086.89,4448.71
1183,33,21,2022-08-01,2022-08-01,1137.91,41.00,1096.91,3351.80
1184,33,22,2022-09-01,2022-09-01,1137.91,30.89,1107.02,2244.78
1185,33,23,2022-10-01,2022-10-01,1137.91,20.69,1117.22,1127.56
1186,33,24,2022-11-01,2022-11-01,1137.95,10.39,1127.56,0.00
1187,34,1,2019-12-01,2019-12-10,1389.61,1036.99,352.62,271347.38
1188,34,2,2020-01-01,2020-01-06,1389.61,1035.64,353.97,270993.41
1189,34,3,2020-02-01,2020-02-01,1389.61,1034.29,355.32,270638.09
1190,34,4,2020-03-01,2020-03-01,1389.61,1032.94,356.67,270281.42
1191,34,5,2020-04-01,2020-04-01,1389.61,1031.57,358.04,269923.38
1192,34,6,2020-05-01,2020-05-01,1389.61,1030.21,359.40,269563.98
1193,34,7,2020-06-01,2020-06-01,1389.61,1028.84,360.77,269203.21
1194,34,8,2020-07-01,2020-07-01,1389.61,1027.46,362.15,268841.06
1195,34,9,2020-08-01,2020-08-01,1389.61,1026.08,363.53,268477.53
1196,34,10,2020-09-01,2020-09-01,1389.61,1024.69,364.92,268112.61
1197,34,11,2020-10-01,2020-10-01,1389.61,1023.30,366.31,267746.30
1198,34,12,2020-11-01,2020-11-01,1389.61,1021.90,367.71,267378.59
1199,34,13,2020-12-01,2020-12-01,1389.61,1020.49,369.12,267009.47
1200,34,14,2021-01-01,2021-01-01,1389.61,1019.09,370.52,266638.95
1201,34,15,2021-02-01,2021-02-01,1389.61,1017.67,371.94,266267.01
1202,34,16,2021-03-01,2021-03-01,1389.61,1016.25,373.36,265893.65
1203,34,17,2021-04-01,2021-04-01,1389.61,1014.83,374.78,265518.87
1204,34,18,2021-05-01,2021-05-13,1389.61,1013.40,376.21,265142.66
1205,34,19,2021-06-01,2021-06-01,1389.61,1011.96,377.65,264765.01
1206,34,20,2021-07-01,2021-07-01,1389.61,1010.52,379.09,264385.92
1207,34,21,2021-08-01,2021-08-01,1389.61,1009.07,380.54,264005.38
1208,34,22,2021-09-01,2021-09-01,1389.61,1007.62,381.99,263623.39
1209,34,23,2021-10-01,2021-10-01,1389.61,1006.16,383.45,263239.94
1210,34,24,2021-11-01,2021-11-01,1389.61,1004.70,384.91,262855.03
1211,34,25,2021-12-01,2021-12-01,1389.61,1003.23,386.38,262468.65
1212,34,26,2022-01-01,2022-01-01,1389.61,1001.76,387.85,262080.80
1213,34,27,2022-02-01,2022-02-01,1389.61,1000.28,389.33,261691.47
1214,34,28,2022-03-01,2022-03-11,1389.61,998.79,390.82,261300.65
1215,34,29,2022-04-01,2022-04-01,1389.61,997.30,392.31,260908.34
1216,34,30,2022-05-01,2022-05-01,1389.61,995.80,393.81,260514.53
1217,34,31,2022-06-01,2022-06-01,1389.61,994.30,395.31,260119.22
1218,34,32,2022-07-01,2022-07-01,1389.61,992.79,396.82,259722.40
1219,34,33,2022-08-01,2022-08-01,1389.61,991.27,398.34,259324.06
1220,34,34,2022-09-01,2022-09-01,1389.61,989.75,399.86,258924.20
1221,34,35,2022-10-01,2022-10-01,1389.61,988.23,401.38,258522.82
1222,34,36,2022-11-01,2022-11-04,1389.61,986.70,402.91,258119.91
1223,34,37,2022-12-01,2022-12-01,1389.61,985.16,404.45,257715.46
1224,34,38,2023-01-01,2023-01-01,1389.61,983.61,406.00,257309.46
1225,34,39,2023-02-01,2023-02-01,1389.61,982.06,407.55,256901.91
1226,34,40,2023-03-01,2023-03-01,1389.61,980.51,409.10,256492.81
1227,34,41,2023-04-01,2023-04-01,1389.61,978.95,410.66,256082.15
1228,34,42,2023-05-01,2023-05-01,1389.61,977.38,412.23,255669.92
1229,34,43,2023-06-01,2023-06-01,1389.61,975.81,413.80,255256.12
1230,34,44,2023-07-01,2023-07-01,1389.61,974.23,415.38,254840.74
1231,34,45,2023-08-01,2023-08-05,1389.61,972.64,416.97,254423.77
1232,34,46,2023-09-01,2023-09-01,1389.61,971.05,418.56,254005.21
1233,34,47,2023-10-01,2023-10-04,1389.61,969.45,420.16,253585.05
1234,34,48,2023-11-01,2023-11-05,1389.61,967.85,421.76,253163.29
1235,34,49,2023-12-01,2023-12-01,1389.61,966.24,423.37,252739.92
1236,34,50,2024-01-01,2024-01-01,1389.61,964.62,424.99,252314.93
1237,34,51,2024-02-01,2024-02-01,1389.61,963.00,426.61,251888.32
1238,34,52,2024-03-01,2024-03-01,1389.61,961.37,428.24,251460.08
1239,34,53,2024-04-01,2024-04-07,1389.61,959.74,429.87,251030.21
1240,34,54,2024-05-01,2024-05-01,1389.61,958.10,431.51,250598.70
1241,34,55,2024-06-01,2024-06-01,1389.61,956.45,433.16,250165.54
1242,34,56,2024-07-01,2024-07-01,1389.61,954.80,434.81,249730.73
1243,34,57,2024-08-01,2024-08-01,1389.61,953.14,436.47,249294.26
1244,34,58,2024-09-01,2024-09-01,1389.61,951.47,438.14,248856.12
1245,34,59,2024-10-01,2024-10-01,1389.61,949.80,439.81,248416.31
1246,34,60,2024-11-01,2024-11-01,1389.61,948.12,441.49,247974.82
1247,34,61,2024-12-01,2024-12-01,1389.61,946.44,443.17,247531.65
1248,34,62,2025-01-01,2025-01-01,1389.61,944.75,444.86,247086.79
1249,34,63,2025-02-01,2025-02-01,1389.61,943.05,446.56,246640.23
1250,34,64,2025-03-01,2025-03-01,1389.61,941.34,448.27,246191.96
1251,34,65,2025-04-01,2025-04-01,1389.61,939.63,449.98,245741.98
1252,34,66,2025-05-01,2025-05-01,1389.61,937.92,451.69,245290.29
1253,34,67,2025-06-01,2025-06-01,1389.61,936.19,453.42,244836.87
1254,35,1,2023-02-01,2023-02-01,1021.83,85.31,936.52,10763.48
1255,35,2,2023-03-01,2023-03-11,1021.83,78.48,943.35,9820.13
1256,35,3,2023-04-01,2023-04-01,1021.83,71.61,950.22,8869.91
1257,35,4,2023-05-01,2023-05-01,1021.83,64.68,957.15,7912.76
1258,35,5,2023-06-01,2023-06-01,1021.83,57.70,964.13,6948.63
1259,35,6,2023-07-01,2023-07-01,1021.83,50.67,971.16,5977.47
1260,35,7,2023-08-01,2023-08-01,1021.83,43.59,978.24,4999.23
1261,35,8,2023-09-01,2023-09-01,1021.83,36.45,985.38,4013.85
1262,35,9,2023-10-01,2023-10-01,1021.83,29.27,992.56,3021.29
1263,35,10,2023-11-01,2023-11-01,1021.83,22.03,999.80,2021.49
1264,35,11,2023-12-01,2023-12-01,1021.83,14.74,1007.09,1014.40
1265,35,12,2024-01-01,2024-01-01,1021.80,7.40,1014.40,0.00
1266,36,1,2022-10-01,,538.10,225.47,312.63,24487.37
1267,36,2,2022-11-01,,538.10,222.63,315.47,24171.90
1268,36,3,2022-12-01,,538.10,219.76,318.34,23853.56
1269,37,1,2021-07-01,2021-07-12,360.08,50.80,309.28,11690.72
1270,37,2,2021-08-01,2021-08-01,360.08,49.49,310.59,11380.13
1271,37,3,2021-09-01,2021-09-01,360.08,48.18,311.90,11068.23
1272,37,4,2021-10-01,2021-10-01,360.08,46.86,313.22,10755.01
1273,37,5,2021-11-01,2021-11-01,360.08,45.53,314.55,10440.46
1274,37,6,2021-12-01,2021-12-01,360.08,44.20,315.88,10124.58
1275,37,7,2022-01-01,2022-01-01,360.08,42.86,317.22,9807.36
1276,37,8,2022-02-01,2022-02-07,360.08,41.52,318.56,9488.80
1277,37,9,2022-03-01,2022-03-01,360.08,40.17,319.91,9168.89
1278,37,10,2022-04-01,2022-04-01,360.08,38.81,321.27,8847.62
1279,37,11,2022-05-01,2022-05-01,360.08,37.45,322.63,8524.99
1280,37,12,2022-06-01,2022-06-01,360.08,36.09,323.99,8201.00
1281,37,13,2022-07-01,2022-07-06,360.08,34.72,325.36,7875.64
1282,37,14,2022-08-01,2022-08-01,360.08,33.34,326.74,7548.90
1283,37,15,2022-09-01,2022-09-01,360.08,31.96,328.12,7220.78
1284,37,16,2022-10-01,2022-10-01,360.08,30.57,329.51,6891.27
1285,37,17,2022-11-01,2022-11-01,360.08,29.17,330.91,6560.36
1286,37,18,2022-12-01,2022-12-01,360.08,27.77,332.31,6228.05
1287,37,19,2023-01-01,2023-01-01,360.08,26.37,333.71,5894.34
1288,37,20,2023-02-01,2023-02-01,360.08,24.95,335.13,5559.21
1289,37,21,2023-03-01,2023-03-01,360.08,23.53,336.55,5222.66
1290,37,22,2023-04-01,2023-04-01,360.08,22.11,337.97,4884.69
1291,37,23,2023-05-01,2023-05-01,360.08,20.68,339.40,4545.29
1292,37,24,2023-06-01,2023-06-01,360.08,19.24,340.84,4204.45
1293,37,25,2023-07-01,2023-07-10,360.08,17.80,342.28,3862.17
1294,37,26,2023-08-01,2023-08-01,360.08,16.35,343.73,3518.44
1295,37,27,2023-09-01,2023-09-01,360.08,14.89,345.19,3173.25
1296,37,28,2023-10-01,2023-10-01,360.08,13.43,346.65,2826.60
1297,37,29,2023-11-01,2023-11-01,360.08,11.97,348.11,2478.49
1298,37,30,2023-12-01,2023-12-03,360.08,10.49,349.59,2128.90
1299,37,31,2024-01-01,2024-01-01,360.08,9.01,351.07,1777.83
1300,37,32,2024-02-01,2024-02-01,360.08,7.53,352.55,1425.28
1301,37,33,2024-03-01,2024-03-06,360.08,6.03,354.05,1071.23
1302,37,34,2024-04-01,2024-04-01,360.08,4.53,355.55,715.68
1303,37,35,2024-05-01,2024-05-01,360.08,3.03,357.05,358.63
1304,37,36,2024-06-01,2024-06-01,360.15,1.52,358.63,0.00
1305,38,1,2024-02-01,2024-02-01,353.90,37.33,316.57,3683.43
1306,38,2,2024-03-01,2024-03-01,353.90,34.38,319.52,3363.91
1307,38,3,2024-04-01,2024-04-08,353.90,31.40,322.50,3041.41
1308,38,4,2024-05-01,2024-05-01,353.90,28.39,325.51,2715.90
1309,38,5,2024-06-01,2024-06-08,353.90,25.35,328.55,2387.35
1310,38,6,2024-07-01,2024-07-01,353.90,22.28,331.62,2055.73
1311,38,7,2024-08-01,2024-08-01,353.90,19.19,334.71,1721.02
1312,38,8,2024-09-01,2024-09-01,353.90,16.06,337.84,1383.18
1313,38,9,2024-10-01,2024-10-01,353.90,12.91,340.99,1042.19
1314,38,10,2024-11-01,2024-11-01,353.90,9.73,344.17,698.02
1315,38,11,2024-12-01,2024-12-01,353.90,6.51,347.39,350.63
1316,38,12,2025-01-01,2025-01-01,353.90,3.27,350.63,0.00
1317,39,1,2020-02-01,2020-02-01,504.64,165.58,339.06,24560.94
1318,39,2,2020-03-01,2020-03-01,504.64,163.33,341.31,24219.63
1319,39,3,2020-04-01,2020-04-01,504.64,161.06,343.58,23876.05
1320,39,4,2020-05-01,2020-05-01,504.64,158.78,345.86,23530.19
1321,39,5,2020-06-01,2020-06-01,504.64,156.48,348.16,23182.03
1322,39,6,2020-07-01,2020-07-01,504.64,154.16,350.48,22831.55
1323,39,7,2020-08-01,2020-08-01,504.64,151.83,352.81,22478.74
1324,39,8,2020-09-01,2020-09-01,504.64,149.48,355.16,22123.58
1325,39,9,2020-10-01,2020-10-01,504.64,147.12,357.52,21766.06
1326,39,10,2020-11-01,2020-11-01,504.64,144.74,359.90,21406.16
1327,39,11,2020-12-01,2020-12-09,504.64,142.35,362.29,21043.87
1328,39,12,2021-01-01,2021-01-01,504.64,139.94,364.70,20679.17
1329,39,13,2021-02-01,2021-02-01,504.64,137.52,367.12,20312.05
1330,39,14,2021-03-01,2021-03-01,504.64,135.08,369.56,19942.49
1331,39,15,2021-04-01,2021-04-01,504.64,132.62,372.02,19570.47
1332,39,16,2021-05-01,2021-05-01,504.64,130.14,374.50,19195.97
1333,39,17,2021-06-01,2021-06-01,504.64,127.65,376.99,18818.98
1334,39,18,2021-07-01,2021-07-01,504.64,125.15,379.49,18439.49
1335,39,19,2021-08-01,2021-08-01,504.64,122.62,382.02,18057.47
1336,39,20,2021-09-01,2021-09-01,504.64,120.08,384.56,17672.91
1337,39,21,2021-10-01,2021-10-01,504.64,117.52,387.12,17285.79
1338,39,22,2021-11-01,2021-11-01,504.64,114.95,389.69,16896.10
1339,39,23,2021-12-01,2021-12-01,504.64,112.36,392.28,16503.82
1340,39,24,2022-01-01,2022-01-01,504.64,109.75,394.89,16108.93
1341,39,25,2022-02-01,2022-02-01,504.64,107.12,397.52,15711.41
1342,39,26,2022-03-01,2022-03-01,504.64,104.48,400.16,15311.25
1343,39,27,2022-04-01,2022-04-12,504.64,101.82,402.82,14908.43
1344,39,28,2022-05-01,2022-05-01,504.64,99.14,405.50,14502.93
1345,39,29,2022-06-01,2022-06-01,504.64,96.44,408.20,14094.73
1346,39,30,2022-07-01,2022-07-11,504.64,93.73,410.91,13683.82
1347,39,31,2022-08-01,2022-08-01,504.64,91.00,413.64,13270.18
1348,39,32,2022-09-01,2022-09-01,504.64,88.25,416.39,12853.79
1349,39,33,2022-10-01,2022-10-01,504.64,85.48,419.16,12434.63
1350,39,34,2022-11-01,2022-11-01,504.64,82.69,421.95,12012.68
1351,39,35,2022-12-01,2022-12-08,504.64,79.88,424.76,11587.92
1352,39,36,2023-01-01,2023-01-01,504.64,77.06,427.58,11160.34
1353,39,37,2023-02-01,2023-02-01,504.64,74.22,430.42,10729.92
1354,39,38,2023-03-01,2023-03-09,504.64,71.35,433.29,10296.63
1355,39,39,2023-04-01,2023-04-01,504.64,68.47,436.17,9860.46
1356,39,40,2023-05-01,2023-05-01,504.64,65.57,439.07,9421.39
1357,39,41,2023-06-01,2023-06-01,504.64,62.65,441.99,8979.40
1358,39,42,2023-07-01,2023-07-09,504.64,59.71,444.93,8534.47
1359,39,43,2023-08-01,2023-08-08,504.64,56.75,447.89,8086.58
1360,39,44,2023-09-01,2023-09-01,504.64,53.78,450.86,7635.72
1361,39,45,2023-10-01,2023-10-01,504.64,50.78,453.86,7181.86
1362,39,46,2023-11-01,2023-11-01,504.64,47.76,456.88,6724.98
1363,39,47,2023-12-01,2023-12-01,504.64,44.72,459.92,6265.06
1364,39,48,2024-01-01,2024-01-01,504.64,41.66,462.98,5802.08
1365,39,49,2024-02-01,2024-02-01,504.64,38.58,466.06,5336.02
1366,39,50,2024-03-01,2024-03-05,504.64,35.48,469.16,4866.86
1367,39,51,2024-04-01,2024-04-01,504.64,32.36,472.28,4394.58
1368,39,52,2024-05-01,2024-05-01,504.64,29.22,475.42,3919.16
1369,39,53,2024-06-01,2024-06-01,504.64,26.06,478.58,3440.58
1370,39,54,2024-07-01,2024-07-06,504.64,22.88,481.76,2958.82
1371,39,55,2024-08-01,2024-08-01,504.64,19.68,484.96,2473.86
1372,39,56,2024-09-01,2024-09-01,504.64,16.45,488.19,1985.67
1373,39,57,2024-10-01,2024-10-01,504.64,13.20,491.44,1494.23
1374,39,58,2024-11-01,2024-11-01,504.64,9.94,494.70,999.53
1375,39,59,2024-12-01,2024-12-01,504.64,6.65,497.99,501.54
1376,39,60,2025-01-01,2025-01-08,504.88,3.34,501.54,0.00
1377,40,1,2024-03-01,2024-03-01,805.74,150.08,655.66,16744.34
1378,40,2,2024-04-01,2024-04-01,805.74,144.42,661.32,16083.02
1379,40,3,2024-05-01,2024-05-09,805.74,138.72,667.02,15416.00
1380,40,4,2024-06-01,2024-06-01,805.74,132.96,672.78,14743.22
1381,40,5,2024-07-01,2024-07-01,805.74,127.16,678.58,14064.64
1382,40,6,2024-08-01,2024-08-01,805.74,121.31,684.43,13380.21
1383,40,7,2024-09-01,2024-09-01,805.74,115.40,690.34,12689.87
1384,40,8,2024-10-01,2024-10-01,805.74,109.45,696.29,11993.58
1385,40,9,2024-11-01,2024-11-01,805.74,103.44,702.30,11291.28
1386,40,10,2024-12-01,2024-12-01,805.74,97.39,708.35,10582.93
1387,40,11,2025-01-01,2025-01-01,805.74,91.28,714.46,9868.47
1388,40,12,2025-02-01,2025-02-01,805.74,85.12,720.62,9147.85
1389,40,13,2025-03-01,2025-03-01,805.74,78.90,726.84,8421.01
1390,40,14,2025-04-01,2025-04-01,805.74,72.63,733.11,7687.90
1391,40,15,2025-05-01,2025-05-01,805.74,66.31,739.43,6948.47
1392,40,16,2025-06-01,2025-06-01,805.74,59.93,745.81,6202.66
1393,41,1,2025-01-01,2025-01-01,423.12,135.66,287.46,62812.54
1394,41,2,2025-02-01,2025-02-01,423.12,135.05,288.07,62524.47
1395,41,3,2025-03-01,2025-03-01,423.12,134.43,288.69,62235.78
1396,41,4,2025-04-01,2025-04-01,423.12,133.81,289.31,61946.47
1397,41,5,2025-05-01,2025-05-01,423.12,133.18,289.94,61656.53
1398,41,6,2025-06-01,2025-06-01,423.12,132.56,290.56,61365.97
1399,42,1,2021-07-01,2021-07-01,232.40,50.26,182.14,7217.86
1400,42,2,2021-08-01,2021-08-01,232.40,49.02,183.38,7034.48
1401,42,3,2021-09-01,2021-09-01,232.40,47.78,184.62,6849.86
1402,42,4,2021-10-01,2021-10-01,232.40,46.52,185.88,6663.98
1403,42,5,2021-11-01,2021-11-01,232.40,45.26,187.14,6476.84
1404,42,6,2021-12-01,2021-12-01,232.40,43.99,188.41,6288.43
1405,42,7,2022-01-01,2022-01-10,232.40,42.71,189.69,6098.74
1406,42,8,2022-02-01,2022-02-01,232.40,41.42,190.98,5907.76
1407,42,9,2022-03-01,2022-03-01,232.40,40.12,192.28,5715.48
1408,42,10,2022-04-01,2022-04-01,232.40,38.82,193.58,5521.90
1409,42,11,2022-05-01,2022-05-01,232.40,37.50,194.90,5327.00
1410,42,12,2022-06-01,2022-06-01,232.40,36.18,196.22,5130.78
1411,42,13,2022-07-01,2022-07-01,232.40,34.85,197.55,4933.23
1412,42,14,2022-08-01,2022-08-01,232.40,33.50,198.90,4734.33
1413,42,15,2022-09-01,2022-09-01,232.40,32.15,200.25,4534.08
1414,42,16,2022-10-01,2022-10-01,232.40,30.79,201.61,4332.47
1415,42,17,2022-11-01,2022-11-01,232.40,29.42,202.98,4129.49
1416,42,18,2022-12-01,2022-12-05,232.40,28.05,204.35,3925.14
1417,42,19,2023-01-01,2023-01-01,232.40,26.66,205.74,3719.40
1418,42,20,2023-02-01,2023-02-01,232.40,25.26,207.14,3512.26
1419,42,21,2023-03-01,2023-03-01,232.40,23.85,208.55,3303.71
1420,42,22,2023-04-01,2023-04-01,232.40,22.44,209.96,3093.75
1421,42,23,2023-05-01,2023-05-01,232.40,21.01,211.39,2882.36
1422,42,24,2023-06-01,2023-06-01,232.40,19.58,212.82,2669.54
1423,42,25,2023-07-01,2023-07-01,232.40,18.13,214.27,2455.27
1424,42,26,2023-08-01,2023-08-01,232.40,16.68,215.72,2239.55
1425,42,27,2023-09-01,2023-09-01,232.40,15.21,217.19,2022.36
1426,42,28,2023-10-01,2023-10-01,232.40,13.74,218.66,1803.70
1427,42,29,2023-11-01,2023-11-01,232.40,12.25,220.15,1583.55
1428,42,30,2023-12-01,2023-12-13,232.40,10.75,221.65,1361.90
1429,42,31,2024-01-01,2024-01-01,232.40,9.25,223.15,1138.75
1430,42,32,2024-02-01,2024-02-12,232.40,7.73,224.67,914.08
1431,42,33,2024-03-01,2024-03-01,232.40,6.21,226.19,687.89
1432,42,34,2024-04-01,2024-04-01,232.40,4.67,227.73,460.16
1433,42,35,2024-05-01,2024-05-01,232.40,3.13,229.27,230.89
1434,42,36,2024-06-01,2024-06-01,232.46,1.57,230.89,0.00
1435,43,1,2020-10-01,2020-10-01,447.51,93.59,353.92,18746.08
1436,43,2,2020-11-01,2020-11-01,447.51,91.86,355.65,18390.43
1437,43,3,2020-12-01,2020-12-02,447.51,90.11,357.40,18033.03
1438,43,4,2021-01-01,2021-01-01,447.51,88.36,359.15,17673.88
1439,43,5,2021-02-01,2021-02-01,447.51,86.60,360.91,17312.97
1440,43,6,2021-03-01,2021-03-01,447.51,84.83,362.68,16950.29
1441,43,7,2021-04-01,2021-04-01,447.51,83.06,364.45,16585.84
1442,43,8,2021-05-01,2021-05-01,447.51,81.27,366.24,16219.60
1443,43,9,2021-06-01,2021-06-02,447.51,79.48,368.03,15851.57
1444,43,10,2021-07-01,2021-07-01,447.51,77.67,369.84,15481.73
1445,43,11,2021-08-01,2021-08-01,447.51,75.86,371.65,15110.08
1446,43,12,2021-09-01,2021-09-01,447.51,74.04,373.47,14736.61
1447,43,13,2021-10-01,2021-10-01,447.51,72.21,375.30,14361.31
1448,43,14,2021-11-01,2021-11-01,447.51,70.37,377.14,13984.17
1449,43,15,2021-12-01,2021-12-01,447.51,68.52,378.99,13605.18
1450,43,16,2022-01-01,2022-01-01,447.51,66.67,380.84,13224.34
1451,43,17,2022-02-01,2022-02-01,447.51,64.80,382.71,12841.63
1452,43,18,2022-03-01,2022-03-01,447.51,62.92,384.59,12457.04
1453,43,19,2022-04-01,2022-04-01,447.51,61.04,386.47,12070.57
1454,43,20,2022-05-01,2022-05-01,447.51,59.15,388.36,11682.21
1455,43,21,2022-06-01,,447.51,57.24,390.27,11291.94
1456,43,22,2022-07-01,,447.51,55.33,392.18,10899.76
1457,43,23,2022-08-01,,447.51,53.41,394.10,10505.66
1458,44,1,2023-01-01,2023-01-12,411.30,149.00,262.30,19537.70
1459,44,2,2023-02-01,2023-02-01,411.30,147.02,264.28,19273.42
1460,44,3,2023-03-01,2023-03-01,411.30,145.03,266.27,19007.15
1461,44,4,2023-04-01,2023-04-10,411.30,143.03,268.27,18738.88
1462,44,5,2023-05-01,2023-05-05,411.30,141.01,270.29,18468.59
1463,44,6,2023-06-01,2023-06-01,411.30,138.98,272.32,18196.27
1464,44,7,2023-07-01,2023-07-01,411.30,136.93,274.37,17921.90
1465,44,8,2023-08-01,2023-08-01,411.30,134.86,276.44,17645.46
1466,44,9,2023-09-01,2023-09-12,411.30,132.78,278.52,17366.94
1467,44,10,2023-10-01,2023-10-01,411.30,130.69,280.61,17086.33
1468,44,11,2023-11-01,2023-11-01,411.30,128.57,282.73,16803.60
1469,44,12,2023-12-01,2023-12-01,411.30,126.45,284.85,16518.75
1470,44,13,2024-01-01,2024-01-01,411.30,124.30,287.00,16231.75
1471,44,14,2024-02-01,2024-02-01,411.30,122.14,289.16,15942.59
1472,44,15,2024-03-01,2024-03-02,411.30,119.97,291.33,15651.26
1473,44,16,2024-04-01,2024-04-01,411.30,117.78,293.52,15357.74
1474,44,17,2024-05-01,2024-05-01,411.30,115.57,295.73,15062.01
1475,44,18,2024-06-01,2024-06-01,411.30,113.34,297.96,14764.05
1476,44,19,2024-07-01,2024-07-01,411.30,111.10,300.20,14463.85
1477,44,20,2024-08-01,2024-08-01,411.30,108.84,302.46,14161.39
1478,44,21,2024-09-01,2024-09-01,411.30,106.56,304.74,13856.65
1479,44,22,2024-10-01,2024-10-01,411.30,104.27,307.03,13549.62
1480,44,23,2024-11-01,2024-11-01,411.30,101.96,309.34,13240.28
1481,44,24,2024-12-01,2024-12-01,411.30,99.63,311.67,12928.61
1482,44,25,2025-01-01,2025-01-01,411.30,97.29,314.01,12614.60
1483,44,26,2025-02-01,2025-02-01,411.30,94.92,316.38,12298.22
1484,44,27,2025-03-01,2025-03-01,411.30,92.54,318.76,11979.46
1485,44,28,2025-04-01,2025-04-01,411.30,90.15,321.15,11658.31
1486,44,29,2025-05-01,2025-05-01,411.30,87.73,323.57,11334.74
1487,44,30,2025-06-01,2025-06-01,411.30,85.29,326.01,11008.73
1488,45,1,2025-01-01,2025-01-01,550.04,110.33,439.71,23160.29
1489,45,2,2025-02-01,2025-02-01,550.04,108.27,441.77,22718.52
1490,45,3,2025-03-01,2025-03-01,550.04,106.21,443.83,22274.69
1491,45,4,2025-04-01,2025-04-01,550.04,104.13,445.91,21828.78
1492,45,5,2025-05-01,2025-05-01,550.04,102.05,447.99,21380.79
1493,45,6,2025-06-01,2025-06-13,550.04,99.96,450.08,20930.71
1494,46,1,2024-02-01,2024-02-01,585.97,170.88,415.09,35184.91
1495,46,2,2024-03-01,2024-03-01,585.97,168.89,417.08,34767.83
1496,46,3,2024-04-01,2024-04-01,585.97,166.89,419.08,34348.75
1497,46,4,2024-05-01,2024-05-01,585.97,164.87,421.10,33927.65
1498,46,5,2024-06-01,2024-06-01,585.97,162.85,423.12,33504.53
1499,46,6,2024-07-01,2024-07-01,585.97,160.82,425.15,33079.38
1500,46,7,2024-08-01,2024-08-01,585.97,158.78,427.19,32652.19
1501,46,8,2024-09-01,2024-09-01,585.97,156.73,429.24,32222.95
1502,46,9,2024-10-01,2024-10-01,585.97,154.67,431.30,31791.65
1503,46,10,2024-11-01,2024-11-01,585.97,152.60,433.37,31358.28
1504,46,11,2024-12-01,2024-12-01,585.97,150.52,435.45,30922.83
1505,46,12,2025-01-01,2025-01-01,585.97,148.43,437.54,30485.29
1506,46,13,2025-02-01,2025-02-01,585.97,146.33,439.64,30045.65
1507,46,14,2025-03-01,2025-03-01,585.97,144.22,441.75,29603.90
1508,46,15,2025-04-01,2025-04-01,585.97,142.10,443.87,29160.03
1509,46,16,2025-05-01,2025-05-01,585.97,139.97,446.00,28714.03
1510,46,17,2025-06-01,2025-06-01,585.97,137.83,448.14,28265.89
1511,47,1,2024-09-01,2024-09-01,404.48,86.43,318.05,12581.95
1512,47,2,2024-10-01,2024-10-01,404.48,84.30,320.18,12261.77
1513,47,3,2024-11-01,2024-11-01,404.48,82.15,322.33,11939.44
1514,47,4,2024-12-01,2024-12-01,404.48,79.99,324.49,11614.95
1515,47,5,2025-01-01,2025-01-01,404.48,77.82,326.66,11288.29
1516,47,6,2025-02-01,2025-02-01,404.48,75.63,328.85,10959.44
1517,47,7,2025-03-01,2025-03-01,404.48,73.43,331.05,10628.39
1518,47,8,2025-04-01,2025-04-01,404.48,71.21,333.27,10295.12
1519,47,9,2025-05-01,2025-05-01,404.48,68.98,335.50,9959.62
1520,47,10,2025-06-01,2025-06-01,404.48,66.73,337.75,9621.87
1521,47,11,2025-07-01,2025-07-10,404.48,64.47,340.01,9281.86
1522,47,12,2025-08-01,2025-08-01,404.48,62.19,342.29,8939.57
1523,47,13,2025-09-01,2025-09-01,404.48,59.90,344.58,8594.99
1524,47,14,2025-10-01,2025-10-01,404.48,57.59,346.89,8248.10
1525,47,15,2025-11-01,2025-11-01,404.48,55.26,349.22,7898.88
1526,47,16,2025-12-01,2025-12-01,404.48,52.92,351.56,7547.32
1527,47,17,2026-01-01,2026-01-02,404.48,50.57,353.91,7193.41
1528,47,18,2026-02-01,2026-02-01,404.48,48.20,356.28,6837.13
1529,47,19,2026-03-01,2026-03-01,404.48,45.81,358.67,6478.46
1530,47,20,2026-04-01,2026-04-01,404.48,43.41,361.07,6117.39
1531,47,21,2026-05-01,2026-05-01,404.48,40.99,363.49,5753.90
1532,47,22,2026-06-01,2026-06-01,404.48,38.55,365.93,5387.97
1533,47,23,2026-07-01,2026-07-01,404.48,36.10,368.38,5019.59
1534,47,24,2026-08-01,2026-08-01,404.48,33.63,370.85,4648.74
1535,47,25,2026-09-01,2026-09-01,404.48,31.15,373.33,4275.41
1536,47,26,2026-10-01,2026-10-10,404.48,28.65,375.83,3899.58
1537,47,27,2026-11-01,2026-11-01,404.48,26.13,378.35,3521.23
1538,47,28,2026-12-01,2026-12-10,404.48,23.59,380.89,3140.34
1539,47,29,2027-01-01,2027-01-07,404.48,21.04,383.44,2756.90
1540,47,30,2027-02-01,2027-02-01,404.48,18.47,386.01,2370.89
1541,47,31,2027-03-01,2027-03-01,404.48,15.88,388.60,1982.29
1542,47,32,2027-04-01,2027-04-01,404.48,13.28,391.20,1591.09
1543,47,33,2027-05-01,2027-05-07,404.48,10.66,393.82,1197.27
1544,47,34,2027-06-01,2027-06-01,404.48,8.02,396.46,800.81
1545,47,35,2027-07-01,2027-07-01,404.48,5.37,399.11,401.70
1546,47,36,2027-08-01,2027-08-05,404.39,2.69,401.70,0.00
1547,48,1,2022-06-01,2022-06-01,239.98,77.05,162.93,11737.07
1548,48,2,2022-07-01,2022-07-09,239.98,76.00,163.98,11573.09
1549,48,3,2022-08-01,2022-08-01,239.98,74.94,165.04,11408.05
1550,48,4,2022-09-01,2022-09-01,239.98,73.87,166.11,11241.94
1551,48,5,2022-10-01,2022-10-01,239.98,72.79,167.19,11074.75
1552,48,6,2022-11-01,2022-11-01,239.98,71.71,168.27,10906.48
1553,48,7,2022-12-01,2022-12-01,239.98,70.62,169.36,10737.12
1554,48,8,2023-01-01,2023-01-01,239.98,69.52,170.46,10566.66
1555,48,9,2023-02-01,2023-02-01,239.98,68.42,171.56,10395.10
1556,48,10,2023-03-01,2023-03-06,239.98,67.31,172.67,10222.43
1557,48,11,2023-04-01,2023-04-01,239.98,66.19,173.79,10048.64
1558,48,12,2023-05-01,2023-05-01,239.98,65.06,174.92,9873.72
1559,48,13,2023-06-01,2023-06-01,239.98,63.93,176.05,9697.67
1560,48,14,2023-07-01,2023-07-01,239.98,62.79,177.19,9520.48
1561,48,15,2023-08-01,2023-08-01,239.98,61.65,178.33,9342.15
1562,48,16,2023-09-01,2023-09-06,239.98,60.49,179.49,9162.66
1563,48,17,2023-10-01,2023-10-01,239.98,59.33,180.65,8982.01
1564,48,18,2023-11-01,2023-11-01,239.98,58.16,181.82,8800.19
1565,48,19,2023-12-01,2023-12-01,239.98,56.98,183.00,8617.19
1566,48,20,2024-01-01,2024-01-01,239.98,55.80,184.18,8433.01
1567,48,21,2024-02-01,2024-02-01,239.98,54.60,185.38,8247.63
1568,48,22,2024-03-01,2024-03-01,239.98,53.40,186.58,8061.05
1569,48,23,2024-04-01,2024-04-01,239.98,52.20,187.78,7873.27
1570,48,24,2024-05-01,2024-05-01,239.98,50.98,189.00,7684.27
1571,48,25,2024-06-01,2024-06-01,239.98,49.76,190.22,7494.05
1572,48,26,2024-07-01,2024-07-01,239.98,48.52,191.46,7302.59
1573,48,27,2024-08-01,2024-08-01,239.98,47.28,192.70,7109.89
1574,48,28,2024-09-01,2024-09-01,239.98,46.04,193.94,6915.95
1575,48,29,2024-10-01,2024-10-01,239.98,44.78,195.20,6720.75
1576,48,30,2024-11-01,2024-11-01,239.98,43.52,196.46,6524.29
1577,48,31,2024-12-01,2024-12-01,239.98,42.24,197.74,6326.55
1578,48,32,2025-01-01,2025-01-01,239.98,40.96,199.02,6127.53
1579,48,33,2025-02-01,2025-02-01,239.98,39.68,200.30,5927.23
1580,48,34,2025-03-01,2025-03-01,239.98,38.38,201.60,5725.63
1581,48,35,2025-04-01,2025-04-01,239.98,37.07,202.91,5522.72
1582,48,36,2025-05-01,2025-05-01,239.98,35.76,204.22,5318.50
1583,48,37,2025-06-01,2025-06-01,239.98,34.44,205.54,5112.96
1584,49,1,2024-11-01,2024-11-01,1808.43,1047.94,760.49,361639.51
1585,49,2,2024-12-01,2024-12-10,1808.43,1045.74,762.69,360876.82
1586,49,3,2025-01-01,2025-01-01,1808.43,1043.54,764.89,360111.93
1587,49,4,2025-02-01,2025-02-01,1808.43,1041.32,767.11,359344.82
1588,49,5,2025-03-01,2025-03-11,1808.43,1039.11,769.32,358575.50
1589,49,6,2025-04-01,2025-04-01,1808.43,1036.88,771.55,357803.95
1590,49,7,2025-05-01,2025-05-01,1808.43,1034.65,773.78,357030.17
1591,49,8,2025-06-01,2025-06-01,1808.43,1032.41,776.02,356254.15
1592,49,9,2025-07-01,2025-07-01,1808.43,1030.17,778.26,355475.89
1593,49,10,2025-08-01,2025-08-01,1808.43,1027.92,780.51,354695.38
1594,49,11,2025-09-01,2025-09-07,1808.43,1025.66,782.77,353912.61
1595,49,12,2025-10-01,2025-10-01,1808.43,1023.40,785.03,353127.58
1596,49,13,2025-11-01,2025-11-01,1808.43,1021.13,787.30,352340.28
1597,49,14,2025-12-01,2025-12-01,1808.43,1018.85,789.58,351550.70
1598,49,15,2026-01-01,2026-01-01,1808.43,1016.57,791.86,350758.84
1599,49,16,2026-02-01,2026-02-01,1808.43,1014.28,794.15,349964.69
1600,49,17,2026-03-01,2026-03-01,1808.43,1011.98,796.45,349168.24
1601,49,18,2026-04-01,2026-04-01,1808.43,1009.68,798.75,348369.49
1602,49,19,2026-05-01,2026-05-01,1808.43,1007.37,801.06,347568.43
1603,49,20,2026-06-01,2026-06-01,1808.43,1005.05,803.38,346765.05
1604,49,21,2026-07-01,2026-07-04,1808.43,1002.73,805.70,345959.35
1605,49,22,2026-08-01,2026-08-01,1808.43,1000.40,808.03,345151.32
1606,49,23,2026-09-01,2026-09-01,1808.43,998.06,810.37,344340.95
1607,49,24,2026-10-01,2026-10-01,1808.43,995.72,812.71,343528.24
1608,49,25,2026-11-01,2026-11-04,1808.43,993.37,815.06,342713.18
1609,49,26,2026-12-01,2026-12-01,1808.43,991.01,817.42,341895.76
1610,49,27,2027-01-01,2027-01-01,1808.43,988.65,819.78,341075.98
1611,49,28,2027-02-01,2027-02-01,1808.43,986.28,822.15,340253.83
1612,49,29,2027-03-01,2027-03-01,1808.43,983.90,824.53,339429.30
1613,49,30,2027-04-01,2027-04-01,1808.43,981.52,826.91,338602.39
1614,49,31,2027-05-01,2027-05-01,1808.43,979.13,829.30,337773.09
1615,49,32,2027-06-01,2027-06-01,1808.43,976.73,831.70,336941.39
1616,49,33,2027-07-01,2027-07-01,1808.43,974.32,834.11,336107.28
1617,49,34,2027-08-01,2027-08-01,1808.43,971.91,836.52,335270.76
1618,49,35,2027-09-01,2027-09-01,1808.43,969.49,838.94,334431.82
1619,49,36,2027-10-01,2027-10-01,1808.43,967.07,841.36,333590.46
1620,49,37,2027-11-01,2027-11-01,1808.43,964.63,843.80,332746.66
1621,49,38,2027-12-01,2027-12-01,1808.43,962.19,846.24,331900.42
1622,49,39,2028-01-01,2028-01-01,1808.43,959.75,848.68,331051.74
1623,49,40,2028-02-01,2028-02-01,1808.43,957.29,851.14,330200.60
1624,49,41,2028-03-01,2028-03-01,1808.43,954.83,853.60,329347.00
1625,49,42,2028-04-01,2028-04-01,1808.43,952.36,856.07,328490.93
1626,49,43,2028-05-01,2028-05-01,1808.43,949.89,858.54,327632.39
1627,49,44,2028-06-01,2028-06-05,1808.43,947.40,861.03,326771.36
1628,49,45,2028-07-01,2028-07-01,1808.43,944.91,863.52,325907.84
1629,49,46,2028-08-01,2028-08-01,1808.43,942.42,866.01,325041.83
1630,49,47,2028-09-01,2028-09-02,1808.43,939.91,868.52,324173.31
1631,49,48,2028-10-01,2028-10-01,1808.43,937.40,871.03,323302.28
1632,49,49,2028-11-01,2028-11-01,1808.43,934.88,873.55,322428.73
1633,49,50,2028-12-01,2028-12-10,1808.43,932.36,876.07,321552.66
1634,49,51,2029-01-01,2029-01-01,1808.43,929.82,878.61,320674.05
1635,49,52,2029-02-01,2029-02-01,1808.43,927.28,881.15,319792.90
1636,49,53,2029-03-01,2029-03-01,1808.43,924.73,883.70,318909.20
1637,49,54,2029-04-01,2029-04-01,1808.43,922.18,886.25,318022.95
1638,49,55,2029-05-01,2029-05-11,1808.43,919.62,888.81,317134.14
1639,49,56,2029-06-01,2029-06-01,1808.43,917.05,891.38,316242.76
1640,49,57,2029-07-01,2029-07-01,1808.43,914.47,893.96,315348.80
1641,49,58,2029-08-01,2029-08-01,1808.43,911.88,896.55,314452.25
1642,49,59,2029-09-01,2029-09-01,1808.43,909.29,899.14,313553.11
1643,49,60,2029-10-01,2029-10-01,1808.43,906.69,901.74,312651.37
1644,49,61,2029-11-01,2029-11-01,1808.43,904.08,904.35,311747.02
1645,49,62,2029-12-01,2029-12-01,1808.43,901.47,906.96,310840.06
1646,49,63,2030-01-01,2030-01-01,1808.43,898.85,909.58,309930.48
1647,49,64,2030-02-01,2030-02-01,1808.43,896.22,912.21,309018.27
1648,49,65,2030-03-01,2030-03-01,1808.43,893.58,914.85,308103.42
1649,49,66,2030-04-01,2030-04-11,1808.43,890.93,917.50,307185.92
1650,49,67,2030-05-01,2030-05-01,1808.43,888.28,920.15,306265.77
1651,49,68,2030-06-01,2030-06-13,1808.43,885.62,922.81,305342.96
1652,49,69,2030-07-01,2030-07-01,1808.43,882.95,925.48,304417.48
1653,49,70,2030-08-01,2030-08-04,1808.43,880.27,928.16,303489.32
1654,49,71,2030-09-01,2030-09-01,1808.43,877.59,930.84,302558.48
1655,49,72,2030-10-01,2030-10-01,1808.43,874.90,933.53,301624.95
1656,49,73,2030-11-01,2030-11-01,1808.43,872.20,936.23,300688.72
1657,49,74,2030-12-01,2030-12-01,1808.43,869.49,938.94,299749.78
1658,49,75,2031-01-01,2031-01-01,1808.43,866.78,941.65,298808.13
1659,49,76,2031-02-01,2031-02-01,1808.43,864.05,944.38,297863.75
1660,49,77,2031-03-01,2031-03-01,1808.43,861.32,947.11,296916.64
1661,49,78,2031-04-01,2031-04-01,1808.43,858.58,949.85,295966.79
1662,49,79,2031-05-01,2031-05-01,1808.43,855.84,952.59,295014.20
1663,49,80,2031-06-01,2031-06-01,1808.43,853.08,955.35,294058.85
1664,49,81,2031-07-01,2031-07-01,1808.43,850.32,958.11,293100.74
1665,49,82,2031-08-01,2031-08-01,1808.43,847.55,960.88,292139.86
1666,49,83,2031-09-01,2031-09-01,1808.43,844.77,963.66,291176.20
1667,49,84,2031-10-01,2031-10-01,1808.43,841.98,966.45,290209.75
1668,49,85,2031-11-01,2031-11-01,1808.43,839.19,969.24,289240.51
1669,49,86,2031-12-01,2031-12-01,1808.43,836.39,972.04,288268.47
1670,49,87,2032-01-01,2032-01-01,1808.43,833.58,974.85,287293.62
1671,49,88,2032-02-01,2032-02-01,1808.43,830.76,977.67,286315.95
1672,49,89,2032-03-01,2032-03-01,1808.43,827.93,980.50,285335.45
1673,49,90,2032-04-01,2032-04-11,1808.43,825.10,983.33,284352.12
1674,49,91,2032-05-01,2032-05-01,1808.43,822.25,986.18,283365.94
1675,49,92,2032-06-01,2032-06-01,1808.43,819.40,989.03,282376.91
1676,49,93,2032-07-01,2032-07-09,1808.43,816.54,991.89,281385.02
1677,49,94,2032-08-01,2032-08-01,1808.43,813.67,994.76,280390.26
1678,49,95,2032-09-01,2032-09-01,1808.43,810.80,997.63,279392.63
1679,49,96,2032-10-01,2032-10-04,1808.43,807.91,1000.52,278392.11
1680,49,97,2032-11-01,2032-11-01,1808.43,805.02,1003.41,277388.70
1681,49,98,2032-12-01,2032-12-01,1808.43,802.12,1006.31,276382.39
1682,49,99,2033-01-01,2033-01-01,1808.43,799.21,1009.22,275373.17
1683,49,100,2033-02-01,2033-02-01,1808.43,796.29,1012.14,274361.03
1684,49,101,2033-03-01,2033-03-01,1808.43,793.36,1015.07,273345.96
1685,49,102,2033-04-01,2033-04-01,1808.43,790.43,1018.00,272327.96
1686,49,103,2033-05-01,2033-05-01,1808.43,787.48,1020.95,271307.01
1687,49,104,2033-06-01,2033-06-01,1808.43,784.53,1023.90,270283.11
1688,49,105,2033-07-01,2033-07-01,1808.43,781.57,1026.86,269256.25
1689,49,106,2033-08-01,2033-08-01,1808.43,778.60,1029.83,268226.42
1690,49,107,2033-09-01,2033-09-01,1808.43,775.62,1032.81,267193.61
1691,49,108,2033-10-01,2033-10-01,1808.43,772.63,1035.80,266157.81
1692,49,109,2033-11-01,2033-11-12,1808.43,769.64,1038.79,265119.02
1693,49,110,2033-12-01,2033-12-01,1808.43,766.64,1041.79,264077.23
1694,49,111,2034-01-01,2034-01-01,1808.43,763.62,1044.81,263032.42
1695,49,112,2034-02-01,2034-02-01,1808.43,760.60,1047.83,261984.59
1696,49,113,2034-03-01,2034-03-01,1808.43,757.57,1050.86,260933.73
1697,49,114,2034-04-01,2034-04-01,1808.43,754.53,1053.90,259879.83
1698,49,115,2034-05-01,2034-05-01,1808.43,751.49,1056.94,258822.89
1699,49,116,2034-06-01,2034-06-01,1808.43,748.43,1060.00,257762.89
1700,49,117,2034-07-01,2034-07-01,1808.43,745.36,1063.07,256699.82
1701,49,118,2034-08-01,2034-08-01,1808.43,742.29,1066.14,255633.68
1702,49,119,2034-09-01,2034-09-01,1808.43,739.21,1069.22,254564.46
1703,49,120,2034-10-01,2034-10-01,1808.43,736.12,1072.31,253492.15
1704,49,121,2034-11-01,2034-11-01,1808.43,733.01,1075.42,252416.73
1705,49,122,2034-12-01,2034-12-01,1808.43,729.91,1078.52,251338.21
1706,49,123,2035-01-01,2035-01-01,1808.43,726.79,1081.64,250256.57
1707,49,124,2035-02-01,2035-02-01,1808.43,723.66,1084.77,249171.80
1708,49,125,2035-03-01,2035-03-01,1808.43,720.52,1087.91,248083.89
1709,49,126,2035-04-01,2035-04-01,1808.43,717.38,1091.05,246992.84
1710,49,127,2035-05-01,2035-05-01,1808.43,714.22,1094.21,245898.63
1711,49,128,2035-06-01,2035-06-01,1808.43,711.06,1097.37,244801.26
1712,49,129,2035-07-01,2035-07-01,1808.43,707.88,1100.55,243700.71
1713,49,130,2035-08-01,,1808.43,704.70,1103.73,242596.98
1714,49,131,2035-09-01,,1808.43,701.51,1106.92,241490.06
1715,49,132,2035-10-01,,1808.43,698.31,1110.12,240379.94
1716,50,1,2021-08-01,2021-08-01,2751.25,942.67,1808.58,402191.42
1717,50,2,2021-09-01,2021-09-01,2751.25,938.45,1812.80,400378.62
1718,50,3,2021-10-01,2021-10-01,2751.25,934.22,1817.03,398561.59
1719,50,4,2021-11-01,2021-11-01,2751.25,929.98,1821.27,396740.32
1720,50,5,2021-12-01,2021-12-01,2751.25,925.73,1825.52,394914.80
1721,50,6,2022-01-01,2022-01-01,2751.25,921.47,1829.78,393085.02
1722,50,7,2022-02-01,2022-02-07,2751.25,917.20,1834.05,391250.97
1723,50,8,2022-03-01,2022-03-01,2751.25,912.92,1838.33,389412.64
1724,50,9,2022-04-01,2022-04-01,2751.25,908.63,1842.62,387570.02
1725,50,10,2022-05-01,2022-05-01,2751.25,904.33,1846.92,385723.10
1726,50,11,2022-06-01,2022-06-01,2751.25,900.02,1851.23,383871.87
1727,50,12,2022-07-01,2022-07-01,2751.25,895.70,1855.55,382016.32
1728,50,13,2022-08-01,2022-08-01,2751.25,891.37,1859.88,380156.44
1729,50,14,2022-09-01,2022-09-01,2751.25,887.03,1864.22,378292.22
1730,50,15,2022-10-01,2022-10-01,2751.25,882.68,1868.57,376423.65
1731,50,16,2022-11-01,2022-11-01,2751.25,878.32,1872.93,374550.72
1732,50,17,2022-12-01,2022-12-01,2751.25,873.95,1877.30,372673.42
1733,50,18,2023-01-01,2023-01-01,2751.25,869.57,1881.68,370791.74
1734,50,19,2023-02-01,2023-02-01,2751.25,865.18,1886.07,368905.67
1735,50,20,2023-03-01,2023-03-01,2751.25,860.78,1890.47,367015.20
1736,50,21,2023-04-01,2023-04-01,2751.25,856.37,1894.88,365120.32
1737,50,22,2023-05-01,2023-05-01,2751.25,851.95,1899.30,363221.02
1738,50,23,2023-06-01,2023-06-01,2751.25,847.52,1903.73,361317.29
1739,50,24,2023-07-01,2023-07-08,2751.25,843.07,1908.18,359409.11
1740,50,25,2023-08-01,2023-08-01,2751.25,838.62,1912.63,357496.48
1741,50,26,2023-09-01,2023-09-01,2751.25,834.16,1917.09,355579.39
1742,50,27,2023-10-01,2023-10-01,2751.25,829.69,1921.56,353657.83
1743,50,28,2023-11-01,2023-11-05,2751.25,825.20,1926.05,351731.78
1744,50,29,2023-12-01,2023-12-01,2751.25,820.71,1930.54,349801.24
1745,50,30,2024-01-01,2024-01-01,2751.25,816.20,1935.05,347866.19
1746,50,31,2024-02-01,2024-02-06,2751.25,811.69,1939.56,345926.63
1747,50,32,2024-03-01,2024-03-01,2751.25,807.16,1944.09,343982.54
1748,50,33,2024-04-01,2024-04-04,2751.25,802.63,1948.62,342033.92
1749,50,34,2024-05-01,2024-05-01,2751.25,798.08,1953.17,340080.75
1750,50,35,2024-06-01,2024-06-12,2751.25,793.52,1957.73,338123.02
1751,50,36,2024-07-01,2024-07-05,2751.25,788.95,1962.30,336160.72
1752,50,37,2024-08-01,2024-08-01,2751.25,784.38,1966.87,334193.85
1753,50,38,2024-09-01,2024-09-01,2751.25,779.79,1971.46,332222.39
1754,50,39,2024-10-01,2024-10-12,2751.25,775.19,1976.06,330246.33
1755,50,40,2024-11-01,2024-11-01,2751.25,770.57,1980.68,328265.65
1756,50,41,2024-12-01,2024-12-01,2751.25,765.95,1985.30,326280.35
1757,50,42,2025-01-01,2025-01-02,2751.25,761.32,1989.93,324290.42
1758,50,43,2025-02-01,2025-02-01,2751.25,756.68,1994.57,322295.85
1759,50,44,2025-03-01,2025-03-01,2751.25,752.02,1999.23,320296.62
1760,50,45,2025-04-01,2025-04-01,2751.25,747.36,2003.89,318292.73
1761,50,46,2025-05-01,2025-05-13,2751.25,742.68,2008.57,316284.16
1762,50,47,2025-06-01,2025-06-01,2751.25,738.00,2013.25,314270.91
1763,51,1,2019-04-01,2019-04-01,202.18,82.48,119.70,9280.30
1764,51,2,2019-05-01,2019-05-01,202.18,81.43,120.75,9159.55
1765,51,3,2019-06-01,2019-06-01,202.18,80.38,121.80,9037.75
1766,51,4,2019-07-01,2019-07-01,202.18,79.31,122.87,8914.88
1767,51,5,2019-08-01,2019-08-01,202.18,78.23,123.95,8790.93
1768,51,6,2019-09-01,2019-09-01,202.18,77.14,125.04,8665.89
1769,51,7,2019-10-01,2019-10-01,202.18,76.04,126.14,8539.75
1770,51,8,2019-11-01,2019-11-09,202.18,74.94,127.24,8412.51
1771,51,9,2019-12-01,2019-12-01,202.18,73.82,128.36,8284.15
1772,51,10,2020-01-01,2020-01-01,202.18,72.69,129.49,8154.66
1773,51,11,2020-02-01,2020-02-01,202.18,71.56,130.62,8024.04
1774,51,12,2020-03-01,2020-03-01,202.18,70.41,131.77,7892.27
1775,51,13,2020-04-01,2020-04-01,202.18,69.25,132.93,7759.34
1776,51,14,2020-05-01,2020-05-01,202.18,68.09,134.09,7625.25
1777,51,15,2020-06-01,2020-06-11,202.18,66.91,135.27,7489.98
1778,51,16,2020-07-01,2020-07-01,202.18,65.72,136.46,7353.52
1779,51,17,2020-08-01,2020-08-01,202.18,64.53,137.65,7215.87
1780,51,18,2020-09-01,2020-09-01,202.18,63.32,138.86,7077.01
1781,51,19,2020-10-01,2020-10-01,202.18,62.10,140.08,6936.93
1782,51,20,2020-11-01,2020-11-01,202.18,60.87,141.31,6795.62
1783,51,21,2020-12-01,2020-12-12,202.18,59.63,142.55,6653.07
1784,51,22,2021-01-01,2021-01-01,202.18,58.38,143.80,6509.27
1785,51,23,2021-02-01,2021-02-01,202.18,57.12,145.06,6364.21
1786,51,24,2021-03-01,2021-03-01,202.18,55.85,146.33,6217.88
1787,51,25,2021-04-01,2021-04-06,202.18,54.56,147.62,6070.26
1788,51,26,2021-05-01,2021-05-01,202.18,53.27,148.91,5921.35
1789,51,27,2021-06-01,2021-06-01,202.18,51.96,150.22,5771.13
1790,51,28,2021-07-01,2021-07-01,202.18,50.64,151.54,5619.59
1791,51,29,2021-08-01,2021-08-01,202.18,49.31,152.87,5466.72
1792,51,30,2021-09-01,2021-09-01,202.18,47.97,154.21,5312.51
1793,51,31,2021-10-01,2021-10-01,202.18,46.62,155.56,5156.95
1794,51,32,2021-11-01,2021-11-01,202.18,45.25,156.93,5000.02
1795,51,33,2021-12-01,2021-12-01,202.18,43.88,158.30,4841.72
1796,51,34,2022-01-01,2022-01-01,202.18,42.49,159.69,4682.03
1797,51,35,2022-02-01,2022-02-01,202.18,41.08,161.10,4520.93
1798,51,36,2022-03-01,2022-03-01,202.18,39.67,162.51,4358.42
1799,51,37,2022-04-01,2022-04-01,202.18,38.25,163.93,4194.49
1800,51,38,2022-05-01,2022-05-01,202.18,36.81,165.37,4029.12
1801,51,39,2022-06-01,2022-06-01,202.18,35.36,166.82,3862.30
1802,51,40,2022-07-01,2022-07-01,202.18,33.89,168.29,3694.01
1803,51,41,2022-08-01,2022-08-01,202.18,32.41,169.77,3524.24
1804,51,42,2022-09-01,2022-09-01,202.18,30.93,171.25,3352.99
1805,51,43,2022-10-01,2022-10-01,202.18,29.42,172.76,3180.23
1806,51,44,2022-11-01,2022-11-02,202.18,27.91,174.27,3005.96
1807,51,45,2022-12-01,2022-12-01,202.18,26.38,175.80,2830.16
1808,51,46,2023-01-01,2023-01-01,202.18,24.83,177.35,2652.81
1809,51,47,2023-02-01,2023-02-01,202.18,23.28,178.90,2473.91
1810,51,48,2023-03-01,2023-03-01,202.18,21.71,180.47,2293.44
1811,51,49,2023-04-01,2023-04-01,202.18,20.12,182.06,2111.38
1812,51,50,2023-05-01,2023-05-01,202.18,18.53,183.65,1927.73
1813,51,51,2023-06-01,2023-06-01,202.18,16.92,185.26,1742.47
1814,51,52,2023-07-01,2023-07-01,202.18,15.29,186.89,1555.58
1815,51,53,2023-08-01,2023-08-07,202.18,13.65,188.53,1367.05
1816,51,54,2023-09-01,2023-09-08,202.18,12.00,190.18,1176.87
1817,51,55,2023-10-01,2023-10-01,202.18,10.33,191.85,985.02
1818,51,56,2023-11-01,2023-11-01,202.18,8.64,193.54,791.48
1819,51,57,2023-12-01,2023-12-01,202.18,6.95,195.23,596.25
1820,51,58,2024-01-01,2024-01-01,202.18,5.23,196.95,399.30
1821,51,59,2024-02-01,2024-02-01,202.18,3.50,198.68,200.62
1822,51,60,2024-03-01,2024-03-01,202.38,1.76,200.62,0.00
1823,52,1,2024-09-01,2024-09-01,358.82,103.37,255.45,10644.55
1824,52,2,2024-10-01,2024-10-01,358.82,100.95,257.87,10386.68
1825,52,3,2024-11-01,2024-11-01,358.82,98.50,260.32,10126.36
1826,52,4,2024-12-01,2024-12-11,358.82,96.03,262.79,9863.57
1827,52,5,2025-01-01,2025-01-01,358.82,93.54,265.28,9598.29
1828,52,6,2025-02-01,2025-02-01,358.82,91.02,267.80,9330.49
1829,52,7,2025-03-01,2025-03-01,358.82,88.48,270.34,9060.15
1830,52,8,2025-04-01,2025-04-01,358.82,85.92,272.90,8787.25
1831,52,9,2025-05-01,2025-05-01,358.82,83.33,275.49,8511.76
1832,52,10,2025-06-01,2025-06-02,358.82,80.72,278.10,8233.66
1833,52,11,2025-07-01,2025-07-01,358.82,78.08,280.74,7952.92
1834,52,12,2025-08-01,2025-08-05,358.82,75.42,283.40,7669.52
1835,52,13,2025-09-01,2025-09-01,358.82,72.73,286.09,7383.43
1836,52,14,2025-10-01,2025-10-01,358.82,70.02,288.80,7094.63
1837,52,15,2025-11-01,,358.82,67.28,291.54,6803.09
1838,52,16,2025-12-01,,358.82,64.52,294.30,6508.79
1839,52,17,2026-01-01,,358.82,61.73,297.09,6211.70
1840,53,1,2019-02-01,2019-02-12,677.75,94.92,582.83,22017.17
1841,53,2,2019-03-01,2019-03-01,677.75,92.47,585.28,21431.89
1842,53,3,2019-04-01,2019-04-01,677.75,90.01,587.74,20844.15
1843,53,4,2019-05-01,2019-05-01,677.75,87.55,590.20,20253.95
1844,53,5,2019-06-01,2019-06-08,677.75,85.07,592.68,19661.27
1845,53,6,2019-07-01,2019-07-01,677.75,82.58,595.17,19066.10
1846,53,7,2019-08-01,2019-08-02,677.75,80.08,597.67,18468.43
1847,53,8,2019-09-01,2019-09-01,677.75,77.57,600.18,17868.25
1848,53,9,2019-10-01,2019-10-13,677.75,75.05,602.70,17265.55
1849,53,10,2019-11-01,2019-11-04,677.75,72.52,605.23,16660.32
1850,53,11,2019-12-01,2019-12-01,677.75,69.97,607.78,16052.54
1851,53,12,2020-01-01,2020-01-01,677.75,67.42,610.33,15442.21
1852,53,13,2020-02-01,2020-02-01,677.75,64.86,612.89,14829.32
1853,53,14,2020-03-01,2020-03-06,677.75,62.28,615.47,14213.85
1854,53,15,2020-04-01,2020-04-01,677.75,59.70,618.05,13595.80
1855,53,16,2020-05-01,2020-05-01,677.75,57.10,620.65,12975.15
1856,53,17,2020-06-01,2020-06-01,677.75,54.50,623.25,12351.90
1857,53,18,2020-07-01,2020-07-01,677.75,51.88,625.87,11726.03
1858,53,19,2020-08-01,2020-08-11,677.75,49.25,628.50,11097.53
1859,53,20,2020-09-01,2020-09-01,677.75,46.61,631.14,10466.39
1860,53,21,2020-10-01,2020-10-01,677.75,43.96,633.79,9832.60
1861,53,22,2020-11-01,2020-11-01,677.75,41.30,636.45,9196.15
1862,53,23,2020-12-01,2020-12-09,677.75,38.62,639.13,8557.02
1863,53,24,2021-01-01,2021-01-01,677.75,35.94,641.81,7915.21
1864,53,25,2021-02-01,2021-02-01,677.75,33.24,644.51,7270.70
1865,53,26,2021-03-01,2021-03-01,677.75,30.54,647.21,6623.49
1866,53,27,2021-04-01,2021-04-01,677.75,27.82,649.93,5973.56
1867,53,28,2021-05-01,2021-05-01,677.75,25.09,652.66,5320.90
1868,53,29,2021-06-01,2021-06-01,677.75,22.35,655.40,4665.50
1869,53,30,2021-07-01,2021-07-04,677.75,19.60,658.15,4007.35
1870,53,31,2021-08-01,2021-08-01,677.75,16.83,660.92,3346.43
1871,53,32,2021-09-01,2021-09-01,677.75,14.06,663.69,2682.74
1872,53,33,2021-10-01,2021-10-01,677.75,11.27,666.48,2016.26
1873,53,34,2021-11-01,2021-11-01,677.75,8.47,669.28,1346.98
1874,53,35,2021-12-01,2021-12-01,677.75,5.66,672.09,674.89
1875,53,36,2022-01-01,2022-01-01,677.72,2.83,674.89,0.00
1876,54,1,2024-01-01,2024-01-01,1398.57,148.65,1249.92,14550.08
1877,54,2,2024-02-01,2024-02-01,1398.57,136.89,1261.68,13288.40
1878,54,3,2024-03-01,2024-03-08,1398.57,125.02,1273.55,12014.85
1879,54,4,2024-04-01,2024-04-01,1398.57,113.04,1285.53,10729.32
1880,54,5,2024-05-01,2024-05-01,1398.57,100.95,1297.62,9431.70
1881,54,6,2024-06-01,2024-06-01,1398.57,88.74,1309.83,8121.87
1882,54,7,2024-07-01,2024-07-01,1398.57,76.41,1322.16,6799.71
1883,54,8,2024-08-01,2024-08-01,1398.57,63.97,1334.60,5465.11
1884,54,9,2024-09-01,2024-09-01,1398.57,51.42,1347.15,4117.96
1885,54,10,2024-10-01,2024-10-01,1398.57,38.74,1359.83,2758.13
1886,54,11,2024-11-01,2024-11-01,1398.57,25.95,1372.62,1385.51
1887,54,12,2024-12-01,2024-12-01,1398.55,13.04,1385.51,0.00
1888,55,1,2024-07-01,2024-07-01,451.52,33.19,418.33,4781.67
1889,55,2,2024-08-01,2024-08-01,451.52,30.52,421.00,4360.67
1890,55,3,2024-09-01,2024-09-01,451.52,27.84,423.68,3936.99
1891,55,4,2024-10-01,2024-10-01,451.52,25.13,426.39,3510.60
1892,55,5,2024-11-01,2024-11-01,451.52,22.41,429.11,3081.49
1893,55,6,2024-12-01,2024-12-01,451.52,19.67,431.85,2649.64
1894,55,7,2025-01-01,2025-01-01,451.52,16.91,434.61,2215.03
1895,55,8,2025-02-01,2025-02-01,451.52,14.14,437.38,1777.65
1896,55,9,2025-03-01,2025-03-01,451.52,11.35,440.17,1337.48
1897,55,10,2025-04-01,2025-04-01,451.52,8.54,442.98,894.50
1898,55,11,2025-05-01,2025-05-01,451.52,5.71,445.81,448.69
1899,55,12,2025-06-01,2025-06-01,451.55,2.86,448.69,0.00
1900,56,1,2019-05-01,2019-05-01,291.65,109.20,182.45,19317.55
1901,56,2,2019-06-01,2019-06-01,291.65,108.18,183.47,19134.08
1902,56,3,2019-07-01,2019-07-01,291.65,107.15,184.50,18949.58
1903,56,4,2019-08-01,2019-08-01,291.65,106.12,185.53,18764.05
1904,56,5,2019-09-01,2019-09-01,291.65,105.08,186.57,18577.48
1905,56,6,2019-10-01,2019-10-01,291.65,104.03,187.62,18389.86
1906,56,7,2019-11-01,2019-11-03,291.65,102.98,188.67,18201.19
1907,56,8,2019-12-01,2019-12-01,291.65,101.93,189.72,18011.47
1908,56,9,2020-01-01,2020-01-01,291.65,100.86,190.79,17820.68
1909,56,10,2020-02-01,2020-02-01,291.65,99.80,191.85,17628.83
1910,56,11,2020-03-01,2020-03-01,291.65,98.72,192.93,17435.90
1911,56,12,2020-04-01,2020-04-01,291.65,97.64,194.01,17241.89
1912,56,13,2020-05-01,2020-05-01,291.65,96.55,195.10,17046.79
1913,56,14,2020-06-01,2020-06-01,291.65,95.46,196.19,16850.60
1914,56,15,2020-07-01,2020-07-01,291.65,94.36,197.29,16653.31
1915,56,16,2020-08-01,2020-08-01,291.65,93.26,198.39,16454.92
1916,56,17,2020-09-01,2020-09-01,291.65,92.15,199.50,16255.42
1917,56,18,2020-10-01,2020-10-01,291.65,91.03,200.62,16054.80
1918,56,19,2020-11-01,2020-11-01,291.65,89.91,201.74,15853.06
1919,56,20,2020-12-01,2020-12-01,291.65,88.78,202.87,15650.19
1920,56,21,2021-01-01,2021-01-01,291.65,87.64,204.01,15446.18
1921,56,22,2021-02-01,2021-02-01,291.65,86.50,205.15,15241.03
1922,56,23,2021-03-01,2021-03-01,291.65,85.35,206.30,15034.73
1923,56,24,2021-04-01,2021-04-01,291.65,84.19,207.46,14827.27
1924,56,25,2021-05-01,2021-05-01,291.65,83.03,208.62,14618.65
1925,56,26,2021-06-01,2021-06-01,291.65,81.86,209.79,14408.86
1926,56,27,2021-07-01,2021-07-01,291.65,80.69,210.96,14197.90
1927,56,28,2021-08-01,2021-08-06,291.65,79.51,212.14,13985.76
1928,56,29,2021-09-01,2021-09-03,291.65,78.32,213.33,13772.43
1929,56,30,2021-10-01,2021-10-01,291.65,77.13,214.52,13557.91
1930,56,31,2021-11-01,2021-11-11,291.65,75.92,215.73,13342.18
1931,56,32,2021-12-01,2021-12-01,291.65,74.72,216.93,13125.25
1932,56,33,2022-01-01,2022-01-05,291.65,73.50,218.15,12907.10
1933,56,34,2022-02-01,2022-02-01,291.65,72.28,219.37,12687.73
1934,56,35,2022-03-01,2022-03-02,291.65,71.05,220.60,12467.13
1935,56,36,2022-04-01,2022-04-01,291.65,69.82,221.83,12245.30
1936,56,37,2022-05-01,2022-05-01,291.65,68.57,223.08,12022.22
1937,56,38,2022-06-01,2022-06-01,291.65,67.32,224.33,11797.89
1938,56,39,2022-07-01,2022-07-01,291.65,66.07,225.58,11572.31
1939,56,40,2022-08-01,2022-08-01,291.65,64.80,226.85,11345.46
1940,56,41,2022-09-01,2022-09-01,291.65,63.53,228.12,11117.34
1941,56,42,2022-10-01,2022-10-09,291.65,62.26,229.39,10887.95
1942,56,43,2022-11-01,2022-11-01,291.65,60.97,230.68,10657.27
1943,56,44,2022-12-01,2022-12-01,291.65,59.68,231.97,10425.30
1944,56,45,2023-01-01,2023-01-01,291.65,58.38,233.27,10192.03
1945,56,46,2023-02-01,2023-02-01,291.65,57.08,234.57,9957.46
1946,56,47,2023-03-01,2023-03-01,291.65,55.76,235.89,9721.57
1947,56,48,2023-04-01,2023-04-01,291.65,54.44,237.21,9484.36
1948,56,49,2023-05-01,2023-05-01,291.65,53.11,238.54,9245.82
1949,56,50,2023-06-01,2023-06-01,291.65,51.78,239.87,9005.95
1950,56,51,2023-07-01,2023-07-01,291.65,50.43,241.22,8764.73
1951,56,52,2023-08-01,2023-08-01,291.65,49.08,242.57,8522.16
1952,56,53,2023-09-01,2023-09-03,291.65,47.72,243.93,8278.23
1953,56,54,2023-10-01,2023-10-09,291.65,46.36,245.29,8032.94
1954,56,55,2023-11-01,2023-11-01,291.65,44.98,246.67,7786.27
1955,56,56,2023-12-01,2023-12-01,291.65,43.60,248.05,7538.22
1956,56,57,2024-01-01,2024-01-01,291.65,42.21,249.44,7288.78
1957,56,58,2024-02-01,2024-02-01,291.65,40.82,250.83,7037.95
1958,56,59,2024-03-01,2024-03-01,291.65,39.41,252.24,6785.71
1959,56,60,2024-04-01,2024-04-01,291.65,38.00,253.65,6532.06
1960,56,61,2024-05-01,2024-05-01,291.65,36.58,255.07,6276.99
1961,56,62,2024-06-01,2024-06-01,291.65,35.15,256.50,6020.49
1962,56,63,2024-07-01,2024-07-01,291.65,33.71,257.94,5762.55
1963,56,64,2024-08-01,2024-08-01,291.65,32.27,259.38,5503.17
1964,56,65,2024-09-01,2024-09-01,291.65,30.82,260.83,5242.34
1965,56,66,2024-10-01,2024-10-01,291.65,29.36,262.29,4980.05
1966,56,67,2024-11-01,2024-11-01,291.65,27.89,263.76,4716.29
1967,56,68,2024-12-01,2024-12-01,291.65,26.41,265.24,4451.05
1968,56,69,2025-01-01,2025-01-01,291.65,24.93,266.72,4184.33
1969,56,70,2025-02-01,2025-02-01,291.65,23.43,268.22,3916.11
1970,56,71,2025-03-01,2025-03-01,291.65,21.93,269.72,3646.39
1971,56,72,2025-04-01,2025-04-01,291.65,20.42,271.23,3375.16
1972,56,73,2025-05-01,2025-05-01,291.65,18.90,272.75,3102.41
1973,56,74,2025-06-01,2025-06-01,291.65,17.37,274.28,2828.13
1974,57,1,2021-10-01,2021-10-01,236.89,73.18,163.71,16436.29
1975,57,2,2021-11-01,2021-11-01,236.89,72.46,164.43,16271.86
1976,57,3,2021-12-01,2021-12-01,236.89,71.73,165.16,16106.70
1977,57,4,2022-01-01,2022-01-01,236.89,71.00,165.89,15940.81
1978,57,5,2022-02-01,2022-02-01,236.89,70.27,166.62,15774.19
1979,57,6,2022-03-01,2022-03-01,236.89,69.54,167.35,15606.84
1980,57,7,2022-04-01,2022-04-01,236.89,68.80,168.09,15438.75
1981,57,8,2022-05-01,2022-05-05,236.89,68.06,168.83,15269.92
1982,57,9,2022-06-01,2022-06-01,236.89,67.31,169.58,15100.34
1983,57,10,2022-07-01,2022-07-01,236.89,66.57,170.32,14930.02
1984,57,11,2022-08-01,2022-08-01,236.89,65.82,171.07,14758.95
1985,57,12,2022-09-01,2022-09-01,236.89,65.06,171.83,14587.12
1986,57,13,2022-10-01,2022-10-01,236.89,64.30,172.59,14414.53
1987,57,14,2022-11-01,2022-11-01,236.89,63.54,173.35,14241.18
1988,57,15,2022-12-01,2022-12-01,236.89,62.78,174.11,14067.07
1989,57,16,2023-01-01,2023-01-01,236.89,62.01,174.88,13892.19
1990,57,17,2023-02-01,2023-02-01,236.89,61.24,175.65,13716.54
1991,57,18,2023-03-01,2023-03-01,236.89,60.47,176.42,13540.12
1992,57,19,2023-04-01,2023-04-01,236.89,59.69,177.20,13362.92
1993,57,20,2023-05-01,2023-05-01,236.89,58.91,177.98,13184.94
1994,57,21,2023-06-01,2023-06-12,236.89,58.12,178.77,13006.17
1995,57,22,2023-07-01,2023-07-01,236.89,57.34,179.55,12826.62
1996,57,23,2023-08-01,2023-08-01,236.89,56.54,180.35,12646.27
1997,57,24,2023-09-01,2023-09-01,236.89,55.75,181.14,12465.13
1998,57,25,2023-10-01,2023-10-01,236.89,54.95,181.94,12283.19
1999,57,26,2023-11-01,2023-11-01,236.89,54.15,182.74,12100.45
2000,57,27,2023-12-01,2023-12-01,236.89,53.34,183.55,11916.90
2001,57,28,2024-01-01,2024-01-01,236.89,52.53,184.36,11732.54
2002,57,29,2024-02-01,2024-02-01,236.89,51.72,185.17,11547.37
2003,57,30,2024-03-01,2024-03-01,236.89,50.90,185.99,11361.38
2004,57,31,2024-04-01,2024-04-01,236.89,50.08,186.81,11174.57
2005,57,32,2024-05-01,2024-05-01,236.89,49.26,187.63,10986.94
2006,57,33,2024-06-01,2024-06-01,236.89,48.43,188.46,10798.48
2007,57,34,2024-07-01,2024-07-01,236.89,47.60,189.29,10609.19
2008,57,35,2024-08-01,2024-08-01,236.89,46.77,190.12,10419.07
2009,57,36,2024-09-01,2024-09-01,236.89,45.93,190.96,10228.11
2010,57,37,2024-10-01,2024-10-01,236.89,45.09,191.80,10036.31
2011,57,38,2024-11-01,2024-11-01,236.89,44.24,192.65,9843.66
2012,57,39,2024-12-01,2024-12-01,236.89,43.39,193.50,9650.16
2013,57,40,2025-01-01,2025-01-02,236.89,42.54,194.35,9455.81
2014,57,41,2025-02-01,2025-02-01,236.89,41.68,195.21,9260.60
2015,57,42,2025-03-01,2025-03-01,236.89,40.82,196.07,9064.53
2016,57,43,2025-04-01,2025-04-01,236.89,39.96,196.93,8867.60
2017,57,44,2025-05-01,2025-05-01,236.89,39.09,197.80,8669.80
2018,57,45,2025-06-01,2025-06-01,236.89,38.22,198.67,8471.13
2019,57,46,2025-07-01,2025-07-01,236.89,37.34,199.55,8271.58
2020,57,47,2025-08-01,2025-08-01,236.89,36.46,200.43,8071.15
2021,57,48,2025-09-01,2025-09-01,236.89,35.58,201.31,7869.84
2022,57,49,2025-10-01,2025-10-04,236.89,34.69,202.20,7667.64
2023,57,50,2025-11-01,2025-11-01,236.89,33.80,203.09,7464.55
2024,57,51,2025-12-01,2025-12-01,236.89,32.91,203.98,7260.57
2025,57,52,2026-01-01,2026-01-01,236.89,32.01,204.88,7055.69
2026,57,53,2026-02-01,2026-02-01,236.89,31.10,205.79,6849.90
2027,57,54,2026-03-01,2026-03-01,236.89,30.20,206.69,6643.21
2028,57,55,2026-04-01,2026-04-01,236.89,29.29,207.60,6435.61
2029,57,56,2026-05-01,2026-05-01,236.89,28.37,208.52,6227.09
2030,57,57,2026-06-01,2026-06-01,236.89,27.45,209.44,6017.65
2031,57,58,2026-07-01,2026-07-01,236.89,26.53,210.36,5807.29
2032,57,59,2026-08-01,2026-08-01,236.89,25.60,211.29,5596.00
2033,57,60,2026-09-01,2026-09-01,236.89,24.67,212.22,5383.78
2034,57,61,2026-10-01,2026-10-01,236.89,23.73,213.16,5170.62
2035,57,62,2026-11-01,2026-11-01,236.89,22.79,214.10,4956.52
2036,57,63,2026-12-01,2026-12-05,236.89,21.85,215.04,4741.48
2037,57,64,2027-01-01,2027-01-01,236.89,20.90,215.99,4525.49
2038,57,65,2027-02-01,2027-02-01,236.89,19.95,216.94,4308.55
2039,57,66,2027-03-01,2027-03-01,236.89,18.99,217.90,4090.65
2040,57,67,2027-04-01,2027-04-01,236.89,18.03,218.86,3871.79
2041,57,68,2027-05-01,2027-05-01,236.89,17.07,219.82,3651.97
2042,57,69,2027-06-01,2027-06-01,236.89,16.10,220.79,3431.18
2043,57,70,2027-07-01,2027-07-01,236.89,15.13,221.76,3209.42
2044,57,71,2027-08-01,2027-08-01,236.89,14.15,222.74,2986.68
2045,57,72,2027-09-01,2027-09-01,236.89,13.17,223.72,2762.96
2046,57,73,2027-10-01,2027-10-01,236.89,12.18,224.71,2538.25
2047,57,74,2027-11-01,2027-11-01,236.89,11.19,225.70,2312.55
2048,57,75,2027-12-01,2027-12-01,236.89,10.19,226.70,2085.85
2049,57,76,2028-01-01,2028-01-01,236.89,9.20,227.69,1858.16
2050,57,77,2028-02-01,2028-02-01,236.89,8.19,228.70,1629.46
2051,57,78,2028-03-01,2028-03-01,236.89,7.18,229.71,1399.75
2052,57,79,2028-04-01,2028-04-01,236.89,6.17,230.72,1169.03
2053,57,80,2028-05-01,2028-05-02,236.89,5.15,231.74,937.29
2054,57,81,2028-06-01,2028-06-01,236.89,4.13,232.76,704.53
2055,57,82,2028-07-01,2028-07-01,236.89,3.11,233.78,470.75
2056,57,83,2028-08-01,2028-08-01,236.89,2.08,234.81,235.94
2057,57,84,2028-09-01,2028-09-01,236.98,1.04,235.94,0.00
2058,58,1,2023-08-01,2023-08-01,739.13,146.57,592.56,23207.44
2059,58,2,2023-09-01,2023-09-01,739.13,142.92,596.21,22611.23
2060,58,3,2023-10-01,2023-10-01,739.13,139.25,599.88,22011.35
2061,58,4,2023-11-01,2023-11-01,739.13,135.55,603.58,21407.77
2062,58,5,2023-12-01,2023-12-01,739.13,131.84,607.29,20800.48
2063,58,6,2024-01-01,2024-01-10,739.13,128.10,611.03,20189.45
2064,58,7,2024-02-01,2024-02-07,739.13,124.33,614.80,19574.65
2065,58,8,2024-03-01,2024-03-01,739.13,120.55,618.58,18956.07
2066,58,9,2024-04-01,2024-04-04,739.13,116.74,622.39,18333.68
2067,58,10,2024-05-01,2024-05-01,739.13,112.90,626.23,17707.45
2068,58,11,2024-06-01,2024-06-08,739.13,109.05,630.08,17077.37
2069,58,12,2024-07-01,2024-07-01,739.13,105.17,633.96,16443.41
2070,58,13,2024-08-01,2024-08-01,739.13,101.26,637.87,15805.54
2071,58,14,2024-09-01,2024-09-01,739.13,97.34,641.79,15163.75
2072,58,15,2024-10-01,2024-10-01,739.13,93.38,645.75,14518.00
2073,58,16,2024-11-01,2024-11-01,739.13,89.41,649.72,13868.28
2074,58,17,2024-12-01,2024-12-01,739.13,85.41,653.72,13214.56
2075,58,18,2025-01-01,2025-01-01,739.13,81.38,657.75,12556.81
2076,58,19,2025-02-01,2025-02-01,739.13,77.33,661.80,11895.01
2077,58,20,2025-03-01,2025-03-01,739.13,73.25,665.88,11229.13
2078,58,21,2025-04-01,2025-04-01,739.13,69.15,669.98,10559.15
2079,58,22,2025-05-01,2025-05-01,739.13,65.03,674.10,9885.05
2080,58,23,2025-06-01,2025-06-01,739.13,60.88,678.25,9206.80
2081,58,24,2025-07-01,2025-07-01,739.13,56.70,682.43,8524.37
2082,58,25,2025-08-01,2025-08-01,739.13,52.50,686.63,7837.74
2083,58,26,2025-09-01,2025-09-01,739.13,48.27,690.86,7146.88
2084,58,27,2025-10-01,2025-10-01,739.13,44.01,695.12,6451.76
2085,58,28,2025-11-01,2025-11-01,739.13,39.73,699.40,5752.36
2086,58,29,2025-12-01,2025-12-01,739.13,35.42,703.71,5048.65
2087,58,30,2026-01-01,2026-01-01,739.13,31.09,708.04,4340.61
2088,58,31,2026-02-01,2026-02-01,739.13,26.73,712.40,3628.21
2089,58,32,2026-03-01,2026-03-01,739.13,22.34,716.79,2911.42
2090,58,33,2026-04-01,2026-04-08,739.13,17.93,721.20,2190.22
2091,58,34,2026-05-01,2026-05-01,739.13,13.49,725.64,1464.58
2092,58,35,2026-06-01,2026-06-06,739.13,9.02,730.11,734.47
2093,58,36,2026-07-01,2026-07-01,738.99,4.52,734.47,0.00
2094,59,1,2019-11-01,2019-11-01,300.02,99.36,200.66,20499.34
2095,59,2,2019-12-01,2019-12-01,300.02,98.40,201.62,20297.72
2096,59,3,2020-01-01,2020-01-01,300.02,97.43,202.59,20095.13
2097,59,4,2020-02-01,2020-02-01,300.02,96.46,203.56,19891.57
2098,59,5,2020-03-01,2020-03-01,300.02,95.48,204.54,19687.03
2099,59,6,2020-04-01,2020-04-01,300.02,94.50,205.52,19481.51
2100,59,7,2020-05-01,2020-05-01,300.02,93.51,206.51,19275.00
2101,59,8,2020-06-01,2020-06-01,300.02,92.52,207.50,19067.50
2102,59,9,2020-07-01,2020-07-01,300.02,91.52,208.50,18859.00
2103,59,10,2020-08-01,2020-08-01,300.02,90.52,209.50,18649.50
2104,59,11,2020-09-01,2020-09-01,300.02,89.52,210.50,18439.00
2105,59,12,2020-10-01,2020-10-01,300.02,88.51,211.51,18227.49
2106,59,13,2020-11-01,2020-11-01,300.02,87.49,212.53,18014.96
2107,59,14,2020-12-01,2020-12-01,300.02,86.47,213.55,17801.41
2108,59,15,2021-01-01,2021-01-01,300.02,85.45,214.57,17586.84
2109,59,16,2021-02-01,2021-02-01,300.02,84.42,215.60,17371.24
2110,59,17,2021-03-01,2021-03-01,300.02,83.38,216.64,17154.60
2111,59,18,2021-04-01,2021-04-01,300.02,82.34,217.68,16936.92
2112,59,19,2021-05-01,2021-05-01,300.02,81.30,218.72,16718.20
2113,59,20,2021-06-01,2021-06-01,300.02,80.25,219.77,16498.43
2114,59,21,2021-07-01,2021-07-01,300.02,79.19,220.83,16277.60
2115,59,22,2021-08-01,2021-08-01,300.02,78.13,221.89,16055.71
2116,59,23,2021-09-01,2021-09-01,300.02,77.07,222.95,15832.76
2117,59,24,2021-10-01,2021-10-01,300.02,76.00,224.02,15608.74
2118,59,25,2021-11-01,2021-11-01,300.02,74.92,225.10,15383.64
2119,59,26,2021-12-01,2021-12-10,300.02,73.84,226.18,15157.46
2120,59,27,2022-01-01,2022-01-01,300.02,72.76,227.26,14930.20
2121,59,28,2022-02-01,2022-02-13,300.02,71.66,228.36,14701.84
2122,59,29,2022-03-01,2022-03-01,300.02,70.57,229.45,14472.39
2123,59,30,2022-04-01,2022-04-11,300.02,69.47,230.55,14241.84
2124,59,31,2022-05-01,2022-05-01,300.02,68.36,231.66,14010.18
2125,59,32,2022-06-01,2022-06-01,300.02,67.25,232.77,13777.41
2126,59,33,2022-07-01,2022-07-01,300.02,66.13,233.89,13543.52
2127,59,34,2022-08-01,2022-08-06,300.02,65.01,235.01,13308.51
2128,59,35,2022-09-01,2022-09-01,300.02,63.88,236.14,13072.37
2129,59,36,2022-10-01,2022-10-01,300.02,62.75,237.27,12835.10
2130,59,37,2022-11-01,2022-11-01,300.02,61.61,238.41,12596.69
2131,59,38,2022-12-01,2022-12-01,300.02,60.46,239.56,12357.13
2132,59,39,2023-01-01,2023-01-01,300.02,59.31,240.71,12116.42
2133,59,40,2023-02-01,2023-02-01,300.02,58.16,241.86,11874.56
2134,59,41,2023-03-01,2023-03-07,300.02,57.00,243.02,11631.54
2135,59,42,2023-04-01,2023-04-01,300.02,55.83,244.19,11387.35
2136,59,43,2023-05-01,2023-05-01,300.02,54.66,245.36,11141.99
2137,59,44,2023-06-01,2023-06-01,300.02,53.48,246.54,10895.45
2138,59,45,2023-07-01,2023-07-01,300.02,52.30,247.72,10647.73
2139,59,46,2023-08-01,2023-08-01,300.02,51.11,248.91,10398.82
2140,59,47,2023-09-01,2023-09-01,300.02,49.91,250.11,10148.71
2141,59,48,2023-10-01,2023-10-08,300.02,48.71,251.31,9897.40
2142,59,49,2023-11-01,2023-11-01,300.02,47.51,252.51,9644.89
2143,59,50,2023-12-01,2023-12-01,300.02,46.30,253.72,9391.17
2144,59,51,2024-01-01,2024-01-01,300.02,45.08,254.94,9136.23
2145,59,52,2024-02-01,2024-02-01,300.02,43.85,256.17,8880.06
2146,59,53,2024-03-01,2024-03-01,300.02,42.62,257.40,8622.66
2147,59,54,2024-04-01,2024-04-01,300.02,41.39,258.63,8364.03
2148,59,55,2024-05-01,2024-05-01,300.02,40.15,259.87,8104.16
2149,59,56,2024-06-01,2024-06-01,300.02,38.90,261.12,7843.04
2150,59,57,2024-07-01,2024-07-01,300.02,37.65,262.37,7580.67
2151,59,58,2024-08-01,2024-08-01,300.02,36.39,263.63,7317.04
2152,59,59,2024-09-01,2024-09-01,300.02,35.12,264.90,7052.14
2153,59,60,2024-10-01,2024-10-01,300.02,33.85,266.17,6785.97
2154,59,61,2024-11-01,2024-11-01,300.02,32.57,267.45,6518.52
2155,59,62,2024-12-01,2024-12-01,300.02,31.29,268.73,6249.79
2156,59,63,2025-01-01,2025-01-01,300.02,30.00,270.02,5979.77
2157,59,64,2025-02-01,2025-02-01,300.02,28.70,271.32,5708.45
2158,59,65,2025-03-01,2025-03-01,300.02,27.40,272.62,5435.83
2159,59,66,2025-04-01,2025-04-01,300.02,26.09,273.93,5161.90
2160,59,67,2025-05-01,2025-05-01,300.02,24.78,275.24,4886.66
2161,59,68,2025-06-01,2025-06-13,300.02,23.46,276.56,4610.10
2162,60,1,2021-04-01,2021-04-01,1266.93,576.11,690.82,170009.18
2163,60,2,2021-05-01,2021-05-04,1266.93,573.78,693.15,169316.03
2164,60,3,2021-06-01,2021-06-01,1266.93,571.44,695.49,168620.54
2165,60,4,2021-07-01,2021-07-01,1266.93,569.09,697.84,167922.70
2166,60,5,2021-08-01,2021-08-01,1266.93,566.74,700.19,167222.51
2167,60,6,2021-09-01,2021-09-01,1266.93,564.38,702.55,166519.96
2168,60,7,2021-10-01,2021-10-01,1266.93,562.00,704.93,165815.03
2169,60,8,2021-11-01,2021-11-02,1266.93,559.63,707.30,165107.73
2170,60,9,2021-12-01,2021-12-01,1266.93,557.24,709.69,164398.04
2171,60,10,2022-01-01,2022-01-01,1266.93,554.84,712.09,163685.95
2172,60,11,2022-02-01,2022-02-01,1266.93,552.44,714.49,162971.46
2173,60,12,2022-03-01,2022-03-02,1266.93,550.03,716.90,162254.56
2174,60,13,2022-04-01,2022-04-01,1266.93,547.61,719.32,161535.24
2175,60,14,2022-05-01,2022-05-01,1266.93,545.18,721.75,160813.49
2176,60,15,2022-06-01,2022-06-01,1266.93,542.75,724.18,160089.31
2177,60,16,2022-07-01,2022-07-01,1266.93,540.30,726.63,159362.68
2178,60,17,2022-08-01,2022-08-01,1266.93,537.85,729.08,158633.60
2179,60,18,2022-09-01,2022-09-01,1266.93,535.39,731.54,157902.06
2180,60,19,2022-10-01,2022-10-01,1266.93,532.92,734.01,157168.05
2181,60,20,2022-11-01,2022-11-01,1266.93,530.44,736.49,156431.56
2182,60,21,2022-12-01,2022-12-01,1266.93,527.96,738.97,155692.59
2183,60,22,2023-01-01,2023-01-01,1266.93,525.46,741.47,154951.12
2184,60,23,2023-02-01,2023-02-01,1266.93,522.96,743.97,154207.15
2185,60,24,2023-03-01,2023-03-01,1266.93,520.45,746.48,153460.67
2186,60,25,2023-04-01,2023-04-11,1266.93,517.93,749.00,152711.67
2187,60,26,2023-05-01,2023-05-09,1266.93,515.40,751.53,151960.14
2188,60,27,2023-06-01,2023-06-01,1266.93,512.87,754.06,151206.08
2189,60,28,2023-07-01,2023-07-01,1266.93,510.32,756.61,150449.47
2190,60,29,2023-08-01,2023-08-01,1266.93,507.77,759.16,149690.31
2191,60,30,2023-09-01,2023-09-10,1266.93,505.20,761.73,148928.58
2192,60,31,2023-10-01,2023-10-01,1266.93,502.63,764.30,148164.28
2193,60,32,2023-11-01,2023-11-01,1266.93,500.05,766.88,147397.40
2194,60,33,2023-12-01,2023-12-01,1266.93,497.47,769.46,146627.94
2195,60,34,2024-01-01,2024-01-01,1266.93,494.87,772.06,145855.88
2196,60,35,2024-02-01,2024-02-01,1266.93,492.26,774.67,145081.21
2197,60,36,2024-03-01,2024-03-01,1266.93,489.65,777.28,144303.93
2198,60,37,2024-04-01,2024-04-01,1266.93,487.03,779.90,143524.03
2199,60,38,2024-05-01,2024-05-01,1266.93,484.39,782.54,142741.49
2200,60,39,2024-06-01,2024-06-01,1266.93,481.75,785.18,141956.31
2201,60,40,2024-07-01,2024-07-01,1266.93,479.10,787.83,141168.48
2202,60,41,2024-08-01,2024-08-01,1266.93,476.44,790.49,140377.99
2203,60,42,2024-09-01,2024-09-01,1266.93,473.78,793.15,139584.84
2204,60,43,2024-10-01,2024-10-01,1266.93,471.10,795.83,138789.01
2205,60,44,2024-11-01,2024-11-01,1266.93,468.41,798.52,137990.49
2206,60,45,2024-12-01,2024-12-01,1266.93,465.72,801.21,137189.28
2207,60,46,2025-01-01,2025-01-01,1266.93,463.01,803.92,136385.36
2208,60,47,2025-02-01,2025-02-01,1266.93,460.30,806.63,135578.73
2209,60,48,2025-03-01,2025-03-01,1266.93,457.58,809.35,134769.38
2210,60,49,2025-04-01,2025-04-01,1266.93,454.85,812.08,133957.30
2211,60,50,2025-05-01,2025-05-01,1266.93,452.11,814.82,133142.48
2212,60,51,2025-06-01,2025-06-01,1266.93,449.36,817.57,132324.91
2213,60,52,2025-07-01,2025-07-01,1266.93,446.60,820.33,131504.58
2214,60,53,2025-08-01,2025-08-01,1266.93,443.83,823.10,130681.48
2215,60,54,2025-09-01,2025-09-01,1266.93,441.05,825.88,129855.60
2216,60,55,2025-10-01,2025-10-01,1266.93,438.26,828.67,129026.93
2217,60,56,2025-11-01,2025-11-01,1266.93,435.47,831.46,128195.47
2218,60,57,2025-12-01,2025-12-01,1266.93,432.66,834.27,127361.20
2219,60,58,2026-01-01,2026-01-01,1266.93,429.84,837.09,126524.11
2220,60,59,2026-02-01,2026-02-01,1266.93,427.02,839.91,125684.20
2221,60,60,2026-03-01,2026-03-01,1266.93,424.18,842.75,124841.45
2222,60,61,2026-04-01,2026-04-01,1266.93,421.34,845.59,123995.86
2223,60,62,2026-05-01,2026-05-01,1266.93,418.49,848.44,123147.42
2224,60,63,2026-06-01,2026-06-01,1266.93,415.62,851.31,122296.11
2225,60,64,2026-07-01,2026-07-02,1266.93,412.75,854.18,121441.93
2226,60,65,2026-08-01,2026-08-01,1266.93,409.87,857.06,120584.87
2227,60,66,2026-09-01,2026-09-01,1266.93,406.97,859.96,119724.91
2228,60,67,2026-10-01,2026-10-01,1266.93,404.07,862.86,118862.05
2229,60,68,2026-11-01,2026-11-01,1266.93,401.16,865.77,117996.28
2230,60,69,2026-12-01,2026-12-08,1266.93,398.24,868.69,117127.59
2231,60,70,2027-01-01,2027-01-01,1266.93,395.31,871.62,116255.97
2232,60,71,2027-02-01,2027-02-01,1266.93,392.36,874.57,115381.40
2233,60,72,2027-03-01,2027-03-01,1266.93,389.41,877.52,114503.88
2234,60,73,2027-04-01,2027-04-01,1266.93,386.45,880.48,113623.40
2235,60,74,2027-05-01,2027-05-01,1266.93,383.48,883.45,112739.95
2236,60,75,2027-06-01,2027-06-01,1266.93,380.50,886.43,111853.52
2237,60,76,2027-07-01,2027-07-01,1266.93,377.51,889.42,110964.10
2238,60,77,2027-08-01,2027-08-01,1266.93,374.50,892.43,110071.67
2239,60,78,2027-09-01,2027-09-01,1266.93,371.49,895.44,109176.23
2240,60,79,2027-10-01,2027-10-01,1266.93,368.47,898.46,108277.77
2241,60,80,2027-11-01,2027-11-01,1266.93,365.44,901.49,107376.28
2242,60,81,2027-12-01,2027-12-01,1266.93,362.39,904.54,106471.74
2243,60,82,2028-01-01,2028-01-01,1266.93,359.34,907.59,105564.15
2244,60,83,2028-02-01,2028-02-01,1266.93,356.28,910.65,104653.50
2245,60,84,2028-03-01,2028-03-01,1266.93,353.21,913.72,103739.78
2246,60,85,2028-04-01,2028-04-01,1266.93,350.12,916.81,102822.97
2247,60,86,2028-05-01,2028-05-01,1266.93,347.03,919.90,101903.07
2248,60,87,2028-06-01,2028-06-01,1266.93,343.92,923.01,100980.06
2249,60,88,2028-07-01,2028-07-01,1266.93,340.81,926.12,100053.94
2250,60,89,2028-08-01,2028-08-01,1266.93,337.68,929.25,99124.69
2251,60,90,2028-09-01,2028-09-01,1266.93,334.55,932.38,98192.31
2252,60,91,2028-10-01,2028-10-01,1266.93,331.40,935.53,97256.78
2253,60,92,2028-11-01,2028-11-01,1266.93,328.24,938.69,96318.09
2254,60,93,2028-12-01,2028-12-01,1266.93,325.07,941.86,95376.23
2255,60,94,2029-01-01,2029-01-01,1266.93,321.89,945.04,94431.19
2256,60,95,2029-02-01,2029-02-01,1266.93,318.71,948.22,93482.97
2257,60,96,2029-03-01,2029-03-01,1266.93,315.51,951.42,92531.55
2258,60,97,2029-04-01,2029-04-01,1266.93,312.29,954.64,91576.91
2259,60,98,2029-05-01,2029-05-01,1266.93,309.07,957.86,90619.05
2260,60,99,2029-06-01,2029-06-01,1266.93,305.84,961.09,89657.96
2261,60,100,2029-07-01,2029-07-12,1266.93,302.60,964.33,88693.63
2262,60,101,2029-08-01,2029-08-01,1266.93,299.34,967.59,87726.04
2263,60,102,2029-09-01,2029-09-01,1266.93,296.08,970.85,86755.19
2264,60,103,2029-10-01,2029-10-01,1266.93,292.80,974.13,85781.06
2265,60,104,2029-11-01,2029-11-01,1266.93,289.51,977.42,84803.64
2266,60,105,2029-12-01,2029-12-01,1266.93,286.21,980.72,83822.92
2267,60,106,2030-01-01,2030-01-01,1266.93,282.90,984.03,82838.89
2268,60,107,2030-02-01,2030-02-01,1266.93,279.58,987.35,81851.54
2269,60,108,2030-03-01,2030-03-01,1266.93,276.25,990.68,80860.86
2270,60,109,2030-04-01,2030-04-01,1266.93,272.91,994.02,79866.84
2271,60,110,2030-05-01,2030-05-01,1266.93,269.55,997.38,78869.46
2272,60,111,2030-06-01,2030-06-01,1266.93,266.18,1000.75,77868.71
2273,60,112,2030-07-01,2030-07-01,1266.93,262.81,1004.12,76864.59
2274,60,113,2030-08-01,2030-08-01,1266.93,259.42,1007.51,75857.08
2275,60,114,2030-09-01,2030-09-01,1266.93,256.02,1010.91,74846.17
2276,60,115,2030-10-01,2030-10-01,1266.93,252.61,1014.32,73831.85
2277,60,116,2030-11-01,2030-11-01,1266.93,249.18,1017.75,72814.10
2278,60,117,2030-12-01,2030-12-01,1266.93,245.75,1021.18,71792.92
2279,60,118,2031-01-01,2031-01-01,1266.93,242.30,1024.63,70768.29
2280,60,119,2031-02-01,2031-02-01,1266.93,238.84,1028.09,69740.20
2281,60,120,2031-03-01,2031-03-01,1266.93,235.37,1031.56,68708.64
2282,60,121,2031-04-01,2031-04-01,1266.93,231.89,1035.04,67673.60
2283,60,122,2031-05-01,2031-05-01,1266.93,228.40,1038.53,66635.07
2284,60,123,2031-06-01,2031-06-01,1266.93,224.89,1042.04,65593.03
2285,60,124,2031-07-01,2031-07-01,1266.93,221.38,1045.55,64547.48
2286,60,125,2031-08-01,2031-08-07,1266.93,217.85,1049.08,63498.40
2287,60,126,2031-09-01,2031-09-01,1266.93,214.31,1052.62,62445.78
2288,60,127,2031-10-01,2031-10-02,1266.93,210.75,1056.18,61389.60
2289,60,128,2031-11-01,2031-11-01,1266.93,207.19,1059.74,60329.86
2290,60,129,2031-12-01,2031-12-01,1266.93,203.61,1063.32,59266.54
2291,60,130,2032-01-01,2032-01-01,1266.93,200.02,1066.91,58199.63
2292,60,131,2032-02-01,2032-02-09,1266.93,196.42,1070.51,57129.12
2293,60,132,2032-03-01,2032-03-01,1266.93,192.81,1074.12,56055.00
2294,60,133,2032-04-01,2032-04-01,1266.93,189.19,1077.74,54977.26
2295,60,134,2032-05-01,2032-05-01,1266.93,185.55,1081.38,53895.88
2296,60,135,2032-06-01,2032-06-01,1266.93,181.90,1085.03,52810.85
2297,60,136,2032-07-01,2032-07-01,1266.93,178.24,1088.69,51722.16
2298,60,137,2032-08-01,2032-08-01,1266.93,174.56,1092.37,50629.79
2299,60,138,2032-09-01,2032-09-01,1266.93,170.88,1096.05,49533.74
2300,60,139,2032-10-01,2032-10-01,1266.93,167.18,1099.75,48433.99
2301,60,140,2032-11-01,2032-11-01,1266.93,163.46,1103.47,47330.52
2302,60,141,2032-12-01,2032-12-01,1266.93,159.74,1107.19,46223.33
2303,60,142,2033-01-01,2033-01-01,1266.93,156.00,1110.93,45112.40
2304,60,143,2033-02-01,2033-02-01,1266.93,152.25,1114.68,43997.72
2305,60,144,2033-03-01,2033-03-01,1266.93,148.49,1118.44,42879.28
2306,60,145,2033-04-01,2033-04-01,1266.93,144.72,1122.21,41757.07
2307,60,146,2033-05-01,2033-05-01,1266.93,140.93,1126.00,40631.07
2308,60,147,2033-06-01,2033-06-01,1266.93,137.13,1129.80,39501.27
2309,60,148,2033-07-01,2033-07-01,1266.93,133.32,1133.61,38367.66
2310,60,149,2033-08-01,2033-08-01,1266.93,129.49,1137.44,37230.22
2311,60,150,2033-09-01,2033-09-01,1266.93,125.65,1141.28,36088.94
2312,60,151,2033-10-01,2033-10-01,1266.93,121.80,1145.13,34943.81
2313,60,152,2033-11-01,2033-11-01,1266.93,117.94,1148.99,33794.82
2314,60,153,2033-12-01,2033-12-01,1266.93,114.06,1152.87,32641.95
2315,60,154,2034-01-01,2034-01-01,1266.93,110.17,1156.76,31485.19
2316,60,155,2034-02-01,2034-02-01,1266.93,106.26,1160.67,30324.52
2317,60,156,2034-03-01,2034-03-01,1266.93,102.35,1164.58,29159.94
2318,60,157,2034-04-01,2034-04-01,1266.93,98.41,1168.52,27991.42
2319,60,158,2034-05-01,2034-05-01,1266.93,94.47,1172.46,26818.96
2320,60,159,2034-06-01,2034-06-01,1266.93,90.51,1176.42,25642.54
2321,60,160,2034-07-01,2034-07-01,1266.93,86.54,1180.39,24462.15
2322,60,161,2034-08-01,2034-08-01,1266.93,82.56,1184.37,23277.78
2323,60,162,2034-09-01,2034-09-01,1266.93,78.56,1188.37,22089.41
2324,60,163,2034-10-01,2034-10-01,1266.93,74.55,1192.38,20897.03
2325,60,164,2034-11-01,2034-11-01,1266.93,70.53,1196.40,19700.63
2326,60,165,2034-12-01,2034-12-04,1266.93,66.49,1200.44,18500.19
2327,60,166,2035-01-01,2035-01-01,1266.93,62.44,1204.49,17295.70
2328,60,167,2035-02-01,2035-02-01,1266.93,58.37,1208.56,16087.14
2329,60,168,2035-03-01,2035-03-01,1266.93,54.29,1212.64,14874.50
2330,60,169,2035-04-01,2035-04-01,1266.93,50.20,1216.73,13657.77
2331,60,170,2035-05-01,2035-05-01,1266.93,46.09,1220.84,12436.93
2332,60,171,2035-06-01,2035-06-01,1266.93,41.97,1224.96,11211.97
2333,60,172,2035-07-01,2035-07-01,1266.93,37.84,1229.09,9982.88
2334,60,173,2035-08-01,2035-08-01,1266.93,33.69,1233.24,8749.64
2335,60,174,2035-09-01,2035-09-01,1266.93,29.53,1237.40,7512.24
2336,60,175,2035-10-01,2035-10-01,1266.93,25.35,1241.58,6270.66
2337,60,176,2035-11-01,2035-11-10,1266.93,21.16,1245.77,5024.89
2338,60,177,2035-12-01,2035-12-01,1266.93,16.96,1249.97,3774.92
2339,60,178,2036-01-01,2036-01-01,1266.93,12.74,1254.19,2520.73
2340,60,179,2036-02-01,2036-02-01,1266.93,8.51,1258.42,1262.31
2341,60,180,2036-03-01,2036-03-01,1266.57,4.26,1262.31,0.00
2342,61,1,2019-07-01,2019-07-01,169.86,21.94,147.92,5552.08
2343,61,2,2019-08-01,2019-08-01,169.86,21.38,148.48,5403.60
2344,61,3,2019-09-01,2019-09-01,169.86,20.80,149.06,5254.54
2345,61,4,2019-10-01,2019-10-01,169.86,20.23,149.63,5104.91
2346,61,5,2019-11-01,2019-11-01,169.86,19.65,150.21,4954.70
2347,61,6,2019-12-01,2019-12-01,169.86,19.08,150.78,4803.92
2348,61,7,2020-01-01,2020-01-01,169.86,18.50,151.36,4652.56
2349,61,8,2020-02-01,2020-02-10,169.86,17.91,151.95,4500.61
2350,61,9,2020-03-01,2020-03-01,169.86,17.33,152.53,4348.08
2351,61,10,2020-04-01,2020-04-01,169.86,16.74,153.12,4194.96
2352,61,11,2020-05-01,2020-05-01,169.86,16.15,153.71,4041.25
2353,61,12,2020-06-01,2020-06-01,169.86,15.56,154.30,3886.95
2354,61,13,2020-07-01,2020-07-01,169.86,14.96,154.90,3732.05
2355,61,14,2020-08-01,2020-08-01,169.86,14.37,155.49,3576.56
2356,61,15,2020-09-01,2020-09-01,169.86,13.77,156.09,3420.47
2357,61,16,2020-10-01,2020-10-01,169.86,13.17,156.69,3263.78
2358,61,17,2020-11-01,2020-11-01,169.86,12.57,157.29,3106.49
2359,61,18,2020-12-01,2020-12-01,169.86,11.96,157.90,2948.59
2360,61,19,2021-01-01,2021-01-01,169.86,11.35,158.51,2790.08
2361,61,20,2021-02-01,2021-02-01,169.86,10.74,159.12,2630.96
2362,61,21,2021-03-01,2021-03-01,169.86,10.13,159.73,2471.23
2363,61,22,2021-04-01,2021-04-01,169.86,9.51,160.35,2310.88
2364,61,23,2021-05-01,2021-05-01,169.86,8.90,160.96,2149.92
2365,61,24,2021-06-01,2021-06-01,169.86,8.28,161.58,1988.34
2366,61,25,2021-07-01,2021-07-01,169.86,7.66,162.20,1826.14
2367,61,26,2021-08-01,2021-08-01,169.86,7.03,162.83,1663.31
2368,61,27,2021-09-01,2021-09-01,169.86,6.40,163.46,1499.85
2369,61,28,2021-10-01,2021-10-01,169.86,5.77,164.09,1335.76
2370,61,29,2021-11-01,2021-11-01,169.86,5.14,164.72,1171.04
2371,61,30,2021-12-01,2021-12-01,169.86,4.51,165.35,1005.69
2372,61,31,2022-01-01,2022-01-01,169.86,3.87,165.99,839.70
2373,61,32,2022-02-01,2022-02-01,169.86,3.23,166.63,673.07
2374,61,33,2022-03-01,2022-03-01,169.86,2.59,167.27,505.80
2375,61,34,2022-04-01,2022-04-01,169.86,1.95,167.91,337.89
2376,61,35,2022-05-01,2022-05-01,169.86,1.30,168.56,169.33
2377,61,36,2022-06-01,2022-06-01,169.98,0.65,169.33,0.00
2378,62,1,2020-10-01,2020-10-01,501.88,180.69,321.19,23878.81
2379,62,2,2020-11-01,2020-11-01,501.88,178.30,323.58,23555.23
2380,62,3,2020-12-01,2020-12-12,501.88,175.88,326.00,23229.23
2381,62,4,2021-01-01,2021-01-01,501.88,173.44,328.44,22900.79
2382,62,5,2021-02-01,2021-02-01,501.88,170.99,330.89,22569.90
2383,62,6,2021-03-01,2021-03-01,501.88,168.52,333.36,22236.54
2384,62,7,2021-04-01,2021-04-07,501.88,166.03,335.85,21900.69
2385,62,8,2021-05-01,2021-05-01,501.88,163.53,338.35,21562.34
2386,62,9,2021-06-01,2021-06-01,501.88,161.00,340.88,21221.46
2387,62,10,2021-07-01,2021-07-05,501.88,158.45,343.43,20878.03
2388,62,11,2021-08-01,2021-08-01,501.88,155.89,345.99,20532.04
2389,62,12,2021-09-01,2021-09-01,501.88,153.31,348.57,20183.47
2390,62,13,2021-10-01,2021-10-01,501.88,150.70,351.18,19832.29
2391,62,14,2021-11-01,2021-11-01,501.88,148.08,353.80,19478.49
2392,62,15,2021-12-01,2021-12-01,501.88,145.44,356.44,19122.05
2393,62,16,2022-01-01,2022-01-01,501.88,142.78,359.10,18762.95
2394,62,17,2022-02-01,2022-02-01,501.88,140.10,361.78,18401.17
2395,62,18,2022-03-01,2022-03-01,501.88,137.40,364.48,18036.69
2396,62,19,2022-04-01,2022-04-01,501.88,134.67,367.21,17669.48
2397,62,20,2022-05-01,2022-05-01,501.88,131.93,369.95,17299.53
2398,62,21,2022-06-01,2022-06-01,501.88,129.17,372.71,16926.82
2399,62,22,2022-07-01,2022-07-01,501.88,126.39,375.49,16551.33
2400,62,23,2022-08-01,2022-08-02,501.88,123.58,378.30,16173.03
2401,62,24,2022-09-01,2022-09-01,501.88,120.76,381.12,15791.91
2402,62,25,2022-10-01,2022-10-05,501.88,117.91,383.97,15407.94
2403,62,26,2022-11-01,2022-11-01,501.88,115.05,386.83,15021.11
2404,62,27,2022-12-01,2022-12-01,501.88,112.16,389.72,14631.39
2405,62,28,2023-01-01,2023-01-01,501.88,109.25,392.63,14238.76
2406,62,29,2023-02-01,2023-02-01,501.88,106.32,395.56,13843.20
2407,62,30,2023-03-01,2023-03-01,501.88,103.36,398.52,13444.68
2408,62,31,2023-04-01,2023-04-01,501.88,100.39,401.49,13043.19
2409,62,32,2023-05-01,2023-05-01,501.88,97.39,404.49,12638.70
2410,62,33,2023-06-01,2023-06-01,501.88,94.37,407.51,12231.19
2411,62,34,2023-07-01,2023-07-01,501.88,91.33,410.55,11820.64
2412,62,35,2023-08-01,2023-08-01,501.88,88.26,413.62,11407.02
2413,62,36,2023-09-01,2023-09-01,501.88,85.17,416.71,10990.31
2414,62,37,2023-10-01,2023-10-01,501.88,82.06,419.82,10570.49
2415,62,38,2023-11-01,2023-11-01,501.88,78.93,422.95,10147.54
2416,62,39,2023-12-01,2023-12-01,501.88,75.77,426.11,9721.43
2417,62,40,2024-01-01,2024-01-01,501.88,72.59,429.29,9292.14
2418,62,41,2024-02-01,2024-02-01,501.88,69.38,432.50,8859.64
2419,62,42,2024-03-01,2024-03-01,501.88,66.15,435.73,8423.91
2420,62,43,2024-04-01,2024-04-01,501.88,62.90,438.98,7984.93
2421,62,44,2024-05-01,2024-05-01,501.88,59.62,442.26,7542.67
2422,62,45,2024-06-01,2024-06-01,501.88,56.32,445.56,7097.11
2423,62,46,2024-07-01,2024-07-01,501.88,52.99,448.89,6648.22
2424,62,47,2024-08-01,2024-08-01,501.88,49.64,452.24,6195.98
2425,62,48,2024-09-01,2024-09-01,501.88,46.26,455.62,5740.36
2426,62,49,2024-10-01,2024-10-01,501.88,42.86,459.02,5281.34
2427,62,50,2024-11-01,2024-11-01,501.88,39.43,462.45,4818.89
2428,62,51,2024-12-01,2024-12-01,501.88,35.98,465.90,4352.99
2429,62,52,2025-01-01,2025-01-01,501.88,32.50,469.38,3883.61
2430,62,53,2025-02-01,2025-02-01,501.88,29.00,472.88,3410.73
2431,62,54,2025-03-01,2025-03-01,501.88,25.47,476.41,2934.32
2432,62,55,2025-04-01,2025-04-01,501.88,21.91,479.97,2454.35
2433,62,56,2025-05-01,2025-05-09,501.88,18.33,483.55,1970.80
2434,62,57,2025-06-01,2025-06-01,501.88,14.72,487.16,1483.64
2435,63,1,2020-03-01,2020-03-01,793.48,127.89,665.59,16734.41
2436,63,2,2020-04-01,2020-04-01,793.48,123.00,670.48,16063.93
2437,63,3,2020-05-01,2020-05-12,793.48,118.07,675.41,15388.52
2438,63,4,2020-06-01,2020-06-01,793.48,113.11,680.37,14708.15
2439,63,5,2020-07-01,2020-07-01,793.48,108.10,685.38,14022.77
2440,63,6,2020-08-01,2020-08-09,793.48,103.07,690.41,13332.36
2441,63,7,2020-09-01,2020-09-01,793.48,97.99,695.49,12636.87
2442,63,8,2020-10-01,2020-10-01,793.48,92.88,700.60,11936.27
2443,63,9,2020-11-01,2020-11-10,793.48,87.73,705.75,11230.52
2444,63,10,2020-12-01,2020-12-01,793.48,82.54,710.94,10519.58
2445,63,11,2021-01-01,2021-01-01,793.48,77.32,716.16,9803.42
2446,63,12,2021-02-01,2021-02-01,793.48,72.06,721.42,9082.00
2447,63,13,2021-03-01,2021-03-06,793.48,66.75,726.73,8355.27
2448,63,14,2021-04-01,2021-04-01,793.48,61.41,732.07,7623.20
2449,63,15,2021-05-01,2021-05-01,793.48,56.03,737.45,6885.75
2450,63,16,2021-06-01,2021-06-01,793.48,50.61,742.87,6142.88
2451,63,17,2021-07-01,2021-07-01,793.48,45.15,748.33,5394.55
2452,63,18,2021-08-01,2021-08-01,793.48,39.65,753.83,4640.72
2453,63,19,2021-09-01,2021-09-01,793.48,34.11,759.37,3881.35
2454,63,20,2021-10-01,2021-10-08,793.48,28.53,764.95,3116.40
2455,63,21,2021-11-01,2021-11-01,793.48,22.91,770.57,2345.83
2456,63,22,2021-12-01,2021-12-01,793.48,17.24,776.24,1569.59
2457,63,23,2022-01-01,2022-01-01,793.48,11.54,781.94,787.65
2458,63,24,2022-02-01,2022-02-01,793.44,5.79,787.65,0.00
2459,64,1,2022-07-01,2022-07-01,2170.06,218.12,1951.94,22648.06
2460,64,2,2022-08-01,2022-08-01,2170.06,200.81,1969.25,20678.81
2461,64,3,2022-09-01,2022-09-04,2170.06,183.35,1986.71,18692.10
2462,64,4,2022-10-01,2022-10-01,2170.06,165.74,2004.32,16687.78
2463,64,5,2022-11-01,2022-11-01,2170.06,147.96,2022.10,14665.68
2464,64,6,2022-12-01,2022-12-01,2170.06,130.04,2040.02,12625.66
2465,64,7,2023-01-01,2023-01-02,2170.06,111.95,2058.11,10567.55
2466,64,8,2023-02-01,2023-02-01,2170.06,93.70,2076.36,8491.19
2467,64,9,2023-03-01,2023-03-01,2170.06,75.29,2094.77,6396.42
2468,64,10,2023-04-01,2023-04-01,2170.06,56.71,2113.35,4283.07
2469,64,11,2023-05-01,2023-05-01,2170.06,37.98,2132.08,2150.99
2470,64,12,2023-06-01,2023-06-01,2170.06,19.07,2150.99,0.00
2471,65,1,2020-02-01,2020-02-01,330.48,101.89,228.59,9671.41
2472,65,2,2020-03-01,2020-03-01,330.48,99.53,230.95,9440.46
2473,65,3,2020-04-01,2020-04-01,330.48,97.16,233.32,9207.14
2474,65,4,2020-05-01,2020-05-01,330.48,94.76,235.72,8971.42
2475,65,5,2020-06-01,2020-06-01,330.48,92.33,238.15,8733.27
2476,65,6,2020-07-01,2020-07-01,330.48,89.88,240.60,8492.67
2477,65,7,2020-08-01,2020-08-01,330.48,87.40,243.08,8249.59
2478,65,8,2020-09-01,2020-09-01,330.48,84.90,245.58,8004.01
2479,65,9,2020-10-01,2020-10-07,330.48,82.37,248.11,7755.90
2480,65,10,2020-11-01,2020-11-01,330.48,79.82,250.66,7505.24
2481,65,11,2020-12-01,2020-12-01,330.48,77.24,253.24,7252.00
2482,65,12,2021-01-01,2021-01-01,330.48,74.64,255.84,6996.16
2483,65,13,2021-02-01,2021-02-01,330.48,72.00,258.48,6737.68
2484,65,14,2021-03-01,2021-03-01,330.48,69.34,261.14,6476.54
2485,65,15,2021-04-01,2021-04-09,330.48,66.65,263.83,6212.71
2486,65,16,2021-05-01,2021-05-01,330.48,63.94,266.54,5946.17
2487,65,17,2021-06-01,2021-06-01,330.48,61.20,269.28,5676.89
2488,65,18,2021-07-01,2021-07-01,330.48,58.42,272.06,5404.83
2489,65,19,2021-08-01,2021-08-01,330.48,55.62,274.86,5129.97
2490,65,20,2021-09-01,2021-09-01,330.48,52.80,277.68,4852.29
2491,65,21,2021-10-01,2021-10-01,330.48,49.94,280.54,4571.75
2492,65,22,2021-11-01,2021-11-04,330.48,47.05,283.43,4288.32
2493,65,23,2021-12-01,2021-12-01,330.48,44.13,286.35,4001.97
2494,65,24,2022-01-01,2022-01-01,330.48,41.19,289.29,3712.68
2495,65,25,2022-02-01,2022-02-01,330.48,38.21,292.27,3420.41
2496,65,26,2022-03-01,2022-03-01,330.48,35.20,295.28,3125.13
2497,65,27,2022-04-01,2022-04-01,330.48,32.16,298.32,2826.81
2498,65,28,2022-05-01,2022-05-01,330.48,29.09,301.39,2525.42
2499,65,29,2022-06-01,2022-06-01,330.48,25.99,304.49,2220.93
2500,65,30,2022-07-01,2022-07-01,330.48,22.86,307.62,1913.31
2501,65,31,2022-08-01,2022-08-08,330.48,19.69,310.79,1602.52
2502,65,32,2022-09-01,2022-09-01,330.48,16.49,313.99,1288.53
2503,65,33,2022-10-01,2022-10-01,330.48,13.26,317.22,971.31
2504,65,34,2022-11-01,2022-11-01,330.48,10.00,320.48,650.83
2505,65,35,2022-12-01,2022-12-02,330.48,6.70,323.78,327.05
2506,65,36,2023-01-01,2023-01-05,330.42,3.37,327.05,0.00
2507,66,1,2024-01-01,2024-01-01,689.63,408.22,281.41,108818.59
2508,66,2,2024-02-01,2024-02-01,689.63,407.16,282.47,108536.12
2509,66,3,2024-03-01,2024-03-01,689.63,406.11,283.52,108252.60
2510,66,4,2024-04-01,2024-04-01,689.63,405.05,284.58,107968.02
2511,66,5,2024-05-01,2024-05-01,689.63,403.98,285.65,107682.37
2512,66,6,2024-06-01,2024-06-01,689.63,402.91,286.72,107395.65
2513,66,7,2024-07-01,2024-07-01,689.63,401.84,287.79,107107.86
2514,66,8,2024-08-01,2024-08-01,689.63,400.76,288.87,106818.99
2515,66,9,2024-09-01,2024-09-01,689.63,399.68,289.95,106529.04
2516,66,10,2024-10-01,2024-10-01,689.63,398.60,291.03,106238.01
2517,66,11,2024-11-01,2024-11-01,689.63,397.51,292.12,105945.89
2518,66,12,2024-12-01,2024-12-01,689.63,396.41,293.22,105652.67
2519,66,13,2025-01-01,2025-01-01,689.63,395.32,294.31,105358.36
2520,66,14,2025-02-01,2025-02-01,689.63,394.22,295.41,105062.95
2521,66,15,2025-03-01,2025-03-01,689.63,393.11,296.52,104766.43
2522,66,16,2025-04-01,2025-04-10,689.63,392.00,297.63,104468.80
2523,66,17,2025-05-01,2025-05-01,689.63,390.89,298.74,104170.06
2524,66,18,2025-06-01,2025-06-01,689.63,389.77,299.86,103870.20
2525,67,1,2024-04-01,2024-04-12,179.40,63.03,116.37,12083.63
2526,67,2,2024-05-01,2024-05-01,179.40,62.43,116.97,11966.66
2527,67,3,2024-06-01,2024-06-01,179.40,61.83,117.57,11849.09
2528,67,4,2024-07-01,2024-07-01,179.40,61.22,118.18,11730.91
2529,67,5,2024-08-01,2024-08-01,179.40,60.61,118.79,11612.12
2530,67,6,2024-09-01,2024-09-01,179.40,60.00,119.40,11492.72
2531,67,7,2024-10-01,2024-10-01,179.40,59.38,120.02,11372.70
2532,67,8,2024-11-01,2024-11-01,179.40,58.76,120.64,11252.06
2533,67,9,2024-12-01,2024-12-01,179.40,58.14,121.26,11130.80
2534,67,10,2025-01-01,2025-01-01,179.40,57.51,121.89,11008.91
2535,67,11,2025-02-01,2025-02-01,179.40,56.88,122.52,10886.39
2536,67,12,2025-03-01,2025-03-01,179.40,56.25,123.15,10763.24
2537,67,13,2025-04-01,2025-04-01,179.40,55.61,123.79,10639.45
2538,67,14,2025-05-01,2025-05-01,179.40,54.97,124.43,10515.02
2539,67,15,2025-06-01,2025-06-01,179.40,54.33,125.07,10389.95
2540,68,1,2023-06-01,2023-06-01,836.47,270.82,565.65,40834.35
2541,68,2,2023-07-01,2023-07-01,836.47,267.12,569.35,40265.00
2542,68,3,2023-08-01,2023-08-01,836.47,263.40,573.07,39691.93
2543,68,4,2023-09-01,2023-09-04,836.47,259.65,576.82,39115.11
2544,68,5,2023-10-01,2023-10-01,836.47,255.88,580.59,38534.52
2545,68,6,2023-11-01,2023-11-01,836.47,252.08,584.39,37950.13
2546,68,7,2023-12-01,2023-12-01,836.47,248.26,588.21,37361.92
2547,68,8,2024-01-01,2024-01-01,836.47,244.41,592.06,36769.86
2548,68,9,2024-02-01,2024-02-12,836.47,240.54,595.93,36173.93
2549,68,10,2024-03-01,2024-03-01,836.47,236.64,599.83,35574.10
2550,68,11,2024-04-01,2024-04-01,836.47,232.71,603.76,34970.34
2551,68,12,2024-05-01,2024-05-01,836.47,228.76,607.71,34362.63
2552,68,13,2024-06-01,2024-06-01,836.47,224.79,611.68,33750.95
2553,68,14,2024-07-01,2024-07-01,836.47,220.79,615.68,33135.27
2554,68,15,2024-08-01,2024-08-01,836.47,216.76,619.71,32515.56
2555,68,16,2024-09-01,2024-09-01,836.47,212.71,623.76,31891.80
2556,68,17,2024-10-01,2024-10-01,836.47,208.63,627.84,31263.96
2557,68,18,2024-11-01,2024-11-01,836.47,204.52,631.95,30632.01
2558,68,19,2024-12-01,2024-12-02,836.47,200.38,636.09,29995.92
2559,68,20,2025-01-01,2025-01-01,836.47,196.22,640.25,29355.67
2560,68,21,2025-02-01,2025-02-01,836.47,192.04,644.43,28711.24
2561,68,22,2025-03-01,2025-03-01,836.47,187.82,648.65,28062.59
2562,68,23,2025-04-01,2025-04-06,836.47,183.58,652.89,27409.70
2563,68,24,2025-05-01,2025-05-01,836.47,179.31,657.16,26752.54
2564,68,25,2025-06-01,2025-06-01,836.47,175.01,661.46,26091.08
2565,69,1,2021-05-01,2021-05-01,239.69,42.86,196.83,5003.17
2566,69,2,2021-06-01,2021-06-01,239.69,41.23,198.46,4804.71
2567,69,3,2021-07-01,2021-07-01,239.69,39.60,200.09,4604.62
2568,69,4,2021-08-01,2021-08-01,239.69,37.95,201.74,4402.88
2569,69,5,2021-09-01,2021-09-01,239.69,36.29,203.40,4199.48
2570,69,6,2021-10-01,2021-10-06,239.69,34.61,205.08,3994.40
2571,69,7,2021-11-01,2021-11-01,239.69,32.92,206.77,3787.63
2572,69,8,2021-12-01,2021-12-01,239.69,31.22,208.47,3579.16
2573,69,9,2022-01-01,2022-01-01,239.69,29.50,210.19,3368.97
2574,69,10,2022-02-01,2022-02-01,239.69,27.77,211.92,3157.05
2575,69,11,2022-03-01,2022-03-01,239.69,26.02,213.67,2943.38
2576,69,12,2022-04-01,2022-04-01,239.69,24.26,215.43,2727.95
2577,69,13,2022-05-01,2022-05-01,239.69,22.48,217.21,2510.74
2578,69,14,2022-06-01,2022-06-01,239.69,20.69,219.00,2291.74
2579,69,15,2022-07-01,2022-07-01,239.69,18.89,220.80,2070.94
2580,69,16,2022-08-01,2022-08-01,239.69,17.07,222.62,1848.32
2581,69,17,2022-09-01,2022-09-01,239.69,15.23,224.46,1623.86
2582,69,18,2022-10-01,2022-10-01,239.69,13.38,226.31,1397.55
2583,69,19,2022-11-01,2022-11-01,239.69,11.52,228.17,1169.38
2584,69,20,2022-12-01,2022-12-01,239.69,9.64,230.05,939.33
2585,69,21,2023-01-01,2023-01-01,239.69,7.74,231.95,707.38
2586,69,22,2023-02-01,2023-02-01,239.69,5.83,233.86,473.52
2587,69,23,2023-03-01,2023-03-01,239.69,3.90,235.79,237.73
2588,69,24,2023-04-01,2023-04-01,239.69,1.96,237.73,0.00
2589,70,1,2021-10-01,2021-10-01,789.03,320.83,468.20,43631.80
2590,70,2,2021-11-01,2021-11-01,789.03,317.42,471.61,43160.19
2591,70,3,2021-12-01,2021-12-01,789.03,313.99,475.04,42685.15
2592,70,4,2022-01-01,2022-01-01,789.03,310.53,478.50,42206.65
2593,70,5,2022-02-01,2022-02-01,789.03,307.05,481.98,41724.67
2594,70,6,2022-03-01,2022-03-01,789.03,303.55,485.48,41239.19
2595,70,7,2022-04-01,2022-04-01,789.03,300.02,489.01,40750.18
2596,70,8,2022-05-01,2022-05-01,789.03,296.46,492.57,40257.61
2597,70,9,2022-06-01,2022-06-01,789.03,292.87,496.16,39761.45
2598,70,10,2022-07-01,2022-07-01,789.03,289.26,499.77,39261.68
2599,70,11,2022-08-01,2022-08-01,789.03,285.63,503.40,38758.28
2600,70,12,2022-09-01,2022-09-01,789.03,281.97,507.06,38251.22
2601,70,13,2022-10-01,2022-10-01,789.03,278.28,510.75,37740.47
2602,70,14,2022-11-01,2022-11-01,789.03,274.56,514.47,37226.00
2603,70,15,2022-12-01,2022-12-12,789.03,270.82,518.21,36707.79
2604,70,16,2023-01-01,2023-01-01,789.03,267.05,521.98,36185.81
2605,70,17,2023-02-01,2023-02-01,789.03,263.25,525.78,35660.03
2606,70,18,2023-03-01,2023-03-01,789.03,259.43,529.60,35130.43
2607,70,19,2023-04-01,2023-04-01,789.03,255.57,533.46,34596.97
2608,70,20,2023-05-01,2023-05-01,789.03,251.69,537.34,34059.63
2609,70,21,2023-06-01,2023-06-01,789.03,247.78,541.25,33518.38
2610,70,22,2023-07-01,2023-07-01,789.03,243.85,545.18,32973.20
2611,70,23,2023-08-01,2023-08-01,789.03,239.88,549.15,32424.05
2612,70,24,2023-09-01,2023-09-01,789.03,235.88,553.15,31870.90
2613,70,25,2023-10-01,2023-10-01,789.03,231.86,557.17,31313.73
2614,70,26,2023-11-01,2023-11-01,789.03,227.81,561.22,30752.51
2615,70,27,2023-12-01,2023-12-01,789.03,223.72,565.31,30187.20
2616,70,28,2024-01-01,2024-01-01,789.03,219.61,569.42,29617.78
2617,70,29,2024-02-01,2024-02-01,789.03,215.47,573.56,29044.22
2618,70,30,2024-03-01,2024-03-01,789.03,211.30,577.73,28466.49
2619,70,31,2024-04-01,2024-04-01,789.03,207.09,581.94,27884.55
2620,70,32,2024-05-01,2024-05-01,789.03,202.86,586.17,27298.38
2621,70,33,2024-06-01,2024-06-01,789.03,198.60,590.43,26707.95
2622,70,34,2024-07-01,2024-07-01,789.03,194.30,594.73,26113.22
2623,70,35,2024-08-01,2024-08-01,789.03,189.97,599.06,25514.16
2624,70,36,2024-09-01,2024-09-01,789.03,185.62,603.41,24910.75
2625,70,37,2024-10-01,2024-10-01,789.03,181.23,607.80,24302.95
2626,70,38,2024-11-01,2024-11-01,789.03,176.80,612.23,23690.72
2627,70,39,2024-12-01,2024-12-01,789.03,172.35,616.68,23074.04
2628,70,40,2025-01-01,2025-01-01,789.03,167.86,621.17,22452.87
2629,70,41,2025-02-01,2025-02-01,789.03,163.34,625.69,21827.18
2630,70,42,2025-03-01,2025-03-12,789.03,158.79,630.24,21196.94
2631,70,43,2025-04-01,2025-04-01,789.03,154.21,634.82,20562.12
2632,70,44,2025-05-01,2025-05-06,789.03,149.59,639.44,19922.68
2633,70,45,2025-06-01,2025-06-01,789.03,144.94,644.09,19278.59
2634,71,1,2021-05-01,2021-05-01,1254.39,269.99,984.40,25615.60
2635,71,2,2021-06-01,2021-06-07,1254.39,260.00,994.39,24621.21
2636,71,3,2021-07-01,2021-07-07,1254.39,249.91,1004.48,23616.73
2637,71,4,2021-08-01,2021-08-01,1254.39,239.71,1014.68,22602.05
2638,71,5,2021-09-01,2021-09-09,1254.39,229.41,1024.98,21577.07
2639,71,6,2021-10-01,2021-10-01,1254.39,219.01,1035.38,20541.69
2640,71,7,2021-11-01,2021-11-01,1254.39,208.50,1045.89,19495.80
2641,71,8,2021-12-01,2021-12-01,1254.39,197.88,1056.51,18439.29
2642,71,9,2022-01-01,2022-01-02,1254.39,187.16,1067.23,17372.06
2643,71,10,2022-02-01,2022-02-01,1254.39,176.33,1078.06,16294.00
2644,71,11,2022-03-01,2022-03-01,1254.39,165.38,1089.01,15204.99
2645,71,12,2022-04-01,2022-04-01,1254.39,154.33,1100.06,14104.93
2646,71,13,2022-05-01,2022-05-01,1254.39,143.17,1111.22,12993.71
2647,71,14,2022-06-01,2022-06-01,1254.39,131.89,1122.50,11871.21
2648,71,15,2022-07-01,2022-07-01,1254.39,120.49,1133.90,10737.31
2649,71,16,2022-08-01,2022-08-01,1254.39,108.98,1145.41,9591.90
2650,71,17,2022-09-01,2022-09-01,1254.39,97.36,1157.03,8434.87
2651,71,18,2022-10-01,2022-10-01,1254.39,85.61,1168.78,7266.09
2652,71,19,2022-11-01,2022-11-01,1254.39,73.75,1180.64,6085.45
2653,71,20,2022-12-01,2022-12-01,1254.39,61.77,1192.62,4892.83
2654,71,21,2023-01-01,2023-01-01,1254.39,49.66,1204.73,3688.10
2655,71,22,2023-02-01,2023-02-01,1254.39,37.43,1216.96,2471.14
2656,71,23,2023-03-01,2023-03-01,1254.39,25.08,1229.31,1241.83
2657,71,24,2023-04-01,2023-04-01,1254.43,12.60,1241.83,0.00
2658,72,1,2025-01-01,2025-01-01,692.69,112.29,580.40,22219.60
2659,72,2,2025-02-01,2025-02-01,692.69,109.43,583.26,21636.34
2660,72,3,2025-03-01,2025-03-01,692.69,106.56,586.13,21050.21
2661,72,4,2025-04-01,2025-04-01,692.69,103.67,589.02,20461.19
2662,72,5,2025-05-01,2025-05-13,692.69,100.77,591.92,19869.27
2663,72,6,2025-06-01,2025-06-13,692.69,97.86,594.83,19274.44
2664,73,1,2021-02-01,2021-02-01,1410.84,620.36,790.48,255909.52
2665,73,2,2021-03-01,2021-03-05,1410.84,618.45,792.39,255117.13
2666,73,3,2021-04-01,2021-04-01,1410.84,616.53,794.31,254322.82
2667,73,4,2021-05-01,2021-05-01,1410.84,614.61,796.23,253526.59
2668,73,5,2021-06-01,2021-06-01,1410.84,612.69,798.15,252728.44
2669,73,6,2021-07-01,2021-07-02,1410.84,610.76,800.08,251928.36
2670,73,7,2021-08-01,2021-08-01,1410.84,608.83,802.01,251126.35
2671,73,8,2021-09-01,2021-09-01,1410.84,606.89,803.95,250322.40
2672,73,9,2021-10-01,2021-10-01,1410.84,604.95,805.89,249516.51
2673,73,10,2021-11-01,2021-11-01,1410.84,603.00,807.84,248708.67
2674,73,11,2021-12-01,2021-12-01,1410.84,601.05,809.79,247898.88
2675,73,12,2022-01-01,2022-01-01,1410.84,599.09,811.75,247087.13
2676,73,13,2022-02-01,2022-02-01,1410.84,597.13,813.71,246273.42
2677,73,14,2022-03-01,2022-03-01,1410.84,595.16,815.68,245457.74
2678,73,15,2022-04-01,2022-04-01,1410.84,593.19,817.65,244640.09
2679,73,16,2022-05-01,2022-05-01,1410.84,591.21,819.63,243820.46
2680,73,17,2022-06-01,2022-06-01,1410.84,589.23,821.61,242998.85
2681,73,18,2022-07-01,2022-07-04,1410.84,587.25,823.59,242175.26
2682,73,19,2022-08-01,2022-08-01,1410.84,585.26,825.58,241349.68
2683,73,20,2022-09-01,2022-09-01,1410.84,583.26,827.58,240522.10
2684,73,21,2022-10-01,2022-10-01,1410.84,581.26,829.58,239692.52
2685,73,22,2022-11-01,2022-11-01,1410.84,579.26,831.58,238860.94
2686,73,23,2022-12-01,2022-12-01,1410.84,577.25,833.59,238027.35
2687,73,24,2023-01-01,2023-01-01,1410.84,575.23,835.61,237191.74
2688,73,25,2023-02-01,2023-02-01,1410.84,573.21,837.63,236354.11
2689,73,26,2023-03-01,2023-03-01,1410.84,571.19,839.65,235514.46
2690,73,27,2023-04-01,2023-04-01,1410.84,569.16,841.68,234672.78
2691,73,28,2023-05-01,2023-05-01,1410.84,567.13,843.71,233829.07
2692,73,29,2023-06-01,2023-06-01,1410.84,565.09,845.75,232983.32
2693,73,30,2023-07-01,2023-07-01,1410.84,563.04,847.80,232135.52
2694,73,31,2023-08-01,2023-08-01,1410.84,560.99,849.85,231285.67
2695,73,32,2023-09-01,2023-09-01,1410.84,558.94,851.90,230433.77
2696,73,33,2023-10-01,2023-10-01,1410.84,556.88,853.96,229579.81
2697,73,34,2023-11-01,2023-11-01,1410.84,554.82,856.02,228723.79
2698,73,35,2023-12-01,2023-12-03,1410.84,552.75,858.09,227865.70
2699,73,36,2024-01-01,2024-01-01,1410.84,550.68,860.16,227005.54
2700,73,37,2024-02-01,2024-02-01,1410.84,548.60,862.24,226143.30
2701,73,38,2024-03-01,2024-03-01,1410.84,546.51,864.33,225278.97
2702,73,39,2024-04-01,2024-04-01,1410.84,544.42,866.42,224412.55
2703,73,40,2024-05-01,2024-05-01,1410.84,542.33,868.51,223544.04
2704,73,41,2024-06-01,2024-06-01,1410.84,540.23,870.61,222673.43
2705,73,42,2024-07-01,2024-07-01,1410.84,538.13,872.71,221800.72
2706,73,43,2024-08-01,2024-08-01,1410.84,536.02,874.82,220925.90
2707,73,44,2024-09-01,2024-09-01,1410.84,533.90,876.94,220048.96
2708,73,45,2024-10-01,2024-10-01,1410.84,531.78,879.06,219169.90
2709,73,46,2024-11-01,2024-11-01,1410.84,529.66,881.18,218288.72
2710,73,47,2024-12-01,2024-12-01,1410.84,527.53,883.31,217405.41
2711,73,48,2025-01-01,2025-01-09,1410.84,525.40,885.44,216519.97
2712,73,49,2025-02-01,2025-02-01,1410.84,523.26,887.58,215632.39
2713,73,50,2025-03-01,2025-03-01,1410.84,521.11,889.73,214742.66
2714,73,51,2025-04-01,2025-04-01,1410.84,518.96,891.88,213850.78
2715,73,52,2025-05-01,2025-05-01,1410.84,516.81,894.03,212956.75
2716,73,53,2025-06-01,2025-06-07,1410.84,514.65,896.19,212060.56
2717,74,1,2022-05-01,2022-05-01,650.74,193.06,457.68,38942.32
2718,74,2,2022-06-01,2022-06-01,650.74,190.82,459.92,38482.40
2719,74,3,2022-07-01,2022-07-01,650.74,188.56,462.18,38020.22
2720,74,4,2022-08-01,2022-08-01,650.74,186.30,464.44,37555.78
2721,74,5,2022-09-01,2022-09-01,650.74,184.02,466.72,37089.06
2722,74,6,2022-10-01,2022-10-01,650.74,181.74,469.00,36620.06
2723,74,7,2022-11-01,2022-11-01,650.74,179.44,471.30,36148.76
2724,74,8,2022-12-01,2022-12-01,650.74,177.13,473.61,35675.15
2725,74,9,2023-01-01,2023-01-01,650.74,174.81,475.93,35199.22
2726,74,10,2023-02-01,2023-02-01,650.74,172.48,478.26,34720.96
2727,74,11,2023-03-01,2023-03-01,650.74,170.13,480.61,34240.35
2728,74,12,2023-04-01,2023-04-01,650.74,167.78,482.96,33757.39
2729,74,13,2023-05-01,2023-05-02,650.74,165.41,485.33,33272.06
2730,74,14,2023-06-01,2023-06-01,650.74,163.03,487.71,32784.35
2731,74,15,2023-07-01,2023-07-01,650.74,160.64,490.10,32294.25
2732,74,16,2023-08-01,2023-08-01,650.74,158.24,492.50,31801.75
2733,74,17,2023-09-01,2023-09-01,650.74,155.83,494.91,31306.84
2734,74,18,2023-10-01,2023-10-01,650.74,153.40,497.34,30809.50
2735,74,19,2023-11-01,2023-11-01,650.74,150.97,499.77,30309.73
2736,74,20,2023-12-01,2023-12-01,650.74,148.52,502.22,29807.51
2737,74,21,2024-01-01,2024-01-01,650.74,146.06,504.68,29302.83
2738,74,22,2024-02-01,2024-02-01,650.74,143.58,507.16,28795.67
2739,74,23,2024-03-01,2024-03-01,650.74,141.10,509.64,28286.03
2740,74,24,2024-04-01,2024-04-01,650.74,138.60,512.14,27773.89
2741,74,25,2024-05-01,2024-05-02,650.74,136.09,514.65,27259.24
2742,74,26,2024-06-01,2024-06-01,650.74,133.57,517.17,26742.07
2743,74,27,2024-07-01,2024-07-10,650.74,131.04,519.70,26222.37
2744,74,28,2024-08-01,2024-08-01,650.74,128.49,522.25,25700.12
2745,74,29,2024-09-01,2024-09-10,650.74,125.93,524.81,25175.31
2746,74,30,2024-10-01,2024-10-01,650.74,123.36,527.38,24647.93
2747,74,31,2024-11-01,2024-11-01,650.74,120.77,529.97,24117.96
2748,74,32,2024-12-01,2024-12-01,650.74,118.18,532.56,23585.40
2749,74,33,2025-01-01,2025-01-01,650.74,115.57,535.17,23050.23
2750,74,34,2025-02-01,2025-02-10,650.74,112.95,537.79,22512.44
2751,74,35,2025-03-01,2025-03-01,650.74,110.31,540.43,21972.01
2752,74,36,2025-04-01,2025-04-01,650.74,107.66,543.08,21428.93
2753,74,37,2025-05-01,2025-05-01,650.74,105.00,545.74,20883.19
2754,74,38,2025-06-01,2025-06-01,650.74,102.33,548.41,20334.78
2755,74,39,2025-07-01,2025-07-01,650.74,99.64,551.10,19783.68
2756,74,40,2025-08-01,2025-08-01,650.74,96.94,553.80,19229.88
2757,74,41,2025-09-01,2025-09-01,650.74,94.23,556.51,18673.37
2758,74,42,2025-10-01,2025-10-01,650.74,91.50,559.24,18114.13
2759,74,43,2025-11-01,2025-11-01,650.74,88.76,561.98,17552.15
2760,74,44,2025-12-01,2025-12-01,650.74,86.01,564.73,16987.42
2761,74,45,2026-01-01,2026-01-01,650.74,83.24,567.50,16419.92
2762,74,46,2026-02-01,2026-02-01,650.74,80.46,570.28,15849.64
2763,74,47,2026-03-01,2026-03-01,650.74,77.66,573.08,15276.56
2764,74,48,2026-04-01,2026-04-01,650.74,74.86,575.88,14700.68
2765,74,49,2026-05-01,2026-05-01,650.74,72.03,578.71,14121.97
2766,74,50,2026-06-01,2026-06-01,650.74,69.20,581.54,13540.43
2767,74,51,2026-07-01,2026-07-01,650.74,66.35,584.39,12956.04
2768,74,52,2026-08-01,2026-08-01,650.74,63.48,587.26,12368.78
2769,74,53,2026-09-01,2026-09-01,650.74,60.61,590.13,11778.65
2770,74,54,2026-10-01,2026-10-01,650.74,57.72,593.02,11185.63
2771,74,55,2026-11-01,2026-11-01,650.74,54.81,595.93,10589.70
2772,74,56,2026-12-01,2026-12-01,650.74,51.89,598.85,9990.85
2773,74,57,2027-01-01,2027-01-11,650.74,48.96,601.78,9389.07
2774,74,58,2027-02-01,2027-02-01,650.74,46.01,604.73,8784.34
2775,74,59,2027-03-01,2027-03-01,650.74,43.04,607.70,8176.64
2776,74,60,2027-04-01,2027-04-04,650.74,40.07,610.67,7565.97
2777,74,61,2027-05-01,2027-05-01,650.74,37.07,613.67,6952.30
2778,74,62,2027-06-01,2027-06-01,650.74,34.07,616.67,6335.63
2779,74,63,2027-07-01,2027-07-01,650.74,31.04,619.70,5715.93
2780,74,64,2027-08-01,2027-08-01,650.74,28.01,622.73,5093.20
2781,74,65,2027-09-01,2027-09-04,650.74,24.96,625.78,4467.42
2782,74,66,2027-10-01,2027-10-01,650.74,21.89,628.85,3838.57
2783,74,67,2027-11-01,2027-11-08,650.74,18.81,631.93,3206.64
2784,74,68,2027-12-01,2027-12-01,650.74,15.71,635.03,2571.61
2785,74,69,2028-01-01,2028-01-01,650.74,12.60,638.14,1933.47
2786,74,70,2028-02-01,2028-02-01,650.74,9.47,641.27,1292.20
2787,74,71,2028-03-01,2028-03-01,650.74,6.33,644.41,647.79
2788,74,72,2028-04-01,2028-04-01,650.96,3.17,647.79,0.00
2789,75,1,2022-02-01,2022-02-01,1370.09,312.48,1057.61,42242.39
2790,75,2,2022-03-01,2022-03-10,1370.09,304.85,1065.24,41177.15
2791,75,3,2022-04-01,2022-04-06,1370.09,297.16,1072.93,40104.22
2792,75,4,2022-05-01,2022-05-01,1370.09,289.42,1080.67,39023.55
2793,75,5,2022-06-01,2022-06-01,1370.09,281.62,1088.47,37935.08
2794,75,6,2022-07-01,2022-07-01,1370.09,273.76,1096.33,36838.75
2795,75,7,2022-08-01,2022-08-01,1370.09,265.85,1104.24,35734.51
2796,75,8,2022-09-01,2022-09-01,1370.09,257.88,1112.21,34622.30
2797,75,9,2022-10-01,2022-10-01,1370.09,249.86,1120.23,33502.07
2798,75,10,2022-11-01,2022-11-01,1370.09,241.77,1128.32,32373.75
2799,75,11,2022-12-01,2022-12-01,1370.09,233.63,1136.46,31237.29
2800,75,12,2023-01-01,2023-01-01,1370.09,225.43,1144.66,30092.63
2801,75,13,2023-02-01,2023-02-02,1370.09,217.17,1152.92,28939.71
2802,75,14,2023-03-01,2023-03-01,1370.09,208.85,1161.24,27778.47
2803,75,15,2023-04-01,2023-04-01,1370.09,200.47,1169.62,26608.85
2804,75,16,2023-05-01,2023-05-01,1370.09,192.03,1178.06,25430.79
2805,75,17,2023-06-01,2023-06-01,1370.09,183.53,1186.56,24244.23
2806,75,18,2023-07-01,2023-07-01,1370.09,174.96,1195.13,23049.10
2807,75,19,2023-08-01,2023-08-01,1370.09,166.34,1203.75,21845.35
2808,75,20,2023-09-01,2023-09-01,1370.09,157.65,1212.44,20632.91
2809,75,21,2023-10-01,2023-10-01,1370.09,148.90,1221.19,19411.72
2810,75,22,2023-11-01,2023-11-01,1370.09,140.09,1230.00,18181.72
2811,75,23,2023-12-01,2023-12-01,1370.09,131.21,1238.88,16942.84
2812,75,24,2024-01-01,2024-01-01,1370.09,122.27,1247.82,15695.02
2813,75,25,2024-02-01,2024-02-01,1370.09,113.27,1256.82,14438.20
2814,75,26,2024-03-01,2024-03-01,1370.09,104.20,1265.89,13172.31
2815,75,27,2024-04-01,2024-04-01,1370.09,95.06,1275.03,11897.28
2816,75,28,2024-05-01,2024-05-01,1370.09,85.86,1284.23,10613.05
2817,75,29,2024-06-01,2024-06-01,1370.09,76.59,1293.50,9319.55
2818,75,30,2024-07-01,2024-07-01,1370.09,67.26,1302.83,8016.72
2819,75,31,2024-08-01,2024-08-01,1370.09,57.85,1312.24,6704.48
2820,75,32,2024-09-01,2024-09-01,1370.09,48.38,1321.71,5382.77
2821,75,33,2024-10-01,2024-10-07,1370.09,38.85,1331.24,4051.53
2822,75,34,2024-11-01,2024-11-07,1370.09,29.24,1340.85,2710.68
2823,75,35,2024-12-01,2024-12-08,1370.09,19.56,1350.53,1360.15
2824,75,36,2025-01-01,2025-01-01,1369.97,9.82,1360.15,0.00
2825,76,1,2025-02-01,2025-02-01,1453.01,574.77,878.24,272821.76
2826,76,2,2025-03-01,2025-03-01,1453.01,572.93,880.08,271941.68
2827,76,3,2025-04-01,2025-04-01,1453.01,571.08,881.93,271059.75
2828,76,4,2025-05-01,2025-05-01,1453.01,569.23,883.78,270175.97
2829,76,5,2025-06-01,2025-06-01,1453.01,567.37,885.64,269290.33
2830,77,1,2019-02-01,2019-02-01,559.23,241.49,317.74,102082.26
2831,77,2,2019-03-01,2019-03-01,559.23,240.74,318.49,101763.77
2832,77,3,2019-04-01,2019-04-01,559.23,239.99,319.24,101444.53
2833,77,4,2019-05-01,2019-05-01,559.23,239.24,319.99,101124.54
2834,77,5,2019-06-01,2019-06-01,559.23,238.49,320.74,100803.80
2835,77,6,2019-07-01,2019-07-01,559.23,237.73,321.50,100482.30
2836,77,7,2019-08-01,2019-08-01,559.23,236.97,322.26,100160.04
2837,77,8,2019-09-01,2019-09-03,559.23,236.21,323.02,99837.02
2838,77,9,2019-10-01,2019-10-01,559.23,235.45,323.78,99513.24
2839,77,10,2019-11-01,2019-11-01,559.23,234.69,324.54,99188.70
2840,77,11,2019-12-01,2019-12-01,559.23,233.92,325.31,98863.39
2841,77,12,2020-01-01,2020-01-01,559.23,233.15,326.08,98537.31
2842,77,13,2020-02-01,2020-02-01,559.23,232.38,326.85,98210.46
2843,77,14,2020-03-01,2020-03-01,559.23,231.61,327.62,97882.84
2844,77,15,2020-04-01,2020-04-10,559.23,230.84,328.39,97554.45
2845,77,16,2020-05-01,2020-05-03,559.23,230.07,329.16,97225.29
2846,77,17,2020-06-01,2020-06-05,559.23,229.29,329.94,96895.35
2847,77,18,2020-07-01,2020-07-01,559.23,228.51,330.72,96564.63
2848,77,19,2020-08-01,2020-08-01,559.23,227.73,331.50,96233.13
2849,77,20,2020-09-01,2020-09-01,559.23,226.95,332.28,95900.85
2850,77,21,2020-10-01,2020-10-01,559.23,226.17,333.06,95567.79
2851,77,22,2020-11-01,2020-11-01,559.23,225.38,333.85,95233.94
2852,77,23,2020-12-01,2020-12-01,559.23,224.59,334.64,94899.30
2853,77,24,2021-01-01,2021-01-01,559.23,223.80,335.43,94563.87
2854,77,25,2021-02-01,2021-02-01,559.23,223.01,336.22,94227.65
2855,77,26,2021-03-01,2021-03-01,559.23,222.22,337.01,93890.64
2856,77,27,2021-04-01,2021-04-01,559.23,221.43,337.80,93552.84
2857,77,28,2021-05-01,2021-05-01,559.23,220.63,338.60,93214.24
2858,77,29,2021-06-01,2021-06-01,559.23,219.83,339.40,92874.84
2859,77,30,2021-07-01,2021-07-01,559.23,219.03,340.20,92534.64
2860,77,31,2021-08-01,2021-08-12,559.23,218.23,341.00,92193.64
2861,77,32,2021-09-01,2021-09-01,559.23,217.42,341.81,91851.83
2862,77,33,2021-10-01,2021-10-01,559.23,216.62,342.61,91509.22
2863,77,34,2021-11-01,2021-11-01,559.23,215.81,343.42,91165.80
2864,77,35,2021-12-01,2021-12-01,559.23,215.00,344.23,90821.57
2865,77,36,2022-01-01,2022-01-01,559.23,214.19,345.04,90476.53
2866,77,37,2022-02-01,2022-02-01,559.23,213.37,345.86,90130.67
2867,77,38,2022-03-01,2022-03-01,559.23,212.56,346.67,89784.00
2868,77,39,2022-04-01,2022-04-01,559.23,211.74,347.49,89436.51
2869,77,40,2022-05-01,2022-05-01,559.23,210.92,348.31,89088.20
2870,77,41,2022-06-01,2022-06-01,559.23,210.10,349.13,88739.07
2871,77,42,2022-07-01,2022-07-01,559.23,209.28,349.95,88389.12
2872,77,43,2022-08-01,2022-08-01,559.23,208.45,350.78,88038.34
2873,77,44,2022-09-01,2022-09-01,559.23,207.62,351.61,87686.73
2874,77,45,2022-10-01,2022-10-01,559.23,206.79,352.44,87334.29
2875,77,46,2022-11-01,2022-11-01,559.23,205.96,353.27,86981.02
2876,77,47,2022-12-01,2022-12-01,559.23,205.13,354.10,86626.92
2877,77,48,2023-01-01,2023-01-01,559.23,204.30,354.93,86271.99
2878,77,49,2023-02-01,2023-02-01,559.23,203.46,355.77,85916.22
2879,77,50,2023-03-01,2023-03-01,559.23,202.62,356.61,85559.61
2880,77,51,2023-04-01,2023-04-01,559.23,201.78,357.45,85202.16
2881,77,52,2023-05-01,2023-05-01,559.23,200.94,358.29,84843.87
2882,77,53,2023-06-01,2023-06-01,559.23,200.09,359.14,84484.73
2883,77,54,2023-07-01,2023-07-01,559.23,199.24,359.99,84124.74
2884,77,55,2023-08-01,2023-08-01,559.23,198.39,360.84,83763.90
2885,77,56,2023-09-01,2023-09-01,559.23,197.54,361.69,83402.21
2886,77,57,2023-10-01,2023-10-01,559.23,196.69,362.54,83039.67
2887,77,58,2023-11-01,2023-11-10,559.23,195.84,363.39,82676.28
2888,77,59,2023-12-01,2023-12-01,559.23,194.98,364.25,82312.03
2889,77,60,2024-01-01,2024-01-01,559.23,194.12,365.11,81946.92
2890,77,61,2024-02-01,2024-02-01,559.23,193.26,365.97,81580.95
2891,77,62,2024-03-01,2024-03-06,559.23,192.40,366.83,81214.12
2892,77,63,2024-04-01,2024-04-13,559.23,191.53,367.70,80846.42
2893,77,64,2024-05-01,2024-05-01,559.23,190.66,368.57,80477.85
2894,77,65,2024-06-01,2024-06-01,559.23,189.79,369.44,80108.41
2895,77,66,2024-07-01,2024-07-01,559.23,188.92,370.31,79738.10
2896,77,67,2024-08-01,2024-08-01,559.23,188.05,371.18,79366.92
2897,77,68,2024-09-01,2024-09-01,559.23,187.17,372.06,78994.86
2898,77,69,2024-10-01,2024-10-01,559.23,186.30,372.93,78621.93
2899,77,70,2024-11-01,2024-11-01,559.23,185.42,373.81,78248.12
2900,77,71,2024-12-01,2024-12-01,559.23,184.54,374.69,77873.43
2901,77,72,2025-01-01,2025-01-01,559.23,183.65,375.58,77497.85
2902,77,73,2025-02-01,2025-02-01,559.23,182.77,376.46,77121.39
2903,77,74,2025-03-01,2025-03-01,559.23,181.88,377.35,76744.04
2904,77,75,2025-04-01,2025-04-01,559.23,180.99,378.24,76365.80
2905,77,76,2025-05-01,2025-05-06,559.23,180.10,379.13,75986.67
2906,77,77,2025-06-01,2025-06-01,559.23,179.20,380.03,75606.64
2907,78,1,2019-05-01,2019-05-01,658.60,261.24,397.36,42902.64
2908,78,2,2019-06-01,2019-06-01,658.60,258.85,399.75,42502.89
2909,78,3,2019-07-01,2019-07-01,658.60,256.43,402.17,42100.72
2910,78,4,2019-08-01,2019-08-01,658.60,254.01,404.59,41696.13
2911,78,5,2019-09-01,2019-09-01,658.60,251.57,407.03,41289.10
2912,78,6,2019-10-01,2019-10-01,658.60,249.11,409.49,40879.61
2913,78,7,2019-11-01,2019-11-01,658.60,246.64,411.96,40467.65
2914,78,8,2019-12-01,2019-12-01,658.60,244.15,414.45,40053.20
2915,78,9,2020-01-01,2020-01-01,658.60,241.65,416.95,39636.25
2916,78,10,2020-02-01,2020-02-01,658.60,239.14,419.46,39216.79
2917,78,11,2020-03-01,2020-03-01,658.60,236.61,421.99,38794.80
2918,78,12,2020-04-01,2020-04-10,658.60,234.06,424.54,38370.26
2919,78,13,2020-05-01,2020-05-01,658.60,231.50,427.10,37943.16
2920,78,14,2020-06-01,2020-06-01,658.60,228.92,429.68,37513.48
2921,78,15,2020-07-01,2020-07-01,658.60,226.33,432.27,37081.21
2922,78,16,2020-08-01,2020-08-01,658.60,223.72,434.88,36646.33
2923,78,17,2020-09-01,2020-09-01,658.60,221.10,437.50,36208.83
2924,78,18,2020-10-01,2020-10-01,658.60,218.46,440.14,35768.69
2925,78,19,2020-11-01,2020-11-01,658.60,215.80,442.80,35325.89
2926,78,20,2020-12-01,2020-12-02,658.60,213.13,445.47,34880.42
2927,78,21,2021-01-01,2021-01-01,658.60,210.45,448.15,34432.27
2928,78,22,2021-02-01,2021-02-01,658.60,207.74,450.86,33981.41
2929,78,23,2021-03-01,2021-03-01,658.60,205.02,453.58,33527.83
2930,78,24,2021-04-01,2021-04-01,658.60,202.28,456.32,33071.51
2931,78,25,2021-05-01,2021-05-01,658.60,199.53,459.07,32612.44
2932,78,26,2021-06-01,2021-06-01,658.60,196.76,461.84,32150.60
2933,78,27,2021-07-01,2021-07-01,658.60,193.98,464.62,31685.98
2934,78,28,2021-08-01,2021-08-01,658.60,191.17,467.43,31218.55
2935,78,29,2021-09-01,2021-09-01,658.60,188.35,470.25,30748.30
2936,78,30,2021-10-01,2021-10-01,658.60,185.51,473.09,30275.21
2937,78,31,2021-11-01,2021-11-01,658.60,182.66,475.94,29799.27
2938,78,32,2021-12-01,2021-12-01,658.60,179.79,478.81,29320.46
2939,78,33,2022-01-01,2022-01-01,658.60,176.90,481.70,28838.76
2940,78,34,2022-02-01,2022-02-01,658.60,173.99,484.61,28354.15
2941,78,35,2022-03-01,2022-03-01,658.60,171.07,487.53,27866.62
2942,78,36,2022-04-01,2022-04-01,658.60,168.13,490.47,27376.15
2943,78,37,2022-05-01,2022-05-01,658.60,165.17,493.43,26882.72
2944,78,38,2022-06-01,2022-06-01,658.60,162.19,496.41,26386.31
2945,78,39,2022-07-01,2022-07-01,658.60,159.20,499.40,25886.91
2946,78,40,2022-08-01,2022-08-07,658.60,156.18,502.42,25384.49
2947,78,41,2022-09-01,2022-09-09,658.60,153.15,505.45,24879.04
2948,78,42,2022-10-01,2022-10-01,658.60,150.10,508.50,24370.54
2949,78,43,2022-11-01,2022-11-01,658.60,147.04,511.56,23858.98
2950,78,44,2022-12-01,2022-12-01,658.60,143.95,514.65,23344.33
2951,78,45,2023-01-01,2023-01-01,658.60,140.84,517.76,22826.57
2952,78,46,2023-02-01,2023-02-01,658.60,137.72,520.88,22305.69
2953,78,47,2023-03-01,2023-03-01,658.60,134.58,524.02,21781.67
2954,78,48,2023-04-01,2023-04-01,658.60,131.42,527.18,21254.49
2955,78,49,2023-05-01,2023-05-01,658.60,128.24,530.36,20724.13
2956,78,50,2023-06-01,2023-06-04,658.60,125.04,533.56,20190.57
2957,78,51,2023-07-01,2023-07-01,658.60,121.82,536.78,19653.79
2958,78,52,2023-08-01,2023-08-01,658.60,118.58,540.02,19113.77
2959,78,53,2023-09-01,2023-09-01,658.60,115.32,543.28,18570.49
2960,78,54,2023-10-01,2023-10-02,658.60,112.04,546.56,18023.93
2961,78,55,2023-11-01,2023-11-01,658.60,108.74,549.86,17474.07
2962,78,56,2023-12-01,2023-12-01,658.60,105.43,553.17,16920.90
2963,78,57,2024-01-01,2024-01-01,658.60,102.09,556.51,16364.39
2964,78,58,2024-02-01,2024-02-01,658.60,98.73,559.87,15804.52
2965,78,59,2024-03-01,2024-03-10,658.60,95.35,563.25,15241.27
2966,78,60,2024-04-01,2024-04-01,658.60,91.96,566.64,14674.63
2967,78,61,2024-05-01,2024-05-01,658.60,88.54,570.06,14104.57
2968,78,62,2024-06-01,2024-06-01,658.60,85.10,573.50,13531.07
2969,78,63,2024-07-01,2024-07-03,658.60,81.64,576.96,12954.11
2970,78,64,2024-08-01,2024-08-01,658.60,78.16,580.44,12373.67
2971,78,65,2024-09-01,2024-09-01,658.60,74.65,583.95,11789.72
2972,78,66,2024-10-01,2024-10-01,658.60,71.13,587.47,11202.25
2973,78,67,2024-11-01,2024-11-01,658.60,67.59,591.01,10611.24
2974,78,68,2024-12-01,2024-12-01,658.60,64.02,594.58,10016.66
2975,78,69,2025-01-01,2025-01-01,658.60,60.43,598.17,9418.49
2976,78,70,2025-02-01,2025-02-01,658.60,56.82,601.78,8816.71
2977,78,71,2025-03-01,2025-03-01,658.60,53.19,605.41,8211.30
2978,78,72,2025-04-01,2025-04-01,658.60,49.54,609.06,7602.24
2979,78,73,2025-05-01,2025-05-01,658.60,45.87,612.73,6989.51
2980,78,74,2025-06-01,2025-06-01,658.60,42.17,616.43,6373.08
2981,79,1,2021-02-01,2021-02-13,684.75,286.58,398.17,94601.83
2982,79,2,2021-03-01,2021-03-01,684.75,285.38,399.37,94202.46
2983,79,3,2021-04-01,2021-04-01,684.75,284.18,400.57,93801.89
2984,79,4,2021-05-01,2021-05-01,684.75,282.97,401.78,93400.11
2985,79,5,2021-06-01,2021-06-12,684.75,281.76,402.99,92997.12
2986,79,6,2021-07-01,2021-07-01,684.75,280.54,404.21,92592.91
2987,79,7,2021-08-01,2021-08-01,684.75,279.32,405.43,92187.48
2988,79,8,2021-09-01,2021-09-06,684.75,278.10,406.65,91780.83
2989,79,9,2021-10-01,2021-10-01,684.75,276.87,407.88,91372.95
2990,79,10,2021-11-01,2021-11-01,684.75,275.64,409.11,90963.84
2991,79,11,2021-12-01,2021-12-01,684.75,274.41,410.34,90553.50
2992,79,12,2022-01-01,2022-01-01,684.75,273.17,411.58,90141.92
2993,79,13,2022-02-01,2022-02-01,684.75,271.93,412.82,89729.10
2994,79,14,2022-03-01,2022-03-07,684.75,270.68,414.07,89315.03
2995,79,15,2022-04-01,2022-04-01,684.75,269.43,415.32,88899.71
2996,79,16,2022-05-01,2022-05-01,684.75,268.18,416.57,88483.14
2997,79,17,2022-06-01,2022-06-01,684.75,266.92,417.83,88065.31
2998,79,18,2022-07-01,2022-07-01,684.75,265.66,419.09,87646.22
2999,79,19,2022-08-01,2022-08-01,684.75,264.40,420.35,87225.87
3000,79,20,2022-09-01,2022-09-01,684.75,263.13,421.62,86804.25
