id,ticker,company_name,trade_date,open_price,high_price,low_price,close_price,volume
1,ARCD,Arcadia Telecom,2024-04-22,9.71,9.76,9.70,9.72,212008
2,BLHB,Blue Harbour Naval,2024-04-22,31.78,31.88,31.77,31.83,135351
3,CALDR,Caldera Energía,2024-04-22,18.33,18.43,18.28,18.35,223176
4,LKVW,Lakeview Alimentación,2024-04-22,12.59,12.67,12.55,12.64,211189
5,MRDN,Meridiano Industrial,2024-04-22,42.51,42.77,42.28,42.61,187126
6,NRTH,Northwind Farmacéutica,2024-04-22,87.96,89.56,87.62,88.76,177697
7,OKVL,Oakvale Construcción,2024-04-22,7.45,7.48,7.44,7.47,232256
8,PNFD,Pinefield Logística,2024-04-22,27.47,27.79,26.47,26.87,416384
9,STNB,Stonebridge Seguros,2024-04-22,55.28,57.91,54.04,56.60,533207
10,VGRE,Vega Renovables,2024-04-22,65.27,65.56,64.96,65.44,414305
11,ARCD,Arcadia Telecom,2024-04-23,9.71,9.74,9.59,9.63,225959
12,BLHB,Blue Harbour Naval,2024-04-23,31.62,31.96,30.49,31.00,463805
13,CALDR,Caldera Energía,2024-04-23,18.20,18.27,18.15,18.25,289621
14,LKVW,Lakeview Alimentación,2024-04-23,12.67,12.73,12.61,12.61,152540
15,MRDN,Meridiano Industrial,2024-04-23,42.53,42.62,42.41,42.45,145734
16,NRTH,Northwind Farmacéutica,2024-04-23,88.83,89.56,88.70,89.47,310804
17,OKVL,Oakvale Construcción,2024-04-23,7.45,7.61,7.32,7.60,268548
18,PNFD,Pinefield Logística,2024-04-23,26.69,27.75,25.77,26.34,489048
19,STNB,Stonebridge Seguros,2024-04-23,56.22,58.22,53.24,55.33,304663
20,VGRE,Vega Renovables,2024-04-23,65.93,66.72,61.38,63.46,335919
21,ARCD,Arcadia Telecom,2024-04-24,9.62,9.82,9.51,9.71,235917
22,BLHB,Blue Harbour Naval,2024-04-24,30.93,31.06,29.90,30.16,466782
23,CALDR,Caldera Energía,2024-04-24,18.12,18.71,17.80,18.57,511635
24,LKVW,Lakeview Alimentación,2024-04-24,12.66,12.81,12.16,12.37,344243
25,MRDN,Meridiano Industrial,2024-04-24,42.42,43.15,41.20,41.74,289770
26,NRTH,Northwind Farmacéutica,2024-04-24,89.46,90.13,89.24,90.08,262581
27,OKVL,Oakvale Construcción,2024-04-24,7.58,7.81,7.49,7.67,273273
28,PNFD,Pinefield Logística,2024-04-24,26.25,27.33,25.73,27.07,236637
29,STNB,Stonebridge Seguros,2024-04-24,55.37,57.10,55.33,56.04,412340
30,VGRE,Vega Renovables,2024-04-24,63.00,67.52,57.13,59.34,948597
31,ARCD,Arcadia Telecom,2024-04-25,9.79,9.90,9.71,9.72,210734
32,BLHB,Blue Harbour Naval,2024-04-25,30.02,31.00,29.68,30.86,465893
33,CALDR,Caldera Energía,2024-04-25,18.64,18.93,18.33,18.39,323980
34,LKVW,Lakeview Alimentación,2024-04-25,12.38,12.98,11.94,12.65,606467
35,MRDN,Meridiano Industrial,2024-04-25,41.94,42.04,40.18,41.15,301225
36,NRTH,Northwind Farmacéutica,2024-04-25,90.28,90.83,90.18,90.74,252220
37,OKVL,Oakvale Construcción,2024-04-25,7.68,7.72,7.62,7.64,246711
38,PNFD,Pinefield Logística,2024-04-25,26.75,28.01,26.47,27.45,287239
39,STNB,Stonebridge Seguros,2024-04-25,56.29,56.68,54.95,55.72,190583
40,VGRE,Vega Renovables,2024-04-25,59.85,60.63,58.57,59.41,212830
41,ARCD,Arcadia Telecom,2024-04-26,9.78,9.78,9.64,9.68,288627
42,BLHB,Blue Harbour Naval,2024-04-26,31.04,31.29,30.48,30.67,163696
43,CALDR,Caldera Energía,2024-04-26,18.21,18.35,18.09,18.20,356793
44,LKVW,Lakeview Alimentación,2024-04-26,12.58,12.77,12.28,12.32,311554
45,MRDN,Meridiano Industrial,2024-04-26,40.96,41.12,40.94,41.10,144770
46,NRTH,Northwind Farmacéutica,2024-04-26,90.58,90.61,90.07,90.18,194631
47,OKVL,Oakvale Construcción,2024-04-26,7.59,7.63,7.55,7.60,129821
48,PNFD,Pinefield Logística,2024-04-26,27.31,29.11,26.83,28.26,516106
49,STNB,Stonebridge Seguros,2024-04-26,55.71,56.43,55.61,55.82,224582
50,VGRE,Vega Renovables,2024-04-26,59.22,59.52,58.57,58.73,430027
51,ARCD,Arcadia Telecom,2024-04-29,9.76,9.90,9.51,9.66,197178
52,BLHB,Blue Harbour Naval,2024-04-29,30.57,30.71,30.38,30.41,247289
53,CALDR,Caldera Energía,2024-04-29,18.23,18.38,17.36,17.69,203931
54,LKVW,Lakeview Alimentación,2024-04-29,12.33,12.38,12.06,12.11,382581
55,MRDN,Meridiano Industrial,2024-04-29,40.95,41.23,40.80,40.80,218298
56,NRTH,Northwind Farmacéutica,2024-04-29,89.81,92.02,88.64,90.75,294262
57,OKVL,Oakvale Construcción,2024-04-29,7.57,7.60,7.53,7.54,210850
58,PNFD,Pinefield Logística,2024-04-29,28.13,30.32,26.59,29.60,631706
59,STNB,Stonebridge Seguros,2024-04-29,55.49,56.35,54.12,54.47,558209
60,VGRE,Vega Renovables,2024-04-29,58.07,60.69,56.40,59.89,396908
61,ARCD,Arcadia Telecom,2024-04-30,9.64,9.84,9.62,9.74,283534
62,BLHB,Blue Harbour Naval,2024-04-30,30.49,31.02,29.99,30.76,348335
63,CALDR,Caldera Energía,2024-04-30,17.71,17.93,16.40,16.95,583704
64,LKVW,Lakeview Alimentación,2024-04-30,12.16,12.17,12.00,12.08,256925
65,MRDN,Meridiano Industrial,2024-04-30,40.61,40.63,40.56,40.60,387950
66,NRTH,Northwind Farmacéutica,2024-04-30,90.97,91.69,90.16,91.57,238574
67,OKVL,Oakvale Construcción,2024-04-30,7.58,7.70,7.34,7.37,402371
68,PNFD,Pinefield Logística,2024-04-30,30.07,30.38,29.84,30.03,361353
69,STNB,Stonebridge Seguros,2024-04-30,54.99,55.19,54.46,54.74,202716
70,VGRE,Vega Renovables,2024-04-30,60.04,61.78,57.55,61.77,551326
71,ARCD,Arcadia Telecom,2024-05-01,9.72,9.99,9.63,9.95,380921
72,BLHB,Blue Harbour Naval,2024-05-01,30.78,31.54,30.52,31.19,235800
73,CALDR,Caldera Energía,2024-05-01,16.99,17.11,16.93,17.02,271555
74,LKVW,Lakeview Alimentación,2024-05-01,12.11,12.15,12.10,12.13,249753
75,MRDN,Meridiano Industrial,2024-05-01,40.62,40.90,40.44,40.80,270780
76,NRTH,Northwind Farmacéutica,2024-05-01,91.62,92.21,91.49,91.86,85563
77,OKVL,Oakvale Construcción,2024-05-01,7.37,7.56,7.24,7.44,144533
78,PNFD,Pinefield Logística,2024-05-01,29.79,30.01,29.23,29.32,527250
79,STNB,Stonebridge Seguros,2024-05-01,54.60,54.81,54.19,54.21,133556
80,VGRE,Vega Renovables,2024-05-01,62.36,63.41,59.18,59.85,450973
81,ARCD,Arcadia Telecom,2024-05-02,9.87,10.04,9.76,9.97,219807
82,BLHB,Blue Harbour Naval,2024-05-02,31.41,31.65,31.41,31.49,383601
83,CALDR,Caldera Energía,2024-05-02,17.12,17.40,17.08,17.24,217496
84,LKVW,Lakeview Alimentación,2024-05-02,12.17,12.36,12.06,12.35,330881
85,MRDN,Meridiano Industrial,2024-05-02,40.59,41.10,40.32,40.95,148544
86,NRTH,Northwind Farmacéutica,2024-05-02,91.74,92.15,89.75,90.69,391368
87,OKVL,Oakvale Construcción,2024-05-02,7.47,7.51,7.45,7.48,166485
88,PNFD,Pinefield Logística,2024-05-02,29.78,30.58,28.60,29.03,296732
89,STNB,Stonebridge Seguros,2024-05-02,53.88,54.46,53.77,54.44,165875
90,VGRE,Vega Renovables,2024-05-02,59.35,60.75,56.59,58.05,269143
91,ARCD,Arcadia Telecom,2024-05-03,9.93,9.97,9.88,9.91,283185
92,BLHB,Blue Harbour Naval,2024-05-03,31.63,32.33,31.20,31.96,322190
93,CALDR,Caldera Energía,2024-05-03,17.19,17.95,17.00,17.70,359307
94,LKVW,Lakeview Alimentación,2024-05-03,12.39,12.51,12.03,12.20,362938
95,MRDN,Meridiano Industrial,2024-05-03,40.93,41.42,39.84,40.35,444664
96,NRTH,Northwind Farmacéutica,2024-05-03,91.11,91.31,89.49,89.71,250431
97,OKVL,Oakvale Construcción,2024-05-03,7.48,7.68,7.45,7.58,459391
98,PNFD,Pinefield Logística,2024-05-03,29.26,30.07,28.01,28.02,458672
99,STNB,Stonebridge Seguros,2024-05-03,54.00,55.37,53.50,54.97,159839
100,VGRE,Vega Renovables,2024-05-03,57.33,58.17,56.92,57.95,249938
101,ARCD,Arcadia Telecom,2024-05-06,9.92,9.93,9.83,9.90,106523
102,BLHB,Blue Harbour Naval,2024-05-06,31.87,32.72,31.01,32.71,660604
103,CALDR,Caldera Energía,2024-05-06,17.62,17.69,17.35,17.42,438723
104,LKVW,Lakeview Alimentación,2024-05-06,12.17,12.23,12.09,12.15,246688
105,MRDN,Meridiano Industrial,2024-05-06,40.33,40.34,39.95,40.11,286708
106,NRTH,Northwind Farmacéutica,2024-05-06,89.51,89.90,88.42,88.99,257693
107,OKVL,Oakvale Construcción,2024-05-06,7.60,7.68,7.56,7.63,273314
108,PNFD,Pinefield Logística,2024-05-06,27.98,28.40,27.47,28.34,294772
109,STNB,Stonebridge Seguros,2024-05-06,54.48,56.14,53.78,55.24,180399
110,VGRE,Vega Renovables,2024-05-06,58.63,61.85,57.91,60.77,450358
111,ARCD,Arcadia Telecom,2024-05-07,9.88,9.93,9.60,9.80,158624
112,BLHB,Blue Harbour Naval,2024-05-07,32.91,33.21,32.72,32.76,204086
113,CALDR,Caldera Energía,2024-05-07,17.36,17.68,16.54,16.98,471481
114,LKVW,Lakeview Alimentación,2024-05-07,12.11,12.34,11.99,12.22,180372
115,MRDN,Meridiano Industrial,2024-05-07,40.03,40.37,39.47,39.70,369929
116,NRTH,Northwind Farmacéutica,2024-05-07,89.34,90.38,88.67,88.89,197646
117,OKVL,Oakvale Construcción,2024-05-07,7.63,8.02,7.58,7.83,180215
118,PNFD,Pinefield Logística,2024-05-07,28.25,29.31,27.61,28.71,313734
119,STNB,Stonebridge Seguros,2024-05-07,55.17,55.40,54.92,55.27,95330
120,VGRE,Vega Renovables,2024-05-07,61.48,61.85,59.30,59.44,429729
121,ARCD,Arcadia Telecom,2024-05-08,9.82,10.00,9.72,9.88,211325
122,BLHB,Blue Harbour Naval,2024-05-08,32.68,32.80,32.49,32.51,296369
123,CALDR,Caldera Energía,2024-05-08,16.95,17.21,16.92,17.07,250441
124,LKVW,Lakeview Alimentación,2024-05-08,12.23,12.35,11.46,11.84,587142
125,MRDN,Meridiano Industrial,2024-05-08,39.68,40.15,38.38,38.94,442074
126,NRTH,Northwind Farmacéutica,2024-05-08,89.00,89.98,88.00,88.59,255673
127,OKVL,Oakvale Construcción,2024-05-08,7.83,7.84,7.72,7.78,276807
128,PNFD,Pinefield Logística,2024-05-08,29.00,29.95,26.77,27.26,402137
129,STNB,Stonebridge Seguros,2024-05-08,55.47,55.83,54.75,55.10,223266
130,VGRE,Vega Renovables,2024-05-08,59.28,59.51,57.37,57.49,657639
131,ARCD,Arcadia Telecom,2024-05-09,9.88,10.04,9.51,9.65,395993
132,BLHB,Blue Harbour Naval,2024-05-09,32.32,32.65,32.17,32.62,194790
133,CALDR,Caldera Energía,2024-05-09,17.40,17.70,16.20,16.59,504271
134,LKVW,Lakeview Alimentación,2024-05-09,11.84,11.90,11.80,11.85,99111
135,MRDN,Meridiano Industrial,2024-05-09,39.08,39.66,38.44,38.76,248273
136,NRTH,Northwind Farmacéutica,2024-05-09,88.64,91.05,87.28,89.92,339567
137,OKVL,Oakvale Construcción,2024-05-09,7.77,7.80,7.71,7.72,87117
138,PNFD,Pinefield Logística,2024-05-09,27.31,27.61,27.10,27.14,204489
139,STNB,Stonebridge Seguros,2024-05-09,55.16,55.64,54.67,54.74,212231
140,VGRE,Vega Renovables,2024-05-09,57.15,62.07,54.54,59.52,486546
141,ARCD,Arcadia Telecom,2024-05-10,9.57,9.63,9.49,9.51,305191
142,BLHB,Blue Harbour Naval,2024-05-10,32.65,32.67,32.17,32.28,245846
143,CALDR,Caldera Energía,2024-05-10,16.61,16.63,16.58,16.62,195792
144,LKVW,Lakeview Alimentación,2024-05-10,11.90,12.01,11.85,11.87,143003
145,MRDN,Meridiano Industrial,2024-05-10,38.38,39.31,38.20,38.73,243255
146,NRTH,Northwind Farmacéutica,2024-05-10,90.08,90.55,89.49,89.79,200802
147,OKVL,Oakvale Construcción,2024-05-10,7.78,7.87,7.68,7.84,393809
148,PNFD,Pinefield Logística,2024-05-10,27.39,27.65,26.38,26.65,441977
149,STNB,Stonebridge Seguros,2024-05-10,54.53,56.57,52.30,52.76,459897
150,VGRE,Vega Renovables,2024-05-10,59.75,63.87,57.78,61.96,127933
151,ARCD,Arcadia Telecom,2024-05-13,9.53,9.61,9.33,9.45,193269
152,BLHB,Blue Harbour Naval,2024-05-13,32.45,33.59,30.76,31.89,306169
153,CALDR,Caldera Energía,2024-05-13,16.41,16.49,16.40,16.45,392210
154,LKVW,Lakeview Alimentación,2024-05-13,11.92,11.98,11.86,11.94,306607
155,MRDN,Meridiano Industrial,2024-05-13,38.69,38.80,38.02,38.34,287326
156,NRTH,Northwind Farmacéutica,2024-05-13,89.93,90.46,89.84,90.12,204957
157,OKVL,Oakvale Construcción,2024-05-13,7.82,7.89,7.73,7.77,289310
158,PNFD,Pinefield Logística,2024-05-13,26.47,26.61,25.87,26.55,150787
159,STNB,Stonebridge Seguros,2024-05-13,52.85,53.83,50.21,51.61,441368
160,VGRE,Vega Renovables,2024-05-13,61.39,64.18,59.17,63.76,480060
161,ARCD,Arcadia Telecom,2024-05-14,9.47,9.49,9.06,9.32,344308
162,BLHB,Blue Harbour Naval,2024-05-14,31.97,32.03,31.76,31.95,211012
163,CALDR,Caldera Energía,2024-05-14,16.49,16.65,16.09,16.27,275850
164,LKVW,Lakeview Alimentación,2024-05-14,11.86,12.21,11.76,12.06,247521
165,MRDN,Meridiano Industrial,2024-05-14,38.38,38.73,37.59,38.00,302974
166,NRTH,Northwind Farmacéutica,2024-05-14,89.75,90.41,89.14,90.38,226556
167,OKVL,Oakvale Construcción,2024-05-14,7.70,7.94,7.58,7.84,216253
168,PNFD,Pinefield Logística,2024-05-14,26.52,26.77,26.06,26.30,237733
169,STNB,Stonebridge Seguros,2024-05-14,51.57,52.04,50.15,50.68,351439
170,VGRE,Vega Renovables,2024-05-14,63.78,65.59,63.18,64.54,142712
171,ARCD,Arcadia Telecom,2024-05-15,9.39,9.48,9.26,9.35,210284
172,BLHB,Blue Harbour Naval,2024-05-15,31.92,32.46,31.03,31.50,289233
173,CALDR,Caldera Energía,2024-05-15,16.29,16.54,16.08,16.12,279002
174,LKVW,Lakeview Alimentación,2024-05-15,12.07,12.08,12.04,12.05,338990
175,MRDN,Meridiano Industrial,2024-05-15,37.87,38.05,37.81,37.98,104425
176,NRTH,Northwind Farmacéutica,2024-05-15,90.28,91.78,88.84,91.40,432996
177,OKVL,Oakvale Construcción,2024-05-15,7.90,8.10,7.67,7.72,265407
178,PNFD,Pinefield Logística,2024-05-15,26.52,26.59,26.32,26.47,327845
179,STNB,Stonebridge Seguros,2024-05-15,50.68,50.74,47.91,49.26,377991
180,VGRE,Vega Renovables,2024-05-15,64.49,66.15,63.03,65.63,404834
181,ARCD,Arcadia Telecom,2024-05-16,9.37,9.47,9.27,9.31,218269
182,BLHB,Blue Harbour Naval,2024-05-16,31.43,31.93,29.82,30.38,753456
183,CALDR,Caldera Energía,2024-05-16,15.99,16.00,15.46,15.69,367150
184,LKVW,Lakeview Alimentación,2024-05-16,12.09,12.10,12.03,12.05,261342
185,MRDN,Meridiano Industrial,2024-05-16,38.04,38.31,37.85,38.19,230803
186,NRTH,Northwind Farmacéutica,2024-05-16,91.36,92.19,89.60,90.45,309495
187,OKVL,Oakvale Construcción,2024-05-16,7.73,7.81,7.64,7.65,314142
188,PNFD,Pinefield Logística,2024-05-16,26.36,26.77,25.15,25.64,531226
189,STNB,Stonebridge Seguros,2024-05-16,49.84,49.92,49.40,49.70,373794
190,VGRE,Vega Renovables,2024-05-16,66.26,66.48,61.50,64.13,360188
191,ARCD,Arcadia Telecom,2024-05-17,9.28,9.35,9.21,9.33,232079
192,BLHB,Blue Harbour Naval,2024-05-17,30.33,30.57,30.00,30.54,116004
193,CALDR,Caldera Energía,2024-05-17,15.65,15.74,15.60,15.65,197010
194,LKVW,Lakeview Alimentación,2024-05-17,11.98,12.07,11.79,11.87,166034
195,MRDN,Meridiano Industrial,2024-05-17,37.99,38.48,37.66,38.33,151299
196,NRTH,Northwind Farmacéutica,2024-05-17,91.03,92.33,89.03,90.04,198629
197,OKVL,Oakvale Construcción,2024-05-17,7.70,7.70,7.62,7.66,104665
198,PNFD,Pinefield Logística,2024-05-17,25.85,26.26,25.84,26.02,223458
199,STNB,Stonebridge Seguros,2024-05-17,49.82,52.60,48.25,51.35,664333
200,VGRE,Vega Renovables,2024-05-17,64.84,66.29,62.42,63.35,303011
201,ARCD,Arcadia Telecom,2024-05-20,9.37,9.37,9.35,9.36,159783
202,BLHB,Blue Harbour Naval,2024-05-20,30.28,30.98,29.91,30.72,164624
203,CALDR,Caldera Energía,2024-05-20,15.73,15.77,15.40,15.53,150784
204,LKVW,Lakeview Alimentación,2024-05-20,11.89,11.94,11.85,11.86,194175
205,MRDN,Meridiano Industrial,2024-05-20,38.19,39.01,36.81,37.65,346473
206,NRTH,Northwind Farmacéutica,2024-05-20,89.52,90.93,89.40,90.44,173630
207,OKVL,Oakvale Construcción,2024-05-20,7.66,7.76,7.57,7.74,265123
208,PNFD,Pinefield Logística,2024-05-20,26.00,27.61,25.51,26.84,483513
209,STNB,Stonebridge Seguros,2024-05-20,51.51,53.31,48.96,50.11,302721
210,VGRE,Vega Renovables,2024-05-20,63.26,63.48,62.71,63.12,331611
211,ARCD,Arcadia Telecom,2024-05-21,9.34,9.34,9.27,9.32,185718
212,BLHB,Blue Harbour Naval,2024-05-21,30.66,31.26,30.63,31.12,396643
213,CALDR,Caldera Energía,2024-05-21,15.70,16.02,14.80,15.10,408863
214,LKVW,Lakeview Alimentación,2024-05-21,11.79,11.80,11.79,11.79,387235
215,MRDN,Meridiano Industrial,2024-05-21,37.83,38.23,37.10,37.39,259782
216,NRTH,Northwind Farmacéutica,2024-05-21,90.24,90.65,90.23,90.35,142336
217,OKVL,Oakvale Construcción,2024-05-21,7.72,7.79,7.49,7.50,452536
218,PNFD,Pinefield Logística,2024-05-21,26.81,27.07,26.75,26.84,186895
219,STNB,Stonebridge Seguros,2024-05-21,49.93,50.07,49.66,49.72,200077
220,VGRE,Vega Renovables,2024-05-21,63.85,67.40,59.65,61.66,550509
221,ARCD,Arcadia Telecom,2024-05-22,9.32,9.38,8.97,9.15,431456
222,BLHB,Blue Harbour Naval,2024-05-22,31.17,31.54,30.98,31.39,390524
223,CALDR,Caldera Energía,2024-05-22,15.10,15.58,14.67,14.81,303653
224,LKVW,Lakeview Alimentación,2024-05-22,11.83,12.12,11.82,12.02,393770
225,MRDN,Meridiano Industrial,2024-05-22,37.47,37.76,37.20,37.59,233635
226,NRTH,Northwind Farmacéutica,2024-05-22,90.58,90.67,90.16,90.42,271772
227,OKVL,Oakvale Construcción,2024-05-22,7.48,7.48,7.46,7.48,3948
228,PNFD,Pinefield Logística,2024-05-22,26.57,27.92,25.47,27.63,383322
229,STNB,Stonebridge Seguros,2024-05-22,49.53,49.83,49.37,49.81,215558
230,VGRE,Vega Renovables,2024-05-22,61.28,67.24,58.61,64.54,673695
231,ARCD,Arcadia Telecom,2024-05-23,9.09,9.13,9.09,9.10,160581
232,BLHB,Blue Harbour Naval,2024-05-23,31.75,32.00,31.70,31.96,126100
233,CALDR,Caldera Energía,2024-05-23,14.73,15.15,14.36,14.39,532695
234,LKVW,Lakeview Alimentación,2024-05-23,11.97,12.06,11.83,12.06,223580
235,MRDN,Meridiano Industrial,2024-05-23,37.51,37.94,37.18,37.72,313338
236,NRTH,Northwind Farmacéutica,2024-05-23,90.34,91.36,89.67,91.22,237814
237,OKVL,Oakvale Construcción,2024-05-23,7.51,7.52,7.50,7.51,342122
238,PNFD,Pinefield Logística,2024-05-23,27.21,27.82,26.82,27.68,183528
239,STNB,Stonebridge Seguros,2024-05-23,49.92,50.38,49.11,49.34,378360
240,VGRE,Vega Renovables,2024-05-23,66.24,66.65,66.10,66.62,663532
241,ARCD,Arcadia Telecom,2024-05-24,9.06,9.17,8.99,9.15,268323
242,BLHB,Blue Harbour Naval,2024-05-24,32.06,32.49,32.03,32.40,437574
243,CALDR,Caldera Energía,2024-05-24,14.42,14.51,13.76,14.22,297460
244,LKVW,Lakeview Alimentación,2024-05-24,12.07,12.22,11.94,11.95,70299
245,MRDN,Meridiano Industrial,2024-05-24,37.99,38.15,37.42,37.58,147676
246,NRTH,Northwind Farmacéutica,2024-05-24,91.53,93.21,91.31,92.89,348479
247,OKVL,Oakvale Construcción,2024-05-24,7.54,7.55,7.44,7.50,254117
248,PNFD,Pinefield Logística,2024-05-24,27.56,27.68,27.41,27.47,154375
249,STNB,Stonebridge Seguros,2024-05-24,49.34,49.37,48.69,48.90,266056
250,VGRE,Vega Renovables,2024-05-24,66.49,67.03,66.07,66.94,205843
251,ARCD,Arcadia Telecom,2024-05-27,9.20,9.42,9.07,9.28,320946
252,BLHB,Blue Harbour Naval,2024-05-27,32.36,33.23,31.39,31.75,340844
253,CALDR,Caldera Energía,2024-05-27,14.11,14.78,14.00,14.61,623542
254,LKVW,Lakeview Alimentación,2024-05-27,11.86,11.89,11.78,11.82,188465
255,MRDN,Meridiano Industrial,2024-05-27,37.62,38.81,37.00,38.28,361234
256,NRTH,Northwind Farmacéutica,2024-05-27,92.44,93.91,92.12,93.75,199142
257,OKVL,Oakvale Construcción,2024-05-27,7.49,7.62,7.48,7.58,187807
258,PNFD,Pinefield Logística,2024-05-27,27.76,28.27,26.63,27.17,321187
259,STNB,Stonebridge Seguros,2024-05-27,48.93,49.56,48.85,49.30,197506
260,VGRE,Vega Renovables,2024-05-27,66.77,69.86,65.13,69.17,586272
261,ARCD,Arcadia Telecom,2024-05-28,9.32,9.34,9.07,9.16,270773
262,BLHB,Blue Harbour Naval,2024-05-28,31.89,32.33,31.41,31.84,128780
263,CALDR,Caldera Energía,2024-05-28,14.57,14.65,13.83,14.30,335276
264,LKVW,Lakeview Alimentación,2024-05-28,11.85,11.96,11.67,11.76,177806
265,MRDN,Meridiano Industrial,2024-05-28,38.13,39.04,37.86,38.60,283310
266,NRTH,Northwind Farmacéutica,2024-05-28,93.82,95.13,91.85,92.16,276445
267,OKVL,Oakvale Construcción,2024-05-28,7.54,7.60,7.48,7.59,186199
268,PNFD,Pinefield Logística,2024-05-28,27.58,29.45,27.42,29.25,460113
269,STNB,Stonebridge Seguros,2024-05-28,49.57,49.77,48.46,48.87,196316
270,VGRE,Vega Renovables,2024-05-28,69.61,70.82,69.46,69.70,163125
271,ARCD,Arcadia Telecom,2024-05-29,9.21,9.30,8.95,9.10,231697
272,BLHB,Blue Harbour Naval,2024-05-29,31.81,31.89,31.07,31.37,273346
273,CALDR,Caldera Energía,2024-05-29,14.26,14.26,14.08,14.17,275965
274,LKVW,Lakeview Alimentación,2024-05-29,11.78,11.88,11.67,11.85,226203
275,MRDN,Meridiano Industrial,2024-05-29,38.52,39.49,37.97,39.12,363634
276,NRTH,Northwind Farmacéutica,2024-05-29,91.96,94.72,90.84,93.38,132292
277,OKVL,Oakvale Construcción,2024-05-29,7.59,7.72,7.41,7.51,322139
278,PNFD,Pinefield Logística,2024-05-29,29.34,29.41,29.04,29.30,265150
279,STNB,Stonebridge Seguros,2024-05-29,48.55,50.44,48.34,49.47,255044
280,VGRE,Vega Renovables,2024-05-29,70.34,70.51,69.48,69.95,240801
281,ARCD,Arcadia Telecom,2024-05-30,9.23,9.36,9.20,9.32,397545
282,BLHB,Blue Harbour Naval,2024-05-30,31.51,32.05,31.03,31.24,229543
283,CALDR,Caldera Energía,2024-05-30,14.16,14.29,13.79,13.97,365324
284,LKVW,Lakeview Alimentación,2024-05-30,11.97,12.07,11.97,12.01,293540
285,MRDN,Meridiano Industrial,2024-05-30,39.05,39.26,38.82,38.92,340064
286,NRTH,Northwind Farmacéutica,2024-05-30,93.47,94.64,91.33,92.28,233921
287,OKVL,Oakvale Construcción,2024-05-30,7.51,7.66,7.43,7.61,243202
288,PNFD,Pinefield Logística,2024-05-30,29.11,29.92,28.60,28.88,296504
289,STNB,Stonebridge Seguros,2024-05-30,49.82,50.21,49.29,49.39,154467
290,VGRE,Vega Renovables,2024-05-30,70.44,70.74,69.65,70.24,61381
291,ARCD,Arcadia Telecom,2024-05-31,9.33,9.53,9.33,9.42,306853
292,BLHB,Blue Harbour Naval,2024-05-31,31.16,31.65,31.14,31.42,332135
293,CALDR,Caldera Energía,2024-05-31,13.89,14.10,13.78,13.92,171181
294,LKVW,Lakeview Alimentación,2024-05-31,11.94,12.06,11.80,12.05,136411
295,MRDN,Meridiano Industrial,2024-05-31,39.09,39.24,37.50,38.31,462642
296,NRTH,Northwind Farmacéutica,2024-05-31,92.76,93.42,91.97,93.03,214995
297,OKVL,Oakvale Construcción,2024-05-31,7.61,7.64,7.60,7.63,233213
298,PNFD,Pinefield Logística,2024-05-31,28.90,29.06,28.71,28.92,114598
299,STNB,Stonebridge Seguros,2024-05-31,49.25,49.55,49.04,49.34,109895
300,VGRE,Vega Renovables,2024-05-31,70.10,71.85,69.70,71.35,112417
301,ARCD,Arcadia Telecom,2024-06-03,9.47,9.51,9.47,9.50,258441
302,BLHB,Blue Harbour Naval,2024-06-03,31.42,31.50,30.95,31.17,245364
303,CALDR,Caldera Energía,2024-06-03,13.90,14.48,13.55,14.26,247315
304,LKVW,Lakeview Alimentación,2024-06-03,11.98,12.03,11.89,11.93,256852
305,MRDN,Meridiano Industrial,2024-06-03,38.38,38.58,38.24,38.29,152779
306,NRTH,Northwind Farmacéutica,2024-06-03,93.36,94.84,91.67,92.80,184827
307,OKVL,Oakvale Construcción,2024-06-03,7.57,7.69,7.55,7.63,191159
308,PNFD,Pinefield Logística,2024-06-03,28.98,29.12,28.80,28.94,228655
309,STNB,Stonebridge Seguros,2024-06-03,49.30,49.31,49.23,49.29,185677
310,VGRE,Vega Renovables,2024-06-03,71.76,77.45,67.42,74.76,669414
311,ARCD,Arcadia Telecom,2024-06-04,9.58,9.59,9.25,9.42,172020
312,BLHB,Blue Harbour Naval,2024-06-04,31.31,32.01,30.27,31.74,419113
313,CALDR,Caldera Energía,2024-06-04,14.13,14.32,14.12,14.21,159705
314,LKVW,Lakeview Alimentación,2024-06-04,11.93,12.13,11.81,12.08,312043
315,MRDN,Meridiano Industrial,2024-06-04,38.16,38.39,37.71,38.04,158277
316,NRTH,Northwind Farmacéutica,2024-06-04,92.76,92.82,91.81,92.22,150551
317,OKVL,Oakvale Construcción,2024-06-04,7.59,8.03,7.54,7.81,199043
318,PNFD,Pinefield Logística,2024-06-04,28.87,29.13,27.88,28.27,477704
319,STNB,Stonebridge Seguros,2024-06-04,49.11,50.30,47.10,47.81,486312
320,VGRE,Vega Renovables,2024-06-04,75.12,75.46,75.04,75.11,375286
321,ARCD,Arcadia Telecom,2024-06-05,9.39,9.54,9.34,9.52,239765
322,BLHB,Blue Harbour Naval,2024-06-05,31.60,31.74,31.35,31.40,323582
323,CALDR,Caldera Energía,2024-06-05,14.16,14.19,14.09,14.12,301722
324,LKVW,Lakeview Alimentación,2024-06-05,11.99,12.35,11.84,12.18,411891
325,MRDN,Meridiano Industrial,2024-06-05,38.16,38.26,38.01,38.10,222459
326,NRTH,Northwind Farmacéutica,2024-06-05,92.18,94.14,90.94,93.26,419012
327,OKVL,Oakvale Construcción,2024-06-05,7.81,7.96,7.65,7.69,214133
328,PNFD,Pinefield Logística,2024-06-05,28.83,29.84,28.40,29.48,659251
329,STNB,Stonebridge Seguros,2024-06-05,47.86,48.01,47.24,47.83,229110
330,VGRE,Vega Renovables,2024-06-05,75.52,75.84,75.46,75.76,169995
331,ARCD,Arcadia Telecom,2024-06-06,9.57,9.75,9.37,9.37,326747
332,BLHB,Blue Harbour Naval,2024-06-06,31.17,31.99,30.71,31.58,317770
333,CALDR,Caldera Energía,2024-06-06,14.01,14.51,13.85,14.32,397377
334,LKVW,Lakeview Alimentación,2024-06-06,12.06,12.08,12.06,12.08,296189
335,MRDN,Meridiano Industrial,2024-06-06,38.07,38.40,37.49,37.85,272841
336,NRTH,Northwind Farmacéutica,2024-06-06,93.56,93.77,93.30,93.73,192835
337,OKVL,Oakvale Construcción,2024-06-06,7.66,8.05,7.57,7.81,302603
338,PNFD,Pinefield Logística,2024-06-06,29.52,30.10,29.09,29.86,183409
339,STNB,Stonebridge Seguros,2024-06-06,47.34,48.60,47.10,48.54,208224
340,VGRE,Vega Renovables,2024-06-06,76.53,80.58,73.74,79.33,754775
341,ARCD,Arcadia Telecom,2024-06-07,9.33,9.38,8.79,9.07,363831
342,BLHB,Blue Harbour Naval,2024-06-07,31.49,32.85,31.27,32.26,270708
343,CALDR,Caldera Energía,2024-06-07,14.24,14.46,14.13,14.34,231912
344,LKVW,Lakeview Alimentación,2024-06-07,12.05,12.07,11.99,12.03,224548
345,MRDN,Meridiano Industrial,2024-06-07,37.98,38.83,37.65,38.32,184312
346,NRTH,Northwind Farmacéutica,2024-06-07,93.72,93.75,93.15,93.43,269945
347,OKVL,Oakvale Construcción,2024-06-07,7.76,7.79,7.61,7.70,275605
348,PNFD,Pinefield Logística,2024-06-07,29.57,32.73,29.30,31.02,703486
349,STNB,Stonebridge Seguros,2024-06-07,48.73,49.53,46.42,47.58,305196
350,VGRE,Vega Renovables,2024-06-07,79.10,85.80,76.18,82.15,542460
351,ARCD,Arcadia Telecom,2024-06-10,9.13,9.19,8.89,8.99,265609
352,BLHB,Blue Harbour Naval,2024-06-10,32.13,32.89,32.00,32.36,149760
353,CALDR,Caldera Energía,2024-06-10,14.26,14.27,14.12,14.16,344637
354,LKVW,Lakeview Alimentación,2024-06-10,12.01,12.13,12.01,12.07,176672
355,MRDN,Meridiano Industrial,2024-06-10,38.50,39.01,38.16,38.88,205552
356,NRTH,Northwind Farmacéutica,2024-06-10,92.68,95.33,92.61,94.17,89689
357,OKVL,Oakvale Construcción,2024-06-10,7.67,7.82,7.66,7.82,242345
358,PNFD,Pinefield Logística,2024-06-10,31.29,31.64,30.87,31.40,280286
359,STNB,Stonebridge Seguros,2024-06-10,47.79,48.07,47.33,47.57,203851
360,VGRE,Vega Renovables,2024-06-10,82.12,85.35,80.00,84.56,219709
361,ARCD,Arcadia Telecom,2024-06-11,8.98,9.07,8.83,8.90,306962
362,BLHB,Blue Harbour Naval,2024-06-11,32.51,32.62,30.84,31.74,322327
363,CALDR,Caldera Energía,2024-06-11,14.14,14.62,13.77,14.53,360518
364,LKVW,Lakeview Alimentación,2024-06-11,12.08,12.19,12.05,12.19,226486
365,MRDN,Meridiano Industrial,2024-06-11,39.11,39.76,38.70,38.83,239178
366,NRTH,Northwind Farmacéutica,2024-06-11,93.93,94.92,93.17,94.18,104091
367,OKVL,Oakvale Construcción,2024-06-11,7.83,7.88,7.70,7.76,181558
368,PNFD,Pinefield Logística,2024-06-11,30.93,32.63,30.86,32.00,374215
369,STNB,Stonebridge Seguros,2024-06-11,47.35,47.81,46.59,46.92,185434
370,VGRE,Vega Renovables,2024-06-11,85.45,86.97,84.68,85.85,269508
371,ARCD,Arcadia Telecom,2024-06-12,8.90,8.96,8.58,8.73,268972
372,BLHB,Blue Harbour Naval,2024-06-12,31.55,31.99,31.53,31.79,262853
373,CALDR,Caldera Energía,2024-06-12,14.39,14.79,14.32,14.72,366352
374,LKVW,Lakeview Alimentación,2024-06-12,12.13,12.24,11.99,12.04,427491
375,MRDN,Meridiano Industrial,2024-06-12,39.16,39.29,38.97,39.05,139631
376,NRTH,Northwind Farmacéutica,2024-06-12,93.67,95.13,93.59,94.25,202654
377,OKVL,Oakvale Construcción,2024-06-12,7.78,7.80,7.71,7.74,187210
378,PNFD,Pinefield Logística,2024-06-12,31.97,33.70,30.84,32.90,566852
379,STNB,Stonebridge Seguros,2024-06-12,46.77,47.07,45.34,45.80,587780
380,VGRE,Vega Renovables,2024-06-12,85.43,85.65,85.29,85.45,218400
381,ARCD,Arcadia Telecom,2024-06-13,8.77,8.85,8.73,8.82,50447
382,BLHB,Blue Harbour Naval,2024-06-13,31.81,31.83,31.81,31.82,166056
383,CALDR,Caldera Energía,2024-06-13,14.61,14.92,13.52,14.00,677780
384,LKVW,Lakeview Alimentación,2024-06-13,11.95,12.00,11.85,11.90,458057
385,MRDN,Meridiano Industrial,2024-06-13,39.00,39.25,37.78,38.15,337753
386,NRTH,Northwind Farmacéutica,2024-06-13,94.20,96.78,92.92,95.47,425182
387,OKVL,Oakvale Construcción,2024-06-13,7.73,7.90,7.37,7.55,277263
388,PNFD,Pinefield Logística,2024-06-13,32.66,34.27,32.45,34.20,534524
389,STNB,Stonebridge Seguros,2024-06-13,45.99,46.49,44.76,45.50,172378
390,VGRE,Vega Renovables,2024-06-13,85.21,88.22,83.94,86.51,244422
391,ARCD,Arcadia Telecom,2024-06-14,8.81,8.97,8.66,8.89,110750
392,BLHB,Blue Harbour Naval,2024-06-14,31.75,31.91,30.98,31.01,387702
393,CALDR,Caldera Energía,2024-06-14,14.01,14.43,13.66,13.85,161322
394,LKVW,Lakeview Alimentación,2024-06-14,11.95,12.20,11.70,12.16,348811
395,MRDN,Meridiano Industrial,2024-06-14,38.28,38.49,37.84,37.97,210760
396,NRTH,Northwind Farmacéutica,2024-06-14,96.24,96.46,94.98,95.92,294882
397,OKVL,Oakvale Construcción,2024-06-14,7.54,7.66,7.46,7.65,324347
398,PNFD,Pinefield Logística,2024-06-14,33.98,35.88,33.05,35.66,1162464
399,STNB,Stonebridge Seguros,2024-06-14,45.63,46.66,44.62,46.63,520204
400,VGRE,Vega Renovables,2024-06-14,86.63,88.46,81.62,83.60,642068
401,ARCD,Arcadia Telecom,2024-06-17,8.84,8.87,8.78,8.87,213207
402,BLHB,Blue Harbour Naval,2024-06-17,31.01,31.12,30.78,31.01,177491
403,CALDR,Caldera Energía,2024-06-17,13.76,13.89,13.61,13.65,317077
404,LKVW,Lakeview Alimentación,2024-06-17,12.21,12.32,12.13,12.17,156534
405,MRDN,Meridiano Industrial,2024-06-17,37.90,37.95,37.90,37.93,279973
406,NRTH,Northwind Farmacéutica,2024-06-17,95.63,96.37,93.71,94.60,421140
407,OKVL,Oakvale Construcción,2024-06-17,7.61,7.90,7.47,7.77,420530
408,PNFD,Pinefield Logística,2024-06-17,36.23,36.52,35.87,35.94,238746
409,STNB,Stonebridge Seguros,2024-06-17,46.51,48.14,43.54,45.26,226447
410,VGRE,Vega Renovables,2024-06-17,82.62,90.05,81.17,86.22,650255
411,ARCD,Arcadia Telecom,2024-06-18,8.92,9.13,8.69,8.84,122004
412,BLHB,Blue Harbour Naval,2024-06-18,31.06,31.28,30.16,30.62,346132
413,CALDR,Caldera Energía,2024-06-18,13.76,13.89,13.58,13.61,150055
414,LKVW,Lakeview Alimentación,2024-06-18,12.12,12.18,12.09,12.12,172731
415,MRDN,Meridiano Industrial,2024-06-18,37.92,37.93,37.66,37.82,170740
416,NRTH,Northwind Farmacéutica,2024-06-18,94.48,97.09,93.58,95.85,297754
417,OKVL,Oakvale Construcción,2024-06-18,7.82,8.04,7.64,7.94,436685
418,PNFD,Pinefield Logística,2024-06-18,35.97,37.82,35.51,36.63,488822
419,STNB,Stonebridge Seguros,2024-06-18,45.23,45.30,45.18,45.21,91332
420,VGRE,Vega Renovables,2024-06-18,86.31,86.92,82.95,84.72,271256
421,ARCD,Arcadia Telecom,2024-06-19,8.80,9.04,8.72,8.93,208524
422,BLHB,Blue Harbour Naval,2024-06-19,30.67,31.40,29.68,30.25,176203
423,CALDR,Caldera Energía,2024-06-19,13.54,13.64,13.32,13.42,244057
424,LKVW,Lakeview Alimentación,2024-06-19,12.09,12.16,12.03,12.07,153845
425,MRDN,Meridiano Industrial,2024-06-19,37.78,38.75,37.58,38.18,362782
426,NRTH,Northwind Farmacéutica,2024-06-19,96.12,96.73,95.85,96.54,270538
427,OKVL,Oakvale Construcción,2024-06-19,7.93,8.05,7.88,8.01,148911
428,PNFD,Pinefield Logística,2024-06-19,36.57,36.63,36.50,36.59,287960
429,STNB,Stonebridge Seguros,2024-06-19,45.17,45.71,44.72,45.61,200171
430,VGRE,Vega Renovables,2024-06-19,84.17,86.25,80.48,81.22,692700
431,ARCD,Arcadia Telecom,2024-06-20,8.94,8.94,8.94,8.94,303205
432,BLHB,Blue Harbour Naval,2024-06-20,30.18,30.72,29.49,29.52,452891
433,CALDR,Caldera Energía,2024-06-20,13.35,13.95,13.29,13.72,336147
434,LKVW,Lakeview Alimentación,2024-06-20,12.06,12.18,11.96,12.17,266028
435,MRDN,Meridiano Industrial,2024-06-20,38.18,38.40,37.87,38.11,285615
436,NRTH,Northwind Farmacéutica,2024-06-20,96.70,97.10,96.43,96.97,332917
437,OKVL,Oakvale Construcción,2024-06-20,8.01,8.01,8.01,8.01,168754
438,PNFD,Pinefield Logística,2024-06-20,37.11,37.89,36.34,37.40,434847
439,STNB,Stonebridge Seguros,2024-06-20,45.42,47.09,44.75,46.19,391544
440,VGRE,Vega Renovables,2024-06-20,81.88,83.51,78.95,80.31,235047
441,ARCD,Arcadia Telecom,2024-06-21,8.90,8.95,8.70,8.81,365301
442,BLHB,Blue Harbour Naval,2024-06-21,29.39,30.32,28.91,29.86,475425
443,CALDR,Caldera Energía,2024-06-21,13.60,13.80,13.53,13.69,173769
444,LKVW,Lakeview Alimentación,2024-06-21,12.15,12.31,12.12,12.24,167990
445,MRDN,Meridiano Industrial,2024-06-21,38.06,38.17,37.92,38.00,253837
446,NRTH,Northwind Farmacéutica,2024-06-21,97.09,97.70,95.67,96.02,288816
447,OKVL,Oakvale Construcción,2024-06-21,7.99,8.26,7.79,8.09,102227
448,PNFD,Pinefield Logística,2024-06-21,36.98,38.58,36.70,38.52,586739
449,STNB,Stonebridge Seguros,2024-06-21,46.14,46.64,45.26,45.64,305827
450,VGRE,Vega Renovables,2024-06-21,79.96,84.44,78.91,82.08,439797
451,ARCD,Arcadia Telecom,2024-06-24,8.88,8.95,8.75,8.81,142930
452,BLHB,Blue Harbour Naval,2024-06-24,29.70,31.00,29.28,30.27,323198
453,CALDR,Caldera Energía,2024-06-24,13.67,14.11,13.64,14.02,359543
454,LKVW,Lakeview Alimentación,2024-06-24,12.26,12.44,11.97,12.09,307129
455,MRDN,Meridiano Industrial,2024-06-24,37.94,37.96,37.68,37.88,330183
456,NRTH,Northwind Farmacéutica,2024-06-24,95.96,99.05,95.68,98.55,564017
457,OKVL,Oakvale Construcción,2024-06-24,8.09,8.29,8.01,8.21,266538
458,PNFD,Pinefield Logística,2024-06-24,38.61,39.87,36.25,37.45,578339
459,STNB,Stonebridge Seguros,2024-06-24,45.79,46.15,45.26,45.53,225145
460,VGRE,Vega Renovables,2024-06-24,83.31,83.43,82.77,83.10,175977
461,ARCD,Arcadia Telecom,2024-06-25,8.82,8.83,8.65,8.76,282870
462,BLHB,Blue Harbour Naval,2024-06-25,30.23,30.36,29.92,30.31,181162
463,CALDR,Caldera Energía,2024-06-25,14.17,14.20,13.63,14.00,137120
464,LKVW,Lakeview Alimentación,2024-06-25,12.09,12.09,12.07,12.09,226827
465,MRDN,Meridiano Industrial,2024-06-25,38.11,38.14,38.09,38.12,220475
466,NRTH,Northwind Farmacéutica,2024-06-25,97.39,101.33,94.83,100.06,347636
467,OKVL,Oakvale Construcción,2024-06-25,8.23,8.29,8.19,8.28,173324
468,PNFD,Pinefield Logística,2024-06-25,37.85,38.22,37.21,38.11,178009
469,STNB,Stonebridge Seguros,2024-06-25,45.45,45.65,44.99,45.17,124658
470,VGRE,Vega Renovables,2024-06-25,82.11,84.30,81.65,84.08,250257
471,ARCD,Arcadia Telecom,2024-06-26,8.78,8.87,8.19,8.54,252629
472,BLHB,Blue Harbour Naval,2024-06-26,30.32,30.79,30.29,30.70,144917
473,CALDR,Caldera Energía,2024-06-26,14.04,14.34,13.43,13.79,353739
474,LKVW,Lakeview Alimentación,2024-06-26,12.06,12.26,12.05,12.22,254575
475,MRDN,Meridiano Industrial,2024-06-26,38.19,38.24,37.64,37.65,197911
476,NRTH,Northwind Farmacéutica,2024-06-26,99.67,100.08,98.20,99.07,308923
477,OKVL,Oakvale Construcción,2024-06-26,8.26,8.42,8.12,8.39,356356
478,PNFD,Pinefield Logística,2024-06-26,38.49,39.50,36.20,37.31,426010
479,STNB,Stonebridge Seguros,2024-06-26,45.16,45.24,45.03,45.17,92799
480,VGRE,Vega Renovables,2024-06-26,84.51,87.65,81.71,87.15,704795
481,ARCD,Arcadia Telecom,2024-06-27,8.56,8.56,8.56,8.56,184255
482,BLHB,Blue Harbour Naval,2024-06-27,30.53,32.72,30.43,31.75,353344
483,CALDR,Caldera Energía,2024-06-27,13.84,13.89,13.84,13.88,227116
484,LKVW,Lakeview Alimentación,2024-06-27,12.30,12.51,11.86,12.08,221370
485,MRDN,Meridiano Industrial,2024-06-27,37.80,38.02,37.72,37.99,188714
486,NRTH,Northwind Farmacéutica,2024-06-27,99.09,99.68,98.43,98.87,207172
487,OKVL,Oakvale Construcción,2024-06-27,8.40,8.41,8.38,8.40,257987
488,PNFD,Pinefield Logística,2024-06-27,37.88,37.94,37.15,37.71,298890
489,STNB,Stonebridge Seguros,2024-06-27,45.10,46.25,43.63,44.35,193300
490,VGRE,Vega Renovables,2024-06-27,87.61,90.31,86.12,89.16,226657
491,ARCD,Arcadia Telecom,2024-06-28,8.55,8.59,8.14,8.34,238004
492,BLHB,Blue Harbour Naval,2024-06-28,31.72,31.87,31.15,31.37,351409
493,CALDR,Caldera Energía,2024-06-28,13.99,14.19,13.51,13.78,126196
494,LKVW,Lakeview Alimentación,2024-06-28,12.10,12.27,11.73,11.94,267567
495,MRDN,Meridiano Industrial,2024-06-28,38.12,38.39,37.99,38.23,353002
496,NRTH,Northwind Farmacéutica,2024-06-28,98.80,100.06,98.69,99.15,321682
497,OKVL,Oakvale Construcción,2024-06-28,8.40,8.45,8.39,8.42,89043
498,PNFD,Pinefield Logística,2024-06-28,37.73,38.31,36.79,37.13,267937
499,STNB,Stonebridge Seguros,2024-06-28,43.99,44.93,42.75,43.51,238157
500,VGRE,Vega Renovables,2024-06-28,87.29,88.13,86.78,87.88,428357
501,ARCD,Arcadia Telecom,2024-07-01,8.31,8.55,8.18,8.40,162562
502,BLHB,Blue Harbour Naval,2024-07-01,31.69,32.07,30.88,31.21,284459
503,CALDR,Caldera Energía,2024-07-01,13.74,14.15,12.89,13.29,480810
504,LKVW,Lakeview Alimentación,2024-07-01,11.98,12.02,11.97,11.99,104395
505,MRDN,Meridiano Industrial,2024-07-01,38.11,38.52,37.56,37.85,192774
506,NRTH,Northwind Farmacéutica,2024-07-01,99.16,99.99,98.87,99.43,218316
507,OKVL,Oakvale Construcción,2024-07-01,8.42,8.61,8.38,8.55,261550
508,PNFD,Pinefield Logística,2024-07-01,36.93,38.32,36.19,37.52,322132
509,STNB,Stonebridge Seguros,2024-07-01,43.74,43.92,43.11,43.24,286711
510,VGRE,Vega Renovables,2024-07-01,87.75,89.83,84.39,86.23,362931
511,ARCD,Arcadia Telecom,2024-07-02,8.46,8.58,8.32,8.40,272278
512,BLHB,Blue Harbour Naval,2024-07-02,31.31,31.39,30.80,31.35,230677
513,CALDR,Caldera Energía,2024-07-02,13.24,13.37,13.17,13.32,235119
514,LKVW,Lakeview Alimentación,2024-07-02,11.95,12.13,11.77,12.09,160051
515,MRDN,Meridiano Industrial,2024-07-02,37.76,37.77,37.26,37.29,426127
516,NRTH,Northwind Farmacéutica,2024-07-02,99.23,99.93,98.20,99.82,282655
517,OKVL,Oakvale Construcción,2024-07-02,8.59,8.64,8.36,8.49,309972
518,PNFD,Pinefield Logística,2024-07-02,37.53,38.00,35.76,36.51,344111
519,STNB,Stonebridge Seguros,2024-07-02,43.32,43.76,42.61,42.93,190640
520,VGRE,Vega Renovables,2024-07-02,85.69,86.45,85.08,86.07,160518
521,ARCD,Arcadia Telecom,2024-07-03,8.42,8.87,8.34,8.67,338683
522,BLHB,Blue Harbour Naval,2024-07-03,31.35,31.90,31.19,31.71,210765
523,CALDR,Caldera Energía,2024-07-03,13.29,13.33,13.24,13.30,235070
524,LKVW,Lakeview Alimentación,2024-07-03,12.14,12.31,11.90,12.04,282650
525,MRDN,Meridiano Industrial,2024-07-03,37.63,37.66,37.57,37.63,332880
526,NRTH,Northwind Farmacéutica,2024-07-03,100.36,100.40,99.05,99.86,177125
527,OKVL,Oakvale Construcción,2024-07-03,8.52,8.57,8.47,8.55,245840
528,PNFD,Pinefield Logística,2024-07-03,36.50,36.80,35.59,35.93,399982
529,STNB,Stonebridge Seguros,2024-07-03,42.82,43.05,42.77,43.05,239497
530,VGRE,Vega Renovables,2024-07-03,86.37,89.58,81.70,83.49,389169
531,ARCD,Arcadia Telecom,2024-07-04,8.66,8.88,8.46,8.87,462220
532,BLHB,Blue Harbour Naval,2024-07-04,31.71,31.84,31.51,31.61,178938
533,CALDR,Caldera Energía,2024-07-04,13.28,13.30,13.05,13.21,205876
534,LKVW,Lakeview Alimentación,2024-07-04,12.08,12.11,11.77,11.93,183883
535,MRDN,Meridiano Industrial,2024-07-04,37.72,37.73,37.03,37.48,100115
536,NRTH,Northwind Farmacéutica,2024-07-04,99.58,102.97,97.70,101.43,383821
537,OKVL,Oakvale Construcción,2024-07-04,8.52,8.78,8.32,8.70,486850
538,PNFD,Pinefield Logística,2024-07-04,35.66,36.51,35.36,36.19,246469
539,STNB,Stonebridge Seguros,2024-07-04,43.18,43.66,43.04,43.53,366233
540,VGRE,Vega Renovables,2024-07-04,82.04,85.45,77.98,78.83,586303
541,ARCD,Arcadia Telecom,2024-07-05,8.89,8.99,8.67,8.75,172133
542,BLHB,Blue Harbour Naval,2024-07-05,31.62,31.86,31.34,31.45,170101
543,CALDR,Caldera Energía,2024-07-05,13.18,13.23,13.11,13.14,125734
544,LKVW,Lakeview Alimentación,2024-07-05,11.89,12.13,11.84,12.01,207992
545,MRDN,Meridiano Industrial,2024-07-05,37.65,37.77,37.59,37.71,252243
546,NRTH,Northwind Farmacéutica,2024-07-05,101.21,103.24,100.99,102.82,327558
547,OKVL,Oakvale Construcción,2024-07-05,8.75,8.89,8.63,8.67,168642
548,PNFD,Pinefield Logística,2024-07-05,36.02,36.14,35.51,35.73,388186
549,STNB,Stonebridge Seguros,2024-07-05,43.55,43.86,42.90,43.18,191589
550,VGRE,Vega Renovables,2024-07-05,79.72,80.21,78.77,79.21,71245
551,ARCD,Arcadia Telecom,2024-07-08,8.71,8.73,8.68,8.70,369252
552,BLHB,Blue Harbour Naval,2024-07-08,31.45,31.79,30.67,30.84,494554
553,CALDR,Caldera Energía,2024-07-08,13.16,13.39,12.76,12.90,267548
554,LKVW,Lakeview Alimentación,2024-07-08,12.04,12.29,12.02,12.10,239682
555,MRDN,Meridiano Industrial,2024-07-08,37.72,37.96,36.80,37.23,347158
556,NRTH,Northwind Farmacéutica,2024-07-08,103.35,105.97,101.76,104.88,265408
557,OKVL,Oakvale Construcción,2024-07-08,8.70,9.01,8.54,8.87,500558
558,PNFD,Pinefield Logística,2024-07-08,35.43,36.82,34.99,36.42,379999
559,STNB,Stonebridge Seguros,2024-07-08,43.36,43.73,42.57,42.91,92305
560,VGRE,Vega Renovables,2024-07-08,78.72,83.14,75.47,81.16,286191
561,ARCD,Arcadia Telecom,2024-07-09,8.72,8.92,8.49,8.50,292442
562,BLHB,Blue Harbour Naval,2024-07-09,30.91,30.91,30.23,30.66,240149
563,CALDR,Caldera Energía,2024-07-09,12.90,12.99,12.37,12.65,308885
564,LKVW,Lakeview Alimentación,2024-07-09,12.04,12.09,12.01,12.04,281827
565,MRDN,Meridiano Industrial,2024-07-09,36.99,37.45,36.96,37.23,128406
566,NRTH,Northwind Farmacéutica,2024-07-09,105.19,109.87,102.84,107.42,493533
567,OKVL,Oakvale Construcción,2024-07-09,8.84,8.91,8.80,8.88,88016
568,PNFD,Pinefield Logística,2024-07-09,36.66,36.97,36.37,36.84,284704
569,STNB,Stonebridge Seguros,2024-07-09,42.87,43.21,42.54,43.03,32273
570,VGRE,Vega Renovables,2024-07-09,81.64,81.96,79.79,80.64,146713
571,ARCD,Arcadia Telecom,2024-07-10,8.54,8.55,8.33,8.44,148959
572,BLHB,Blue Harbour Naval,2024-07-10,30.58,30.92,30.47,30.76,216817
573,CALDR,Caldera Energía,2024-07-10,12.57,12.65,12.53,12.59,306998
574,LKVW,Lakeview Alimentación,2024-07-10,11.97,12.14,11.92,12.10,176336
575,MRDN,Meridiano Industrial,2024-07-10,37.23,37.67,36.09,36.75,207247
576,NRTH,Northwind Farmacéutica,2024-07-10,106.83,109.50,106.39,107.87,227149
577,OKVL,Oakvale Construcción,2024-07-10,8.86,8.98,8.47,8.69,416732
578,PNFD,Pinefield Logística,2024-07-10,36.61,38.93,33.73,34.97,403382
579,STNB,Stonebridge Seguros,2024-07-10,43.04,44.54,41.56,41.62,320681
580,VGRE,Vega Renovables,2024-07-10,80.17,84.75,78.08,82.56,476326
581,ARCD,Arcadia Telecom,2024-07-11,8.44,8.48,8.05,8.23,381273
582,BLHB,Blue Harbour Naval,2024-07-11,30.73,31.07,30.62,30.94,212354
583,CALDR,Caldera Energía,2024-07-11,12.55,12.56,12.34,12.44,223540
584,LKVW,Lakeview Alimentación,2024-07-11,12.08,12.10,12.03,12.04,202395
585,MRDN,Meridiano Industrial,2024-07-11,36.69,37.89,36.21,37.33,411618
586,NRTH,Northwind Farmacéutica,2024-07-11,107.90,110.15,106.41,109.43,128228
587,OKVL,Oakvale Construcción,2024-07-11,8.76,9.06,8.69,8.94,448796
588,PNFD,Pinefield Logística,2024-07-11,34.73,37.70,33.39,36.12,441227
589,STNB,Stonebridge Seguros,2024-07-11,41.60,42.98,40.55,42.05,307756
590,VGRE,Vega Renovables,2024-07-11,81.85,82.44,80.72,81.57,312351
591,ARCD,Arcadia Telecom,2024-07-12,8.21,8.28,7.78,7.98,449631
592,BLHB,Blue Harbour Naval,2024-07-12,30.78,31.03,30.46,30.49,243740
593,CALDR,Caldera Energía,2024-07-12,12.48,12.93,12.39,12.74,417773
594,LKVW,Lakeview Alimentación,2024-07-12,12.02,12.24,11.91,12.16,113136
595,MRDN,Meridiano Industrial,2024-07-12,37.42,38.12,37.32,37.77,168109
596,NRTH,Northwind Farmacéutica,2024-07-12,109.38,109.87,109.28,109.61,75093
597,OKVL,Oakvale Construcción,2024-07-12,8.94,9.00,8.83,8.90,286826
598,PNFD,Pinefield Logística,2024-07-12,35.57,37.10,35.11,36.44,265750
599,STNB,Stonebridge Seguros,2024-07-12,41.85,41.94,41.43,41.79,288064
600,VGRE,Vega Renovables,2024-07-12,81.52,85.56,79.92,84.76,389298
601,ARCD,Arcadia Telecom,2024-07-15,8.01,8.04,7.91,7.94,185091
602,BLHB,Blue Harbour Naval,2024-07-15,30.53,30.83,30.42,30.80,336151
603,CALDR,Caldera Energía,2024-07-15,12.76,12.92,12.74,12.81,359219
604,LKVW,Lakeview Alimentación,2024-07-15,12.15,12.31,11.87,12.01,480805
605,MRDN,Meridiano Industrial,2024-07-15,37.84,37.90,36.07,36.81,192122
606,NRTH,Northwind Farmacéutica,2024-07-15,109.49,109.70,106.31,107.95,500851
607,OKVL,Oakvale Construcción,2024-07-15,8.91,8.95,8.82,8.85,228853
608,PNFD,Pinefield Logística,2024-07-15,36.21,38.08,35.25,37.58,600669
609,STNB,Stonebridge Seguros,2024-07-15,41.79,41.91,41.72,41.86,126530
610,VGRE,Vega Renovables,2024-07-15,84.77,84.78,81.41,81.86,408435
611,ARCD,Arcadia Telecom,2024-07-16,7.92,7.96,7.90,7.93,180491
612,BLHB,Blue Harbour Naval,2024-07-16,30.60,30.67,29.56,29.88,375614
613,CALDR,Caldera Energía,2024-07-16,12.81,12.82,12.77,12.79,111928
614,LKVW,Lakeview Alimentación,2024-07-16,12.00,12.14,11.53,11.75,591154
615,MRDN,Meridiano Industrial,2024-07-16,36.75,37.62,36.54,37.23,463105
616,NRTH,Northwind Farmacéutica,2024-07-16,107.53,110.54,106.25,110.47,243744
617,OKVL,Oakvale Construcción,2024-07-16,8.84,8.97,8.83,8.89,237125
618,PNFD,Pinefield Logística,2024-07-16,37.39,38.06,37.29,37.57,205000
619,STNB,Stonebridge Seguros,2024-07-16,42.03,42.54,41.73,42.40,155701
620,VGRE,Vega Renovables,2024-07-16,81.52,82.33,80.03,80.98,366352
621,ARCD,Arcadia Telecom,2024-07-17,7.89,8.10,7.85,8.06,321266
622,BLHB,Blue Harbour Naval,2024-07-17,29.87,30.10,29.64,30.10,295712
623,CALDR,Caldera Energía,2024-07-17,12.67,12.68,12.50,12.56,460267
624,LKVW,Lakeview Alimentación,2024-07-17,11.70,11.73,11.66,11.70,133104
625,MRDN,Meridiano Industrial,2024-07-17,37.35,37.40,37.32,37.37,119928
626,NRTH,Northwind Farmacéutica,2024-07-17,110.81,111.33,110.50,110.72,135363
627,OKVL,Oakvale Construcción,2024-07-17,8.92,9.26,8.84,9.09,429741
628,PNFD,Pinefield Logística,2024-07-17,37.31,38.07,36.77,37.77,193307
629,STNB,Stonebridge Seguros,2024-07-17,42.54,43.94,42.32,43.39,376411
630,VGRE,Vega Renovables,2024-07-17,81.49,87.58,78.04,84.83,732783
631,ARCD,Arcadia Telecom,2024-07-18,8.18,8.41,7.89,8.00,276722
632,BLHB,Blue Harbour Naval,2024-07-18,30.10,30.15,29.90,29.98,225708
633,CALDR,Caldera Energía,2024-07-18,12.61,12.67,12.31,12.45,76655
634,LKVW,Lakeview Alimentación,2024-07-18,11.71,11.91,11.45,11.47,412641
635,MRDN,Meridiano Industrial,2024-07-18,37.32,37.43,36.86,37.00,273006
636,NRTH,Northwind Farmacéutica,2024-07-18,111.29,112.41,109.80,110.09,288250
637,OKVL,Oakvale Construcción,2024-07-18,9.10,9.16,8.85,8.98,150827
638,PNFD,Pinefield Logística,2024-07-18,37.69,38.93,36.13,36.53,551656
639,STNB,Stonebridge Seguros,2024-07-18,43.47,45.03,42.68,44.48,335364
640,VGRE,Vega Renovables,2024-07-18,85.20,89.37,84.85,87.44,436208
641,ARCD,Arcadia Telecom,2024-07-19,8.00,8.03,7.89,7.93,343984
642,BLHB,Blue Harbour Naval,2024-07-19,30.17,30.21,29.70,29.90,185812
643,CALDR,Caldera Energía,2024-07-19,12.52,12.76,12.40,12.69,318967
644,LKVW,Lakeview Alimentación,2024-07-19,11.48,11.50,11.43,11.47,248736
645,MRDN,Meridiano Industrial,2024-07-19,36.96,37.04,36.45,36.65,87318
646,NRTH,Northwind Farmacéutica,2024-07-19,109.80,109.97,106.76,108.00,226967
647,OKVL,Oakvale Construcción,2024-07-19,9.11,9.13,9.03,9.04,354576
648,PNFD,Pinefield Logística,2024-07-19,36.86,37.21,33.90,35.56,556100
649,STNB,Stonebridge Seguros,2024-07-19,44.41,45.07,42.87,43.75,197066
650,VGRE,Vega Renovables,2024-07-19,87.88,91.36,85.88,89.69,450095
651,ARCD,Arcadia Telecom,2024-07-22,8.05,8.19,8.03,8.12,470846
652,BLHB,Blue Harbour Naval,2024-07-22,29.75,29.79,29.57,29.62,249384
653,CALDR,Caldera Energía,2024-07-22,12.66,12.99,12.44,12.90,322980
654,LKVW,Lakeview Alimentación,2024-07-22,11.45,11.48,11.40,11.46,160130
655,MRDN,Meridiano Industrial,2024-07-22,36.81,36.88,36.51,36.74,237491
656,NRTH,Northwind Farmacéutica,2024-07-22,107.56,109.56,107.21,108.98,248217
657,OKVL,Oakvale Construcción,2024-07-22,9.02,9.05,8.92,8.96,48522
658,PNFD,Pinefield Logística,2024-07-22,35.35,35.46,34.72,35.06,261215
659,STNB,Stonebridge Seguros,2024-07-22,43.90,44.61,43.52,44.27,356664
660,VGRE,Vega Renovables,2024-07-22,88.79,93.23,85.05,91.70,523681
661,ARCD,Arcadia Telecom,2024-07-23,8.10,8.12,8.05,8.12,219662
662,BLHB,Blue Harbour Naval,2024-07-23,29.54,29.59,29.51,29.55,255558
663,CALDR,Caldera Energía,2024-07-23,12.86,12.97,12.79,12.94,229196
664,LKVW,Lakeview Alimentación,2024-07-23,11.45,11.53,11.37,11.41,266105
665,MRDN,Meridiano Industrial,2024-07-23,36.58,36.74,36.47,36.64,296161
666,NRTH,Northwind Farmacéutica,2024-07-23,109.94,111.83,106.70,108.44,185249
667,OKVL,Oakvale Construcción,2024-07-23,8.90,8.97,8.53,8.73,378694
668,PNFD,Pinefield Logística,2024-07-23,35.02,35.31,34.45,35.10,205252
669,STNB,Stonebridge Seguros,2024-07-23,44.46,45.39,44.41,44.81,338420
670,VGRE,Vega Renovables,2024-07-23,90.22,90.93,87.05,88.64,597349
671,ARCD,Arcadia Telecom,2024-07-24,8.18,8.20,8.02,8.09,141370
672,BLHB,Blue Harbour Naval,2024-07-24,29.37,31.47,28.23,30.64,937866
673,CALDR,Caldera Energía,2024-07-24,12.99,13.10,12.76,12.80,293514
674,LKVW,Lakeview Alimentación,2024-07-24,11.41,11.89,11.25,11.64,437895
675,MRDN,Meridiano Industrial,2024-07-24,36.66,36.90,35.93,36.20,411808
676,NRTH,Northwind Farmacéutica,2024-07-24,107.47,107.78,106.67,107.08,90721
677,OKVL,Oakvale Construcción,2024-07-24,8.74,8.78,8.61,8.69,209014
678,PNFD,Pinefield Logística,2024-07-24,35.43,36.49,34.56,36.44,415361
679,STNB,Stonebridge Seguros,2024-07-24,44.96,45.33,44.69,45.06,187563
680,VGRE,Vega Renovables,2024-07-24,89.06,89.08,88.14,88.48,190843
681,ARCD,Arcadia Telecom,2024-07-25,8.11,8.12,8.11,8.12,151248
682,BLHB,Blue Harbour Naval,2024-07-25,30.67,30.76,30.54,30.70,165015
683,CALDR,Caldera Energía,2024-07-25,12.68,13.29,12.42,13.01,465572
684,LKVW,Lakeview Alimentación,2024-07-25,11.65,11.86,11.25,11.41,485420
685,MRDN,Meridiano Industrial,2024-07-25,36.06,37.29,35.67,36.64,255087
686,NRTH,Northwind Farmacéutica,2024-07-25,106.84,107.69,105.18,106.14,357357
687,OKVL,Oakvale Construcción,2024-07-25,8.72,8.76,8.66,8.70,217087
688,PNFD,Pinefield Logística,2024-07-25,37.15,37.59,35.98,36.28,234680
689,STNB,Stonebridge Seguros,2024-07-25,45.00,45.23,44.60,45.18,180144
690,VGRE,Vega Renovables,2024-07-25,87.12,88.40,86.36,87.73,230760
691,ARCD,Arcadia Telecom,2024-07-26,8.15,8.17,8.11,8.13,222168
692,BLHB,Blue Harbour Naval,2024-07-26,30.86,31.30,30.57,31.03,301865
693,CALDR,Caldera Energía,2024-07-26,12.98,13.23,12.92,13.08,232166
694,LKVW,Lakeview Alimentación,2024-07-26,11.42,11.53,11.39,11.48,337007
695,MRDN,Meridiano Industrial,2024-07-26,36.72,37.63,35.29,36.00,369606
696,NRTH,Northwind Farmacéutica,2024-07-26,106.55,107.23,101.96,103.91,306508
697,OKVL,Oakvale Construcción,2024-07-26,8.68,8.81,8.53,8.67,185084
698,PNFD,Pinefield Logística,2024-07-26,36.49,36.59,36.28,36.34,254864
699,STNB,Stonebridge Seguros,2024-07-26,45.17,45.76,44.86,45.49,178350
700,VGRE,Vega Renovables,2024-07-26,87.96,88.62,86.51,87.28,310244
701,ARCD,Arcadia Telecom,2024-07-29,8.15,8.15,8.02,8.10,169199
702,BLHB,Blue Harbour Naval,2024-07-29,30.84,31.15,30.74,31.02,163592
703,CALDR,Caldera Energía,2024-07-29,13.11,13.17,12.76,12.94,425560
704,LKVW,Lakeview Alimentación,2024-07-29,11.47,11.51,11.44,11.50,189172
705,MRDN,Meridiano Industrial,2024-07-29,36.31,36.49,35.00,35.56,300751
706,NRTH,Northwind Farmacéutica,2024-07-29,104.18,105.07,103.87,104.44,332325
707,OKVL,Oakvale Construcción,2024-07-29,8.69,8.84,8.69,8.74,361468
708,PNFD,Pinefield Logística,2024-07-29,36.33,37.30,36.01,37.12,323303
709,STNB,Stonebridge Seguros,2024-07-29,45.32,46.72,44.51,46.25,300705
710,VGRE,Vega Renovables,2024-07-29,88.72,90.50,79.84,83.82,491045
711,ARCD,Arcadia Telecom,2024-07-30,8.13,8.20,8.04,8.09,165226
712,BLHB,Blue Harbour Naval,2024-07-30,31.15,31.25,30.70,30.97,201688
713,CALDR,Caldera Energía,2024-07-30,12.88,13.01,12.54,12.74,240221
714,LKVW,Lakeview Alimentación,2024-07-30,11.54,11.61,11.49,11.55,149077
715,MRDN,Meridiano Industrial,2024-07-30,35.46,35.89,35.02,35.80,124873
716,NRTH,Northwind Farmacéutica,2024-07-30,104.39,104.69,103.27,103.79,294463
717,OKVL,Oakvale Construcción,2024-07-30,8.76,8.79,8.66,8.69,290999
718,PNFD,Pinefield Logística,2024-07-30,36.43,36.67,36.30,36.45,332338
719,STNB,Stonebridge Seguros,2024-07-30,46.41,46.93,44.41,45.60,163798
720,VGRE,Vega Renovables,2024-07-30,84.30,84.86,80.84,81.66,413785
721,ARCD,Arcadia Telecom,2024-07-31,8.05,8.08,7.99,8.05,113790
722,BLHB,Blue Harbour Naval,2024-07-31,31.07,31.12,30.89,31.00,49211
723,CALDR,Caldera Energía,2024-07-31,12.74,13.08,12.63,13.00,434233
724,LKVW,Lakeview Alimentación,2024-07-31,11.54,11.55,11.50,11.51,197594
725,MRDN,Meridiano Industrial,2024-07-31,35.81,36.06,35.33,35.59,331881
726,NRTH,Northwind Farmacéutica,2024-07-31,103.50,104.19,102.66,103.14,332633
727,OKVL,Oakvale Construcción,2024-07-31,8.71,8.82,8.52,8.63,196832
728,PNFD,Pinefield Logística,2024-07-31,36.36,39.10,34.97,37.33,226736
729,STNB,Stonebridge Seguros,2024-07-31,45.83,47.26,45.71,46.95,381742
730,VGRE,Vega Renovables,2024-07-31,81.90,83.79,78.06,78.93,640561
731,ARCD,Arcadia Telecom,2024-08-01,8.06,8.06,8.04,8.06,176999
732,BLHB,Blue Harbour Naval,2024-08-01,31.39,32.18,30.33,30.71,321547
733,CALDR,Caldera Energía,2024-08-01,12.91,13.09,12.87,13.01,208454
734,LKVW,Lakeview Alimentación,2024-08-01,11.49,11.65,11.45,11.58,155679
735,MRDN,Meridiano Industrial,2024-08-01,35.72,36.24,35.43,36.05,357583
736,NRTH,Northwind Farmacéutica,2024-08-01,103.35,107.33,102.94,105.27,167899
737,OKVL,Oakvale Construcción,2024-08-01,8.68,8.72,8.52,8.58,243520
738,PNFD,Pinefield Logística,2024-08-01,36.67,38.14,35.80,37.84,160588
739,STNB,Stonebridge Seguros,2024-08-01,46.59,46.61,46.56,46.57,144278
740,VGRE,Vega Renovables,2024-08-01,79.15,79.47,78.86,79.09,219444
741,ARCD,Arcadia Telecom,2024-08-02,8.11,8.18,8.10,8.15,247588
742,BLHB,Blue Harbour Naval,2024-08-02,30.70,31.12,30.17,30.95,162375
743,CALDR,Caldera Energía,2024-08-02,12.99,13.27,12.67,13.12,255477
744,LKVW,Lakeview Alimentación,2024-08-02,11.61,11.75,11.16,11.28,540952
745,MRDN,Meridiano Industrial,2024-08-02,36.17,36.28,35.93,36.18,250485
746,NRTH,Northwind Farmacéutica,2024-08-02,104.98,105.64,104.57,105.55,206650
747,OKVL,Oakvale Construcción,2024-08-02,8.53,8.64,8.45,8.57,243838
748,PNFD,Pinefield Logística,2024-08-02,37.95,38.25,37.78,38.14,249624
749,STNB,Stonebridge Seguros,2024-08-02,46.08,47.21,43.98,45.10,576929
750,VGRE,Vega Renovables,2024-08-02,79.04,80.62,77.08,78.37,264473
751,ARCD,Arcadia Telecom,2024-08-05,8.14,8.19,8.01,8.02,199557
752,BLHB,Blue Harbour Naval,2024-08-05,31.02,31.30,30.35,30.54,419648
753,CALDR,Caldera Energía,2024-08-05,13.21,13.44,13.08,13.35,172997
754,LKVW,Lakeview Alimentación,2024-08-05,11.32,11.37,11.30,11.34,186391
755,MRDN,Meridiano Industrial,2024-08-05,36.04,36.18,35.34,35.37,509936
756,NRTH,Northwind Farmacéutica,2024-08-05,105.50,107.38,104.20,106.60,186067
757,OKVL,Oakvale Construcción,2024-08-05,8.62,8.70,8.52,8.56,111870
758,PNFD,Pinefield Logística,2024-08-05,38.10,41.82,36.52,40.50,1213064
759,STNB,Stonebridge Seguros,2024-08-05,45.37,45.91,45.06,45.63,333895
760,VGRE,Vega Renovables,2024-08-05,78.58,80.22,75.97,76.88,287565
761,ARCD,Arcadia Telecom,2024-08-06,8.04,8.14,7.75,7.75,330616
762,BLHB,Blue Harbour Naval,2024-08-06,30.58,30.95,30.55,30.82,249239
763,CALDR,Caldera Energía,2024-08-06,13.19,13.50,13.03,13.43,206840
764,LKVW,Lakeview Alimentación,2024-08-06,11.28,11.66,10.89,11.62,299555
765,MRDN,Meridiano Industrial,2024-08-06,35.27,35.63,34.59,34.78,273410
766,NRTH,Northwind Farmacéutica,2024-08-06,106.71,107.66,106.49,107.42,295507
767,OKVL,Oakvale Construcción,2024-08-06,8.58,8.61,8.43,8.48,174931
768,PNFD,Pinefield Logística,2024-08-06,40.90,41.35,40.22,41.35,383867
769,STNB,Stonebridge Seguros,2024-08-06,45.39,46.12,43.79,44.92,220656
770,VGRE,Vega Renovables,2024-08-06,76.77,78.72,72.28,75.02,427920
771,ARCD,Arcadia Telecom,2024-08-07,7.73,7.74,7.67,7.69,262095
772,BLHB,Blue Harbour Naval,2024-08-07,30.72,31.79,30.08,31.13,226869
773,CALDR,Caldera Energía,2024-08-07,13.55,13.57,13.54,13.54,283262
774,LKVW,Lakeview Alimentación,2024-08-07,11.61,11.90,11.56,11.80,316815
775,MRDN,Meridiano Industrial,2024-08-07,34.73,34.96,34.60,34.84,189546
776,NRTH,Northwind Farmacéutica,2024-08-07,107.57,109.06,107.28,108.06,280985
777,OKVL,Oakvale Construcción,2024-08-07,8.50,8.62,8.42,8.58,510206
778,PNFD,Pinefield Logística,2024-08-07,41.38,41.87,40.53,41.34,186096
779,STNB,Stonebridge Seguros,2024-08-07,45.13,45.20,45.02,45.06,165889
780,VGRE,Vega Renovables,2024-08-07,74.31,76.80,72.58,75.68,277605
781,ARCD,Arcadia Telecom,2024-08-08,7.70,7.79,7.67,7.76,238031
782,BLHB,Blue Harbour Naval,2024-08-08,31.48,31.60,31.46,31.52,280796
783,CALDR,Caldera Energía,2024-08-08,13.58,13.97,13.55,13.75,159537
784,LKVW,Lakeview Alimentación,2024-08-08,11.84,11.93,11.72,11.81,206463
785,MRDN,Meridiano Industrial,2024-08-08,34.95,35.13,34.31,34.60,253382
786,NRTH,Northwind Farmacéutica,2024-08-08,108.46,108.88,106.20,106.75,312003
787,OKVL,Oakvale Construcción,2024-08-08,8.48,8.64,8.40,8.58,120392
788,PNFD,Pinefield Logística,2024-08-08,41.54,42.00,41.46,41.69,283874
789,STNB,Stonebridge Seguros,2024-08-08,45.12,45.12,45.07,45.09,254551
790,VGRE,Vega Renovables,2024-08-08,75.08,80.58,74.23,78.09,559939
791,ARCD,Arcadia Telecom,2024-08-09,7.77,7.78,7.69,7.73,270958
792,BLHB,Blue Harbour Naval,2024-08-09,31.47,31.92,31.10,31.54,176549
793,CALDR,Caldera Energía,2024-08-09,13.75,13.78,13.63,13.69,259510
794,LKVW,Lakeview Alimentación,2024-08-09,11.73,12.33,11.64,12.03,427846
795,MRDN,Meridiano Industrial,2024-08-09,34.64,35.22,33.40,33.77,365959
796,NRTH,Northwind Farmacéutica,2024-08-09,106.98,107.55,106.86,107.29,178318
797,OKVL,Oakvale Construcción,2024-08-09,8.59,8.74,8.41,8.45,352439
798,PNFD,Pinefield Logística,2024-08-09,41.46,42.12,40.85,41.90,235438
799,STNB,Stonebridge Seguros,2024-08-09,44.98,45.29,44.82,45.24,244193
800,VGRE,Vega Renovables,2024-08-09,78.79,82.10,76.65,80.86,438778
801,ARCD,Arcadia Telecom,2024-08-12,7.75,7.81,7.74,7.76,110035
802,BLHB,Blue Harbour Naval,2024-08-12,31.38,32.63,31.23,32.00,504586
803,CALDR,Caldera Energía,2024-08-12,13.80,14.05,13.39,13.53,251979
804,LKVW,Lakeview Alimentación,2024-08-12,12.02,12.05,11.83,11.97,268768
805,MRDN,Meridiano Industrial,2024-08-12,33.78,35.00,32.08,32.47,831019
806,NRTH,Northwind Farmacéutica,2024-08-12,107.29,108.07,106.46,107.45,209689
807,OKVL,Oakvale Construcción,2024-08-12,8.40,8.60,8.38,8.51,265903
808,PNFD,Pinefield Logística,2024-08-12,41.74,42.02,41.54,41.95,151173
809,STNB,Stonebridge Seguros,2024-08-12,45.27,45.55,45.17,45.48,190505
810,VGRE,Vega Renovables,2024-08-12,81.40,83.17,80.84,82.58,151060
811,ARCD,Arcadia Telecom,2024-08-13,7.74,7.84,7.74,7.81,283813
812,BLHB,Blue Harbour Naval,2024-08-13,32.21,32.22,32.19,32.21,265780
813,CALDR,Caldera Energía,2024-08-13,13.43,13.52,13.27,13.36,172257
814,LKVW,Lakeview Alimentación,2024-08-13,12.02,12.08,11.94,11.94,163645
815,MRDN,Meridiano Industrial,2024-08-13,32.37,32.52,32.15,32.32,385802
816,NRTH,Northwind Farmacéutica,2024-08-13,107.28,109.09,107.16,108.00,197932
817,OKVL,Oakvale Construcción,2024-08-13,8.52,8.81,8.48,8.62,266824
818,PNFD,Pinefield Logística,2024-08-13,41.98,42.52,41.78,42.14,324159
819,STNB,Stonebridge Seguros,2024-08-13,45.35,46.83,44.87,46.02,325041
820,VGRE,Vega Renovables,2024-08-13,82.72,83.17,82.55,83.14,220288
821,ARCD,Arcadia Telecom,2024-08-14,7.88,7.96,7.74,7.78,178536
822,BLHB,Blue Harbour Naval,2024-08-14,32.11,33.19,31.05,32.41,150627
823,CALDR,Caldera Energía,2024-08-14,13.43,13.44,13.21,13.26,344692
824,LKVW,Lakeview Alimentación,2024-08-14,11.91,11.91,11.84,11.87,150134
825,MRDN,Meridiano Industrial,2024-08-14,32.14,32.22,31.80,32.01,343029
826,NRTH,Northwind Farmacéutica,2024-08-14,107.95,108.08,107.47,107.75,151108
827,OKVL,Oakvale Construcción,2024-08-14,8.61,8.65,8.28,8.48,228987
828,PNFD,Pinefield Logística,2024-08-14,42.17,42.94,41.57,42.75,372901
829,STNB,Stonebridge Seguros,2024-08-14,45.89,46.41,45.02,45.56,329859
830,VGRE,Vega Renovables,2024-08-14,83.64,85.70,79.70,80.73,324368
831,ARCD,Arcadia Telecom,2024-08-15,7.78,7.81,7.74,7.75,248229
832,BLHB,Blue Harbour Naval,2024-08-15,32.68,32.75,32.31,32.46,223550
833,CALDR,Caldera Energía,2024-08-15,13.35,13.51,13.18,13.19,229678
834,LKVW,Lakeview Alimentación,2024-08-15,11.83,11.91,11.50,11.65,276953
835,MRDN,Meridiano Industrial,2024-08-15,31.70,32.94,31.08,32.65,333690
836,NRTH,Northwind Farmacéutica,2024-08-15,107.70,109.71,107.31,108.72,236001
837,OKVL,Oakvale Construcción,2024-08-15,8.42,8.48,8.34,8.39,286815
838,PNFD,Pinefield Logística,2024-08-15,42.13,43.52,40.63,43.18,272590
839,STNB,Stonebridge Seguros,2024-08-15,45.97,46.92,45.87,46.75,503475
840,VGRE,Vega Renovables,2024-08-15,81.49,82.55,78.63,79.52,402834
841,ARCD,Arcadia Telecom,2024-08-16,7.79,7.93,7.64,7.71,263052
842,BLHB,Blue Harbour Naval,2024-08-16,32.32,33.05,31.78,32.61,135442
843,CALDR,Caldera Energía,2024-08-16,13.14,13.56,13.09,13.49,375746
844,LKVW,Lakeview Alimentación,2024-08-16,11.73,11.88,11.18,11.45,313500
845,MRDN,Meridiano Industrial,2024-08-16,33.10,33.28,32.11,32.57,234256
846,NRTH,Northwind Farmacéutica,2024-08-16,108.61,108.86,107.85,107.95,254826
847,OKVL,Oakvale Construcción,2024-08-16,8.42,8.59,8.07,8.22,394311
848,PNFD,Pinefield Logística,2024-08-16,43.26,44.97,42.69,44.81,561794
849,STNB,Stonebridge Seguros,2024-08-16,46.63,46.84,46.46,46.82,122374
850,VGRE,Vega Renovables,2024-08-16,79.02,79.60,76.13,77.30,422709
851,ARCD,Arcadia Telecom,2024-08-19,7.73,7.84,7.48,7.58,468276
852,BLHB,Blue Harbour Naval,2024-08-19,32.57,32.75,32.31,32.72,178466
853,CALDR,Caldera Energía,2024-08-19,13.35,13.71,13.01,13.66,292097
854,LKVW,Lakeview Alimentación,2024-08-19,11.46,11.51,11.40,11.42,219609
855,MRDN,Meridiano Industrial,2024-08-19,32.29,32.44,32.26,32.33,232181
856,NRTH,Northwind Farmacéutica,2024-08-19,108.59,109.01,105.73,107.11,311905
857,OKVL,Oakvale Construcción,2024-08-19,8.21,8.25,7.74,7.96,601345
858,PNFD,Pinefield Logística,2024-08-19,45.37,45.95,43.96,44.59,401285
859,STNB,Stonebridge Seguros,2024-08-19,46.67,47.74,45.41,47.68,411541
860,VGRE,Vega Renovables,2024-08-19,77.70,79.53,75.55,78.32,401777
861,ARCD,Arcadia Telecom,2024-08-20,7.57,7.77,7.44,7.69,345692
862,BLHB,Blue Harbour Naval,2024-08-20,32.82,33.21,32.70,33.07,249926
863,CALDR,Caldera Energía,2024-08-20,13.64,13.72,13.56,13.65,169810
864,LKVW,Lakeview Alimentación,2024-08-20,11.37,11.50,11.27,11.40,162664
865,MRDN,Meridiano Industrial,2024-08-20,32.11,32.96,31.90,32.55,191083
866,NRTH,Northwind Farmacéutica,2024-08-20,106.91,108.52,105.04,106.37,203596
867,OKVL,Oakvale Construcción,2024-08-20,7.94,7.98,7.93,7.94,277534
868,PNFD,Pinefield Logística,2024-08-20,44.97,45.59,44.84,45.06,291443
869,STNB,Stonebridge Seguros,2024-08-20,47.65,47.68,47.40,47.41,258486
870,VGRE,Vega Renovables,2024-08-20,78.18,78.79,78.11,78.66,234996
871,ARCD,Arcadia Telecom,2024-08-21,7.76,7.88,7.75,7.82,300761
872,BLHB,Blue Harbour Naval,2024-08-21,33.05,33.56,32.81,33.36,212528
873,CALDR,Caldera Energía,2024-08-21,13.81,13.95,13.59,13.67,129068
874,LKVW,Lakeview Alimentación,2024-08-21,11.39,11.77,11.10,11.51,186131
875,MRDN,Meridiano Industrial,2024-08-21,32.57,32.60,32.44,32.47,200876
876,NRTH,Northwind Farmacéutica,2024-08-21,106.57,106.80,105.43,106.00,148317
877,OKVL,Oakvale Construcción,2024-08-21,7.94,8.00,7.78,7.86,302002
878,PNFD,Pinefield Logística,2024-08-21,44.95,44.98,44.69,44.86,197169
879,STNB,Stonebridge Seguros,2024-08-21,47.45,48.79,46.09,48.77,478104
880,VGRE,Vega Renovables,2024-08-21,78.08,81.93,76.01,80.22,462157
881,ARCD,Arcadia Telecom,2024-08-22,7.76,7.83,7.72,7.81,232826
882,BLHB,Blue Harbour Naval,2024-08-22,33.43,33.88,32.28,32.85,449283
883,CALDR,Caldera Energía,2024-08-22,13.53,14.05,13.37,13.81,315474
884,LKVW,Lakeview Alimentación,2024-08-22,11.54,11.71,11.44,11.67,379092
885,MRDN,Meridiano Industrial,2024-08-22,32.72,32.83,32.58,32.64,287437
886,NRTH,Northwind Farmacéutica,2024-08-22,106.12,108.13,105.57,107.09,297651
887,OKVL,Oakvale Construcción,2024-08-22,7.88,7.98,7.67,7.81,193960
888,PNFD,Pinefield Logística,2024-08-22,44.64,45.17,43.96,44.43,291492
889,STNB,Stonebridge Seguros,2024-08-22,48.74,49.80,48.20,48.20,227155
890,VGRE,Vega Renovables,2024-08-22,79.67,80.01,77.12,78.49,165611
891,ARCD,Arcadia Telecom,2024-08-23,7.83,7.99,7.71,7.71,234435
892,BLHB,Blue Harbour Naval,2024-08-23,32.74,32.82,31.57,31.68,481303
893,CALDR,Caldera Energía,2024-08-23,13.74,13.81,13.68,13.73,188617
894,LKVW,Lakeview Alimentación,2024-08-23,11.72,11.91,11.44,11.61,291108
895,MRDN,Meridiano Industrial,2024-08-23,32.70,32.94,32.46,32.46,168085
896,NRTH,Northwind Farmacéutica,2024-08-23,107.28,108.22,105.42,106.78,325826
897,OKVL,Oakvale Construcción,2024-08-23,7.77,7.82,7.75,7.80,255387
898,PNFD,Pinefield Logística,2024-08-23,44.09,45.33,41.64,42.22,495393
899,STNB,Stonebridge Seguros,2024-08-23,48.28,48.58,48.09,48.56,212519
900,VGRE,Vega Renovables,2024-08-23,79.27,79.93,77.97,78.99,141132
901,ARCD,Arcadia Telecom,2024-08-26,7.75,7.82,7.66,7.68,228803
902,BLHB,Blue Harbour Naval,2024-08-26,31.52,31.70,31.49,31.57,125443
903,CALDR,Caldera Energía,2024-08-26,13.77,14.01,13.70,13.89,327522
904,LKVW,Lakeview Alimentación,2024-08-26,11.60,11.94,11.60,11.87,448855
905,MRDN,Meridiano Industrial,2024-08-26,32.49,32.58,32.16,32.40,184328
906,NRTH,Northwind Farmacéutica,2024-08-26,106.52,109.34,105.48,107.59,245061
907,OKVL,Oakvale Construcción,2024-08-26,7.82,7.88,7.82,7.85,272982
908,PNFD,Pinefield Logística,2024-08-26,42.24,42.97,40.04,41.09,523008
909,STNB,Stonebridge Seguros,2024-08-26,48.53,49.41,47.41,47.71,286495
910,VGRE,Vega Renovables,2024-08-26,79.35,79.66,78.59,79.03,185162
911,ARCD,Arcadia Telecom,2024-08-27,7.67,7.80,7.59,7.75,239262
912,BLHB,Blue Harbour Naval,2024-08-27,31.57,32.25,30.40,30.88,569315
913,CALDR,Caldera Energía,2024-08-27,14.02,14.49,13.83,14.27,179147
914,LKVW,Lakeview Alimentación,2024-08-27,11.90,12.00,11.78,11.80,242506
915,MRDN,Meridiano Industrial,2024-08-27,32.31,32.48,32.13,32.35,145784
916,NRTH,Northwind Farmacéutica,2024-08-27,108.03,108.21,105.88,106.80,228443
917,OKVL,Oakvale Construcción,2024-08-27,7.86,7.94,7.78,7.90,217825
918,PNFD,Pinefield Logística,2024-08-27,41.19,41.64,40.89,41.38,132805
919,STNB,Stonebridge Seguros,2024-08-27,47.69,50.03,46.95,49.05,504255
920,VGRE,Vega Renovables,2024-08-27,78.18,82.43,75.16,81.62,315821
921,ARCD,Arcadia Telecom,2024-08-28,7.85,7.90,7.67,7.76,104339
922,BLHB,Blue Harbour Naval,2024-08-28,30.93,30.94,30.77,30.84,180836
923,CALDR,Caldera Energía,2024-08-28,14.22,14.23,14.15,14.15,277247
924,LKVW,Lakeview Alimentación,2024-08-28,11.92,11.95,11.50,11.71,211014
925,MRDN,Meridiano Industrial,2024-08-28,32.39,32.50,32.24,32.32,171362
926,NRTH,Northwind Farmacéutica,2024-08-28,106.09,106.18,106.03,106.04,232414
927,OKVL,Oakvale Construcción,2024-08-28,7.93,8.16,7.91,8.14,439941
928,PNFD,Pinefield Logística,2024-08-28,41.37,41.96,37.51,39.59,250086
929,STNB,Stonebridge Seguros,2024-08-28,49.38,49.94,49.05,49.28,193812
930,VGRE,Vega Renovables,2024-08-28,81.86,83.96,81.33,83.18,496681
931,ARCD,Arcadia Telecom,2024-08-29,7.75,7.98,7.53,7.60,245642
932,BLHB,Blue Harbour Naval,2024-08-29,30.85,31.90,29.97,31.64,470940
933,CALDR,Caldera Energía,2024-08-29,14.20,14.70,13.73,14.60,489656
934,LKVW,Lakeview Alimentación,2024-08-29,11.71,12.11,11.43,11.92,300012
935,MRDN,Meridiano Industrial,2024-08-29,32.28,32.33,32.27,32.31,206788
936,NRTH,Northwind Farmacéutica,2024-08-29,106.11,107.00,106.06,106.40,237164
937,OKVL,Oakvale Construcción,2024-08-29,8.13,8.13,8.07,8.10,286642
938,PNFD,Pinefield Logística,2024-08-29,39.78,40.56,38.81,39.11,248551
939,STNB,Stonebridge Seguros,2024-08-29,49.10,50.38,48.43,49.55,199115
940,VGRE,Vega Renovables,2024-08-29,84.37,84.53,82.69,83.28,169757
941,ARCD,Arcadia Telecom,2024-08-30,7.60,7.65,7.53,7.54,235691
942,BLHB,Blue Harbour Naval,2024-08-30,31.63,31.76,30.75,30.98,353701
943,CALDR,Caldera Energía,2024-08-30,14.62,14.89,14.08,14.29,511011
944,LKVW,Lakeview Alimentación,2024-08-30,11.92,11.95,11.79,11.88,160357
945,MRDN,Meridiano Industrial,2024-08-30,32.45,32.60,32.37,32.45,213969
946,NRTH,Northwind Farmacéutica,2024-08-30,106.05,106.49,104.38,105.39,228505
947,OKVL,Oakvale Construcción,2024-08-30,8.04,8.52,7.96,8.30,561737
948,PNFD,Pinefield Logística,2024-08-30,39.35,39.35,39.20,39.29,230363
949,STNB,Stonebridge Seguros,2024-08-30,49.52,49.57,49.44,49.50,233855
950,VGRE,Vega Renovables,2024-08-30,83.52,83.61,79.77,80.81,399142
951,ARCD,Arcadia Telecom,2024-09-02,7.63,7.76,7.47,7.58,250701
952,BLHB,Blue Harbour Naval,2024-09-02,31.03,31.86,30.86,31.80,406464
953,CALDR,Caldera Energía,2024-09-02,14.37,14.88,14.33,14.63,256719
954,LKVW,Lakeview Alimentación,2024-09-02,11.94,12.10,11.69,11.74,210022
955,MRDN,Meridiano Industrial,2024-09-02,32.47,33.42,32.18,33.04,360693
956,NRTH,Northwind Farmacéutica,2024-09-02,106.06,106.73,105.04,105.28,149772
957,OKVL,Oakvale Construcción,2024-09-02,8.28,8.46,8.22,8.37,335206
958,PNFD,Pinefield Logística,2024-09-02,39.41,39.44,37.83,38.75,174843
959,STNB,Stonebridge Seguros,2024-09-02,49.82,51.71,47.12,47.55,604626
960,VGRE,Vega Renovables,2024-09-02,81.05,82.72,80.16,81.79,374635
961,ARCD,Arcadia Telecom,2024-09-03,7.60,7.70,7.39,7.45,218577
962,BLHB,Blue Harbour Naval,2024-09-03,31.80,32.48,31.63,32.14,341884
963,CALDR,Caldera Energía,2024-09-03,14.67,14.77,14.18,14.32,414459
964,LKVW,Lakeview Alimentación,2024-09-03,11.76,11.96,11.72,11.83,143827
965,MRDN,Meridiano Industrial,2024-09-03,33.07,33.17,32.96,33.05,104845
966,NRTH,Northwind Farmacéutica,2024-09-03,104.87,105.79,103.74,104.30,218731
967,OKVL,Oakvale Construcción,2024-09-03,8.37,8.39,8.37,8.38,269910
968,PNFD,Pinefield Logística,2024-09-03,38.54,39.83,37.95,39.65,404608
969,STNB,Stonebridge Seguros,2024-09-03,47.70,48.42,46.68,46.85,356058
970,VGRE,Vega Renovables,2024-09-03,81.84,83.31,79.12,79.53,448176
971,ARCD,Arcadia Telecom,2024-09-04,7.44,7.46,7.41,7.41,393280
972,BLHB,Blue Harbour Naval,2024-09-04,32.34,32.81,31.78,31.83,401873
973,CALDR,Caldera Energía,2024-09-04,14.25,14.37,13.78,13.86,331121
974,LKVW,Lakeview Alimentación,2024-09-04,11.70,11.76,11.55,11.62,243623
975,MRDN,Meridiano Industrial,2024-09-04,32.93,33.77,32.87,33.75,208203
976,NRTH,Northwind Farmacéutica,2024-09-04,103.26,104.96,101.72,103.96,266649
977,OKVL,Oakvale Construcción,2024-09-04,8.30,8.34,8.24,8.33,219499
978,PNFD,Pinefield Logística,2024-09-04,39.69,40.93,39.40,40.27,279018
979,STNB,Stonebridge Seguros,2024-09-04,46.94,47.19,44.93,45.97,456100
980,VGRE,Vega Renovables,2024-09-04,79.25,83.76,78.94,82.21,207925
981,ARCD,Arcadia Telecom,2024-09-05,7.41,7.41,7.39,7.40,186409
982,BLHB,Blue Harbour Naval,2024-09-05,31.70,32.28,31.49,31.99,204325
983,CALDR,Caldera Energía,2024-09-05,13.83,14.02,13.67,13.70,297036
984,LKVW,Lakeview Alimentación,2024-09-05,11.65,11.68,11.52,11.54,204011
985,MRDN,Meridiano Industrial,2024-09-05,33.84,33.88,33.31,33.45,184154
986,NRTH,Northwind Farmacéutica,2024-09-05,104.39,105.17,101.83,102.81,278117
987,OKVL,Oakvale Construcción,2024-09-05,8.32,8.44,8.24,8.42,282982
988,PNFD,Pinefield Logística,2024-09-05,40.01,42.26,38.94,41.82,820940
989,STNB,Stonebridge Seguros,2024-09-05,46.02,47.72,45.78,46.80,209951
990,VGRE,Vega Renovables,2024-09-05,81.55,85.42,80.78,83.57,322869
991,ARCD,Arcadia Telecom,2024-09-06,7.38,7.54,7.29,7.48,365529
992,BLHB,Blue Harbour Naval,2024-09-06,31.94,32.61,31.28,31.35,526928
993,CALDR,Caldera Energía,2024-09-06,13.67,13.93,13.07,13.31,580911
994,LKVW,Lakeview Alimentación,2024-09-06,11.45,11.66,11.37,11.57,77596
995,MRDN,Meridiano Industrial,2024-09-06,33.62,33.68,33.32,33.46,180279
996,NRTH,Northwind Farmacéutica,2024-09-06,103.00,104.18,101.48,101.65,241995
997,OKVL,Oakvale Construcción,2024-09-06,8.44,8.48,8.39,8.42,207616
998,PNFD,Pinefield Logística,2024-09-06,41.63,41.99,41.57,41.63,136801
999,STNB,Stonebridge Seguros,2024-09-06,46.37,46.69,46.34,46.43,217868
1000,VGRE,Vega Renovables,2024-09-06,83.66,87.06,81.07,85.34,317307
1001,ARCD,Arcadia Telecom,2024-09-09,7.47,7.50,7.41,7.50,212051
1002,BLHB,Blue Harbour Naval,2024-09-09,31.36,31.54,30.98,31.40,164687
1003,CALDR,Caldera Energía,2024-09-09,13.36,13.49,13.17,13.29,209073
1004,LKVW,Lakeview Alimentación,2024-09-09,11.58,12.11,11.24,11.96,547203
1005,MRDN,Meridiano Industrial,2024-09-09,33.51,34.02,32.92,33.85,344116
1006,NRTH,Northwind Farmacéutica,2024-09-09,101.99,102.25,101.24,101.58,187322
1007,OKVL,Oakvale Construcción,2024-09-09,8.41,8.53,8.32,8.50,293901
1008,PNFD,Pinefield Logística,2024-09-09,41.89,42.46,41.35,42.36,412513
1009,STNB,Stonebridge Seguros,2024-09-09,46.48,46.52,45.93,45.94,243176
1010,VGRE,Vega Renovables,2024-09-09,85.90,88.11,83.66,85.14,259753
1011,ARCD,Arcadia Telecom,2024-09-10,7.51,7.76,7.31,7.65,296313
1012,BLHB,Blue Harbour Naval,2024-09-10,31.51,31.53,31.34,31.45,220519
1013,CALDR,Caldera Energía,2024-09-10,13.31,13.58,13.05,13.41,285496
1014,LKVW,Lakeview Alimentación,2024-09-10,11.98,12.06,11.66,11.86,143935
1015,MRDN,Meridiano Industrial,2024-09-10,33.83,34.19,33.52,33.63,225194
1016,NRTH,Northwind Farmacéutica,2024-09-10,101.63,103.88,97.85,99.80,486630
1017,OKVL,Oakvale Construcción,2024-09-10,8.50,8.57,8.44,8.56,349381
1018,PNFD,Pinefield Logística,2024-09-10,42.33,43.23,41.40,41.59,281899
1019,STNB,Stonebridge Seguros,2024-09-10,46.16,46.23,45.91,46.00,161629
1020,VGRE,Vega Renovables,2024-09-10,84.10,86.32,81.74,82.54,611435
1021,ARCD,Arcadia Telecom,2024-09-11,7.64,7.76,7.54,7.54,326587
1022,BLHB,Blue Harbour Naval,2024-09-11,31.61,31.63,29.85,30.81,217340
1023,CALDR,Caldera Energía,2024-09-11,13.43,13.48,13.36,13.44,222077
1024,LKVW,Lakeview Alimentación,2024-09-11,11.78,11.89,11.52,11.65,327620
1025,MRDN,Meridiano Industrial,2024-09-11,33.65,33.93,33.27,33.50,218487
1026,NRTH,Northwind Farmacéutica,2024-09-11,99.39,100.67,97.19,98.28,335090
1027,OKVL,Oakvale Construcción,2024-09-11,8.50,8.67,8.34,8.40,445805
1028,PNFD,Pinefield Logística,2024-09-11,41.83,42.28,38.15,39.99,642838
1029,STNB,Stonebridge Seguros,2024-09-11,45.71,45.90,45.49,45.85,180370
1030,VGRE,Vega Renovables,2024-09-11,83.23,83.80,83.03,83.38,273596
1031,ARCD,Arcadia Telecom,2024-09-12,7.53,7.58,7.48,7.49,207865
1032,BLHB,Blue Harbour Naval,2024-09-12,30.86,31.92,30.84,31.39,428868
1033,CALDR,Caldera Energía,2024-09-12,13.37,13.46,13.34,13.46,280208
1034,LKVW,Lakeview Alimentación,2024-09-12,11.58,11.90,11.42,11.80,305131
1035,MRDN,Meridiano Industrial,2024-09-12,33.41,33.84,33.31,33.72,146957
1036,NRTH,Northwind Farmacéutica,2024-09-12,98.57,101.44,98.16,100.71,550923
1037,OKVL,Oakvale Construcción,2024-09-12,8.35,8.41,8.30,8.34,196289
1038,PNFD,Pinefield Logística,2024-09-12,40.25,40.82,38.78,39.08,485531
1039,STNB,Stonebridge Seguros,2024-09-12,45.45,48.34,43.81,47.07,471103
1040,VGRE,Vega Renovables,2024-09-12,82.48,85.18,81.33,84.94,436990
1041,ARCD,Arcadia Telecom,2024-09-13,7.51,7.56,7.46,7.55,378270
1042,BLHB,Blue Harbour Naval,2024-09-13,31.42,31.62,31.12,31.29,217173
1043,CALDR,Caldera Energía,2024-09-13,13.54,13.58,13.48,13.51,182960
1044,LKVW,Lakeview Alimentación,2024-09-13,11.85,11.86,11.78,11.82,136862
1045,MRDN,Meridiano Industrial,2024-09-13,33.87,33.92,33.86,33.91,263242
1046,NRTH,Northwind Farmacéutica,2024-09-13,101.01,103.39,99.94,102.53,400773
1047,OKVL,Oakvale Construcción,2024-09-13,8.28,8.30,8.25,8.27,157967
1048,PNFD,Pinefield Logística,2024-09-13,38.98,39.80,38.12,39.62,343333
1049,STNB,Stonebridge Seguros,2024-09-13,47.05,49.15,45.88,48.26,453783
1050,VGRE,Vega Renovables,2024-09-13,84.47,85.78,83.76,85.17,246171
1051,ARCD,Arcadia Telecom,2024-09-16,7.63,7.78,7.46,7.55,238153
1052,BLHB,Blue Harbour Naval,2024-09-16,31.31,31.42,30.14,30.79,297781
1053,CALDR,Caldera Energía,2024-09-16,13.47,13.57,13.07,13.16,445817
1054,LKVW,Lakeview Alimentación,2024-09-16,11.83,11.84,11.79,11.81,185521
1055,MRDN,Meridiano Industrial,2024-09-16,33.91,34.55,33.62,34.11,189757
1056,NRTH,Northwind Farmacéutica,2024-09-16,102.71,103.38,102.33,103.12,303106
1057,OKVL,Oakvale Construcción,2024-09-16,8.31,8.44,8.23,8.41,208299
1058,PNFD,Pinefield Logística,2024-09-16,39.76,40.60,37.73,38.69,280018
1059,STNB,Stonebridge Seguros,2024-09-16,48.31,48.64,48.00,48.21,105296
1060,VGRE,Vega Renovables,2024-09-16,83.72,90.37,81.58,88.00,351503
1061,ARCD,Arcadia Telecom,2024-09-17,7.53,7.58,7.53,7.53,116409
1062,BLHB,Blue Harbour Naval,2024-09-17,30.72,30.74,30.33,30.52,310569
1063,CALDR,Caldera Energía,2024-09-17,13.09,13.21,13.01,13.12,226030
1064,LKVW,Lakeview Alimentación,2024-09-17,11.87,11.99,11.60,11.70,301001
1065,MRDN,Meridiano Industrial,2024-09-17,34.25,34.55,34.01,34.47,349089
1066,NRTH,Northwind Farmacéutica,2024-09-17,102.48,105.24,100.91,103.54,214246
1067,OKVL,Oakvale Construcción,2024-09-17,8.38,8.51,8.38,8.49,355875
1068,PNFD,Pinefield Logística,2024-09-17,38.79,39.73,37.08,37.99,240799
1069,STNB,Stonebridge Seguros,2024-09-17,48.07,48.60,47.75,48.55,186719
1070,VGRE,Vega Renovables,2024-09-17,88.62,91.59,87.21,89.58,435226
1071,ARCD,Arcadia Telecom,2024-09-18,7.52,7.63,7.39,7.48,79802
1072,BLHB,Blue Harbour Naval,2024-09-18,30.69,31.05,30.05,30.26,235295
1073,CALDR,Caldera Energía,2024-09-18,13.18,13.45,12.94,13.32,244143
1074,LKVW,Lakeview Alimentación,2024-09-18,11.72,11.75,11.57,11.67,228473
1075,MRDN,Meridiano Industrial,2024-09-18,34.33,35.11,34.19,34.71,257059
1076,NRTH,Northwind Farmacéutica,2024-09-18,103.61,103.83,102.27,102.77,260227
1077,OKVL,Oakvale Construcción,2024-09-18,8.47,8.51,8.44,8.45,251942
1078,PNFD,Pinefield Logística,2024-09-18,38.17,38.76,37.77,37.91,52310
1079,STNB,Stonebridge Seguros,2024-09-18,48.98,49.20,47.66,48.23,286227
1080,VGRE,Vega Renovables,2024-09-18,88.41,94.37,83.40,92.18,531084
1081,ARCD,Arcadia Telecom,2024-09-19,7.43,7.73,7.31,7.53,299066
1082,BLHB,Blue Harbour Naval,2024-09-19,30.45,30.86,30.20,30.25,213370
1083,CALDR,Caldera Energía,2024-09-19,13.17,13.30,12.96,13.04,285454
1084,LKVW,Lakeview Alimentación,2024-09-19,11.62,11.90,11.52,11.79,365094
1085,MRDN,Meridiano Industrial,2024-09-19,34.60,34.95,34.42,34.78,138008
1086,NRTH,Northwind Farmacéutica,2024-09-19,101.79,102.19,101.60,102.13,366600
1087,OKVL,Oakvale Construcción,2024-09-19,8.44,8.77,8.33,8.63,308769
1088,PNFD,Pinefield Logística,2024-09-19,37.74,38.50,37.44,38.23,271180
1089,STNB,Stonebridge Seguros,2024-09-19,48.63,48.67,48.62,48.63,170061
1090,VGRE,Vega Renovables,2024-09-19,92.64,93.84,91.69,93.08,268102
1091,ARCD,Arcadia Telecom,2024-09-20,7.50,7.61,7.48,7.56,212812
1092,BLHB,Blue Harbour Naval,2024-09-20,30.34,30.36,30.24,30.30,234556
1093,CALDR,Caldera Energía,2024-09-20,12.98,13.22,12.66,13.12,260124
1094,LKVW,Lakeview Alimentación,2024-09-20,11.83,11.88,11.80,11.86,281683
1095,MRDN,Meridiano Industrial,2024-09-20,34.71,35.10,34.18,34.39,254885
1096,NRTH,Northwind Farmacéutica,2024-09-20,102.28,103.32,96.69,99.67,361987
1097,OKVL,Oakvale Construcción,2024-09-20,8.62,8.64,8.59,8.61,215510
1098,PNFD,Pinefield Logística,2024-09-20,38.06,39.76,37.96,38.79,430799
1099,STNB,Stonebridge Seguros,2024-09-20,48.49,49.66,48.12,48.98,285210
1100,VGRE,Vega Renovables,2024-09-20,92.49,93.26,91.70,92.76,183014
1101,ARCD,Arcadia Telecom,2024-09-23,7.54,7.62,7.54,7.59,289854
1102,BLHB,Blue Harbour Naval,2024-09-23,30.20,30.91,29.60,30.57,344567
1103,CALDR,Caldera Energía,2024-09-23,13.11,13.31,13.05,13.22,245485
1104,LKVW,Lakeview Alimentación,2024-09-23,11.89,12.15,11.80,12.04,380927
1105,MRDN,Meridiano Industrial,2024-09-23,34.56,34.72,34.39,34.43,247118
1106,NRTH,Northwind Farmacéutica,2024-09-23,99.57,102.70,98.80,101.30,466049
1107,OKVL,Oakvale Construcción,2024-09-23,8.62,8.67,8.61,8.62,195477
1108,PNFD,Pinefield Logística,2024-09-23,39.26,40.74,37.28,37.35,661996
1109,STNB,Stonebridge Seguros,2024-09-23,49.07,49.10,48.99,48.99,304618
1110,VGRE,Vega Renovables,2024-09-23,90.35,93.61,89.89,91.94,316408
1111,ARCD,Arcadia Telecom,2024-09-24,7.63,7.63,7.54,7.61,161432
1112,BLHB,Blue Harbour Naval,2024-09-24,30.72,30.94,30.31,30.51,197218
1113,CALDR,Caldera Energía,2024-09-24,13.16,13.23,13.14,13.21,265787
1114,LKVW,Lakeview Alimentación,2024-09-24,12.02,12.07,11.95,12.00,188916
1115,MRDN,Meridiano Industrial,2024-09-24,34.43,34.43,34.15,34.27,290658
1116,NRTH,Northwind Farmacéutica,2024-09-24,100.75,100.92,100.17,100.66,251086
1117,OKVL,Oakvale Construcción,2024-09-24,8.66,8.73,8.53,8.60,219576
1118,PNFD,Pinefield Logística,2024-09-24,37.79,38.19,37.15,37.68,314645
1119,STNB,Stonebridge Seguros,2024-09-24,49.09,50.04,47.06,48.19,245364
1120,VGRE,Vega Renovables,2024-09-24,91.87,93.37,86.09,88.27,493224
1121,ARCD,Arcadia Telecom,2024-09-25,7.62,7.64,7.57,7.58,201597
1122,BLHB,Blue Harbour Naval,2024-09-25,30.57,30.69,29.30,29.78,251635
1123,CALDR,Caldera Energía,2024-09-25,13.22,13.38,13.17,13.35,178497
1124,LKVW,Lakeview Alimentación,2024-09-25,11.99,11.99,11.79,11.79,406682
1125,MRDN,Meridiano Industrial,2024-09-25,34.08,35.60,33.02,34.67,165516
1126,NRTH,Northwind Farmacéutica,2024-09-25,100.75,100.76,99.67,100.26,336190
1127,OKVL,Oakvale Construcción,2024-09-25,8.54,8.63,8.43,8.59,172365
1128,PNFD,Pinefield Logística,2024-09-25,37.12,39.99,36.14,38.52,379706
1129,STNB,Stonebridge Seguros,2024-09-25,47.97,49.30,47.88,48.81,307815
1130,VGRE,Vega Renovables,2024-09-25,87.99,90.00,84.52,86.23,483129
1131,ARCD,Arcadia Telecom,2024-09-26,7.61,7.75,7.40,7.54,293921
1132,BLHB,Blue Harbour Naval,2024-09-26,29.81,30.68,29.77,30.16,383383
1133,CALDR,Caldera Energía,2024-09-26,13.37,13.72,12.96,13.05,350836
1134,LKVW,Lakeview Alimentación,2024-09-26,11.81,11.82,11.61,11.69,228887
1135,MRDN,Meridiano Industrial,2024-09-26,34.77,34.99,34.21,34.99,329163
1136,NRTH,Northwind Farmacéutica,2024-09-26,100.39,101.38,100.33,101.20,316811
1137,OKVL,Oakvale Construcción,2024-09-26,8.68,8.74,8.64,8.71,339377
1138,PNFD,Pinefield Logística,2024-09-26,38.29,38.54,36.43,37.19,506065
1139,STNB,Stonebridge Seguros,2024-09-26,48.61,48.98,47.81,48.05,389857
1140,VGRE,Vega Renovables,2024-09-26,85.66,94.12,85.63,89.74,471290
1141,ARCD,Arcadia Telecom,2024-09-27,7.52,7.60,7.47,7.56,180058
1142,BLHB,Blue Harbour Naval,2024-09-27,30.22,30.53,29.61,29.80,347310
1143,CALDR,Caldera Energía,2024-09-27,13.06,13.22,12.43,12.74,444849
1144,LKVW,Lakeview Alimentación,2024-09-27,11.65,11.91,11.48,11.85,122680
1145,MRDN,Meridiano Industrial,2024-09-27,35.23,35.47,35.20,35.35,377645
1146,NRTH,Northwind Farmacéutica,2024-09-27,101.54,102.37,98.02,99.85,262027
1147,OKVL,Oakvale Construcción,2024-09-27,8.65,8.76,8.62,8.69,239334
1148,PNFD,Pinefield Logística,2024-09-27,37.37,39.33,37.19,38.58,529127
1149,STNB,Stonebridge Seguros,2024-09-27,48.08,48.18,46.94,47.34,464589
1150,VGRE,Vega Renovables,2024-09-27,89.95,90.39,89.79,89.84,199310
1151,ARCD,Arcadia Telecom,2024-09-30,7.64,7.69,7.58,7.67,369002
1152,BLHB,Blue Harbour Naval,2024-09-30,29.45,30.45,29.20,30.13,178175
1153,CALDR,Caldera Energía,2024-09-30,12.76,12.98,12.74,12.90,267137
1154,LKVW,Lakeview Alimentación,2024-09-30,11.79,11.81,11.59,11.68,329274
1155,MRDN,Meridiano Industrial,2024-09-30,34.89,35.71,34.58,35.55,189684
1156,NRTH,Northwind Farmacéutica,2024-09-30,99.97,100.79,98.15,99.31,133151
1157,OKVL,Oakvale Construcción,2024-09-30,8.75,8.75,8.40,8.48,581162
1158,PNFD,Pinefield Logística,2024-09-30,38.09,38.40,36.87,37.37,558154
1159,STNB,Stonebridge Seguros,2024-09-30,47.14,48.26,46.60,47.92,267786
1160,VGRE,Vega Renovables,2024-09-30,89.09,90.53,87.84,89.91,153106
1161,ARCD,Arcadia Telecom,2024-10-01,7.69,7.90,7.63,7.78,389671
1162,BLHB,Blue Harbour Naval,2024-10-01,30.41,30.42,29.70,29.81,107700
1163,CALDR,Caldera Energía,2024-10-01,12.99,13.11,12.55,12.75,371258
1164,LKVW,Lakeview Alimentación,2024-10-01,11.64,11.75,11.62,11.72,191538
1165,MRDN,Meridiano Industrial,2024-10-01,35.59,35.96,34.65,34.95,478392
1166,NRTH,Northwind Farmacéutica,2024-10-01,99.07,103.96,97.21,101.69,447030
1167,OKVL,Oakvale Construcción,2024-10-01,8.44,8.50,8.43,8.49,270999
1168,PNFD,Pinefield Logística,2024-10-01,37.33,37.75,36.79,37.07,168157
1169,STNB,Stonebridge Seguros,2024-10-01,47.78,47.87,47.20,47.56,255757
1170,VGRE,Vega Renovables,2024-10-01,89.76,89.89,89.33,89.68,155401
1171,ARCD,Arcadia Telecom,2024-10-02,7.79,8.04,7.58,7.98,524094
1172,BLHB,Blue Harbour Naval,2024-10-02,29.61,29.96,29.15,29.47,240387
1173,CALDR,Caldera Energía,2024-10-02,12.76,13.26,12.46,13.00,487110
1174,LKVW,Lakeview Alimentación,2024-10-02,11.78,11.87,11.57,11.69,166257
1175,MRDN,Meridiano Industrial,2024-10-02,34.78,34.81,34.53,34.73,279492
1176,NRTH,Northwind Farmacéutica,2024-10-02,101.93,102.27,101.77,101.93,204272
1177,OKVL,Oakvale Construcción,2024-10-02,8.48,8.51,8.42,8.50,272596
1178,PNFD,Pinefield Logística,2024-10-02,37.06,37.16,36.81,36.95,218338
1179,STNB,Stonebridge Seguros,2024-10-02,47.77,49.00,46.65,48.82,328570
1180,VGRE,Vega Renovables,2024-10-02,88.72,90.42,87.71,88.56,294918
1181,ARCD,Arcadia Telecom,2024-10-03,8.00,8.08,7.88,7.96,237523
1182,BLHB,Blue Harbour Naval,2024-10-03,29.72,29.90,29.65,29.88,219910
1183,CALDR,Caldera Energía,2024-10-03,13.07,13.07,12.91,12.94,272085
1184,LKVW,Lakeview Alimentación,2024-10-03,11.67,11.71,11.64,11.70,147819
1185,MRDN,Meridiano Industrial,2024-10-03,34.88,35.36,33.82,34.26,251987
1186,NRTH,Northwind Farmacéutica,2024-10-03,101.38,101.69,101.19,101.59,289483
1187,OKVL,Oakvale Construcción,2024-10-03,8.53,8.63,8.36,8.43,357580
1188,PNFD,Pinefield Logística,2024-10-03,37.36,37.98,37.22,37.84,590592
1189,STNB,Stonebridge Seguros,2024-10-03,48.92,49.86,47.30,48.17,207984
1190,VGRE,Vega Renovables,2024-10-03,88.05,88.72,87.35,88.20,223846
1191,ARCD,Arcadia Telecom,2024-10-04,8.02,8.07,7.91,7.93,382083
1192,BLHB,Blue Harbour Naval,2024-10-04,29.93,30.45,29.78,30.33,310902
1193,CALDR,Caldera Energía,2024-10-04,13.04,13.45,12.88,13.26,409752
1194,LKVW,Lakeview Alimentación,2024-10-04,11.75,12.06,11.47,11.97,233555
1195,MRDN,Meridiano Industrial,2024-10-04,34.30,34.66,34.08,34.43,182682
1196,NRTH,Northwind Farmacéutica,2024-10-04,101.04,101.22,100.51,101.03,313734
1197,OKVL,Oakvale Construcción,2024-10-04,8.43,8.57,8.07,8.25,311788
1198,PNFD,Pinefield Logística,2024-10-04,38.12,39.51,35.72,36.84,304275
1199,STNB,Stonebridge Seguros,2024-10-04,48.34,48.79,47.91,48.69,321620
1200,VGRE,Vega Renovables,2024-10-04,88.09,95.14,84.42,91.08,572077
1201,ARCD,Arcadia Telecom,2024-10-07,7.91,8.12,7.79,8.00,248855
1202,BLHB,Blue Harbour Naval,2024-10-07,30.38,30.79,30.30,30.59,354457
1203,CALDR,Caldera Energía,2024-10-07,13.16,13.74,13.04,13.53,337355
1204,LKVW,Lakeview Alimentación,2024-10-07,11.98,12.11,11.77,11.93,245875
1205,MRDN,Meridiano Industrial,2024-10-07,34.43,35.10,33.67,33.89,290386
1206,NRTH,Northwind Farmacéutica,2024-10-07,100.44,102.75,99.37,102.19,346670
1207,OKVL,Oakvale Construcción,2024-10-07,8.24,8.50,8.21,8.37,329411
1208,PNFD,Pinefield Logística,2024-10-07,36.33,41.10,33.93,39.01,672517
1209,STNB,Stonebridge Seguros,2024-10-07,48.21,49.73,48.09,49.43,362190
1210,VGRE,Vega Renovables,2024-10-07,90.87,97.45,88.83,95.34,560264
1211,ARCD,Arcadia Telecom,2024-10-08,8.06,8.18,7.80,7.91,185856
1212,BLHB,Blue Harbour Naval,2024-10-08,30.65,31.18,29.71,29.81,700254
1213,CALDR,Caldera Energía,2024-10-08,13.54,13.80,12.53,13.05,700043
1214,LKVW,Lakeview Alimentación,2024-10-08,11.89,12.02,11.82,11.97,51240
1215,MRDN,Meridiano Industrial,2024-10-08,33.85,34.00,33.67,33.96,243530
1216,NRTH,Northwind Farmacéutica,2024-10-08,101.37,101.77,100.90,101.63,195938
1217,OKVL,Oakvale Construcción,2024-10-08,8.34,8.42,8.23,8.37,190393
1218,PNFD,Pinefield Logística,2024-10-08,38.45,38.71,37.80,38.04,526624
1219,STNB,Stonebridge Seguros,2024-10-08,49.62,49.63,49.34,49.41,263889
1220,VGRE,Vega Renovables,2024-10-08,95.40,97.44,88.43,92.48,492042
1221,ARCD,Arcadia Telecom,2024-10-09,7.88,7.95,7.85,7.93,201690
1222,BLHB,Blue Harbour Naval,2024-10-09,29.75,30.03,29.44,29.85,99151
1223,CALDR,Caldera Energía,2024-10-09,13.10,13.37,13.07,13.36,359901
1224,LKVW,Lakeview Alimentación,2024-10-09,11.94,11.98,11.85,11.97,156604
1225,MRDN,Meridiano Industrial,2024-10-09,33.88,34.60,33.85,34.47,172850
1226,NRTH,Northwind Farmacéutica,2024-10-09,101.56,102.94,99.14,100.81,250124
1227,OKVL,Oakvale Construcción,2024-10-09,8.43,8.47,8.37,8.41,226163
1228,PNFD,Pinefield Logística,2024-10-09,37.89,38.23,37.74,38.13,197257
1229,STNB,Stonebridge Seguros,2024-10-09,49.42,50.52,49.06,49.76,250061
1230,VGRE,Vega Renovables,2024-10-09,92.59,94.82,92.18,93.63,321166
1231,ARCD,Arcadia Telecom,2024-10-10,7.91,8.00,7.81,7.89,220100
1232,BLHB,Blue Harbour Naval,2024-10-10,30.17,30.43,29.91,30.14,301078
1233,CALDR,Caldera Energía,2024-10-10,13.31,13.48,13.19,13.43,286565
1234,LKVW,Lakeview Alimentación,2024-10-10,12.03,12.05,12.01,12.03,234733
1235,MRDN,Meridiano Industrial,2024-10-10,34.18,34.47,33.58,33.90,292426
1236,NRTH,Northwind Farmacéutica,2024-10-10,99.97,100.28,99.91,100.02,254297
1237,OKVL,Oakvale Construcción,2024-10-10,8.41,8.63,8.38,8.63,304975
1238,PNFD,Pinefield Logística,2024-10-10,38.22,39.21,36.90,38.06,197815
1239,STNB,Stonebridge Seguros,2024-10-10,49.48,50.10,48.65,48.65,518084
1240,VGRE,Vega Renovables,2024-10-10,92.52,95.48,86.59,89.87,531309
1241,ARCD,Arcadia Telecom,2024-10-11,7.88,8.10,7.81,8.08,569432
1242,BLHB,Blue Harbour Naval,2024-10-11,30.45,31.14,29.70,30.00,223733
1243,CALDR,Caldera Energía,2024-10-11,13.45,13.61,13.14,13.28,383282
1244,LKVW,Lakeview Alimentación,2024-10-11,12.11,12.30,12.00,12.15,259281
1245,MRDN,Meridiano Industrial,2024-10-11,34.03,34.21,33.29,33.66,194942
1246,NRTH,Northwind Farmacéutica,2024-10-11,99.59,100.05,98.13,98.97,160714
1247,OKVL,Oakvale Construcción,2024-10-11,8.64,8.67,8.62,8.65,146458
1248,PNFD,Pinefield Logística,2024-10-11,38.22,39.56,37.59,38.67,462506
1249,STNB,Stonebridge Seguros,2024-10-11,48.44,49.47,48.43,49.05,279100
1250,VGRE,Vega Renovables,2024-10-11,88.67,101.89,85.47,95.57,568280
1251,ARCD,Arcadia Telecom,2024-10-14,8.13,8.29,8.10,8.25,310186
1252,BLHB,Blue Harbour Naval,2024-10-14,30.27,30.90,28.82,29.51,246510
1253,CALDR,Caldera Energía,2024-10-14,13.35,13.39,12.65,12.93,431596
1254,LKVW,Lakeview Alimentación,2024-10-14,12.18,12.31,11.92,12.05,168542
1255,MRDN,Meridiano Industrial,2024-10-14,33.70,33.84,33.41,33.55,296203
1256,NRTH,Northwind Farmacéutica,2024-10-14,98.26,99.48,98.24,99.16,111457
1257,OKVL,Oakvale Construcción,2024-10-14,8.67,8.71,8.65,8.66,229613
1258,PNFD,Pinefield Logística,2024-10-14,39.07,39.14,38.93,38.95,221714
1259,STNB,Stonebridge Seguros,2024-10-14,49.22,49.60,48.52,48.95,228917
1260,VGRE,Vega Renovables,2024-10-14,95.41,96.93,89.98,90.85,936210
1261,ARCD,Arcadia Telecom,2024-10-15,8.26,8.51,8.09,8.50,491705
1262,BLHB,Blue Harbour Naval,2024-10-15,29.47,31.16,29.04,30.48,422040
1263,CALDR,Caldera Energía,2024-10-15,12.80,13.15,12.65,13.03,345699
1264,LKVW,Lakeview Alimentación,2024-10-15,12.03,12.23,11.93,12.15,171425
1265,MRDN,Meridiano Industrial,2024-10-15,33.59,33.72,33.38,33.50,202340
1266,NRTH,Northwind Farmacéutica,2024-10-15,99.09,99.85,98.42,98.55,251162
1267,OKVL,Oakvale Construcción,2024-10-15,8.61,8.65,8.59,8.64,91519
1268,PNFD,Pinefield Logística,2024-10-15,38.70,38.73,37.42,38.07,523443
1269,STNB,Stonebridge Seguros,2024-10-15,48.96,49.21,47.97,48.16,339905
1270,VGRE,Vega Renovables,2024-10-15,89.78,92.77,88.47,91.69,76378
1271,ARCD,Arcadia Telecom,2024-10-16,8.51,8.53,8.47,8.51,200841
1272,BLHB,Blue Harbour Naval,2024-10-16,30.11,30.18,29.97,30.16,343793
1273,CALDR,Caldera Energía,2024-10-16,13.04,13.04,12.80,12.93,268188
1274,LKVW,Lakeview Alimentación,2024-10-16,12.20,12.50,12.11,12.46,563164
1275,MRDN,Meridiano Industrial,2024-10-16,33.69,33.81,33.45,33.56,169825
1276,NRTH,Northwind Farmacéutica,2024-10-16,99.09,100.69,98.08,98.61,130939
1277,OKVL,Oakvale Construcción,2024-10-16,8.64,8.80,8.58,8.76,314773
1278,PNFD,Pinefield Logística,2024-10-16,38.28,38.94,37.22,38.50,489593
1279,STNB,Stonebridge Seguros,2024-10-16,48.02,48.28,47.56,47.71,183418
1280,VGRE,Vega Renovables,2024-10-16,91.40,92.25,87.02,88.53,625436
1281,ARCD,Arcadia Telecom,2024-10-17,8.51,8.78,8.36,8.61,287106
1282,BLHB,Blue Harbour Naval,2024-10-17,30.13,30.88,29.80,30.70,317819
1283,CALDR,Caldera Energía,2024-10-17,13.01,13.22,12.69,12.90,125062
1284,LKVW,Lakeview Alimentación,2024-10-17,12.43,12.76,12.33,12.59,289974
1285,MRDN,Meridiano Industrial,2024-10-17,33.86,33.94,33.39,33.58,156112
1286,NRTH,Northwind Farmacéutica,2024-10-17,98.12,98.61,96.78,97.36,126160
1287,OKVL,Oakvale Construcción,2024-10-17,8.79,8.80,8.72,8.74,264465
1288,PNFD,Pinefield Logística,2024-10-17,37.86,38.91,37.37,38.39,195355
1289,STNB,Stonebridge Seguros,2024-10-17,47.56,47.67,47.50,47.62,216724
1290,VGRE,Vega Renovables,2024-10-17,88.17,88.24,84.30,85.90,255140
1291,ARCD,Arcadia Telecom,2024-10-18,8.66,8.70,8.53,8.57,364661
1292,BLHB,Blue Harbour Naval,2024-10-18,30.45,30.83,30.31,30.71,288168
1293,CALDR,Caldera Energía,2024-10-18,12.85,12.93,12.79,12.84,256752
1294,LKVW,Lakeview Alimentación,2024-10-18,12.64,12.69,12.57,12.59,268777
1295,MRDN,Meridiano Industrial,2024-10-18,33.47,34.07,33.42,33.73,335196
1296,NRTH,Northwind Farmacéutica,2024-10-18,98.03,98.43,96.18,97.15,200382
1297,OKVL,Oakvale Construcción,2024-10-18,8.71,8.92,8.68,8.82,247539
1298,PNFD,Pinefield Logística,2024-10-18,38.23,39.40,36.49,37.00,424451
1299,STNB,Stonebridge Seguros,2024-10-18,47.42,47.65,47.15,47.53,128751
1300,VGRE,Vega Renovables,2024-10-18,86.18,87.45,85.49,86.53,331408
1301,ARCD,Arcadia Telecom,2024-10-21,8.54,8.54,8.38,8.45,503334
1302,BLHB,Blue Harbour Naval,2024-10-21,30.66,30.91,30.40,30.49,159223
1303,CALDR,Caldera Energía,2024-10-21,12.86,13.10,12.69,12.93,171152
1304,LKVW,Lakeview Alimentación,2024-10-21,12.58,12.65,12.54,12.65,224124
1305,MRDN,Meridiano Industrial,2024-10-21,33.87,33.93,33.73,33.84,236796
1306,NRTH,Northwind Farmacéutica,2024-10-21,96.86,99.29,96.64,98.40,266916
1307,OKVL,Oakvale Construcción,2024-10-21,8.78,8.86,8.73,8.74,390810
1308,PNFD,Pinefield Logística,2024-10-21,37.35,39.26,33.12,35.19,775521
1309,STNB,Stonebridge Seguros,2024-10-21,47.50,48.90,46.21,48.72,454258
1310,VGRE,Vega Renovables,2024-10-21,86.26,86.38,85.50,85.62,190336
1311,ARCD,Arcadia Telecom,2024-10-22,8.50,8.53,8.45,8.48,217932
1312,BLHB,Blue Harbour Naval,2024-10-22,30.33,30.99,30.26,30.75,245218
1313,CALDR,Caldera Energía,2024-10-22,13.04,13.26,12.66,12.73,353349
1314,LKVW,Lakeview Alimentación,2024-10-22,12.77,13.12,12.37,12.47,201186
1315,MRDN,Meridiano Industrial,2024-10-22,34.04,34.58,33.58,34.36,444321
1316,NRTH,Northwind Farmacéutica,2024-10-22,98.12,98.54,97.98,98.48,262326
1317,OKVL,Oakvale Construcción,2024-10-22,8.75,8.80,8.39,8.51,503176
1318,PNFD,Pinefield Logística,2024-10-22,35.01,36.72,34.35,35.90,330627
1319,STNB,Stonebridge Seguros,2024-10-22,48.48,48.77,48.03,48.34,171619
1320,VGRE,Vega Renovables,2024-10-22,85.83,86.34,82.47,82.88,585877
1321,ARCD,Arcadia Telecom,2024-10-23,8.46,8.53,8.26,8.32,394142
1322,BLHB,Blue Harbour Naval,2024-10-23,30.86,31.47,30.58,31.23,217495
1323,CALDR,Caldera Energía,2024-10-23,12.82,12.93,12.77,12.90,358112
1324,LKVW,Lakeview Alimentación,2024-10-23,12.52,12.69,12.51,12.60,326132
1325,MRDN,Meridiano Industrial,2024-10-23,34.24,34.51,33.97,34.46,225402
1326,NRTH,Northwind Farmacéutica,2024-10-23,98.76,100.21,98.30,100.06,156255
1327,OKVL,Oakvale Construcción,2024-10-23,8.49,8.79,8.41,8.64,153528
1328,PNFD,Pinefield Logística,2024-10-23,34.87,38.06,33.68,36.52,413956
1329,STNB,Stonebridge Seguros,2024-10-23,48.03,49.57,47.99,48.93,247626
1330,VGRE,Vega Renovables,2024-10-23,83.29,85.14,82.43,84.50,339828
1331,ARCD,Arcadia Telecom,2024-10-24,8.31,8.32,8.19,8.29,275090
1332,BLHB,Blue Harbour Naval,2024-10-24,31.22,31.40,30.39,30.87,354998
1333,CALDR,Caldera Energía,2024-10-24,12.82,13.07,12.46,12.63,351577
1334,LKVW,Lakeview Alimentación,2024-10-24,12.58,12.76,12.36,12.40,398733
1335,MRDN,Meridiano Industrial,2024-10-24,34.38,35.06,33.43,34.07,326243
1336,NRTH,Northwind Farmacéutica,2024-10-24,99.20,100.04,98.36,99.84,264179
1337,OKVL,Oakvale Construcción,2024-10-24,8.61,8.70,8.39,8.51,247201
1338,PNFD,Pinefield Logística,2024-10-24,36.30,36.78,34.46,35.29,270457
1339,STNB,Stonebridge Seguros,2024-10-24,48.77,48.81,48.74,48.78,236067
1340,VGRE,Vega Renovables,2024-10-24,83.68,83.96,82.10,83.36,197701
1341,ARCD,Arcadia Telecom,2024-10-25,8.32,8.41,7.99,8.13,389893
1342,BLHB,Blue Harbour Naval,2024-10-25,30.99,32.06,29.41,30.14,493451
1343,CALDR,Caldera Energía,2024-10-25,12.48,12.59,12.15,12.34,303406
1344,LKVW,Lakeview Alimentación,2024-10-25,12.48,12.53,12.35,12.40,126350
1345,MRDN,Meridiano Industrial,2024-10-25,33.95,34.28,33.89,34.09,193638
1346,NRTH,Northwind Farmacéutica,2024-10-25,100.47,101.05,100.28,100.87,373573
1347,OKVL,Oakvale Construcción,2024-10-25,8.44,8.79,8.39,8.64,368415
1348,PNFD,Pinefield Logística,2024-10-25,35.13,35.84,34.16,35.53,198737
1349,STNB,Stonebridge Seguros,2024-10-25,48.71,51.77,48.05,49.85,346915
1350,VGRE,Vega Renovables,2024-10-25,82.38,82.52,82.31,82.52,266585
1351,ARCD,Arcadia Telecom,2024-10-28,8.18,8.18,8.14,8.15,298739
1352,BLHB,Blue Harbour Naval,2024-10-28,30.07,30.99,29.70,30.53,164013
1353,CALDR,Caldera Energía,2024-10-28,12.36,12.50,11.90,12.14,324920
1354,LKVW,Lakeview Alimentación,2024-10-28,12.36,12.43,12.12,12.24,284726
1355,MRDN,Meridiano Industrial,2024-10-28,34.31,34.56,33.90,34.55,256916
1356,NRTH,Northwind Farmacéutica,2024-10-28,100.69,100.84,100.55,100.68,203609
1357,OKVL,Oakvale Construcción,2024-10-28,8.63,8.68,8.54,8.57,208408
1358,PNFD,Pinefield Logística,2024-10-28,35.69,36.53,33.89,34.64,437150
1359,STNB,Stonebridge Seguros,2024-10-28,50.33,51.85,49.65,51.33,430895
1360,VGRE,Vega Renovables,2024-10-28,82.57,85.28,82.18,83.83,329258
1361,ARCD,Arcadia Telecom,2024-10-29,8.16,8.22,8.13,8.15,261806
1362,BLHB,Blue Harbour Naval,2024-10-29,30.52,30.72,30.28,30.48,256289
1363,CALDR,Caldera Energía,2024-10-29,12.10,12.25,11.98,12.04,302297
1364,LKVW,Lakeview Alimentación,2024-10-29,12.26,12.31,12.21,12.28,229254
1365,MRDN,Meridiano Industrial,2024-10-29,34.81,35.03,34.09,34.43,225735
1366,NRTH,Northwind Farmacéutica,2024-10-29,100.69,104.76,99.46,103.32,245537
1367,OKVL,Oakvale Construcción,2024-10-29,8.51,8.70,8.49,8.61,162772
1368,PNFD,Pinefield Logística,2024-10-29,34.81,36.47,33.01,33.39,440627
1369,STNB,Stonebridge Seguros,2024-10-29,51.16,52.21,50.40,51.87,342271
1370,VGRE,Vega Renovables,2024-10-29,82.87,83.37,81.96,82.15,214527
1371,ARCD,Arcadia Telecom,2024-10-30,8.14,8.21,8.10,8.19,278918
1372,BLHB,Blue Harbour Naval,2024-10-30,30.58,31.25,30.25,31.12,351312
1373,CALDR,Caldera Energía,2024-10-30,11.99,12.36,11.82,12.19,230032
1374,LKVW,Lakeview Alimentación,2024-10-30,12.27,12.36,12.20,12.23,235365
1375,MRDN,Meridiano Industrial,2024-10-30,34.41,34.90,34.41,34.67,212081
1376,NRTH,Northwind Farmacéutica,2024-10-30,103.39,104.50,102.84,104.13,186763
1377,OKVL,Oakvale Construcción,2024-10-30,8.67,8.79,8.48,8.54,79809
1378,PNFD,Pinefield Logística,2024-10-30,33.51,33.72,33.41,33.48,187656
1379,STNB,Stonebridge Seguros,2024-10-30,51.78,52.22,51.63,51.91,192181
1380,VGRE,Vega Renovables,2024-10-30,80.86,82.51,79.66,82.15,233511
1381,ARCD,Arcadia Telecom,2024-10-31,8.23,8.28,8.17,8.19,249629
1382,BLHB,Blue Harbour Naval,2024-10-31,31.32,31.60,30.67,30.96,183655
1383,CALDR,Caldera Energía,2024-10-31,12.04,12.28,11.95,12.26,179090
1384,LKVW,Lakeview Alimentación,2024-10-31,12.18,12.31,12.12,12.28,187303
1385,MRDN,Meridiano Industrial,2024-10-31,34.78,34.95,34.23,34.50,193737
1386,NRTH,Northwind Farmacéutica,2024-10-31,104.17,104.76,102.49,103.00,243997
1387,OKVL,Oakvale Construcción,2024-10-31,8.61,8.68,8.56,8.58,85656
1388,PNFD,Pinefield Logística,2024-10-31,33.43,33.88,33.21,33.51,202827
1389,STNB,Stonebridge Seguros,2024-10-31,52.39,52.84,48.73,50.80,265837
1390,VGRE,Vega Renovables,2024-10-31,82.13,82.47,81.89,82.09,217765
1391,ARCD,Arcadia Telecom,2024-11-01,8.17,8.34,8.16,8.28,347471
1392,BLHB,Blue Harbour Naval,2024-11-01,31.07,31.90,30.61,31.57,343816
1393,CALDR,Caldera Energía,2024-11-01,12.26,12.27,12.24,12.27,204480
1394,LKVW,Lakeview Alimentación,2024-11-01,12.28,12.32,12.25,12.32,225001
1395,MRDN,Meridiano Industrial,2024-11-01,34.22,34.75,33.92,34.73,127517
1396,NRTH,Northwind Farmacéutica,2024-11-01,102.84,104.37,102.71,103.51,252647
1397,OKVL,Oakvale Construcción,2024-11-01,8.51,8.57,8.49,8.52,238167
1398,PNFD,Pinefield Logística,2024-11-01,33.69,34.53,33.46,34.23,11141
1399,STNB,Stonebridge Seguros,2024-11-01,50.80,54.18,50.77,52.58,623400
1400,VGRE,Vega Renovables,2024-11-01,82.17,82.50,81.97,82.28,176357
1401,ARCD,Arcadia Telecom,2024-11-04,8.34,8.36,8.30,8.32,216823
1402,BLHB,Blue Harbour Naval,2024-11-04,31.61,31.75,31.43,31.54,215762
1403,CALDR,Caldera Energía,2024-11-04,12.30,12.43,11.64,11.77,699363
1404,LKVW,Lakeview Alimentación,2024-11-04,12.30,12.50,12.22,12.40,352331
1405,MRDN,Meridiano Industrial,2024-11-04,34.60,35.25,34.45,34.89,310251
1406,NRTH,Northwind Farmacéutica,2024-11-04,103.54,104.89,103.53,104.06,311795
1407,OKVL,Oakvale Construcción,2024-11-04,8.51,8.56,8.08,8.31,374674
1408,PNFD,Pinefield Logística,2024-11-04,34.58,34.93,33.71,34.12,212413
1409,STNB,Stonebridge Seguros,2024-11-04,52.30,52.55,52.02,52.54,203628
1410,VGRE,Vega Renovables,2024-11-04,81.85,84.75,81.47,83.57,465635
1411,ARCD,Arcadia Telecom,2024-11-05,8.33,8.48,8.29,8.48,498816
1412,BLHB,Blue Harbour Naval,2024-11-05,31.64,32.13,31.41,32.04,186728
1413,CALDR,Caldera Energía,2024-11-05,11.73,12.03,11.70,11.82,67310
1414,LKVW,Lakeview Alimentación,2024-11-05,12.46,12.69,12.37,12.61,452132
1415,MRDN,Meridiano Industrial,2024-11-05,34.94,35.66,34.30,35.46,277255
1416,NRTH,Northwind Farmacéutica,2024-11-05,103.59,105.35,103.48,104.78,342893
1417,OKVL,Oakvale Construcción,2024-11-05,8.31,8.51,8.27,8.40,294372
1418,PNFD,Pinefield Logística,2024-11-05,33.87,34.27,33.31,33.85,265768
1419,STNB,Stonebridge Seguros,2024-11-05,52.33,52.90,51.12,51.53,190912
1420,VGRE,Vega Renovables,2024-11-05,82.89,85.90,81.74,85.67,416833
1421,ARCD,Arcadia Telecom,2024-11-06,8.44,8.46,8.29,8.39,293318
1422,BLHB,Blue Harbour Naval,2024-11-06,32.01,32.41,31.05,31.45,393199
1423,CALDR,Caldera Energía,2024-11-06,11.89,11.98,11.51,11.64,279044
1424,LKVW,Lakeview Alimentación,2024-11-06,12.64,12.87,12.62,12.77,253075
1425,MRDN,Meridiano Industrial,2024-11-06,35.25,35.38,35.23,35.33,231366
1426,NRTH,Northwind Farmacéutica,2024-11-06,104.45,105.21,104.01,104.65,170678
1427,OKVL,Oakvale Construcción,2024-11-06,8.49,8.52,8.26,8.33,328009
1428,PNFD,Pinefield Logística,2024-11-06,33.81,33.91,30.43,31.74,466020
1429,STNB,Stonebridge Seguros,2024-11-06,51.27,52.14,50.95,51.74,236010
1430,VGRE,Vega Renovables,2024-11-06,85.77,89.94,83.23,88.49,581820
1431,ARCD,Arcadia Telecom,2024-11-07,8.37,8.37,8.27,8.30,276822
1432,BLHB,Blue Harbour Naval,2024-11-07,31.29,31.61,30.20,30.57,426862
1433,CALDR,Caldera Energía,2024-11-07,11.63,11.67,11.25,11.47,254893
1434,LKVW,Lakeview Alimentación,2024-11-07,12.78,12.85,12.28,12.45,333302
1435,MRDN,Meridiano Industrial,2024-11-07,35.38,35.62,35.24,35.44,169459
1436,NRTH,Northwind Farmacéutica,2024-11-07,104.95,105.02,103.47,104.42,168467
1437,OKVL,Oakvale Construcción,2024-11-07,8.31,8.41,7.98,8.16,454535
1438,PNFD,Pinefield Logística,2024-11-07,31.93,32.67,31.93,32.02,297715
1439,STNB,Stonebridge Seguros,2024-11-07,51.89,51.98,51.62,51.62,178109
1440,VGRE,Vega Renovables,2024-11-07,87.94,93.95,87.23,93.11,630016
1441,ARCD,Arcadia Telecom,2024-11-08,8.26,8.32,8.17,8.23,247008
1442,BLHB,Blue Harbour Naval,2024-11-08,30.44,31.04,30.16,30.69,156772
1443,CALDR,Caldera Energía,2024-11-08,11.46,11.72,11.20,11.24,466577
1444,LKVW,Lakeview Alimentación,2024-11-08,12.50,12.57,12.34,12.40,227323
1445,MRDN,Meridiano Industrial,2024-11-08,35.27,36.32,35.10,35.81,257909
1446,NRTH,Northwind Farmacéutica,2024-11-08,104.38,108.64,102.85,106.51,587534
1447,OKVL,Oakvale Construcción,2024-11-08,8.18,8.19,8.08,8.12,128595
1448,PNFD,Pinefield Logística,2024-11-08,31.56,33.12,31.39,32.28,71406
1449,STNB,Stonebridge Seguros,2024-11-08,51.36,51.39,51.35,51.39,309112
1450,VGRE,Vega Renovables,2024-11-08,90.52,91.43,89.55,91.22,396289
1451,ARCD,Arcadia Telecom,2024-11-11,8.15,8.45,7.88,8.42,369278
1452,BLHB,Blue Harbour Naval,2024-11-11,30.67,32.22,29.56,31.60,688449
1453,CALDR,Caldera Energía,2024-11-11,11.14,11.75,10.90,11.48,182543
1454,LKVW,Lakeview Alimentación,2024-11-11,12.41,12.69,12.26,12.54,252049
1455,MRDN,Meridiano Industrial,2024-11-11,35.86,36.02,35.56,35.67,146685
1456,NRTH,Northwind Farmacéutica,2024-11-11,105.49,105.81,102.73,104.03,220958
1457,OKVL,Oakvale Construcción,2024-11-11,8.13,8.13,8.11,8.12,109151
1458,PNFD,Pinefield Logística,2024-11-11,32.40,32.57,32.37,32.40,222703
1459,STNB,Stonebridge Seguros,2024-11-11,51.44,51.83,51.26,51.43,172811
1460,VGRE,Vega Renovables,2024-11-11,90.37,92.70,87.74,91.93,224149
1461,ARCD,Arcadia Telecom,2024-11-12,8.43,8.57,8.39,8.51,175854
1462,BLHB,Blue Harbour Naval,2024-11-12,31.56,32.00,31.37,31.86,197661
1463,CALDR,Caldera Energía,2024-11-12,11.39,11.69,11.20,11.47,234714
1464,LKVW,Lakeview Alimentación,2024-11-12,12.47,12.86,12.18,12.70,414411
1465,MRDN,Meridiano Industrial,2024-11-12,35.77,36.35,35.59,36.17,265800
1466,NRTH,Northwind Farmacéutica,2024-11-12,104.10,104.56,103.93,104.03,187944
1467,OKVL,Oakvale Construcción,2024-11-12,8.11,8.14,8.08,8.09,201251
1468,PNFD,Pinefield Logística,2024-11-12,32.59,35.28,31.29,34.01,692146
1469,STNB,Stonebridge Seguros,2024-11-12,51.44,52.24,50.24,50.27,357587
1470,VGRE,Vega Renovables,2024-11-12,91.88,94.50,90.15,92.67,311086
1471,ARCD,Arcadia Telecom,2024-11-13,8.60,8.72,8.32,8.42,195593
1472,BLHB,Blue Harbour Naval,2024-11-13,31.84,32.50,30.76,31.25,276012
1473,CALDR,Caldera Energía,2024-11-13,11.44,12.40,11.26,11.82,414831
1474,LKVW,Lakeview Alimentación,2024-11-13,12.74,12.78,12.71,12.74,314062
1475,MRDN,Meridiano Industrial,2024-11-13,35.97,36.08,35.87,36.07,215430
1476,NRTH,Northwind Farmacéutica,2024-11-13,103.59,105.19,103.15,104.36,150175
1477,OKVL,Oakvale Construcción,2024-11-13,8.13,8.25,7.99,8.19,194313
1478,PNFD,Pinefield Logística,2024-11-13,34.05,36.75,33.67,35.25,519061
1479,STNB,Stonebridge Seguros,2024-11-13,50.66,51.26,49.49,50.12,146362
1480,VGRE,Vega Renovables,2024-11-13,92.31,92.45,91.99,92.11,314207
1481,ARCD,Arcadia Telecom,2024-11-14,8.34,8.43,8.27,8.40,179401
1482,BLHB,Blue Harbour Naval,2024-11-14,31.41,32.18,29.81,30.45,477530
1483,CALDR,Caldera Energía,2024-11-14,11.79,12.14,11.50,12.01,354030
1484,LKVW,Lakeview Alimentación,2024-11-14,12.73,12.75,12.72,12.73,175707
1485,MRDN,Meridiano Industrial,2024-11-14,35.90,36.61,35.60,36.43,286097
1486,NRTH,Northwind Farmacéutica,2024-11-14,104.76,106.07,101.23,102.86,164119
1487,OKVL,Oakvale Construcción,2024-11-14,8.18,8.27,8.11,8.23,167928
1488,PNFD,Pinefield Logística,2024-11-14,35.15,36.11,34.42,35.83,391502
1489,STNB,Stonebridge Seguros,2024-11-14,50.19,51.09,49.84,51.02,419855
1490,VGRE,Vega Renovables,2024-11-14,92.05,93.53,91.46,91.72,146363
1491,ARCD,Arcadia Telecom,2024-11-15,8.47,8.55,8.40,8.50,404001
1492,BLHB,Blue Harbour Naval,2024-11-15,30.29,31.99,29.67,31.20,474548
1493,CALDR,Caldera Energía,2024-11-15,11.98,12.17,11.86,12.15,272940
1494,LKVW,Lakeview Alimentación,2024-11-15,12.76,12.95,12.74,12.93,242853
1495,MRDN,Meridiano Industrial,2024-11-15,36.47,36.71,35.62,35.82,265399
1496,NRTH,Northwind Farmacéutica,2024-11-15,103.03,104.02,102.63,103.69,266928
1497,OKVL,Oakvale Construcción,2024-11-15,8.23,8.35,8.13,8.30,378801
1498,PNFD,Pinefield Logística,2024-11-15,35.82,36.12,34.28,34.37,610049
1499,STNB,Stonebridge Seguros,2024-11-15,50.98,51.16,50.87,51.03,59684
1500,VGRE,Vega Renovables,2024-11-15,92.06,95.95,90.91,94.03,395637
1501,ARCD,Arcadia Telecom,2024-11-18,8.52,8.59,8.28,8.30,160948
1502,BLHB,Blue Harbour Naval,2024-11-18,31.10,31.66,30.94,31.43,315327
1503,CALDR,Caldera Energía,2024-11-18,12.16,12.24,12.09,12.12,211009
1504,LKVW,Lakeview Alimentación,2024-11-18,12.92,13.07,12.86,13.02,299160
1505,MRDN,Meridiano Industrial,2024-11-18,35.71,37.05,35.39,36.38,450605
1506,NRTH,Northwind Farmacéutica,2024-11-18,103.79,105.39,102.79,104.88,392643
1507,OKVL,Oakvale Construcción,2024-11-18,8.25,8.32,8.21,8.29,99240
1508,PNFD,Pinefield Logística,2024-11-18,34.35,34.57,34.12,34.56,244458
1509,STNB,Stonebridge Seguros,2024-11-18,51.06,51.79,49.72,50.17,420976
1510,VGRE,Vega Renovables,2024-11-18,93.38,95.93,93.28,94.59,332781
1511,ARCD,Arcadia Telecom,2024-11-19,8.31,8.34,8.22,8.26,72709
1512,BLHB,Blue Harbour Naval,2024-11-19,31.34,31.64,31.07,31.61,145401
1513,CALDR,Caldera Energía,2024-11-19,12.16,12.21,11.72,11.84,493716
1514,LKVW,Lakeview Alimentación,2024-11-19,13.07,13.07,12.88,12.93,265739
1515,MRDN,Meridiano Industrial,2024-11-19,36.33,36.69,35.83,35.86,395418
1516,NRTH,Northwind Farmacéutica,2024-11-19,104.49,108.18,102.68,105.98,280857
1517,OKVL,Oakvale Construcción,2024-11-19,8.30,8.55,7.94,8.04,374817
1518,PNFD,Pinefield Logística,2024-11-19,34.63,35.34,34.29,34.91,313018
1519,STNB,Stonebridge Seguros,2024-11-19,50.56,51.19,48.88,49.71,286602
1520,VGRE,Vega Renovables,2024-11-19,93.85,96.83,90.57,90.80,516816
1521,ARCD,Arcadia Telecom,2024-11-20,8.22,8.35,8.19,8.35,349538
1522,BLHB,Blue Harbour Naval,2024-11-20,31.45,32.69,30.12,32.43,479640
1523,CALDR,Caldera Energía,2024-11-20,11.89,12.01,11.68,11.86,342921
1524,LKVW,Lakeview Alimentación,2024-11-20,12.92,12.96,12.86,12.96,246340
1525,MRDN,Meridiano Industrial,2024-11-20,35.69,36.12,35.50,35.95,230621
1526,NRTH,Northwind Farmacéutica,2024-11-20,105.93,106.05,105.52,105.71,110308
1527,OKVL,Oakvale Construcción,2024-11-20,8.06,8.23,7.94,8.20,416804
1528,PNFD,Pinefield Logística,2024-11-20,35.16,35.82,34.85,35.46,210679
1529,STNB,Stonebridge Seguros,2024-11-20,49.63,52.13,48.54,50.50,313532
1530,VGRE,Vega Renovables,2024-11-20,88.94,95.33,86.77,92.58,392798
1531,ARCD,Arcadia Telecom,2024-11-21,8.35,8.42,8.13,8.26,315573
1532,BLHB,Blue Harbour Naval,2024-11-21,32.45,32.47,32.22,32.24,254752
1533,CALDR,Caldera Energía,2024-11-21,11.91,12.05,11.67,11.76,186313
1534,LKVW,Lakeview Alimentación,2024-11-21,12.93,13.06,12.88,13.00,260522
1535,MRDN,Meridiano Industrial,2024-11-21,35.81,36.62,35.59,36.37,206559
1536,NRTH,Northwind Farmacéutica,2024-11-21,106.16,106.84,103.26,104.55,354814
1537,OKVL,Oakvale Construcción,2024-11-21,8.21,8.32,8.17,8.31,304115
1538,PNFD,Pinefield Logística,2024-11-21,35.71,36.36,35.32,36.09,335937
1539,STNB,Stonebridge Seguros,2024-11-21,50.37,51.29,49.09,49.61,256944
1540,VGRE,Vega Renovables,2024-11-21,92.78,94.19,92.27,93.55,371175
1541,ARCD,Arcadia Telecom,2024-11-22,8.23,8.57,8.09,8.42,402193
1542,BLHB,Blue Harbour Naval,2024-11-22,32.36,32.43,32.00,32.25,168619
1543,CALDR,Caldera Energía,2024-11-22,11.68,11.91,11.59,11.80,206460
1544,LKVW,Lakeview Alimentación,2024-11-22,12.96,13.19,12.64,12.84,269974
1545,MRDN,Meridiano Industrial,2024-11-22,36.54,36.61,35.60,36.16,249579
1546,NRTH,Northwind Farmacéutica,2024-11-22,104.23,104.50,103.96,104.46,175391
1547,OKVL,Oakvale Construcción,2024-11-22,8.30,8.45,8.11,8.16,452273
1548,PNFD,Pinefield Logística,2024-11-22,35.87,36.11,34.41,35.24,502847
1549,STNB,Stonebridge Seguros,2024-11-22,49.12,52.54,48.59,50.98,448518
1550,VGRE,Vega Renovables,2024-11-22,92.61,97.74,90.36,94.71,207785
1551,ARCD,Arcadia Telecom,2024-11-25,8.43,8.51,8.15,8.29,302587
1552,BLHB,Blue Harbour Naval,2024-11-25,32.05,33.14,31.99,32.63,368799
1553,CALDR,Caldera Energía,2024-11-25,11.81,11.97,11.57,11.72,231640
1554,LKVW,Lakeview Alimentación,2024-11-25,12.73,13.18,12.48,13.01,204892
1555,MRDN,Meridiano Industrial,2024-11-25,36.16,36.24,36.03,36.03,214026
1556,NRTH,Northwind Farmacéutica,2024-11-25,104.35,106.78,103.48,106.28,436973
1557,OKVL,Oakvale Construcción,2024-11-25,8.21,8.32,7.87,8.03,332947
1558,PNFD,Pinefield Logística,2024-11-25,34.83,36.44,34.47,35.63,107466
1559,STNB,Stonebridge Seguros,2024-11-25,50.87,51.01,49.08,49.85,222449
1560,VGRE,Vega Renovables,2024-11-25,94.35,95.35,92.70,93.14,146367
1561,ARCD,Arcadia Telecom,2024-11-26,8.26,8.39,8.24,8.38,257304
1562,BLHB,Blue Harbour Naval,2024-11-26,32.51,32.96,31.84,31.93,224451
1563,CALDR,Caldera Energía,2024-11-26,11.58,11.72,11.53,11.64,147408
1564,LKVW,Lakeview Alimentación,2024-11-26,13.02,13.05,12.93,13.04,252135
1565,MRDN,Meridiano Industrial,2024-11-26,36.12,37.02,35.05,35.36,311442
1566,NRTH,Northwind Farmacéutica,2024-11-26,106.05,106.30,105.46,105.77,239174
1567,OKVL,Oakvale Construcción,2024-11-26,7.94,8.20,7.94,8.10,274946
1568,PNFD,Pinefield Logística,2024-11-26,35.19,35.94,34.75,35.78,120379
1569,STNB,Stonebridge Seguros,2024-11-26,49.87,52.20,48.97,51.16,408546
1570,VGRE,Vega Renovables,2024-11-26,92.21,92.82,90.83,91.75,378560
1571,ARCD,Arcadia Telecom,2024-11-27,8.42,8.60,8.19,8.23,301533
1572,BLHB,Blue Harbour Naval,2024-11-27,31.92,32.45,31.05,31.31,329287
1573,CALDR,Caldera Energía,2024-11-27,11.64,11.75,11.47,11.52,335709
1574,LKVW,Lakeview Alimentación,2024-11-27,13.09,13.35,12.58,12.78,322214
1575,MRDN,Meridiano Industrial,2024-11-27,35.12,36.36,35.10,35.62,338219
1576,NRTH,Northwind Farmacéutica,2024-11-27,105.31,105.53,104.95,105.12,100901
1577,OKVL,Oakvale Construcción,2024-11-27,8.07,8.31,7.97,8.22,515470
1578,PNFD,Pinefield Logística,2024-11-27,36.12,36.69,35.53,35.80,101420
1579,STNB,Stonebridge Seguros,2024-11-27,51.14,51.50,50.64,50.69,171553
1580,VGRE,Vega Renovables,2024-11-27,91.74,92.94,90.76,92.28,227289
1581,ARCD,Arcadia Telecom,2024-11-28,8.19,8.44,8.06,8.30,257575
1582,BLHB,Blue Harbour Naval,2024-11-28,31.40,31.66,31.19,31.66,359511
1583,CALDR,Caldera Energía,2024-11-28,11.51,12.07,11.37,11.74,265816
1584,LKVW,Lakeview Alimentación,2024-11-28,12.68,13.09,12.62,12.86,91691
1585,MRDN,Meridiano Industrial,2024-11-28,35.52,35.57,35.43,35.54,162562
1586,NRTH,Northwind Farmacéutica,2024-11-28,104.98,107.82,103.11,106.12,251880
1587,OKVL,Oakvale Construcción,2024-11-28,8.17,8.25,8.16,8.22,173533
1588,PNFD,Pinefield Logística,2024-11-28,35.51,36.46,35.16,36.26,285069
1589,STNB,Stonebridge Seguros,2024-11-28,50.41,52.30,47.69,48.66,677181
1590,VGRE,Vega Renovables,2024-11-28,93.28,98.72,86.40,88.32,676810
1591,ARCD,Arcadia Telecom,2024-11-29,8.30,8.37,8.14,8.21,341200
1592,BLHB,Blue Harbour Naval,2024-11-29,31.53,31.76,31.36,31.48,278251
1593,CALDR,Caldera Energía,2024-11-29,11.71,12.01,11.62,11.93,513114
1594,LKVW,Lakeview Alimentación,2024-11-29,12.83,12.86,12.82,12.85,200106
1595,MRDN,Meridiano Industrial,2024-11-29,35.41,36.07,35.41,35.96,264007
1596,NRTH,Northwind Farmacéutica,2024-11-29,106.34,107.21,106.14,106.78,82719
1597,OKVL,Oakvale Construcción,2024-11-29,8.24,8.24,8.08,8.12,338029
1598,PNFD,Pinefield Logística,2024-11-29,35.95,36.92,35.80,36.42,212344
1599,STNB,Stonebridge Seguros,2024-11-29,48.61,48.72,48.02,48.12,141742
1600,VGRE,Vega Renovables,2024-11-29,88.79,88.91,88.22,88.86,112690
1601,ARCD,Arcadia Telecom,2024-12-02,8.14,8.26,7.95,8.01,292457
1602,BLHB,Blue Harbour Naval,2024-12-02,31.56,32.07,30.98,31.23,277292
1603,CALDR,Caldera Energía,2024-12-02,11.86,11.91,11.69,11.72,486895
1604,LKVW,Lakeview Alimentación,2024-12-02,12.84,13.19,12.80,13.07,383778
1605,MRDN,Meridiano Industrial,2024-12-02,35.83,36.48,35.27,36.36,388077
1606,NRTH,Northwind Farmacéutica,2024-12-02,106.61,108.42,106.48,107.69,274406
1607,OKVL,Oakvale Construcción,2024-12-02,8.04,8.53,7.93,8.30,334700
1608,PNFD,Pinefield Logística,2024-12-02,36.40,36.59,34.35,35.23,601487
1609,STNB,Stonebridge Seguros,2024-12-02,47.80,48.03,47.69,47.80,314270
1610,VGRE,Vega Renovables,2024-12-02,87.43,89.29,85.30,88.85,53760
1611,ARCD,Arcadia Telecom,2024-12-03,8.00,8.01,7.78,7.88,358427
1612,BLHB,Blue Harbour Naval,2024-12-03,31.28,31.39,31.15,31.32,276333
1613,CALDR,Caldera Energía,2024-12-03,11.78,11.79,11.69,11.72,198324
1614,LKVW,Lakeview Alimentación,2024-12-03,13.07,13.19,13.04,13.15,283631
1615,MRDN,Meridiano Industrial,2024-12-03,36.32,36.89,35.95,36.67,352923
1616,NRTH,Northwind Farmacéutica,2024-12-03,107.14,108.61,105.47,106.14,370212
1617,OKVL,Oakvale Construcción,2024-12-03,8.30,8.56,8.23,8.43,408314
1618,PNFD,Pinefield Logística,2024-12-03,35.11,36.04,35.10,35.55,265454
1619,STNB,Stonebridge Seguros,2024-12-03,48.36,49.34,48.01,48.79,219721
1620,VGRE,Vega Renovables,2024-12-03,88.84,93.93,88.15,90.77,406720
1621,ARCD,Arcadia Telecom,2024-12-04,7.92,7.94,7.87,7.89,134963
1622,BLHB,Blue Harbour Naval,2024-12-04,31.33,32.46,30.85,32.00,452841
1623,CALDR,Caldera Energía,2024-12-04,11.72,11.89,11.59,11.84,245341
1624,LKVW,Lakeview Alimentación,2024-12-04,13.22,13.26,12.90,13.05,225688
1625,MRDN,Meridiano Industrial,2024-12-04,37.08,37.25,36.65,36.79,238994
1626,NRTH,Northwind Farmacéutica,2024-12-04,106.03,106.13,105.18,105.58,99012
1627,OKVL,Oakvale Construcción,2024-12-04,8.37,8.72,8.32,8.54,151812
1628,PNFD,Pinefield Logística,2024-12-04,35.54,37.70,35.01,36.72,469158
1629,STNB,Stonebridge Seguros,2024-12-04,48.52,49.57,48.17,49.11,273697
1630,VGRE,Vega Renovables,2024-12-04,90.80,93.73,89.57,93.38,406356
1631,ARCD,Arcadia Telecom,2024-12-05,7.90,7.95,7.83,7.86,120590
1632,BLHB,Blue Harbour Naval,2024-12-05,31.94,33.52,31.88,32.66,411693
1633,CALDR,Caldera Energía,2024-12-05,11.97,12.15,11.76,11.84,200165
1634,LKVW,Lakeview Alimentación,2024-12-05,13.00,13.41,12.74,13.09,253106
1635,MRDN,Meridiano Industrial,2024-12-05,36.84,37.47,36.15,36.52,175871
1636,NRTH,Northwind Farmacéutica,2024-12-05,106.00,107.84,103.66,104.10,304560
1637,OKVL,Oakvale Construcción,2024-12-05,8.58,8.65,8.35,8.40,368851
1638,PNFD,Pinefield Logística,2024-12-05,37.01,39.29,36.67,37.88,504389
1639,STNB,Stonebridge Seguros,2024-12-05,49.22,49.24,48.63,48.95,208347
1640,VGRE,Vega Renovables,2024-12-05,93.12,94.73,92.86,93.76,267860
1641,ARCD,Arcadia Telecom,2024-12-06,7.92,7.93,7.75,7.85,125433
1642,BLHB,Blue Harbour Naval,2024-12-06,32.85,33.05,32.84,32.97,256515
1643,CALDR,Caldera Energía,2024-12-06,11.87,11.93,11.78,11.82,153904
1644,LKVW,Lakeview Alimentación,2024-12-06,13.22,13.60,12.56,12.96,311541
1645,MRDN,Meridiano Industrial,2024-12-06,36.59,36.64,35.96,35.98,356641
1646,NRTH,Northwind Farmacéutica,2024-12-06,103.26,103.41,102.71,103.34,402390
1647,OKVL,Oakvale Construcción,2024-12-06,8.45,8.57,8.39,8.39,272534
1648,PNFD,Pinefield Logística,2024-12-06,38.54,39.98,35.81,36.93,704624
1649,STNB,Stonebridge Seguros,2024-12-06,48.90,49.58,48.10,48.27,461553
1650,VGRE,Vega Renovables,2024-12-06,94.10,95.29,94.02,95.03,382303
1651,ARCD,Arcadia Telecom,2024-12-09,7.87,8.15,7.81,8.06,421546
1652,BLHB,Blue Harbour Naval,2024-12-09,32.87,33.64,31.07,32.09,505709
1653,CALDR,Caldera Energía,2024-12-09,11.95,12.51,11.09,11.36,294813
1654,LKVW,Lakeview Alimentación,2024-12-09,13.02,13.15,12.99,12.99,209158
1655,MRDN,Meridiano Industrial,2024-12-09,35.92,36.11,35.83,35.99,253857
1656,NRTH,Northwind Farmacéutica,2024-12-09,103.46,103.74,103.20,103.65,130710
1657,OKVL,Oakvale Construcción,2024-12-09,8.45,8.46,8.35,8.40,77420
1658,PNFD,Pinefield Logística,2024-12-09,37.47,38.02,36.39,36.97,194485
1659,STNB,Stonebridge Seguros,2024-12-09,48.15,48.37,47.98,48.06,180690
1660,VGRE,Vega Renovables,2024-12-09,93.85,97.36,92.84,95.02,199872
1661,ARCD,Arcadia Telecom,2024-12-10,8.04,8.23,7.98,8.13,197940
1662,BLHB,Blue Harbour Naval,2024-12-10,31.97,32.15,31.81,32.13,160488
1663,CALDR,Caldera Energía,2024-12-10,11.36,11.61,10.93,11.10,378114
1664,LKVW,Lakeview Alimentación,2024-12-10,12.98,13.05,12.96,13.00,258809
1665,MRDN,Meridiano Industrial,2024-12-10,36.06,36.58,35.76,36.38,268924
1666,NRTH,Northwind Farmacéutica,2024-12-10,103.59,105.15,103.12,104.43,307568
1667,OKVL,Oakvale Construcción,2024-12-10,8.42,8.50,8.00,8.21,464732
1668,PNFD,Pinefield Logística,2024-12-10,37.29,38.75,35.73,36.78,354024
1669,STNB,Stonebridge Seguros,2024-12-10,47.72,48.41,47.70,48.38,283864
1670,VGRE,Vega Renovables,2024-12-10,95.99,97.85,94.13,94.39,342125
1671,ARCD,Arcadia Telecom,2024-12-11,8.10,8.18,8.07,8.13,219048
1672,BLHB,Blue Harbour Naval,2024-12-11,32.09,32.76,31.55,32.30,295625
1673,CALDR,Caldera Energía,2024-12-11,11.15,11.24,10.99,11.04,211731
1674,LKVW,Lakeview Alimentación,2024-12-11,13.02,13.14,12.92,12.96,163589
1675,MRDN,Meridiano Industrial,2024-12-11,36.33,36.42,35.12,35.74,366858
1676,NRTH,Northwind Farmacéutica,2024-12-11,103.86,104.06,101.81,103.33,316678
1677,OKVL,Oakvale Construcción,2024-12-11,8.18,8.35,8.08,8.34,361373
1678,PNFD,Pinefield Logística,2024-12-11,36.73,37.11,36.71,37.00,173612
1679,STNB,Stonebridge Seguros,2024-12-11,48.43,48.58,48.32,48.47,267766
1680,VGRE,Vega Renovables,2024-12-11,94.22,95.75,92.84,95.54,267867
1681,ARCD,Arcadia Telecom,2024-12-12,8.16,8.25,8.09,8.20,279961
1682,BLHB,Blue Harbour Naval,2024-12-12,32.19,32.88,31.98,32.34,163425
1683,CALDR,Caldera Energía,2024-12-12,11.00,11.28,10.76,11.21,307093
1684,LKVW,Lakeview Alimentación,2024-12-12,12.98,13.37,12.55,12.63,305338
1685,MRDN,Meridiano Industrial,2024-12-12,35.84,35.89,35.61,35.74,192574
1686,NRTH,Northwind Farmacéutica,2024-12-12,102.93,104.10,101.69,103.11,209244
1687,OKVL,Oakvale Construcción,2024-12-12,8.34,8.41,8.29,8.33,120757
1688,PNFD,Pinefield Logística,2024-12-12,37.55,37.92,36.22,36.99,162692
1689,STNB,Stonebridge Seguros,2024-12-12,48.61,48.90,46.23,47.04,284782
1690,VGRE,Vega Renovables,2024-12-12,95.33,96.50,93.68,94.57,225512
1691,ARCD,Arcadia Telecom,2024-12-13,8.16,8.33,8.16,8.23,186105
1692,BLHB,Blue Harbour Naval,2024-12-13,32.24,32.56,31.53,31.79,538253
1693,CALDR,Caldera Energía,2024-12-13,11.23,11.33,11.16,11.19,170449
1694,LKVW,Lakeview Alimentación,2024-12-13,12.68,12.77,12.50,12.61,164110
1695,MRDN,Meridiano Industrial,2024-12-13,35.79,36.96,35.07,36.42,487039
1696,NRTH,Northwind Farmacéutica,2024-12-13,102.71,103.38,102.30,103.01,280282
1697,OKVL,Oakvale Construcción,2024-12-13,8.40,8.67,7.91,8.07,100679
1698,PNFD,Pinefield Logística,2024-12-13,36.96,37.28,36.81,37.02,143916
1699,STNB,Stonebridge Seguros,2024-12-13,47.29,47.38,47.17,47.23,136786
1700,VGRE,Vega Renovables,2024-12-13,94.77,97.94,94.69,96.94,455102
1701,ARCD,Arcadia Telecom,2024-12-16,8.28,8.35,8.18,8.22,226387
1702,BLHB,Blue Harbour Naval,2024-12-16,31.75,31.81,31.65,31.67,172324
1703,CALDR,Caldera Energía,2024-12-16,11.21,11.24,11.02,11.06,452034
1704,LKVW,Lakeview Alimentación,2024-12-16,12.65,12.70,12.35,12.37,539266
1705,MRDN,Meridiano Industrial,2024-12-16,36.50,36.75,36.10,36.30,192832
1706,NRTH,Northwind Farmacéutica,2024-12-16,103.66,106.79,103.30,105.06,252498
1707,OKVL,Oakvale Construcción,2024-12-16,8.02,8.08,8.01,8.04,198706
1708,PNFD,Pinefield Logística,2024-12-16,36.89,38.58,35.91,37.44,205699
1709,STNB,Stonebridge Seguros,2024-12-16,47.71,48.29,46.34,46.89,193327
1710,VGRE,Vega Renovables,2024-12-16,97.36,100.03,94.03,99.79,664058
1711,ARCD,Arcadia Telecom,2024-12-17,8.22,8.24,8.14,8.18,91740
1712,BLHB,Blue Harbour Naval,2024-12-17,31.66,32.06,30.66,30.76,540413
1713,CALDR,Caldera Energía,2024-12-17,10.99,11.08,10.94,11.04,208933
1714,LKVW,Lakeview Alimentación,2024-12-17,12.45,12.49,12.25,12.35,170986
1715,MRDN,Meridiano Industrial,2024-12-17,36.43,36.47,36.07,36.17,270968
1716,NRTH,Northwind Farmacéutica,2024-12-17,105.00,107.37,104.29,107.16,547601
1717,OKVL,Oakvale Construcción,2024-12-17,8.04,8.11,8.00,8.08,274317
1718,PNFD,Pinefield Logística,2024-12-17,37.52,38.19,36.14,36.67,403641
1719,STNB,Stonebridge Seguros,2024-12-17,47.19,47.27,46.64,46.67,211604
1720,VGRE,Vega Renovables,2024-12-17,99.71,100.42,99.59,100.06,218022
1721,ARCD,Arcadia Telecom,2024-12-18,8.22,8.28,8.15,8.17,251380
1722,BLHB,Blue Harbour Naval,2024-12-18,30.80,31.38,30.46,31.19,205585
1723,CALDR,Caldera Energía,2024-12-18,10.98,11.51,10.89,11.48,546213
1724,LKVW,Lakeview Alimentación,2024-12-18,12.29,12.34,12.24,12.26,222672
1725,MRDN,Meridiano Industrial,2024-12-18,36.21,36.22,35.78,36.00,245765
1726,NRTH,Northwind Farmacéutica,2024-12-18,107.43,107.49,106.50,107.18,277199
1727,OKVL,Oakvale Construcción,2024-12-18,8.01,8.08,7.94,8.08,158929
1728,PNFD,Pinefield Logística,2024-12-18,36.55,37.46,36.03,36.43,259053
1729,STNB,Stonebridge Seguros,2024-12-18,46.56,47.41,46.13,47.18,265941
1730,VGRE,Vega Renovables,2024-12-18,100.72,102.48,100.29,101.46,326887
1731,ARCD,Arcadia Telecom,2024-12-19,8.17,8.23,8.10,8.11,57168
1732,BLHB,Blue Harbour Naval,2024-12-19,31.32,31.70,30.84,30.93,187020
1733,CALDR,Caldera Energía,2024-12-19,11.49,11.51,11.43,11.43,288998
1734,LKVW,Lakeview Alimentación,2024-12-19,12.29,12.36,12.21,12.24,233563
1735,MRDN,Meridiano Industrial,2024-12-19,36.13,36.26,36.11,36.22,376358
1736,NRTH,Northwind Farmacéutica,2024-12-19,107.74,108.02,107.13,107.48,157931
1737,OKVL,Oakvale Construcción,2024-12-19,8.05,8.05,8.03,8.04,122613
1738,PNFD,Pinefield Logística,2024-12-19,36.56,37.61,35.50,35.91,362568
1739,STNB,Stonebridge Seguros,2024-12-19,47.10,47.12,47.00,47.08,191303
1740,VGRE,Vega Renovables,2024-12-19,101.29,104.51,96.69,99.66,389321
1741,ARCD,Arcadia Telecom,2024-12-20,8.17,8.30,8.16,8.23,276819
1742,BLHB,Blue Harbour Naval,2024-12-20,30.80,32.77,29.82,31.79,339106
1743,CALDR,Caldera Energía,2024-12-20,11.40,11.87,10.98,11.60,327403
1744,LKVW,Lakeview Alimentación,2024-12-20,12.25,12.40,12.20,12.35,270319
1745,MRDN,Meridiano Industrial,2024-12-20,36.24,36.49,34.29,35.23,227129
1746,NRTH,Northwind Farmacéutica,2024-12-20,107.98,108.84,106.82,107.17,147117
1747,OKVL,Oakvale Construcción,2024-12-20,8.05,8.13,8.01,8.06,214725
1748,PNFD,Pinefield Logística,2024-12-20,36.21,37.95,35.37,37.72,866457
1749,STNB,Stonebridge Seguros,2024-12-20,47.18,47.44,45.44,46.59,389041
1750,VGRE,Vega Renovables,2024-12-20,100.54,105.96,89.30,93.18,630004
1751,ARCD,Arcadia Telecom,2024-12-23,8.28,8.34,8.11,8.20,160564
1752,BLHB,Blue Harbour Naval,2024-12-23,31.56,31.70,31.47,31.70,245045
1753,CALDR,Caldera Energía,2024-12-23,11.64,11.65,11.58,11.59,248620
1754,LKVW,Lakeview Alimentación,2024-12-23,12.36,13.03,11.97,12.67,277574
1755,MRDN,Meridiano Industrial,2024-12-23,35.29,35.74,35.18,35.42,243337
1756,NRTH,Northwind Farmacéutica,2024-12-23,107.83,108.36,106.89,107.20,200479
1757,OKVL,Oakvale Construcción,2024-12-23,8.07,8.21,8.03,8.16,237484
1758,PNFD,Pinefield Logística,2024-12-23,37.70,38.07,37.09,37.40,288414
1759,STNB,Stonebridge Seguros,2024-12-23,46.73,48.71,46.26,48.05,202565
1760,VGRE,Vega Renovables,2024-12-23,92.43,97.70,90.53,96.37,481223
1761,ARCD,Arcadia Telecom,2024-12-24,8.21,8.30,8.16,8.18,222254
1762,BLHB,Blue Harbour Naval,2024-12-24,31.67,33.29,31.35,32.43,657891
1763,CALDR,Caldera Energía,2024-12-24,11.68,11.73,11.56,11.61,216673
1764,LKVW,Lakeview Alimentación,2024-12-24,12.65,12.71,12.62,12.66,251189
1765,MRDN,Meridiano Industrial,2024-12-24,35.47,35.79,34.87,35.18,267806
1766,NRTH,Northwind Farmacéutica,2024-12-24,107.17,110.32,102.16,104.55,457282
1767,OKVL,Oakvale Construcción,2024-12-24,8.10,8.30,7.91,7.93,705794
1768,PNFD,Pinefield Logística,2024-12-24,37.58,37.65,36.26,36.69,443064
1769,STNB,Stonebridge Seguros,2024-12-24,48.19,48.27,47.61,48.16,184671
1770,VGRE,Vega Renovables,2024-12-24,96.33,98.28,94.60,95.11,180139
1771,ARCD,Arcadia Telecom,2024-12-25,8.15,8.44,7.99,8.35,511227
1772,BLHB,Blue Harbour Naval,2024-12-25,32.24,33.34,31.52,32.63,214527
1773,CALDR,Caldera Energía,2024-12-25,11.63,12.05,11.40,11.88,505356
1774,LKVW,Lakeview Alimentación,2024-12-25,12.67,12.78,12.23,12.39,183435
1775,MRDN,Meridiano Industrial,2024-12-25,35.21,35.58,34.49,34.73,275528
1776,NRTH,Northwind Farmacéutica,2024-12-25,105.09,105.18,102.66,103.91,241362
1777,OKVL,Oakvale Construcción,2024-12-25,7.93,7.99,7.92,7.96,312104
1778,PNFD,Pinefield Logística,2024-12-25,36.68,36.77,35.67,36.29,256314
1779,STNB,Stonebridge Seguros,2024-12-25,48.18,48.94,46.63,47.39,233358
1780,VGRE,Vega Renovables,2024-12-25,94.80,95.39,91.44,91.95,50888
1781,ARCD,Arcadia Telecom,2024-12-26,8.34,8.37,8.22,8.29,157479
1782,BLHB,Blue Harbour Naval,2024-12-26,32.71,32.86,32.28,32.45,154505
1783,CALDR,Caldera Energía,2024-12-26,11.93,11.94,11.88,11.88,176185
1784,LKVW,Lakeview Alimentación,2024-12-26,12.47,12.68,12.37,12.63,396713
1785,MRDN,Meridiano Industrial,2024-12-26,34.58,35.46,34.03,35.25,299270
1786,NRTH,Northwind Farmacéutica,2024-12-26,104.36,104.41,100.31,102.15,294543
1787,OKVL,Oakvale Construcción,2024-12-26,7.97,7.99,7.95,7.98,312136
1788,PNFD,Pinefield Logística,2024-12-26,36.26,36.80,36.08,36.60,259494
1789,STNB,Stonebridge Seguros,2024-12-26,47.28,47.43,46.88,47.13,153461
1790,VGRE,Vega Renovables,2024-12-26,93.06,93.36,92.08,92.84,378477
1791,ARCD,Arcadia Telecom,2024-12-27,8.28,8.43,8.02,8.13,473705
1792,BLHB,Blue Harbour Naval,2024-12-27,32.34,32.63,32.13,32.54,189327
1793,CALDR,Caldera Energía,2024-12-27,11.87,11.98,11.83,11.89,116012
1794,LKVW,Lakeview Alimentación,2024-12-27,12.61,12.75,12.52,12.68,248218
1795,MRDN,Meridiano Industrial,2024-12-27,35.56,35.60,35.48,35.52,230098
1796,NRTH,Northwind Farmacéutica,2024-12-27,102.04,104.08,100.77,103.06,290236
1797,OKVL,Oakvale Construcción,2024-12-27,7.96,8.10,7.95,8.02,168143
1798,PNFD,Pinefield Logística,2024-12-27,36.52,37.46,34.65,35.51,637894
1799,STNB,Stonebridge Seguros,2024-12-27,47.14,47.17,47.04,47.09,222240
1800,VGRE,Vega Renovables,2024-12-27,92.94,93.54,91.55,93.03,291032
1801,ARCD,Arcadia Telecom,2024-12-30,8.11,8.13,8.09,8.09,189160
1802,BLHB,Blue Harbour Naval,2024-12-30,32.43,33.90,32.01,33.19,287647
1803,CALDR,Caldera Energía,2024-12-30,11.83,12.22,11.50,12.09,418723
1804,LKVW,Lakeview Alimentación,2024-12-30,12.70,12.81,12.68,12.75,188741
1805,MRDN,Meridiano Industrial,2024-12-30,35.58,35.76,35.50,35.50,194658
1806,NRTH,Northwind Farmacéutica,2024-12-30,103.11,104.85,103.06,104.64,327138
1807,OKVL,Oakvale Construcción,2024-12-30,8.04,8.17,7.95,7.96,260293
1808,PNFD,Pinefield Logística,2024-12-30,35.33,35.58,35.09,35.58,126600
1809,STNB,Stonebridge Seguros,2024-12-30,47.09,48.23,46.51,47.65,115277
1810,VGRE,Vega Renovables,2024-12-30,92.52,97.21,89.95,94.91,315716
1811,ARCD,Arcadia Telecom,2024-12-31,8.08,8.09,8.04,8.05,232192
1812,BLHB,Blue Harbour Naval,2024-12-31,33.33,33.47,33.02,33.21,175211
1813,CALDR,Caldera Energía,2024-12-31,12.14,12.17,12.12,12.12,163047
1814,LKVW,Lakeview Alimentación,2024-12-31,12.85,12.97,12.73,12.87,285058
1815,MRDN,Meridiano Industrial,2024-12-31,35.57,35.84,35.06,35.35,167583
1816,NRTH,Northwind Farmacéutica,2024-12-31,105.12,105.28,103.73,103.78,325097
1817,OKVL,Oakvale Construcción,2024-12-31,7.98,7.99,7.81,7.90,318938
1818,PNFD,Pinefield Logística,2024-12-31,35.48,36.75,34.62,36.23,380133
1819,STNB,Stonebridge Seguros,2024-12-31,47.15,47.87,46.28,46.64,259610
1820,VGRE,Vega Renovables,2024-12-31,96.00,98.07,94.98,97.18,431033
1821,ARCD,Arcadia Telecom,2025-01-01,8.11,8.14,7.97,7.99,259797
1822,BLHB,Blue Harbour Naval,2025-01-01,33.48,33.57,32.99,33.22,229419
1823,CALDR,Caldera Energía,2025-01-01,12.19,12.47,11.86,12.02,266660
1824,LKVW,Lakeview Alimentación,2025-01-01,12.78,12.86,12.75,12.76,361789
1825,MRDN,Meridiano Industrial,2025-01-01,35.38,35.56,35.02,35.18,215844
1826,NRTH,Northwind Farmacéutica,2025-01-01,103.91,103.91,103.75,103.90,2847
1827,OKVL,Oakvale Construcción,2025-01-01,7.92,7.99,7.88,7.96,286874
1828,PNFD,Pinefield Logística,2025-01-01,36.14,36.61,36.06,36.15,249914
1829,STNB,Stonebridge Seguros,2025-01-01,46.33,46.78,45.56,46.05,359370
1830,VGRE,Vega Renovables,2025-01-01,97.18,103.44,96.82,99.55,287770
1831,ARCD,Arcadia Telecom,2025-01-02,8.01,8.01,7.95,7.96,317826
1832,BLHB,Blue Harbour Naval,2025-01-02,33.28,33.38,32.61,33.01,118751
1833,CALDR,Caldera Energía,2025-01-02,12.05,12.39,12.03,12.32,502884
1834,LKVW,Lakeview Alimentación,2025-01-02,12.72,12.79,12.49,12.63,274581
1835,MRDN,Meridiano Industrial,2025-01-02,35.26,35.75,35.07,35.55,409236
1836,NRTH,Northwind Farmacéutica,2025-01-02,103.95,104.19,102.79,103.02,187095
1837,OKVL,Oakvale Construcción,2025-01-02,7.97,8.35,7.89,8.18,499277
1838,PNFD,Pinefield Logística,2025-01-02,36.24,36.90,35.71,36.46,356385
1839,STNB,Stonebridge Seguros,2025-01-02,46.08,47.01,45.94,46.81,370445
1840,VGRE,Vega Renovables,2025-01-02,99.36,103.03,98.52,101.79,266328
1841,ARCD,Arcadia Telecom,2025-01-03,7.96,8.18,7.85,8.03,225553
1842,BLHB,Blue Harbour Naval,2025-01-03,33.11,33.57,32.77,33.31,198075
1843,CALDR,Caldera Energía,2025-01-03,12.21,12.71,12.15,12.55,569657
1844,LKVW,Lakeview Alimentación,2025-01-03,12.71,12.78,12.58,12.63,208429
1845,MRDN,Meridiano Industrial,2025-01-03,35.67,36.02,35.57,35.90,297098
1846,NRTH,Northwind Farmacéutica,2025-01-03,103.43,103.69,102.95,103.19,195250
1847,OKVL,Oakvale Construcción,2025-01-03,8.20,8.28,8.11,8.16,219287
1848,PNFD,Pinefield Logística,2025-01-03,36.95,38.95,35.99,37.94,402912
1849,STNB,Stonebridge Seguros,2025-01-03,46.63,46.93,46.15,46.30,242743
1850,VGRE,Vega Renovables,2025-01-03,101.97,102.50,95.23,98.48,448045
1851,ARCD,Arcadia Telecom,2025-01-06,8.03,8.05,8.01,8.03,227742
1852,BLHB,Blue Harbour Naval,2025-01-06,33.49,33.71,32.54,33.05,252356
1853,CALDR,Caldera Energía,2025-01-06,12.56,13.08,12.43,12.81,373702
1854,LKVW,Lakeview Alimentación,2025-01-06,12.57,12.71,12.48,12.66,190476
1855,MRDN,Meridiano Industrial,2025-01-06,35.92,36.28,35.69,36.11,269693
1856,NRTH,Northwind Farmacéutica,2025-01-06,103.25,103.54,103.05,103.13,190797
1857,OKVL,Oakvale Construcción,2025-01-06,8.08,8.47,7.88,8.27,340773
1858,PNFD,Pinefield Logística,2025-01-06,37.69,39.07,37.31,39.06,552750
1859,STNB,Stonebridge Seguros,2025-01-06,46.39,46.67,46.25,46.50,234954
1860,VGRE,Vega Renovables,2025-01-06,99.08,102.49,98.79,101.58,219552
1861,ARCD,Arcadia Telecom,2025-01-07,8.02,8.04,8.01,8.03,222902
1862,BLHB,Blue Harbour Naval,2025-01-07,33.30,33.32,33.04,33.14,225751
1863,CALDR,Caldera Energía,2025-01-07,12.77,13.34,12.38,13.32,662097
1864,LKVW,Lakeview Alimentación,2025-01-07,12.55,12.82,12.30,12.80,336750
1865,MRDN,Meridiano Industrial,2025-01-07,36.28,36.63,35.03,35.70,204367
1866,NRTH,Northwind Farmacéutica,2025-01-07,102.96,104.70,101.33,103.95,350643
1867,OKVL,Oakvale Construcción,2025-01-07,8.26,8.30,8.22,8.26,273429
1868,PNFD,Pinefield Logística,2025-01-07,39.56,39.64,39.21,39.25,234898
1869,STNB,Stonebridge Seguros,2025-01-07,46.90,47.55,46.42,46.62,222185
1870,VGRE,Vega Renovables,2025-01-07,101.71,105.10,99.87,103.76,334103
1871,ARCD,Arcadia Telecom,2025-01-08,8.06,8.09,7.89,7.94,371774
1872,BLHB,Blue Harbour Naval,2025-01-08,33.19,33.65,32.43,32.80,392836
1873,CALDR,Caldera Energía,2025-01-08,13.43,14.52,12.91,13.90,669505
1874,LKVW,Lakeview Alimentación,2025-01-08,12.79,12.99,12.20,12.49,434223
1875,MRDN,Meridiano Industrial,2025-01-08,35.75,35.81,35.52,35.52,243890
1876,NRTH,Northwind Farmacéutica,2025-01-08,103.53,105.86,103.33,104.28,270784
1877,OKVL,Oakvale Construcción,2025-01-08,8.27,8.30,8.19,8.24,214962
1878,PNFD,Pinefield Logística,2025-01-08,38.58,40.41,38.14,40.08,419511
1879,STNB,Stonebridge Seguros,2025-01-08,46.57,48.63,46.48,47.80,342724
1880,VGRE,Vega Renovables,2025-01-08,101.90,102.62,101.38,101.76,387734
1881,ARCD,Arcadia Telecom,2025-01-09,7.93,7.97,7.91,7.92,119455
1882,BLHB,Blue Harbour Naval,2025-01-09,32.91,33.26,31.93,32.43,223536
1883,CALDR,Caldera Energía,2025-01-09,13.91,14.05,13.60,13.74,328563
1884,LKVW,Lakeview Alimentación,2025-01-09,12.51,12.69,12.40,12.61,262432
1885,MRDN,Meridiano Industrial,2025-01-09,35.67,36.86,35.46,36.15,397024
1886,NRTH,Northwind Farmacéutica,2025-01-09,104.64,106.29,103.16,105.61,429637
1887,OKVL,Oakvale Construcción,2025-01-09,8.16,8.37,8.12,8.32,103562
1888,PNFD,Pinefield Logística,2025-01-09,39.95,40.54,39.22,40.30,146058
1889,STNB,Stonebridge Seguros,2025-01-09,47.73,48.18,47.38,48.05,211780
1890,VGRE,Vega Renovables,2025-01-09,100.82,110.31,98.24,105.47,519642
1891,ARCD,Arcadia Telecom,2025-01-10,7.91,8.07,7.86,7.97,256932
1892,BLHB,Blue Harbour Naval,2025-01-10,32.33,32.62,31.72,31.85,342694
1893,CALDR,Caldera Energía,2025-01-10,13.89,14.04,13.74,14.04,198767
1894,LKVW,Lakeview Alimentación,2025-01-10,12.59,12.67,12.44,12.45,377446
1895,MRDN,Meridiano Industrial,2025-01-10,36.09,36.28,35.62,35.76,168676
1896,NRTH,Northwind Farmacéutica,2025-01-10,104.96,106.86,104.27,106.31,320999
1897,OKVL,Oakvale Construcción,2025-01-10,8.32,8.45,8.26,8.38,127177
1898,PNFD,Pinefield Logística,2025-01-10,39.86,39.90,39.79,39.89,344014
1899,STNB,Stonebridge Seguros,2025-01-10,47.79,48.58,47.30,48.29,105716
1900,VGRE,Vega Renovables,2025-01-10,107.33,107.62,107.07,107.43,289189
1901,ARCD,Arcadia Telecom,2025-01-13,7.98,8.10,7.94,7.96,230661
1902,BLHB,Blue Harbour Naval,2025-01-13,31.97,32.40,31.73,32.14,211785
1903,CALDR,Caldera Energía,2025-01-13,14.02,14.04,13.93,14.00,203368
1904,LKVW,Lakeview Alimentación,2025-01-13,12.52,12.53,12.35,12.35,335358
1905,MRDN,Meridiano Industrial,2025-01-13,35.62,36.98,34.89,36.25,348895
1906,NRTH,Northwind Farmacéutica,2025-01-13,106.52,108.20,105.47,107.09,228164
1907,OKVL,Oakvale Construcción,2025-01-13,8.45,8.73,8.38,8.60,466884
1908,PNFD,Pinefield Logística,2025-01-13,39.84,40.37,39.56,40.11,222430
1909,STNB,Stonebridge Seguros,2025-01-13,47.74,48.02,47.08,47.34,301842
1910,VGRE,Vega Renovables,2025-01-13,107.43,108.08,107.26,108.05,241694
1911,ARCD,Arcadia Telecom,2025-01-14,7.96,8.19,7.83,8.05,370893
1912,BLHB,Blue Harbour Naval,2025-01-14,32.28,33.14,32.11,32.54,333814
1913,CALDR,Caldera Energía,2025-01-14,13.93,14.09,13.70,13.84,287608
1914,LKVW,Lakeview Alimentación,2025-01-14,12.30,12.43,12.27,12.37,167049
1915,MRDN,Meridiano Industrial,2025-01-14,36.50,37.13,36.31,36.78,289304
1916,NRTH,Northwind Farmacéutica,2025-01-14,107.52,109.99,106.74,109.09,326218
1917,OKVL,Oakvale Construcción,2025-01-14,8.63,8.64,8.37,8.50,164955
1918,PNFD,Pinefield Logística,2025-01-14,39.79,43.85,37.20,41.81,776571
1919,STNB,Stonebridge Seguros,2025-01-14,47.58,49.31,46.72,48.30,279854
1920,VGRE,Vega Renovables,2025-01-14,107.53,113.06,105.87,110.40,25472
1921,ARCD,Arcadia Telecom,2025-01-15,8.00,8.44,7.85,8.23,314977
1922,BLHB,Blue Harbour Naval,2025-01-15,32.44,33.21,32.02,32.80,150889
1923,CALDR,Caldera Energía,2025-01-15,13.94,14.50,12.66,13.21,595206
1924,LKVW,Lakeview Alimentación,2025-01-15,12.37,12.46,11.94,12.13,423772
1925,MRDN,Meridiano Industrial,2025-01-15,36.73,37.53,36.56,37.21,266299
1926,NRTH,Northwind Farmacéutica,2025-01-15,109.33,109.92,108.48,108.59,227436
1927,OKVL,Oakvale Construcción,2025-01-15,8.48,8.57,8.26,8.37,273174
1928,PNFD,Pinefield Logística,2025-01-15,42.37,42.99,41.18,41.55,246520
1929,STNB,Stonebridge Seguros,2025-01-15,48.29,48.46,47.96,48.07,285722
1930,VGRE,Vega Renovables,2025-01-15,109.60,114.61,106.31,111.87,254128
1931,ARCD,Arcadia Telecom,2025-01-16,8.28,8.51,8.27,8.35,381937
1932,BLHB,Blue Harbour Naval,2025-01-16,32.73,34.12,31.68,33.72,461576
1933,CALDR,Caldera Energía,2025-01-16,13.22,13.28,13.18,13.20,259765
1934,LKVW,Lakeview Alimentación,2025-01-16,12.17,12.20,11.71,11.93,421909
1935,MRDN,Meridiano Industrial,2025-01-16,37.24,37.40,37.01,37.09,201214
1936,NRTH,Northwind Farmacéutica,2025-01-16,108.43,108.88,106.38,107.57,219598
1937,OKVL,Oakvale Construcción,2025-01-16,8.38,8.46,8.34,8.35,194756
1938,PNFD,Pinefield Logística,2025-01-16,41.31,41.46,40.58,41.19,367518
1939,STNB,Stonebridge Seguros,2025-01-16,48.07,48.59,47.67,48.35,195601
1940,VGRE,Vega Renovables,2025-01-16,112.32,112.65,111.68,112.58,234705
1941,ARCD,Arcadia Telecom,2025-01-17,8.34,8.45,8.27,8.38,334452
1942,BLHB,Blue Harbour Naval,2025-01-17,34.10,34.75,33.19,34.53,553687
1943,CALDR,Caldera Energía,2025-01-17,13.21,13.28,13.14,13.16,198634
1944,LKVW,Lakeview Alimentación,2025-01-17,12.00,12.08,11.97,12.05,291308
1945,MRDN,Meridiano Industrial,2025-01-17,36.98,38.15,36.35,37.63,377827
1946,NRTH,Northwind Farmacéutica,2025-01-17,108.02,108.31,107.76,107.81,175040
1947,OKVL,Oakvale Construcción,2025-01-17,8.34,8.65,8.15,8.62,520363
1948,PNFD,Pinefield Logística,2025-01-17,41.27,41.94,40.96,41.60,246880
1949,STNB,Stonebridge Seguros,2025-01-17,48.45,50.63,48.00,49.55,464908
1950,VGRE,Vega Renovables,2025-01-17,112.98,113.66,111.70,112.18,178052
1951,ARCD,Arcadia Telecom,2025-01-20,8.31,8.83,8.00,8.58,597693
1952,BLHB,Blue Harbour Naval,2025-01-20,34.33,35.36,33.33,33.55,503546
1953,CALDR,Caldera Energía,2025-01-20,13.23,13.38,13.16,13.29,182473
1954,LKVW,Lakeview Alimentación,2025-01-20,12.01,12.27,11.96,12.18,256629
1955,MRDN,Meridiano Industrial,2025-01-20,37.80,38.39,36.56,36.95,272225
1956,NRTH,Northwind Farmacéutica,2025-01-20,107.85,108.44,106.27,107.47,158017
1957,OKVL,Oakvale Construcción,2025-01-20,8.59,8.64,8.57,8.62,159106
1958,PNFD,Pinefield Logística,2025-01-20,41.76,42.07,41.67,41.97,368621
1959,STNB,Stonebridge Seguros,2025-01-20,49.76,50.51,49.76,50.29,242492
1960,VGRE,Vega Renovables,2025-01-20,112.80,113.27,112.77,112.95,166603
1961,ARCD,Arcadia Telecom,2025-01-21,8.64,8.76,8.49,8.55,275711
1962,BLHB,Blue Harbour Naval,2025-01-21,33.48,34.40,33.12,34.23,182000
1963,CALDR,Caldera Energía,2025-01-21,13.36,13.55,13.26,13.47,381291
1964,LKVW,Lakeview Alimentación,2025-01-21,12.20,12.36,12.11,12.27,270665
1965,MRDN,Meridiano Industrial,2025-01-21,36.68,36.75,36.00,36.34,226338
1966,NRTH,Northwind Farmacéutica,2025-01-21,107.80,108.12,105.92,106.90,222090
1967,OKVL,Oakvale Construcción,2025-01-21,8.60,8.60,8.54,8.56,339776
1968,PNFD,Pinefield Logística,2025-01-21,41.81,42.53,40.55,42.06,126126
1969,STNB,Stonebridge Seguros,2025-01-21,50.32,50.37,50.17,50.36,180627
1970,VGRE,Vega Renovables,2025-01-21,113.20,113.87,112.75,113.14,210625
1971,ARCD,Arcadia Telecom,2025-01-22,8.57,8.70,8.47,8.52,110565
1972,BLHB,Blue Harbour Naval,2025-01-22,34.31,34.46,32.16,33.26,359126
1973,CALDR,Caldera Energía,2025-01-22,13.45,13.74,13.07,13.15,519213
1974,LKVW,Lakeview Alimentación,2025-01-22,12.20,12.26,12.15,12.17,259458
1975,MRDN,Meridiano Industrial,2025-01-22,36.14,36.88,34.32,35.06,751122
1976,NRTH,Northwind Farmacéutica,2025-01-22,107.67,108.13,106.92,107.13,237399
1977,OKVL,Oakvale Construcción,2025-01-22,8.54,8.57,8.53,8.56,196893
1978,PNFD,Pinefield Logística,2025-01-22,41.26,43.27,40.05,40.14,476368
1979,STNB,Stonebridge Seguros,2025-01-22,50.58,50.69,49.37,50.05,215995
1980,VGRE,Vega Renovables,2025-01-22,114.79,117.92,110.71,111.20,303638
1981,ARCD,Arcadia Telecom,2025-01-23,8.54,8.62,8.46,8.47,245962
1982,BLHB,Blue Harbour Naval,2025-01-23,33.19,33.26,33.09,33.12,209063
1983,CALDR,Caldera Energía,2025-01-23,13.21,13.60,12.70,12.85,432475
1984,LKVW,Lakeview Alimentación,2025-01-23,12.17,12.37,11.95,11.95,434494
1985,MRDN,Meridiano Industrial,2025-01-23,35.00,35.34,34.93,34.94,272405
1986,NRTH,Northwind Farmacéutica,2025-01-23,106.50,107.02,106.17,106.74,220561
1987,OKVL,Oakvale Construcción,2025-01-23,8.53,8.67,8.48,8.62,212012
1988,PNFD,Pinefield Logística,2025-01-23,40.24,40.54,39.02,39.74,413552
1989,STNB,Stonebridge Seguros,2025-01-23,50.15,51.35,49.09,50.85,319112
1990,VGRE,Vega Renovables,2025-01-23,112.46,113.05,110.39,111.39,241602
1991,ARCD,Arcadia Telecom,2025-01-24,8.48,8.53,8.23,8.40,93994
1992,BLHB,Blue Harbour Naval,2025-01-24,32.82,33.19,32.05,32.35,325789
1993,CALDR,Caldera Energía,2025-01-24,12.86,12.94,12.86,12.92,140577
1994,LKVW,Lakeview Alimentación,2025-01-24,11.95,12.02,11.47,11.73,314802
1995,MRDN,Meridiano Industrial,2025-01-24,34.89,35.00,34.82,35.00,309748
1996,NRTH,Northwind Farmacéutica,2025-01-24,107.08,107.61,105.88,106.29,269941
1997,OKVL,Oakvale Construcción,2025-01-24,8.62,8.79,8.46,8.51,237670
1998,PNFD,Pinefield Logística,2025-01-24,39.27,40.21,38.17,40.16,239664
1999,STNB,Stonebridge Seguros,2025-01-24,50.37,50.89,49.86,50.62,209952
2000,VGRE,Vega Renovables,2025-01-24,112.22,115.93,106.16,107.49,608672
2001,ARCD,Arcadia Telecom,2025-01-27,8.43,8.43,8.42,8.42,219924
2002,BLHB,Blue Harbour Naval,2025-01-27,32.38,32.44,31.69,31.85,475010
2003,CALDR,Caldera Energía,2025-01-27,12.83,13.11,12.67,13.06,342305
2004,LKVW,Lakeview Alimentación,2025-01-27,11.78,11.89,11.63,11.64,211417
2005,MRDN,Meridiano Industrial,2025-01-27,35.04,35.34,34.92,35.22,234446
2006,NRTH,Northwind Farmacéutica,2025-01-27,106.42,110.23,106.04,108.90,431106
2007,OKVL,Oakvale Construcción,2025-01-27,8.48,8.50,8.38,8.43,127296
2008,PNFD,Pinefield Logística,2025-01-27,39.91,39.95,39.18,39.55,418601
2009,STNB,Stonebridge Seguros,2025-01-27,50.14,50.70,50.08,50.56,209368
2010,VGRE,Vega Renovables,2025-01-27,108.39,114.89,104.32,112.65,505907
2011,ARCD,Arcadia Telecom,2025-01-28,8.44,8.87,8.31,8.65,488131
2012,BLHB,Blue Harbour Naval,2025-01-28,31.53,31.78,31.36,31.71,270717
2013,CALDR,Caldera Energía,2025-01-28,13.20,13.28,12.91,13.00,201625
2014,LKVW,Lakeview Alimentación,2025-01-28,11.61,11.63,11.59,11.61,107800
2015,MRDN,Meridiano Industrial,2025-01-28,35.21,36.05,34.90,35.86,392617
2016,NRTH,Northwind Farmacéutica,2025-01-28,108.46,109.06,104.55,106.48,361940
2017,OKVL,Oakvale Construcción,2025-01-28,8.41,8.46,8.35,8.38,202792
2018,PNFD,Pinefield Logística,2025-01-28,39.77,41.25,38.54,38.87,497826
2019,STNB,Stonebridge Seguros,2025-01-28,50.62,51.14,50.13,50.78,248977
2020,VGRE,Vega Renovables,2025-01-28,111.58,113.56,110.96,112.95,190644
2021,ARCD,Arcadia Telecom,2025-01-29,8.64,8.68,8.29,8.48,491870
2022,BLHB,Blue Harbour Naval,2025-01-29,31.66,33.12,30.80,32.84,585938
2023,CALDR,Caldera Energía,2025-01-29,12.95,13.36,12.89,13.13,227422
2024,LKVW,Lakeview Alimentación,2025-01-29,11.59,11.70,11.52,11.64,182834
2025,MRDN,Meridiano Industrial,2025-01-29,35.89,35.92,35.01,35.49,338868
2026,NRTH,Northwind Farmacéutica,2025-01-29,106.89,107.81,105.03,105.78,140272
2027,OKVL,Oakvale Construcción,2025-01-29,8.39,8.46,8.32,8.43,190642
2028,PNFD,Pinefield Logística,2025-01-29,39.48,39.57,38.30,38.78,114598
2029,STNB,Stonebridge Seguros,2025-01-29,50.69,51.06,49.75,50.15,295694
2030,VGRE,Vega Renovables,2025-01-29,113.31,117.06,111.70,114.76,345085
2031,ARCD,Arcadia Telecom,2025-01-30,8.42,8.74,8.29,8.64,227980
2032,BLHB,Blue Harbour Naval,2025-01-30,32.77,33.32,32.47,32.94,179077
2033,CALDR,Caldera Energía,2025-01-30,13.22,13.52,13.01,13.42,476669
2034,LKVW,Lakeview Alimentación,2025-01-30,11.69,11.75,11.54,11.60,201680
2035,MRDN,Meridiano Industrial,2025-01-30,35.66,36.26,33.85,34.71,356894
2036,NRTH,Northwind Farmacéutica,2025-01-30,105.76,106.54,105.67,106.37,312323
2037,OKVL,Oakvale Construcción,2025-01-30,8.39,8.56,8.38,8.55,222324
2038,PNFD,Pinefield Logística,2025-01-30,38.46,40.11,37.92,39.29,402355
2039,STNB,Stonebridge Seguros,2025-01-30,50.31,50.98,48.61,49.56,335415
2040,VGRE,Vega Renovables,2025-01-30,113.89,117.01,113.68,115.43,348494
2041,ARCD,Arcadia Telecom,2025-01-31,8.56,8.64,8.55,8.61,178525
2042,BLHB,Blue Harbour Naval,2025-01-31,32.91,33.08,32.59,32.72,286384
2043,CALDR,Caldera Energía,2025-01-31,13.37,13.67,13.20,13.53,218050
2044,LKVW,Lakeview Alimentación,2025-01-31,11.57,11.76,11.48,11.65,347099
2045,MRDN,Meridiano Industrial,2025-01-31,34.88,35.13,34.15,34.48,266326
2046,NRTH,Northwind Farmacéutica,2025-01-31,105.97,107.88,104.17,104.30,273683
2047,OKVL,Oakvale Construcción,2025-01-31,8.54,8.55,8.50,8.52,308475
2048,PNFD,Pinefield Logística,2025-01-31,39.39,39.42,39.05,39.22,212064
2049,STNB,Stonebridge Seguros,2025-01-31,49.57,49.99,49.22,49.53,231255
2050,VGRE,Vega Renovables,2025-01-31,115.23,115.95,114.54,115.59,169646
2051,ARCD,Arcadia Telecom,2025-02-03,8.63,8.64,8.58,8.60,177655
2052,BLHB,Blue Harbour Naval,2025-02-03,32.61,33.48,32.39,33.26,344196
2053,CALDR,Caldera Energía,2025-02-03,13.60,13.66,13.57,13.61,235608
2054,LKVW,Lakeview Alimentación,2025-02-03,11.61,11.77,11.48,11.74,196470
2055,MRDN,Meridiano Industrial,2025-02-03,34.34,35.22,33.68,34.87,235480
2056,NRTH,Northwind Farmacéutica,2025-02-03,103.89,105.54,103.40,105.21,224459
2057,OKVL,Oakvale Construcción,2025-02-03,8.52,8.63,8.46,8.61,339767
2058,PNFD,Pinefield Logística,2025-02-03,39.17,40.64,38.84,39.84,278046
2059,STNB,Stonebridge Seguros,2025-02-03,49.46,49.59,49.01,49.19,222166
2060,VGRE,Vega Renovables,2025-02-03,117.47,121.51,103.64,110.72,519896
2061,ARCD,Arcadia Telecom,2025-02-04,8.54,8.69,8.53,8.63,174876
2062,BLHB,Blue Harbour Naval,2025-02-04,33.16,33.26,32.95,32.99,418192
2063,CALDR,Caldera Energía,2025-02-04,13.51,13.66,13.42,13.44,399904
2064,LKVW,Lakeview Alimentación,2025-02-04,11.66,11.85,11.59,11.75,183107
2065,MRDN,Meridiano Industrial,2025-02-04,34.59,35.77,34.25,35.75,203504
2066,NRTH,Northwind Farmacéutica,2025-02-04,105.12,105.55,103.81,103.94,370963
2067,OKVL,Oakvale Construcción,2025-02-04,8.57,8.58,8.56,8.57,266820
2068,PNFD,Pinefield Logística,2025-02-04,40.36,41.80,38.47,38.96,434981
2069,STNB,Stonebridge Seguros,2025-02-04,49.33,49.48,49.18,49.19,179305
2070,VGRE,Vega Renovables,2025-02-04,111.67,119.32,99.27,104.13,453347
2071,ARCD,Arcadia Telecom,2025-02-05,8.67,8.71,8.59,8.61,210387
2072,BLHB,Blue Harbour Naval,2025-02-05,33.29,33.32,33.23,33.32,412913
2073,CALDR,Caldera Energía,2025-02-05,13.40,13.49,12.90,13.25,412806
2074,LKVW,Lakeview Alimentación,2025-02-05,11.78,11.84,11.60,11.67,268845
2075,MRDN,Meridiano Industrial,2025-02-05,35.73,36.29,35.35,36.01,299168
2076,NRTH,Northwind Farmacéutica,2025-02-05,103.96,105.07,102.05,103.29,227982
2077,OKVL,Oakvale Construcción,2025-02-05,8.59,8.60,8.55,8.56,196685
2078,PNFD,Pinefield Logística,2025-02-05,38.99,39.20,37.74,37.98,414574
2079,STNB,Stonebridge Seguros,2025-02-05,49.10,49.41,48.27,48.65,284017
2080,VGRE,Vega Renovables,2025-02-05,103.99,106.88,98.62,106.88,297260
2081,ARCD,Arcadia Telecom,2025-02-06,8.56,8.66,8.50,8.64,214090
2082,BLHB,Blue Harbour Naval,2025-02-06,33.44,34.48,33.05,34.03,192938
2083,CALDR,Caldera Energía,2025-02-06,13.27,13.40,13.19,13.28,228331
2084,LKVW,Lakeview Alimentación,2025-02-06,11.65,11.77,11.64,11.76,221375
2085,MRDN,Meridiano Industrial,2025-02-06,35.79,36.18,35.07,35.46,1000
2086,NRTH,Northwind Farmacéutica,2025-02-06,103.24,103.53,102.06,102.48,295561
2087,OKVL,Oakvale Construcción,2025-02-06,8.62,8.69,8.52,8.59,146815
2088,PNFD,Pinefield Logística,2025-02-06,37.65,39.01,36.73,38.17,268215
2089,STNB,Stonebridge Seguros,2025-02-06,49.02,49.56,48.62,49.52,363036
2090,VGRE,Vega Renovables,2025-02-06,105.87,106.81,105.80,106.33,268082
2091,ARCD,Arcadia Telecom,2025-02-07,8.64,8.84,8.62,8.82,397390
2092,BLHB,Blue Harbour Naval,2025-02-07,34.10,34.37,32.92,33.55,260360
2093,CALDR,Caldera Energía,2025-02-07,13.11,13.39,12.98,13.29,123970
2094,LKVW,Lakeview Alimentación,2025-02-07,11.73,12.25,11.52,12.01,485737
2095,MRDN,Meridiano Industrial,2025-02-07,35.45,36.06,35.04,35.84,283297
2096,NRTH,Northwind Farmacéutica,2025-02-07,102.31,102.73,99.79,100.12,265947
2097,OKVL,Oakvale Construcción,2025-02-07,8.55,8.66,8.52,8.58,267307
2098,PNFD,Pinefield Logística,2025-02-07,38.20,39.06,36.95,37.40,415920
2099,STNB,Stonebridge Seguros,2025-02-07,49.35,49.66,47.97,48.64,224860
2100,VGRE,Vega Renovables,2025-02-07,106.52,106.98,105.14,105.54,198635
2101,ARCD,Arcadia Telecom,2025-02-10,8.77,8.96,8.58,8.91,272696
2102,BLHB,Blue Harbour Naval,2025-02-10,33.45,34.33,33.16,34.20,385196
2103,CALDR,Caldera Energía,2025-02-10,13.33,13.64,12.81,12.96,195605
2104,LKVW,Lakeview Alimentación,2025-02-10,11.98,11.99,11.96,11.98,262574
2105,MRDN,Meridiano Industrial,2025-02-10,35.75,35.95,35.51,35.92,193841
2106,NRTH,Northwind Farmacéutica,2025-02-10,100.06,101.37,99.91,100.82,235056
2107,OKVL,Oakvale Construcción,2025-02-10,8.57,8.65,8.52,8.65,206367
2108,PNFD,Pinefield Logística,2025-02-10,37.59,37.97,36.54,36.87,339585
2109,STNB,Stonebridge Seguros,2025-02-10,48.68,49.35,48.26,49.05,156614
2110,VGRE,Vega Renovables,2025-02-10,105.65,113.11,102.92,109.12,278917
2111,ARCD,Arcadia Telecom,2025-02-11,8.91,8.98,8.78,8.81,224873
2112,BLHB,Blue Harbour Naval,2025-02-11,34.16,34.82,33.58,33.62,440132
2113,CALDR,Caldera Energía,2025-02-11,13.06,13.28,12.67,12.76,334803
2114,LKVW,Lakeview Alimentación,2025-02-11,11.96,12.15,11.92,12.10,387143
2115,MRDN,Meridiano Industrial,2025-02-11,35.85,36.03,35.01,35.40,316249
2116,NRTH,Northwind Farmacéutica,2025-02-11,100.40,100.54,100.00,100.27,217759
2117,OKVL,Oakvale Construcción,2025-02-11,8.60,8.63,8.59,8.61,256740
2118,PNFD,Pinefield Logística,2025-02-11,36.92,37.31,36.75,36.84,176559
2119,STNB,Stonebridge Seguros,2025-02-11,49.31,49.70,48.35,48.69,279725
2120,VGRE,Vega Renovables,2025-02-11,108.34,118.41,107.46,111.71,502140
2121,ARCD,Arcadia Telecom,2025-02-12,8.85,9.01,8.77,8.91,152248
2122,BLHB,Blue Harbour Naval,2025-02-12,33.73,33.95,32.72,33.27,334391
2123,CALDR,Caldera Energía,2025-02-12,12.77,13.05,12.68,12.94,173283
2124,LKVW,Lakeview Alimentación,2025-02-12,12.12,12.46,11.69,11.86,302604
2125,MRDN,Meridiano Industrial,2025-02-12,35.55,35.99,35.23,35.72,256422
2126,NRTH,Northwind Farmacéutica,2025-02-12,100.31,100.87,99.38,99.85,307614
2127,OKVL,Oakvale Construcción,2025-02-12,8.62,8.65,8.57,8.60,244208
2128,PNFD,Pinefield Logística,2025-02-12,36.70,37.63,35.47,35.68,536091
2129,STNB,Stonebridge Seguros,2025-02-12,48.36,48.93,47.93,48.81,290907
2130,VGRE,Vega Renovables,2025-02-12,111.31,117.88,107.02,115.04,512668
2131,ARCD,Arcadia Telecom,2025-02-13,8.97,9.02,8.93,8.99,156939
2132,BLHB,Blue Harbour Naval,2025-02-13,33.05,33.08,32.64,32.79,390448
2133,CALDR,Caldera Energía,2025-02-13,12.96,13.04,12.83,12.88,293089
2134,LKVW,Lakeview Alimentación,2025-02-13,11.89,11.99,11.67,11.77,303581
2135,MRDN,Meridiano Industrial,2025-02-13,35.73,36.86,35.24,36.31,211680
2136,NRTH,Northwind Farmacéutica,2025-02-13,99.41,100.95,98.02,100.84,149357
2137,OKVL,Oakvale Construcción,2025-02-13,8.64,8.70,8.64,8.67,169225
2138,PNFD,Pinefield Logística,2025-02-13,36.39,37.08,32.62,34.56,301113
2139,STNB,Stonebridge Seguros,2025-02-13,49.34,49.73,49.15,49.17,273272
2140,VGRE,Vega Renovables,2025-02-13,114.46,114.70,113.83,114.17,132199
2141,ARCD,Arcadia Telecom,2025-02-14,8.97,8.98,8.87,8.91,288791
2142,BLHB,Blue Harbour Naval,2025-02-14,32.67,32.76,32.62,32.75,342787
2143,CALDR,Caldera Energía,2025-02-14,12.95,13.42,12.73,13.41,352045
2144,LKVW,Lakeview Alimentación,2025-02-14,11.78,11.81,11.45,11.62,299228
2145,MRDN,Meridiano Industrial,2025-02-14,36.18,36.71,35.84,36.34,190900
2146,NRTH,Northwind Farmacéutica,2025-02-14,100.92,101.41,99.34,100.07,176784
2147,OKVL,Oakvale Construcción,2025-02-14,8.67,8.71,8.55,8.65,208403
2148,PNFD,Pinefield Logística,2025-02-14,34.74,35.86,33.90,34.91,270108
2149,STNB,Stonebridge Seguros,2025-02-14,48.88,53.00,48.16,52.06,473716
2150,VGRE,Vega Renovables,2025-02-14,113.41,121.36,111.67,116.90,412737
2151,ARCD,Arcadia Telecom,2025-02-17,8.97,9.36,8.95,9.17,450827
2152,BLHB,Blue Harbour Naval,2025-02-17,32.80,32.86,32.22,32.52,170332
2153,CALDR,Caldera Energía,2025-02-17,13.42,13.56,12.89,13.07,432370
2154,LKVW,Lakeview Alimentación,2025-02-17,11.56,12.00,11.27,11.80,548819
2155,MRDN,Meridiano Industrial,2025-02-17,36.55,37.04,36.24,36.84,83765
2156,NRTH,Northwind Farmacéutica,2025-02-17,100.56,102.56,96.85,98.99,361721
2157,OKVL,Oakvale Construcción,2025-02-17,8.64,8.82,8.37,8.43,243357
2158,PNFD,Pinefield Logística,2025-02-17,34.74,35.12,34.64,34.92,117786
2159,STNB,Stonebridge Seguros,2025-02-17,51.72,51.78,51.39,51.63,213681
2160,VGRE,Vega Renovables,2025-02-17,115.51,115.66,112.52,114.11,427291
2161,ARCD,Arcadia Telecom,2025-02-18,9.17,9.19,9.01,9.06,200173
2162,BLHB,Blue Harbour Naval,2025-02-18,32.51,34.26,32.50,33.30,255010
2163,CALDR,Caldera Energía,2025-02-18,13.15,13.31,13.01,13.25,248560
2164,LKVW,Lakeview Alimentación,2025-02-18,11.75,11.88,11.71,11.84,185454
2165,MRDN,Meridiano Industrial,2025-02-18,36.86,38.08,36.17,37.54,372014
2166,NRTH,Northwind Farmacéutica,2025-02-18,99.32,100.64,99.29,100.19,341416
2167,OKVL,Oakvale Construcción,2025-02-18,8.38,8.46,8.36,8.42,213315
2168,PNFD,Pinefield Logística,2025-02-18,34.79,36.01,33.76,35.71,249974
2169,STNB,Stonebridge Seguros,2025-02-18,51.52,52.57,50.95,52.21,266186
2170,VGRE,Vega Renovables,2025-02-18,114.96,115.78,114.14,114.29,222431
2171,ARCD,Arcadia Telecom,2025-02-19,9.01,9.25,8.90,9.17,230299
2172,BLHB,Blue Harbour Naval,2025-02-19,33.10,34.18,32.98,33.66,308856
2173,CALDR,Caldera Energía,2025-02-19,13.21,13.62,13.14,13.40,432684
2174,LKVW,Lakeview Alimentación,2025-02-19,11.89,11.96,11.63,11.76,195334
2175,MRDN,Meridiano Industrial,2025-02-19,37.61,37.71,36.50,37.04,467431
2176,NRTH,Northwind Farmacéutica,2025-02-19,100.64,100.96,98.12,98.95,351199
2177,OKVL,Oakvale Construcción,2025-02-19,8.41,8.44,8.33,8.37,169307
2178,PNFD,Pinefield Logística,2025-02-19,35.87,39.09,33.83,36.99,555997
2179,STNB,Stonebridge Seguros,2025-02-19,52.14,52.32,51.50,51.79,267646
2180,VGRE,Vega Renovables,2025-02-19,114.40,115.73,105.30,109.22,452210
2181,ARCD,Arcadia Telecom,2025-02-20,9.16,9.37,9.06,9.31,229364
2182,BLHB,Blue Harbour Naval,2025-02-20,33.33,34.30,33.00,33.80,230523
2183,CALDR,Caldera Energía,2025-02-20,13.35,13.62,12.91,12.98,374418
2184,LKVW,Lakeview Alimentación,2025-02-20,11.69,11.77,11.64,11.73,280030
2185,MRDN,Meridiano Industrial,2025-02-20,37.25,37.29,37.25,37.28,231588
2186,NRTH,Northwind Farmacéutica,2025-02-20,98.58,99.67,97.23,97.72,257671
2187,OKVL,Oakvale Construcción,2025-02-20,8.34,8.42,8.27,8.32,300320
2188,PNFD,Pinefield Logística,2025-02-20,36.81,37.51,36.45,37.17,143239
2189,STNB,Stonebridge Seguros,2025-02-20,51.24,51.54,51.17,51.43,224326
2190,VGRE,Vega Renovables,2025-02-20,109.63,110.05,107.70,108.40,237319
2191,ARCD,Arcadia Telecom,2025-02-21,9.36,9.66,9.18,9.52,193934
2192,BLHB,Blue Harbour Naval,2025-02-21,33.97,34.32,33.05,33.60,312187
2193,CALDR,Caldera Energía,2025-02-21,12.90,13.02,12.42,12.67,335770
2194,LKVW,Lakeview Alimentación,2025-02-21,11.76,11.78,11.63,11.71,160595
2195,MRDN,Meridiano Industrial,2025-02-21,37.15,39.48,36.57,38.71,204521
2196,NRTH,Northwind Farmacéutica,2025-02-21,97.80,97.87,97.61,97.71,136130
2197,OKVL,Oakvale Construcción,2025-02-21,8.28,8.60,8.21,8.53,273819
2198,PNFD,Pinefield Logística,2025-02-21,36.89,37.48,35.84,37.42,230512
2199,STNB,Stonebridge Seguros,2025-02-21,51.39,52.79,51.23,52.54,452458
2200,VGRE,Vega Renovables,2025-02-21,109.04,110.43,108.46,109.34,150918
2201,ARCD,Arcadia Telecom,2025-02-24,9.51,9.61,9.40,9.50,171863
2202,BLHB,Blue Harbour Naval,2025-02-24,33.82,34.81,33.45,34.29,378419
2203,CALDR,Caldera Energía,2025-02-24,12.82,13.14,12.23,12.39,495866
2204,LKVW,Lakeview Alimentación,2025-02-24,11.82,11.84,11.62,11.72,188229
2205,MRDN,Meridiano Industrial,2025-02-24,38.81,39.18,38.45,39.09,340931
2206,NRTH,Northwind Farmacéutica,2025-02-24,97.74,99.09,97.03,98.67,219147
2207,OKVL,Oakvale Construcción,2025-02-24,8.53,8.55,8.44,8.51,242564
2208,PNFD,Pinefield Logística,2025-02-24,37.34,37.36,36.61,37.30,239473
2209,STNB,Stonebridge Seguros,2025-02-24,52.61,53.51,52.51,53.17,419488
2210,VGRE,Vega Renovables,2025-02-24,109.10,109.56,107.99,108.37,232710
2211,ARCD,Arcadia Telecom,2025-02-25,9.40,9.51,9.18,9.26,290387
2212,BLHB,Blue Harbour Naval,2025-02-25,34.46,35.00,34.32,34.66,287999
2213,CALDR,Caldera Energía,2025-02-25,12.48,12.60,11.52,11.92,509800
2214,LKVW,Lakeview Alimentación,2025-02-25,11.79,12.05,11.45,11.61,289255
2215,MRDN,Meridiano Industrial,2025-02-25,39.02,39.25,38.32,38.75,208024
2216,NRTH,Northwind Farmacéutica,2025-02-25,99.06,100.69,96.69,98.25,253582
2217,OKVL,Oakvale Construcción,2025-02-25,8.50,8.58,8.39,8.57,199500
2218,PNFD,Pinefield Logística,2025-02-25,37.42,37.55,37.22,37.35,109679
2219,STNB,Stonebridge Seguros,2025-02-25,53.41,53.56,52.75,52.99,255414
2220,VGRE,Vega Renovables,2025-02-25,107.78,109.20,106.80,108.81,193107
2221,ARCD,Arcadia Telecom,2025-02-26,9.29,9.35,9.15,9.24,273691
2222,BLHB,Blue Harbour Naval,2025-02-26,34.70,35.46,34.48,35.11,385858
2223,CALDR,Caldera Energía,2025-02-26,11.84,11.89,11.75,11.79,361453
2224,LKVW,Lakeview Alimentación,2025-02-26,11.66,11.78,11.52,11.55,327333
2225,MRDN,Meridiano Industrial,2025-02-26,38.67,38.76,38.65,38.74,167839
2226,NRTH,Northwind Farmacéutica,2025-02-26,97.92,98.23,97.56,97.69,80186
2227,OKVL,Oakvale Construcción,2025-02-26,8.57,8.71,8.56,8.69,331733
2228,PNFD,Pinefield Logística,2025-02-26,36.88,37.57,36.29,36.35,404867
2229,STNB,Stonebridge Seguros,2025-02-26,52.90,53.18,52.47,52.72,202041
2230,VGRE,Vega Renovables,2025-02-26,110.39,114.81,104.54,105.83,532205
2231,ARCD,Arcadia Telecom,2025-02-27,9.20,9.28,9.10,9.13,268495
2232,BLHB,Blue Harbour Naval,2025-02-27,34.87,36.76,33.83,35.73,169223
2233,CALDR,Caldera Energía,2025-02-27,11.83,11.87,11.78,11.81,229238
2234,LKVW,Lakeview Alimentación,2025-02-27,11.55,11.67,11.28,11.39,279045
2235,MRDN,Meridiano Industrial,2025-02-27,38.66,38.95,38.61,38.83,216869
2236,NRTH,Northwind Farmacéutica,2025-02-27,97.98,98.13,97.33,97.74,137453
2237,OKVL,Oakvale Construcción,2025-02-27,8.75,8.91,8.63,8.87,273000
2238,PNFD,Pinefield Logística,2025-02-27,36.73,36.80,36.22,36.35,232025
2239,STNB,Stonebridge Seguros,2025-02-27,53.01,54.51,52.23,53.77,361736
2240,VGRE,Vega Renovables,2025-02-27,106.72,106.91,100.30,103.13,513965
2241,ARCD,Arcadia Telecom,2025-02-28,9.08,9.10,8.76,8.97,410287
2242,BLHB,Blue Harbour Naval,2025-02-28,35.92,36.31,34.66,34.95,415082
2243,CALDR,Caldera Energía,2025-02-28,11.82,11.90,11.80,11.85,239960
2244,LKVW,Lakeview Alimentación,2025-02-28,11.46,11.55,11.11,11.27,185486
2245,MRDN,Meridiano Industrial,2025-02-28,38.71,39.75,38.67,39.27,379674
2246,NRTH,Northwind Farmacéutica,2025-02-28,98.11,98.45,97.60,98.43,254083
2247,OKVL,Oakvale Construcción,2025-02-28,8.86,8.90,8.84,8.88,262696
2248,PNFD,Pinefield Logística,2025-02-28,36.04,36.20,35.67,35.79,242713
2249,STNB,Stonebridge Seguros,2025-02-28,54.18,54.26,53.68,53.87,161485
2250,VGRE,Vega Renovables,2025-02-28,103.19,105.99,102.64,104.59,286588
2251,ARCD,Arcadia Telecom,2025-03-03,8.97,9.27,8.81,9.12,517470
2252,BLHB,Blue Harbour Naval,2025-03-03,34.92,36.31,32.56,33.50,565328
2253,CALDR,Caldera Energía,2025-03-03,11.89,12.00,11.89,11.99,287565
2254,LKVW,Lakeview Alimentación,2025-03-03,11.26,11.34,11.10,11.18,270580
2255,MRDN,Meridiano Industrial,2025-03-03,39.41,39.54,39.37,39.49,226640
2256,NRTH,Northwind Farmacéutica,2025-03-03,98.25,100.25,96.74,99.89,297697
2257,OKVL,Oakvale Construcción,2025-03-03,8.89,9.05,8.74,8.97,306353
2258,PNFD,Pinefield Logística,2025-03-03,35.97,36.57,34.73,35.23,103329
2259,STNB,Stonebridge Seguros,2025-03-03,54.10,54.40,54.07,54.36,232765
2260,VGRE,Vega Renovables,2025-03-03,105.41,112.15,94.45,98.41,1106091
2261,ARCD,Arcadia Telecom,2025-03-04,9.10,9.25,8.99,9.20,238286
2262,BLHB,Blue Harbour Naval,2025-03-04,33.42,34.85,33.39,34.25,485773
2263,CALDR,Caldera Energía,2025-03-04,11.93,12.08,11.86,12.03,245891
2264,LKVW,Lakeview Alimentación,2025-03-04,11.15,11.20,11.14,11.14,212900
2265,MRDN,Meridiano Industrial,2025-03-04,39.56,39.58,38.90,39.30,146202
2266,NRTH,Northwind Farmacéutica,2025-03-04,99.96,100.29,99.76,100.14,167751
2267,OKVL,Oakvale Construcción,2025-03-04,8.99,9.04,8.93,9.03,338085
2268,PNFD,Pinefield Logística,2025-03-04,34.68,35.23,34.52,34.86,222123
2269,STNB,Stonebridge Seguros,2025-03-04,54.35,54.54,54.17,54.32,191462
2270,VGRE,Vega Renovables,2025-03-04,98.43,99.77,97.21,97.58,171261
2271,ARCD,Arcadia Telecom,2025-03-05,9.16,9.45,9.01,9.29,160548
2272,BLHB,Blue Harbour Naval,2025-03-05,34.21,34.35,33.10,33.42,318690
2273,CALDR,Caldera Energía,2025-03-05,12.11,12.31,11.95,12.25,346147
2274,LKVW,Lakeview Alimentación,2025-03-05,11.16,11.32,11.12,11.25,122602
2275,MRDN,Meridiano Industrial,2025-03-05,39.42,40.00,36.66,38.14,537324
2276,NRTH,Northwind Farmacéutica,2025-03-05,100.72,100.95,99.51,99.98,204318
2277,OKVL,Oakvale Construcción,2025-03-05,9.05,9.10,8.73,8.85,284890
2278,PNFD,Pinefield Logística,2025-03-05,34.81,35.06,34.70,34.98,279532
2279,STNB,Stonebridge Seguros,2025-03-05,53.76,53.82,53.52,53.60,441483
2280,VGRE,Vega Renovables,2025-03-05,97.20,98.92,95.09,98.91,268017
2281,ARCD,Arcadia Telecom,2025-03-06,9.27,9.37,8.97,9.15,445911
2282,BLHB,Blue Harbour Naval,2025-03-06,33.48,33.62,33.39,33.56,213565
2283,CALDR,Caldera Energía,2025-03-06,12.37,12.53,12.15,12.27,95785
2284,LKVW,Lakeview Alimentación,2025-03-06,11.25,11.36,11.18,11.31,107044
2285,MRDN,Meridiano Industrial,2025-03-06,38.20,38.57,37.24,37.73,221760
2286,NRTH,Northwind Farmacéutica,2025-03-06,99.98,101.43,99.38,100.75,288636
2287,OKVL,Oakvale Construcción,2025-03-06,8.83,8.92,8.79,8.91,155596
2288,PNFD,Pinefield Logística,2025-03-06,34.63,37.53,32.70,36.83,812473
2289,STNB,Stonebridge Seguros,2025-03-06,53.70,54.69,51.66,52.59,519880
2290,VGRE,Vega Renovables,2025-03-06,98.04,106.13,94.50,103.33,872767
2291,ARCD,Arcadia Telecom,2025-03-07,9.23,9.44,9.09,9.31,384579
2292,BLHB,Blue Harbour Naval,2025-03-07,33.59,34.08,33.42,33.80,66196
2293,CALDR,Caldera Energía,2025-03-07,12.24,12.26,12.15,12.15,272888
2294,LKVW,Lakeview Alimentación,2025-03-07,11.31,11.33,11.23,11.25,162269
2295,MRDN,Meridiano Industrial,2025-03-07,37.36,38.19,36.85,37.89,212751
2296,NRTH,Northwind Farmacéutica,2025-03-07,101.04,103.70,100.72,102.30,221937
2297,OKVL,Oakvale Construcción,2025-03-07,8.84,9.34,8.61,9.10,340954
2298,PNFD,Pinefield Logística,2025-03-07,36.64,36.69,35.90,36.05,343351
2299,STNB,Stonebridge Seguros,2025-03-07,52.32,55.66,52.19,54.14,413293
2300,VGRE,Vega Renovables,2025-03-07,102.46,104.79,98.40,100.54,354073
2301,ARCD,Arcadia Telecom,2025-03-10,9.33,9.48,9.31,9.39,149826
2302,BLHB,Blue Harbour Naval,2025-03-10,33.74,34.09,33.46,33.69,250522
2303,CALDR,Caldera Energía,2025-03-10,12.18,12.40,12.09,12.27,342026
2304,LKVW,Lakeview Alimentación,2025-03-10,11.31,11.49,10.98,11.07,249858
2305,MRDN,Meridiano Industrial,2025-03-10,38.04,38.14,37.45,37.72,168435
2306,NRTH,Northwind Farmacéutica,2025-03-10,102.11,104.80,100.31,104.09,208091
2307,OKVL,Oakvale Construcción,2025-03-10,9.15,9.18,9.14,9.16,204944
2308,PNFD,Pinefield Logística,2025-03-10,35.97,37.81,33.17,33.74,843516
2309,STNB,Stonebridge Seguros,2025-03-10,53.87,55.33,53.26,54.81,506370
2310,VGRE,Vega Renovables,2025-03-10,100.00,100.16,98.40,99.46,466203
2311,ARCD,Arcadia Telecom,2025-03-11,9.42,9.58,9.27,9.56,236102
2312,BLHB,Blue Harbour Naval,2025-03-11,33.70,34.89,33.70,34.30,525940
2313,CALDR,Caldera Energía,2025-03-11,12.23,12.41,11.98,12.08,272542
2314,LKVW,Lakeview Alimentación,2025-03-11,11.07,11.28,10.96,11.15,404526
2315,MRDN,Meridiano Industrial,2025-03-11,37.55,37.88,36.97,37.04,503391
2316,NRTH,Northwind Farmacéutica,2025-03-11,104.47,106.60,104.38,105.41,262677
2317,OKVL,Oakvale Construcción,2025-03-11,9.17,9.21,9.11,9.15,304942
2318,PNFD,Pinefield Logística,2025-03-11,33.71,34.11,33.47,33.96,154304
2319,STNB,Stonebridge Seguros,2025-03-11,55.03,56.19,53.73,54.44,50280
2320,VGRE,Vega Renovables,2025-03-11,99.82,102.86,98.66,101.09,366951
2321,ARCD,Arcadia Telecom,2025-03-12,9.60,9.78,9.32,9.40,261639
2322,BLHB,Blue Harbour Naval,2025-03-12,34.14,35.52,34.01,34.75,439029
2323,CALDR,Caldera Energía,2025-03-12,12.03,12.19,11.79,11.98,313819
2324,LKVW,Lakeview Alimentación,2025-03-12,11.17,11.46,11.16,11.29,342055
2325,MRDN,Meridiano Industrial,2025-03-12,37.06,37.24,36.70,36.93,217217
2326,NRTH,Northwind Farmacéutica,2025-03-12,105.52,106.03,103.96,104.70,316222
2327,OKVL,Oakvale Construcción,2025-03-12,9.16,9.21,9.04,9.11,271486
2328,PNFD,Pinefield Logística,2025-03-12,33.30,34.02,33.23,33.61,298686
2329,STNB,Stonebridge Seguros,2025-03-12,54.60,55.18,53.94,54.91,269715
2330,VGRE,Vega Renovables,2025-03-12,100.27,102.13,99.16,101.71,344430
2331,ARCD,Arcadia Telecom,2025-03-13,9.37,9.55,9.02,9.20,232021
2332,BLHB,Blue Harbour Naval,2025-03-13,34.55,34.90,33.59,33.99,296683
2333,CALDR,Caldera Energía,2025-03-13,12.08,12.10,11.99,12.07,173912
2334,LKVW,Lakeview Alimentación,2025-03-13,11.28,11.32,11.24,11.24,291363
2335,MRDN,Meridiano Industrial,2025-03-13,37.06,37.34,36.39,37.32,317996
2336,NRTH,Northwind Farmacéutica,2025-03-13,104.43,105.78,102.86,102.92,35523
2337,OKVL,Oakvale Construcción,2025-03-13,9.06,9.18,9.02,9.12,192860
2338,PNFD,Pinefield Logística,2025-03-13,33.71,33.84,33.52,33.64,214152
2339,STNB,Stonebridge Seguros,2025-03-13,54.72,55.44,54.47,55.13,170191
2340,VGRE,Vega Renovables,2025-03-13,102.56,103.87,98.83,100.66,336131
2341,ARCD,Arcadia Telecom,2025-03-14,9.24,9.47,9.09,9.40,325240
2342,BLHB,Blue Harbour Naval,2025-03-14,34.24,34.81,32.86,33.46,258378
2343,CALDR,Caldera Energía,2025-03-14,12.14,12.28,11.84,11.94,449729
2344,LKVW,Lakeview Alimentación,2025-03-14,11.23,11.35,11.06,11.13,333396
2345,MRDN,Meridiano Industrial,2025-03-14,37.50,37.67,37.12,37.37,200839
2346,NRTH,Northwind Farmacéutica,2025-03-14,102.75,106.04,101.80,103.87,166364
2347,OKVL,Oakvale Construcción,2025-03-14,9.09,9.35,8.97,9.23,231711
2348,PNFD,Pinefield Logística,2025-03-14,33.59,34.59,33.28,34.33,399666
2349,STNB,Stonebridge Seguros,2025-03-14,55.13,55.53,54.31,54.35,439823
2350,VGRE,Vega Renovables,2025-03-14,99.79,101.29,98.72,100.46,231997
2351,ARCD,Arcadia Telecom,2025-03-17,9.40,9.46,9.33,9.44,360432
2352,BLHB,Blue Harbour Naval,2025-03-17,33.22,34.39,32.68,33.83,271608
2353,CALDR,Caldera Energía,2025-03-17,12.12,12.16,11.78,11.91,138494
2354,LKVW,Lakeview Alimentación,2025-03-17,11.20,11.44,10.72,10.99,294713
2355,MRDN,Meridiano Industrial,2025-03-17,37.45,37.61,37.25,37.41,186773
2356,NRTH,Northwind Farmacéutica,2025-03-17,104.06,105.92,100.59,101.19,530466
2357,OKVL,Oakvale Construcción,2025-03-17,9.24,9.34,9.14,9.28,319605
2358,PNFD,Pinefield Logística,2025-03-17,34.39,36.33,33.85,35.80,299012
2359,STNB,Stonebridge Seguros,2025-03-17,54.40,54.54,53.92,54.17,232099
2360,VGRE,Vega Renovables,2025-03-17,100.32,107.50,97.72,105.14,427044
2361,ARCD,Arcadia Telecom,2025-03-18,9.44,9.46,9.41,9.44,65477
2362,BLHB,Blue Harbour Naval,2025-03-18,33.88,34.60,33.77,34.55,299584
2363,CALDR,Caldera Energía,2025-03-18,11.97,12.24,11.51,11.67,310101
2364,LKVW,Lakeview Alimentación,2025-03-18,11.04,11.25,10.67,10.80,511100
2365,MRDN,Meridiano Industrial,2025-03-18,37.22,39.44,36.27,38.46,455058
2366,NRTH,Northwind Farmacéutica,2025-03-18,101.33,101.89,100.86,101.70,354358
2367,OKVL,Oakvale Construcción,2025-03-18,9.21,9.48,9.06,9.32,413833
2368,PNFD,Pinefield Logística,2025-03-18,35.89,35.91,34.42,35.08,293043
2369,STNB,Stonebridge Seguros,2025-03-18,54.29,55.86,52.63,55.61,263268
2370,VGRE,Vega Renovables,2025-03-18,105.04,106.33,103.35,103.93,261964
2371,ARCD,Arcadia Telecom,2025-03-19,9.43,9.70,8.81,9.16,608939
2372,BLHB,Blue Harbour Naval,2025-03-19,34.34,34.65,33.50,33.76,415916
2373,CALDR,Caldera Energía,2025-03-19,11.58,11.76,11.46,11.70,252221
2374,LKVW,Lakeview Alimentación,2025-03-19,10.75,11.13,10.63,11.01,495766
2375,MRDN,Meridiano Industrial,2025-03-19,38.58,38.86,38.44,38.76,359920
2376,NRTH,Northwind Farmacéutica,2025-03-19,101.13,101.25,98.50,99.97,333688
2377,OKVL,Oakvale Construcción,2025-03-19,9.33,9.38,9.31,9.33,153823
2378,PNFD,Pinefield Logística,2025-03-19,34.55,35.19,32.55,33.35,544505
2379,STNB,Stonebridge Seguros,2025-03-19,55.46,57.76,54.48,56.60,332026
2380,VGRE,Vega Renovables,2025-03-19,103.84,105.13,99.57,99.62,888396
2381,ARCD,Arcadia Telecom,2025-03-20,9.13,9.23,9.04,9.19,174238
2382,BLHB,Blue Harbour Naval,2025-03-20,33.74,35.74,33.47,35.21,537375
2383,CALDR,Caldera Energía,2025-03-20,11.71,12.02,11.06,11.46,447557
2384,LKVW,Lakeview Alimentación,2025-03-20,11.02,11.06,10.99,11.04,191384
2385,MRDN,Meridiano Industrial,2025-03-20,39.24,39.87,38.64,39.84,203309
2386,NRTH,Northwind Farmacéutica,2025-03-20,99.59,99.76,99.10,99.33,213970
2387,OKVL,Oakvale Construcción,2025-03-20,9.36,9.42,9.34,9.38,215342
2388,PNFD,Pinefield Logística,2025-03-20,33.13,33.48,31.55,32.12,494470
2389,STNB,Stonebridge Seguros,2025-03-20,56.87,57.55,54.82,55.46,394844
2390,VGRE,Vega Renovables,2025-03-20,100.76,101.70,100.75,101.42,378002
2391,ARCD,Arcadia Telecom,2025-03-21,9.14,9.36,9.05,9.27,304669
2392,BLHB,Blue Harbour Naval,2025-03-21,35.49,35.87,34.68,34.95,188661
2393,CALDR,Caldera Energía,2025-03-21,11.48,11.88,11.43,11.68,446733
2394,LKVW,Lakeview Alimentación,2025-03-21,11.00,11.04,11.00,11.02,204355
2395,MRDN,Meridiano Industrial,2025-03-21,39.70,39.94,38.81,39.25,390644
2396,NRTH,Northwind Farmacéutica,2025-03-21,99.84,101.12,99.22,100.23,229167
2397,OKVL,Oakvale Construcción,2025-03-21,9.42,9.86,9.17,9.73,553309
2398,PNFD,Pinefield Logística,2025-03-21,32.09,32.99,30.14,30.77,663773
2399,STNB,Stonebridge Seguros,2025-03-21,55.34,56.46,54.55,56.06,199879
2400,VGRE,Vega Renovables,2025-03-21,101.83,102.71,99.60,100.14,332767
2401,ARCD,Arcadia Telecom,2025-03-24,9.22,9.28,9.17,9.27,249251
2402,BLHB,Blue Harbour Naval,2025-03-24,34.81,35.83,34.69,35.37,259799
2403,CALDR,Caldera Energía,2025-03-24,11.71,11.79,11.57,11.64,125092
2404,LKVW,Lakeview Alimentación,2025-03-24,10.94,11.32,10.82,11.12,182140
2405,MRDN,Meridiano Industrial,2025-03-24,39.27,39.33,38.66,38.93,314100
2406,NRTH,Northwind Farmacéutica,2025-03-24,100.14,102.19,98.98,102.09,507522
2407,OKVL,Oakvale Construcción,2025-03-24,9.71,9.91,9.45,9.48,157220
2408,PNFD,Pinefield Logística,2025-03-24,30.67,32.74,30.58,31.69,299639
2409,STNB,Stonebridge Seguros,2025-03-24,55.95,57.06,55.62,56.51,281402
2410,VGRE,Vega Renovables,2025-03-24,100.53,106.81,100.13,104.59,621359
2411,ARCD,Arcadia Telecom,2025-03-25,9.26,9.30,9.16,9.19,229793
2412,BLHB,Blue Harbour Naval,2025-03-25,35.27,35.36,34.25,34.64,519655
2413,CALDR,Caldera Energía,2025-03-25,11.64,12.20,11.39,12.01,513948
2414,LKVW,Lakeview Alimentación,2025-03-25,11.11,11.13,11.02,11.06,112280
2415,MRDN,Meridiano Industrial,2025-03-25,38.75,38.79,38.18,38.38,408154
2416,NRTH,Northwind Farmacéutica,2025-03-25,101.48,102.57,100.45,102.23,227390
2417,OKVL,Oakvale Construcción,2025-03-25,9.56,9.60,9.30,9.41,280101
2418,PNFD,Pinefield Logística,2025-03-25,31.66,32.67,31.34,32.51,386495
2419,STNB,Stonebridge Seguros,2025-03-25,56.71,56.84,56.41,56.57,112596
2420,VGRE,Vega Renovables,2025-03-25,104.83,105.95,99.15,102.47,292918
2421,ARCD,Arcadia Telecom,2025-03-26,9.10,9.19,9.05,9.07,244686
2422,BLHB,Blue Harbour Naval,2025-03-26,34.67,35.07,34.60,34.95,381754
2423,CALDR,Caldera Energía,2025-03-26,12.10,12.64,11.50,11.69,405403
2424,LKVW,Lakeview Alimentación,2025-03-26,11.17,11.21,11.06,11.11,222158
2425,MRDN,Meridiano Industrial,2025-03-26,38.25,38.46,37.66,38.06,248992
2426,NRTH,Northwind Farmacéutica,2025-03-26,101.48,103.23,101.11,102.34,202646
2427,OKVL,Oakvale Construcción,2025-03-26,9.40,9.76,9.20,9.55,305542
2428,PNFD,Pinefield Logística,2025-03-26,32.99,33.36,32.24,32.58,265328
2429,STNB,Stonebridge Seguros,2025-03-26,56.56,56.99,55.54,55.86,356157
2430,VGRE,Vega Renovables,2025-03-26,103.62,104.58,103.58,103.99,296174
2431,ARCD,Arcadia Telecom,2025-03-27,9.05,9.26,8.97,9.16,302336
2432,BLHB,Blue Harbour Naval,2025-03-27,34.98,36.26,34.65,35.55,517538
2433,CALDR,Caldera Energía,2025-03-27,11.65,11.97,11.43,11.89,327321
2434,LKVW,Lakeview Alimentación,2025-03-27,11.02,11.32,10.98,11.23,302227
2435,MRDN,Meridiano Industrial,2025-03-27,38.00,38.14,37.99,38.05,96544
2436,NRTH,Northwind Farmacéutica,2025-03-27,102.41,103.10,100.22,101.50,353834
2437,OKVL,Oakvale Construcción,2025-03-27,9.59,9.83,9.33,9.35,456293
2438,PNFD,Pinefield Logística,2025-03-27,32.76,33.00,32.16,32.45,241953
2439,STNB,Stonebridge Seguros,2025-03-27,56.04,56.65,54.58,55.25,363362
2440,VGRE,Vega Renovables,2025-03-27,104.03,105.48,102.24,103.17,358564
2441,ARCD,Arcadia Telecom,2025-03-28,9.14,9.35,8.98,9.34,261698
2442,BLHB,Blue Harbour Naval,2025-03-28,35.65,36.34,34.53,35.11,307240
2443,CALDR,Caldera Energía,2025-03-28,11.82,11.90,11.75,11.80,184158
2444,LKVW,Lakeview Alimentación,2025-03-28,11.27,11.38,10.96,11.09,252681
2445,MRDN,Meridiano Industrial,2025-03-28,38.10,39.19,37.09,37.25,567598
2446,NRTH,Northwind Farmacéutica,2025-03-28,101.91,102.31,99.82,100.52,266276
2447,OKVL,Oakvale Construcción,2025-03-28,9.35,9.49,9.15,9.24,275501
2448,PNFD,Pinefield Logística,2025-03-28,32.50,34.20,30.13,30.78,457270
2449,STNB,Stonebridge Seguros,2025-03-28,55.49,56.51,54.41,54.96,213857
2450,VGRE,Vega Renovables,2025-03-28,102.81,109.70,100.77,106.24,490335
2451,ARCD,Arcadia Telecom,2025-03-31,9.37,9.52,9.30,9.47,288137
2452,BLHB,Blue Harbour Naval,2025-03-31,34.97,35.18,34.91,35.02,141733
2453,CALDR,Caldera Energía,2025-03-31,11.86,12.11,11.69,12.01,508150
2454,LKVW,Lakeview Alimentación,2025-03-31,11.10,11.34,11.01,11.21,430719
2455,MRDN,Meridiano Industrial,2025-03-31,37.27,37.53,37.07,37.52,252935
2456,NRTH,Northwind Farmacéutica,2025-03-31,99.83,100.60,97.44,97.92,333446
2457,OKVL,Oakvale Construcción,2025-03-31,9.22,9.39,9.18,9.34,173529
2458,PNFD,Pinefield Logística,2025-03-31,30.63,31.39,28.18,29.48,529338
2459,STNB,Stonebridge Seguros,2025-03-31,55.10,55.37,54.82,54.84,170181
2460,VGRE,Vega Renovables,2025-03-31,106.13,106.57,102.47,104.20,325021
2461,ARCD,Arcadia Telecom,2025-04-01,9.53,9.59,9.45,9.46,195614
2462,BLHB,Blue Harbour Naval,2025-04-01,35.17,36.46,34.29,36.15,624060
2463,CALDR,Caldera Energía,2025-04-01,12.09,12.19,11.98,12.14,241742
2464,LKVW,Lakeview Alimentación,2025-04-01,11.24,11.44,11.07,11.34,212208
2465,MRDN,Meridiano Industrial,2025-04-01,37.55,37.68,37.47,37.51,95213
2466,NRTH,Northwind Farmacéutica,2025-04-01,97.58,99.75,96.22,98.85,294351
2467,OKVL,Oakvale Construcción,2025-04-01,9.39,9.49,9.23,9.28,223755
2468,PNFD,Pinefield Logística,2025-04-01,29.68,29.98,29.54,29.93,333030
2469,STNB,Stonebridge Seguros,2025-04-01,55.22,55.36,54.42,55.02,231943
2470,VGRE,Vega Renovables,2025-04-01,103.83,104.63,100.08,102.24,567387
2471,ARCD,Arcadia Telecom,2025-04-02,9.38,9.62,9.33,9.52,349896
2472,BLHB,Blue Harbour Naval,2025-04-02,36.13,36.59,35.45,35.89,362098
2473,CALDR,Caldera Energía,2025-04-02,12.07,12.19,12.00,12.16,116418
2474,LKVW,Lakeview Alimentación,2025-04-02,11.33,11.36,11.29,11.36,44013
2475,MRDN,Meridiano Industrial,2025-04-02,37.48,37.66,37.18,37.39,225658
2476,NRTH,Northwind Farmacéutica,2025-04-02,99.13,100.95,98.98,100.47,214539
2477,OKVL,Oakvale Construcción,2025-04-02,9.27,9.28,9.24,9.27,191507
2478,PNFD,Pinefield Logística,2025-04-02,30.20,30.94,29.26,29.57,377785
2479,STNB,Stonebridge Seguros,2025-04-02,54.97,55.58,54.87,55.17,108485
2480,VGRE,Vega Renovables,2025-04-02,101.58,103.69,97.16,99.03,445316
2481,ARCD,Arcadia Telecom,2025-04-03,9.51,9.53,9.37,9.43,386779
2482,BLHB,Blue Harbour Naval,2025-04-03,36.00,36.51,35.61,36.48,373101
2483,CALDR,Caldera Energía,2025-04-03,12.10,12.40,12.08,12.24,332019
2484,LKVW,Lakeview Alimentación,2025-04-03,11.35,11.36,11.09,11.14,331187
2485,MRDN,Meridiano Industrial,2025-04-03,37.63,37.85,37.12,37.41,126140
2486,NRTH,Northwind Farmacéutica,2025-04-03,101.13,101.39,100.63,100.71,258979
2487,OKVL,Oakvale Construcción,2025-04-03,9.24,9.24,9.11,9.16,311450
2488,PNFD,Pinefield Logística,2025-04-03,29.56,29.77,28.71,28.95,331791
2489,STNB,Stonebridge Seguros,2025-04-03,55.45,56.08,54.54,54.54,204106
2490,VGRE,Vega Renovables,2025-04-03,99.64,100.55,98.79,99.07,220050
2491,ARCD,Arcadia Telecom,2025-04-04,9.46,9.83,9.30,9.60,241164
2492,BLHB,Blue Harbour Naval,2025-04-04,36.36,37.01,35.76,35.84,372291
2493,CALDR,Caldera Energía,2025-04-04,12.34,12.43,11.52,12.01,377037
2494,LKVW,Lakeview Alimentación,2025-04-04,11.15,11.19,10.68,10.90,365205
2495,MRDN,Meridiano Industrial,2025-04-04,37.55,37.63,35.65,36.72,558018
2496,NRTH,Northwind Farmacéutica,2025-04-04,101.77,101.83,101.32,101.70,236252
2497,OKVL,Oakvale Construcción,2025-04-04,9.09,9.55,9.06,9.31,236664
2498,PNFD,Pinefield Logística,2025-04-04,28.69,29.08,28.62,28.84,232342
2499,STNB,Stonebridge Seguros,2025-04-04,54.84,55.16,54.75,55.02,355853
2500,VGRE,Vega Renovables,2025-04-04,98.55,98.93,97.04,97.72,369537
2501,ARCD,Arcadia Telecom,2025-04-07,9.55,10.02,9.31,9.86,460970
2502,BLHB,Blue Harbour Naval,2025-04-07,35.96,37.00,33.50,34.70,318147
2503,CALDR,Caldera Energía,2025-04-07,12.09,12.33,11.66,11.96,260619
2504,LKVW,Lakeview Alimentación,2025-04-07,10.89,10.90,10.68,10.80,287631
2505,MRDN,Meridiano Industrial,2025-04-07,36.71,37.48,36.46,37.05,352572
2506,NRTH,Northwind Farmacéutica,2025-04-07,102.24,103.00,100.83,101.46,229932
2507,OKVL,Oakvale Construcción,2025-04-07,9.31,9.37,9.28,9.34,194587
2508,PNFD,Pinefield Logística,2025-04-07,29.14,29.67,28.99,29.64,352960
2509,STNB,Stonebridge Seguros,2025-04-07,54.88,57.21,54.78,56.09,511313
2510,VGRE,Vega Renovables,2025-04-07,97.26,102.47,95.20,99.85,232518
2511,ARCD,Arcadia Telecom,2025-04-08,9.94,9.96,9.57,9.73,411396
2512,BLHB,Blue Harbour Naval,2025-04-08,34.72,35.11,34.47,34.61,289541
2513,CALDR,Caldera Energía,2025-04-08,11.98,12.32,11.32,11.65,382639
2514,LKVW,Lakeview Alimentación,2025-04-08,10.83,11.08,10.82,11.01,285236
2515,MRDN,Meridiano Industrial,2025-04-08,36.98,37.49,36.59,37.30,202495
2516,NRTH,Northwind Farmacéutica,2025-04-08,101.00,101.92,100.66,100.86,282379
2517,OKVL,Oakvale Construcción,2025-04-08,9.42,9.43,9.24,9.35,209348
2518,PNFD,Pinefield Logística,2025-04-08,29.76,30.17,28.79,29.07,423840
2519,STNB,Stonebridge Seguros,2025-04-08,56.26,56.62,56.21,56.46,256065
2520,VGRE,Vega Renovables,2025-04-08,99.74,101.35,91.03,95.57,504299
2521,ARCD,Arcadia Telecom,2025-04-09,9.76,9.94,9.68,9.85,231735
2522,BLHB,Blue Harbour Naval,2025-04-09,34.57,35.35,34.56,34.91,356640
2523,CALDR,Caldera Energía,2025-04-09,11.63,11.80,11.50,11.67,160647
2524,LKVW,Lakeview Alimentación,2025-04-09,11.07,11.28,10.94,11.24,481363
2525,MRDN,Meridiano Industrial,2025-04-09,37.34,37.64,37.17,37.55,317193
2526,NRTH,Northwind Farmacéutica,2025-04-09,100.74,102.21,99.01,99.32,269020
2527,OKVL,Oakvale Construcción,2025-04-09,9.32,9.42,9.29,9.35,142680
2528,PNFD,Pinefield Logística,2025-04-09,29.16,29.44,28.57,28.76,348236
2529,STNB,Stonebridge Seguros,2025-04-09,56.68,58.34,56.20,57.57,619200
2530,VGRE,Vega Renovables,2025-04-09,95.71,96.65,91.47,92.98,300949
2531,ARCD,Arcadia Telecom,2025-04-10,9.94,10.12,9.61,9.64,354221
2532,BLHB,Blue Harbour Naval,2025-04-10,34.70,34.84,34.58,34.75,201228
2533,CALDR,Caldera Energía,2025-04-10,11.71,11.78,11.65,11.74,158875
2534,LKVW,Lakeview Alimentación,2025-04-10,11.27,11.28,10.89,11.08,382141
2535,MRDN,Meridiano Industrial,2025-04-10,37.61,37.89,37.25,37.42,258535
2536,NRTH,Northwind Farmacéutica,2025-04-10,99.22,99.63,98.12,99.02,224768
2537,OKVL,Oakvale Construcción,2025-04-10,9.47,9.49,9.42,9.47,232455
2538,PNFD,Pinefield Logística,2025-04-10,28.67,30.03,27.74,29.62,353938
2539,STNB,Stonebridge Seguros,2025-04-10,57.50,60.10,56.60,59.45,260612
2540,VGRE,Vega Renovables,2025-04-10,93.45,96.26,90.11,90.24,390259
2541,ARCD,Arcadia Telecom,2025-04-11,9.50,10.06,9.37,9.81,321052
2542,BLHB,Blue Harbour Naval,2025-04-11,34.77,35.27,34.69,35.04,157091
2543,CALDR,Caldera Energía,2025-04-11,11.75,12.02,11.40,12.02,396710
2544,LKVW,Lakeview Alimentación,2025-04-11,11.16,11.29,10.99,11.02,156690
2545,MRDN,Meridiano Industrial,2025-04-11,37.53,37.58,37.19,37.34,170280
2546,NRTH,Northwind Farmacéutica,2025-04-11,98.86,101.75,98.65,100.37,440019
2547,OKVL,Oakvale Construcción,2025-04-11,9.48,9.55,9.07,9.28,302498
2548,PNFD,Pinefield Logística,2025-04-11,29.39,29.69,28.46,29.04,467622
2549,STNB,Stonebridge Seguros,2025-04-11,59.03,59.82,57.93,58.90,280943
2550,VGRE,Vega Renovables,2025-04-11,89.95,96.01,87.59,93.25,468219
2551,ARCD,Arcadia Telecom,2025-04-14,9.75,10.13,9.60,9.99,351749
2552,BLHB,Blue Harbour Naval,2025-04-14,35.00,35.50,34.70,35.38,301724
2553,CALDR,Caldera Energía,2025-04-14,11.94,12.45,11.70,12.30,396534
2554,LKVW,Lakeview Alimentación,2025-04-14,11.04,11.27,10.93,11.14,348393
2555,MRDN,Meridiano Industrial,2025-04-14,37.35,37.86,36.73,36.82,270323
2556,NRTH,Northwind Farmacéutica,2025-04-14,100.86,102.72,100.24,101.71,546018
2557,OKVL,Oakvale Construcción,2025-04-14,9.33,9.37,9.11,9.25,165386
2558,PNFD,Pinefield Logística,2025-04-14,29.09,29.74,28.29,28.36,458633
2559,STNB,Stonebridge Seguros,2025-04-14,58.83,59.09,58.18,58.73,242935
2560,VGRE,Vega Renovables,2025-04-14,93.42,95.59,92.80,94.54,210040
2561,ARCD,Arcadia Telecom,2025-04-15,9.93,10.01,9.89,9.91,210685
2562,BLHB,Blue Harbour Naval,2025-04-15,35.28,36.09,34.10,34.50,470630
2563,CALDR,Caldera Energía,2025-04-15,12.23,12.33,11.73,11.81,636738
2564,LKVW,Lakeview Alimentación,2025-04-15,11.15,11.36,11.11,11.23,241148
2565,MRDN,Meridiano Industrial,2025-04-15,36.80,37.08,36.28,36.46,353628
2566,NRTH,Northwind Farmacéutica,2025-04-15,102.23,102.80,101.14,101.43,240529
2567,OKVL,Oakvale Construcción,2025-04-15,9.28,9.58,8.93,9.03,338933
2568,PNFD,Pinefield Logística,2025-04-15,28.31,29.15,27.94,28.83,394273
2569,STNB,Stonebridge Seguros,2025-04-15,58.76,59.47,58.31,59.37,307747
2570,VGRE,Vega Renovables,2025-04-15,95.44,97.30,93.98,96.41,397202
2571,ARCD,Arcadia Telecom,2025-04-16,9.84,9.93,9.76,9.91,148664
2572,BLHB,Blue Harbour Naval,2025-04-16,34.67,35.13,34.07,34.95,179230
2573,CALDR,Caldera Energía,2025-04-16,11.80,12.35,11.59,12.27,462389
2574,LKVW,Lakeview Alimentación,2025-04-16,11.24,11.29,11.23,11.28,150493
2575,MRDN,Meridiano Industrial,2025-04-16,36.32,37.23,34.30,35.41,593098
2576,NRTH,Northwind Farmacéutica,2025-04-16,102.49,103.76,102.01,102.85,274273
2577,OKVL,Oakvale Construcción,2025-04-16,9.03,9.06,8.99,9.03,179042
2578,PNFD,Pinefield Logística,2025-04-16,28.71,29.67,28.64,29.25,365649
2579,STNB,Stonebridge Seguros,2025-04-16,59.12,60.56,58.76,59.78,199750
2580,VGRE,Vega Renovables,2025-04-16,96.75,97.66,95.53,97.18,206619
2581,ARCD,Arcadia Telecom,2025-04-17,9.90,9.90,9.83,9.86,234344
2582,BLHB,Blue Harbour Naval,2025-04-17,34.73,35.47,33.99,35.33,372264
2583,CALDR,Caldera Energía,2025-04-17,12.35,12.43,11.89,12.13,250404
2584,LKVW,Lakeview Alimentación,2025-04-17,11.31,11.51,11.11,11.45,336283
2585,MRDN,Meridiano Industrial,2025-04-17,35.42,35.52,35.09,35.18,310345
2586,NRTH,Northwind Farmacéutica,2025-04-17,102.78,103.04,102.63,103.04,334335
2587,OKVL,Oakvale Construcción,2025-04-17,8.98,9.04,8.98,9.02,272406
2588,PNFD,Pinefield Logística,2025-04-17,29.25,29.30,29.14,29.21,140488
2589,STNB,Stonebridge Seguros,2025-04-17,60.46,60.68,58.74,59.55,183151
2590,VGRE,Vega Renovables,2025-04-17,97.41,101.25,92.28,92.82,726793
2591,ARCD,Arcadia Telecom,2025-04-18,9.80,9.81,9.79,9.80,267459
2592,BLHB,Blue Harbour Naval,2025-04-18,35.47,35.72,35.43,35.52,168877
2593,CALDR,Caldera Energía,2025-04-18,11.98,12.27,11.98,12.09,216802
2594,LKVW,Lakeview Alimentación,2025-04-18,11.33,11.69,11.20,11.54,165471
2595,MRDN,Meridiano Industrial,2025-04-18,35.17,35.99,35.16,35.55,195644
2596,NRTH,Northwind Farmacéutica,2025-04-18,103.39,103.88,101.31,102.24,326645
2597,OKVL,Oakvale Construcción,2025-04-18,9.08,9.13,8.96,9.01,212334
2598,PNFD,Pinefield Logística,2025-04-18,29.22,29.48,27.46,28.19,815721
2599,STNB,Stonebridge Seguros,2025-04-18,59.33,60.28,56.66,58.20,252606
2600,VGRE,Vega Renovables,2025-04-18,93.80,96.93,91.98,94.76,137090
2601,ARCD,Arcadia Telecom,2025-04-21,9.72,9.96,9.60,9.85,195725
2602,BLHB,Blue Harbour Naval,2025-04-21,35.79,36.25,34.90,35.44,171248
2603,CALDR,Caldera Energía,2025-04-21,12.07,12.26,11.59,11.70,728023
2604,LKVW,Lakeview Alimentación,2025-04-21,11.52,11.59,11.42,11.47,281700
2605,MRDN,Meridiano Industrial,2025-04-21,35.40,35.98,35.27,35.65,239515
2606,NRTH,Northwind Farmacéutica,2025-04-21,102.34,103.00,101.93,101.93,156922
2607,OKVL,Oakvale Construcción,2025-04-21,9.03,9.07,9.00,9.03,167417
2608,PNFD,Pinefield Logística,2025-04-21,28.54,29.04,28.53,29.01,457786
2609,STNB,Stonebridge Seguros,2025-04-21,57.99,58.65,56.41,57.40,351501
2610,VGRE,Vega Renovables,2025-04-21,93.39,98.87,88.77,97.73,433607
2611,ARCD,Arcadia Telecom,2025-04-22,9.90,10.01,9.76,9.80,196061
2612,BLHB,Blue Harbour Naval,2025-04-22,35.49,35.70,35.31,35.57,153987
2613,CALDR,Caldera Energía,2025-04-22,11.76,11.92,11.75,11.86,292153
2614,LKVW,Lakeview Alimentación,2025-04-22,11.48,11.54,11.47,11.53,138724
2615,MRDN,Meridiano Industrial,2025-04-22,35.72,35.96,35.65,35.90,56097
2616,NRTH,Northwind Farmacéutica,2025-04-22,101.30,102.88,100.97,102.76,102629
2617,OKVL,Oakvale Construcción,2025-04-22,8.99,9.05,8.96,8.96,221737
2618,PNFD,Pinefield Logística,2025-04-22,29.62,31.05,28.86,30.40,555927
2619,STNB,Stonebridge Seguros,2025-04-22,57.35,59.66,56.38,58.92,374835
2620,VGRE,Vega Renovables,2025-04-22,98.59,100.46,97.91,99.56,237713
2621,ARCD,Arcadia Telecom,2025-04-23,9.84,9.85,9.68,9.71,276834
2622,BLHB,Blue Harbour Naval,2025-04-23,35.70,35.92,34.21,35.00,361910
2623,CALDR,Caldera Energía,2025-04-23,11.87,12.11,11.17,11.61,513895
2624,LKVW,Lakeview Alimentación,2025-04-23,11.49,11.78,11.35,11.61,332709
2625,MRDN,Meridiano Industrial,2025-04-23,35.89,35.97,35.21,35.32,264683
2626,NRTH,Northwind Farmacéutica,2025-04-23,103.18,103.55,103.18,103.36,252453
2627,OKVL,Oakvale Construcción,2025-04-23,8.99,9.13,8.83,8.84,215941
2628,PNFD,Pinefield Logística,2025-04-23,30.48,31.76,30.18,30.97,257748
2629,STNB,Stonebridge Seguros,2025-04-23,58.86,60.69,58.21,59.99,288183
2630,VGRE,Vega Renovables,2025-04-23,99.23,105.45,99.05,102.20,275220
2631,ARCD,Arcadia Telecom,2025-04-24,9.63,10.22,9.39,9.95,307486
2632,BLHB,Blue Harbour Naval,2025-04-24,35.18,35.52,34.69,34.77,305621
2633,CALDR,Caldera Energía,2025-04-24,11.58,11.72,11.52,11.67,201904
2634,LKVW,Lakeview Alimentación,2025-04-24,11.64,11.94,11.56,11.79,206970
2635,MRDN,Meridiano Industrial,2025-04-24,35.34,35.93,35.09,35.61,104333
2636,NRTH,Northwind Farmacéutica,2025-04-24,103.03,104.48,102.47,103.66,254098
2637,OKVL,Oakvale Construcción,2025-04-24,8.82,8.88,8.78,8.85,162737
2638,PNFD,Pinefield Logística,2025-04-24,31.04,31.79,29.86,30.22,220021
2639,STNB,Stonebridge Seguros,2025-04-24,59.75,60.96,57.27,58.31,321414
2640,VGRE,Vega Renovables,2025-04-24,101.31,103.14,97.66,98.96,198227
2641,ARCD,Arcadia Telecom,2025-04-25,9.91,10.32,9.86,10.13,165750
2642,BLHB,Blue Harbour Naval,2025-04-25,34.74,35.93,34.13,35.36,281632
2643,CALDR,Caldera Energía,2025-04-25,11.65,11.85,11.51,11.77,327341
2644,LKVW,Lakeview Alimentación,2025-04-25,11.77,11.90,11.59,11.71,261377
2645,MRDN,Meridiano Industrial,2025-04-25,35.66,36.30,35.49,36.08,336691
2646,NRTH,Northwind Farmacéutica,2025-04-25,103.29,104.53,100.78,102.05,222599
2647,OKVL,Oakvale Construcción,2025-04-25,8.81,8.96,8.80,8.95,317967
2648,PNFD,Pinefield Logística,2025-04-25,30.15,30.56,29.62,29.76,351770
2649,STNB,Stonebridge Seguros,2025-04-25,58.23,59.53,57.77,58.69,163262
2650,VGRE,Vega Renovables,2025-04-25,99.88,101.67,98.03,98.32,260142
2651,ARCD,Arcadia Telecom,2025-04-28,10.21,10.39,9.85,10.00,331996
2652,BLHB,Blue Harbour Naval,2025-04-28,35.19,36.45,33.96,36.08,266288
2653,CALDR,Caldera Energía,2025-04-28,11.70,12.49,11.52,12.08,349273
2654,LKVW,Lakeview Alimentación,2025-04-28,11.73,11.86,11.71,11.82,311039
2655,MRDN,Meridiano Industrial,2025-04-28,36.06,36.37,35.59,35.84,243422
2656,NRTH,Northwind Farmacéutica,2025-04-28,102.73,104.57,100.19,100.74,506008
2657,OKVL,Oakvale Construcción,2025-04-28,8.91,8.93,8.90,8.92,97822
2658,PNFD,Pinefield Logística,2025-04-28,29.78,29.90,26.99,28.15,653533
2659,STNB,Stonebridge Seguros,2025-04-28,58.86,60.41,57.11,57.29,285247
2660,VGRE,Vega Renovables,2025-04-28,98.26,98.49,97.67,98.33,140740
2661,ARCD,Arcadia Telecom,2025-04-29,9.97,10.25,9.55,9.70,509462
2662,BLHB,Blue Harbour Naval,2025-04-29,36.11,36.83,35.99,36.34,225930
2663,CALDR,Caldera Energía,2025-04-29,11.98,12.05,11.88,12.03,288117
2664,LKVW,Lakeview Alimentación,2025-04-29,11.81,11.83,11.81,11.82,127782
2665,MRDN,Meridiano Industrial,2025-04-29,35.95,36.04,35.23,35.37,149267
2666,NRTH,Northwind Farmacéutica,2025-04-29,100.30,102.80,100.19,101.73,223114
2667,OKVL,Oakvale Construcción,2025-04-29,8.95,9.15,8.32,8.63,701211
2668,PNFD,Pinefield Logística,2025-04-29,27.78,28.89,26.78,28.87,199009
2669,STNB,Stonebridge Seguros,2025-04-29,57.61,57.90,57.48,57.79,319226
2670,VGRE,Vega Renovables,2025-04-29,98.45,100.03,97.22,97.37,234440
2671,ARCD,Arcadia Telecom,2025-04-30,9.67,9.68,9.54,9.61,287265
2672,BLHB,Blue Harbour Naval,2025-04-30,36.25,37.19,36.11,36.73,155443
2673,CALDR,Caldera Energía,2025-04-30,12.10,12.15,11.93,11.95,207523
2674,LKVW,Lakeview Alimentación,2025-04-30,11.83,11.88,11.79,11.86,282616
2675,MRDN,Meridiano Industrial,2025-04-30,35.61,35.63,35.48,35.53,206117
2676,NRTH,Northwind Farmacéutica,2025-04-30,102.11,102.74,101.68,102.12,156655
2677,OKVL,Oakvale Construcción,2025-04-30,8.59,8.69,8.59,8.66,80476
2678,PNFD,Pinefield Logística,2025-04-30,28.51,28.59,28.42,28.53,272471
2679,STNB,Stonebridge Seguros,2025-04-30,57.80,58.22,57.37,57.70,100300
2680,VGRE,Vega Renovables,2025-04-30,97.91,98.79,96.42,97.76,130455
2681,ARCD,Arcadia Telecom,2025-05-01,9.64,10.25,9.43,9.89,344750
2682,BLHB,Blue Harbour Naval,2025-05-01,36.77,37.66,36.12,37.60,406080
2683,CALDR,Caldera Energía,2025-05-01,11.99,12.30,11.85,12.26,376283
2684,LKVW,Lakeview Alimentación,2025-05-01,11.87,11.87,11.82,11.85,228953
2685,MRDN,Meridiano Industrial,2025-05-01,35.53,36.10,35.21,35.99,284111
2686,NRTH,Northwind Farmacéutica,2025-05-01,102.07,102.70,101.89,101.99,235244
2687,OKVL,Oakvale Construcción,2025-05-01,8.59,8.63,8.58,8.63,214242
2688,PNFD,Pinefield Logística,2025-05-01,27.92,28.81,27.62,28.70,300193
2689,STNB,Stonebridge Seguros,2025-05-01,57.96,60.10,56.56,59.06,242421
2690,VGRE,Vega Renovables,2025-05-01,98.23,102.64,92.68,95.09,447985
2691,ARCD,Arcadia Telecom,2025-05-02,9.91,9.95,9.87,9.90,228108
2692,BLHB,Blue Harbour Naval,2025-05-02,37.73,37.94,37.23,37.27,146863
2693,CALDR,Caldera Energía,2025-05-02,12.29,12.86,12.15,12.67,464637
2694,LKVW,Lakeview Alimentación,2025-05-02,11.85,12.08,11.79,11.97,157394
2695,MRDN,Meridiano Industrial,2025-05-02,35.99,36.29,35.03,35.47,306277
2696,NRTH,Northwind Farmacéutica,2025-05-02,102.52,103.34,102.44,102.96,314572
2697,OKVL,Oakvale Construcción,2025-05-02,8.64,8.91,8.45,8.74,324095
2698,PNFD,Pinefield Logística,2025-05-02,28.48,29.83,28.33,29.13,292906
2699,STNB,Stonebridge Seguros,2025-05-02,59.57,59.72,59.39,59.39,254721
2700,VGRE,Vega Renovables,2025-05-02,94.65,96.37,92.65,93.17,450212
2701,ARCD,Arcadia Telecom,2025-05-05,9.95,9.99,9.92,9.92,263685
2702,BLHB,Blue Harbour Naval,2025-05-05,37.39,37.87,37.29,37.71,123635
2703,CALDR,Caldera Energía,2025-05-05,12.62,12.79,11.96,12.23,648669
2704,LKVW,Lakeview Alimentación,2025-05-05,11.94,11.98,11.80,11.81,356219
2705,MRDN,Meridiano Industrial,2025-05-05,35.41,36.03,34.67,35.95,295374
2706,NRTH,Northwind Farmacéutica,2025-05-05,102.03,102.08,100.08,101.36,238296
2707,OKVL,Oakvale Construcción,2025-05-05,8.77,9.01,8.75,8.86,182700
2708,PNFD,Pinefield Logística,2025-05-05,29.17,29.62,28.14,28.82,248680
2709,STNB,Stonebridge Seguros,2025-05-05,59.24,60.11,59.14,59.83,270465
2710,VGRE,Vega Renovables,2025-05-05,93.03,93.44,93.03,93.27,149424
2711,ARCD,Arcadia Telecom,2025-05-06,9.93,9.99,9.89,9.89,212663
2712,BLHB,Blue Harbour Naval,2025-05-06,37.90,38.21,37.56,37.71,216405
2713,CALDR,Caldera Energía,2025-05-06,12.22,12.28,12.05,12.17,207547
2714,LKVW,Lakeview Alimentación,2025-05-06,11.83,11.85,11.75,11.80,39953
2715,MRDN,Meridiano Industrial,2025-05-06,36.01,37.06,35.26,36.80,596860
2716,NRTH,Northwind Farmacéutica,2025-05-06,101.27,101.40,101.04,101.14,205650
2717,OKVL,Oakvale Construcción,2025-05-06,8.87,8.88,8.70,8.73,315909
2718,PNFD,Pinefield Logística,2025-05-06,29.38,29.46,29.28,29.36,286204
2719,STNB,Stonebridge Seguros,2025-05-06,60.62,62.28,58.94,59.22,275935
2720,VGRE,Vega Renovables,2025-05-06,94.25,94.26,93.16,94.17,246402
2721,ARCD,Arcadia Telecom,2025-05-07,9.85,10.07,9.75,9.97,210566
2722,BLHB,Blue Harbour Naval,2025-05-07,37.57,37.71,37.08,37.43,178067
2723,CALDR,Caldera Energía,2025-05-07,12.25,12.35,11.96,12.14,255636
2724,LKVW,Lakeview Alimentación,2025-05-07,11.74,12.05,11.64,11.90,203680
2725,MRDN,Meridiano Industrial,2025-05-07,36.82,36.98,36.60,36.70,143977
2726,NRTH,Northwind Farmacéutica,2025-05-07,101.99,102.36,101.06,101.26,233217
2727,OKVL,Oakvale Construcción,2025-05-07,8.67,8.74,8.59,8.59,342118
2728,PNFD,Pinefield Logística,2025-05-07,29.48,30.10,29.21,29.77,148241
2729,STNB,Stonebridge Seguros,2025-05-07,59.39,60.21,58.85,59.59,202101
2730,VGRE,Vega Renovables,2025-05-07,94.94,98.80,92.69,97.15,457448
2731,ARCD,Arcadia Telecom,2025-05-08,9.98,10.30,9.84,10.16,503286
2732,BLHB,Blue Harbour Naval,2025-05-08,37.68,37.84,37.49,37.74,331108
2733,CALDR,Caldera Energía,2025-05-08,12.05,12.41,11.95,12.22,230625
2734,LKVW,Lakeview Alimentación,2025-05-08,11.93,12.03,11.85,11.88,208326
2735,MRDN,Meridiano Industrial,2025-05-08,36.64,36.79,36.60,36.72,141797
2736,NRTH,Northwind Farmacéutica,2025-05-08,101.13,101.51,100.82,101.23,230295
2737,OKVL,Oakvale Construcción,2025-05-08,8.57,8.69,8.57,8.59,156340
2738,PNFD,Pinefield Logística,2025-05-08,29.39,29.62,29.14,29.53,321121
2739,STNB,Stonebridge Seguros,2025-05-08,59.83,62.59,59.23,60.98,412033
2740,VGRE,Vega Renovables,2025-05-08,97.47,97.70,95.11,96.54,235916
2741,ARCD,Arcadia Telecom,2025-05-09,10.20,10.45,10.09,10.32,275222
2742,BLHB,Blue Harbour Naval,2025-05-09,37.92,38.78,36.60,37.00,223774
2743,CALDR,Caldera Energía,2025-05-09,12.27,12.77,12.04,12.53,269964
2744,LKVW,Lakeview Alimentación,2025-05-09,11.88,12.01,11.84,11.95,224001
2745,MRDN,Meridiano Industrial,2025-05-09,36.70,37.18,35.78,36.07,533674
2746,NRTH,Northwind Farmacéutica,2025-05-09,101.20,103.58,99.41,103.07,220623
2747,OKVL,Oakvale Construcción,2025-05-09,8.56,8.67,8.54,8.60,114424
2748,PNFD,Pinefield Logística,2025-05-09,29.92,31.58,29.84,30.88,480155
2749,STNB,Stonebridge Seguros,2025-05-09,61.08,61.80,59.62,60.23,363116
2750,VGRE,Vega Renovables,2025-05-09,96.48,96.85,93.49,94.81,187441
2751,ARCD,Arcadia Telecom,2025-05-12,10.35,10.62,9.67,9.74,1129391
2752,BLHB,Blue Harbour Naval,2025-05-12,37.13,37.20,36.77,36.80,223230
2753,CALDR,Caldera Energía,2025-05-12,12.33,12.40,12.07,12.19,260889
2754,LKVW,Lakeview Alimentación,2025-05-12,11.93,11.94,11.92,11.93,230539
2755,MRDN,Meridiano Industrial,2025-05-12,36.09,36.69,36.02,36.35,309243
2756,NRTH,Northwind Farmacéutica,2025-05-12,102.46,103.22,101.44,103.02,36008
2757,OKVL,Oakvale Construcción,2025-05-12,8.57,8.62,8.48,8.53,175383
2758,PNFD,Pinefield Logística,2025-05-12,31.07,31.77,30.27,30.44,356912
2759,STNB,Stonebridge Seguros,2025-05-12,60.26,60.66,59.79,60.15,170182
2760,VGRE,Vega Renovables,2025-05-12,94.44,100.87,91.84,97.12,588560
2761,ARCD,Arcadia Telecom,2025-05-13,9.69,9.75,9.57,9.59,352386
2762,BLHB,Blue Harbour Naval,2025-05-13,36.75,37.38,35.58,36.17,303227
2763,CALDR,Caldera Energía,2025-05-13,12.20,12.89,12.00,12.57,449291
2764,LKVW,Lakeview Alimentación,2025-05-13,11.94,12.45,11.77,12.22,584849
2765,MRDN,Meridiano Industrial,2025-05-13,36.09,36.61,35.78,36.36,279610
2766,NRTH,Northwind Farmacéutica,2025-05-13,102.59,105.98,102.29,104.30,294141
2767,OKVL,Oakvale Construcción,2025-05-13,8.57,8.71,8.29,8.43,174812
2768,PNFD,Pinefield Logística,2025-05-13,30.28,30.99,29.85,30.87,198433
2769,STNB,Stonebridge Seguros,2025-05-13,60.20,60.27,59.67,59.93,201127
2770,VGRE,Vega Renovables,2025-05-13,96.82,97.56,95.03,95.82,275437
2771,ARCD,Arcadia Telecom,2025-05-14,9.53,9.93,9.49,9.76,261587
2772,BLHB,Blue Harbour Naval,2025-05-14,36.18,36.48,35.40,35.63,295216
2773,CALDR,Caldera Energía,2025-05-14,12.59,12.80,12.42,12.64,296379
2774,LKVW,Lakeview Alimentación,2025-05-14,12.25,12.65,12.16,12.50,322441
2775,MRDN,Meridiano Industrial,2025-05-14,36.36,37.34,35.88,36.72,195750
2776,NRTH,Northwind Farmacéutica,2025-05-14,104.17,104.32,103.57,103.80,217298
2777,OKVL,Oakvale Construcción,2025-05-14,8.42,8.73,8.40,8.54,219105
2778,PNFD,Pinefield Logística,2025-05-14,31.19,32.03,30.32,30.50,355619
2779,STNB,Stonebridge Seguros,2025-05-14,59.81,59.98,58.21,59.10,292186
2780,VGRE,Vega Renovables,2025-05-14,95.68,97.60,93.44,97.02,110817
2781,ARCD,Arcadia Telecom,2025-05-15,9.76,9.98,9.45,9.48,318710
2782,BLHB,Blue Harbour Naval,2025-05-15,35.53,36.21,34.98,35.95,232073
2783,CALDR,Caldera Energía,2025-05-15,12.78,12.97,12.43,12.62,189303
2784,LKVW,Lakeview Alimentación,2025-05-15,12.54,12.78,12.06,12.30,347661
2785,MRDN,Meridiano Industrial,2025-05-15,36.66,36.94,36.43,36.69,114007
2786,NRTH,Northwind Farmacéutica,2025-05-15,104.50,105.76,101.51,102.19,432781
2787,OKVL,Oakvale Construcción,2025-05-15,8.48,8.50,8.46,8.46,200453
2788,PNFD,Pinefield Logística,2025-05-15,30.51,31.35,29.16,29.45,297371
2789,STNB,Stonebridge Seguros,2025-05-15,59.15,59.35,57.06,58.19,219530
2790,VGRE,Vega Renovables,2025-05-15,96.04,96.53,92.73,94.93,394455
2791,ARCD,Arcadia Telecom,2025-05-16,9.50,9.87,9.30,9.73,484043
2792,BLHB,Blue Harbour Naval,2025-05-16,36.03,36.14,35.40,35.79,166784
2793,CALDR,Caldera Energía,2025-05-16,12.58,12.76,12.29,12.46,362259
2794,LKVW,Lakeview Alimentación,2025-05-16,12.34,12.39,12.24,12.30,190285
2795,MRDN,Meridiano Industrial,2025-05-16,36.78,37.27,36.19,36.48,324758
2796,NRTH,Northwind Farmacéutica,2025-05-16,101.36,103.21,101.16,102.56,300208
2797,OKVL,Oakvale Construcción,2025-05-16,8.46,8.50,8.45,8.47,249546
2798,PNFD,Pinefield Logística,2025-05-16,29.11,29.74,27.97,28.36,439616
2799,STNB,Stonebridge Seguros,2025-05-16,57.85,58.45,57.45,58.36,90903
2800,VGRE,Vega Renovables,2025-05-16,95.80,97.32,93.66,94.48,182762
2801,ARCD,Arcadia Telecom,2025-05-19,9.74,9.76,9.67,9.71,162039
2802,BLHB,Blue Harbour Naval,2025-05-19,35.68,36.86,35.20,36.85,453154
2803,CALDR,Caldera Energía,2025-05-19,12.42,12.94,12.30,12.84,393886
2804,LKVW,Lakeview Alimentación,2025-05-19,12.29,12.49,12.24,12.48,147287
2805,MRDN,Meridiano Industrial,2025-05-19,36.25,36.53,36.07,36.45,171600
2806,NRTH,Northwind Farmacéutica,2025-05-19,102.52,103.19,102.26,102.77,193584
2807,OKVL,Oakvale Construcción,2025-05-19,8.52,8.53,8.40,8.45,251589
2808,PNFD,Pinefield Logística,2025-05-19,28.37,29.91,27.64,29.13,307132
2809,STNB,Stonebridge Seguros,2025-05-19,58.19,58.20,57.62,58.00,214578
2810,VGRE,Vega Renovables,2025-05-19,94.62,94.90,92.24,93.28,231961
2811,ARCD,Arcadia Telecom,2025-05-20,9.77,9.80,9.67,9.72,140338
2812,BLHB,Blue Harbour Naval,2025-05-20,36.61,38.34,36.61,37.25,272356
2813,CALDR,Caldera Energía,2025-05-20,12.73,13.33,12.14,13.26,647345
2814,LKVW,Lakeview Alimentación,2025-05-20,12.51,12.52,12.39,12.41,18014
2815,MRDN,Meridiano Industrial,2025-05-20,36.41,36.88,35.28,35.85,328739
2816,NRTH,Northwind Farmacéutica,2025-05-20,103.13,103.19,102.64,102.79,188265
2817,OKVL,Oakvale Construcción,2025-05-20,8.46,8.51,8.40,8.48,198029
2818,PNFD,Pinefield Logística,2025-05-20,28.66,28.97,28.51,28.82,294025
2819,STNB,Stonebridge Seguros,2025-05-20,58.69,59.46,57.30,57.80,242189
2820,VGRE,Vega Renovables,2025-05-20,93.54,93.87,91.42,92.51,109071
2821,ARCD,Arcadia Telecom,2025-05-21,9.75,9.85,9.63,9.70,185368
2822,BLHB,Blue Harbour Naval,2025-05-21,37.50,38.07,36.88,36.95,427643
2823,CALDR,Caldera Energía,2025-05-21,13.30,13.82,13.14,13.56,128845
2824,LKVW,Lakeview Alimentación,2025-05-21,12.42,12.55,12.35,12.46,189433
2825,MRDN,Meridiano Industrial,2025-05-21,35.84,35.85,35.82,35.84,163057
2826,NRTH,Northwind Farmacéutica,2025-05-21,102.93,104.50,101.87,104.17,419649
2827,OKVL,Oakvale Construcción,2025-05-21,8.52,8.54,8.50,8.54,254924
2828,PNFD,Pinefield Logística,2025-05-21,28.66,29.62,28.31,29.23,377893
2829,STNB,Stonebridge Seguros,2025-05-21,58.19,58.26,58.10,58.12,170097
2830,VGRE,Vega Renovables,2025-05-21,92.44,99.14,88.73,97.37,414308
2831,ARCD,Arcadia Telecom,2025-05-22,9.63,9.70,9.57,9.70,206763
2832,BLHB,Blue Harbour Naval,2025-05-22,37.04,37.85,36.57,37.55,386998
2833,CALDR,Caldera Energía,2025-05-22,13.78,14.00,13.58,13.60,289514
2834,LKVW,Lakeview Alimentación,2025-05-22,12.43,12.68,12.34,12.68,302654
2835,MRDN,Meridiano Industrial,2025-05-22,35.60,35.86,35.37,35.63,249412
2836,NRTH,Northwind Farmacéutica,2025-05-22,104.48,105.45,103.39,105.09,407725
2837,OKVL,Oakvale Construcción,2025-05-22,8.53,8.57,8.46,8.50,294902
2838,PNFD,Pinefield Logística,2025-05-22,28.96,30.71,27.87,30.14,580901
2839,STNB,Stonebridge Seguros,2025-05-22,58.23,58.66,57.80,57.91,223925
2840,VGRE,Vega Renovables,2025-05-22,97.27,98.27,96.38,97.99,144184
2841,ARCD,Arcadia Telecom,2025-05-23,9.73,9.74,9.61,9.72,151759
2842,BLHB,Blue Harbour Naval,2025-05-23,37.31,38.04,36.07,36.66,474927
2843,CALDR,Caldera Energía,2025-05-23,13.51,14.11,13.38,13.81,412884
2844,LKVW,Lakeview Alimentación,2025-05-23,12.72,12.73,12.71,12.73,309759
2845,MRDN,Meridiano Industrial,2025-05-23,35.62,35.95,35.57,35.83,300143
2846,NRTH,Northwind Farmacéutica,2025-05-23,104.61,105.81,104.17,105.19,118380
2847,OKVL,Oakvale Construcción,2025-05-23,8.48,8.51,8.28,8.40,195356
2848,PNFD,Pinefield Logística,2025-05-23,30.11,30.17,29.58,29.96,283511
2849,STNB,Stonebridge Seguros,2025-05-23,57.69,58.93,57.18,58.86,233409
2850,VGRE,Vega Renovables,2025-05-23,97.35,104.28,93.81,100.56,346804
2851,ARCD,Arcadia Telecom,2025-05-26,9.77,9.81,9.61,9.72,194688
2852,BLHB,Blue Harbour Naval,2025-05-26,36.93,37.22,36.84,37.01,160504
2853,CALDR,Caldera Energía,2025-05-26,13.89,14.10,13.87,13.98,450218
2854,LKVW,Lakeview Alimentación,2025-05-26,12.80,12.81,12.78,12.78,158913
2855,MRDN,Meridiano Industrial,2025-05-26,35.89,36.09,35.57,35.64,368732
2856,NRTH,Northwind Farmacéutica,2025-05-26,106.13,107.30,105.63,106.80,398151
2857,OKVL,Oakvale Construcción,2025-05-26,8.42,8.60,8.08,8.17,456734
2858,PNFD,Pinefield Logística,2025-05-26,30.11,32.21,29.67,31.07,678456
2859,STNB,Stonebridge Seguros,2025-05-26,59.09,60.18,58.76,59.79,232299
2860,VGRE,Vega Renovables,2025-05-26,101.11,101.39,97.95,99.06,339281
2861,ARCD,Arcadia Telecom,2025-05-27,9.67,9.76,9.65,9.72,193073
2862,BLHB,Blue Harbour Naval,2025-05-27,37.35,38.40,37.33,37.87,594859
2863,CALDR,Caldera Energía,2025-05-27,13.85,14.09,13.76,14.08,242556
2864,LKVW,Lakeview Alimentación,2025-05-27,12.75,12.89,12.61,12.87,253088
2865,MRDN,Meridiano Industrial,2025-05-27,35.73,35.77,35.67,35.69,252385
2866,NRTH,Northwind Farmacéutica,2025-05-27,106.63,107.44,105.79,106.42,244509
2867,OKVL,Oakvale Construcción,2025-05-27,8.19,8.19,8.06,8.14,212677
2868,PNFD,Pinefield Logística,2025-05-27,30.87,31.07,30.87,31.02,217719
2869,STNB,Stonebridge Seguros,2025-05-27,59.76,60.48,58.58,59.17,258907
2870,VGRE,Vega Renovables,2025-05-27,99.01,99.59,98.17,98.52,322061
2871,ARCD,Arcadia Telecom,2025-05-28,9.75,9.80,9.50,9.55,401374
2872,BLHB,Blue Harbour Naval,2025-05-28,37.79,38.09,37.31,37.35,283196
2873,CALDR,Caldera Energía,2025-05-28,14.09,14.43,13.30,13.80,565168
2874,LKVW,Lakeview Alimentación,2025-05-28,12.90,13.04,12.67,12.68,292637
2875,MRDN,Meridiano Industrial,2025-05-28,35.44,36.06,35.10,35.88,229809
2876,NRTH,Northwind Farmacéutica,2025-05-28,106.78,107.23,106.34,107.06,129421
2877,OKVL,Oakvale Construcción,2025-05-28,8.10,8.23,7.94,7.98,466373
2878,PNFD,Pinefield Logística,2025-05-28,31.13,31.19,30.07,30.62,273937
2879,STNB,Stonebridge Seguros,2025-05-28,59.03,60.91,57.94,59.84,290737
2880,VGRE,Vega Renovables,2025-05-28,99.83,101.57,95.01,95.30,260929
2881,ARCD,Arcadia Telecom,2025-05-29,9.56,9.75,9.42,9.58,272297
2882,BLHB,Blue Harbour Naval,2025-05-29,37.56,38.43,35.82,36.70,396360
2883,CALDR,Caldera Energía,2025-05-29,13.84,13.89,13.75,13.78,133363
2884,LKVW,Lakeview Alimentación,2025-05-29,12.68,12.97,12.51,12.97,333659
2885,MRDN,Meridiano Industrial,2025-05-29,36.06,36.42,35.98,36.25,271802
2886,NRTH,Northwind Farmacéutica,2025-05-29,106.00,109.93,102.42,108.87,248030
2887,OKVL,Oakvale Construcción,2025-05-29,7.96,8.13,7.95,8.08,412707
2888,PNFD,Pinefield Logística,2025-05-29,30.48,33.24,29.50,32.07,844486
2889,STNB,Stonebridge Seguros,2025-05-29,59.83,62.31,58.06,60.49,238278
2890,VGRE,Vega Renovables,2025-05-29,94.47,95.06,94.45,95.00,272773
2891,ARCD,Arcadia Telecom,2025-05-30,9.59,9.89,9.47,9.80,381202
2892,BLHB,Blue Harbour Naval,2025-05-30,36.37,37.56,35.33,37.47,632277
2893,CALDR,Caldera Energía,2025-05-30,13.82,14.45,13.80,14.16,344371
2894,LKVW,Lakeview Alimentación,2025-05-30,12.91,13.01,12.90,12.96,240339
2895,MRDN,Meridiano Industrial,2025-05-30,36.17,36.35,36.08,36.31,73382
2896,NRTH,Northwind Farmacéutica,2025-05-30,109.08,111.86,108.12,110.97,320583
2897,OKVL,Oakvale Construcción,2025-05-30,8.06,8.27,7.94,8.15,231974
2898,PNFD,Pinefield Logística,2025-05-30,32.46,32.76,31.29,31.46,507750
2899,STNB,Stonebridge Seguros,2025-05-30,60.49,62.52,58.87,62.21,321052
2900,VGRE,Vega Renovables,2025-05-30,94.84,96.12,94.05,96.08,303440
2901,ARCD,Arcadia Telecom,2025-06-02,9.79,9.91,9.72,9.83,310393
2902,BLHB,Blue Harbour Naval,2025-06-02,37.67,37.71,37.17,37.45,180536
2903,CALDR,Caldera Energía,2025-06-02,13.99,14.17,13.94,14.08,299573
2904,LKVW,Lakeview Alimentación,2025-06-02,12.94,13.04,12.93,12.97,183586
2905,MRDN,Meridiano Industrial,2025-06-02,36.19,37.20,35.19,35.25,400241
2906,NRTH,Northwind Farmacéutica,2025-06-02,110.91,114.15,109.83,112.17,135936
2907,OKVL,Oakvale Construcción,2025-06-02,8.14,8.18,8.00,8.03,129696
2908,PNFD,Pinefield Logística,2025-06-02,32.02,32.22,31.58,31.83,427043
2909,STNB,Stonebridge Seguros,2025-06-02,62.00,64.27,61.17,63.13,151713
2910,VGRE,Vega Renovables,2025-06-02,96.69,98.48,89.60,92.95,656299
2911,ARCD,Arcadia Telecom,2025-06-03,9.87,10.04,9.38,9.51,503197
2912,BLHB,Blue Harbour Naval,2025-06-03,37.43,37.65,37.25,37.58,297733
2913,CALDR,Caldera Energía,2025-06-03,14.10,14.10,13.74,13.75,357788
2914,LKVW,Lakeview Alimentación,2025-06-03,12.97,13.30,12.84,13.09,374477
2915,MRDN,Meridiano Industrial,2025-06-03,35.43,35.45,35.41,35.43,270337
2916,NRTH,Northwind Farmacéutica,2025-06-03,111.85,117.33,109.26,114.95,594565
2917,OKVL,Oakvale Construcción,2025-06-03,8.03,8.06,7.93,7.95,323485
2918,PNFD,Pinefield Logística,2025-06-03,31.66,31.73,31.49,31.56,129229
2919,STNB,Stonebridge Seguros,2025-06-03,63.29,63.81,62.38,62.81,240187
2920,VGRE,Vega Renovables,2025-06-03,93.96,95.21,89.65,91.67,309927
2921,ARCD,Arcadia Telecom,2025-06-04,9.46,9.61,9.24,9.37,353285
2922,BLHB,Blue Harbour Naval,2025-06-04,37.71,37.72,37.70,37.71,314147
2923,CALDR,Caldera Energía,2025-06-04,13.83,13.94,13.56,13.71,282369
2924,LKVW,Lakeview Alimentación,2025-06-04,13.07,13.14,12.83,12.90,293531
2925,MRDN,Meridiano Industrial,2025-06-04,35.44,35.59,35.17,35.25,221777
2926,NRTH,Northwind Farmacéutica,2025-06-04,115.28,115.37,110.65,112.76,322905
2927,OKVL,Oakvale Construcción,2025-06-04,7.99,8.03,7.95,7.96,137697
2928,PNFD,Pinefield Logística,2025-06-04,31.51,31.57,31.44,31.46,185892
2929,STNB,Stonebridge Seguros,2025-06-04,62.52,63.09,62.24,62.81,143363
2930,VGRE,Vega Renovables,2025-06-04,91.91,96.37,87.98,88.81,236973
2931,ARCD,Arcadia Telecom,2025-06-05,9.40,9.45,9.34,9.44,216642
2932,BLHB,Blue Harbour Naval,2025-06-05,37.51,37.67,36.86,37.05,348307
2933,CALDR,Caldera Energía,2025-06-05,13.75,14.04,13.06,13.35,479393
2934,LKVW,Lakeview Alimentación,2025-06-05,12.84,13.02,12.66,12.94,286453
2935,MRDN,Meridiano Industrial,2025-06-05,35.14,35.23,34.87,35.12,233212
2936,NRTH,Northwind Farmacéutica,2025-06-05,112.46,112.51,112.36,112.44,175640
2937,OKVL,Oakvale Construcción,2025-06-05,7.91,8.18,7.71,8.14,166191
2938,PNFD,Pinefield Logística,2025-06-05,31.10,32.28,30.33,31.84,149106
2939,STNB,Stonebridge Seguros,2025-06-05,63.22,64.33,62.27,63.49,312029
2940,VGRE,Vega Renovables,2025-06-05,88.42,89.90,87.90,88.67,181579
2941,ARCD,Arcadia Telecom,2025-06-06,9.39,9.45,9.38,9.42,121114
2942,BLHB,Blue Harbour Naval,2025-06-06,36.99,37.87,36.44,37.69,330487
2943,CALDR,Caldera Energía,2025-06-06,13.30,13.33,13.26,13.26,181663
2944,LKVW,Lakeview Alimentación,2025-06-06,13.00,13.01,13.00,13.00,284117
2945,MRDN,Meridiano Industrial,2025-06-06,35.34,35.91,34.47,34.64,192557
2946,NRTH,Northwind Farmacéutica,2025-06-06,112.27,113.22,108.72,110.35,270624
2947,OKVL,Oakvale Construcción,2025-06-06,8.10,8.29,7.83,7.91,432175
2948,PNFD,Pinefield Logística,2025-06-06,31.48,32.79,30.25,31.78,321282
2949,STNB,Stonebridge Seguros,2025-06-06,63.73,64.78,60.84,62.27,339572
2950,VGRE,Vega Renovables,2025-06-06,88.65,91.93,87.37,91.52,484869
2951,ARCD,Arcadia Telecom,2025-06-09,9.45,9.47,9.43,9.46,241683
2952,BLHB,Blue Harbour Naval,2025-06-09,37.66,38.48,36.27,37.07,338052
2953,CALDR,Caldera Energía,2025-06-09,13.38,13.50,13.13,13.21,375836
2954,LKVW,Lakeview Alimentación,2025-06-09,13.07,13.08,12.92,12.98,227462
2955,MRDN,Meridiano Industrial,2025-06-09,34.59,34.71,34.42,34.45,210582
2956,NRTH,Northwind Farmacéutica,2025-06-09,110.05,111.46,109.63,110.84,237944
2957,OKVL,Oakvale Construcción,2025-06-09,7.93,7.98,7.92,7.94,121452
2958,PNFD,Pinefield Logística,2025-06-09,31.60,31.69,31.46,31.57,200869
2959,STNB,Stonebridge Seguros,2025-06-09,62.27,65.42,60.65,64.17,507868
2960,VGRE,Vega Renovables,2025-06-09,91.94,94.96,91.92,93.64,495503
2961,ARCD,Arcadia Telecom,2025-06-10,9.48,9.57,9.35,9.41,357620
2962,BLHB,Blue Harbour Naval,2025-06-10,36.78,37.96,36.76,37.70,384504
2963,CALDR,Caldera Energía,2025-06-10,13.16,13.43,12.89,13.32,206514
2964,LKVW,Lakeview Alimentación,2025-06-10,12.93,13.07,12.81,12.84,359683
2965,MRDN,Meridiano Industrial,2025-06-10,34.29,35.09,33.74,35.00,447368
2966,NRTH,Northwind Farmacéutica,2025-06-10,110.52,112.06,110.01,111.27,106826
2967,OKVL,Oakvale Construcción,2025-06-10,7.89,8.11,7.75,8.08,247400
2968,PNFD,Pinefield Logística,2025-06-10,31.98,33.03,29.48,30.42,594694
2969,STNB,Stonebridge Seguros,2025-06-10,64.08,66.35,62.90,65.39,333211
2970,VGRE,Vega Renovables,2025-06-10,92.46,106.59,90.05,99.50,705634
2971,ARCD,Arcadia Telecom,2025-06-11,9.46,9.65,9.43,9.59,290081
2972,BLHB,Blue Harbour Naval,2025-06-11,37.46,39.04,37.26,38.57,262981
2973,CALDR,Caldera Energía,2025-06-11,13.28,13.86,13.19,13.57,526046
2974,LKVW,Lakeview Alimentación,2025-06-11,12.81,12.89,12.65,12.75,247121
2975,MRDN,Meridiano Industrial,2025-06-11,35.03,35.20,34.87,34.95,117936
2976,NRTH,Northwind Farmacéutica,2025-06-11,111.58,111.93,111.54,111.68,141536
2977,OKVL,Oakvale Construcción,2025-06-11,8.07,8.12,8.04,8.09,237286
2978,PNFD,Pinefield Logística,2025-06-11,30.49,31.18,29.47,29.58,400660
2979,STNB,Stonebridge Seguros,2025-06-11,65.49,66.22,64.47,64.87,217005
2980,VGRE,Vega Renovables,2025-06-11,100.03,110.36,98.91,106.53,896485
2981,ARCD,Arcadia Telecom,2025-06-12,9.69,9.74,9.46,9.52,379326
2982,BLHB,Blue Harbour Naval,2025-06-12,38.55,39.34,36.98,37.81,354068
2983,CALDR,Caldera Energía,2025-06-12,13.56,14.40,13.49,14.09,552437
2984,LKVW,Lakeview Alimentación,2025-06-12,12.73,12.94,12.12,12.43,316431
2985,MRDN,Meridiano Industrial,2025-06-12,34.85,35.67,34.76,35.22,304132
2986,NRTH,Northwind Farmacéutica,2025-06-12,111.92,112.72,111.71,111.86,165954
2987,OKVL,Oakvale Construcción,2025-06-12,8.06,8.08,7.98,8.02,190863
2988,PNFD,Pinefield Logística,2025-06-12,29.63,29.98,29.55,29.74,175812
2989,STNB,Stonebridge Seguros,2025-06-12,65.02,65.56,62.48,63.65,293051
2990,VGRE,Vega Renovables,2025-06-12,106.73,109.38,105.40,108.85,472551
2991,ARCD,Arcadia Telecom,2025-06-13,9.54,9.60,9.47,9.55,219929
2992,BLHB,Blue Harbour Naval,2025-06-13,38.16,38.18,37.31,37.66,133483
2993,CALDR,Caldera Energía,2025-06-13,13.99,14.10,13.90,13.97,332159
2994,LKVW,Lakeview Alimentación,2025-06-13,12.45,12.51,12.35,12.36,257688
2995,MRDN,Meridiano Industrial,2025-06-13,35.11,35.46,35.09,35.28,44328
2996,NRTH,Northwind Farmacéutica,2025-06-13,112.18,113.35,109.92,110.71,290310
2997,OKVL,Oakvale Construcción,2025-06-13,7.99,8.14,7.95,8.08,266092
2998,PNFD,Pinefield Logística,2025-06-13,30.01,31.07,29.85,30.35,519734
2999,STNB,Stonebridge Seguros,2025-06-13,63.18,66.51,62.25,64.42,345794
3000,VGRE,Vega Renovables,2025-06-13,109.81,115.09,98.61,102.21,1020527
