id,account_id,merchant_id,type,amount,balance_after,description,occurred_at,is_foreign
1,345,,direct_debit,-63.51,489.09,RECIBO DOMICILIADO,2023-01-01T09:22:00,false
2,184,134,card_payment,-4.47,3173.59,COMPRA BAR REAL,2023-01-01T11:10:00,false
3,1011,,transfer_in,503.67,2734.71,TRANSFERENCIA RECIBIDA,2023-01-01T19:25:00,false
4,302,,direct_debit,-11.69,2708.59,RECIBO DOMICILIADO,2023-01-01T19:36:00,false
5,1001,,direct_debit,-39.69,1545.82,RECIBO DOMICILIADO,2023-01-02T10:17:00,false
6,354,,direct_debit,-54.52,2644.81,RECIBO DOMICILIADO,2023-01-02T17:20:00,false
7,422,,direct_debit,-158.49,1748.36,RECIBO DOMICILIADO,2023-01-03T08:14:00,false
8,61,,direct_debit,-25.44,1224.44,RECIBO DOMICILIADO,2023-01-03T08:46:00,false
9,718,,direct_debit,-27.26,777.80,RECIBO DOMICILIADO,2023-01-03T10:57:00,false
10,224,,transfer_out,-20.14,1155.21,TRANSFERENCIA EMITIDA,2023-01-03T12:46:00,false
11,1011,66,card_payment,-115.41,2619.30,COMPRA ÓPTICA LA ESQUINA,2023-01-03T15:00:00,false
12,288,,direct_debit,-39.07,1834.89,RECIBO DOMICILIADO,2023-01-03T19:59:00,false
13,385,,direct_debit,-30.54,5319.47,RECIBO DOMICILIADO,2023-01-04T11:11:00,false
14,267,,direct_debit,-29.52,4291.36,RECIBO DOMICILIADO,2023-01-04T11:16:00,false
15,183,,direct_debit,-168.03,1728.13,RECIBO DOMICILIADO,2023-01-04T12:33:00,false
16,329,13,card_payment,-92.24,1305.09,COMPRA RESTAURANTE SAN MARCOS,2023-01-04T12:58:00,false
17,957,30,card_payment,-49.24,3806.52,COMPRA LA TIENDA DE BUENAVISTA,2023-01-04T13:22:00,false
18,611,,direct_debit,-45.00,1333.99,RECIBO DOMICILIADO,2023-01-04T18:09:00,false
19,232,,direct_debit,-34.61,692.30,RECIBO DOMICILIADO,2023-01-04T18:29:00,false
20,1048,,direct_debit,-42.50,2006.18,RECIBO DOMICILIADO,2023-01-04T19:01:00,false
21,668,126,card_payment,-25.36,155.12,COMPRA MUEBLES LA PLAZA,2023-01-05T09:57:00,false
22,281,,direct_debit,-59.66,2045.83,RECIBO DOMICILIADO,2023-01-05T11:25:00,false
23,93,,transfer_in,530.68,1306.17,TRANSFERENCIA RECIBIDA,2023-01-05T12:22:00,false
24,218,,direct_debit,-26.48,423.89,RECIBO DOMICILIADO,2023-01-05T12:29:00,false
25,84,,atm_withdrawal,-150.00,155.24,REINTEGRO CAJERO,2023-01-05T12:38:00,false
26,1039,,direct_debit,-26.99,2853.98,RECIBO DOMICILIADO,2023-01-05T17:58:00,false
27,361,,transfer_in,299.80,1060.74,TRANSFERENCIA RECIBIDA,2023-01-05T20:40:00,false
28,356,114,card_payment,-17.52,1715.05,COMPRA FARMACIA BUENAVISTA,2023-01-06T09:40:00,false
29,789,99,card_payment,-18.26,3739.76,COMPRA FARMACIA LA PLAZA,2023-01-06T12:33:00,true
30,979,93,card_payment,-9.78,126.50,COMPRA ELECTRO LOS ARCOS,2023-01-06T17:30:00,false
31,811,,direct_debit,-38.33,591.36,RECIBO DOMICILIADO,2023-01-06T17:45:00,false
32,169,,direct_debit,-31.06,2958.75,RECIBO DOMICILIADO,2023-01-06T19:12:00,false
33,93,,direct_debit,-48.17,1258.00,RECIBO DOMICILIADO,2023-01-07T09:00:00,false
34,945,,direct_debit,-51.44,2286.09,RECIBO DOMICILIADO,2023-01-07T13:13:00,false
35,698,138,card_payment,-137.68,2072.76,COMPRA RESTAURANTE CENTRAL,2023-01-07T13:17:00,false
36,276,,transfer_in,42.30,4453.53,TRANSFERENCIA RECIBIDA,2023-01-07T16:00:00,false
37,228,,direct_debit,-51.81,1407.30,RECIBO DOMICILIADO,2023-01-07T16:13:00,false
38,302,,direct_debit,-15.12,2693.47,RECIBO DOMICILIADO,2023-01-07T16:39:00,false
39,945,31,card_payment,-18.93,2267.16,COMPRA MUEBLES LA PLAZA,2023-01-08T11:10:00,false
40,949,144,card_payment,-54.26,826.45,COMPRA LIBRERÍA REAL,2023-01-09T13:30:00,true
41,523,115,card_payment,-166.99,2088.89,COMPRA FARMACIA DEL PUERTO,2023-01-11T19:25:00,false
42,1074,,transfer_in,361.28,2598.88,TRANSFERENCIA RECIBIDA,2023-01-11T21:22:00,false
43,456,,atm_withdrawal,-100.00,2678.17,REINTEGRO CAJERO,2023-01-12T12:36:00,false
44,683,,fee,-2.50,3905.09,COMISION MANTENIMIENTO,2023-01-12T19:05:00,false
45,388,154,card_payment,-3.78,1188.57,COMPRA ÓPTICA DEL SOL,2023-01-12T20:50:00,false
46,777,8,card_payment,-97.05,3413.28,COMPRA SUPERMERCADO MODERNO,2023-01-13T12:33:00,false
47,219,139,card_payment,-36.33,2273.44,COMPRA RESTAURANTE DEL CARMEN,2023-01-13T15:40:00,true
48,1048,,atm_withdrawal,-40.00,1966.18,REINTEGRO CAJERO,2023-01-13T18:29:00,false
49,766,92,card_payment,-35.86,1160.45,COMPRA CAFETERÍA EL FARO,2023-01-14T13:39:00,false
50,74,31,card_payment,-26.14,2787.60,COMPRA MUEBLES LA PLAZA,2023-01-14T14:26:00,false
51,88,,atm_withdrawal,-150.00,3251.20,REINTEGRO CAJERO,2023-01-14T16:34:00,false
52,761,102,card_payment,-11.62,1179.13,COMPRA LIBRERÍA LOS ARCOS,2023-01-14T19:07:00,true
53,524,,interest,5.73,1114.84,ABONO INTERESES,2023-01-14T19:22:00,false
54,127,21,card_payment,-26.72,1811.23,COMPRA RESTAURANTE MODERNO,2023-01-14T21:21:00,false
55,1009,,transfer_out,-425.48,469.62,TRANSFERENCIA EMITIDA,2023-01-15T09:40:00,false
56,239,,atm_withdrawal,-200.00,1078.84,REINTEGRO CAJERO,2023-01-15T13:53:00,false
57,219,118,card_payment,-14.13,2259.31,COMPRA TALLER EL FARO,2023-01-15T20:39:00,false
58,1066,43,card_payment,-15.17,1050.49,COMPRA CAFETERÍA EL FARO,2023-01-16T12:50:00,true
59,190,62,card_payment,-18.79,1718.25,COMPRA PELUQUERÍA DEL PUERTO,2023-01-16T18:59:00,false
60,978,142,card_payment,-17.00,1491.19,COMPRA MUEBLES EL FARO,2023-01-16T19:26:00,false
61,494,161,card_payment,-13.20,1992.80,COMPRA ELECTRO BUENAVISTA,2023-01-17T13:15:00,false
62,1053,125,card_payment,-48.28,3611.00,COMPRA ELECTRO SAN MARCOS,2023-01-17T13:23:00,false
63,77,169,card_payment,-28.50,1556.69,COMPRA CAFETERÍA SAN MARCOS,2023-01-18T12:35:00,false
64,880,127,card_payment,-11.76,463.60,COMPRA ÓPTICA SAN MARCOS,2023-01-18T13:57:00,false
65,351,,transfer_out,-684.05,1587.23,TRANSFERENCIA EMITIDA,2023-01-18T14:33:00,false
66,722,,fee,-4.50,1903.04,COMISION MANTENIMIENTO,2023-01-18T17:14:00,false
67,660,145,card_payment,-23.92,342.79,COMPRA LIBRERÍA DEL SOL,2023-01-18T20:08:00,false
68,246,,transfer_in,597.52,1225.60,TRANSFERENCIA RECIBIDA,2023-01-19T12:48:00,false
69,987,150,card_payment,-18.97,2481.72,COMPRA PANADERÍA LA PLAZA,2023-01-19T13:30:00,false
70,692,,transfer_out,-486.99,1898.20,TRANSFERENCIA EMITIDA,2023-01-19T14:08:00,false
71,70,5,card_payment,-53.92,1249.31,COMPRA ELECTRO NUEVO,2023-01-20T08:57:00,false
72,156,173,card_payment,-9.00,824.06,COMPRA LIBRERÍA NUEVO,2023-01-20T17:35:00,false
73,259,61,card_payment,-19.73,157.34,COMPRA PANADERÍA LA PLAZA,2023-01-22T08:03:00,false
74,770,,fee,-3.00,2808.11,COMISION MANTENIMIENTO,2023-01-22T09:40:00,false
75,85,56,card_payment,-43.90,627.17,COMPRA BAR REAL,2023-01-22T11:25:00,false
76,611,,transfer_out,-832.44,501.55,TRANSFERENCIA EMITIDA,2023-01-22T19:47:00,false
77,209,,transfer_out,-191.17,1751.35,TRANSFERENCIA EMITIDA,2023-01-22T19:55:00,false
78,624,56,card_payment,-9.75,257.61,COMPRA BAR REAL,2023-01-23T09:10:00,false
79,75,50,card_payment,-26.48,635.32,COMPRA ÓPTICA DEL SOL,2023-01-23T11:31:00,false
80,780,155,card_payment,-50.08,1510.84,COMPRA LIBRERÍA LOS ARCOS,2023-01-23T21:39:00,false
81,796,113,card_payment,-24.65,1824.54,COMPRA FARMACIA LOS ARCOS,2023-01-25T08:17:00,false
82,960,175,card_payment,-11.73,705.02,COMPRA LA TIENDA DE MODERNO,2023-01-25T11:46:00,false
83,890,,salary,2346.80,3779.32,NOMINA,2023-01-25T12:13:00,false
84,878,,atm_withdrawal,-40.00,1976.83,REINTEGRO CAJERO,2023-01-25T16:34:00,false
85,263,,transfer_in,1198.37,3460.25,TRANSFERENCIA RECIBIDA,2023-01-25T17:14:00,false
86,986,18,card_payment,-5.30,1847.64,COMPRA SUPERMERCADO LA PLAZA,2023-01-25T18:42:00,false
87,186,164,card_payment,-21.01,2378.86,COMPRA LIBRERÍA REAL,2023-01-25T21:06:00,false
88,77,101,card_payment,-6.00,1550.69,COMPRA ÓPTICA BUENAVISTA,2023-01-26T13:43:00,false
89,1003,147,card_payment,-57.58,2993.52,COMPRA TALLER SAN MARCOS,2023-01-26T14:05:00,false
90,632,,salary,1060.96,3194.04,NOMINA,2023-01-26T14:11:00,false
91,991,73,card_payment,-17.47,3592.90,COMPRA MUEBLES MODERNO,2023-01-26T14:37:00,false
92,955,,salary,1858.25,3093.64,NOMINA,2023-01-26T15:27:00,false
93,226,27,card_payment,-5.49,2593.99,COMPRA LA TIENDA DE SAN MARCOS,2023-01-26T20:24:00,false
94,537,,transfer_out,-206.88,3322.77,TRANSFERENCIA EMITIDA,2023-01-27T10:31:00,false
95,168,,salary,893.28,5227.72,NOMINA,2023-01-28T10:16:00,false
96,884,,salary,760.37,5023.79,NOMINA,2023-01-28T11:16:00,false
97,535,,transfer_out,-376.21,63.38,TRANSFERENCIA EMITIDA,2023-01-28T13:12:00,false
98,584,,transfer_in,18.36,2605.34,TRANSFERENCIA RECIBIDA,2023-01-29T09:53:00,false
99,429,150,card_payment,-6.39,1801.48,COMPRA PANADERÍA LA PLAZA,2023-01-29T10:27:00,false
100,528,85,card_payment,-82.49,1397.05,COMPRA ELECTRO CENTRAL,2023-01-29T12:35:00,false
101,611,125,card_payment,-4.95,496.60,COMPRA ELECTRO SAN MARCOS,2023-01-29T14:38:00,false
102,66,,transfer_out,-494.32,1891.56,TRANSFERENCIA EMITIDA,2023-01-29T17:00:00,false
103,579,10,card_payment,-6.89,140.03,COMPRA PANADERÍA LA ESTRELLA,2023-01-30T08:18:00,false
104,1035,78,card_payment,-8.35,4431.30,COMPRA LA TIENDA DE EL FARO,2023-01-30T18:17:00,false
105,68,122,card_payment,-8.07,522.65,COMPRA CASA NUEVO,2023-01-30T20:28:00,false
106,225,170,card_payment,-12.84,849.78,COMPRA BAR MODERNO,2023-01-30T21:20:00,false
107,98,12,card_payment,-14.41,2022.48,COMPRA MUEBLES LA ESQUINA,2023-01-31T09:14:00,false
108,1067,152,card_payment,-15.36,3691.58,COMPRA LIBRERÍA DEL CARMEN,2023-01-31T12:44:00,false
109,64,105,card_payment,-27.14,1909.29,COMPRA ÓPTICA BUENAVISTA,2023-01-31T17:32:00,false
110,708,32,card_payment,-18.10,2732.14,COMPRA CASA NUEVO,2023-01-31T17:52:00,true
111,339,,interest,1.12,2653.44,ABONO INTERESES,2023-01-31T18:27:00,false
112,862,,direct_debit,-58.63,1984.25,RECIBO DOMICILIADO,2023-02-01T12:06:00,false
113,409,97,card_payment,-12.72,1877.58,COMPRA ELECTRO LA ESQUINA,2023-02-01T16:50:00,false
114,70,62,card_payment,-35.31,1214.00,COMPRA PELUQUERÍA DEL PUERTO,2023-02-01T17:00:00,false
115,9,,transfer_out,-429.08,187.62,TRANSFERENCIA EMITIDA,2023-02-02T10:13:00,false
116,332,83,card_payment,-2.67,919.87,COMPRA PELUQUERÍA LOS ARCOS,2023-02-02T12:35:00,false
117,930,,direct_debit,-29.22,2035.40,RECIBO DOMICILIADO,2023-02-02T13:09:00,false
118,102,,direct_debit,-53.58,3209.13,RECIBO DOMICILIADO,2023-02-02T14:44:00,false
119,596,,direct_debit,-22.97,1339.46,RECIBO DOMICILIADO,2023-02-02T17:40:00,false
120,549,75,card_payment,-4.45,715.03,COMPRA TALLER LA ESQUINA,2023-02-02T18:35:00,false
121,552,167,card_payment,-14.96,2584.84,COMPRA BAR NUEVO,2023-02-02T21:43:00,false
122,1063,,direct_debit,-69.35,2648.55,RECIBO DOMICILIADO,2023-02-03T09:01:00,false
123,84,,atm_withdrawal,-150.00,5.24,REINTEGRO CAJERO,2023-02-03T12:19:00,false
124,680,,direct_debit,-18.20,1026.61,RECIBO DOMICILIADO,2023-02-03T13:20:00,false
125,955,,direct_debit,-37.19,3056.45,RECIBO DOMICILIADO,2023-02-03T19:30:00,false
126,1087,,fee,-12.00,2769.39,COMISION MANTENIMIENTO,2023-02-04T08:24:00,false
127,738,2,card_payment,-295.16,3493.63,COMPRA CASA CENTRAL,2023-02-04T09:57:00,false
128,575,,direct_debit,-6.33,831.11,RECIBO DOMICILIADO,2023-02-04T20:06:00,false
129,478,,transfer_out,-336.77,913.80,TRANSFERENCIA EMITIDA,2023-02-04T20:40:00,false
130,879,,direct_debit,-18.97,266.85,RECIBO DOMICILIADO,2023-02-05T08:29:00,false
131,668,128,card_payment,-7.05,148.07,COMPRA LA TIENDA DE DEL PUERTO,2023-02-05T10:00:00,false
132,942,,direct_debit,-41.18,2377.09,RECIBO DOMICILIADO,2023-02-05T10:02:00,false
133,148,126,card_payment,-8.14,1535.02,COMPRA MUEBLES LA PLAZA,2023-02-05T11:07:00,false
134,382,,direct_debit,-72.37,3792.06,RECIBO DOMICILIADO,2023-02-05T11:15:00,false
135,156,,direct_debit,-22.52,801.54,RECIBO DOMICILIADO,2023-02-05T13:59:00,false
136,980,109,card_payment,-18.48,2515.21,COMPRA EL RINCÓN DE GRAN VÍA,2023-02-05T19:56:00,false
137,486,,direct_debit,-31.83,1159.91,RECIBO DOMICILIADO,2023-02-05T20:18:00,false
138,499,,direct_debit,-76.49,1053.32,RECIBO DOMICILIADO,2023-02-05T20:37:00,false
139,875,,direct_debit,-57.85,2393.20,RECIBO DOMICILIADO,2023-02-05T21:24:00,false
140,601,,direct_debit,-59.12,1499.26,RECIBO DOMICILIADO,2023-02-06T09:11:00,false
141,738,,fee,-12.00,3481.63,COMISION MANTENIMIENTO,2023-02-06T09:36:00,false
142,500,148,card_payment,-73.97,2612.10,COMPRA PELUQUERÍA LA PLAZA,2023-02-06T12:30:00,false
143,686,,atm_withdrawal,-40.00,4364.47,REINTEGRO CAJERO,2023-02-06T13:32:00,false
144,311,,transfer_out,-472.63,871.05,TRANSFERENCIA EMITIDA,2023-02-06T14:59:00,false
145,525,,direct_debit,-39.33,2596.03,RECIBO DOMICILIADO,2023-02-07T08:53:00,false
146,443,,direct_debit,-32.48,2621.08,RECIBO DOMICILIADO,2023-02-07T11:27:00,false
147,917,,direct_debit,-32.51,1341.82,RECIBO DOMICILIADO,2023-02-07T13:24:00,false
148,543,,direct_debit,-50.29,1977.67,RECIBO DOMICILIADO,2023-02-07T17:27:00,false
149,692,,direct_debit,-21.19,1877.01,RECIBO DOMICILIADO,2023-02-07T18:44:00,false
150,623,,transfer_out,-1320.55,621.28,TRANSFERENCIA EMITIDA,2023-02-07T18:55:00,false
151,413,,direct_debit,-174.41,2155.98,RECIBO DOMICILIADO,2023-02-07T19:30:00,false
152,708,,direct_debit,-154.18,2577.96,RECIBO DOMICILIADO,2023-02-07T19:30:00,false
153,257,14,card_payment,-490.24,-111.87,COMPRA ÓPTICA MODERNO,2023-02-08T20:24:00,true
154,306,160,card_payment,-32.01,470.97,COMPRA TALLER DEL CARMEN,2023-02-09T08:53:00,false
155,261,,interest,0.07,3885.18,ABONO INTERESES,2023-02-09T12:00:00,false
156,327,130,card_payment,-44.50,1858.60,COMPRA PELUQUERÍA EL FARO,2023-02-09T13:10:00,true
157,332,151,card_payment,-7.91,911.96,COMPRA FARMACIA MODERNO,2023-02-09T18:26:00,false
158,311,151,card_payment,-26.28,844.77,COMPRA FARMACIA MODERNO,2023-02-09T20:12:00,false
159,185,96,card_payment,-60.22,540.28,COMPRA LIBRERÍA BUENAVISTA,2023-02-10T10:46:00,false
160,298,75,card_payment,-31.61,3278.89,COMPRA TALLER LA ESQUINA,2023-02-10T17:28:00,false
161,701,,transfer_in,49.78,2887.24,TRANSFERENCIA RECIBIDA,2023-02-10T21:58:00,false
162,713,138,card_payment,-83.43,2985.26,COMPRA RESTAURANTE CENTRAL,2023-02-11T18:26:00,false
163,939,82,card_payment,-12.45,1255.10,COMPRA ELECTRO MODERNO,2023-02-11T19:20:00,false
164,714,28,card_payment,-6.79,318.00,COMPRA PANADERÍA NUEVO,2023-02-11T19:21:00,false
165,441,,transfer_in,804.98,2656.72,TRANSFERENCIA RECIBIDA,2023-02-11T21:57:00,false
166,1056,56,card_payment,-21.05,2347.55,COMPRA BAR REAL,2023-02-13T14:57:00,false
167,699,169,card_payment,-7.03,1353.91,COMPRA CAFETERÍA SAN MARCOS,2023-02-13T17:26:00,false
168,653,,transfer_in,267.37,435.73,TRANSFERENCIA RECIBIDA,2023-02-13T18:14:00,false
169,923,,transfer_out,-436.06,2142.96,TRANSFERENCIA EMITIDA,2023-02-14T17:56:00,false
170,1039,104,card_payment,-44.72,2809.26,COMPRA BAR NUEVO,2023-02-14T18:20:00,false
171,710,136,card_payment,-13.46,2029.44,COMPRA MUEBLES LA ESTRELLA,2023-02-14T20:09:00,false
172,973,155,card_payment,-47.57,1170.06,COMPRA LIBRERÍA LOS ARCOS,2023-02-15T21:26:00,false
173,1042,100,card_payment,-315.14,2618.06,COMPRA ÓPTICA NUEVO,2023-02-16T13:14:00,false
174,859,,transfer_out,-617.56,1214.28,TRANSFERENCIA EMITIDA,2023-02-16T16:15:00,false
175,1076,56,card_payment,-19.85,663.11,COMPRA BAR REAL,2023-02-16T20:41:00,false
176,43,,transfer_out,-182.96,554.73,TRANSFERENCIA EMITIDA,2023-02-17T14:29:00,false
177,216,,transfer_in,239.46,1110.43,TRANSFERENCIA RECIBIDA,2023-02-17T17:08:00,false
178,433,,transfer_out,-254.81,10.75,TRANSFERENCIA EMITIDA,2023-02-18T10:13:00,false
179,886,141,card_payment,-48.22,3800.42,COMPRA LA TIENDA DE SAN MARCOS,2023-02-18T11:33:00,false
180,950,,transfer_in,261.54,1561.41,TRANSFERENCIA RECIBIDA,2023-02-19T11:23:00,false
181,447,47,card_payment,-37.84,930.73,COMPRA BAR NUEVO,2023-02-19T13:43:00,false
182,245,83,card_payment,-8.93,5243.91,COMPRA PELUQUERÍA LOS ARCOS,2023-02-19T14:05:00,false
183,195,20,card_payment,-5.98,1953.73,COMPRA LA TIENDA DE BUENAVISTA,2023-02-19T15:55:00,false
184,676,,transfer_out,-294.80,1988.50,TRANSFERENCIA EMITIDA,2023-02-19T18:14:00,false
185,868,,transfer_in,347.81,935.27,TRANSFERENCIA RECIBIDA,2023-02-19T18:36:00,false
186,10,,atm_withdrawal,-100.00,2830.76,REINTEGRO CAJERO,2023-02-19T20:55:00,false
187,603,90,card_payment,-88.79,4267.25,COMPRA LA TIENDA DE LOS ARCOS,2023-02-19T21:40:00,false
188,721,73,card_payment,-21.24,161.64,COMPRA MUEBLES MODERNO,2023-02-20T08:32:00,false
189,331,,transfer_in,980.33,1450.21,TRANSFERENCIA RECIBIDA,2023-02-20T11:21:00,false
190,861,34,card_payment,-3.48,1475.42,COMPRA CAFETERÍA DEL SOL,2023-02-20T11:38:00,false
191,1012,20,card_payment,-35.16,1803.34,COMPRA LA TIENDA DE BUENAVISTA,2023-02-20T14:39:00,false
192,432,,interest,0.64,2980.56,ABONO INTERESES,2023-02-21T09:11:00,false
193,50,,atm_withdrawal,-50.00,958.45,REINTEGRO CAJERO,2023-02-21T13:58:00,false
194,1082,172,card_payment,-35.21,2926.04,COMPRA EL RINCÓN DE MODERNO,2023-02-22T12:02:00,false
195,136,,fee,-4.50,1132.59,COMISION MANTENIMIENTO,2023-02-22T18:38:00,false
196,669,148,card_payment,-4.02,1251.06,COMPRA PELUQUERÍA LA PLAZA,2023-02-22T21:27:00,false
197,651,,transfer_out,-535.70,-155.96,TRANSFERENCIA EMITIDA,2023-02-24T12:23:00,false
198,653,,transfer_out,-752.20,-316.47,TRANSFERENCIA EMITIDA,2023-02-24T17:38:00,false
199,482,90,card_payment,-25.68,4508.14,COMPRA LA TIENDA DE LOS ARCOS,2023-02-24T21:59:00,false
200,838,,salary,1602.12,2981.83,NOMINA,2023-02-25T08:41:00,false
201,1071,,transfer_in,566.36,3246.77,TRANSFERENCIA RECIBIDA,2023-02-25T12:01:00,false
202,508,,salary,1540.54,3563.16,NOMINA,2023-02-25T12:12:00,false
203,119,138,card_payment,-47.43,2407.21,COMPRA RESTAURANTE CENTRAL,2023-02-25T17:38:00,false
204,50,85,card_payment,-17.38,941.07,COMPRA ELECTRO CENTRAL,2023-02-25T19:02:00,false
205,826,,transfer_out,-803.76,876.37,TRANSFERENCIA EMITIDA,2023-02-25T20:56:00,false
206,1019,9,card_payment,-23.99,2659.03,COMPRA PELUQUERÍA DEL PUERTO,2023-02-26T11:21:00,true
207,683,,salary,2174.70,6079.79,NOMINA,2023-02-26T11:51:00,false
208,792,,salary,2408.60,5828.45,NOMINA,2023-02-27T11:02:00,false
209,283,,salary,1688.24,3392.84,NOMINA,2023-02-27T11:25:00,false
210,359,,fee,-12.00,1304.87,COMISION MANTENIMIENTO,2023-02-27T12:40:00,false
211,537,135,card_payment,-24.68,3298.09,COMPRA SUPERMERCADO GRAN VÍA,2023-02-27T14:54:00,false
212,486,32,card_payment,-21.23,1138.68,COMPRA CASA NUEVO,2023-02-27T18:29:00,true
213,441,,atm_withdrawal,-100.00,2556.72,REINTEGRO CAJERO,2023-02-28T09:38:00,false
214,174,102,card_payment,-9.33,246.77,COMPRA LIBRERÍA LOS ARCOS,2023-02-28T12:37:00,true
215,992,176,card_payment,-26.79,2560.65,COMPRA RESTAURANTE NUEVO,2023-02-28T13:07:00,false
216,820,,transfer_in,839.37,1078.14,TRANSFERENCIA RECIBIDA,2023-02-28T14:11:00,false
217,998,70,card_payment,-53.69,4046.94,COMPRA EL RINCÓN DE LA ESTRELLA,2023-02-28T14:20:00,false
218,756,,transfer_out,-653.27,2369.44,TRANSFERENCIA EMITIDA,2023-02-28T14:52:00,false
219,986,,atm_withdrawal,-40.00,1807.64,REINTEGRO CAJERO,2023-02-28T18:34:00,false
220,1002,,transfer_out,-105.89,710.82,TRANSFERENCIA EMITIDA,2023-02-28T20:46:00,false
221,874,,direct_debit,-21.09,4605.52,RECIBO DOMICILIADO,2023-03-01T09:21:00,false
222,174,,direct_debit,-55.67,191.10,RECIBO DOMICILIADO,2023-03-01T11:15:00,false
223,218,,transfer_out,-841.75,-417.86,TRANSFERENCIA EMITIDA,2023-03-01T11:24:00,false
224,543,,direct_debit,-39.67,1938.00,RECIBO DOMICILIADO,2023-03-01T12:12:00,false
225,813,,fee,-4.50,3658.68,COMISION MANTENIMIENTO,2023-03-01T12:24:00,false
226,779,76,card_payment,-8.20,1563.67,COMPRA LIBRERÍA SAN MARCOS,2023-03-01T13:04:00,false
227,568,57,card_payment,-35.78,2340.59,COMPRA ÓPTICA EL FARO,2023-03-01T13:35:00,false
228,156,,direct_debit,-57.78,743.76,RECIBO DOMICILIADO,2023-03-01T13:44:00,false
229,1079,,direct_debit,-56.45,4782.31,RECIBO DOMICILIADO,2023-03-01T15:14:00,false
230,43,,direct_debit,-36.34,518.39,RECIBO DOMICILIADO,2023-03-01T16:02:00,false
231,406,,atm_withdrawal,-100.00,161.15,REINTEGRO CAJERO,2023-03-01T17:20:00,false
232,601,47,card_payment,-8.27,1490.99,COMPRA BAR NUEVO,2023-03-01T17:44:00,false
233,1035,135,card_payment,-49.05,4382.25,COMPRA SUPERMERCADO GRAN VÍA,2023-03-01T18:17:00,false
234,437,,direct_debit,-44.11,3069.93,RECIBO DOMICILIADO,2023-03-02T12:53:00,false
235,149,76,card_payment,-96.95,2322.99,COMPRA LIBRERÍA SAN MARCOS,2023-03-02T12:58:00,false
236,490,38,card_payment,-40.72,1490.60,COMPRA ÓPTICA DEL PUERTO,2023-03-02T13:01:00,false
237,911,158,card_payment,-18.29,2009.10,COMPRA CASA EL FARO,2023-03-02T13:28:00,false
238,252,,direct_debit,-30.02,2379.17,RECIBO DOMICILIADO,2023-03-02T14:08:00,false
239,737,,direct_debit,-72.22,1235.07,RECIBO DOMICILIADO,2023-03-02T18:51:00,false
240,641,,transfer_out,-658.76,1309.01,TRANSFERENCIA EMITIDA,2023-03-03T09:41:00,false
241,944,,direct_debit,-11.00,1299.50,RECIBO DOMICILIADO,2023-03-03T11:18:00,false
242,1093,,direct_debit,-52.25,1738.43,RECIBO DOMICILIADO,2023-03-03T16:11:00,false
243,611,,direct_debit,-72.03,424.57,RECIBO DOMICILIADO,2023-03-03T17:42:00,false
244,402,36,card_payment,-9.07,2343.43,COMPRA PELUQUERÍA GRAN VÍA,2023-03-03T18:20:00,false
245,532,,atm_withdrawal,-40.00,959.70,REINTEGRO CAJERO,2023-03-03T19:02:00,false
246,476,45,card_payment,-14.01,3001.02,COMPRA LA TIENDA DE DEL SOL,2023-03-04T09:12:00,false
247,759,95,card_payment,-30.81,2502.58,COMPRA EL RINCÓN DE SAN MARCOS,2023-03-04T09:51:00,false
248,94,81,card_payment,-53.31,4230.65,COMPRA CASA LOS ARCOS,2023-03-04T10:11:00,true
249,666,,direct_debit,-28.88,1770.80,RECIBO DOMICILIADO,2023-03-04T11:46:00,false
250,847,,direct_debit,-32.81,4968.28,RECIBO DOMICILIADO,2023-03-04T13:45:00,false
251,1031,,transfer_in,822.47,2806.95,TRANSFERENCIA RECIBIDA,2023-03-04T16:31:00,false
252,963,164,card_payment,-109.01,3089.42,COMPRA LIBRERÍA REAL,2023-03-04T18:13:00,false
253,229,,transfer_out,-569.27,-313.57,TRANSFERENCIA EMITIDA,2023-03-04T21:18:00,false
254,850,,direct_debit,-11.99,3166.73,RECIBO DOMICILIADO,2023-03-05T14:28:00,false
255,833,,fee,-3.00,2356.40,COMISION MANTENIMIENTO,2023-03-05T18:22:00,false
256,241,99,card_payment,-102.47,4319.57,COMPRA FARMACIA LA PLAZA,2023-03-05T19:59:00,true
257,895,,atm_withdrawal,-150.00,948.29,REINTEGRO CAJERO,2023-03-06T10:36:00,false
258,720,,direct_debit,-101.65,183.47,RECIBO DOMICILIADO,2023-03-06T11:11:00,false
259,156,172,card_payment,-6.63,737.13,COMPRA EL RINCÓN DE MODERNO,2023-03-06T13:09:00,false
260,228,,direct_debit,-51.87,1355.43,RECIBO DOMICILIADO,2023-03-06T13:35:00,false
261,508,135,card_payment,-18.16,3545.00,COMPRA SUPERMERCADO GRAN VÍA,2023-03-06T15:00:00,false
262,1045,,direct_debit,-23.28,1651.45,RECIBO DOMICILIADO,2023-03-06T16:22:00,false
263,670,,direct_debit,-69.72,1667.59,RECIBO DOMICILIADO,2023-03-06T21:54:00,false
264,243,,direct_debit,-52.38,3329.53,RECIBO DOMICILIADO,2023-03-07T08:12:00,false
265,796,,direct_debit,-32.12,1792.42,RECIBO DOMICILIADO,2023-03-07T12:12:00,false
266,272,,direct_debit,-27.55,3279.68,RECIBO DOMICILIADO,2023-03-07T12:13:00,false
267,331,31,card_payment,-17.11,1433.10,COMPRA MUEBLES LA PLAZA,2023-03-07T13:18:00,false
268,140,,fee,-12.00,353.71,COMISION MANTENIMIENTO,2023-03-07T13:21:00,false
269,300,5,card_payment,-10.81,2937.48,COMPRA ELECTRO NUEVO,2023-03-07T13:52:00,false
270,697,103,card_payment,-16.20,1113.65,COMPRA MUEBLES EL FARO,2023-03-07T15:08:00,false
271,283,177,card_payment,-5.10,3387.74,COMPRA BAR MODERNO,2023-03-07T15:56:00,true
272,252,,direct_debit,-19.65,2359.52,RECIBO DOMICILIADO,2023-03-07T18:59:00,false
273,743,,transfer_in,520.65,3961.59,TRANSFERENCIA RECIBIDA,2023-03-08T09:22:00,false
274,765,109,card_payment,-19.40,3209.85,COMPRA EL RINCÓN DE GRAN VÍA,2023-03-09T15:50:00,false
275,190,,transfer_in,690.41,2408.66,TRANSFERENCIA RECIBIDA,2023-03-09T16:21:00,false
276,862,175,card_payment,-5.96,1978.29,COMPRA LA TIENDA DE MODERNO,2023-03-09T21:25:00,false
277,229,,transfer_out,-533.35,-846.92,TRANSFERENCIA EMITIDA,2023-03-09T21:48:00,false
278,1003,72,card_payment,-15.62,2977.90,COMPRA ÓPTICA LA PLAZA,2023-03-09T21:52:00,false
279,200,,atm_withdrawal,-20.00,1980.91,REINTEGRO CAJERO,2023-03-10T14:46:00,false
280,145,22,card_payment,-31.70,761.43,COMPRA PELUQUERÍA DEL CARMEN,2023-03-10T16:05:00,false
281,697,99,card_payment,-17.21,1096.44,COMPRA FARMACIA LA PLAZA,2023-03-10T16:29:00,true
282,936,,transfer_out,-682.04,1952.71,TRANSFERENCIA EMITIDA,2023-03-10T18:34:00,false
283,998,118,card_payment,-19.23,4027.71,COMPRA TALLER EL FARO,2023-03-11T12:14:00,false
284,136,127,card_payment,-5.67,1126.92,COMPRA ÓPTICA SAN MARCOS,2023-03-11T18:52:00,false
285,281,,atm_withdrawal,-20.00,2025.83,REINTEGRO CAJERO,2023-03-12T11:35:00,false
286,105,115,card_payment,-6.17,3509.43,COMPRA FARMACIA DEL PUERTO,2023-03-12T12:46:00,false
287,5,57,card_payment,-15.71,1570.67,COMPRA ÓPTICA EL FARO,2023-03-13T09:33:00,false
288,253,48,card_payment,-85.21,2563.26,COMPRA CAFETERÍA DEL CARMEN,2023-03-13T13:14:00,false
289,431,,transfer_out,-14.17,1231.99,TRANSFERENCIA EMITIDA,2023-03-13T13:18:00,false
290,917,112,card_payment,-0.90,1340.92,COMPRA CAFETERÍA DEL PUERTO,2023-03-14T08:33:00,false
291,43,62,card_payment,-51.73,466.66,COMPRA PELUQUERÍA DEL PUERTO,2023-03-14T21:13:00,false
292,899,85,card_payment,-4.44,3595.06,COMPRA ELECTRO CENTRAL,2023-03-14T21:52:00,false
293,781,115,card_payment,-33.05,1981.81,COMPRA FARMACIA DEL PUERTO,2023-03-15T11:02:00,false
294,276,109,card_payment,-42.76,4410.77,COMPRA EL RINCÓN DE GRAN VÍA,2023-03-15T12:05:00,false
295,157,59,card_payment,-5.39,314.89,COMPRA LA TIENDA DE LA ESTRELLA,2023-03-15T14:12:00,false
296,229,26,card_payment,-34.22,-881.14,COMPRA LA TIENDA DE GRAN VÍA,2023-03-15T16:11:00,false
297,1008,,transfer_out,-665.71,2779.31,TRANSFERENCIA EMITIDA,2023-03-16T11:08:00,false
298,482,13,card_payment,-42.67,4465.47,COMPRA RESTAURANTE SAN MARCOS,2023-03-16T11:36:00,false
299,594,,interest,4.18,2571.07,ABONO INTERESES,2023-03-16T20:11:00,false
300,144,180,card_payment,-58.06,2783.30,COMPRA CAFETERÍA DEL CARMEN,2023-03-17T08:02:00,false
301,537,44,card_payment,-8.33,3289.76,COMPRA LIBRERÍA SAN MARCOS,2023-03-17T16:30:00,false
302,288,,transfer_in,931.85,2766.74,TRANSFERENCIA RECIBIDA,2023-03-18T11:05:00,false
303,68,171,card_payment,-27.14,495.51,COMPRA FARMACIA LA ESTRELLA,2023-03-18T16:08:00,false
304,253,,transfer_in,857.83,3421.09,TRANSFERENCIA RECIBIDA,2023-03-19T18:16:00,false
305,138,104,card_payment,-66.32,1318.36,COMPRA BAR NUEVO,2023-03-20T09:34:00,false
306,72,,interest,8.80,3183.90,ABONO INTERESES,2023-03-20T12:20:00,false
307,678,123,card_payment,-24.68,1557.07,COMPRA LIBRERÍA LOS ARCOS,2023-03-20T15:36:00,false
308,363,149,card_payment,-46.95,3879.09,COMPRA PELUQUERÍA EL FARO,2023-03-20T19:44:00,false
309,568,62,card_payment,-8.42,2332.17,COMPRA PELUQUERÍA DEL PUERTO,2023-03-20T21:22:00,false
310,867,,atm_withdrawal,-200.00,1170.56,REINTEGRO CAJERO,2023-03-21T11:29:00,false
311,9,,fee,-4.50,183.12,COMISION MANTENIMIENTO,2023-03-21T14:42:00,false
312,777,177,card_payment,-33.69,3379.59,COMPRA BAR MODERNO,2023-03-21T15:02:00,true
313,720,10,card_payment,-21.96,161.51,COMPRA PANADERÍA LA ESTRELLA,2023-03-22T12:54:00,false
314,50,,transfer_in,622.59,1563.66,TRANSFERENCIA RECIBIDA,2023-03-22T13:00:00,false
315,607,88,card_payment,-18.09,1928.24,COMPRA TALLER SAN MARCOS,2023-03-22T18:20:00,false
316,74,100,card_payment,-16.28,2771.32,COMPRA ÓPTICA NUEVO,2023-03-22T20:36:00,false
317,651,,transfer_out,-306.68,-462.64,TRANSFERENCIA EMITIDA,2023-03-23T20:08:00,false
318,256,31,card_payment,-5.27,3682.24,COMPRA MUEBLES LA PLAZA,2023-03-23T20:17:00,false
319,297,136,card_payment,-11.21,1759.48,COMPRA MUEBLES LA ESTRELLA,2023-03-23T21:29:00,false
320,216,104,card_payment,-20.92,1089.51,COMPRA BAR NUEVO,2023-03-24T10:00:00,false
321,368,,transfer_in,217.92,3915.46,TRANSFERENCIA RECIBIDA,2023-03-24T11:06:00,false
322,227,,salary,1656.34,4076.36,NOMINA,2023-03-25T10:07:00,false
323,579,119,card_payment,-5.59,134.44,COMPRA TALLER NUEVO,2023-03-25T14:50:00,false
324,588,,salary,2693.81,4097.61,NOMINA,2023-03-25T17:43:00,false
325,903,,salary,1532.24,4455.09,NOMINA,2023-03-25T18:10:00,false
326,923,,atm_withdrawal,-60.00,2082.96,REINTEGRO CAJERO,2023-03-25T18:23:00,false
327,43,156,card_payment,-35.96,430.70,COMPRA FARMACIA DEL CARMEN,2023-03-25T19:34:00,true
328,24,,atm_withdrawal,-50.00,4988.78,REINTEGRO CAJERO,2023-03-25T20:17:00,false
329,661,8,card_payment,-7.62,4450.24,COMPRA SUPERMERCADO MODERNO,2023-03-26T10:05:00,false
330,361,,salary,2157.31,3218.05,NOMINA,2023-03-26T11:49:00,false
331,950,,atm_withdrawal,-200.00,1361.41,REINTEGRO CAJERO,2023-03-26T16:33:00,false
332,61,,fee,-2.50,1221.94,COMISION MANTENIMIENTO,2023-03-26T17:56:00,false
333,735,,atm_withdrawal,-150.00,34.85,REINTEGRO CAJERO,2023-03-26T19:36:00,false
334,742,,salary,1134.10,3948.50,NOMINA,2023-03-27T11:59:00,false
335,552,101,card_payment,-22.85,2561.99,COMPRA ÓPTICA BUENAVISTA,2023-03-27T13:40:00,false
336,680,,salary,1948.41,2975.02,NOMINA,2023-03-27T13:55:00,false
337,563,,salary,1631.30,2043.73,NOMINA,2023-03-27T13:58:00,false
338,874,,salary,3012.03,7617.55,NOMINA,2023-03-28T09:33:00,false
339,476,38,card_payment,-10.56,2990.46,COMPRA ÓPTICA DEL PUERTO,2023-03-28T10:04:00,false
340,18,60,card_payment,-52.37,3351.98,COMPRA FARMACIA EL FARO,2023-03-28T13:21:00,false
341,1086,43,card_payment,-51.65,5206.20,COMPRA CAFETERÍA EL FARO,2023-03-28T14:50:00,true
342,1053,66,card_payment,-25.05,3585.95,COMPRA ÓPTICA LA ESQUINA,2023-03-29T19:13:00,false
343,579,,transfer_in,968.65,1103.09,TRANSFERENCIA RECIBIDA,2023-03-30T12:06:00,false
344,485,11,card_payment,-5.87,2668.78,COMPRA LA TIENDA DE MODERNO,2023-03-30T13:43:00,false
345,429,41,card_payment,-3.31,1798.17,COMPRA SUPERMERCADO EL FARO,2023-03-31T08:02:00,false
346,329,73,card_payment,-26.50,1278.59,COMPRA MUEBLES MODERNO,2023-03-31T08:25:00,false
347,879,137,card_payment,-43.32,223.53,COMPRA ÓPTICA CENTRAL,2023-03-31T10:29:00,false
348,950,,atm_withdrawal,-20.00,1341.41,REINTEGRO CAJERO,2023-03-31T12:53:00,false
349,146,,transfer_out,-502.49,1814.67,TRANSFERENCIA EMITIDA,2023-03-31T17:40:00,false
350,69,22,card_payment,-11.56,809.29,COMPRA PELUQUERÍA DEL CARMEN,2023-04-01T08:51:00,false
351,709,,direct_debit,-23.33,2357.50,RECIBO DOMICILIADO,2023-04-01T12:56:00,false
352,944,56,card_payment,-45.59,1253.91,COMPRA BAR REAL,2023-04-01T13:34:00,false
353,193,,atm_withdrawal,-100.00,1512.53,REINTEGRO CAJERO,2023-04-01T14:20:00,false
354,17,,direct_debit,-20.44,1610.41,RECIBO DOMICILIADO,2023-04-02T08:57:00,false
355,494,70,card_payment,-11.76,1981.04,COMPRA EL RINCÓN DE LA ESTRELLA,2023-04-02T16:59:00,false
356,267,14,card_payment,-1.29,4290.07,COMPRA ÓPTICA MODERNO,2023-04-02T17:08:00,true
357,474,40,card_payment,-38.21,4416.35,COMPRA EL RINCÓN DE REAL,2023-04-02T18:37:00,true
358,520,46,card_payment,-11.82,2373.96,COMPRA EL RINCÓN DE LA ESTRELLA,2023-04-02T19:34:00,false
359,246,,transfer_in,520.77,1746.37,TRANSFERENCIA RECIBIDA,2023-04-03T09:04:00,false
360,190,,direct_debit,-53.01,2355.65,RECIBO DOMICILIADO,2023-04-03T10:46:00,false
361,418,146,card_payment,-6.65,3708.98,COMPRA PELUQUERÍA REAL,2023-04-03T12:43:00,false
362,985,,direct_debit,-26.76,3604.27,RECIBO DOMICILIADO,2023-04-03T12:49:00,false
363,377,153,card_payment,-2.55,317.80,COMPRA PELUQUERÍA SAN MARCOS,2023-04-03T20:05:00,false
364,609,,direct_debit,-21.03,1760.19,RECIBO DOMICILIADO,2023-04-04T13:20:00,false
365,476,,transfer_out,-361.00,2629.46,TRANSFERENCIA EMITIDA,2023-04-04T15:23:00,false
366,243,,direct_debit,-13.34,3316.19,RECIBO DOMICILIADO,2023-04-04T20:10:00,false
367,1038,,transfer_in,421.17,5420.02,TRANSFERENCIA RECIBIDA,2023-04-05T08:32:00,false
368,857,,direct_debit,-23.33,3112.03,RECIBO DOMICILIADO,2023-04-05T09:40:00,false
369,630,,direct_debit,-52.43,3069.46,RECIBO DOMICILIADO,2023-04-05T14:30:00,false
370,26,,fee,-2.50,1631.49,COMISION MANTENIMIENTO,2023-04-05T15:46:00,false
371,211,,direct_debit,-53.09,3258.57,RECIBO DOMICILIADO,2023-04-05T16:48:00,false
372,243,179,card_payment,-45.54,3270.65,COMPRA CAFETERÍA REAL,2023-04-05T17:44:00,true
373,462,115,card_payment,-23.89,3388.62,COMPRA FARMACIA DEL PUERTO,2023-04-05T20:58:00,false
374,211,139,card_payment,-7.18,3251.39,COMPRA RESTAURANTE DEL CARMEN,2023-04-06T08:51:00,true
375,132,,transfer_in,492.15,1430.54,TRANSFERENCIA RECIBIDA,2023-04-06T11:17:00,false
376,994,83,card_payment,-14.60,2399.14,COMPRA PELUQUERÍA LOS ARCOS,2023-04-06T13:20:00,false
377,77,,direct_debit,-29.23,1521.46,RECIBO DOMICILIADO,2023-04-06T18:18:00,false
378,572,36,card_payment,-90.39,4892.96,COMPRA PELUQUERÍA GRAN VÍA,2023-04-06T18:48:00,false
379,342,,direct_debit,-19.64,884.43,RECIBO DOMICILIADO,2023-04-06T19:30:00,false
380,636,,direct_debit,-13.79,1936.18,RECIBO DOMICILIADO,2023-04-06T20:55:00,false
381,251,157,card_payment,-42.53,627.61,COMPRA ELECTRO SAN MARCOS,2023-04-07T08:52:00,false
382,735,144,card_payment,-15.87,18.98,COMPRA LIBRERÍA REAL,2023-04-07T11:06:00,true
383,924,14,card_payment,-16.05,2355.67,COMPRA ÓPTICA MODERNO,2023-04-07T11:12:00,true
384,1044,,direct_debit,-143.03,1893.59,RECIBO DOMICILIADO,2023-04-07T12:01:00,false
385,30,66,card_payment,-5.63,4225.88,COMPRA ÓPTICA LA ESQUINA,2023-04-08T18:53:00,false
386,176,161,card_payment,-7.11,3512.79,COMPRA ELECTRO BUENAVISTA,2023-04-08T19:04:00,false
387,451,,transfer_out,-287.72,1906.88,TRANSFERENCIA EMITIDA,2023-04-09T10:14:00,false
388,600,,atm_withdrawal,-100.00,4121.36,REINTEGRO CAJERO,2023-04-10T13:04:00,false
389,385,161,card_payment,-12.04,5307.43,COMPRA ELECTRO BUENAVISTA,2023-04-10T14:09:00,false
390,867,,transfer_out,-174.15,996.41,TRANSFERENCIA EMITIDA,2023-04-10T14:28:00,false
391,525,106,card_payment,-5.16,2590.87,COMPRA LIBRERÍA EL FARO,2023-04-10T16:35:00,false
392,926,,transfer_out,-718.71,3128.66,TRANSFERENCIA EMITIDA,2023-04-10T21:28:00,false
393,44,48,card_payment,-2.72,2576.34,COMPRA CAFETERÍA DEL CARMEN,2023-04-11T08:19:00,false
394,557,,transfer_out,-260.60,4303.24,TRANSFERENCIA EMITIDA,2023-04-11T09:35:00,false
395,51,,transfer_in,1086.20,1643.21,TRANSFERENCIA RECIBIDA,2023-04-11T11:49:00,false
396,548,104,card_payment,-26.17,4358.39,COMPRA BAR NUEVO,2023-04-12T12:52:00,false
397,841,,transfer_out,-651.37,1458.39,TRANSFERENCIA EMITIDA,2023-04-12T20:37:00,false
398,539,157,card_payment,-13.00,485.97,COMPRA ELECTRO SAN MARCOS,2023-04-13T10:05:00,false
399,45,110,card_payment,-75.12,2754.95,COMPRA PANADERÍA EL FARO,2023-04-13T21:58:00,false
400,146,143,card_payment,-39.98,1774.69,COMPRA PELUQUERÍA LOS ARCOS,2023-04-14T10:54:00,true
401,109,,transfer_in,1379.35,3540.99,TRANSFERENCIA RECIBIDA,2023-04-14T11:16:00,false
402,609,104,card_payment,-16.88,1743.31,COMPRA BAR NUEVO,2023-04-14T13:01:00,false
403,78,,transfer_in,471.79,3072.28,TRANSFERENCIA RECIBIDA,2023-04-15T08:43:00,false
404,511,,transfer_out,-303.27,189.01,TRANSFERENCIA EMITIDA,2023-04-15T09:13:00,false
405,437,,fee,-12.00,3057.93,COMISION MANTENIMIENTO,2023-04-15T13:14:00,false
406,778,26,card_payment,-30.00,846.85,COMPRA LA TIENDA DE GRAN VÍA,2023-04-15T13:18:00,false
407,699,130,card_payment,-11.24,1342.67,COMPRA PELUQUERÍA EL FARO,2023-04-15T13:30:00,true
408,1062,,interest,1.06,2291.45,ABONO INTERESES,2023-04-15T18:18:00,false
409,612,130,card_payment,-11.99,2018.89,COMPRA PELUQUERÍA EL FARO,2023-04-15T20:24:00,true
410,669,,transfer_out,-214.05,1037.01,TRANSFERENCIA EMITIDA,2023-04-16T10:50:00,false
411,611,25,card_payment,-9.57,415.00,COMPRA SUPERMERCADO LOS ARCOS,2023-04-16T14:12:00,false
412,699,76,card_payment,-24.34,1318.33,COMPRA LIBRERÍA SAN MARCOS,2023-04-16T19:11:00,false
413,1041,108,card_payment,-32.50,3391.31,COMPRA TALLER LA ESTRELLA,2023-04-16T19:40:00,true
414,470,74,card_payment,-51.50,2213.72,COMPRA ELECTRO LOS ARCOS,2023-04-17T09:11:00,false
415,446,,transfer_in,876.62,4310.44,TRANSFERENCIA RECIBIDA,2023-04-17T17:13:00,false
416,826,,transfer_in,1082.16,1958.53,TRANSFERENCIA RECIBIDA,2023-04-18T14:47:00,false
417,328,117,card_payment,-16.01,758.93,COMPRA SUPERMERCADO REAL,2023-04-18T20:07:00,false
418,227,,fee,-2.50,4073.86,COMISION MANTENIMIENTO,2023-04-18T20:18:00,false
419,968,139,card_payment,-48.82,2641.54,COMPRA RESTAURANTE DEL CARMEN,2023-04-19T11:15:00,true
420,1082,42,card_payment,-6.36,2919.68,COMPRA EL RINCÓN DE LOS ARCOS,2023-04-19T13:35:00,false
421,276,86,card_payment,-2.48,4408.29,COMPRA PANADERÍA EL FARO,2023-04-19T18:00:00,true
422,45,,atm_withdrawal,-20.00,2734.95,REINTEGRO CAJERO,2023-04-19T18:20:00,false
423,1022,53,card_payment,-7.82,1942.23,COMPRA LIBRERÍA DEL CARMEN,2023-04-19T20:46:00,true
424,69,56,card_payment,-4.43,804.86,COMPRA BAR REAL,2023-04-19T21:11:00,false
425,987,39,card_payment,-6.69,2475.03,COMPRA LA TIENDA DE REAL,2023-04-20T11:23:00,false
426,246,71,card_payment,-24.06,1722.31,COMPRA ÓPTICA NUEVO,2023-04-20T21:53:00,false
427,361,,transfer_in,709.83,3927.88,TRANSFERENCIA RECIBIDA,2023-04-21T18:17:00,false
428,393,,transfer_out,-10.38,2020.88,TRANSFERENCIA EMITIDA,2023-04-21T19:03:00,false
429,211,,atm_withdrawal,-60.00,3191.39,REINTEGRO CAJERO,2023-04-21T20:47:00,false
430,552,,atm_withdrawal,-50.00,2511.99,REINTEGRO CAJERO,2023-04-21T21:01:00,false
431,1053,,transfer_out,-126.63,3459.32,TRANSFERENCIA EMITIDA,2023-04-22T19:26:00,false
432,841,21,card_payment,-13.99,1444.40,COMPRA RESTAURANTE MODERNO,2023-04-22T20:57:00,false
433,723,28,card_payment,-22.08,1218.32,COMPRA PANADERÍA NUEVO,2023-04-22T21:14:00,false
434,829,,transfer_out,-364.52,2163.57,TRANSFERENCIA EMITIDA,2023-04-23T17:11:00,false
435,774,50,card_payment,-40.88,3086.74,COMPRA ÓPTICA DEL SOL,2023-04-24T11:45:00,false
436,478,123,card_payment,-42.05,871.75,COMPRA LIBRERÍA LOS ARCOS,2023-04-24T12:32:00,false
437,1038,9,card_payment,-33.86,5386.16,COMPRA PELUQUERÍA DEL PUERTO,2023-04-25T14:13:00,true
438,789,,salary,789.18,4528.94,NOMINA,2023-04-25T14:35:00,false
439,680,,atm_withdrawal,-50.00,2925.02,REINTEGRO CAJERO,2023-04-25T16:27:00,false
440,933,177,card_payment,-123.21,1182.03,COMPRA BAR MODERNO,2023-04-25T19:32:00,true
441,670,,salary,1522.77,3190.36,NOMINA,2023-04-26T09:08:00,false
442,140,,atm_withdrawal,-50.00,303.71,REINTEGRO CAJERO,2023-04-26T11:34:00,false
443,187,,salary,1528.27,3527.79,NOMINA,2023-04-26T13:32:00,false
444,859,,fee,-12.00,1202.28,COMISION MANTENIMIENTO,2023-04-26T14:15:00,false
445,190,145,card_payment,-6.27,2349.38,COMPRA LIBRERÍA DEL SOL,2023-04-26T18:39:00,false
446,617,168,card_payment,-24.07,2506.66,COMPRA FARMACIA REAL,2023-04-27T13:32:00,false
447,660,84,card_payment,-18.92,323.87,COMPRA CAFETERÍA LOS ARCOS,2023-04-27T16:43:00,true
448,1030,152,card_payment,-20.39,1456.15,COMPRA LIBRERÍA DEL CARMEN,2023-04-27T17:53:00,false
449,432,,salary,2640.41,5620.97,NOMINA,2023-04-27T18:28:00,false
450,821,,salary,2205.47,4786.33,NOMINA,2023-04-27T19:00:00,false
451,96,33,card_payment,-7.71,583.15,COMPRA LIBRERÍA DEL PUERTO,2023-04-28T13:11:00,true
452,926,,salary,2017.80,5146.46,NOMINA,2023-04-28T13:39:00,false
453,511,107,card_payment,-95.35,93.66,COMPRA PELUQUERÍA SAN MARCOS,2023-04-28T13:42:00,false
454,109,,salary,1055.47,4596.46,NOMINA,2023-04-28T13:54:00,false
455,731,,transfer_in,509.96,1705.61,TRANSFERENCIA RECIBIDA,2023-04-28T13:55:00,false
456,105,,transfer_out,-633.62,2875.81,TRANSFERENCIA EMITIDA,2023-04-28T16:07:00,false
457,523,,transfer_out,-731.65,1357.24,TRANSFERENCIA EMITIDA,2023-04-28T18:00:00,false
458,95,,transfer_in,858.64,3743.03,TRANSFERENCIA RECIBIDA,2023-04-28T18:51:00,false
459,426,,fee,-12.00,444.46,COMISION MANTENIMIENTO,2023-04-29T13:47:00,false
460,296,66,card_payment,-36.21,2556.62,COMPRA ÓPTICA LA ESQUINA,2023-04-29T19:09:00,false
461,1088,10,card_payment,-27.53,3521.74,COMPRA PANADERÍA LA ESTRELLA,2023-04-30T13:57:00,false
462,1041,,direct_debit,-63.20,3328.11,RECIBO DOMICILIADO,2023-05-01T08:06:00,false
463,819,,direct_debit,-19.31,1389.10,RECIBO DOMICILIADO,2023-05-01T12:17:00,false
464,1073,,direct_debit,-60.02,2829.60,RECIBO DOMICILIADO,2023-05-01T12:53:00,false
465,437,,interest,4.01,3061.94,ABONO INTERESES,2023-05-01T20:00:00,false
466,699,,direct_debit,-15.94,1302.39,RECIBO DOMICILIADO,2023-05-02T11:59:00,false
467,367,,transfer_out,-140.34,2214.98,TRANSFERENCIA EMITIDA,2023-05-02T12:37:00,false
468,999,108,card_payment,-4.08,1472.65,COMPRA TALLER LA ESTRELLA,2023-05-02T13:45:00,true
469,370,,direct_debit,-32.32,3126.31,RECIBO DOMICILIADO,2023-05-02T15:03:00,false
470,547,110,card_payment,-67.93,1763.12,COMPRA PANADERÍA EL FARO,2023-05-02T17:51:00,false
471,137,75,card_payment,-47.56,3603.70,COMPRA TALLER LA ESQUINA,2023-05-03T10:20:00,false
472,735,160,card_payment,-2.81,16.17,COMPRA TALLER DEL CARMEN,2023-05-03T12:16:00,false
473,311,,direct_debit,-52.47,792.30,RECIBO DOMICILIADO,2023-05-03T13:00:00,false
474,621,,transfer_out,-420.47,1282.19,TRANSFERENCIA EMITIDA,2023-05-03T14:28:00,false
475,300,,direct_debit,-26.64,2910.84,RECIBO DOMICILIADO,2023-05-03T14:53:00,false
476,356,,direct_debit,-25.07,1689.98,RECIBO DOMICILIADO,2023-05-03T17:59:00,false
477,77,,transfer_out,-186.32,1335.14,TRANSFERENCIA EMITIDA,2023-05-03T18:28:00,false
478,109,,atm_withdrawal,-20.00,4576.46,REINTEGRO CAJERO,2023-05-04T13:31:00,false
479,113,162,card_payment,-40.62,2275.29,COMPRA LIBRERÍA LA ESQUINA,2023-05-04T14:44:00,true
480,1038,,direct_debit,-19.20,5366.96,RECIBO DOMICILIADO,2023-05-04T16:05:00,false
481,881,134,card_payment,-33.30,2870.54,COMPRA BAR REAL,2023-05-04T17:13:00,false
482,516,45,card_payment,-18.26,707.93,COMPRA LA TIENDA DE DEL SOL,2023-05-04T17:43:00,false
483,701,,direct_debit,-45.60,2841.64,RECIBO DOMICILIADO,2023-05-05T15:15:00,false
484,868,177,card_payment,-8.51,926.76,COMPRA BAR MODERNO,2023-05-05T15:48:00,true
485,95,,direct_debit,-18.07,3724.96,RECIBO DOMICILIADO,2023-05-05T17:07:00,false
486,44,,direct_debit,-52.99,2523.35,RECIBO DOMICILIADO,2023-05-05T17:35:00,false
487,276,,direct_debit,-47.53,4360.76,RECIBO DOMICILIADO,2023-05-05T19:04:00,false
488,1050,19,card_payment,-33.83,2495.71,COMPRA TALLER LOS ARCOS,2023-05-06T13:18:00,true
489,441,132,card_payment,-22.62,2534.10,COMPRA CAFETERÍA LA ESTRELLA,2023-05-06T13:49:00,false
490,722,28,card_payment,-6.28,1896.76,COMPRA PANADERÍA NUEVO,2023-05-06T15:21:00,false
491,440,,direct_debit,-36.25,3440.18,RECIBO DOMICILIADO,2023-05-06T17:46:00,false
492,9,91,card_payment,-44.27,138.85,COMPRA MUEBLES MODERNO,2023-05-06T18:57:00,false
493,449,23,card_payment,-31.35,3352.14,COMPRA CAFETERÍA GRAN VÍA,2023-05-06T19:25:00,false
494,364,,direct_debit,-13.68,335.07,RECIBO DOMICILIADO,2023-05-06T21:25:00,false
495,109,,transfer_in,837.68,5414.14,TRANSFERENCIA RECIBIDA,2023-05-07T12:29:00,false
496,889,41,card_payment,-68.15,2125.53,COMPRA SUPERMERCADO EL FARO,2023-05-07T12:53:00,false
497,950,,fee,-2.50,1338.91,COMISION MANTENIMIENTO,2023-05-07T13:56:00,false
498,107,,transfer_in,860.57,3193.45,TRANSFERENCIA RECIBIDA,2023-05-07T15:38:00,false
499,433,,direct_debit,-39.45,-28.70,RECIBO DOMICILIADO,2023-05-07T16:06:00,false
500,982,,direct_debit,-56.39,1393.75,RECIBO DOMICILIADO,2023-05-07T18:04:00,false
501,669,,atm_withdrawal,-20.00,1017.01,REINTEGRO CAJERO,2023-05-07T18:40:00,false
502,179,,atm_withdrawal,-200.00,1872.36,REINTEGRO CAJERO,2023-05-08T13:46:00,false
503,368,169,card_payment,-7.13,3908.33,COMPRA CAFETERÍA SAN MARCOS,2023-05-08T14:27:00,false
504,327,,transfer_in,788.83,2647.43,TRANSFERENCIA RECIBIDA,2023-05-09T11:55:00,false
505,930,58,card_payment,-13.49,2021.91,COMPRA ÓPTICA MODERNO,2023-05-09T13:01:00,false
506,89,113,card_payment,-26.59,1662.28,COMPRA FARMACIA LOS ARCOS,2023-05-09T16:15:00,false
507,363,124,card_payment,-8.23,3870.86,COMPRA ELECTRO EL FARO,2023-05-09T20:52:00,false
508,755,141,card_payment,-15.69,3254.35,COMPRA LA TIENDA DE SAN MARCOS,2023-05-10T10:31:00,false
509,337,106,card_payment,-10.61,734.26,COMPRA LIBRERÍA EL FARO,2023-05-10T14:04:00,false
510,193,,atm_withdrawal,-20.00,1492.53,REINTEGRO CAJERO,2023-05-10T18:12:00,false
511,272,144,card_payment,-17.41,3262.27,COMPRA LIBRERÍA REAL,2023-05-10T19:18:00,true
512,96,,atm_withdrawal,-150.00,433.15,REINTEGRO CAJERO,2023-05-11T17:31:00,false
513,802,38,card_payment,-2.42,3158.34,COMPRA ÓPTICA DEL PUERTO,2023-05-12T11:44:00,false
514,44,,transfer_in,560.49,3083.84,TRANSFERENCIA RECIBIDA,2023-05-12T18:59:00,false
515,111,104,card_payment,-3.70,3716.10,COMPRA BAR NUEVO,2023-05-13T11:14:00,false
516,932,,transfer_out,-537.91,860.71,TRANSFERENCIA EMITIDA,2023-05-13T11:23:00,false
517,644,93,card_payment,-13.90,1072.03,COMPRA ELECTRO LOS ARCOS,2023-05-14T12:19:00,false
518,621,,fee,-3.00,1279.19,COMISION MANTENIMIENTO,2023-05-14T12:46:00,false
519,429,39,card_payment,-50.24,1747.93,COMPRA LA TIENDA DE REAL,2023-05-14T13:41:00,false
520,819,31,card_payment,-49.09,1340.01,COMPRA MUEBLES LA PLAZA,2023-05-14T15:48:00,false
521,106,,transfer_out,-481.42,2860.61,TRANSFERENCIA EMITIDA,2023-05-15T08:37:00,false
522,168,100,card_payment,-19.49,5208.23,COMPRA ÓPTICA NUEVO,2023-05-15T13:31:00,false
523,817,,transfer_in,307.76,3542.17,TRANSFERENCIA RECIBIDA,2023-05-15T16:25:00,false
524,476,,atm_withdrawal,-40.00,2589.46,REINTEGRO CAJERO,2023-05-15T19:44:00,false
525,301,100,card_payment,-17.31,3178.88,COMPRA ÓPTICA NUEVO,2023-05-16T16:32:00,false
526,532,161,card_payment,-13.29,946.41,COMPRA ELECTRO BUENAVISTA,2023-05-18T09:16:00,false
527,1038,20,card_payment,-5.19,5361.77,COMPRA LA TIENDA DE BUENAVISTA,2023-05-18T13:03:00,false
528,478,162,card_payment,-126.69,745.06,COMPRA LIBRERÍA LA ESQUINA,2023-05-18T13:38:00,true
529,607,27,card_payment,-25.53,1902.71,COMPRA LA TIENDA DE SAN MARCOS,2023-05-18T14:15:00,false
530,998,16,card_payment,-34.59,3993.12,COMPRA LA TIENDA DE LOS ARCOS,2023-05-18T15:18:00,false
531,275,178,card_payment,-15.41,3670.71,COMPRA MUEBLES DEL PUERTO,2023-05-18T17:55:00,false
532,379,160,card_payment,-7.35,1689.09,COMPRA TALLER DEL CARMEN,2023-05-18T18:49:00,false
533,867,55,card_payment,-38.29,958.12,COMPRA CAFETERÍA REAL,2023-05-19T11:11:00,false
534,328,46,card_payment,-38.16,720.77,COMPRA EL RINCÓN DE LA ESTRELLA,2023-05-19T14:31:00,false
535,949,176,card_payment,-24.73,801.72,COMPRA RESTAURANTE NUEVO,2023-05-19T20:20:00,false
536,660,,atm_withdrawal,-200.00,123.87,REINTEGRO CAJERO,2023-05-20T10:18:00,false
537,288,,transfer_out,-911.93,1854.81,TRANSFERENCIA EMITIDA,2023-05-20T12:05:00,false
538,810,33,card_payment,-24.13,2344.89,COMPRA LIBRERÍA DEL PUERTO,2023-05-21T09:27:00,true
539,911,50,card_payment,-9.50,1999.60,COMPRA ÓPTICA DEL SOL,2023-05-22T12:47:00,false
540,361,107,card_payment,-4.40,3923.48,COMPRA PELUQUERÍA SAN MARCOS,2023-05-22T15:24:00,false
541,185,58,card_payment,-16.42,523.86,COMPRA ÓPTICA MODERNO,2023-05-22T15:28:00,false
542,76,,transfer_out,-36.74,1388.87,TRANSFERENCIA EMITIDA,2023-05-22T18:54:00,false
543,152,,transfer_in,723.82,2908.76,TRANSFERENCIA RECIBIDA,2023-05-22T19:34:00,false
544,487,,atm_withdrawal,-100.00,3362.46,REINTEGRO CAJERO,2023-05-22T21:02:00,false
545,744,146,card_payment,-16.03,3151.25,COMPRA PELUQUERÍA REAL,2023-05-23T10:58:00,false
546,641,73,card_payment,-7.73,1301.28,COMPRA MUEBLES MODERNO,2023-05-23T16:40:00,false
547,168,32,card_payment,-47.19,5161.04,COMPRA CASA NUEVO,2023-05-23T18:57:00,true
548,1010,,transfer_in,833.87,3598.04,TRANSFERENCIA RECIBIDA,2023-05-24T14:03:00,false
549,753,27,card_payment,-7.49,1058.22,COMPRA LA TIENDA DE SAN MARCOS,2023-05-24T18:04:00,false
550,131,78,card_payment,-3.44,2023.14,COMPRA LA TIENDA DE EL FARO,2023-05-24T19:33:00,false
551,170,,transfer_in,425.04,1430.26,TRANSFERENCIA RECIBIDA,2023-05-24T20:45:00,false
552,93,107,card_payment,-43.32,1214.68,COMPRA PELUQUERÍA SAN MARCOS,2023-05-25T08:45:00,false
553,778,,salary,1719.58,2566.43,NOMINA,2023-05-25T09:11:00,false
554,696,171,card_payment,-4.17,3648.78,COMPRA FARMACIA LA ESTRELLA,2023-05-25T12:38:00,false
555,1008,,transfer_in,129.30,2908.61,TRANSFERENCIA RECIBIDA,2023-05-25T12:53:00,false
556,864,,salary,2148.90,3478.38,NOMINA,2023-05-25T17:30:00,false
557,710,,salary,1551.40,3580.84,NOMINA,2023-05-25T17:37:00,false
558,336,,fee,-2.50,905.61,COMISION MANTENIMIENTO,2023-05-25T19:27:00,false
559,680,36,card_payment,-28.13,2896.89,COMPRA PELUQUERÍA GRAN VÍA,2023-05-25T19:49:00,false
560,886,68,card_payment,-5.92,3794.50,COMPRA EL RINCÓN DE GRAN VÍA,2023-05-25T20:24:00,false
561,1039,,salary,2412.81,5222.07,NOMINA,2023-05-26T09:10:00,false
562,1091,13,card_payment,-42.26,1455.30,COMPRA RESTAURANTE SAN MARCOS,2023-05-26T15:43:00,false
563,1066,116,card_payment,-37.55,1012.94,COMPRA ELECTRO MODERNO,2023-05-26T19:52:00,false
564,880,117,card_payment,-2.45,461.15,COMPRA SUPERMERCADO REAL,2023-05-27T12:43:00,false
565,474,,salary,1572.31,5988.66,NOMINA,2023-05-27T18:24:00,false
566,932,,atm_withdrawal,-200.00,660.71,REINTEGRO CAJERO,2023-05-27T18:32:00,false
567,1091,,salary,1349.00,2804.30,NOMINA,2023-05-27T19:04:00,false
568,528,,fee,-3.00,1394.05,COMISION MANTENIMIENTO,2023-05-28T08:51:00,false
569,718,,salary,2700.96,3478.76,NOMINA,2023-05-28T09:32:00,false
570,276,,salary,2367.92,6728.68,NOMINA,2023-05-28T13:26:00,false
571,696,,atm_withdrawal,-100.00,3548.78,REINTEGRO CAJERO,2023-05-28T13:43:00,false
572,184,141,card_payment,-145.25,3028.34,COMPRA LA TIENDA DE SAN MARCOS,2023-05-28T16:17:00,false
573,54,,transfer_in,807.35,2345.03,TRANSFERENCIA RECIBIDA,2023-05-28T19:31:00,false
574,601,,transfer_out,-663.51,827.48,TRANSFERENCIA EMITIDA,2023-05-29T09:11:00,false
575,385,132,card_payment,-22.30,5285.13,COMPRA CAFETERÍA LA ESTRELLA,2023-05-29T10:44:00,false
576,336,111,card_payment,-34.44,871.17,COMPRA EL RINCÓN DE EL FARO,2023-05-29T13:54:00,false
577,18,38,card_payment,-27.40,3324.58,COMPRA ÓPTICA DEL PUERTO,2023-05-29T13:55:00,false
578,109,36,card_payment,-16.50,5397.64,COMPRA PELUQUERÍA GRAN VÍA,2023-05-29T19:52:00,false
579,870,,atm_withdrawal,-150.00,1507.38,REINTEGRO CAJERO,2023-05-30T11:48:00,false
580,575,75,card_payment,-15.17,815.94,COMPRA TALLER LA ESQUINA,2023-05-30T15:49:00,false
581,713,,transfer_in,1028.44,4013.70,TRANSFERENCIA RECIBIDA,2023-05-30T18:39:00,false
582,353,12,card_payment,-15.72,652.43,COMPRA MUEBLES LA ESQUINA,2023-05-31T09:26:00,false
583,95,6,card_payment,-13.30,3711.66,COMPRA EL RINCÓN DE SAN MARCOS,2023-05-31T13:27:00,false
584,862,85,card_payment,-20.70,1957.59,COMPRA ELECTRO CENTRAL,2023-05-31T13:42:00,false
585,429,,atm_withdrawal,-60.00,1687.93,REINTEGRO CAJERO,2023-05-31T19:57:00,false
586,797,,transfer_out,-620.08,1286.85,TRANSFERENCIA EMITIDA,2023-06-01T09:15:00,false
587,56,35,card_payment,-49.38,1449.70,COMPRA CAFETERÍA REAL,2023-06-01T10:13:00,false
588,329,,transfer_out,-659.24,619.35,TRANSFERENCIA EMITIDA,2023-06-01T12:15:00,false
589,385,,direct_debit,-41.52,5243.61,RECIBO DOMICILIADO,2023-06-01T13:22:00,false
590,728,,transfer_in,282.04,1457.55,TRANSFERENCIA RECIBIDA,2023-06-01T13:26:00,false
591,701,64,card_payment,-170.18,2671.46,COMPRA LA TIENDA DE SAN MARCOS,2023-06-01T13:59:00,false
592,980,,direct_debit,-39.43,2475.78,RECIBO DOMICILIADO,2023-06-01T15:40:00,false
593,16,145,card_payment,-53.02,2569.64,COMPRA LIBRERÍA DEL SOL,2023-06-01T16:28:00,false
594,697,,transfer_out,-581.99,514.45,TRANSFERENCIA EMITIDA,2023-06-01T18:30:00,false
595,74,5,card_payment,-28.54,2742.78,COMPRA ELECTRO NUEVO,2023-06-01T19:08:00,false
596,1097,51,card_payment,-7.26,4174.25,COMPRA MUEBLES LOS ARCOS,2023-06-02T09:36:00,false
597,16,,direct_debit,-79.09,2490.55,RECIBO DOMICILIADO,2023-06-02T11:01:00,false
598,671,100,card_payment,-53.70,443.24,COMPRA ÓPTICA NUEVO,2023-06-02T12:28:00,false
599,409,123,card_payment,-8.96,1868.62,COMPRA LIBRERÍA LOS ARCOS,2023-06-02T12:45:00,false
600,51,170,card_payment,-7.03,1636.18,COMPRA BAR MODERNO,2023-06-02T12:56:00,false
601,1050,,transfer_out,-212.83,2282.88,TRANSFERENCIA EMITIDA,2023-06-02T13:12:00,false
602,1094,100,card_payment,-23.52,1679.95,COMPRA ÓPTICA NUEVO,2023-06-02T13:25:00,false
603,361,81,card_payment,-6.21,3917.27,COMPRA CASA LOS ARCOS,2023-06-02T14:42:00,true
604,651,85,card_payment,-10.99,-473.63,COMPRA ELECTRO CENTRAL,2023-06-02T16:10:00,false
605,870,10,card_payment,-23.10,1484.28,COMPRA PANADERÍA LA ESTRELLA,2023-06-02T18:30:00,false
606,54,,direct_debit,-40.96,2304.07,RECIBO DOMICILIADO,2023-06-02T20:26:00,false
607,72,,fee,-3.00,3180.90,COMISION MANTENIMIENTO,2023-06-02T20:49:00,false
608,762,152,card_payment,-1.75,3207.90,COMPRA LIBRERÍA DEL CARMEN,2023-06-03T13:23:00,false
609,78,173,card_payment,-19.61,3052.67,COMPRA LIBRERÍA NUEVO,2023-06-03T13:28:00,false
610,466,,atm_withdrawal,-50.00,1325.74,REINTEGRO CAJERO,2023-06-03T13:34:00,false
611,640,,direct_debit,-59.17,3288.03,RECIBO DOMICILIADO,2023-06-03T15:12:00,false
612,482,,atm_withdrawal,-150.00,4315.47,REINTEGRO CAJERO,2023-06-03T16:39:00,false
613,667,,direct_debit,-52.86,2374.30,RECIBO DOMICILIADO,2023-06-03T21:51:00,false
614,261,,direct_debit,-9.52,3875.66,RECIBO DOMICILIADO,2023-06-04T13:14:00,false
615,470,,atm_withdrawal,-50.00,2163.72,REINTEGRO CAJERO,2023-06-04T15:16:00,false
616,523,,direct_debit,-32.17,1325.07,RECIBO DOMICILIADO,2023-06-04T19:59:00,false
617,325,,direct_debit,-37.12,2134.60,RECIBO DOMICILIADO,2023-06-04T20:11:00,false
618,257,30,card_payment,-110.83,-222.70,COMPRA LA TIENDA DE BUENAVISTA,2023-06-05T08:41:00,false
619,131,148,card_payment,-13.74,2009.40,COMPRA PELUQUERÍA LA PLAZA,2023-06-05T15:31:00,false
620,422,,direct_debit,-14.32,1734.04,RECIBO DOMICILIADO,2023-06-05T17:15:00,false
621,224,61,card_payment,-31.82,1123.39,COMPRA PANADERÍA LA PLAZA,2023-06-05T17:49:00,false
622,803,,atm_withdrawal,-60.00,3290.35,REINTEGRO CAJERO,2023-06-05T20:47:00,false
623,402,,direct_debit,-101.62,2241.81,RECIBO DOMICILIADO,2023-06-05T21:10:00,false
624,980,123,card_payment,-7.67,2468.11,COMPRA LIBRERÍA LOS ARCOS,2023-06-06T11:02:00,false
625,714,31,card_payment,-237.40,80.60,COMPRA MUEBLES LA PLAZA,2023-06-06T12:28:00,false
626,804,,interest,6.14,1966.20,ABONO INTERESES,2023-06-06T14:06:00,false
627,363,,direct_debit,-41.66,3829.20,RECIBO DOMICILIADO,2023-06-06T21:43:00,false
628,243,,direct_debit,-58.82,3211.83,RECIBO DOMICILIADO,2023-06-07T10:39:00,false
629,70,,atm_withdrawal,-200.00,1014.00,REINTEGRO CAJERO,2023-06-07T12:11:00,false
630,828,133,card_payment,-5.74,1567.44,COMPRA ELECTRO GRAN VÍA,2023-06-07T16:32:00,false
631,395,,direct_debit,-36.23,2256.34,RECIBO DOMICILIADO,2023-06-07T17:31:00,false
632,69,5,card_payment,-3.27,801.59,COMPRA ELECTRO NUEVO,2023-06-07T18:26:00,false
633,427,23,card_payment,-55.91,2314.18,COMPRA CAFETERÍA GRAN VÍA,2023-06-08T10:34:00,false
634,144,,transfer_out,-542.19,2241.11,TRANSFERENCIA EMITIDA,2023-06-08T13:34:00,false
635,211,,transfer_out,-257.37,2934.02,TRANSFERENCIA EMITIDA,2023-06-09T09:11:00,false
636,1086,,fee,-12.00,5194.20,COMISION MANTENIMIENTO,2023-06-09T14:10:00,false
637,69,144,card_payment,-185.74,615.85,COMPRA LIBRERÍA REAL,2023-06-09T16:17:00,true
638,731,,transfer_out,-862.57,843.04,TRANSFERENCIA EMITIDA,2023-06-09T20:31:00,false
639,159,,transfer_in,692.97,3323.75,TRANSFERENCIA RECIBIDA,2023-06-10T09:24:00,false
640,859,157,card_payment,-25.55,1176.73,COMPRA ELECTRO SAN MARCOS,2023-06-10T11:03:00,false
641,717,,transfer_in,39.87,682.71,TRANSFERENCIA RECIBIDA,2023-06-10T11:06:00,false
642,822,31,card_payment,-11.89,1316.50,COMPRA MUEBLES LA PLAZA,2023-06-11T09:57:00,false
643,702,,transfer_out,-130.33,1150.48,TRANSFERENCIA EMITIDA,2023-06-11T10:23:00,false
644,241,38,card_payment,-2.47,4317.10,COMPRA ÓPTICA DEL PUERTO,2023-06-11T19:22:00,false
645,1002,,transfer_in,844.99,1555.81,TRANSFERENCIA RECIBIDA,2023-06-12T12:12:00,false
646,769,,transfer_out,-749.62,785.56,TRANSFERENCIA EMITIDA,2023-06-12T12:53:00,false
647,928,69,card_payment,-20.93,3719.23,COMPRA PELUQUERÍA LA ESQUINA,2023-06-12T18:11:00,false
648,152,134,card_payment,-17.50,2891.26,COMPRA BAR REAL,2023-06-12T19:21:00,false
649,102,162,card_payment,-24.32,3184.81,COMPRA LIBRERÍA LA ESQUINA,2023-06-13T11:20:00,true
650,18,124,card_payment,-20.28,3304.30,COMPRA ELECTRO EL FARO,2023-06-13T13:06:00,false
651,805,86,card_payment,-21.43,3043.15,COMPRA PANADERÍA EL FARO,2023-06-13T18:44:00,true
652,30,115,card_payment,-30.85,4195.03,COMPRA FARMACIA DEL PUERTO,2023-06-14T12:11:00,false
653,1048,128,card_payment,-4.06,1962.12,COMPRA LA TIENDA DE DEL PUERTO,2023-06-15T12:18:00,false
654,1089,,transfer_in,247.11,3215.44,TRANSFERENCIA RECIBIDA,2023-06-15T15:52:00,false
655,482,116,card_payment,-27.03,4288.44,COMPRA ELECTRO MODERNO,2023-06-16T10:25:00,false
656,1053,127,card_payment,-198.85,3260.47,COMPRA ÓPTICA SAN MARCOS,2023-06-16T12:02:00,false
657,617,85,card_payment,-5.84,2500.82,COMPRA ELECTRO CENTRAL,2023-06-16T13:44:00,false
658,665,,fee,-3.00,2292.20,COMISION MANTENIMIENTO,2023-06-16T13:58:00,false
659,1022,21,card_payment,-16.30,1925.93,COMPRA RESTAURANTE MODERNO,2023-06-16T14:09:00,false
660,828,51,card_payment,-21.14,1546.30,COMPRA MUEBLES LOS ARCOS,2023-06-17T08:45:00,false
661,792,133,card_payment,-11.17,5817.28,COMPRA ELECTRO GRAN VÍA,2023-06-17T12:34:00,false
662,441,,transfer_in,428.84,2962.94,TRANSFERENCIA RECIBIDA,2023-06-17T14:07:00,false
663,190,88,card_payment,-106.03,2243.35,COMPRA TALLER SAN MARCOS,2023-06-17T15:37:00,false
664,746,,interest,1.52,1938.93,ABONO INTERESES,2023-06-18T18:50:00,false
665,109,123,card_payment,-37.04,5360.60,COMPRA LIBRERÍA LOS ARCOS,2023-06-18T19:18:00,false
666,1032,45,card_payment,-5.09,2391.15,COMPRA LA TIENDA DE DEL SOL,2023-06-19T11:43:00,false
667,698,,fee,-3.00,2069.76,COMISION MANTENIMIENTO,2023-06-19T14:23:00,false
668,35,148,card_payment,-8.72,2123.31,COMPRA PELUQUERÍA LA PLAZA,2023-06-20T12:20:00,false
669,892,,transfer_in,34.42,3657.03,TRANSFERENCIA RECIBIDA,2023-06-20T16:04:00,false
670,410,,atm_withdrawal,-150.00,48.97,REINTEGRO CAJERO,2023-06-20T16:32:00,false
671,146,30,card_payment,-32.43,1742.26,COMPRA LA TIENDA DE BUENAVISTA,2023-06-21T09:28:00,false
672,61,101,card_payment,-10.76,1211.18,COMPRA ÓPTICA BUENAVISTA,2023-06-21T12:51:00,false
673,603,,atm_withdrawal,-50.00,4217.25,REINTEGRO CAJERO,2023-06-21T14:11:00,false
674,354,,atm_withdrawal,-40.00,2604.81,REINTEGRO CAJERO,2023-06-21T14:25:00,false
675,246,115,card_payment,-12.91,1709.40,COMPRA FARMACIA DEL PUERTO,2023-06-21T18:39:00,false
676,121,,transfer_out,-396.82,1971.85,TRANSFERENCIA EMITIDA,2023-06-22T13:11:00,false
677,666,81,card_payment,-10.24,1760.56,COMPRA CASA LOS ARCOS,2023-06-22T13:13:00,true
678,739,,transfer_out,-113.26,246.84,TRANSFERENCIA EMITIDA,2023-06-22T13:45:00,false
679,287,180,card_payment,-28.62,1144.05,COMPRA CAFETERÍA DEL CARMEN,2023-06-22T20:36:00,false
680,942,40,card_payment,-5.41,2371.68,COMPRA EL RINCÓN DE REAL,2023-06-23T08:32:00,true
681,653,,fee,-12.00,-328.47,COMISION MANTENIMIENTO,2023-06-23T11:09:00,false
682,994,,interest,2.70,2401.84,ABONO INTERESES,2023-06-23T13:26:00,false
683,1093,9,card_payment,-28.74,1709.69,COMPRA PELUQUERÍA DEL PUERTO,2023-06-23T14:54:00,true
684,294,178,card_payment,-9.27,977.52,COMPRA MUEBLES DEL PUERTO,2023-06-23T17:59:00,false
685,998,,transfer_out,-772.63,3220.49,TRANSFERENCIA EMITIDA,2023-06-24T09:55:00,false
686,862,,salary,1656.39,3613.98,NOMINA,2023-06-25T10:45:00,false
687,696,,transfer_out,-143.39,3405.39,TRANSFERENCIA EMITIDA,2023-06-25T13:22:00,false
688,1056,,salary,1684.91,4032.46,NOMINA,2023-06-25T14:27:00,false
689,1049,27,card_payment,-2.20,1693.20,COMPRA LA TIENDA DE SAN MARCOS,2023-06-25T20:42:00,false
690,223,,transfer_out,-112.32,1273.11,TRANSFERENCIA EMITIDA,2023-06-25T21:52:00,false
691,831,,salary,957.71,3142.53,NOMINA,2023-06-26T10:28:00,false
692,945,,transfer_out,-376.05,1891.11,TRANSFERENCIA EMITIDA,2023-06-26T13:29:00,false
693,729,,salary,2886.98,4701.31,NOMINA,2023-06-26T15:38:00,false
694,131,,transfer_out,-134.86,1874.54,TRANSFERENCIA EMITIDA,2023-06-26T17:06:00,false
695,692,,salary,2876.28,4753.29,NOMINA,2023-06-26T19:06:00,false
696,760,,salary,2234.31,4288.88,NOMINA,2023-06-26T19:13:00,false
697,39,11,card_payment,-6.14,3076.63,COMPRA LA TIENDA DE MODERNO,2023-06-26T20:08:00,false
698,1002,,transfer_in,785.51,2341.32,TRANSFERENCIA RECIBIDA,2023-06-27T11:53:00,false
699,881,,salary,2491.78,5362.32,NOMINA,2023-06-27T12:18:00,false
700,466,81,card_payment,-10.95,1314.79,COMPRA CASA LOS ARCOS,2023-06-27T14:38:00,true
701,608,,salary,2098.10,4617.67,NOMINA,2023-06-28T08:51:00,false
702,932,66,card_payment,-19.56,641.15,COMPRA ÓPTICA LA ESQUINA,2023-06-28T09:21:00,false
703,805,,transfer_in,115.51,3158.66,TRANSFERENCIA RECIBIDA,2023-06-28T12:45:00,false
704,957,122,card_payment,-27.19,3779.33,COMPRA CASA NUEVO,2023-06-28T13:52:00,false
705,426,26,card_payment,-23.94,420.52,COMPRA LA TIENDA DE GRAN VÍA,2023-06-28T13:56:00,false
706,729,137,card_payment,-8.34,4692.97,COMPRA ÓPTICA CENTRAL,2023-06-28T14:56:00,false
707,1042,21,card_payment,-4.27,2613.79,COMPRA RESTAURANTE MODERNO,2023-06-28T17:25:00,false
708,845,,salary,3150.46,4352.79,NOMINA,2023-06-28T18:08:00,false
709,685,,atm_withdrawal,-200.00,2300.50,REINTEGRO CAJERO,2023-06-28T19:38:00,false
710,148,,interest,2.62,1537.64,ABONO INTERESES,2023-06-29T13:48:00,false
711,368,54,card_payment,-26.41,3881.92,COMPRA ELECTRO DEL PUERTO,2023-06-29T16:27:00,false
712,680,172,card_payment,-14.74,2882.15,COMPRA EL RINCÓN DE MODERNO,2023-06-30T21:08:00,false
713,1,,direct_debit,-56.52,2794.81,RECIBO DOMICILIADO,2023-07-01T08:57:00,false
714,822,49,card_payment,-15.25,1301.25,COMPRA LA TIENDA DE LOS ARCOS,2023-07-01T09:10:00,false
715,557,86,card_payment,-6.28,4296.96,COMPRA PANADERÍA EL FARO,2023-07-01T09:44:00,true
716,964,161,card_payment,-9.30,447.77,COMPRA ELECTRO BUENAVISTA,2023-07-01T10:59:00,false
717,539,,direct_debit,-28.01,457.96,RECIBO DOMICILIADO,2023-07-01T15:58:00,false
718,831,,direct_debit,-51.12,3091.41,RECIBO DOMICILIADO,2023-07-01T16:27:00,false
719,936,40,card_payment,-44.65,1908.06,COMPRA EL RINCÓN DE REAL,2023-07-01T16:44:00,true
720,683,166,card_payment,-25.86,6053.93,COMPRA LA TIENDA DE BUENAVISTA,2023-07-01T19:43:00,true
721,601,63,card_payment,-47.02,780.46,COMPRA FARMACIA LOS ARCOS,2023-07-02T14:46:00,false
722,835,,direct_debit,-49.91,2777.77,RECIBO DOMICILIADO,2023-07-02T15:22:00,false
723,803,69,card_payment,-4.82,3285.53,COMPRA PELUQUERÍA LA ESQUINA,2023-07-02T20:56:00,false
724,418,22,card_payment,-35.85,3673.13,COMPRA PELUQUERÍA DEL CARMEN,2023-07-03T09:51:00,false
725,492,,direct_debit,-88.81,1006.63,RECIBO DOMICILIADO,2023-07-03T11:05:00,false
726,814,,direct_debit,-50.71,1752.14,RECIBO DOMICILIADO,2023-07-03T13:05:00,false
727,103,,transfer_in,612.77,1620.74,TRANSFERENCIA RECIBIDA,2023-07-03T13:16:00,false
728,720,,atm_withdrawal,-150.00,11.51,REINTEGRO CAJERO,2023-07-03T13:44:00,false
729,988,,direct_debit,-28.69,778.13,RECIBO DOMICILIADO,2023-07-03T18:59:00,false
730,121,,direct_debit,-82.78,1889.07,RECIBO DOMICILIADO,2023-07-03T19:22:00,false
731,761,,atm_withdrawal,-50.00,1129.13,REINTEGRO CAJERO,2023-07-04T09:02:00,false
732,940,,direct_debit,-41.71,1358.38,RECIBO DOMICILIADO,2023-07-04T09:45:00,false
733,1047,141,card_payment,-6.24,1548.24,COMPRA LA TIENDA DE SAN MARCOS,2023-07-04T10:34:00,false
734,219,161,card_payment,-5.93,2253.38,COMPRA ELECTRO BUENAVISTA,2023-07-04T13:05:00,false
735,384,86,card_payment,-31.04,2020.53,COMPRA PANADERÍA EL FARO,2023-07-04T14:17:00,true
736,353,,direct_debit,-46.66,605.77,RECIBO DOMICILIADO,2023-07-04T15:14:00,false
737,754,112,card_payment,-22.04,3899.86,COMPRA CAFETERÍA DEL PUERTO,2023-07-04T18:27:00,false
738,470,,transfer_in,90.97,2254.69,TRANSFERENCIA RECIBIDA,2023-07-04T19:12:00,false
739,1020,79,card_payment,-17.76,3739.42,COMPRA CASA CENTRAL,2023-07-05T10:24:00,false
740,982,115,card_payment,-35.24,1358.51,COMPRA FARMACIA DEL PUERTO,2023-07-05T10:32:00,false
741,856,50,card_payment,-16.43,2532.55,COMPRA ÓPTICA DEL SOL,2023-07-05T10:36:00,false
742,746,34,card_payment,-25.03,1913.90,COMPRA CAFETERÍA DEL SOL,2023-07-05T12:11:00,false
743,76,,direct_debit,-13.36,1375.51,RECIBO DOMICILIADO,2023-07-05T13:35:00,false
744,588,,transfer_in,734.05,4831.66,TRANSFERENCIA RECIBIDA,2023-07-05T14:50:00,false
745,275,,direct_debit,-36.52,3634.19,RECIBO DOMICILIADO,2023-07-05T18:30:00,false
746,137,,direct_debit,-115.52,3488.18,RECIBO DOMICILIADO,2023-07-05T19:23:00,false
747,444,60,card_payment,-86.72,2156.21,COMPRA FARMACIA EL FARO,2023-07-05T20:31:00,false
748,632,51,card_payment,-29.24,3164.80,COMPRA MUEBLES LOS ARCOS,2023-07-06T13:42:00,false
749,510,,atm_withdrawal,-200.00,643.03,REINTEGRO CAJERO,2023-07-06T13:57:00,false
750,960,,direct_debit,-82.40,622.62,RECIBO DOMICILIADO,2023-07-06T21:30:00,false
751,707,,direct_debit,-64.73,2782.77,RECIBO DOMICILIADO,2023-07-07T10:56:00,false
752,545,158,card_payment,-19.30,3417.95,COMPRA CASA EL FARO,2023-07-07T12:17:00,false
753,188,,interest,4.60,1345.73,ABONO INTERESES,2023-07-07T12:51:00,false
754,656,,direct_debit,-69.75,813.19,RECIBO DOMICILIADO,2023-07-07T14:43:00,false
755,444,,direct_debit,-28.44,2127.77,RECIBO DOMICILIADO,2023-07-07T16:45:00,false
756,25,74,card_payment,-113.45,2730.99,COMPRA ELECTRO LOS ARCOS,2023-07-07T20:06:00,false
757,1073,134,card_payment,-5.58,2824.02,COMPRA BAR REAL,2023-07-08T12:09:00,false
758,838,,transfer_in,828.48,3810.31,TRANSFERENCIA RECIBIDA,2023-07-09T13:20:00,false
759,471,61,card_payment,-5.63,895.01,COMPRA PANADERÍA LA PLAZA,2023-07-09T14:29:00,false
760,512,85,card_payment,-10.60,2611.46,COMPRA ELECTRO CENTRAL,2023-07-09T19:12:00,false
761,16,77,card_payment,-12.95,2477.60,COMPRA BAR LA ESTRELLA,2023-07-10T08:03:00,false
762,70,118,card_payment,-5.48,1008.52,COMPRA TALLER EL FARO,2023-07-10T13:08:00,false
763,77,39,card_payment,-6.53,1328.61,COMPRA LA TIENDA DE REAL,2023-07-10T14:39:00,false
764,1094,148,card_payment,-22.30,1657.65,COMPRA PELUQUERÍA LA PLAZA,2023-07-10T18:03:00,false
765,931,,interest,2.15,4107.14,ABONO INTERESES,2023-07-11T11:26:00,false
766,66,,transfer_out,-449.83,1441.73,TRANSFERENCIA EMITIDA,2023-07-11T17:04:00,false
767,678,,transfer_out,-173.48,1383.59,TRANSFERENCIA EMITIDA,2023-07-11T20:00:00,false
768,995,54,card_payment,-14.12,2178.49,COMPRA ELECTRO DEL PUERTO,2023-07-12T10:23:00,false
769,152,,transfer_in,624.96,3516.22,TRANSFERENCIA RECIBIDA,2023-07-12T14:36:00,false
770,423,143,card_payment,-58.51,651.75,COMPRA PELUQUERÍA LOS ARCOS,2023-07-12T19:58:00,true
771,388,,atm_withdrawal,-40.00,1148.57,REINTEGRO CAJERO,2023-07-12T20:01:00,false
772,471,,fee,-4.50,890.51,COMISION MANTENIMIENTO,2023-07-12T21:56:00,false
773,858,,atm_withdrawal,-50.00,300.26,REINTEGRO CAJERO,2023-07-13T13:39:00,false
774,24,172,card_payment,-6.68,4982.10,COMPRA EL RINCÓN DE MODERNO,2023-07-13T21:50:00,false
775,728,134,card_payment,-13.75,1443.80,COMPRA BAR REAL,2023-07-14T09:10:00,false
776,909,82,card_payment,-15.88,255.39,COMPRA ELECTRO MODERNO,2023-07-14T09:26:00,false
777,437,54,card_payment,-30.27,3031.67,COMPRA ELECTRO DEL PUERTO,2023-07-14T13:00:00,false
778,636,,atm_withdrawal,-20.00,1916.18,REINTEGRO CAJERO,2023-07-14T13:44:00,false
779,474,64,card_payment,-33.79,5954.87,COMPRA LA TIENDA DE SAN MARCOS,2023-07-14T21:57:00,false
780,579,162,card_payment,-18.85,1084.24,COMPRA LIBRERÍA LA ESQUINA,2023-07-15T10:37:00,true
781,1,34,card_payment,-82.81,2712.00,COMPRA CAFETERÍA DEL SOL,2023-07-15T11:22:00,false
782,781,,fee,-3.00,1978.81,COMISION MANTENIMIENTO,2023-07-16T08:41:00,false
783,670,75,card_payment,-49.01,3141.35,COMPRA TALLER LA ESQUINA,2023-07-16T08:42:00,false
784,633,51,card_payment,-43.93,2744.02,COMPRA MUEBLES LOS ARCOS,2023-07-16T10:46:00,false
785,1031,118,card_payment,-9.31,2797.64,COMPRA TALLER EL FARO,2023-07-16T17:41:00,false
786,630,98,card_payment,-16.61,3052.85,COMPRA SUPERMERCADO EL FARO,2023-07-16T19:28:00,false
787,288,,transfer_out,-564.65,1290.16,TRANSFERENCIA EMITIDA,2023-07-16T20:24:00,false
788,549,167,card_payment,-30.55,684.48,COMPRA BAR NUEVO,2023-07-17T09:37:00,false
789,691,96,card_payment,-12.00,240.18,COMPRA LIBRERÍA BUENAVISTA,2023-07-18T12:31:00,false
790,617,87,card_payment,-20.32,2480.50,COMPRA LA TIENDA DE LA ESQUINA,2023-07-18T17:55:00,false
791,64,25,card_payment,-8.91,1900.38,COMPRA SUPERMERCADO LOS ARCOS,2023-07-19T14:50:00,false
792,227,60,card_payment,-42.10,4031.76,COMPRA FARMACIA EL FARO,2023-07-19T17:19:00,false
793,632,5,card_payment,-43.64,3121.16,COMPRA ELECTRO NUEVO,2023-07-19T19:42:00,false
794,754,66,card_payment,-16.94,3882.92,COMPRA ÓPTICA LA ESQUINA,2023-07-20T08:54:00,false
795,698,,fee,-3.00,2066.76,COMISION MANTENIMIENTO,2023-07-20T13:48:00,false
796,1047,,transfer_in,86.50,1634.74,TRANSFERENCIA RECIBIDA,2023-07-20T15:23:00,false
797,568,,transfer_out,-388.51,1943.66,TRANSFERENCIA EMITIDA,2023-07-20T17:28:00,false
798,817,,interest,3.33,3545.50,ABONO INTERESES,2023-07-20T19:01:00,false
799,288,132,card_payment,-54.58,1235.58,COMPRA CAFETERÍA LA ESTRELLA,2023-07-20T19:33:00,false
800,477,81,card_payment,-17.37,396.91,COMPRA CASA LOS ARCOS,2023-07-21T21:34:00,true
801,124,48,card_payment,-35.56,1872.69,COMPRA CAFETERÍA DEL CARMEN,2023-07-22T09:48:00,false
802,544,151,card_payment,-13.82,3393.67,COMPRA FARMACIA MODERNO,2023-07-22T11:57:00,false
803,1049,,atm_withdrawal,-50.00,1643.20,REINTEGRO CAJERO,2023-07-22T19:09:00,false
804,570,,fee,-2.50,2867.93,COMISION MANTENIMIENTO,2023-07-23T09:48:00,false
805,1047,,atm_withdrawal,-50.00,1584.74,REINTEGRO CAJERO,2023-07-23T13:42:00,false
806,57,,transfer_out,-357.79,3237.53,TRANSFERENCIA EMITIDA,2023-07-23T21:57:00,false
807,223,,transfer_in,577.15,1850.26,TRANSFERENCIA RECIBIDA,2023-07-24T09:34:00,false
808,284,,transfer_out,-260.21,1436.89,TRANSFERENCIA EMITIDA,2023-07-24T14:08:00,false
809,676,90,card_payment,-14.36,1974.14,COMPRA LA TIENDA DE LOS ARCOS,2023-07-24T16:10:00,false
810,137,56,card_payment,-13.31,3474.87,COMPRA BAR REAL,2023-07-24T17:20:00,false
811,166,56,card_payment,-11.76,3322.51,COMPRA BAR REAL,2023-07-24T17:42:00,false
812,886,116,card_payment,-57.34,3737.16,COMPRA ELECTRO MODERNO,2023-07-24T19:00:00,false
813,78,,transfer_out,-267.01,2785.66,TRANSFERENCIA EMITIDA,2023-07-24T20:12:00,false
814,217,,salary,2635.70,4167.07,NOMINA,2023-07-25T11:45:00,false
815,237,,atm_withdrawal,-20.00,3788.58,REINTEGRO CAJERO,2023-07-25T12:55:00,false
816,580,143,card_payment,-18.97,1900.90,COMPRA PELUQUERÍA LOS ARCOS,2023-07-25T13:18:00,true
817,875,,salary,1447.50,3840.70,NOMINA,2023-07-25T14:47:00,false
818,477,23,card_payment,-0.66,396.25,COMPRA CAFETERÍA GRAN VÍA,2023-07-25T16:13:00,false
819,1074,,transfer_out,-516.46,2082.42,TRANSFERENCIA EMITIDA,2023-07-25T17:20:00,false
820,107,146,card_payment,-8.81,3184.64,COMPRA PELUQUERÍA REAL,2023-07-26T09:13:00,false
821,311,,salary,925.82,1718.12,NOMINA,2023-07-26T10:41:00,false
822,939,,salary,2145.10,3400.20,NOMINA,2023-07-26T10:48:00,false
823,205,77,card_payment,-0.84,619.99,COMPRA BAR LA ESTRELLA,2023-07-26T13:28:00,false
824,857,25,card_payment,-2.41,3109.62,COMPRA SUPERMERCADO LOS ARCOS,2023-07-26T20:57:00,false
825,281,4,card_payment,-177.65,1848.18,COMPRA LIBRERÍA LOS ARCOS,2023-07-27T09:44:00,false
826,499,,transfer_out,-102.16,951.16,TRANSFERENCIA EMITIDA,2023-07-27T10:49:00,false
827,1,,salary,2126.12,4838.12,NOMINA,2023-07-27T11:55:00,false
828,53,,salary,1263.78,4723.12,NOMINA,2023-07-27T13:20:00,false
829,650,,salary,1799.48,4973.78,NOMINA,2023-07-27T13:41:00,false
830,69,39,card_payment,-35.78,580.07,COMPRA LA TIENDA DE REAL,2023-07-27T14:12:00,false
831,1062,,salary,1877.19,4168.64,NOMINA,2023-07-27T16:25:00,false
832,985,,fee,-4.50,3599.77,COMISION MANTENIMIENTO,2023-07-27T17:19:00,false
833,426,,salary,1199.64,1620.16,NOMINA,2023-07-27T19:33:00,false
834,1089,31,card_payment,-2.24,3213.20,COMPRA MUEBLES LA PLAZA,2023-07-28T13:19:00,false
835,651,1,card_payment,-33.88,-507.51,COMPRA ELECTRO BUENAVISTA,2023-07-28T13:33:00,true
836,911,,atm_withdrawal,-40.00,1959.60,REINTEGRO CAJERO,2023-07-29T09:18:00,false
837,805,,fee,-4.50,3154.16,COMISION MANTENIMIENTO,2023-07-29T16:05:00,false
838,886,166,card_payment,-24.73,3712.43,COMPRA LA TIENDA DE BUENAVISTA,2023-07-29T18:22:00,true
839,200,,fee,-2.50,1978.41,COMISION MANTENIMIENTO,2023-07-30T08:13:00,false
840,239,,transfer_out,-387.58,691.26,TRANSFERENCIA EMITIDA,2023-07-30T14:05:00,false
841,601,177,card_payment,-11.31,769.15,COMPRA BAR MODERNO,2023-07-30T14:20:00,true
842,950,70,card_payment,-13.19,1325.72,COMPRA EL RINCÓN DE LA ESTRELLA,2023-07-30T14:31:00,false
843,410,,transfer_in,1349.75,1398.72,TRANSFERENCIA RECIBIDA,2023-07-30T19:59:00,false
844,146,,transfer_out,-95.48,1646.78,TRANSFERENCIA EMITIDA,2023-07-31T09:45:00,false
845,492,88,card_payment,-2.42,1004.21,COMPRA TALLER SAN MARCOS,2023-07-31T12:07:00,false
846,339,150,card_payment,-23.72,2629.72,COMPRA PANADERÍA LA PLAZA,2023-08-01T11:02:00,false
847,345,144,card_payment,-26.34,462.75,COMPRA LIBRERÍA REAL,2023-08-01T11:39:00,true
848,545,,direct_debit,-16.31,3401.64,RECIBO DOMICILIADO,2023-08-01T13:19:00,false
849,1030,,direct_debit,-80.61,1375.54,RECIBO DOMICILIADO,2023-08-01T14:04:00,false
850,924,128,card_payment,-39.72,2315.95,COMPRA LA TIENDA DE DEL PUERTO,2023-08-01T14:29:00,false
851,56,,direct_debit,-45.21,1404.49,RECIBO DOMICILIADO,2023-08-01T18:04:00,false
852,39,,atm_withdrawal,-20.00,3056.63,REINTEGRO CAJERO,2023-08-01T18:12:00,false
853,150,20,card_payment,-13.11,1128.21,COMPRA LA TIENDA DE BUENAVISTA,2023-08-02T10:57:00,false
854,499,,direct_debit,-28.13,923.03,RECIBO DOMICILIADO,2023-08-02T14:46:00,false
855,52,,direct_debit,-53.33,5132.97,RECIBO DOMICILIADO,2023-08-02T18:31:00,false
856,195,,atm_withdrawal,-100.00,1853.73,REINTEGRO CAJERO,2023-08-02T20:04:00,false
857,666,,direct_debit,-64.21,1696.35,RECIBO DOMICILIADO,2023-08-03T13:51:00,false
858,267,79,card_payment,-5.49,4284.58,COMPRA CASA CENTRAL,2023-08-03T14:22:00,false
859,711,,direct_debit,-14.24,1824.07,RECIBO DOMICILIADO,2023-08-03T15:45:00,false
860,302,83,card_payment,-39.67,2653.80,COMPRA PELUQUERÍA LOS ARCOS,2023-08-03T19:06:00,false
861,1047,117,card_payment,-258.23,1326.51,COMPRA SUPERMERCADO REAL,2023-08-03T19:08:00,false
862,880,,direct_debit,-53.42,407.73,RECIBO DOMICILIADO,2023-08-03T19:49:00,false
863,630,,transfer_in,272.87,3325.72,TRANSFERENCIA RECIBIDA,2023-08-04T13:54:00,false
864,729,112,card_payment,-17.64,4675.33,COMPRA CAFETERÍA DEL PUERTO,2023-08-04T16:19:00,false
865,847,,direct_debit,-29.31,4938.97,RECIBO DOMICILIADO,2023-08-04T16:31:00,false
866,67,,transfer_in,685.97,1139.61,TRANSFERENCIA RECIBIDA,2023-08-04T16:53:00,false
867,186,161,card_payment,-36.24,2342.62,COMPRA ELECTRO BUENAVISTA,2023-08-04T19:59:00,false
868,410,,direct_debit,-41.86,1356.86,RECIBO DOMICILIADO,2023-08-05T09:26:00,false
869,494,,direct_debit,-34.29,1946.75,RECIBO DOMICILIADO,2023-08-05T13:01:00,false
870,1009,53,card_payment,-26.91,442.71,COMPRA LIBRERÍA DEL CARMEN,2023-08-05T14:12:00,true
871,85,,direct_debit,-50.67,576.50,RECIBO DOMICILIADO,2023-08-05T14:13:00,false
872,64,,direct_debit,-21.94,1878.44,RECIBO DOMICILIADO,2023-08-05T18:44:00,false
873,1078,,direct_debit,-23.53,1200.06,RECIBO DOMICILIADO,2023-08-06T09:16:00,false
874,579,116,card_payment,-4.74,1079.50,COMPRA ELECTRO MODERNO,2023-08-06T13:50:00,false
875,377,,direct_debit,-38.79,279.01,RECIBO DOMICILIADO,2023-08-06T17:13:00,false
876,1074,,atm_withdrawal,-200.00,1882.42,REINTEGRO CAJERO,2023-08-06T18:20:00,false
877,999,,interest,2.80,1475.45,ABONO INTERESES,2023-08-06T19:12:00,false
878,1019,68,card_payment,-38.11,2620.92,COMPRA EL RINCÓN DE GRAN VÍA,2023-08-06T21:03:00,false
879,1020,,transfer_out,-291.04,3448.38,TRANSFERENCIA EMITIDA,2023-08-07T10:42:00,false
880,1089,20,card_payment,-24.26,3188.94,COMPRA LA TIENDA DE BUENAVISTA,2023-08-07T14:23:00,false
881,765,,direct_debit,-33.30,3176.55,RECIBO DOMICILIADO,2023-08-07T15:01:00,false
882,592,,direct_debit,-14.74,806.39,RECIBO DOMICILIADO,2023-08-07T18:30:00,false
883,309,,atm_withdrawal,-200.00,1484.71,REINTEGRO CAJERO,2023-08-07T21:06:00,false
884,214,51,card_payment,-11.45,2765.25,COMPRA MUEBLES LOS ARCOS,2023-08-08T17:18:00,false
885,76,87,card_payment,-43.00,1332.51,COMPRA LA TIENDA DE LA ESQUINA,2023-08-09T12:52:00,false
886,960,90,card_payment,-27.49,595.13,COMPRA LA TIENDA DE LOS ARCOS,2023-08-09T15:49:00,false
887,964,1,card_payment,-19.82,427.95,COMPRA ELECTRO BUENAVISTA,2023-08-09T18:02:00,true
888,132,164,card_payment,-22.69,1407.85,COMPRA LIBRERÍA REAL,2023-08-10T13:56:00,false
889,476,,transfer_out,-20.78,2568.68,TRANSFERENCIA EMITIDA,2023-08-11T13:38:00,false
890,934,,fee,-12.00,3065.51,COMISION MANTENIMIENTO,2023-08-11T16:27:00,false
891,810,140,card_payment,-35.03,2309.86,COMPRA CASA DEL PUERTO,2023-08-11T18:45:00,false
892,847,,fee,-12.00,4926.97,COMISION MANTENIMIENTO,2023-08-12T13:28:00,false
893,807,,transfer_in,96.68,468.70,TRANSFERENCIA RECIBIDA,2023-08-12T16:47:00,false
894,513,29,card_payment,-10.70,4175.97,COMPRA CASA NUEVO,2023-08-13T10:19:00,false
895,868,,transfer_out,-71.35,855.41,TRANSFERENCIA EMITIDA,2023-08-13T12:03:00,false
896,743,21,card_payment,-11.50,3950.09,COMPRA RESTAURANTE MODERNO,2023-08-13T12:51:00,false
897,429,17,card_payment,-63.14,1624.79,COMPRA CASA REAL,2023-08-13T19:12:00,false
898,518,1,card_payment,-40.70,1372.01,COMPRA ELECTRO BUENAVISTA,2023-08-14T12:05:00,true
899,669,93,card_payment,-73.37,943.64,COMPRA ELECTRO LOS ARCOS,2023-08-14T13:44:00,false
900,375,82,card_payment,-11.53,4063.08,COMPRA ELECTRO MODERNO,2023-08-14T17:35:00,false
901,1019,,transfer_out,-740.31,1880.61,TRANSFERENCIA EMITIDA,2023-08-14T18:16:00,false
902,344,140,card_payment,-60.38,914.35,COMPRA CASA DEL PUERTO,2023-08-14T18:39:00,false
903,278,15,card_payment,-48.50,4321.54,COMPRA ELECTRO LOS ARCOS,2023-08-15T08:17:00,false
904,193,170,card_payment,-9.70,1482.83,COMPRA BAR MODERNO,2023-08-16T13:04:00,false
905,686,35,card_payment,-4.72,4359.75,COMPRA CAFETERÍA REAL,2023-08-16T16:13:00,false
906,473,162,card_payment,-40.44,3613.50,COMPRA LIBRERÍA LA ESQUINA,2023-08-16T18:11:00,true
907,791,53,card_payment,-19.61,2373.81,COMPRA LIBRERÍA DEL CARMEN,2023-08-16T19:43:00,true
908,40,,transfer_out,-292.05,350.65,TRANSFERENCIA EMITIDA,2023-08-17T08:35:00,false
909,64,121,card_payment,-25.32,1853.12,COMPRA MUEBLES LA ESTRELLA,2023-08-17T08:48:00,false
910,643,71,card_payment,-8.53,3559.50,COMPRA ÓPTICA NUEVO,2023-08-17T09:19:00,false
911,585,14,card_payment,-17.29,3135.99,COMPRA ÓPTICA MODERNO,2023-08-17T17:39:00,true
912,325,30,card_payment,-48.58,2086.02,COMPRA LA TIENDA DE BUENAVISTA,2023-08-17T18:20:00,false
913,535,,atm_withdrawal,-40.00,23.38,REINTEGRO CAJERO,2023-08-17T19:42:00,false
914,446,144,card_payment,-18.84,4291.60,COMPRA LIBRERÍA REAL,2023-08-18T14:35:00,true
915,281,,transfer_in,1417.10,3265.28,TRANSFERENCIA RECIBIDA,2023-08-18T15:20:00,false
916,931,54,card_payment,-136.73,3970.41,COMPRA ELECTRO DEL PUERTO,2023-08-18T16:19:00,false
917,427,145,card_payment,-18.23,2295.95,COMPRA LIBRERÍA DEL SOL,2023-08-19T11:07:00,false
918,256,62,card_payment,-27.96,3654.28,COMPRA PELUQUERÍA DEL PUERTO,2023-08-19T11:10:00,false
919,742,,transfer_out,-365.70,3582.80,TRANSFERENCIA EMITIDA,2023-08-19T20:34:00,false
920,526,59,card_payment,-31.31,2866.93,COMPRA LA TIENDA DE LA ESTRELLA,2023-08-20T12:54:00,false
921,526,,transfer_out,-296.70,2570.23,TRANSFERENCIA EMITIDA,2023-08-20T13:33:00,false
922,544,36,card_payment,-8.69,3384.98,COMPRA PELUQUERÍA GRAN VÍA,2023-08-20T17:04:00,false
923,608,,transfer_out,-527.17,4090.50,TRANSFERENCIA EMITIDA,2023-08-20T18:20:00,false
924,237,11,card_payment,-22.53,3766.05,COMPRA LA TIENDA DE MODERNO,2023-08-20T18:30:00,false
925,909,20,card_payment,-24.62,230.77,COMPRA LA TIENDA DE BUENAVISTA,2023-08-20T19:49:00,false
926,829,,atm_withdrawal,-150.00,2013.57,REINTEGRO CAJERO,2023-08-21T11:30:00,false
927,1071,73,card_payment,-18.01,3228.76,COMPRA MUEBLES MODERNO,2023-08-21T16:37:00,false
928,668,78,card_payment,-25.65,122.42,COMPRA LA TIENDA DE EL FARO,2023-08-21T18:26:00,false
929,325,169,card_payment,-20.99,2065.03,COMPRA CAFETERÍA SAN MARCOS,2023-08-22T17:38:00,false
930,328,107,card_payment,-14.76,706.01,COMPRA PELUQUERÍA SAN MARCOS,2023-08-22T18:33:00,false
931,60,,transfer_out,-923.45,1556.43,TRANSFERENCIA EMITIDA,2023-08-23T10:47:00,false
932,136,87,card_payment,-6.99,1119.93,COMPRA LA TIENDA DE LA ESQUINA,2023-08-23T12:02:00,false
933,653,158,card_payment,-35.96,-364.43,COMPRA CASA EL FARO,2023-08-24T11:14:00,false
934,804,,transfer_out,-329.59,1636.61,TRANSFERENCIA EMITIDA,2023-08-24T12:10:00,false
935,829,101,card_payment,-71.04,1942.53,COMPRA ÓPTICA BUENAVISTA,2023-08-24T19:06:00,false
936,849,64,card_payment,-2.47,3164.36,COMPRA LA TIENDA DE SAN MARCOS,2023-08-25T08:58:00,false
937,945,,salary,2142.11,4033.22,NOMINA,2023-08-25T09:11:00,false
938,982,112,card_payment,-2.81,1355.70,COMPRA CAFETERÍA DEL PUERTO,2023-08-25T09:47:00,false
939,937,,transfer_out,-939.27,3137.21,TRANSFERENCIA EMITIDA,2023-08-25T10:14:00,false
940,458,,fee,-2.50,1641.13,COMISION MANTENIMIENTO,2023-08-25T10:35:00,false
941,456,117,card_payment,-9.52,2668.65,COMPRA SUPERMERCADO REAL,2023-08-25T12:27:00,false
942,1022,145,card_payment,-2.33,1923.60,COMPRA LIBRERÍA DEL SOL,2023-08-25T13:39:00,false
943,609,,salary,1527.32,3270.63,NOMINA,2023-08-25T13:57:00,false
944,909,,salary,1546.75,1777.52,NOMINA,2023-08-25T19:00:00,false
945,552,,salary,2491.32,5003.31,NOMINA,2023-08-26T10:29:00,false
946,454,104,card_payment,-68.72,1733.74,COMPRA BAR NUEVO,2023-08-26T15:22:00,false
947,267,123,card_payment,-32.81,4251.77,COMPRA LIBRERÍA LOS ARCOS,2023-08-26T16:53:00,false
948,819,,salary,1426.24,2766.25,NOMINA,2023-08-26T19:40:00,false
949,892,,salary,1831.47,5488.50,NOMINA,2023-08-26T20:09:00,false
950,289,,transfer_out,-226.86,2996.85,TRANSFERENCIA EMITIDA,2023-08-27T10:01:00,false
951,426,57,card_payment,-31.45,1588.71,COMPRA ÓPTICA EL FARO,2023-08-27T13:13:00,false
952,233,,salary,2912.28,4238.27,NOMINA,2023-08-27T14:58:00,false
953,449,14,card_payment,-4.56,3347.58,COMPRA ÓPTICA MODERNO,2023-08-27T16:13:00,true
954,418,,atm_withdrawal,-40.00,3633.13,REINTEGRO CAJERO,2023-08-27T16:38:00,false
955,857,,atm_withdrawal,-40.00,3069.62,REINTEGRO CAJERO,2023-08-27T19:00:00,false
956,30,47,card_payment,-62.85,4132.18,COMPRA BAR NUEVO,2023-08-28T09:16:00,false
957,926,60,card_payment,-18.53,5127.93,COMPRA FARMACIA EL FARO,2023-08-28T11:25:00,false
958,927,,salary,2489.08,2924.09,NOMINA,2023-08-28T11:59:00,false
959,259,,fee,-12.00,145.34,COMISION MANTENIMIENTO,2023-08-28T16:20:00,false
960,932,10,card_payment,-15.16,625.99,COMPRA PANADERÍA LA ESTRELLA,2023-08-29T09:39:00,false
961,53,92,card_payment,-9.27,4713.85,COMPRA CAFETERÍA EL FARO,2023-08-30T12:17:00,false
962,86,,atm_withdrawal,-150.00,2830.01,REINTEGRO CAJERO,2023-08-30T18:42:00,false
963,660,,transfer_in,341.38,465.25,TRANSFERENCIA RECIBIDA,2023-08-31T11:49:00,false
964,844,55,card_payment,-17.14,2307.03,COMPRA CAFETERÍA REAL,2023-08-31T13:45:00,false
965,855,,interest,0.90,3814.89,ABONO INTERESES,2023-09-01T10:48:00,false
966,449,,direct_debit,-44.37,3303.21,RECIBO DOMICILIADO,2023-09-01T12:04:00,false
967,612,,direct_debit,-25.61,1993.28,RECIBO DOMICILIADO,2023-09-01T15:49:00,false
968,286,,direct_debit,-16.47,825.92,RECIBO DOMICILIADO,2023-09-01T18:38:00,false
969,811,,direct_debit,-24.91,566.45,RECIBO DOMICILIADO,2023-09-01T20:33:00,false
970,684,60,card_payment,-95.91,2621.60,COMPRA FARMACIA EL FARO,2023-09-02T09:47:00,false
971,731,76,card_payment,-32.02,811.02,COMPRA LIBRERÍA SAN MARCOS,2023-09-02T13:28:00,false
972,927,115,card_payment,-3.34,2920.75,COMPRA FARMACIA DEL PUERTO,2023-09-02T18:05:00,false
973,594,,direct_debit,-29.73,2541.34,RECIBO DOMICILIADO,2023-09-03T09:21:00,false
974,181,21,card_payment,-10.55,2089.08,COMPRA RESTAURANTE MODERNO,2023-09-03T09:32:00,false
975,995,,direct_debit,-97.21,2081.28,RECIBO DOMICILIADO,2023-09-03T10:01:00,false
976,777,,atm_withdrawal,-200.00,3179.59,REINTEGRO CAJERO,2023-09-03T10:09:00,false
977,187,,direct_debit,-38.36,3489.43,RECIBO DOMICILIADO,2023-09-03T11:08:00,false
978,564,,transfer_out,-242.45,878.84,TRANSFERENCIA EMITIDA,2023-09-03T11:21:00,false
979,174,,direct_debit,-16.07,175.03,RECIBO DOMICILIADO,2023-09-03T11:32:00,false
980,86,179,card_payment,-25.72,2804.29,COMPRA CAFETERÍA REAL,2023-09-03T13:12:00,true
981,381,118,card_payment,-14.68,2468.16,COMPRA TALLER EL FARO,2023-09-03T15:29:00,false
982,222,,fee,-2.50,3460.86,COMISION MANTENIMIENTO,2023-09-03T15:51:00,false
983,86,,direct_debit,-49.70,2754.59,RECIBO DOMICILIADO,2023-09-03T18:45:00,false
984,361,48,card_payment,-16.48,3900.79,COMPRA CAFETERÍA DEL CARMEN,2023-09-03T20:43:00,false
985,843,,direct_debit,-16.00,3021.41,RECIBO DOMICILIADO,2023-09-04T09:43:00,false
986,275,24,card_payment,-36.68,3597.51,COMPRA ELECTRO DEL PUERTO,2023-09-04T13:09:00,false
987,257,,direct_debit,-60.89,-283.59,RECIBO DOMICILIADO,2023-09-04T14:15:00,false
988,777,,direct_debit,-33.53,3146.06,RECIBO DOMICILIADO,2023-09-04T14:42:00,false
989,1094,,direct_debit,-25.87,1631.78,RECIBO DOMICILIADO,2023-09-04T16:13:00,false
990,797,,direct_debit,-48.76,1238.09,RECIBO DOMICILIADO,2023-09-05T10:32:00,false
991,427,163,card_payment,-23.63,2272.32,COMPRA ELECTRO SAN MARCOS,2023-09-05T10:50:00,false
992,1042,,direct_debit,-14.87,2598.92,RECIBO DOMICILIADO,2023-09-05T12:09:00,false
993,257,,direct_debit,-44.76,-328.35,RECIBO DOMICILIADO,2023-09-05T12:46:00,false
994,892,,transfer_out,-23.48,5465.02,TRANSFERENCIA EMITIDA,2023-09-05T13:32:00,false
995,64,,direct_debit,-40.13,1812.99,RECIBO DOMICILIADO,2023-09-05T14:07:00,false
996,1100,,direct_debit,-74.60,1960.57,RECIBO DOMICILIADO,2023-09-05T15:26:00,false
997,995,,transfer_in,121.37,2202.65,TRANSFERENCIA RECIBIDA,2023-09-06T09:54:00,false
998,596,,direct_debit,-15.85,1323.61,RECIBO DOMICILIADO,2023-09-06T12:29:00,false
999,98,,atm_withdrawal,-150.00,1872.48,REINTEGRO CAJERO,2023-09-06T13:20:00,false
1000,127,,direct_debit,-44.86,1766.37,RECIBO DOMICILIADO,2023-09-06T13:39:00,false
1001,66,,direct_debit,-37.80,1403.93,RECIBO DOMICILIADO,2023-09-06T14:30:00,false
1002,744,31,card_payment,-3.01,3148.24,COMPRA MUEBLES LA PLAZA,2023-09-06T15:23:00,false
1003,237,,direct_debit,-26.88,3739.17,RECIBO DOMICILIADO,2023-09-06T18:09:00,false
1004,103,,direct_debit,-14.84,1605.90,RECIBO DOMICILIADO,2023-09-06T18:18:00,false
1005,216,,atm_withdrawal,-40.00,1049.51,REINTEGRO CAJERO,2023-09-07T08:53:00,false
1006,909,47,card_payment,-30.57,1746.95,COMPRA BAR NUEVO,2023-09-07T11:47:00,false
1007,671,99,card_payment,-23.97,419.27,COMPRA FARMACIA LA PLAZA,2023-09-07T13:57:00,true
1008,532,32,card_payment,-3.64,942.77,COMPRA CASA NUEVO,2023-09-07T18:06:00,true
1009,595,,direct_debit,-13.20,1051.25,RECIBO DOMICILIADO,2023-09-07T19:32:00,false
1010,17,,transfer_in,1060.20,2670.61,TRANSFERENCIA RECIBIDA,2023-09-08T13:43:00,false
1011,275,,transfer_out,-660.63,2936.88,TRANSFERENCIA EMITIDA,2023-09-08T14:53:00,false
1012,477,64,card_payment,-5.96,390.29,COMPRA LA TIENDA DE SAN MARCOS,2023-09-08T14:55:00,false
1013,847,12,card_payment,-6.09,4920.88,COMPRA MUEBLES LA ESQUINA,2023-09-08T14:56:00,false
1014,778,,atm_withdrawal,-20.00,2546.43,REINTEGRO CAJERO,2023-09-09T12:37:00,false
1015,1068,,atm_withdrawal,-200.00,1597.33,REINTEGRO CAJERO,2023-09-09T14:34:00,false
1016,511,96,card_payment,-38.83,54.83,COMPRA LIBRERÍA BUENAVISTA,2023-09-09T19:13:00,false
1017,195,151,card_payment,-12.90,1840.83,COMPRA FARMACIA MODERNO,2023-09-09T21:34:00,false
1018,544,141,card_payment,-5.49,3379.49,COMPRA LA TIENDA DE SAN MARCOS,2023-09-10T17:35:00,false
1019,253,65,card_payment,-50.46,3370.63,COMPRA LIBRERÍA EL FARO,2023-09-10T19:29:00,false
1020,145,,atm_withdrawal,-60.00,701.43,REINTEGRO CAJERO,2023-09-11T10:08:00,false
1021,56,9,card_payment,-3.66,1400.83,COMPRA PELUQUERÍA DEL PUERTO,2023-09-11T11:00:00,true
1022,923,89,card_payment,-8.15,2074.81,COMPRA RESTAURANTE DEL SOL,2023-09-11T13:03:00,false
1023,427,,interest,4.44,2276.76,ABONO INTERESES,2023-09-11T13:24:00,false
1024,16,,fee,-2.50,2475.10,COMISION MANTENIMIENTO,2023-09-11T17:17:00,false
1025,802,,transfer_out,-438.00,2720.34,TRANSFERENCIA EMITIDA,2023-09-11T19:24:00,false
1026,766,46,card_payment,-2.12,1158.33,COMPRA EL RINCÓN DE LA ESTRELLA,2023-09-12T10:20:00,false
1027,135,,transfer_in,98.16,2792.79,TRANSFERENCIA RECIBIDA,2023-09-13T10:11:00,false
1028,584,55,card_payment,-8.35,2596.99,COMPRA CAFETERÍA REAL,2023-09-13T12:22:00,false
1029,353,78,card_payment,-9.63,596.14,COMPRA LA TIENDA DE EL FARO,2023-09-13T14:42:00,false
1030,188,13,card_payment,-31.95,1313.78,COMPRA RESTAURANTE SAN MARCOS,2023-09-13T17:34:00,false
1031,515,,transfer_in,552.16,3677.29,TRANSFERENCIA RECIBIDA,2023-09-13T18:00:00,false
1032,760,149,card_payment,-23.89,4264.99,COMPRA PELUQUERÍA EL FARO,2023-09-13T19:45:00,false
1033,901,,fee,-4.50,2818.71,COMISION MANTENIMIENTO,2023-09-14T08:29:00,false
1034,14,,atm_withdrawal,-100.00,1054.27,REINTEGRO CAJERO,2023-09-14T09:05:00,false
1035,393,118,card_payment,-50.79,1970.09,COMPRA TALLER EL FARO,2023-09-14T21:14:00,false
1036,1031,88,card_payment,-26.06,2771.58,COMPRA TALLER SAN MARCOS,2023-09-15T10:26:00,false
1037,510,,interest,7.16,650.19,ABONO INTERESES,2023-09-15T14:47:00,false
1038,224,,atm_withdrawal,-40.00,1083.39,REINTEGRO CAJERO,2023-09-15T21:47:00,false
1039,453,92,card_payment,-23.47,4401.41,COMPRA CAFETERÍA EL FARO,2023-09-16T15:15:00,false
1040,525,,fee,-3.00,2587.87,COMISION MANTENIMIENTO,2023-09-17T11:43:00,false
1041,301,,transfer_out,-281.80,2897.08,TRANSFERENCIA EMITIDA,2023-09-17T13:20:00,false
1042,835,,transfer_in,391.48,3169.25,TRANSFERENCIA RECIBIDA,2023-09-17T13:27:00,false
1043,1024,,atm_withdrawal,-150.00,493.84,REINTEGRO CAJERO,2023-09-17T18:10:00,false
1044,955,9,card_payment,-30.17,3026.28,COMPRA PELUQUERÍA DEL PUERTO,2023-09-18T15:50:00,true
1045,157,,fee,-3.00,311.89,COMISION MANTENIMIENTO,2023-09-18T16:07:00,false
1046,218,,atm_withdrawal,-150.00,-567.86,REINTEGRO CAJERO,2023-09-18T17:08:00,false
1047,38,92,card_payment,-19.24,1498.40,COMPRA CAFETERÍA EL FARO,2023-09-18T17:11:00,false
1048,152,57,card_payment,-9.78,3506.44,COMPRA ÓPTICA EL FARO,2023-09-18T21:56:00,false
1049,176,,transfer_in,137.08,3649.87,TRANSFERENCIA RECIBIDA,2023-09-19T12:30:00,false
1050,603,,transfer_out,-374.55,3842.70,TRANSFERENCIA EMITIDA,2023-09-19T17:31:00,false
1051,94,,transfer_in,470.11,4700.76,TRANSFERENCIA RECIBIDA,2023-09-20T09:47:00,false
1052,387,13,card_payment,-4.20,1632.59,COMPRA RESTAURANTE SAN MARCOS,2023-09-20T10:34:00,false
1053,252,,transfer_out,-970.67,1388.85,TRANSFERENCIA EMITIDA,2023-09-20T14:00:00,false
1054,632,67,card_payment,-17.22,3103.94,COMPRA PELUQUERÍA BUENAVISTA,2023-09-20T17:45:00,false
1055,633,,transfer_in,1097.59,3841.61,TRANSFERENCIA RECIBIDA,2023-09-20T21:49:00,false
1056,953,82,card_payment,-42.73,569.73,COMPRA ELECTRO MODERNO,2023-09-21T11:52:00,false
1057,1045,,interest,0.26,1651.71,ABONO INTERESES,2023-09-21T12:05:00,false
1058,148,123,card_payment,-30.06,1507.58,COMPRA LIBRERÍA LOS ARCOS,2023-09-21T12:10:00,false
1059,992,,atm_withdrawal,-40.00,2520.65,REINTEGRO CAJERO,2023-09-21T13:19:00,false
1060,563,,atm_withdrawal,-150.00,1893.73,REINTEGRO CAJERO,2023-09-21T14:54:00,false
1061,583,,transfer_in,264.88,4530.73,TRANSFERENCIA RECIBIDA,2023-09-21T18:59:00,false
1062,418,,interest,0.31,3633.44,ABONO INTERESES,2023-09-22T14:17:00,false
1063,547,122,card_payment,-31.42,1731.70,COMPRA CASA NUEVO,2023-09-23T11:01:00,false
1064,351,111,card_payment,-86.26,1500.97,COMPRA EL RINCÓN DE EL FARO,2023-09-24T10:27:00,false
1065,820,,atm_withdrawal,-200.00,878.14,REINTEGRO CAJERO,2023-09-24T11:13:00,false
1066,617,,transfer_out,-105.41,2375.09,TRANSFERENCIA EMITIDA,2023-09-24T11:47:00,false
1067,739,25,card_payment,-93.92,152.92,COMPRA SUPERMERCADO LOS ARCOS,2023-09-24T14:13:00,false
1068,797,135,card_payment,-15.80,1222.29,COMPRA SUPERMERCADO GRAN VÍA,2023-09-24T18:11:00,false
1069,891,8,card_payment,-24.43,2757.65,COMPRA SUPERMERCADO MODERNO,2023-09-24T19:49:00,false
1070,302,122,card_payment,-8.00,2645.80,COMPRA CASA NUEVO,2023-09-24T20:39:00,false
1071,145,126,card_payment,-20.91,680.52,COMPRA MUEBLES LA PLAZA,2023-09-24T21:04:00,false
1072,328,,salary,1523.73,2229.74,NOMINA,2023-09-25T12:16:00,false
1073,500,,salary,1723.66,4335.76,NOMINA,2023-09-25T12:34:00,false
1074,89,,transfer_out,-80.61,1581.67,TRANSFERENCIA EMITIDA,2023-09-25T13:20:00,false
1075,568,79,card_payment,-47.89,1895.77,COMPRA CASA CENTRAL,2023-09-25T13:37:00,false
1076,149,62,card_payment,-6.29,2316.70,COMPRA PELUQUERÍA DEL PUERTO,2023-09-25T17:35:00,false
1077,351,142,card_payment,-1.19,1499.78,COMPRA MUEBLES EL FARO,2023-09-26T10:01:00,false
1078,179,132,card_payment,-15.64,1856.72,COMPRA CAFETERÍA LA ESTRELLA,2023-09-26T13:31:00,false
1079,267,,transfer_in,683.75,4935.52,TRANSFERENCIA RECIBIDA,2023-09-26T15:24:00,false
1080,696,49,card_payment,-90.35,3315.04,COMPRA LA TIENDA DE LOS ARCOS,2023-09-26T16:15:00,false
1081,845,77,card_payment,-11.55,4341.24,COMPRA BAR LA ESTRELLA,2023-09-27T10:29:00,false
1082,988,39,card_payment,-10.17,767.96,COMPRA LA TIENDA DE REAL,2023-09-27T11:36:00,false
1083,563,,transfer_out,-450.90,1442.83,TRANSFERENCIA EMITIDA,2023-09-27T13:09:00,false
1084,534,,transfer_in,1049.32,3972.36,TRANSFERENCIA RECIBIDA,2023-09-27T20:16:00,false
1085,263,,salary,1298.02,4758.27,NOMINA,2023-09-27T20:52:00,false
1086,406,,salary,2424.85,2586.00,NOMINA,2023-09-28T10:38:00,false
1087,136,107,card_payment,-3.16,1116.77,COMPRA PELUQUERÍA SAN MARCOS,2023-09-29T11:51:00,false
1088,466,124,card_payment,-11.61,1303.18,COMPRA ELECTRO EL FARO,2023-09-29T12:50:00,false
1089,769,167,card_payment,-4.43,781.13,COMPRA BAR NUEVO,2023-09-29T13:22:00,false
1090,342,147,card_payment,-21.76,862.67,COMPRA TALLER SAN MARCOS,2023-09-29T21:24:00,false
1091,875,,atm_withdrawal,-60.00,3780.70,REINTEGRO CAJERO,2023-09-30T10:40:00,false
1092,95,36,card_payment,-70.09,3641.57,COMPRA PELUQUERÍA GRAN VÍA,2023-09-30T15:53:00,false
1093,86,77,card_payment,-22.09,2732.50,COMPRA BAR LA ESTRELLA,2023-09-30T19:45:00,false
1094,53,,transfer_out,-21.02,4692.83,TRANSFERENCIA EMITIDA,2023-09-30T20:31:00,false
1095,466,,direct_debit,-23.94,1279.24,RECIBO DOMICILIADO,2023-10-01T11:26:00,false
1096,431,22,card_payment,-17.73,1214.26,COMPRA PELUQUERÍA DEL CARMEN,2023-10-01T12:56:00,false
1097,246,,atm_withdrawal,-100.00,1609.40,REINTEGRO CAJERO,2023-10-01T14:13:00,false
1098,556,,direct_debit,-84.34,2216.42,RECIBO DOMICILIADO,2023-10-01T15:55:00,false
1099,592,,direct_debit,-21.57,784.82,RECIBO DOMICILIADO,2023-10-01T16:08:00,false
1100,500,,interest,2.70,4338.46,ABONO INTERESES,2023-10-01T16:27:00,false
1101,258,,fee,-12.00,2061.62,COMISION MANTENIMIENTO,2023-10-01T17:00:00,false
1102,885,,transfer_in,720.41,3764.12,TRANSFERENCIA RECIBIDA,2023-10-02T12:05:00,false
1103,480,,direct_debit,-12.19,1614.22,RECIBO DOMICILIADO,2023-10-02T20:59:00,false
1104,960,,direct_debit,-9.85,585.28,RECIBO DOMICILIADO,2023-10-02T21:46:00,false
1105,101,,direct_debit,-15.54,3905.97,RECIBO DOMICILIADO,2023-10-03T09:15:00,false
1106,268,,direct_debit,-12.30,1918.45,RECIBO DOMICILIADO,2023-10-03T11:16:00,false
1107,211,107,card_payment,-21.06,2912.96,COMPRA PELUQUERÍA SAN MARCOS,2023-10-03T11:22:00,false
1108,5,60,card_payment,-4.37,1566.30,COMPRA FARMACIA EL FARO,2023-10-03T12:02:00,false
1109,259,83,card_payment,-19.06,126.28,COMPRA PELUQUERÍA LOS ARCOS,2023-10-03T13:18:00,false
1110,810,,direct_debit,-30.82,2279.04,RECIBO DOMICILIADO,2023-10-03T13:46:00,false
1111,973,,direct_debit,-22.15,1147.91,RECIBO DOMICILIADO,2023-10-03T14:57:00,false
1112,516,30,card_payment,-9.87,698.06,COMPRA LA TIENDA DE BUENAVISTA,2023-10-03T15:01:00,false
1113,278,,direct_debit,-27.87,4293.67,RECIBO DOMICILIADO,2023-10-03T17:15:00,false
1114,899,171,card_payment,-15.61,3579.45,COMPRA FARMACIA LA ESTRELLA,2023-10-03T21:08:00,false
1115,807,,direct_debit,-10.37,458.33,RECIBO DOMICILIADO,2023-10-03T21:19:00,false
1116,190,,direct_debit,-42.06,2201.29,RECIBO DOMICILIADO,2023-10-04T10:24:00,false
1117,211,37,card_payment,-7.03,2905.93,COMPRA BAR DEL SOL,2023-10-04T11:09:00,false
1118,625,46,card_payment,-6.05,1879.81,COMPRA EL RINCÓN DE LA ESTRELLA,2023-10-04T13:22:00,false
1119,641,150,card_payment,-30.70,1270.58,COMPRA PANADERÍA LA PLAZA,2023-10-04T13:39:00,false
1120,909,,direct_debit,-12.48,1734.47,RECIBO DOMICILIADO,2023-10-04T13:57:00,false
1121,650,13,card_payment,-26.25,4947.53,COMPRA RESTAURANTE SAN MARCOS,2023-10-04T15:40:00,false
1122,485,90,card_payment,-15.90,2652.88,COMPRA LA TIENDA DE LOS ARCOS,2023-10-04T19:18:00,false
1123,145,,direct_debit,-32.45,648.07,RECIBO DOMICILIADO,2023-10-04T21:11:00,false
1124,696,,transfer_in,606.63,3921.67,TRANSFERENCIA RECIBIDA,2023-10-05T09:46:00,false
1125,138,,direct_debit,-36.45,1281.91,RECIBO DOMICILIADO,2023-10-05T09:51:00,false
1126,69,6,card_payment,-38.93,541.14,COMPRA EL RINCÓN DE SAN MARCOS,2023-10-05T12:07:00,false
1127,219,,atm_withdrawal,-100.00,2153.38,REINTEGRO CAJERO,2023-10-05T16:50:00,false
1128,728,,direct_debit,-8.94,1434.86,RECIBO DOMICILIADO,2023-10-05T18:48:00,false
1129,539,14,card_payment,-96.72,361.24,COMPRA ÓPTICA MODERNO,2023-10-05T21:50:00,true
1130,9,,fee,-4.50,134.35,COMISION MANTENIMIENTO,2023-10-06T10:40:00,false
1131,110,59,card_payment,-18.41,2686.88,COMPRA LA TIENDA DE LA ESTRELLA,2023-10-06T10:40:00,false
1132,883,,direct_debit,-41.18,494.10,RECIBO DOMICILIADO,2023-10-06T11:03:00,false
1133,238,,transfer_in,987.47,2444.41,TRANSFERENCIA RECIBIDA,2023-10-06T12:55:00,false
1134,1028,,direct_debit,-44.15,1056.96,RECIBO DOMICILIADO,2023-10-06T13:29:00,false
1135,633,,direct_debit,-17.37,3824.24,RECIBO DOMICILIADO,2023-10-06T14:31:00,false
1136,708,,direct_debit,-39.88,2538.08,RECIBO DOMICILIADO,2023-10-06T16:10:00,false
1137,439,,atm_withdrawal,-50.00,653.21,REINTEGRO CAJERO,2023-10-06T16:18:00,false
1138,987,,transfer_out,-208.01,2267.02,TRANSFERENCIA EMITIDA,2023-10-06T17:16:00,false
1139,722,,atm_withdrawal,-20.00,1876.76,REINTEGRO CAJERO,2023-10-06T17:49:00,false
1140,105,,direct_debit,-37.55,2838.26,RECIBO DOMICILIADO,2023-10-06T18:35:00,false
1141,33,145,card_payment,-24.28,157.92,COMPRA LIBRERÍA DEL SOL,2023-10-06T19:26:00,false
1142,1001,108,card_payment,-21.27,1524.55,COMPRA TALLER LA ESTRELLA,2023-10-07T08:28:00,true
1143,237,72,card_payment,-47.72,3691.45,COMPRA ÓPTICA LA PLAZA,2023-10-07T12:24:00,false
1144,893,64,card_payment,-14.95,2577.02,COMPRA LA TIENDA DE SAN MARCOS,2023-10-07T13:16:00,false
1145,332,,direct_debit,-32.87,879.09,RECIBO DOMICILIADO,2023-10-07T14:36:00,false
1146,1087,36,card_payment,-18.74,2750.65,COMPRA PELUQUERÍA GRAN VÍA,2023-10-07T17:58:00,false
1147,148,,direct_debit,-49.58,1458.00,RECIBO DOMICILIADO,2023-10-07T18:11:00,false
1148,66,62,card_payment,-20.16,1383.77,COMPRA PELUQUERÍA DEL PUERTO,2023-10-08T12:12:00,false
1149,723,,transfer_out,-322.33,895.99,TRANSFERENCIA EMITIDA,2023-10-08T14:35:00,false
1150,581,62,card_payment,-10.27,1411.61,COMPRA PELUQUERÍA DEL PUERTO,2023-10-09T08:53:00,false
1151,258,,fee,-12.00,2049.62,COMISION MANTENIMIENTO,2023-10-09T12:53:00,false
1152,532,101,card_payment,-9.73,933.04,COMPRA ÓPTICA BUENAVISTA,2023-10-10T10:48:00,false
1153,1063,,transfer_out,-541.46,2107.09,TRANSFERENCIA EMITIDA,2023-10-10T12:29:00,false
1154,403,55,card_payment,-9.64,1051.88,COMPRA CAFETERÍA REAL,2023-10-11T11:54:00,false
1155,650,51,card_payment,-46.77,4900.76,COMPRA MUEBLES LOS ARCOS,2023-10-11T12:36:00,false
1156,54,117,card_payment,-9.70,2294.37,COMPRA SUPERMERCADO REAL,2023-10-11T16:02:00,false
1157,564,41,card_payment,-42.20,836.64,COMPRA SUPERMERCADO EL FARO,2023-10-12T10:47:00,false
1158,875,123,card_payment,-14.08,3766.62,COMPRA LIBRERÍA LOS ARCOS,2023-10-12T13:18:00,false
1159,152,180,card_payment,-6.37,3500.07,COMPRA CAFETERÍA DEL CARMEN,2023-10-12T15:34:00,false
1160,377,12,card_payment,-60.82,218.19,COMPRA MUEBLES LA ESQUINA,2023-10-12T17:10:00,false
1161,709,,fee,-4.50,2353.00,COMISION MANTENIMIENTO,2023-10-12T20:16:00,false
1162,702,,interest,3.49,1153.97,ABONO INTERESES,2023-10-13T14:02:00,false
1163,327,,transfer_out,-449.28,2198.15,TRANSFERENCIA EMITIDA,2023-10-13T16:58:00,false
1164,766,159,card_payment,-56.34,1101.99,COMPRA ÓPTICA CENTRAL,2023-10-13T18:32:00,false
1165,743,67,card_payment,-80.86,3869.23,COMPRA PELUQUERÍA BUENAVISTA,2023-10-13T18:58:00,false
1166,560,159,card_payment,-129.43,432.82,COMPRA ÓPTICA CENTRAL,2023-10-14T13:12:00,false
1167,344,,transfer_out,-452.29,462.06,TRANSFERENCIA EMITIDA,2023-10-14T19:12:00,false
1168,526,58,card_payment,-26.70,2543.53,COMPRA ÓPTICA MODERNO,2023-10-15T08:40:00,false
1169,516,132,card_payment,-22.22,675.84,COMPRA CAFETERÍA LA ESTRELLA,2023-10-15T13:47:00,false
1170,544,29,card_payment,-25.21,3354.28,COMPRA CASA NUEVO,2023-10-15T14:34:00,false
1171,343,104,card_payment,-18.88,2831.01,COMPRA BAR NUEVO,2023-10-15T17:31:00,false
1172,371,,transfer_in,714.46,4048.75,TRANSFERENCIA RECIBIDA,2023-10-16T12:49:00,false
1173,456,145,card_payment,-16.47,2652.18,COMPRA LIBRERÍA DEL SOL,2023-10-17T10:35:00,false
1174,954,,interest,3.84,3984.37,ABONO INTERESES,2023-10-17T12:12:00,false
1175,828,,atm_withdrawal,-200.00,1346.30,REINTEGRO CAJERO,2023-10-17T19:21:00,false
1176,828,,transfer_out,-236.32,1109.98,TRANSFERENCIA EMITIDA,2023-10-17T19:56:00,false
1177,475,,atm_withdrawal,-40.00,4584.61,REINTEGRO CAJERO,2023-10-17T21:28:00,false
1178,843,93,card_payment,-5.70,3015.71,COMPRA ELECTRO LOS ARCOS,2023-10-17T21:39:00,false
1179,683,68,card_payment,-19.99,6033.94,COMPRA EL RINCÓN DE GRAN VÍA,2023-10-18T09:25:00,false
1180,854,173,card_payment,-14.37,4105.83,COMPRA LIBRERÍA NUEVO,2023-10-18T10:48:00,false
1181,703,35,card_payment,-21.89,1820.22,COMPRA CAFETERÍA REAL,2023-10-18T19:08:00,false
1182,878,,transfer_out,-261.23,1715.60,TRANSFERENCIA EMITIDA,2023-10-19T11:17:00,false
1183,211,,transfer_in,646.22,3552.15,TRANSFERENCIA RECIBIDA,2023-10-19T12:39:00,false
1184,545,,interest,1.97,3403.61,ABONO INTERESES,2023-10-19T17:59:00,false
1185,212,,atm_withdrawal,-20.00,2373.20,REINTEGRO CAJERO,2023-10-20T10:25:00,false
1186,544,159,card_payment,-15.99,3338.29,COMPRA ÓPTICA CENTRAL,2023-10-20T13:54:00,false
1187,867,171,card_payment,-14.62,943.50,COMPRA FARMACIA LA ESTRELLA,2023-10-20T18:22:00,false
1188,168,,transfer_out,-568.37,4592.67,TRANSFERENCIA EMITIDA,2023-10-21T09:20:00,false
1189,523,,transfer_out,-309.94,1015.13,TRANSFERENCIA EMITIDA,2023-10-21T10:31:00,false
1190,510,81,card_payment,-19.68,630.51,COMPRA CASA LOS ARCOS,2023-10-21T13:56:00,true
1191,309,,atm_withdrawal,-200.00,1284.71,REINTEGRO CAJERO,2023-10-21T15:11:00,false
1192,737,,transfer_in,184.09,1419.16,TRANSFERENCIA RECIBIDA,2023-10-21T19:31:00,false
1193,518,,transfer_out,-32.14,1339.87,TRANSFERENCIA EMITIDA,2023-10-23T11:33:00,false
1194,428,154,card_payment,-12.33,821.08,COMPRA ÓPTICA DEL SOL,2023-10-23T15:21:00,false
1195,1038,98,card_payment,-14.50,5347.27,COMPRA SUPERMERCADO EL FARO,2023-10-23T17:38:00,false
1196,1067,173,card_payment,-23.31,3668.27,COMPRA LIBRERÍA NUEVO,2023-10-23T19:30:00,false
1197,885,,transfer_out,-169.31,3594.81,TRANSFERENCIA EMITIDA,2023-10-23T20:07:00,false
1198,63,,transfer_in,812.64,2398.90,TRANSFERENCIA RECIBIDA,2023-10-24T13:14:00,false
1199,325,,fee,-12.00,2053.03,COMISION MANTENIMIENTO,2023-10-25T19:14:00,false
1200,789,,salary,1947.73,6476.67,NOMINA,2023-10-25T19:59:00,false
1201,228,,salary,1771.69,3127.12,NOMINA,2023-10-25T20:55:00,false
1202,124,91,card_payment,-23.06,1849.63,COMPRA MUEBLES MODERNO,2023-10-26T11:01:00,false
1203,810,,salary,1871.77,4150.81,NOMINA,2023-10-26T13:36:00,false
1204,1093,,transfer_in,470.14,2179.83,TRANSFERENCIA RECIBIDA,2023-10-26T14:20:00,false
1205,456,135,card_payment,-9.56,2642.62,COMPRA SUPERMERCADO GRAN VÍA,2023-10-26T15:56:00,false
1206,688,,transfer_in,861.93,3422.72,TRANSFERENCIA RECIBIDA,2023-10-26T17:18:00,false
1207,74,,transfer_in,275.50,3018.28,TRANSFERENCIA RECIBIDA,2023-10-26T20:29:00,false
1208,270,153,card_payment,-21.96,1652.90,COMPRA PELUQUERÍA SAN MARCOS,2023-10-27T09:49:00,false
1209,250,137,card_payment,-4.12,1743.20,COMPRA ÓPTICA CENTRAL,2023-10-27T13:05:00,false
1210,370,144,card_payment,-6.83,3119.48,COMPRA LIBRERÍA REAL,2023-10-27T18:00:00,true
1211,300,,salary,2532.16,5443.00,NOMINA,2023-10-27T18:13:00,false
1212,503,95,card_payment,-32.90,2128.07,COMPRA EL RINCÓN DE SAN MARCOS,2023-10-27T18:25:00,false
1213,986,27,card_payment,-16.93,1790.71,COMPRA LA TIENDA DE SAN MARCOS,2023-10-28T10:46:00,false
1214,729,172,card_payment,-0.78,4674.55,COMPRA EL RINCÓN DE MODERNO,2023-10-28T13:36:00,false
1215,987,50,card_payment,-17.16,2249.86,COMPRA ÓPTICA DEL SOL,2023-10-28T16:36:00,false
1216,145,,atm_withdrawal,-100.00,548.07,REINTEGRO CAJERO,2023-10-28T18:35:00,false
1217,417,48,card_payment,-53.26,116.81,COMPRA CAFETERÍA DEL CARMEN,2023-10-28T20:20:00,false
1218,331,8,card_payment,-69.82,1363.28,COMPRA SUPERMERCADO MODERNO,2023-10-29T08:18:00,false
1219,1079,,atm_withdrawal,-100.00,4682.31,REINTEGRO CAJERO,2023-10-29T09:33:00,false
1220,253,44,card_payment,-22.39,3348.24,COMPRA LIBRERÍA SAN MARCOS,2023-10-29T21:40:00,false
1221,859,16,card_payment,-27.31,1149.42,COMPRA LA TIENDA DE LOS ARCOS,2023-10-30T09:40:00,false
1222,937,81,card_payment,-16.86,3120.35,COMPRA CASA LOS ARCOS,2023-10-30T11:53:00,true
1223,474,40,card_payment,-14.89,5939.98,COMPRA EL RINCÓN DE REAL,2023-10-30T16:40:00,true
1224,805,,transfer_out,-477.23,2676.93,TRANSFERENCIA EMITIDA,2023-10-30T17:27:00,false
1225,137,,interest,0.77,3475.64,ABONO INTERESES,2023-10-31T11:14:00,false
1226,38,,transfer_out,-472.56,1025.84,TRANSFERENCIA EMITIDA,2023-10-31T11:46:00,false
1227,1045,,fee,-12.00,1639.71,COMISION MANTENIMIENTO,2023-10-31T12:14:00,false
1228,709,26,card_payment,-8.86,2344.14,COMPRA LA TIENDA DE GRAN VÍA,2023-10-31T14:17:00,false
1229,713,,transfer_in,92.40,4106.10,TRANSFERENCIA RECIBIDA,2023-11-01T11:37:00,false
1230,754,,direct_debit,-58.79,3824.13,RECIBO DOMICILIADO,2023-11-01T12:31:00,false
1231,287,,atm_withdrawal,-20.00,1124.05,REINTEGRO CAJERO,2023-11-01T14:31:00,false
1232,986,106,card_payment,-18.30,1772.41,COMPRA LIBRERÍA EL FARO,2023-11-01T16:58:00,false
1233,190,,direct_debit,-52.11,2149.18,RECIBO DOMICILIADO,2023-11-01T17:18:00,false
1234,518,,atm_withdrawal,-50.00,1289.87,REINTEGRO CAJERO,2023-11-01T19:24:00,false
1235,703,36,card_payment,-8.98,1811.24,COMPRA PELUQUERÍA GRAN VÍA,2023-11-01T20:40:00,false
1236,426,,transfer_in,663.71,2252.42,TRANSFERENCIA RECIBIDA,2023-11-02T09:20:00,false
1237,555,21,card_payment,-4.61,1190.59,COMPRA RESTAURANTE MODERNO,2023-11-02T10:48:00,false
1238,657,,transfer_out,-599.26,423.01,TRANSFERENCIA EMITIDA,2023-11-02T13:35:00,false
1239,233,,direct_debit,-65.60,4172.67,RECIBO DOMICILIADO,2023-11-02T14:14:00,false
1240,568,112,card_payment,-6.32,1889.45,COMPRA CAFETERÍA DEL PUERTO,2023-11-02T17:08:00,false
1241,382,42,card_payment,-6.52,3785.54,COMPRA EL RINCÓN DE LOS ARCOS,2023-11-02T17:53:00,false
1242,428,,direct_debit,-23.09,797.99,RECIBO DOMICILIADO,2023-11-02T18:57:00,false
1243,54,,transfer_in,913.79,3208.16,TRANSFERENCIA RECIBIDA,2023-11-02T19:04:00,false
1244,1094,,transfer_in,16.69,1648.47,TRANSFERENCIA RECIBIDA,2023-11-02T19:41:00,false
1245,201,,direct_debit,-19.61,3767.44,RECIBO DOMICILIADO,2023-11-02T20:48:00,false
1246,102,,direct_debit,-57.63,3127.18,RECIBO DOMICILIADO,2023-11-03T09:38:00,false
1247,90,,transfer_out,-316.41,1930.32,TRANSFERENCIA EMITIDA,2023-11-03T10:26:00,false
1248,52,,atm_withdrawal,-40.00,5092.97,REINTEGRO CAJERO,2023-11-03T14:49:00,false
1249,103,,atm_withdrawal,-20.00,1585.90,REINTEGRO CAJERO,2023-11-03T18:51:00,false
1250,416,,direct_debit,-66.16,2849.32,RECIBO DOMICILIADO,2023-11-03T20:40:00,false
1251,82,,direct_debit,-45.57,1313.90,RECIBO DOMICILIADO,2023-11-04T13:46:00,false
1252,475,105,card_payment,-61.26,4523.35,COMPRA ÓPTICA BUENAVISTA,2023-11-04T17:07:00,false
1253,168,95,card_payment,-27.38,4565.29,COMPRA EL RINCÓN DE SAN MARCOS,2023-11-04T17:21:00,false
1254,168,,direct_debit,-31.44,4533.85,RECIBO DOMICILIADO,2023-11-04T18:11:00,false
1255,1,9,card_payment,-3.75,4834.37,COMPRA PELUQUERÍA DEL PUERTO,2023-11-04T20:37:00,true
1256,353,139,card_payment,-75.38,520.76,COMPRA RESTAURANTE DEL CARMEN,2023-11-05T09:19:00,true
1257,637,,direct_debit,-31.58,487.12,RECIBO DOMICILIADO,2023-11-05T10:36:00,false
1258,934,,direct_debit,-42.99,3022.52,RECIBO DOMICILIADO,2023-11-05T12:42:00,false
1259,460,,direct_debit,-28.93,174.98,RECIBO DOMICILIADO,2023-11-05T16:04:00,false
1260,294,,fee,-12.00,965.52,COMISION MANTENIMIENTO,2023-11-05T18:42:00,false
1261,443,,direct_debit,-30.51,2590.57,RECIBO DOMICILIADO,2023-11-05T19:21:00,false
1262,988,136,card_payment,-22.94,745.02,COMPRA MUEBLES LA ESTRELLA,2023-11-06T10:20:00,false
1263,171,,interest,3.53,720.35,ABONO INTERESES,2023-11-06T16:13:00,false
1264,329,,direct_debit,-82.53,536.82,RECIBO DOMICILIADO,2023-11-06T17:42:00,false
1265,72,177,card_payment,-21.42,3159.48,COMPRA BAR MODERNO,2023-11-06T19:55:00,true
1266,930,,direct_debit,-108.88,1913.03,RECIBO DOMICILIADO,2023-11-06T20:33:00,false
1267,792,,direct_debit,-5.55,5811.73,RECIBO DOMICILIADO,2023-11-06T20:35:00,false
1268,461,,direct_debit,-53.52,2901.86,RECIBO DOMICILIADO,2023-11-06T20:57:00,false
1269,1076,71,card_payment,-13.52,649.59,COMPRA ÓPTICA NUEVO,2023-11-07T08:37:00,false
1270,588,70,card_payment,-6.05,4825.61,COMPRA EL RINCÓN DE LA ESTRELLA,2023-11-07T10:58:00,false
1271,1076,,direct_debit,-53.45,596.14,RECIBO DOMICILIADO,2023-11-07T13:07:00,false
1272,140,162,card_payment,-31.74,271.97,COMPRA LIBRERÍA LA ESQUINA,2023-11-07T13:14:00,true
1273,265,17,card_payment,-93.62,307.14,COMPRA CASA REAL,2023-11-07T14:03:00,false
1274,488,,transfer_out,-333.29,1326.29,TRANSFERENCIA EMITIDA,2023-11-07T16:55:00,false
1275,448,,transfer_out,-94.00,46.66,TRANSFERENCIA EMITIDA,2023-11-07T18:14:00,false
1276,74,94,card_payment,-39.14,2979.14,COMPRA BAR CENTRAL,2023-11-08T11:13:00,false
1277,770,133,card_payment,-3.02,2805.09,COMPRA ELECTRO GRAN VÍA,2023-11-08T19:04:00,false
1278,1089,,transfer_out,-473.50,2715.44,TRANSFERENCIA EMITIDA,2023-11-08T19:41:00,false
1279,157,137,card_payment,-14.73,297.16,COMPRA ÓPTICA CENTRAL,2023-11-08T20:40:00,false
1280,854,68,card_payment,-23.97,4081.86,COMPRA EL RINCÓN DE GRAN VÍA,2023-11-09T10:56:00,false
1281,265,4,card_payment,-16.75,290.39,COMPRA LIBRERÍA LOS ARCOS,2023-11-10T09:10:00,false
1282,692,161,card_payment,-11.38,4741.91,COMPRA ELECTRO BUENAVISTA,2023-11-10T10:29:00,false
1283,714,,transfer_out,-75.16,5.44,TRANSFERENCIA EMITIDA,2023-11-10T13:00:00,false
1284,555,,atm_withdrawal,-60.00,1130.59,REINTEGRO CAJERO,2023-11-10T19:25:00,false
1285,653,,transfer_out,-187.40,-551.83,TRANSFERENCIA EMITIDA,2023-11-11T08:28:00,false
1286,927,89,card_payment,-35.36,2885.39,COMPRA RESTAURANTE DEL SOL,2023-11-11T10:02:00,false
1287,131,,transfer_out,-436.80,1437.74,TRANSFERENCIA EMITIDA,2023-11-11T10:52:00,false
1288,24,158,card_payment,-2.77,4979.33,COMPRA CASA EL FARO,2023-11-11T11:34:00,false
1289,435,,transfer_out,-492.93,3072.41,TRANSFERENCIA EMITIDA,2023-11-11T13:42:00,false
1290,211,,transfer_out,-974.80,2577.35,TRANSFERENCIA EMITIDA,2023-11-11T16:40:00,false
1291,461,,atm_withdrawal,-20.00,2881.86,REINTEGRO CAJERO,2023-11-11T17:54:00,false
1292,1020,11,card_payment,-8.24,3440.14,COMPRA LA TIENDA DE MODERNO,2023-11-11T19:37:00,false
1293,493,,transfer_out,-232.04,2422.63,TRANSFERENCIA EMITIDA,2023-11-12T08:19:00,false
1294,23,94,card_payment,-11.80,1219.64,COMPRA BAR CENTRAL,2023-11-12T13:28:00,false
1295,1024,,fee,-3.00,490.84,COMISION MANTENIMIENTO,2023-11-12T14:37:00,false
1296,361,32,card_payment,-14.67,3886.12,COMPRA CASA NUEVO,2023-11-12T15:38:00,true
1297,854,96,card_payment,-24.07,4057.79,COMPRA LIBRERÍA BUENAVISTA,2023-11-12T17:21:00,false
1298,443,,transfer_out,-132.09,2458.48,TRANSFERENCIA EMITIDA,2023-11-12T17:47:00,false
1299,151,97,card_payment,-144.74,1738.00,COMPRA ELECTRO LA ESQUINA,2023-11-12T21:49:00,false
1300,99,,transfer_out,-558.51,3284.25,TRANSFERENCIA EMITIDA,2023-11-13T09:20:00,false
1301,1068,3,card_payment,-16.52,1580.81,COMPRA SUPERMERCADO DEL SOL,2023-11-13T10:53:00,true
1302,870,32,card_payment,-36.60,1447.68,COMPRA CASA NUEVO,2023-11-13T16:43:00,true
1303,253,175,card_payment,-13.23,3335.01,COMPRA LA TIENDA DE MODERNO,2023-11-14T10:24:00,false
1304,470,72,card_payment,-17.70,2236.99,COMPRA ÓPTICA LA PLAZA,2023-11-14T10:33:00,false
1305,759,119,card_payment,-6.86,2495.72,COMPRA TALLER NUEVO,2023-11-14T17:49:00,false
1306,954,,fee,-3.00,3981.37,COMISION MANTENIMIENTO,2023-11-14T21:42:00,false
1307,508,,transfer_in,1015.99,4560.99,TRANSFERENCIA RECIBIDA,2023-11-15T08:25:00,false
1308,678,,transfer_in,758.86,2142.45,TRANSFERENCIA RECIBIDA,2023-11-15T08:59:00,false
1309,213,158,card_payment,-7.85,1949.53,COMPRA CASA EL FARO,2023-11-15T09:58:00,false
1310,858,66,card_payment,-13.67,286.59,COMPRA ÓPTICA LA ESQUINA,2023-11-15T19:15:00,false
1311,959,,atm_withdrawal,-60.00,3093.12,REINTEGRO CAJERO,2023-11-16T11:41:00,false
1312,1068,24,card_payment,-12.48,1568.33,COMPRA ELECTRO DEL PUERTO,2023-11-16T13:28:00,false
1313,99,47,card_payment,-13.81,3270.44,COMPRA BAR NUEVO,2023-11-16T15:42:00,false
1314,239,,transfer_out,-328.10,363.16,TRANSFERENCIA EMITIDA,2023-11-17T10:03:00,false
1315,856,34,card_payment,-7.30,2525.25,COMPRA CAFETERÍA DEL SOL,2023-11-17T11:29:00,false
1316,825,157,card_payment,-16.68,1486.48,COMPRA ELECTRO SAN MARCOS,2023-11-17T11:45:00,false
1317,342,66,card_payment,-14.33,848.34,COMPRA ÓPTICA LA ESQUINA,2023-11-17T13:22:00,false
1318,972,,transfer_in,186.81,2101.85,TRANSFERENCIA RECIBIDA,2023-11-18T11:36:00,false
1319,388,,interest,4.26,1152.83,ABONO INTERESES,2023-11-18T18:32:00,false
1320,665,,atm_withdrawal,-100.00,2192.20,REINTEGRO CAJERO,2023-11-18T19:23:00,false
1321,1083,,transfer_in,170.04,3076.42,TRANSFERENCIA RECIBIDA,2023-11-18T20:50:00,false
1322,893,98,card_payment,-12.17,2564.85,COMPRA SUPERMERCADO EL FARO,2023-11-18T21:17:00,false
1323,268,178,card_payment,-14.62,1903.83,COMPRA MUEBLES DEL PUERTO,2023-11-19T08:53:00,false
1324,494,69,card_payment,-25.29,1921.46,COMPRA PELUQUERÍA LA ESQUINA,2023-11-19T13:47:00,false
1325,26,81,card_payment,-7.80,1623.69,COMPRA CASA LOS ARCOS,2023-11-19T14:44:00,true
1326,728,,transfer_in,261.46,1696.32,TRANSFERENCIA RECIBIDA,2023-11-20T13:44:00,false
1327,432,107,card_payment,-23.09,5597.88,COMPRA PELUQUERÍA SAN MARCOS,2023-11-20T19:22:00,false
1328,957,30,card_payment,-8.02,3771.31,COMPRA LA TIENDA DE BUENAVISTA,2023-11-20T20:19:00,false
1329,949,16,card_payment,-4.15,797.57,COMPRA LA TIENDA DE LOS ARCOS,2023-11-21T13:11:00,false
1330,355,,transfer_in,305.58,745.07,TRANSFERENCIA RECIBIDA,2023-11-21T17:27:00,false
1331,534,,transfer_out,-171.35,3801.01,TRANSFERENCIA EMITIDA,2023-11-22T11:00:00,false
1332,1074,,transfer_out,-174.17,1708.25,TRANSFERENCIA EMITIDA,2023-11-22T15:51:00,false
1333,701,,transfer_out,-514.72,2156.74,TRANSFERENCIA EMITIDA,2023-11-22T16:27:00,false
1334,175,2,card_payment,-32.88,604.37,COMPRA CASA CENTRAL,2023-11-22T20:36:00,false
1335,680,,transfer_out,-210.56,2671.59,TRANSFERENCIA EMITIDA,2023-11-23T09:46:00,false
1336,889,74,card_payment,-24.89,2100.64,COMPRA ELECTRO LOS ARCOS,2023-11-23T12:02:00,false
1337,982,,transfer_out,-953.61,402.09,TRANSFERENCIA EMITIDA,2023-11-23T19:57:00,false
1338,835,82,card_payment,-30.97,3138.28,COMPRA ELECTRO MODERNO,2023-11-23T21:58:00,false
1339,992,,transfer_in,661.07,3181.72,TRANSFERENCIA RECIBIDA,2023-11-24T11:07:00,false
1340,309,62,card_payment,-9.78,1274.93,COMPRA PELUQUERÍA DEL PUERTO,2023-11-24T14:59:00,false
1341,982,,atm_withdrawal,-150.00,252.09,REINTEGRO CAJERO,2023-11-24T15:55:00,false
1342,181,99,card_payment,-15.60,2073.48,COMPRA FARMACIA LA PLAZA,2023-11-24T16:42:00,true
1343,821,73,card_payment,-34.70,4751.63,COMPRA MUEBLES MODERNO,2023-11-24T16:55:00,false
1344,621,,salary,2160.63,3439.82,NOMINA,2023-11-25T09:50:00,false
1345,16,56,card_payment,-8.28,2466.82,COMPRA BAR REAL,2023-11-25T13:18:00,false
1346,461,,transfer_in,28.03,2909.89,TRANSFERENCIA RECIBIDA,2023-11-25T15:01:00,false
1347,556,171,card_payment,-46.89,2169.53,COMPRA FARMACIA LA ESTRELLA,2023-11-25T18:14:00,false
1348,713,,salary,780.51,4886.61,NOMINA,2023-11-25T21:42:00,false
1349,144,,fee,-12.00,2229.11,COMISION MANTENIMIENTO,2023-11-26T08:59:00,false
1350,560,,salary,650.00,1082.82,NOMINA,2023-11-26T12:28:00,false
1351,594,,salary,1779.15,4320.49,NOMINA,2023-11-26T15:58:00,false
1352,229,,fee,-2.50,-883.64,COMISION MANTENIMIENTO,2023-11-26T16:56:00,false
1353,714,,salary,1585.56,1591.00,NOMINA,2023-11-26T18:50:00,false
1354,1003,65,card_payment,-29.79,2948.11,COMPRA LIBRERÍA EL FARO,2023-11-27T10:16:00,false
1355,1044,180,card_payment,-1.11,1892.48,COMPRA CAFETERÍA DEL CARMEN,2023-11-27T10:29:00,false
1356,550,,salary,1863.78,3938.53,NOMINA,2023-11-27T12:20:00,false
1357,252,,transfer_out,-260.33,1128.52,TRANSFERENCIA EMITIDA,2023-11-27T13:49:00,false
1358,127,,transfer_in,101.37,1867.74,TRANSFERENCIA RECIBIDA,2023-11-27T14:23:00,false
1359,53,122,card_payment,-33.24,4659.59,COMPRA CASA NUEVO,2023-11-27T14:46:00,false
1360,637,,transfer_in,156.15,643.27,TRANSFERENCIA RECIBIDA,2023-11-28T11:33:00,false
1361,1008,52,card_payment,-5.47,2903.14,COMPRA RESTAURANTE NUEVO,2023-11-28T12:39:00,false
1362,344,,salary,1381.57,1843.63,NOMINA,2023-11-28T17:39:00,false
1363,440,,transfer_out,-595.80,2844.38,TRANSFERENCIA EMITIDA,2023-11-28T19:14:00,false
1364,281,,salary,1782.48,5047.76,NOMINA,2023-11-28T19:20:00,false
1365,420,,atm_withdrawal,-150.00,470.02,REINTEGRO CAJERO,2023-11-28T20:36:00,false
1366,430,150,card_payment,-36.56,4499.57,COMPRA PANADERÍA LA PLAZA,2023-11-29T11:15:00,false
1367,703,96,card_payment,-57.10,1754.14,COMPRA LIBRERÍA BUENAVISTA,2023-11-29T15:26:00,false
1368,945,,transfer_out,-912.94,3120.28,TRANSFERENCIA EMITIDA,2023-11-30T17:57:00,false
1369,799,,transfer_in,426.50,2481.84,TRANSFERENCIA RECIBIDA,2023-11-30T21:48:00,false
1370,113,,direct_debit,-24.54,2250.75,RECIBO DOMICILIADO,2023-12-01T09:47:00,false
1371,241,,direct_debit,-22.98,4294.12,RECIBO DOMICILIADO,2023-12-01T10:17:00,false
1372,35,,direct_debit,-77.27,2046.04,RECIBO DOMICILIADO,2023-12-01T10:19:00,false
1373,526,,direct_debit,-84.14,2459.39,RECIBO DOMICILIADO,2023-12-01T11:38:00,false
1374,691,142,card_payment,-6.82,233.36,COMPRA MUEBLES EL FARO,2023-12-01T11:46:00,false
1375,280,111,card_payment,-23.88,2205.06,COMPRA EL RINCÓN DE EL FARO,2023-12-01T13:57:00,false
1376,843,,direct_debit,-23.42,2992.29,RECIBO DOMICILIADO,2023-12-01T15:38:00,false
1377,959,123,card_payment,-3.76,3089.36,COMPRA LIBRERÍA LOS ARCOS,2023-12-01T15:55:00,false
1378,161,162,card_payment,-3.44,2211.11,COMPRA LIBRERÍA LA ESQUINA,2023-12-01T18:09:00,true
1379,657,167,card_payment,-10.78,412.23,COMPRA BAR NUEVO,2023-12-01T19:58:00,false
1380,781,10,card_payment,-24.96,1953.85,COMPRA PANADERÍA LA ESTRELLA,2023-12-01T21:15:00,false
1381,1049,,direct_debit,-31.70,1611.50,RECIBO DOMICILIADO,2023-12-02T10:25:00,false
1382,51,,atm_withdrawal,-200.00,1436.18,REINTEGRO CAJERO,2023-12-02T11:16:00,false
1383,451,,fee,-12.00,1894.88,COMISION MANTENIMIENTO,2023-12-02T11:42:00,false
1384,669,,direct_debit,-12.36,931.28,RECIBO DOMICILIADO,2023-12-02T13:10:00,false
1385,283,,transfer_out,-889.49,2498.25,TRANSFERENCIA EMITIDA,2023-12-02T16:59:00,false
1386,805,,direct_debit,-10.00,2666.93,RECIBO DOMICILIADO,2023-12-02T19:45:00,false
1387,451,102,card_payment,-200.10,1694.78,COMPRA LIBRERÍA LOS ARCOS,2023-12-03T08:21:00,true
1388,287,,direct_debit,-31.47,1092.58,RECIBO DOMICILIADO,2023-12-03T14:58:00,false
1389,72,152,card_payment,-49.29,3110.19,COMPRA LIBRERÍA DEL CARMEN,2023-12-03T17:17:00,false
1390,159,57,card_payment,-42.54,3281.21,COMPRA ÓPTICA EL FARO,2023-12-03T18:12:00,false
1391,302,,direct_debit,-73.75,2572.05,RECIBO DOMICILIADO,2023-12-03T18:45:00,false
1392,357,2,card_payment,-21.46,1161.46,COMPRA CASA CENTRAL,2023-12-03T20:02:00,false
1393,239,,atm_withdrawal,-200.00,163.16,REINTEGRO CAJERO,2023-12-04T08:09:00,false
1394,432,,direct_debit,-56.61,5541.27,RECIBO DOMICILIADO,2023-12-04T08:19:00,false
1395,805,10,card_payment,-39.54,2627.39,COMPRA PANADERÍA LA ESTRELLA,2023-12-04T08:49:00,false
1396,636,15,card_payment,-25.31,1890.87,COMPRA ELECTRO LOS ARCOS,2023-12-04T09:18:00,false
1397,978,,direct_debit,-9.86,1481.33,RECIBO DOMICILIADO,2023-12-04T11:01:00,false
1398,345,51,card_payment,-7.92,454.83,COMPRA MUEBLES LOS ARCOS,2023-12-04T17:57:00,false
1399,572,64,card_payment,-14.81,4878.15,COMPRA LA TIENDA DE SAN MARCOS,2023-12-04T18:21:00,false
1400,895,,atm_withdrawal,-60.00,888.29,REINTEGRO CAJERO,2023-12-04T19:47:00,false
1401,854,,direct_debit,-169.29,3888.50,RECIBO DOMICILIADO,2023-12-05T09:56:00,false
1402,38,,direct_debit,-25.20,1000.64,RECIBO DOMICILIADO,2023-12-05T13:55:00,false
1403,1067,,transfer_in,1377.60,5045.87,TRANSFERENCIA RECIBIDA,2023-12-05T15:49:00,false
1404,854,,transfer_in,1021.08,4909.58,TRANSFERENCIA RECIBIDA,2023-12-05T18:00:00,false
1405,1087,,direct_debit,-21.24,2729.41,RECIBO DOMICILIADO,2023-12-05T19:28:00,false
1406,1020,1,card_payment,-43.09,3397.05,COMPRA ELECTRO BUENAVISTA,2023-12-05T21:49:00,true
1407,155,,direct_debit,-34.16,3463.65,RECIBO DOMICILIADO,2023-12-06T10:23:00,false
1408,1022,109,card_payment,-8.49,1915.11,COMPRA EL RINCÓN DE GRAN VÍA,2023-12-06T10:57:00,false
1409,809,143,card_payment,-48.63,1511.29,COMPRA PELUQUERÍA LOS ARCOS,2023-12-06T13:45:00,true
1410,701,149,card_payment,-12.11,2144.63,COMPRA PELUQUERÍA EL FARO,2023-12-06T15:03:00,false
1411,451,53,card_payment,-12.31,1682.47,COMPRA LIBRERÍA DEL CARMEN,2023-12-06T15:41:00,true
1412,723,,direct_debit,-13.63,882.36,RECIBO DOMICILIADO,2023-12-06T17:38:00,false
1413,134,,direct_debit,-47.85,316.87,RECIBO DOMICILIADO,2023-12-06T17:45:00,false
1414,416,,direct_debit,-10.80,2838.52,RECIBO DOMICILIADO,2023-12-07T10:07:00,false
1415,564,,direct_debit,-25.74,810.90,RECIBO DOMICILIADO,2023-12-07T12:36:00,false
1416,284,,direct_debit,-56.51,1380.38,RECIBO DOMICILIADO,2023-12-07T12:43:00,false
1417,171,,direct_debit,-27.10,693.25,RECIBO DOMICILIADO,2023-12-07T13:41:00,false
1418,876,,direct_debit,-18.36,4180.35,RECIBO DOMICILIADO,2023-12-07T14:13:00,false
1419,917,,direct_debit,-33.46,1307.46,RECIBO DOMICILIADO,2023-12-07T16:56:00,false
1420,144,,atm_withdrawal,-50.00,2179.11,REINTEGRO CAJERO,2023-12-07T17:00:00,false
1421,817,114,card_payment,-8.09,3537.41,COMPRA FARMACIA BUENAVISTA,2023-12-07T18:14:00,false
1422,558,19,card_payment,-15.22,2307.85,COMPRA TALLER LOS ARCOS,2023-12-07T19:16:00,true
1423,583,,direct_debit,-10.88,4519.85,RECIBO DOMICILIADO,2023-12-07T20:25:00,false
1424,899,85,card_payment,-22.17,3557.28,COMPRA ELECTRO CENTRAL,2023-12-07T21:50:00,false
1425,924,,atm_withdrawal,-40.00,2275.95,REINTEGRO CAJERO,2023-12-08T09:58:00,false
1426,275,28,card_payment,-8.01,2928.87,COMPRA PANADERÍA NUEVO,2023-12-08T19:39:00,false
1427,844,137,card_payment,-12.80,2294.23,COMPRA ÓPTICA CENTRAL,2023-12-09T14:59:00,false
1428,449,21,card_payment,-56.42,3246.79,COMPRA RESTAURANTE MODERNO,2023-12-09T18:55:00,false
1429,223,102,card_payment,-18.05,1832.21,COMPRA LIBRERÍA LOS ARCOS,2023-12-10T17:18:00,true
1430,1048,,fee,-3.00,1959.12,COMISION MANTENIMIENTO,2023-12-10T17:48:00,false
1431,69,12,card_payment,-8.53,532.61,COMPRA MUEBLES LA ESQUINA,2023-12-10T18:15:00,false
1432,1024,70,card_payment,-13.33,477.51,COMPRA EL RINCÓN DE LA ESTRELLA,2023-12-10T18:49:00,false
1433,711,41,card_payment,-8.48,1815.59,COMPRA SUPERMERCADO EL FARO,2023-12-11T18:13:00,false
1434,801,,atm_withdrawal,-20.00,1078.63,REINTEGRO CAJERO,2023-12-12T12:26:00,false
1435,710,,transfer_out,-538.86,3041.98,TRANSFERENCIA EMITIDA,2023-12-12T16:48:00,false
1436,488,123,card_payment,-9.49,1316.80,COMPRA LIBRERÍA LOS ARCOS,2023-12-12T18:33:00,false
1437,362,,atm_withdrawal,-50.00,1261.69,REINTEGRO CAJERO,2023-12-12T19:21:00,false
1438,1068,,transfer_out,-141.82,1426.51,TRANSFERENCIA EMITIDA,2023-12-13T09:11:00,false
1439,709,165,card_payment,-9.51,2334.63,COMPRA LA TIENDA DE DEL CARMEN,2023-12-13T11:29:00,false
1440,931,118,card_payment,-16.30,3954.11,COMPRA TALLER EL FARO,2023-12-13T12:50:00,false
1441,493,,fee,-2.50,2420.13,COMISION MANTENIMIENTO,2023-12-14T12:07:00,false
1442,588,106,card_payment,-15.42,4810.19,COMPRA LIBRERÍA EL FARO,2023-12-14T18:00:00,false
1443,419,,transfer_out,-560.18,388.79,TRANSFERENCIA EMITIDA,2023-12-15T09:31:00,false
1444,246,31,card_payment,-12.67,1596.73,COMPRA MUEBLES LA PLAZA,2023-12-15T11:10:00,false
1445,868,39,card_payment,-31.90,823.51,COMPRA LA TIENDA DE REAL,2023-12-15T13:02:00,false
1446,82,163,card_payment,-7.46,1306.44,COMPRA ELECTRO SAN MARCOS,2023-12-15T13:31:00,false
1447,826,131,card_payment,-8.77,1949.76,COMPRA PANADERÍA MODERNO,2023-12-15T14:25:00,false
1448,250,174,card_payment,-15.08,1728.12,COMPRA EL RINCÓN DE BUENAVISTA,2023-12-15T19:56:00,true
1449,718,,transfer_out,-426.13,3052.63,TRANSFERENCIA EMITIDA,2023-12-16T15:15:00,false
1450,591,,fee,-12.00,1080.84,COMISION MANTENIMIENTO,2023-12-16T16:59:00,false
1451,413,,atm_withdrawal,-200.00,1955.98,REINTEGRO CAJERO,2023-12-16T18:14:00,false
1452,1071,124,card_payment,-10.89,3217.87,COMPRA ELECTRO EL FARO,2023-12-16T18:50:00,false
1453,596,20,card_payment,-39.08,1284.53,COMPRA LA TIENDA DE BUENAVISTA,2023-12-16T19:40:00,false
1454,729,,transfer_out,-123.44,4551.11,TRANSFERENCIA EMITIDA,2023-12-17T13:58:00,false
1455,280,,transfer_out,-221.13,1983.93,TRANSFERENCIA EMITIDA,2023-12-17T15:23:00,false
1456,814,143,card_payment,-6.02,1746.12,COMPRA PELUQUERÍA LOS ARCOS,2023-12-17T16:09:00,true
1457,802,94,card_payment,-139.73,2580.61,COMPRA BAR CENTRAL,2023-12-17T17:50:00,false
1458,174,,transfer_in,576.68,751.71,TRANSFERENCIA RECIBIDA,2023-12-17T19:34:00,false
1459,450,102,card_payment,-19.80,3381.14,COMPRA LIBRERÍA LOS ARCOS,2023-12-18T09:17:00,true
1460,986,22,card_payment,-96.96,1675.45,COMPRA PELUQUERÍA DEL CARMEN,2023-12-18T09:48:00,false
1461,822,,transfer_in,53.72,1354.97,TRANSFERENCIA RECIBIDA,2023-12-18T12:01:00,false
1462,110,59,card_payment,-17.80,2669.08,COMPRA LA TIENDA DE LA ESTRELLA,2023-12-18T13:33:00,false
1463,268,,transfer_out,-645.05,1258.78,TRANSFERENCIA EMITIDA,2023-12-18T17:42:00,false
1464,159,,transfer_in,28.52,3309.73,TRANSFERENCIA RECIBIDA,2023-12-18T20:21:00,false
1465,89,,transfer_in,165.08,1746.75,TRANSFERENCIA RECIBIDA,2023-12-20T11:45:00,false
1466,791,58,card_payment,-10.80,2363.01,COMPRA ÓPTICA MODERNO,2023-12-20T12:42:00,false
1467,913,,atm_withdrawal,-50.00,3357.56,REINTEGRO CAJERO,2023-12-20T19:05:00,false
1468,328,,transfer_out,-665.86,1563.88,TRANSFERENCIA EMITIDA,2023-12-21T09:05:00,false
1469,740,63,card_payment,-23.27,1229.32,COMPRA FARMACIA LOS ARCOS,2023-12-21T12:39:00,false
1470,515,160,card_payment,-37.96,3639.33,COMPRA TALLER DEL CARMEN,2023-12-21T18:41:00,false
1471,775,20,card_payment,-28.84,904.20,COMPRA LA TIENDA DE BUENAVISTA,2023-12-22T09:43:00,false
1472,402,37,card_payment,-24.20,2217.61,COMPRA BAR DEL SOL,2023-12-22T10:08:00,false
1473,944,,transfer_out,-413.78,840.13,TRANSFERENCIA EMITIDA,2023-12-22T10:39:00,false
1474,765,123,card_payment,-14.55,3162.00,COMPRA LIBRERÍA LOS ARCOS,2023-12-22T13:55:00,false
1475,113,,atm_withdrawal,-40.00,2210.75,REINTEGRO CAJERO,2023-12-22T14:58:00,false
1476,940,167,card_payment,-20.71,1337.67,COMPRA BAR NUEVO,2023-12-22T17:25:00,false
1477,344,,atm_withdrawal,-50.00,1793.63,REINTEGRO CAJERO,2023-12-22T20:33:00,false
1478,1035,90,card_payment,-29.32,4352.93,COMPRA LA TIENDA DE LOS ARCOS,2023-12-23T10:39:00,false
1479,537,122,card_payment,-4.08,3285.68,COMPRA CASA NUEVO,2023-12-24T13:45:00,false
1480,739,56,card_payment,-11.66,141.26,COMPRA BAR REAL,2023-12-24T16:46:00,false
1481,384,,atm_withdrawal,-200.00,1820.53,REINTEGRO CAJERO,2023-12-24T17:28:00,false
1482,475,,transfer_out,-1014.47,3508.88,TRANSFERENCIA EMITIDA,2023-12-24T18:13:00,false
1483,14,19,card_payment,-21.15,1033.12,COMPRA TALLER LOS ARCOS,2023-12-24T19:48:00,true
1484,884,,salary,2187.51,7211.30,NOMINA,2023-12-25T10:55:00,false
1485,973,,salary,1924.92,3072.83,NOMINA,2023-12-25T13:17:00,false
1486,205,130,card_payment,-22.84,597.15,COMPRA PELUQUERÍA EL FARO,2023-12-25T13:52:00,true
1487,1003,,salary,2030.40,4978.51,NOMINA,2023-12-25T14:33:00,false
1488,696,,salary,3310.70,7232.37,NOMINA,2023-12-25T18:14:00,false
1489,991,,salary,2391.64,5984.54,NOMINA,2023-12-25T18:45:00,false
1490,906,168,card_payment,-5.73,3548.32,COMPRA FARMACIA REAL,2023-12-25T19:52:00,false
1491,828,,atm_withdrawal,-150.00,959.98,REINTEGRO CAJERO,2023-12-26T13:23:00,false
1492,369,142,card_payment,-3.70,642.32,COMPRA MUEBLES EL FARO,2023-12-26T13:36:00,false
1493,431,,transfer_in,38.52,1252.78,TRANSFERENCIA RECIBIDA,2023-12-26T13:37:00,false
1494,352,128,card_payment,-18.68,976.81,COMPRA LA TIENDA DE DEL PUERTO,2023-12-26T17:42:00,false
1495,492,,salary,1341.62,2345.83,NOMINA,2023-12-26T19:29:00,false
1496,510,91,card_payment,-8.47,622.04,COMPRA MUEBLES MODERNO,2023-12-26T20:28:00,false
1497,796,,salary,2052.47,3844.89,NOMINA,2023-12-27T10:47:00,false
1498,466,,salary,2087.36,3366.60,NOMINA,2023-12-27T12:08:00,false
1499,985,143,card_payment,-57.31,3542.46,COMPRA PELUQUERÍA LOS ARCOS,2023-12-27T12:24:00,true
1500,235,,transfer_in,348.89,2757.15,TRANSFERENCIA RECIBIDA,2023-12-27T14:14:00,false
1501,959,24,card_payment,-9.44,3079.92,COMPRA ELECTRO DEL PUERTO,2023-12-27T14:19:00,false
1502,66,,interest,7.18,1390.95,ABONO INTERESES,2023-12-27T14:31:00,false
1503,419,,salary,1065.08,1453.87,NOMINA,2023-12-27T14:51:00,false
1504,945,49,card_payment,-25.35,3094.93,COMPRA LA TIENDA DE LOS ARCOS,2023-12-27T15:49:00,false
1505,347,152,card_payment,-10.68,3209.66,COMPRA LIBRERÍA DEL CARMEN,2023-12-27T16:54:00,false
1506,879,,atm_withdrawal,-200.00,23.53,REINTEGRO CAJERO,2023-12-28T08:59:00,false
1507,923,,salary,1039.63,3114.44,NOMINA,2023-12-28T09:19:00,false
1508,730,,salary,2179.79,2337.11,NOMINA,2023-12-28T09:37:00,false
1509,676,,salary,1939.95,3914.09,NOMINA,2023-12-28T17:53:00,false
1510,972,,atm_withdrawal,-20.00,2081.85,REINTEGRO CAJERO,2023-12-29T09:26:00,false
1511,335,45,card_payment,-147.05,388.62,COMPRA LA TIENDA DE DEL SOL,2023-12-30T12:24:00,false
1512,135,,fee,-12.00,2780.79,COMISION MANTENIMIENTO,2023-12-30T12:29:00,false
1513,581,38,card_payment,-16.94,1394.67,COMPRA ÓPTICA DEL PUERTO,2023-12-30T19:59:00,false
1514,235,,transfer_in,664.18,3421.33,TRANSFERENCIA RECIBIDA,2023-12-30T21:46:00,false
1515,926,,fee,-4.50,5123.43,COMISION MANTENIMIENTO,2023-12-31T09:25:00,false
1516,10,106,card_payment,-14.21,2816.55,COMPRA LIBRERÍA EL FARO,2023-12-31T12:25:00,false
1517,879,67,card_payment,-14.23,9.30,COMPRA PELUQUERÍA BUENAVISTA,2023-12-31T13:53:00,false
1518,801,,transfer_out,-547.12,531.51,TRANSFERENCIA EMITIDA,2023-12-31T14:02:00,false
1519,665,,atm_withdrawal,-40.00,2152.20,REINTEGRO CAJERO,2023-12-31T14:12:00,false
1520,584,,transfer_in,363.21,2960.20,TRANSFERENCIA RECIBIDA,2024-01-01T10:42:00,false
1521,1008,,atm_withdrawal,-50.00,2853.14,REINTEGRO CAJERO,2024-01-01T10:50:00,false
1522,815,,direct_debit,-32.65,3527.92,RECIBO DOMICILIADO,2024-01-01T11:56:00,false
1523,836,17,card_payment,-29.84,3103.11,COMPRA CASA REAL,2024-01-01T12:10:00,false
1524,282,22,card_payment,-59.31,1587.07,COMPRA PELUQUERÍA DEL CARMEN,2024-01-01T13:24:00,false
1525,633,,direct_debit,-63.61,3760.63,RECIBO DOMICILIADO,2024-01-01T14:05:00,false
1526,300,,direct_debit,-19.46,5423.54,RECIBO DOMICILIADO,2024-01-01T16:34:00,false
1527,637,,direct_debit,-31.79,611.48,RECIBO DOMICILIADO,2024-01-01T18:10:00,false
1528,939,,direct_debit,-32.30,3367.90,RECIBO DOMICILIADO,2024-01-01T19:54:00,false
1529,665,,direct_debit,-16.84,2135.36,RECIBO DOMICILIADO,2024-01-02T10:31:00,false
1530,867,,atm_withdrawal,-100.00,843.50,REINTEGRO CAJERO,2024-01-02T12:18:00,false
1531,446,89,card_payment,-18.98,4272.62,COMPRA RESTAURANTE DEL SOL,2024-01-02T12:42:00,false
1532,344,54,card_payment,-1.87,1791.76,COMPRA ELECTRO DEL PUERTO,2024-01-02T13:38:00,false
1533,238,,transfer_in,49.71,2494.12,TRANSFERENCIA RECIBIDA,2024-01-02T19:42:00,false
1534,541,114,card_payment,-92.14,2912.38,COMPRA FARMACIA BUENAVISTA,2024-01-03T08:28:00,false
1535,541,,atm_withdrawal,-200.00,2712.38,REINTEGRO CAJERO,2024-01-03T08:29:00,false
1536,70,,direct_debit,-10.66,997.86,RECIBO DOMICILIADO,2024-01-03T11:53:00,false
1537,218,,direct_debit,-7.87,-575.73,RECIBO DOMICILIADO,2024-01-03T12:58:00,false
1538,238,,transfer_out,-401.68,2092.44,TRANSFERENCIA EMITIDA,2024-01-03T13:22:00,false
1539,982,144,card_payment,-59.44,192.65,COMPRA LIBRERÍA REAL,2024-01-03T17:25:00,true
1540,434,,transfer_out,-171.53,1353.63,TRANSFERENCIA EMITIDA,2024-01-03T17:38:00,false
1541,205,,direct_debit,-40.91,556.24,RECIBO DOMICILIADO,2024-01-03T18:29:00,false
1542,305,166,card_payment,-25.08,3328.57,COMPRA LA TIENDA DE BUENAVISTA,2024-01-04T09:29:00,true
1543,161,1,card_payment,-39.80,2171.31,COMPRA ELECTRO BUENAVISTA,2024-01-04T10:32:00,true
1544,385,,atm_withdrawal,-20.00,5223.61,REINTEGRO CAJERO,2024-01-04T12:56:00,false
1545,1055,,direct_debit,-44.49,3053.19,RECIBO DOMICILIADO,2024-01-04T13:34:00,false
1546,581,27,card_payment,-56.90,1337.77,COMPRA LA TIENDA DE SAN MARCOS,2024-01-04T13:51:00,false
1547,196,169,card_payment,-23.15,1807.06,COMPRA CAFETERÍA SAN MARCOS,2024-01-04T18:10:00,false
1548,413,,transfer_out,-257.13,1698.85,TRANSFERENCIA EMITIDA,2024-01-04T18:18:00,false
1549,559,6,card_payment,-4.35,2645.84,COMPRA EL RINCÓN DE SAN MARCOS,2024-01-04T19:27:00,false
1550,304,103,card_payment,-116.68,3318.30,COMPRA MUEBLES EL FARO,2024-01-04T20:26:00,false
1551,1078,,transfer_in,784.28,1984.34,TRANSFERENCIA RECIBIDA,2024-01-05T08:17:00,false
1552,851,,direct_debit,-19.34,455.40,RECIBO DOMICILIADO,2024-01-05T09:35:00,false
1553,327,,direct_debit,-59.33,2138.82,RECIBO DOMICILIADO,2024-01-05T09:52:00,false
1554,1075,,atm_withdrawal,-150.00,1088.31,REINTEGRO CAJERO,2024-01-05T09:55:00,false
1555,186,151,card_payment,-20.05,2322.57,COMPRA FARMACIA MODERNO,2024-01-05T10:04:00,false
1556,805,,direct_debit,-21.57,2605.82,RECIBO DOMICILIADO,2024-01-05T10:27:00,false
1557,988,13,card_payment,-3.30,741.72,COMPRA RESTAURANTE SAN MARCOS,2024-01-05T11:06:00,false
1558,136,,interest,2.27,1119.04,ABONO INTERESES,2024-01-05T13:18:00,false
1559,954,,direct_debit,-32.64,3948.73,RECIBO DOMICILIADO,2024-01-05T13:50:00,false
1560,250,,direct_debit,-63.96,1664.16,RECIBO DOMICILIADO,2024-01-05T13:55:00,false
1561,1067,,direct_debit,-11.10,5034.77,RECIBO DOMICILIADO,2024-01-05T14:49:00,false
1562,30,36,card_payment,-22.77,4109.41,COMPRA PELUQUERÍA GRAN VÍA,2024-01-05T15:30:00,false
1563,688,,direct_debit,-51.86,3370.86,RECIBO DOMICILIADO,2024-01-05T17:11:00,false
1564,980,125,card_payment,-76.44,2391.67,COMPRA ELECTRO SAN MARCOS,2024-01-05T18:10:00,false
1565,1067,,direct_debit,-41.14,4993.63,RECIBO DOMICILIADO,2024-01-05T21:28:00,false
1566,667,,transfer_out,-172.55,2201.75,TRANSFERENCIA EMITIDA,2024-01-06T09:03:00,false
1567,609,,direct_debit,-29.25,3241.38,RECIBO DOMICILIADO,2024-01-06T12:06:00,false
1568,667,,direct_debit,-22.12,2179.63,RECIBO DOMICILIADO,2024-01-06T12:16:00,false
1569,155,,direct_debit,-18.93,3444.72,RECIBO DOMICILIADO,2024-01-06T13:58:00,false
1570,881,,direct_debit,-256.82,5105.50,RECIBO DOMICILIADO,2024-01-06T15:51:00,false
1571,387,33,card_payment,-12.99,1619.60,COMPRA LIBRERÍA DEL PUERTO,2024-01-06T16:37:00,true
1572,607,,direct_debit,-35.77,1866.94,RECIBO DOMICILIADO,2024-01-06T19:00:00,false
1573,455,,direct_debit,-96.33,2227.00,RECIBO DOMICILIADO,2024-01-07T09:19:00,false
1574,815,39,card_payment,-26.01,3501.91,COMPRA LA TIENDA DE REAL,2024-01-07T12:39:00,false
1575,560,,direct_debit,-28.16,1054.66,RECIBO DOMICILIADO,2024-01-07T13:49:00,false
1576,661,,direct_debit,-13.55,4436.69,RECIBO DOMICILIADO,2024-01-07T14:07:00,false
1577,1088,,interest,6.13,3527.87,ABONO INTERESES,2024-01-07T20:03:00,false
1578,54,125,card_payment,-30.60,3177.56,COMPRA ELECTRO SAN MARCOS,2024-01-08T11:24:00,false
1579,135,,transfer_in,738.34,3519.13,TRANSFERENCIA RECIBIDA,2024-01-08T11:31:00,false
1580,838,69,card_payment,-21.64,3788.67,COMPRA PELUQUERÍA LA ESQUINA,2024-01-08T13:58:00,false
1581,603,22,card_payment,-55.62,3787.08,COMPRA PELUQUERÍA DEL CARMEN,2024-01-08T16:15:00,false
1582,339,144,card_payment,-6.51,2623.21,COMPRA LIBRERÍA REAL,2024-01-08T17:08:00,true
1583,441,,transfer_in,383.59,3346.53,TRANSFERENCIA RECIBIDA,2024-01-09T14:45:00,false
1584,744,155,card_payment,-30.71,3117.53,COMPRA LIBRERÍA LOS ARCOS,2024-01-09T18:32:00,false
1585,722,,transfer_out,-223.30,1653.46,TRANSFERENCIA EMITIDA,2024-01-09T18:58:00,false
1586,717,179,card_payment,-20.32,662.39,COMPRA CAFETERÍA REAL,2024-01-09T20:22:00,true
1587,523,91,card_payment,-2.58,1012.55,COMPRA MUEBLES MODERNO,2024-01-09T20:46:00,false
1588,418,,fee,-2.50,3630.94,COMISION MANTENIMIENTO,2024-01-10T10:37:00,false
1589,478,,transfer_out,-397.33,347.73,TRANSFERENCIA EMITIDA,2024-01-10T11:24:00,false
1590,376,,transfer_in,525.77,1734.66,TRANSFERENCIA RECIBIDA,2024-01-10T16:16:00,false
1591,327,51,card_payment,-42.30,2096.52,COMPRA MUEBLES LOS ARCOS,2024-01-10T17:41:00,false
1592,691,77,card_payment,-24.89,208.47,COMPRA BAR LA ESTRELLA,2024-01-10T17:49:00,false
1593,796,94,card_payment,-21.72,3823.17,COMPRA BAR CENTRAL,2024-01-10T19:58:00,false
1594,828,34,card_payment,-12.39,947.59,COMPRA CAFETERÍA DEL SOL,2024-01-11T12:11:00,false
1595,40,95,card_payment,-22.19,328.46,COMPRA EL RINCÓN DE SAN MARCOS,2024-01-12T11:26:00,false
1596,28,30,card_payment,-60.31,300.63,COMPRA LA TIENDA DE BUENAVISTA,2024-01-12T12:35:00,false
1597,298,55,card_payment,-27.14,3251.75,COMPRA CAFETERÍA REAL,2024-01-12T13:49:00,false
1598,650,28,card_payment,-1.48,4899.28,COMPRA PANADERÍA NUEVO,2024-01-12T14:02:00,false
1599,762,53,card_payment,-62.55,3145.35,COMPRA LIBRERÍA DEL CARMEN,2024-01-12T15:50:00,true
1600,500,26,card_payment,-32.54,4305.92,COMPRA LA TIENDA DE GRAN VÍA,2024-01-13T10:31:00,false
1601,625,67,card_payment,-72.45,1807.36,COMPRA PELUQUERÍA BUENAVISTA,2024-01-13T12:08:00,false
1602,371,,transfer_in,178.22,4226.97,TRANSFERENCIA RECIBIDA,2024-01-13T14:04:00,false
1603,424,,transfer_out,-108.54,1732.32,TRANSFERENCIA EMITIDA,2024-01-13T20:22:00,false
1604,815,,transfer_out,-265.72,3236.19,TRANSFERENCIA EMITIDA,2024-01-14T09:18:00,false
1605,265,,atm_withdrawal,-150.00,140.39,REINTEGRO CAJERO,2024-01-14T13:06:00,false
1606,235,145,card_payment,-7.88,3413.45,COMPRA LIBRERÍA DEL SOL,2024-01-14T15:01:00,false
1607,710,1,card_payment,-10.44,3031.54,COMPRA ELECTRO BUENAVISTA,2024-01-14T16:02:00,true
1608,657,164,card_payment,-7.10,405.13,COMPRA LIBRERÍA REAL,2024-01-15T11:28:00,false
1609,956,,transfer_in,234.70,1353.57,TRANSFERENCIA RECIBIDA,2024-01-15T11:36:00,false
1610,716,38,card_payment,-13.39,3170.02,COMPRA ÓPTICA DEL PUERTO,2024-01-16T11:42:00,false
1611,923,,atm_withdrawal,-200.00,2914.44,REINTEGRO CAJERO,2024-01-16T18:11:00,false
1612,311,88,card_payment,-16.76,1701.36,COMPRA TALLER SAN MARCOS,2024-01-16T19:09:00,false
1613,286,,interest,4.91,830.83,ABONO INTERESES,2024-01-17T08:28:00,false
1614,153,,transfer_in,180.04,2098.08,TRANSFERENCIA RECIBIDA,2024-01-17T11:43:00,false
1615,486,,fee,-2.50,1136.18,COMISION MANTENIMIENTO,2024-01-17T15:53:00,false
1616,171,30,card_payment,-8.05,685.20,COMPRA LA TIENDA DE BUENAVISTA,2024-01-17T20:26:00,false
1617,688,34,card_payment,-31.50,3339.36,COMPRA CAFETERÍA DEL SOL,2024-01-18T10:58:00,false
1618,950,,atm_withdrawal,-20.00,1305.72,REINTEGRO CAJERO,2024-01-18T11:31:00,false
1619,874,138,card_payment,-34.70,7582.85,COMPRA RESTAURANTE CENTRAL,2024-01-18T12:46:00,false
1620,413,74,card_payment,-24.13,1674.72,COMPRA ELECTRO LOS ARCOS,2024-01-18T14:46:00,false
1621,134,,transfer_out,-201.93,114.94,TRANSFERENCIA EMITIDA,2024-01-18T16:48:00,false
1622,699,77,card_payment,-9.26,1293.13,COMPRA BAR LA ESTRELLA,2024-01-18T19:00:00,false
1623,332,161,card_payment,-122.40,756.69,COMPRA ELECTRO BUENAVISTA,2024-01-19T12:06:00,false
1624,485,,atm_withdrawal,-150.00,2502.88,REINTEGRO CAJERO,2024-01-19T13:05:00,false
1625,1031,,atm_withdrawal,-150.00,2621.58,REINTEGRO CAJERO,2024-01-19T15:17:00,false
1626,859,,atm_withdrawal,-60.00,1089.42,REINTEGRO CAJERO,2024-01-19T17:32:00,false
1627,977,,transfer_out,-827.52,1289.65,TRANSFERENCIA EMITIDA,2024-01-21T11:55:00,false
1628,708,72,card_payment,-31.92,2506.16,COMPRA ÓPTICA LA PLAZA,2024-01-22T08:53:00,false
1629,980,,atm_withdrawal,-100.00,2291.67,REINTEGRO CAJERO,2024-01-22T12:25:00,false
1630,1071,,transfer_in,334.70,3552.57,TRANSFERENCIA RECIBIDA,2024-01-22T12:26:00,false
1631,1088,47,card_payment,-2.08,3525.79,COMPRA BAR NUEVO,2024-01-22T14:46:00,false
1632,703,29,card_payment,-13.48,1740.66,COMPRA CASA NUEVO,2024-01-22T20:24:00,false
1633,572,,transfer_out,-570.28,4307.87,TRANSFERENCIA EMITIDA,2024-01-23T08:17:00,false
1634,511,91,card_payment,-4.39,50.44,COMPRA MUEBLES MODERNO,2024-01-23T10:07:00,false
1635,759,127,card_payment,-12.68,2483.04,COMPRA ÓPTICA SAN MARCOS,2024-01-24T19:21:00,false
1636,979,24,card_payment,-11.37,115.13,COMPRA ELECTRO DEL PUERTO,2024-01-25T11:47:00,false
1637,454,,transfer_out,-534.02,1199.72,TRANSFERENCIA EMITIDA,2024-01-25T12:12:00,false
1638,525,,fee,-12.00,2575.87,COMISION MANTENIMIENTO,2024-01-25T12:38:00,false
1639,51,15,card_payment,-20.15,1416.03,COMPRA ELECTRO LOS ARCOS,2024-01-25T18:33:00,false
1640,263,,salary,2223.96,6982.23,NOMINA,2024-01-25T18:39:00,false
1641,406,,transfer_in,49.31,2635.31,TRANSFERENCIA RECIBIDA,2024-01-25T18:59:00,false
1642,1075,,transfer_in,965.35,2053.66,TRANSFERENCIA RECIBIDA,2024-01-26T12:40:00,false
1643,752,63,card_payment,-20.95,478.87,COMPRA FARMACIA LOS ARCOS,2024-01-26T13:25:00,false
1644,270,,transfer_out,-972.82,680.08,TRANSFERENCIA EMITIDA,2024-01-26T13:29:00,false
1645,286,40,card_payment,-5.75,825.08,COMPRA EL RINCÓN DE REAL,2024-01-26T14:41:00,true
1646,735,159,card_payment,-7.61,8.56,COMPRA ÓPTICA CENTRAL,2024-01-26T17:38:00,false
1647,176,104,card_payment,-40.18,3609.69,COMPRA BAR NUEVO,2024-01-26T19:15:00,false
1648,791,,transfer_out,-416.02,1946.99,TRANSFERENCIA EMITIDA,2024-01-27T12:02:00,false
1649,86,145,card_payment,-77.20,2655.30,COMPRA LIBRERÍA DEL SOL,2024-01-27T16:07:00,false
1650,354,,transfer_out,-534.04,2070.77,TRANSFERENCIA EMITIDA,2024-01-27T16:08:00,false
1651,547,,salary,1226.27,2957.97,NOMINA,2024-01-27T16:22:00,false
1652,397,,salary,2481.53,5249.09,NOMINA,2024-01-27T18:22:00,false
1653,176,95,card_payment,-4.31,3605.38,COMPRA EL RINCÓN DE SAN MARCOS,2024-01-27T21:08:00,false
1654,636,,transfer_out,-1120.27,770.60,TRANSFERENCIA EMITIDA,2024-01-28T08:33:00,false
1655,371,81,card_payment,-9.75,4217.22,COMPRA CASA LOS ARCOS,2024-01-28T11:28:00,true
1656,789,70,card_payment,-4.35,6472.32,COMPRA EL RINCÓN DE LA ESTRELLA,2024-01-28T12:05:00,false
1657,1045,99,card_payment,-15.54,1624.17,COMPRA FARMACIA LA PLAZA,2024-01-28T17:48:00,true
1658,575,133,card_payment,-11.43,804.51,COMPRA ELECTRO GRAN VÍA,2024-01-28T18:14:00,false
1659,458,55,card_payment,-34.54,1606.59,COMPRA CAFETERÍA REAL,2024-01-28T18:34:00,false
1660,570,118,card_payment,-58.54,2809.39,COMPRA TALLER EL FARO,2024-01-28T19:47:00,false
1661,793,,transfer_in,194.08,2109.08,TRANSFERENCIA RECIBIDA,2024-01-28T20:28:00,false
1662,212,,atm_withdrawal,-50.00,2323.20,REINTEGRO CAJERO,2024-01-28T20:40:00,false
1663,54,,transfer_out,-621.42,2556.14,TRANSFERENCIA EMITIDA,2024-01-29T08:53:00,false
1664,891,145,card_payment,-46.79,2710.86,COMPRA LIBRERÍA DEL SOL,2024-01-29T10:27:00,false
1665,907,,transfer_out,-21.62,950.10,TRANSFERENCIA EMITIDA,2024-01-29T11:14:00,false
1666,854,32,card_payment,-26.59,4882.99,COMPRA CASA NUEVO,2024-01-29T14:55:00,true
1667,945,93,card_payment,-79.00,3015.93,COMPRA ELECTRO LOS ARCOS,2024-01-29T16:45:00,false
1668,1,,transfer_out,-187.80,4646.57,TRANSFERENCIA EMITIDA,2024-01-29T19:01:00,false
1669,815,139,card_payment,-5.53,3230.66,COMPRA RESTAURANTE DEL CARMEN,2024-01-30T08:19:00,true
1670,848,6,card_payment,-8.61,1819.30,COMPRA EL RINCÓN DE SAN MARCOS,2024-01-30T09:32:00,false
1671,395,119,card_payment,-293.57,1962.77,COMPRA TALLER NUEVO,2024-01-30T11:01:00,false
1672,1042,91,card_payment,-95.22,2503.70,COMPRA MUEBLES MODERNO,2024-01-31T10:34:00,false
1673,17,,transfer_out,-445.06,2225.55,TRANSFERENCIA EMITIDA,2024-01-31T11:33:00,false
1674,608,95,card_payment,-22.84,4067.66,COMPRA EL RINCÓN DE SAN MARCOS,2024-01-31T13:02:00,false
1675,804,38,card_payment,-6.77,1629.84,COMPRA ÓPTICA DEL PUERTO,2024-01-31T15:04:00,false
1676,387,,fee,-12.00,1607.60,COMISION MANTENIMIENTO,2024-01-31T16:18:00,false
1677,858,60,card_payment,-16.31,270.28,COMPRA FARMACIA EL FARO,2024-02-01T08:33:00,false
1678,906,,direct_debit,-34.65,3513.67,RECIBO DOMICILIADO,2024-02-01T13:35:00,false
1679,200,32,card_payment,-56.93,1921.48,COMPRA CASA NUEVO,2024-02-01T13:39:00,true
1680,559,78,card_payment,-5.13,2640.71,COMPRA LA TIENDA DE EL FARO,2024-02-01T14:14:00,false
1681,118,,fee,-12.00,2147.98,COMISION MANTENIMIENTO,2024-02-01T14:34:00,false
1682,716,,transfer_in,695.49,3865.51,TRANSFERENCIA RECIBIDA,2024-02-01T16:31:00,false
1683,431,,direct_debit,-25.28,1227.50,RECIBO DOMICILIADO,2024-02-01T17:25:00,false
1684,503,128,card_payment,-14.77,2113.30,COMPRA LA TIENDA DE DEL PUERTO,2024-02-01T17:38:00,false
1685,636,,direct_debit,-50.60,720.00,RECIBO DOMICILIADO,2024-02-02T08:57:00,false
1686,658,,direct_debit,-72.52,710.41,RECIBO DOMICILIADO,2024-02-02T09:18:00,false
1687,99,,direct_debit,-45.88,3224.56,RECIBO DOMICILIADO,2024-02-02T15:23:00,false
1688,1009,164,card_payment,-67.03,375.68,COMPRA LIBRERÍA REAL,2024-02-02T16:35:00,false
1689,290,,direct_debit,-62.21,3709.26,RECIBO DOMICILIADO,2024-02-03T08:22:00,false
1690,931,,direct_debit,-56.32,3897.79,RECIBO DOMICILIADO,2024-02-03T08:25:00,false
1691,543,152,card_payment,-38.86,1899.14,COMPRA LIBRERÍA DEL CARMEN,2024-02-03T14:59:00,false
1692,329,,direct_debit,-19.38,517.44,RECIBO DOMICILIADO,2024-02-03T18:22:00,false
1693,301,,direct_debit,-40.56,2856.52,RECIBO DOMICILIADO,2024-02-03T20:00:00,false
1694,1088,,fee,-3.00,3522.79,COMISION MANTENIMIENTO,2024-02-03T20:21:00,false
1695,698,,transfer_in,33.93,2100.69,TRANSFERENCIA RECIBIDA,2024-02-03T20:32:00,false
1696,294,,direct_debit,-85.96,879.56,RECIBO DOMICILIADO,2024-02-04T11:29:00,false
1697,1048,,transfer_out,-243.53,1715.59,TRANSFERENCIA EMITIDA,2024-02-04T14:21:00,false
1698,850,,fee,-12.00,3154.73,COMISION MANTENIMIENTO,2024-02-04T14:34:00,false
1699,701,,fee,-2.50,2142.13,COMISION MANTENIMIENTO,2024-02-04T15:00:00,false
1700,58,26,card_payment,-11.11,4000.63,COMPRA LA TIENDA DE GRAN VÍA,2024-02-04T18:41:00,false
1701,387,,direct_debit,-184.57,1423.03,RECIBO DOMICILIADO,2024-02-04T18:56:00,false
1702,493,,direct_debit,-67.70,2352.43,RECIBO DOMICILIADO,2024-02-04T19:49:00,false
1703,777,121,card_payment,-19.10,3126.96,COMPRA MUEBLES LA ESTRELLA,2024-02-05T12:57:00,false
1704,525,166,card_payment,-64.37,2511.50,COMPRA LA TIENDA DE BUENAVISTA,2024-02-05T13:32:00,true
1705,727,,transfer_out,-1477.16,630.90,TRANSFERENCIA EMITIDA,2024-02-05T13:59:00,false
1706,926,,transfer_out,-563.25,4560.18,TRANSFERENCIA EMITIDA,2024-02-05T17:24:00,false
1707,814,,direct_debit,-18.76,1727.36,RECIBO DOMICILIADO,2024-02-05T19:04:00,false
1708,804,,direct_debit,-17.35,1612.49,RECIBO DOMICILIADO,2024-02-05T19:59:00,false
1709,731,,atm_withdrawal,-100.00,711.02,REINTEGRO CAJERO,2024-02-05T20:09:00,false
1710,306,62,card_payment,-207.44,263.53,COMPRA PELUQUERÍA DEL PUERTO,2024-02-05T20:20:00,false
1711,760,,direct_debit,-27.67,4237.32,RECIBO DOMICILIADO,2024-02-06T12:56:00,false
1712,868,,transfer_in,634.06,1457.57,TRANSFERENCIA RECIBIDA,2024-02-06T13:03:00,false
1713,121,,direct_debit,-15.61,1873.46,RECIBO DOMICILIADO,2024-02-06T17:07:00,false
1714,959,,direct_debit,-29.63,3050.29,RECIBO DOMICILIADO,2024-02-06T17:40:00,false
1715,760,,transfer_in,526.27,4763.59,TRANSFERENCIA RECIBIDA,2024-02-06T20:36:00,false
1716,290,39,card_payment,-13.27,3695.99,COMPRA LA TIENDA DE REAL,2024-02-06T21:10:00,false
1717,347,,direct_debit,-63.10,3146.56,RECIBO DOMICILIADO,2024-02-07T08:19:00,false
1718,419,13,card_payment,-3.78,1450.09,COMPRA RESTAURANTE SAN MARCOS,2024-02-07T11:58:00,false
1719,185,,direct_debit,-54.72,469.14,RECIBO DOMICILIADO,2024-02-07T17:30:00,false
1720,537,,transfer_out,-252.08,3033.60,TRANSFERENCIA EMITIDA,2024-02-07T18:22:00,false
1721,1046,154,card_payment,-9.65,2128.30,COMPRA ÓPTICA DEL SOL,2024-02-07T20:33:00,false
1722,114,115,card_payment,-50.10,626.71,COMPRA FARMACIA DEL PUERTO,2024-02-08T11:02:00,false
1723,1041,98,card_payment,-18.27,3309.84,COMPRA SUPERMERCADO EL FARO,2024-02-08T12:12:00,false
1724,237,170,card_payment,-16.28,3675.17,COMPRA BAR MODERNO,2024-02-08T13:10:00,false
1725,838,165,card_payment,-45.96,3742.71,COMPRA LA TIENDA DE DEL CARMEN,2024-02-08T14:33:00,false
1726,394,11,card_payment,-53.57,3436.40,COMPRA LA TIENDA DE MODERNO,2024-02-09T15:28:00,false
1727,421,74,card_payment,-18.94,3686.78,COMPRA ELECTRO LOS ARCOS,2024-02-09T20:19:00,false
1728,413,93,card_payment,-19.87,1654.85,COMPRA ELECTRO LOS ARCOS,2024-02-09T20:53:00,false
1729,397,,atm_withdrawal,-60.00,5189.09,REINTEGRO CAJERO,2024-02-09T20:59:00,false
1730,963,,interest,1.24,3090.66,ABONO INTERESES,2024-02-10T08:23:00,false
1731,667,,transfer_in,648.49,2828.12,TRANSFERENCIA RECIBIDA,2024-02-10T14:31:00,false
1732,995,,transfer_in,452.98,2655.63,TRANSFERENCIA RECIBIDA,2024-02-10T18:44:00,false
1733,801,149,card_payment,-14.28,517.23,COMPRA PELUQUERÍA EL FARO,2024-02-11T09:00:00,false
1734,653,142,card_payment,-23.62,-575.45,COMPRA MUEBLES EL FARO,2024-02-11T11:34:00,false
1735,779,,transfer_in,87.73,1651.40,TRANSFERENCIA RECIBIDA,2024-02-11T18:35:00,false
1736,402,130,card_payment,-7.68,2209.93,COMPRA PELUQUERÍA EL FARO,2024-02-11T19:58:00,true
1737,738,153,card_payment,-27.33,3454.30,COMPRA PELUQUERÍA SAN MARCOS,2024-02-12T13:13:00,false
1738,743,128,card_payment,-320.91,3548.32,COMPRA LA TIENDA DE DEL PUERTO,2024-02-13T08:28:00,false
1739,913,4,card_payment,-13.43,3344.13,COMPRA LIBRERÍA LOS ARCOS,2024-02-13T11:26:00,false
1740,603,,atm_withdrawal,-100.00,3687.08,REINTEGRO CAJERO,2024-02-13T11:57:00,false
1741,820,80,card_payment,-37.49,840.65,COMPRA LA TIENDA DE LA PLAZA,2024-02-13T12:45:00,false
1742,1089,111,card_payment,-11.10,2704.34,COMPRA EL RINCÓN DE EL FARO,2024-02-13T13:58:00,false
1743,431,85,card_payment,-3.33,1224.17,COMPRA ELECTRO CENTRAL,2024-02-13T14:56:00,false
1744,504,103,card_payment,-16.90,2480.66,COMPRA MUEBLES EL FARO,2024-02-13T17:45:00,false
1745,226,29,card_payment,-24.57,2569.42,COMPRA CASA NUEVO,2024-02-13T19:15:00,false
1746,508,48,card_payment,-104.47,4456.52,COMPRA CAFETERÍA DEL CARMEN,2024-02-13T19:26:00,false
1747,995,,transfer_in,430.78,3086.41,TRANSFERENCIA RECIBIDA,2024-02-14T10:05:00,false
1748,33,,atm_withdrawal,-60.00,97.92,REINTEGRO CAJERO,2024-02-14T10:12:00,false
1749,85,144,card_payment,-5.91,570.59,COMPRA LIBRERÍA REAL,2024-02-14T11:55:00,true
1750,160,36,card_payment,-48.75,1774.90,COMPRA PELUQUERÍA GRAN VÍA,2024-02-14T12:18:00,false
1751,793,,transfer_in,18.82,2127.90,TRANSFERENCIA RECIBIDA,2024-02-14T13:34:00,false
1752,914,92,card_payment,-39.25,1772.94,COMPRA CAFETERÍA EL FARO,2024-02-14T14:08:00,false
1753,977,32,card_payment,-89.26,1200.39,COMPRA CASA NUEVO,2024-02-14T19:10:00,true
1754,203,122,card_payment,-29.07,3122.57,COMPRA CASA NUEVO,2024-02-15T11:30:00,false
1755,431,166,card_payment,-9.73,1214.44,COMPRA LA TIENDA DE BUENAVISTA,2024-02-15T17:18:00,true
1756,850,5,card_payment,-32.45,3122.28,COMPRA ELECTRO NUEVO,2024-02-15T19:32:00,false
1757,993,7,card_payment,-14.58,3162.58,COMPRA PELUQUERÍA LOS ARCOS,2024-02-16T11:28:00,false
1758,89,,atm_withdrawal,-150.00,1596.75,REINTEGRO CAJERO,2024-02-16T21:01:00,false
1759,528,,transfer_in,42.82,1436.87,TRANSFERENCIA RECIBIDA,2024-02-17T10:02:00,false
1760,290,131,card_payment,-1.92,3694.07,COMPRA PANADERÍA MODERNO,2024-02-17T11:33:00,false
1761,850,110,card_payment,-12.31,3109.97,COMPRA PANADERÍA EL FARO,2024-02-17T16:57:00,false
1762,668,21,card_payment,-19.63,102.79,COMPRA RESTAURANTE MODERNO,2024-02-17T18:00:00,false
1763,132,,atm_withdrawal,-20.00,1387.85,REINTEGRO CAJERO,2024-02-17T20:11:00,false
1764,468,,fee,-3.00,767.66,COMISION MANTENIMIENTO,2024-02-18T09:37:00,false
1765,555,,transfer_out,-38.76,1091.83,TRANSFERENCIA EMITIDA,2024-02-18T10:40:00,false
1766,259,129,card_payment,-6.11,120.17,COMPRA ELECTRO DEL PUERTO,2024-02-18T11:27:00,false
1767,800,,transfer_in,749.18,1030.48,TRANSFERENCIA RECIBIDA,2024-02-18T13:24:00,false
1768,476,132,card_payment,-8.33,2560.35,COMPRA CAFETERÍA LA ESTRELLA,2024-02-18T16:55:00,false
1769,253,137,card_payment,-12.32,3322.69,COMPRA ÓPTICA CENTRAL,2024-02-18T17:40:00,false
1770,765,39,card_payment,-13.80,3148.20,COMPRA LA TIENDA DE REAL,2024-02-19T08:25:00,false
1771,297,11,card_payment,-54.55,1704.93,COMPRA LA TIENDA DE MODERNO,2024-02-19T09:29:00,false
1772,826,73,card_payment,-37.23,1912.53,COMPRA MUEBLES MODERNO,2024-02-19T12:56:00,false
1773,711,,transfer_out,-608.79,1206.80,TRANSFERENCIA EMITIDA,2024-02-19T13:08:00,false
1774,891,7,card_payment,-13.62,2697.24,COMPRA PELUQUERÍA LOS ARCOS,2024-02-19T13:37:00,false
1775,446,125,card_payment,-12.85,4259.77,COMPRA ELECTRO SAN MARCOS,2024-02-19T18:27:00,false
1776,82,,transfer_in,671.06,1977.50,TRANSFERENCIA RECIBIDA,2024-02-19T19:53:00,false
1777,420,64,card_payment,-7.55,462.47,COMPRA LA TIENDA DE SAN MARCOS,2024-02-20T09:12:00,false
1778,773,49,card_payment,-14.62,2476.20,COMPRA LA TIENDA DE LOS ARCOS,2024-02-20T17:19:00,false
1779,652,33,card_payment,-195.15,2650.94,COMPRA LIBRERÍA DEL PUERTO,2024-02-20T21:17:00,true
1780,773,49,card_payment,-6.69,2469.51,COMPRA LA TIENDA DE LOS ARCOS,2024-02-21T10:56:00,false
1781,50,,fee,-2.50,1561.16,COMISION MANTENIMIENTO,2024-02-21T12:52:00,false
1782,478,140,card_payment,-35.05,312.68,COMPRA CASA DEL PUERTO,2024-02-21T18:04:00,false
1783,132,12,card_payment,-7.34,1380.51,COMPRA MUEBLES LA ESQUINA,2024-02-21T19:37:00,false
1784,352,90,card_payment,-83.05,893.76,COMPRA LA TIENDA DE LOS ARCOS,2024-02-22T10:35:00,false
1785,298,67,card_payment,-12.30,3239.45,COMPRA PELUQUERÍA BUENAVISTA,2024-02-22T17:09:00,false
1786,566,104,card_payment,-19.01,2039.38,COMPRA BAR NUEVO,2024-02-22T17:09:00,false
1787,511,169,card_payment,-14.42,36.02,COMPRA CAFETERÍA SAN MARCOS,2024-02-23T08:14:00,false
1788,256,134,card_payment,-25.27,3629.01,COMPRA BAR REAL,2024-02-23T11:16:00,false
1789,980,,transfer_in,117.72,2409.39,TRANSFERENCIA RECIBIDA,2024-02-23T18:00:00,false
1790,330,158,card_payment,-24.46,4384.24,COMPRA CASA EL FARO,2024-02-23T18:15:00,false
1791,232,,transfer_out,-158.16,534.14,TRANSFERENCIA EMITIDA,2024-02-23T19:11:00,false
1792,607,,transfer_in,81.14,1948.08,TRANSFERENCIA RECIBIDA,2024-02-23T19:20:00,false
1793,493,67,card_payment,-43.41,2309.02,COMPRA PELUQUERÍA BUENAVISTA,2024-02-24T15:30:00,false
1794,992,148,card_payment,-14.67,3167.05,COMPRA PELUQUERÍA LA PLAZA,2024-02-24T18:58:00,false
1795,345,,salary,720.23,1175.06,NOMINA,2024-02-25T08:51:00,false
1796,812,,salary,2005.57,5605.50,NOMINA,2024-02-25T09:32:00,false
1797,463,,salary,2444.83,3625.61,NOMINA,2024-02-25T09:39:00,false
1798,998,,transfer_out,-93.61,3126.88,TRANSFERENCIA EMITIDA,2024-02-25T11:26:00,false
1799,891,63,card_payment,-29.32,2667.92,COMPRA FARMACIA LOS ARCOS,2024-02-25T12:05:00,false
1800,831,,salary,2400.03,5491.44,NOMINA,2024-02-25T13:12:00,false
1801,793,,transfer_in,442.31,2570.21,TRANSFERENCIA RECIBIDA,2024-02-25T19:12:00,false
1802,216,,salary,2246.46,3295.97,NOMINA,2024-02-26T09:47:00,false
1803,831,134,card_payment,-37.18,5454.26,COMPRA BAR REAL,2024-02-26T12:08:00,false
1804,504,,transfer_in,256.43,2737.09,TRANSFERENCIA RECIBIDA,2024-02-26T12:59:00,false
1805,209,76,card_payment,-14.84,1736.51,COMPRA LIBRERÍA SAN MARCOS,2024-02-26T13:26:00,false
1806,39,108,card_payment,-39.20,3017.43,COMPRA TALLER LA ESTRELLA,2024-02-26T13:40:00,true
1807,671,,salary,1636.67,2055.94,NOMINA,2024-02-26T17:46:00,false
1808,348,,transfer_out,-536.09,461.64,TRANSFERENCIA EMITIDA,2024-02-26T19:44:00,false
1809,790,68,card_payment,-14.01,968.45,COMPRA EL RINCÓN DE GRAN VÍA,2024-02-27T08:51:00,false
1810,295,,transfer_in,991.44,2419.31,TRANSFERENCIA RECIBIDA,2024-02-27T10:24:00,false
1811,352,,salary,1871.00,2764.76,NOMINA,2024-02-27T12:16:00,false
1812,66,163,card_payment,-42.56,1348.39,COMPRA ELECTRO SAN MARCOS,2024-02-27T13:42:00,false
1813,775,,salary,1537.59,2441.79,NOMINA,2024-02-27T14:26:00,false
1814,547,128,card_payment,-2.01,2955.96,COMPRA LA TIENDA DE DEL PUERTO,2024-02-27T15:21:00,false
1815,185,176,card_payment,-18.07,451.07,COMPRA RESTAURANTE NUEVO,2024-02-27T15:30:00,false
1816,403,,salary,1595.67,2647.55,NOMINA,2024-02-27T18:06:00,false
1817,762,,transfer_in,1300.39,4445.74,TRANSFERENCIA RECIBIDA,2024-02-27T19:17:00,false
1818,641,125,card_payment,-22.74,1247.84,COMPRA ELECTRO SAN MARCOS,2024-02-27T19:43:00,false
1819,730,102,card_payment,-173.35,2163.76,COMPRA LIBRERÍA LOS ARCOS,2024-02-27T21:23:00,true
1820,1074,,atm_withdrawal,-150.00,1558.25,REINTEGRO CAJERO,2024-02-27T21:24:00,false
1821,355,2,card_payment,-31.64,713.43,COMPRA CASA CENTRAL,2024-02-28T11:45:00,false
1822,218,74,card_payment,-36.66,-612.39,COMPRA ELECTRO LOS ARCOS,2024-02-28T12:39:00,false
1823,17,,salary,2166.29,4391.84,NOMINA,2024-02-28T15:42:00,false
1824,661,74,card_payment,-4.53,4432.16,COMPRA ELECTRO LOS ARCOS,2024-02-28T17:34:00,false
1825,428,78,card_payment,-15.36,782.63,COMPRA LA TIENDA DE EL FARO,2024-02-28T18:16:00,false
1826,204,109,card_payment,-20.25,4463.54,COMPRA EL RINCÓN DE GRAN VÍA,2024-02-28T21:07:00,false
1827,82,,transfer_in,870.57,2848.07,TRANSFERENCIA RECIBIDA,2024-02-29T09:31:00,false
1828,570,72,card_payment,-23.68,2785.71,COMPRA ÓPTICA LA PLAZA,2024-02-29T12:21:00,false
1829,333,,fee,-2.50,3969.34,COMISION MANTENIMIENTO,2024-02-29T12:45:00,false
1830,446,,transfer_out,-75.99,4183.78,TRANSFERENCIA EMITIDA,2024-02-29T17:15:00,false
1831,302,,direct_debit,-18.00,2554.05,RECIBO DOMICILIADO,2024-03-01T08:47:00,false
1832,413,,direct_debit,-37.00,1617.85,RECIBO DOMICILIADO,2024-03-01T11:06:00,false
1833,730,,direct_debit,-21.36,2142.40,RECIBO DOMICILIADO,2024-03-01T13:22:00,false
1834,186,,transfer_out,-1015.37,1307.20,TRANSFERENCIA EMITIDA,2024-03-01T13:42:00,false
1835,829,35,card_payment,-18.79,1923.74,COMPRA CAFETERÍA REAL,2024-03-01T15:22:00,false
1836,278,14,card_payment,-3.99,4289.68,COMPRA ÓPTICA MODERNO,2024-03-01T16:37:00,true
1837,74,,atm_withdrawal,-100.00,2879.14,REINTEGRO CAJERO,2024-03-01T18:09:00,false
1838,137,,direct_debit,-7.98,3467.66,RECIBO DOMICILIADO,2024-03-01T18:35:00,false
1839,351,,direct_debit,-9.05,1490.73,RECIBO DOMICILIADO,2024-03-01T19:56:00,false
1840,612,,direct_debit,-22.19,1971.09,RECIBO DOMICILIADO,2024-03-01T20:22:00,false
1841,252,45,card_payment,-3.36,1125.16,COMPRA LA TIENDA DE DEL SOL,2024-03-01T20:32:00,false
1842,5,,direct_debit,-58.57,1507.73,RECIBO DOMICILIADO,2024-03-02T09:54:00,false
1843,300,,direct_debit,-21.54,5402.00,RECIBO DOMICILIADO,2024-03-02T09:54:00,false
1844,252,,direct_debit,-9.59,1115.57,RECIBO DOMICILIADO,2024-03-02T11:08:00,false
1845,1050,,fee,-3.00,2279.88,COMISION MANTENIMIENTO,2024-03-02T16:33:00,false
1846,217,,transfer_in,930.29,5097.36,TRANSFERENCIA RECIBIDA,2024-03-02T16:42:00,false
1847,1011,134,card_payment,-31.66,2587.64,COMPRA BAR REAL,2024-03-02T16:46:00,false
1848,126,180,card_payment,-23.76,1188.38,COMPRA CAFETERÍA DEL CARMEN,2024-03-02T19:34:00,false
1849,184,174,card_payment,-5.76,3022.58,COMPRA EL RINCÓN DE BUENAVISTA,2024-03-02T20:05:00,true
1850,917,40,card_payment,-17.39,1290.07,COMPRA EL RINCÓN DE REAL,2024-03-02T21:00:00,true
1851,1063,175,card_payment,-12.70,2094.39,COMPRA LA TIENDA DE MODERNO,2024-03-02T21:02:00,false
1852,822,,direct_debit,-13.94,1341.03,RECIBO DOMICILIADO,2024-03-02T21:18:00,false
1853,468,,direct_debit,-28.42,739.24,RECIBO DOMICILIADO,2024-03-03T09:08:00,false
1854,452,,direct_debit,-82.80,1147.42,RECIBO DOMICILIADO,2024-03-03T09:30:00,false
1855,1030,80,card_payment,-49.70,1325.84,COMPRA LA TIENDA DE LA PLAZA,2024-03-03T10:39:00,false
1856,437,,direct_debit,-50.91,2980.76,RECIBO DOMICILIADO,2024-03-03T21:17:00,false
1857,746,51,card_payment,-14.48,1899.42,COMPRA MUEBLES LOS ARCOS,2024-03-04T09:45:00,false
1858,460,,direct_debit,-192.91,-17.93,RECIBO DOMICILIADO,2024-03-04T16:21:00,false
1859,96,,direct_debit,-42.37,390.78,RECIBO DOMICILIADO,2024-03-04T18:22:00,false
1860,838,,direct_debit,-71.20,3671.51,RECIBO DOMICILIADO,2024-03-04T20:01:00,false
1861,575,,direct_debit,-22.56,781.95,RECIBO DOMICILIADO,2024-03-04T20:02:00,false
1862,176,,direct_debit,-50.57,3554.81,RECIBO DOMICILIADO,2024-03-05T08:23:00,false
1863,835,102,card_payment,-106.34,3031.94,COMPRA LIBRERÍA LOS ARCOS,2024-03-05T09:44:00,true
1864,1050,,transfer_in,266.89,2546.77,TRANSFERENCIA RECIBIDA,2024-03-05T10:15:00,false
1865,138,,direct_debit,-44.98,1236.93,RECIBO DOMICILIADO,2024-03-05T11:05:00,false
1866,683,,direct_debit,-15.58,6018.36,RECIBO DOMICILIADO,2024-03-05T12:32:00,false
1867,447,,direct_debit,-70.22,860.51,RECIBO DOMICILIADO,2024-03-05T13:30:00,false
1868,988,74,card_payment,-106.61,635.11,COMPRA ELECTRO LOS ARCOS,2024-03-05T14:26:00,false
1869,592,33,card_payment,-13.52,771.30,COMPRA LIBRERÍA DEL PUERTO,2024-03-05T15:10:00,true
1870,740,125,card_payment,-64.83,1164.49,COMPRA ELECTRO SAN MARCOS,2024-03-05T16:59:00,false
1871,728,,direct_debit,-63.42,1632.90,RECIBO DOMICILIADO,2024-03-05T17:48:00,false
1872,731,,atm_withdrawal,-200.00,511.02,REINTEGRO CAJERO,2024-03-05T18:43:00,false
1873,384,,transfer_out,-923.32,897.21,TRANSFERENCIA EMITIDA,2024-03-06T09:44:00,false
1874,697,,direct_debit,-107.34,407.11,RECIBO DOMICILIADO,2024-03-06T10:59:00,false
1875,284,165,card_payment,-33.71,1346.67,COMPRA LA TIENDA DE DEL CARMEN,2024-03-06T16:11:00,false
1876,936,,direct_debit,-24.17,1883.89,RECIBO DOMICILIADO,2024-03-06T19:20:00,false
1877,63,,direct_debit,-22.70,2376.20,RECIBO DOMICILIADO,2024-03-07T11:16:00,false
1878,566,177,card_payment,-26.78,2012.60,COMPRA BAR MODERNO,2024-03-07T11:22:00,true
1879,397,169,card_payment,-19.57,5169.52,COMPRA CAFETERÍA SAN MARCOS,2024-03-07T11:27:00,false
1880,339,12,card_payment,-4.10,2619.11,COMPRA MUEBLES LA ESQUINA,2024-03-07T14:47:00,false
1881,10,,direct_debit,-13.50,2803.05,RECIBO DOMICILIADO,2024-03-07T18:35:00,false
1882,591,,direct_debit,-52.46,1028.38,RECIBO DOMICILIADO,2024-03-07T20:23:00,false
1883,651,,direct_debit,-129.95,-637.46,RECIBO DOMICILIADO,2024-03-07T20:54:00,false
1884,1024,136,card_payment,-5.88,471.63,COMPRA MUEBLES LA ESTRELLA,2024-03-07T21:01:00,false
1885,1091,,transfer_in,613.93,3418.23,TRANSFERENCIA RECIBIDA,2024-03-08T11:27:00,false
1886,420,151,card_payment,-25.46,437.01,COMPRA FARMACIA MODERNO,2024-03-08T12:20:00,false
1887,149,,fee,-4.50,2312.20,COMISION MANTENIMIENTO,2024-03-08T13:38:00,false
1888,680,,transfer_in,313.17,2984.76,TRANSFERENCIA RECIBIDA,2024-03-08T18:30:00,false
1889,612,,transfer_out,-648.79,1322.30,TRANSFERENCIA EMITIDA,2024-03-08T18:43:00,false
1890,230,15,card_payment,-5.33,934.39,COMPRA ELECTRO LOS ARCOS,2024-03-09T13:24:00,false
1891,273,,transfer_out,-105.82,3273.92,TRANSFERENCIA EMITIDA,2024-03-09T20:49:00,false
1892,36,33,card_payment,-4.64,3059.60,COMPRA LIBRERÍA DEL PUERTO,2024-03-10T13:25:00,true
1893,368,,transfer_out,-59.04,3822.88,TRANSFERENCIA EMITIDA,2024-03-10T20:13:00,false
1894,28,65,card_payment,-49.91,250.72,COMPRA LIBRERÍA EL FARO,2024-03-10T21:32:00,false
1895,353,117,card_payment,-24.48,496.28,COMPRA SUPERMERCADO REAL,2024-03-11T11:51:00,false
1896,855,,transfer_in,168.07,3982.96,TRANSFERENCIA RECIBIDA,2024-03-11T13:31:00,false
1897,712,,transfer_out,-584.79,-334.94,TRANSFERENCIA EMITIDA,2024-03-11T13:35:00,false
1898,331,14,card_payment,-128.08,1235.20,COMPRA ÓPTICA MODERNO,2024-03-11T15:05:00,true
1899,892,167,card_payment,-11.69,5453.33,COMPRA BAR NUEVO,2024-03-11T15:54:00,false
1900,573,,transfer_out,-425.82,1589.30,TRANSFERENCIA EMITIDA,2024-03-11T18:11:00,false
1901,1087,113,card_payment,-159.52,2569.89,COMPRA FARMACIA LOS ARCOS,2024-03-11T18:14:00,false
1902,1009,149,card_payment,-5.39,370.29,COMPRA PELUQUERÍA EL FARO,2024-03-11T19:50:00,false
1903,563,,transfer_out,-1373.70,69.13,TRANSFERENCIA EMITIDA,2024-03-11T20:51:00,false
1904,523,,transfer_in,745.41,1757.96,TRANSFERENCIA RECIBIDA,2024-03-12T11:19:00,false
1905,55,54,card_payment,-6.60,3600.98,COMPRA ELECTRO DEL PUERTO,2024-03-12T17:24:00,false
1906,238,42,card_payment,-25.09,2067.35,COMPRA EL RINCÓN DE LOS ARCOS,2024-03-12T19:05:00,false
1907,114,145,card_payment,-97.17,529.54,COMPRA LIBRERÍA DEL SOL,2024-03-13T12:51:00,false
1908,972,153,card_payment,-65.69,2016.16,COMPRA PELUQUERÍA SAN MARCOS,2024-03-13T14:18:00,false
1909,68,152,card_payment,-31.81,463.70,COMPRA LIBRERÍA DEL CARMEN,2024-03-13T21:27:00,false
1910,534,156,card_payment,-54.40,3746.61,COMPRA FARMACIA DEL CARMEN,2024-03-14T10:40:00,true
1911,770,121,card_payment,-11.44,2793.65,COMPRA MUEBLES LA ESTRELLA,2024-03-14T11:51:00,false
1912,290,33,card_payment,-10.52,3683.55,COMPRA LIBRERÍA DEL PUERTO,2024-03-14T12:03:00,true
1913,931,6,card_payment,-8.39,3889.40,COMPRA EL RINCÓN DE SAN MARCOS,2024-03-14T19:55:00,false
1914,906,,atm_withdrawal,-20.00,3493.67,REINTEGRO CAJERO,2024-03-14T20:30:00,false
1915,272,106,card_payment,-10.33,3251.94,COMPRA LIBRERÍA EL FARO,2024-03-15T11:59:00,false
1916,354,7,card_payment,-11.17,2059.60,COMPRA PELUQUERÍA LOS ARCOS,2024-03-15T20:54:00,false
1917,342,,transfer_in,647.35,1495.69,TRANSFERENCIA RECIBIDA,2024-03-16T10:38:00,false
1918,934,,atm_withdrawal,-200.00,2822.52,REINTEGRO CAJERO,2024-03-16T10:46:00,false
1919,34,,transfer_out,-398.17,1336.64,TRANSFERENCIA EMITIDA,2024-03-16T19:45:00,false
1920,458,62,card_payment,-12.76,1593.83,COMPRA PELUQUERÍA DEL PUERTO,2024-03-17T12:41:00,false
1921,395,141,card_payment,-13.31,1949.46,COMPRA LA TIENDA DE SAN MARCOS,2024-03-17T16:06:00,false
1922,809,,atm_withdrawal,-50.00,1461.29,REINTEGRO CAJERO,2024-03-17T18:32:00,false
1923,600,,transfer_in,153.35,4274.71,TRANSFERENCIA RECIBIDA,2024-03-17T20:24:00,false
1924,182,40,card_payment,-38.48,2738.96,COMPRA EL RINCÓN DE REAL,2024-03-18T12:45:00,true
1925,573,,atm_withdrawal,-200.00,1389.30,REINTEGRO CAJERO,2024-03-18T13:46:00,false
1926,737,,atm_withdrawal,-200.00,1219.16,REINTEGRO CAJERO,2024-03-18T13:51:00,false
1927,801,,transfer_in,92.28,609.51,TRANSFERENCIA RECIBIDA,2024-03-18T15:59:00,false
1928,300,44,card_payment,-95.44,5306.56,COMPRA LIBRERÍA SAN MARCOS,2024-03-18T17:30:00,false
1929,769,,atm_withdrawal,-20.00,761.13,REINTEGRO CAJERO,2024-03-18T18:21:00,false
1930,370,157,card_payment,-3.48,3116.00,COMPRA ELECTRO SAN MARCOS,2024-03-18T18:23:00,false
1931,340,,transfer_out,-154.53,1606.14,TRANSFERENCIA EMITIDA,2024-03-18T19:21:00,false
1932,212,14,card_payment,-5.84,2317.36,COMPRA ÓPTICA MODERNO,2024-03-19T09:42:00,true
1933,792,148,card_payment,-17.30,5794.43,COMPRA PELUQUERÍA LA PLAZA,2024-03-19T10:09:00,false
1934,477,56,card_payment,-26.28,364.01,COMPRA BAR REAL,2024-03-19T12:15:00,false
1935,573,,transfer_out,-610.80,778.50,TRANSFERENCIA EMITIDA,2024-03-19T14:48:00,false
1936,917,126,card_payment,-31.77,1258.30,COMPRA MUEBLES LA PLAZA,2024-03-19T17:25:00,false
1937,25,158,card_payment,-376.54,2354.45,COMPRA CASA EL FARO,2024-03-19T18:15:00,false
1938,944,,transfer_out,-505.83,334.30,TRANSFERENCIA EMITIDA,2024-03-19T18:22:00,false
1939,608,,atm_withdrawal,-50.00,4017.66,REINTEGRO CAJERO,2024-03-20T11:09:00,false
1940,393,102,card_payment,-4.14,1965.95,COMPRA LIBRERÍA LOS ARCOS,2024-03-20T14:34:00,true
1941,720,,transfer_in,606.98,618.49,TRANSFERENCIA RECIBIDA,2024-03-20T15:06:00,false
1942,9,45,card_payment,-7.27,127.08,COMPRA LA TIENDA DE DEL SOL,2024-03-20T18:07:00,false
1943,1082,79,card_payment,-25.80,2893.88,COMPRA CASA CENTRAL,2024-03-20T18:24:00,false
1944,817,23,card_payment,-10.67,3526.74,COMPRA CAFETERÍA GRAN VÍA,2024-03-20T19:12:00,false
1945,122,38,card_payment,-7.43,2792.94,COMPRA ÓPTICA DEL PUERTO,2024-03-20T19:21:00,false
1946,416,30,card_payment,-9.66,2828.86,COMPRA LA TIENDA DE BUENAVISTA,2024-03-21T12:44:00,false
1947,699,167,card_payment,-32.92,1260.21,COMPRA BAR NUEVO,2024-03-21T20:39:00,false
1948,911,60,card_payment,-15.78,1943.82,COMPRA FARMACIA EL FARO,2024-03-21T20:44:00,false
1949,371,94,card_payment,-112.09,4105.13,COMPRA BAR CENTRAL,2024-03-22T14:42:00,false
1950,455,69,card_payment,-203.42,2023.58,COMPRA PELUQUERÍA LA ESQUINA,2024-03-22T16:27:00,false
1951,740,30,card_payment,-13.82,1150.67,COMPRA LA TIENDA DE BUENAVISTA,2024-03-22T20:08:00,false
1952,466,59,card_payment,-47.78,3318.82,COMPRA LA TIENDA DE LA ESTRELLA,2024-03-23T08:05:00,false
1953,78,19,card_payment,-47.25,2738.41,COMPRA TALLER LOS ARCOS,2024-03-23T08:57:00,true
1954,625,152,card_payment,-12.64,1794.72,COMPRA LIBRERÍA DEL CARMEN,2024-03-23T09:47:00,false
1955,549,86,card_payment,-32.48,652.00,COMPRA PANADERÍA EL FARO,2024-03-23T10:55:00,true
1956,227,147,card_payment,-32.31,3999.45,COMPRA TALLER SAN MARCOS,2024-03-23T13:04:00,false
1957,305,71,card_payment,-56.39,3272.18,COMPRA ÓPTICA NUEVO,2024-03-23T17:45:00,false
1958,774,,atm_withdrawal,-100.00,2986.74,REINTEGRO CAJERO,2024-03-24T16:24:00,false
1959,233,84,card_payment,-17.95,4154.72,COMPRA CAFETERÍA LOS ARCOS,2024-03-24T17:10:00,true
1960,335,,transfer_out,-349.08,39.54,TRANSFERENCIA EMITIDA,2024-03-25T10:46:00,false
1961,24,,atm_withdrawal,-200.00,4779.33,REINTEGRO CAJERO,2024-03-25T10:57:00,false
1962,186,,salary,2027.97,3335.17,NOMINA,2024-03-25T11:00:00,false
1963,741,,transfer_out,-101.78,1632.46,TRANSFERENCIA EMITIDA,2024-03-25T15:41:00,false
1964,661,111,card_payment,-11.34,4420.82,COMPRA EL RINCÓN DE EL FARO,2024-03-25T19:06:00,false
1965,543,161,card_payment,-2.04,1897.10,COMPRA ELECTRO BUENAVISTA,2024-03-25T20:30:00,false
1966,213,172,card_payment,-4.58,1944.95,COMPRA EL RINCÓN DE MODERNO,2024-03-26T10:42:00,false
1967,742,,salary,1900.67,5483.47,NOMINA,2024-03-26T12:08:00,false
1968,811,,atm_withdrawal,-50.00,516.45,REINTEGRO CAJERO,2024-03-26T13:50:00,false
1969,734,158,card_payment,-47.81,3070.05,COMPRA CASA EL FARO,2024-03-26T13:55:00,false
1970,274,,transfer_in,147.35,4212.26,TRANSFERENCIA RECIBIDA,2024-03-26T16:19:00,false
1971,646,,salary,957.27,3104.17,NOMINA,2024-03-26T20:37:00,false
1972,193,87,card_payment,-36.42,1446.41,COMPRA LA TIENDA DE LA ESQUINA,2024-03-27T13:34:00,false
1973,737,,salary,2511.45,3730.61,NOMINA,2024-03-27T15:55:00,false
1974,1046,123,card_payment,-52.28,2076.02,COMPRA LIBRERÍA LOS ARCOS,2024-03-27T15:56:00,false
1975,508,169,card_payment,-10.81,4445.71,COMPRA CAFETERÍA SAN MARCOS,2024-03-28T10:12:00,false
1976,336,,atm_withdrawal,-20.00,851.17,REINTEGRO CAJERO,2024-03-28T11:48:00,false
1977,421,166,card_payment,-16.21,3670.57,COMPRA LA TIENDA DE BUENAVISTA,2024-03-28T13:04:00,true
1978,355,,transfer_out,-387.14,326.29,TRANSFERENCIA EMITIDA,2024-03-28T14:19:00,false
1979,824,,fee,-4.50,1188.73,COMISION MANTENIMIENTO,2024-03-28T17:33:00,false
1980,822,,transfer_out,-267.84,1073.19,TRANSFERENCIA EMITIDA,2024-03-28T19:32:00,false
1981,728,,salary,1299.69,2932.59,NOMINA,2024-03-28T21:38:00,false
1982,747,4,card_payment,-26.12,277.51,COMPRA LIBRERÍA LOS ARCOS,2024-03-29T10:57:00,false
1983,399,62,card_payment,-23.09,2547.10,COMPRA PELUQUERÍA DEL PUERTO,2024-03-29T11:05:00,false
1984,866,47,card_payment,-38.93,1025.52,COMPRA BAR NUEVO,2024-03-29T12:38:00,false
1985,351,,transfer_out,-534.19,956.54,TRANSFERENCIA EMITIDA,2024-03-29T16:01:00,false
1986,596,,transfer_in,728.25,2012.78,TRANSFERENCIA RECIBIDA,2024-03-29T16:01:00,false
1987,428,179,card_payment,-10.95,771.68,COMPRA CAFETERÍA REAL,2024-03-29T18:38:00,true
1988,248,87,card_payment,-44.39,758.47,COMPRA LA TIENDA DE LA ESQUINA,2024-03-30T12:21:00,false
1989,377,57,card_payment,-5.14,213.05,COMPRA ÓPTICA EL FARO,2024-03-30T12:57:00,false
1990,283,,transfer_out,-79.55,2418.70,TRANSFERENCIA EMITIDA,2024-03-30T13:01:00,false
1991,357,41,card_payment,-24.61,1136.85,COMPRA SUPERMERCADO EL FARO,2024-03-31T09:15:00,false
1992,538,,transfer_in,279.52,1600.36,TRANSFERENCIA RECIBIDA,2024-03-31T12:04:00,false
1993,1007,103,card_payment,-6.28,1945.90,COMPRA MUEBLES EL FARO,2024-03-31T13:28:00,false
1994,815,,transfer_out,-41.73,3188.93,TRANSFERENCIA EMITIDA,2024-03-31T16:25:00,false
1995,174,,interest,2.74,754.45,ABONO INTERESES,2024-03-31T16:35:00,false
1996,784,,transfer_out,-123.16,216.07,TRANSFERENCIA EMITIDA,2024-03-31T17:56:00,false
1997,109,,fee,-4.50,5356.10,COMISION MANTENIMIENTO,2024-04-01T14:47:00,false
1998,61,,direct_debit,-23.11,1188.07,RECIBO DOMICILIADO,2024-04-01T15:06:00,false
1999,515,,transfer_out,-873.94,2765.39,TRANSFERENCIA EMITIDA,2024-04-01T16:17:00,false
2000,708,103,card_payment,-30.97,2475.19,COMPRA MUEBLES EL FARO,2024-04-01T16:47:00,false
2001,802,,direct_debit,-109.20,2471.41,RECIBO DOMICILIADO,2024-04-01T17:59:00,false
2002,428,,direct_debit,-26.85,744.83,RECIBO DOMICILIADO,2024-04-01T18:31:00,false
2003,72,,direct_debit,-32.22,3077.97,RECIBO DOMICILIADO,2024-04-01T19:01:00,false
2004,1081,6,card_payment,-57.75,2558.91,COMPRA EL RINCÓN DE SAN MARCOS,2024-04-02T10:13:00,false
2005,257,176,card_payment,-6.33,-334.68,COMPRA RESTAURANTE NUEVO,2024-04-02T12:52:00,false
2006,597,12,card_payment,-20.57,3041.20,COMPRA MUEBLES LA ESQUINA,2024-04-02T12:56:00,false
2007,911,,direct_debit,-25.51,1918.31,RECIBO DOMICILIADO,2024-04-02T17:22:00,false
2008,649,57,card_payment,-2.55,2555.02,COMPRA ÓPTICA EL FARO,2024-04-02T17:37:00,false
2009,872,,direct_debit,-57.68,1207.94,RECIBO DOMICILIADO,2024-04-02T19:54:00,false
2010,988,,atm_withdrawal,-50.00,585.11,REINTEGRO CAJERO,2024-04-02T20:27:00,false
2011,688,,atm_withdrawal,-40.00,3299.36,REINTEGRO CAJERO,2024-04-03T08:14:00,false
2012,699,104,card_payment,-27.38,1232.83,COMPRA BAR NUEVO,2024-04-03T09:03:00,false
2013,913,116,card_payment,-56.54,3287.59,COMPRA ELECTRO MODERNO,2024-04-03T10:42:00,false
2014,184,,direct_debit,-26.21,2996.37,RECIBO DOMICILIADO,2024-04-03T20:57:00,false
2015,1010,,direct_debit,-41.14,3556.90,RECIBO DOMICILIADO,2024-04-04T10:54:00,false
2016,711,,direct_debit,-8.96,1197.84,RECIBO DOMICILIADO,2024-04-04T15:25:00,false
2017,643,,direct_debit,-12.76,3546.74,RECIBO DOMICILIADO,2024-04-04T15:30:00,false
2018,740,,direct_debit,-36.88,1113.79,RECIBO DOMICILIADO,2024-04-04T16:20:00,false
2019,875,37,card_payment,-5.61,3761.01,COMPRA BAR DEL SOL,2024-04-04T16:33:00,false
2020,843,153,card_payment,-26.33,2965.96,COMPRA PELUQUERÍA SAN MARCOS,2024-04-04T17:03:00,false
2021,1031,,direct_debit,-45.16,2576.42,RECIBO DOMICILIADO,2024-04-04T18:06:00,false
2022,272,37,card_payment,-11.92,3240.02,COMPRA BAR DEL SOL,2024-04-04T18:55:00,false
2023,377,,direct_debit,-27.79,185.26,RECIBO DOMICILIADO,2024-04-04T20:31:00,false
2024,1065,,transfer_out,-680.11,-526.03,TRANSFERENCIA EMITIDA,2024-04-05T08:06:00,false
2025,985,,direct_debit,-185.44,3357.02,RECIBO DOMICILIADO,2024-04-05T08:18:00,false
2026,932,,transfer_out,-263.50,362.49,TRANSFERENCIA EMITIDA,2024-04-05T11:09:00,false
2027,851,,direct_debit,-17.56,437.84,RECIBO DOMICILIADO,2024-04-05T12:21:00,false
2028,479,,transfer_out,-270.77,1628.61,TRANSFERENCIA EMITIDA,2024-04-05T13:04:00,false
2029,185,,fee,-12.00,439.07,COMISION MANTENIMIENTO,2024-04-05T13:25:00,false
2030,605,90,card_payment,-30.48,3194.42,COMPRA LA TIENDA DE LOS ARCOS,2024-04-05T13:28:00,false
2031,40,12,card_payment,-4.16,324.30,COMPRA MUEBLES LA ESQUINA,2024-04-05T14:49:00,false
2032,1046,,direct_debit,-13.90,2062.12,RECIBO DOMICILIADO,2024-04-05T14:53:00,false
2033,421,,direct_debit,-15.97,3654.60,RECIBO DOMICILIADO,2024-04-05T16:51:00,false
2034,856,146,card_payment,-11.69,2513.56,COMPRA PELUQUERÍA REAL,2024-04-05T17:26:00,false
2035,571,,direct_debit,-14.49,2904.03,RECIBO DOMICILIADO,2024-04-05T18:03:00,false
2036,996,,direct_debit,-90.26,4167.26,RECIBO DOMICILIADO,2024-04-05T18:48:00,false
2037,569,114,card_payment,-30.86,2600.71,COMPRA FARMACIA BUENAVISTA,2024-04-05T18:55:00,false
2038,556,,direct_debit,-99.77,2069.76,RECIBO DOMICILIADO,2024-04-05T19:04:00,false
2039,820,,direct_debit,-23.05,817.60,RECIBO DOMICILIADO,2024-04-05T21:06:00,false
2040,817,,direct_debit,-42.72,3484.02,RECIBO DOMICILIADO,2024-04-06T09:06:00,false
2041,763,,transfer_out,-833.63,135.56,TRANSFERENCIA EMITIDA,2024-04-06T10:28:00,false
2042,1063,,transfer_in,28.90,2123.29,TRANSFERENCIA RECIBIDA,2024-04-06T13:57:00,false
2043,503,94,card_payment,-5.07,2108.23,COMPRA BAR CENTRAL,2024-04-06T15:34:00,false
2044,1019,,direct_debit,-97.91,1782.70,RECIBO DOMICILIADO,2024-04-06T17:03:00,false
2045,24,,direct_debit,-88.62,4690.71,RECIBO DOMICILIADO,2024-04-06T18:10:00,false
2046,216,,transfer_in,602.93,3898.90,TRANSFERENCIA RECIBIDA,2024-04-06T19:31:00,false
2047,702,,direct_debit,-33.27,1120.70,RECIBO DOMICILIADO,2024-04-07T08:32:00,false
2048,617,113,card_payment,-11.28,2363.81,COMPRA FARMACIA LOS ARCOS,2024-04-07T08:54:00,false
2049,35,,transfer_in,495.20,2541.24,TRANSFERENCIA RECIBIDA,2024-04-07T10:04:00,false
2050,333,,atm_withdrawal,-150.00,3819.34,REINTEGRO CAJERO,2024-04-07T12:22:00,false
2051,488,,direct_debit,-59.85,1256.95,RECIBO DOMICILIADO,2024-04-07T18:46:00,false
2052,141,,direct_debit,-54.03,582.46,RECIBO DOMICILIADO,2024-04-07T19:34:00,false
2053,111,,direct_debit,-42.66,3673.44,RECIBO DOMICILIADO,2024-04-07T21:16:00,false
2054,597,,atm_withdrawal,-40.00,3001.20,REINTEGRO CAJERO,2024-04-08T08:54:00,false
2055,960,,atm_withdrawal,-150.00,435.28,REINTEGRO CAJERO,2024-04-08T09:00:00,false
2056,801,,transfer_out,-450.11,159.40,TRANSFERENCIA EMITIDA,2024-04-08T12:01:00,false
2057,347,61,card_payment,-15.88,3130.68,COMPRA PANADERÍA LA PLAZA,2024-04-08T13:05:00,false
2058,471,,transfer_out,-97.36,793.15,TRANSFERENCIA EMITIDA,2024-04-08T17:15:00,false
2059,571,,transfer_in,434.23,3338.26,TRANSFERENCIA RECIBIDA,2024-04-09T09:45:00,false
2060,660,53,card_payment,-9.53,455.72,COMPRA LIBRERÍA DEL CARMEN,2024-04-10T11:13:00,true
2061,451,3,card_payment,-72.47,1610.00,COMPRA SUPERMERCADO DEL SOL,2024-04-10T16:22:00,true
2062,50,,transfer_in,812.07,2373.23,TRANSFERENCIA RECIBIDA,2024-04-10T17:26:00,false
2063,927,,transfer_in,189.53,3074.92,TRANSFERENCIA RECIBIDA,2024-04-10T20:00:00,false
2064,484,44,card_payment,-8.54,1992.09,COMPRA LIBRERÍA SAN MARCOS,2024-04-11T14:00:00,false
2065,579,,interest,3.21,1082.71,ABONO INTERESES,2024-04-11T18:21:00,false
2066,621,169,card_payment,-54.38,3385.44,COMPRA CAFETERÍA SAN MARCOS,2024-04-11T18:55:00,false
2067,138,,atm_withdrawal,-200.00,1036.93,REINTEGRO CAJERO,2024-04-11T20:50:00,false
2068,187,,transfer_out,-336.51,3152.92,TRANSFERENCIA EMITIDA,2024-04-12T17:43:00,false
2069,697,111,card_payment,-25.15,381.96,COMPRA EL RINCÓN DE EL FARO,2024-04-12T18:01:00,false
2070,1076,,transfer_out,-422.77,173.37,TRANSFERENCIA EMITIDA,2024-04-12T18:35:00,false
2071,380,,transfer_out,-337.10,17.19,TRANSFERENCIA EMITIDA,2024-04-13T09:05:00,false
2072,608,,transfer_out,-345.27,3672.39,TRANSFERENCIA EMITIDA,2024-04-13T09:09:00,false
2073,667,,transfer_out,-797.84,2030.28,TRANSFERENCIA EMITIDA,2024-04-14T08:39:00,false
2074,223,110,card_payment,-105.74,1726.47,COMPRA PANADERÍA EL FARO,2024-04-14T11:59:00,false
2075,1078,,transfer_out,-657.29,1327.05,TRANSFERENCIA EMITIDA,2024-04-14T13:01:00,false
2076,14,114,card_payment,-15.60,1017.52,COMPRA FARMACIA BUENAVISTA,2024-04-14T13:25:00,false
2077,967,,transfer_in,533.52,2524.22,TRANSFERENCIA RECIBIDA,2024-04-14T13:41:00,false
2078,439,138,card_payment,-5.24,647.97,COMPRA RESTAURANTE CENTRAL,2024-04-14T13:44:00,false
2079,592,,transfer_out,-136.07,635.23,TRANSFERENCIA EMITIDA,2024-04-14T20:22:00,false
2080,840,170,card_payment,-35.83,3125.62,COMPRA BAR MODERNO,2024-04-14T20:25:00,false
2081,528,102,card_payment,-11.39,1425.48,COMPRA LIBRERÍA LOS ARCOS,2024-04-15T10:04:00,true
2082,11,107,card_payment,-25.61,3195.27,COMPRA PELUQUERÍA SAN MARCOS,2024-04-15T13:05:00,false
2083,36,26,card_payment,-120.94,2938.66,COMPRA LA TIENDA DE GRAN VÍA,2024-04-15T15:00:00,false
2084,630,178,card_payment,-9.53,3316.19,COMPRA MUEBLES DEL PUERTO,2024-04-15T16:30:00,false
2085,914,176,card_payment,-5.92,1767.02,COMPRA RESTAURANTE NUEVO,2024-04-16T11:19:00,false
2086,699,66,card_payment,-3.49,1229.34,COMPRA ÓPTICA LA ESQUINA,2024-04-16T12:03:00,false
2087,94,,transfer_out,-261.73,4439.03,TRANSFERENCIA EMITIDA,2024-04-16T12:09:00,false
2088,1000,14,card_payment,-14.39,3704.14,COMPRA ÓPTICA MODERNO,2024-04-16T13:58:00,true
2089,844,164,card_payment,-4.31,2289.92,COMPRA LIBRERÍA REAL,2024-04-16T17:23:00,false
2090,876,,transfer_out,-813.20,3367.15,TRANSFERENCIA EMITIDA,2024-04-17T09:20:00,false
2091,876,156,card_payment,-7.82,3359.33,COMPRA FARMACIA DEL CARMEN,2024-04-17T09:48:00,true
2092,884,,transfer_in,638.18,7849.48,TRANSFERENCIA RECIBIDA,2024-04-17T13:23:00,false
2093,105,,transfer_out,-611.85,2226.41,TRANSFERENCIA EMITIDA,2024-04-17T16:51:00,false
2094,851,59,card_payment,-47.73,390.11,COMPRA LA TIENDA DE LA ESTRELLA,2024-04-17T18:43:00,false
2095,61,,transfer_in,154.06,1342.13,TRANSFERENCIA RECIBIDA,2024-04-18T11:37:00,false
2096,149,,transfer_in,113.40,2425.60,TRANSFERENCIA RECIBIDA,2024-04-18T11:40:00,false
2097,817,121,card_payment,-14.29,3469.73,COMPRA MUEBLES LA ESTRELLA,2024-04-18T13:03:00,false
2098,812,90,card_payment,-7.96,5597.54,COMPRA LA TIENDA DE LOS ARCOS,2024-04-18T13:12:00,false
2099,1026,,transfer_in,352.67,1361.68,TRANSFERENCIA RECIBIDA,2024-04-18T14:07:00,false
2100,55,29,card_payment,-54.30,3546.68,COMPRA CASA NUEVO,2024-04-18T14:22:00,false
2101,450,,transfer_out,-154.12,3227.02,TRANSFERENCIA EMITIDA,2024-04-18T16:34:00,false
2102,209,16,card_payment,-21.74,1714.77,COMPRA LA TIENDA DE LOS ARCOS,2024-04-19T09:15:00,false
2103,250,,transfer_in,349.95,2014.11,TRANSFERENCIA RECIBIDA,2024-04-20T08:22:00,false
2104,927,84,card_payment,-44.28,3030.64,COMPRA CAFETERÍA LOS ARCOS,2024-04-20T08:22:00,true
2105,152,112,card_payment,-29.34,3470.73,COMPRA CAFETERÍA DEL PUERTO,2024-04-20T09:59:00,false
2106,657,73,card_payment,-0.84,404.29,COMPRA MUEBLES MODERNO,2024-04-20T11:00:00,false
2107,411,,atm_withdrawal,-40.00,2114.52,REINTEGRO CAJERO,2024-04-20T13:32:00,false
2108,731,70,card_payment,-5.30,505.72,COMPRA EL RINCÓN DE LA ESTRELLA,2024-04-20T17:39:00,false
2109,599,29,card_payment,-6.23,3467.01,COMPRA CASA NUEVO,2024-04-20T21:06:00,false
2110,351,,transfer_in,1021.78,1978.32,TRANSFERENCIA RECIBIDA,2024-04-21T13:28:00,false
2111,866,60,card_payment,-17.82,1007.70,COMPRA FARMACIA EL FARO,2024-04-21T14:31:00,false
2112,1035,9,card_payment,-179.92,4173.01,COMPRA PELUQUERÍA DEL PUERTO,2024-04-21T17:40:00,true
2113,193,,atm_withdrawal,-40.00,1406.41,REINTEGRO CAJERO,2024-04-22T11:18:00,false
2114,485,,atm_withdrawal,-40.00,2462.88,REINTEGRO CAJERO,2024-04-22T12:15:00,false
2115,836,,interest,0.57,3103.68,ABONO INTERESES,2024-04-22T13:19:00,false
2116,447,52,card_payment,-14.70,845.81,COMPRA RESTAURANTE NUEVO,2024-04-22T18:24:00,false
2117,447,25,card_payment,-5.57,840.24,COMPRA SUPERMERCADO LOS ARCOS,2024-04-23T10:23:00,false
2118,182,91,card_payment,-18.88,2720.08,COMPRA MUEBLES MODERNO,2024-04-23T10:36:00,false
2119,418,131,card_payment,-22.29,3608.65,COMPRA PANADERÍA MODERNO,2024-04-23T13:25:00,false
2120,1039,,transfer_in,146.32,5368.39,TRANSFERENCIA RECIBIDA,2024-04-23T15:43:00,false
2121,910,,atm_withdrawal,-50.00,3167.98,REINTEGRO CAJERO,2024-04-24T08:52:00,false
2122,552,31,card_payment,-24.42,4978.89,COMPRA MUEBLES LA PLAZA,2024-04-24T13:55:00,false
2123,1062,,transfer_in,340.66,4509.30,TRANSFERENCIA RECIBIDA,2024-04-24T17:15:00,false
2124,498,,fee,-4.50,424.93,COMISION MANTENIMIENTO,2024-04-24T18:47:00,false
2125,739,97,card_payment,-18.18,123.08,COMPRA ELECTRO LA ESQUINA,2024-04-24T20:05:00,false
2126,829,,fee,-12.00,1911.74,COMISION MANTENIMIENTO,2024-04-25T12:47:00,false
2127,625,,transfer_out,-23.63,1771.09,TRANSFERENCIA EMITIDA,2024-04-25T13:39:00,false
2128,876,,atm_withdrawal,-60.00,3299.33,REINTEGRO CAJERO,2024-04-25T14:14:00,false
2129,63,,transfer_in,980.47,3356.67,TRANSFERENCIA RECIBIDA,2024-04-25T16:19:00,false
2130,621,81,card_payment,-6.38,3379.06,COMPRA CASA LOS ARCOS,2024-04-25T18:47:00,true
2131,18,36,card_payment,-14.73,3289.57,COMPRA PELUQUERÍA GRAN VÍA,2024-04-26T11:15:00,false
2132,788,,transfer_in,1005.59,5108.51,TRANSFERENCIA RECIBIDA,2024-04-26T11:17:00,false
2133,439,,salary,2013.81,2661.78,NOMINA,2024-04-26T11:55:00,false
2134,333,,salary,1679.63,5498.97,NOMINA,2024-04-26T13:26:00,false
2135,111,,salary,1994.13,5667.57,NOMINA,2024-04-26T13:45:00,false
2136,93,,atm_withdrawal,-20.00,1194.68,REINTEGRO CAJERO,2024-04-26T13:47:00,false
2137,263,,transfer_in,713.84,7696.07,TRANSFERENCIA RECIBIDA,2024-04-26T14:51:00,false
2138,826,,salary,2763.41,4675.94,NOMINA,2024-04-26T18:27:00,false
2139,538,,salary,1806.17,3406.53,NOMINA,2024-04-26T19:12:00,false
2140,759,128,card_payment,-4.88,2478.16,COMPRA LA TIENDA DE DEL PUERTO,2024-04-26T20:40:00,false
2141,972,,salary,1986.09,4002.25,NOMINA,2024-04-27T10:45:00,false
2142,789,59,card_payment,-17.74,6454.58,COMPRA LA TIENDA DE LA ESTRELLA,2024-04-27T11:27:00,false
2143,858,23,card_payment,-8.44,261.84,COMPRA CAFETERÍA GRAN VÍA,2024-04-27T12:31:00,false
2144,1056,,salary,1978.77,6011.23,NOMINA,2024-04-27T12:36:00,false
2145,1068,98,card_payment,-15.86,1410.65,COMPRA SUPERMERCADO EL FARO,2024-04-27T13:16:00,false
2146,1035,,salary,950.03,5123.04,NOMINA,2024-04-27T13:18:00,false
2147,566,19,card_payment,-26.30,1986.30,COMPRA TALLER LOS ARCOS,2024-04-27T13:19:00,true
2148,516,,salary,2558.90,3234.74,NOMINA,2024-04-27T15:15:00,false
2149,708,,salary,1155.63,3630.82,NOMINA,2024-04-27T18:26:00,false
2150,491,,transfer_in,296.32,2609.24,TRANSFERENCIA RECIBIDA,2024-04-27T19:47:00,false
2151,468,,salary,2458.57,3197.81,NOMINA,2024-04-28T10:17:00,false
2152,874,,salary,1649.35,9232.20,NOMINA,2024-04-28T13:08:00,false
2153,594,22,card_payment,-279.79,4040.70,COMPRA PELUQUERÍA DEL CARMEN,2024-04-28T13:16:00,false
2154,934,,transfer_in,218.43,3040.95,TRANSFERENCIA RECIBIDA,2024-04-28T13:17:00,false
2155,89,155,card_payment,-15.93,1580.82,COMPRA LIBRERÍA LOS ARCOS,2024-04-28T13:58:00,false
2156,228,,salary,1858.83,4985.95,NOMINA,2024-04-28T14:42:00,false
2157,844,55,card_payment,-41.25,2248.67,COMPRA CAFETERÍA REAL,2024-04-28T19:07:00,false
2158,124,146,card_payment,-23.56,1826.07,COMPRA PELUQUERÍA REAL,2024-04-28T20:54:00,false
2159,957,,atm_withdrawal,-60.00,3711.31,REINTEGRO CAJERO,2024-04-29T10:41:00,false
2160,995,76,card_payment,-31.64,3054.77,COMPRA LIBRERÍA SAN MARCOS,2024-04-29T13:18:00,false
2161,556,,atm_withdrawal,-200.00,1869.76,REINTEGRO CAJERO,2024-04-29T20:38:00,false
2162,600,105,card_payment,-16.48,4258.23,COMPRA ÓPTICA BUENAVISTA,2024-04-30T14:44:00,false
2163,1026,,transfer_in,220.81,1582.49,TRANSFERENCIA RECIBIDA,2024-04-30T16:59:00,false
2164,406,,transfer_in,455.60,3090.91,TRANSFERENCIA RECIBIDA,2024-04-30T18:43:00,false
2165,1086,,direct_debit,-19.67,5174.53,RECIBO DOMICILIADO,2024-05-01T08:35:00,false
2166,1075,97,card_payment,-15.53,2038.13,COMPRA ELECTRO LA ESQUINA,2024-05-01T11:02:00,false
2167,68,41,card_payment,-22.39,441.31,COMPRA SUPERMERCADO EL FARO,2024-05-01T12:18:00,false
2168,416,45,card_payment,-5.75,2823.11,COMPRA LA TIENDA DE DEL SOL,2024-05-01T14:06:00,false
2169,103,95,card_payment,-7.76,1578.14,COMPRA EL RINCÓN DE SAN MARCOS,2024-05-01T16:21:00,false
2170,600,,transfer_out,-663.73,3594.50,TRANSFERENCIA EMITIDA,2024-05-01T16:24:00,false
2171,978,,direct_debit,-14.52,1466.81,RECIBO DOMICILIADO,2024-05-01T17:14:00,false
2172,541,,direct_debit,-17.21,2695.17,RECIBO DOMICILIADO,2024-05-01T18:55:00,false
2173,820,,direct_debit,-39.30,778.30,RECIBO DOMICILIADO,2024-05-02T08:35:00,false
2174,717,175,card_payment,-15.95,646.44,COMPRA LA TIENDA DE MODERNO,2024-05-02T09:29:00,false
2175,195,141,card_payment,-10.85,1829.98,COMPRA LA TIENDA DE SAN MARCOS,2024-05-02T11:34:00,false
2176,261,98,card_payment,-34.03,3841.63,COMPRA SUPERMERCADO EL FARO,2024-05-02T12:33:00,false
2177,889,,fee,-12.00,2088.64,COMISION MANTENIMIENTO,2024-05-03T12:59:00,false
2178,232,,interest,6.21,540.35,ABONO INTERESES,2024-05-03T13:50:00,false
2179,1001,11,card_payment,-13.66,1510.89,COMPRA LA TIENDA DE MODERNO,2024-05-03T13:57:00,false
2180,835,,direct_debit,-38.25,2993.69,RECIBO DOMICILIADO,2024-05-03T18:24:00,false
2181,344,,direct_debit,-52.52,1739.24,RECIBO DOMICILIADO,2024-05-03T21:39:00,false
2182,670,,direct_debit,-70.71,3070.64,RECIBO DOMICILIADO,2024-05-04T09:11:00,false
2183,526,9,card_payment,-15.60,2443.79,COMPRA PELUQUERÍA DEL PUERTO,2024-05-04T10:58:00,true
2184,402,78,card_payment,-7.92,2202.01,COMPRA LA TIENDA DE EL FARO,2024-05-04T11:07:00,false
2185,439,,direct_debit,-13.91,2647.87,RECIBO DOMICILIADO,2024-05-04T11:25:00,false
2186,912,,direct_debit,-14.94,3169.81,RECIBO DOMICILIADO,2024-05-04T11:50:00,false
2187,28,165,card_payment,-49.62,201.10,COMPRA LA TIENDA DE DEL CARMEN,2024-05-04T12:46:00,false
2188,444,,transfer_out,-96.08,2031.69,TRANSFERENCIA EMITIDA,2024-05-04T16:49:00,false
2189,67,,direct_debit,-40.44,1099.17,RECIBO DOMICILIADO,2024-05-04T16:50:00,false
2190,956,13,card_payment,-73.91,1279.66,COMPRA RESTAURANTE SAN MARCOS,2024-05-04T16:51:00,false
2191,352,134,card_payment,-6.47,2758.29,COMPRA BAR REAL,2024-05-04T18:12:00,false
2192,878,,direct_debit,-110.30,1605.30,RECIBO DOMICILIADO,2024-05-04T18:30:00,false
2193,104,,direct_debit,-77.12,343.01,RECIBO DOMICILIADO,2024-05-04T20:04:00,false
2194,1010,26,card_payment,-166.79,3390.11,COMPRA LA TIENDA DE GRAN VÍA,2024-05-04T20:53:00,false
2195,588,47,card_payment,-13.04,4797.15,COMPRA BAR NUEVO,2024-05-05T09:40:00,false
2196,231,9,card_payment,-76.02,1204.31,COMPRA PELUQUERÍA DEL PUERTO,2024-05-05T09:49:00,true
2197,99,,direct_debit,-42.76,3181.80,RECIBO DOMICILIADO,2024-05-05T10:08:00,false
2198,272,82,card_payment,-37.91,3202.11,COMPRA ELECTRO MODERNO,2024-05-05T10:12:00,false
2199,151,,atm_withdrawal,-40.00,1698.00,REINTEGRO CAJERO,2024-05-05T10:40:00,false
2200,623,,direct_debit,-43.02,578.26,RECIBO DOMICILIADO,2024-05-05T13:09:00,false
2201,261,,direct_debit,-19.77,3821.86,RECIBO DOMICILIADO,2024-05-05T14:32:00,false
2202,560,13,card_payment,-51.04,1003.62,COMPRA RESTAURANTE SAN MARCOS,2024-05-05T15:03:00,false
2203,880,,direct_debit,-37.81,369.92,RECIBO DOMICILIADO,2024-05-05T17:28:00,false
2204,443,123,card_payment,-5.45,2453.03,COMPRA LIBRERÍA LOS ARCOS,2024-05-05T18:38:00,false
2205,963,,direct_debit,-121.90,2968.76,RECIBO DOMICILIADO,2024-05-05T18:38:00,false
2206,652,,direct_debit,-116.83,2534.11,RECIBO DOMICILIADO,2024-05-06T10:13:00,false
2207,499,,atm_withdrawal,-150.00,773.03,REINTEGRO CAJERO,2024-05-06T11:09:00,false
2208,740,56,card_payment,-15.95,1097.84,COMPRA BAR REAL,2024-05-06T11:52:00,false
2209,415,,direct_debit,-17.69,1034.36,RECIBO DOMICILIADO,2024-05-06T12:37:00,false
2210,940,172,card_payment,-68.24,1269.43,COMPRA EL RINCÓN DE MODERNO,2024-05-06T13:16:00,false
2211,973,125,card_payment,-32.42,3040.41,COMPRA ELECTRO SAN MARCOS,2024-05-06T13:36:00,false
2212,294,56,card_payment,-9.17,870.39,COMPRA BAR REAL,2024-05-06T17:02:00,false
2213,217,,direct_debit,-28.22,5069.14,RECIBO DOMICILIADO,2024-05-06T17:13:00,false
2214,107,161,card_payment,-1.64,3183.00,COMPRA ELECTRO BUENAVISTA,2024-05-06T18:12:00,false
2215,427,67,card_payment,-5.17,2271.59,COMPRA PELUQUERÍA BUENAVISTA,2024-05-06T18:33:00,false
2216,223,,transfer_in,177.38,1903.85,TRANSFERENCIA RECIBIDA,2024-05-06T18:49:00,false
2217,58,,direct_debit,-44.05,3956.58,RECIBO DOMICILIADO,2024-05-06T19:05:00,false
2218,876,56,card_payment,-12.93,3286.40,COMPRA BAR REAL,2024-05-06T19:43:00,false
2219,266,145,card_payment,-13.77,3283.46,COMPRA LIBRERÍA DEL SOL,2024-05-07T08:54:00,false
2220,378,,transfer_out,-1312.53,1481.46,TRANSFERENCIA EMITIDA,2024-05-07T12:02:00,false
2221,860,,transfer_in,659.69,3340.96,TRANSFERENCIA RECIBIDA,2024-05-07T14:43:00,false
2222,717,111,card_payment,-75.72,570.72,COMPRA EL RINCÓN DE EL FARO,2024-05-07T19:28:00,false
2223,809,28,card_payment,-4.68,1456.61,COMPRA PANADERÍA NUEVO,2024-05-07T19:43:00,false
2224,712,,atm_withdrawal,-60.00,-394.94,REINTEGRO CAJERO,2024-05-07T20:00:00,false
2225,793,53,card_payment,-3.27,2566.94,COMPRA LIBRERÍA DEL CARMEN,2024-05-07T20:27:00,true
2226,504,,atm_withdrawal,-200.00,2537.09,REINTEGRO CAJERO,2024-05-08T10:28:00,false
2227,235,31,card_payment,-29.28,3384.17,COMPRA MUEBLES LA PLAZA,2024-05-08T11:55:00,false
2228,1011,134,card_payment,-4.72,2582.92,COMPRA BAR REAL,2024-05-08T11:57:00,false
2229,884,,transfer_out,-368.56,7480.92,TRANSFERENCIA EMITIDA,2024-05-08T12:25:00,false
2230,518,119,card_payment,-101.16,1188.71,COMPRA TALLER NUEVO,2024-05-08T12:34:00,false
2231,265,,interest,1.35,141.74,ABONO INTERESES,2024-05-08T12:35:00,false
2232,136,,fee,-12.00,1107.04,COMISION MANTENIMIENTO,2024-05-08T13:58:00,false
2233,938,180,card_payment,-54.85,2802.47,COMPRA CAFETERÍA DEL CARMEN,2024-05-08T15:05:00,false
2234,1063,,transfer_in,472.42,2595.71,TRANSFERENCIA RECIBIDA,2024-05-08T15:36:00,false
2235,1003,25,card_payment,-14.85,4963.66,COMPRA SUPERMERCADO LOS ARCOS,2024-05-08T16:51:00,false
2236,329,34,card_payment,-17.54,499.90,COMPRA CAFETERÍA DEL SOL,2024-05-08T17:16:00,false
2237,285,,atm_withdrawal,-60.00,3735.34,REINTEGRO CAJERO,2024-05-08T18:33:00,false
2238,572,,transfer_in,1397.43,5705.30,TRANSFERENCIA RECIBIDA,2024-05-09T09:48:00,false
2239,294,,transfer_in,508.93,1379.32,TRANSFERENCIA RECIBIDA,2024-05-09T12:04:00,false
2240,161,165,card_payment,-66.49,2104.82,COMPRA LA TIENDA DE DEL CARMEN,2024-05-09T19:49:00,false
2241,45,12,card_payment,-8.75,2726.20,COMPRA MUEBLES LA ESQUINA,2024-05-09T19:56:00,false
2242,27,75,card_payment,-4.13,874.27,COMPRA TALLER LA ESQUINA,2024-05-09T20:48:00,false
2243,26,25,card_payment,-145.17,1478.52,COMPRA SUPERMERCADO LOS ARCOS,2024-05-10T12:02:00,false
2244,469,20,card_payment,-60.07,1991.03,COMPRA LA TIENDA DE BUENAVISTA,2024-05-10T15:47:00,false
2245,178,127,card_payment,-8.06,6115.38,COMPRA ÓPTICA SAN MARCOS,2024-05-10T17:03:00,false
2246,494,58,card_payment,-9.60,1911.86,COMPRA ÓPTICA MODERNO,2024-05-10T18:40:00,false
2247,338,,atm_withdrawal,-100.00,4172.32,REINTEGRO CAJERO,2024-05-11T13:07:00,false
2248,803,,transfer_in,783.89,4069.42,TRANSFERENCIA RECIBIDA,2024-05-11T17:16:00,false
2249,731,,atm_withdrawal,-60.00,445.72,REINTEGRO CAJERO,2024-05-11T17:38:00,false
2250,87,,atm_withdrawal,-20.00,232.43,REINTEGRO CAJERO,2024-05-11T19:22:00,false
2251,8,145,card_payment,-22.33,4107.75,COMPRA LIBRERÍA DEL SOL,2024-05-12T09:06:00,false
2252,534,3,card_payment,-11.33,3735.28,COMPRA SUPERMERCADO DEL SOL,2024-05-12T12:04:00,true
2253,256,,transfer_out,-84.47,3544.54,TRANSFERENCIA EMITIDA,2024-05-12T13:56:00,false
2254,836,,transfer_in,385.03,3488.71,TRANSFERENCIA RECIBIDA,2024-05-12T14:54:00,false
2255,272,143,card_payment,-61.42,3140.69,COMPRA PELUQUERÍA LOS ARCOS,2024-05-12T17:06:00,true
2256,535,93,card_payment,-15.85,7.53,COMPRA ELECTRO LOS ARCOS,2024-05-12T17:06:00,false
2257,1042,124,card_payment,-16.85,2486.85,COMPRA ELECTRO EL FARO,2024-05-12T17:53:00,false
2258,330,,fee,-2.50,4381.74,COMISION MANTENIMIENTO,2024-05-12T20:19:00,false
2259,273,94,card_payment,-70.97,3202.95,COMPRA BAR CENTRAL,2024-05-13T09:31:00,false
2260,1083,,transfer_in,790.77,3867.19,TRANSFERENCIA RECIBIDA,2024-05-13T10:01:00,false
2261,94,47,card_payment,-9.25,4429.78,COMPRA BAR NUEVO,2024-05-13T10:25:00,false
2262,760,131,card_payment,-5.53,4758.06,COMPRA PANADERÍA MODERNO,2024-05-13T14:51:00,false
2263,591,,interest,0.15,1028.53,ABONO INTERESES,2024-05-13T16:09:00,false
2264,738,,transfer_in,499.84,3954.14,TRANSFERENCIA RECIBIDA,2024-05-13T18:16:00,false
2265,716,13,card_payment,-3.65,3861.86,COMPRA RESTAURANTE SAN MARCOS,2024-05-13T21:42:00,false
2266,110,58,card_payment,-23.05,2646.03,COMPRA ÓPTICA MODERNO,2024-05-14T10:43:00,false
2267,78,,fee,-12.00,2726.41,COMISION MANTENIMIENTO,2024-05-14T12:36:00,false
2268,368,92,card_payment,-24.71,3798.17,COMPRA CAFETERÍA EL FARO,2024-05-14T19:46:00,false
2269,843,,transfer_out,-434.91,2531.05,TRANSFERENCIA EMITIDA,2024-05-15T09:43:00,false
2270,1079,75,card_payment,-34.31,4648.00,COMPRA TALLER LA ESQUINA,2024-05-15T11:34:00,false
2271,807,,fee,-2.50,455.83,COMISION MANTENIMIENTO,2024-05-15T19:36:00,false
2272,515,,transfer_in,846.68,3612.07,TRANSFERENCIA RECIBIDA,2024-05-16T12:33:00,false
2273,468,145,card_payment,-32.60,3165.21,COMPRA LIBRERÍA DEL SOL,2024-05-16T18:28:00,false
2274,730,176,card_payment,-144.49,1997.91,COMPRA RESTAURANTE NUEVO,2024-05-16T19:39:00,false
2275,224,168,card_payment,-83.17,1000.22,COMPRA FARMACIA REAL,2024-05-17T09:50:00,false
2276,454,,interest,0.75,1200.47,ABONO INTERESES,2024-05-17T11:26:00,false
2277,356,110,card_payment,-8.76,1681.22,COMPRA PANADERÍA EL FARO,2024-05-17T13:00:00,false
2278,21,173,card_payment,-8.29,1591.07,COMPRA LIBRERÍA NUEVO,2024-05-17T15:21:00,false
2279,566,,transfer_in,332.08,2318.38,TRANSFERENCIA RECIBIDA,2024-05-17T17:09:00,false
2280,647,,transfer_in,333.83,1071.84,TRANSFERENCIA RECIBIDA,2024-05-17T17:52:00,false
2281,102,,atm_withdrawal,-200.00,2927.18,REINTEGRO CAJERO,2024-05-17T19:49:00,false
2282,39,42,card_payment,-12.20,3005.23,COMPRA EL RINCÓN DE LOS ARCOS,2024-05-18T16:52:00,false
2283,485,,atm_withdrawal,-50.00,2412.88,REINTEGRO CAJERO,2024-05-19T10:48:00,false
2284,213,,interest,5.14,1950.09,ABONO INTERESES,2024-05-19T13:34:00,false
2285,807,112,card_payment,-39.08,416.75,COMPRA CAFETERÍA DEL PUERTO,2024-05-19T14:31:00,false
2286,557,,transfer_in,773.56,5070.52,TRANSFERENCIA RECIBIDA,2024-05-19T16:37:00,false
2287,1,69,card_payment,-5.66,4640.91,COMPRA PELUQUERÍA LA ESQUINA,2024-05-19T21:04:00,false
2288,996,,fee,-3.00,4164.26,COMISION MANTENIMIENTO,2024-05-20T10:30:00,false
2289,195,2,card_payment,-59.21,1770.77,COMPRA CASA CENTRAL,2024-05-20T12:50:00,false
2290,722,17,card_payment,-15.69,1637.77,COMPRA CASA REAL,2024-05-20T13:52:00,false
2291,1037,43,card_payment,-34.73,3506.87,COMPRA CAFETERÍA EL FARO,2024-05-20T14:00:00,true
2292,831,45,card_payment,-67.47,5386.79,COMPRA LA TIENDA DE DEL SOL,2024-05-20T19:11:00,false
2293,671,140,card_payment,-27.51,2028.43,COMPRA CASA DEL PUERTO,2024-05-20T20:40:00,false
2294,855,70,card_payment,-17.11,3965.85,COMPRA EL RINCÓN DE LA ESTRELLA,2024-05-21T09:04:00,false
2295,996,53,card_payment,-30.70,4133.56,COMPRA LIBRERÍA DEL CARMEN,2024-05-21T10:37:00,true
2296,920,,transfer_out,-576.32,114.27,TRANSFERENCIA EMITIDA,2024-05-21T13:35:00,false
2297,849,4,card_payment,-30.60,3133.76,COMPRA LIBRERÍA LOS ARCOS,2024-05-21T14:24:00,false
2298,730,,atm_withdrawal,-60.00,1937.91,REINTEGRO CAJERO,2024-05-21T14:36:00,false
2299,1091,160,card_payment,-39.76,3378.47,COMPRA TALLER DEL CARMEN,2024-05-21T16:08:00,false
2300,499,,transfer_out,-732.06,40.97,TRANSFERENCIA EMITIDA,2024-05-21T18:37:00,false
2301,376,,atm_withdrawal,-40.00,1694.66,REINTEGRO CAJERO,2024-05-22T10:20:00,false
2302,221,114,card_payment,-14.65,649.34,COMPRA FARMACIA BUENAVISTA,2024-05-22T12:11:00,false
2303,937,90,card_payment,-93.60,3026.75,COMPRA LA TIENDA DE LOS ARCOS,2024-05-22T12:50:00,false
2304,849,143,card_payment,-21.47,3112.29,COMPRA PELUQUERÍA LOS ARCOS,2024-05-22T16:09:00,true
2305,122,83,card_payment,-2.69,2790.25,COMPRA PELUQUERÍA LOS ARCOS,2024-05-22T19:22:00,false
2306,84,,transfer_out,-839.97,-834.73,TRANSFERENCIA EMITIDA,2024-05-23T21:37:00,false
2307,923,,fee,-3.00,2911.44,COMISION MANTENIMIENTO,2024-05-24T08:14:00,false
2308,659,46,card_payment,-9.90,1219.47,COMPRA EL RINCÓN DE LA ESTRELLA,2024-05-24T12:58:00,false
2309,623,,transfer_in,285.31,863.57,TRANSFERENCIA RECIBIDA,2024-05-24T13:18:00,false
2310,116,,salary,1336.09,3223.14,NOMINA,2024-05-25T09:42:00,false
2311,666,,salary,1990.96,3687.31,NOMINA,2024-05-25T09:48:00,false
2312,410,,salary,2069.51,3426.37,NOMINA,2024-05-25T10:02:00,false
2313,913,,transfer_out,-432.78,2854.81,TRANSFERENCIA EMITIDA,2024-05-25T11:24:00,false
2314,920,,salary,1588.03,1702.30,NOMINA,2024-05-25T11:55:00,false
2315,188,131,card_payment,-9.18,1304.60,COMPRA PANADERÍA MODERNO,2024-05-25T12:13:00,false
2316,652,,salary,1927.30,4461.41,NOMINA,2024-05-25T12:31:00,false
2317,407,,salary,1964.59,4095.85,NOMINA,2024-05-25T14:46:00,false
2318,701,1,card_payment,-24.81,2117.32,COMPRA ELECTRO BUENAVISTA,2024-05-25T16:04:00,true
2319,778,,salary,1428.59,3975.02,NOMINA,2024-05-25T16:28:00,false
2320,444,,salary,1465.00,3496.69,NOMINA,2024-05-25T19:26:00,false
2321,257,,salary,2235.93,1901.25,NOMINA,2024-05-26T12:19:00,false
2322,609,31,card_payment,-3.80,3237.58,COMPRA MUEBLES LA PLAZA,2024-05-26T13:47:00,false
2323,686,,fee,-4.50,4355.25,COMISION MANTENIMIENTO,2024-05-26T14:16:00,false
2324,1075,,salary,3327.36,5365.49,NOMINA,2024-05-26T15:31:00,false
2325,778,,salary,2042.66,6017.68,NOMINA,2024-05-26T16:06:00,false
2326,523,,fee,-12.00,1745.96,COMISION MANTENIMIENTO,2024-05-26T17:34:00,false
2327,725,37,card_payment,-25.11,2445.93,COMPRA BAR DEL SOL,2024-05-27T10:27:00,false
2328,855,,salary,1846.92,5812.77,NOMINA,2024-05-27T15:12:00,false
2329,998,,salary,1739.87,4866.75,NOMINA,2024-05-27T17:00:00,false
2330,954,13,card_payment,-51.46,3897.27,COMPRA RESTAURANTE SAN MARCOS,2024-05-28T13:44:00,false
2331,883,84,card_payment,-20.50,473.60,COMPRA CAFETERÍA LOS ARCOS,2024-05-28T14:37:00,true
2332,746,,transfer_out,-839.87,1059.55,TRANSFERENCIA EMITIDA,2024-05-28T17:22:00,false
2333,227,,transfer_in,716.91,4716.36,TRANSFERENCIA RECIBIDA,2024-05-28T18:34:00,false
2334,411,172,card_payment,-8.89,2105.63,COMPRA EL RINCÓN DE MODERNO,2024-05-28T18:48:00,false
2335,831,,transfer_out,-187.33,5199.46,TRANSFERENCIA EMITIDA,2024-05-29T10:57:00,false
2336,765,86,card_payment,-78.13,3070.07,COMPRA PANADERÍA EL FARO,2024-05-29T11:35:00,true
2337,532,11,card_payment,-23.16,909.88,COMPRA LA TIENDA DE MODERNO,2024-05-29T13:54:00,false
2338,38,,interest,2.02,1002.66,ABONO INTERESES,2024-05-29T17:14:00,false
2339,789,,transfer_in,824.88,7279.46,TRANSFERENCIA RECIBIDA,2024-05-29T17:49:00,false
2340,422,,transfer_out,-415.26,1318.78,TRANSFERENCIA EMITIDA,2024-05-29T18:32:00,false
2341,249,,fee,-4.50,3708.97,COMISION MANTENIMIENTO,2024-05-29T19:20:00,false
2342,909,130,card_payment,-59.99,1674.48,COMPRA PELUQUERÍA EL FARO,2024-05-29T20:23:00,true
2343,249,1,card_payment,-12.89,3696.08,COMPRA ELECTRO BUENAVISTA,2024-05-30T10:09:00,true
2344,54,11,card_payment,-10.01,2546.13,COMPRA LA TIENDA DE MODERNO,2024-05-30T12:35:00,false
2345,410,16,card_payment,-16.82,3409.55,COMPRA LA TIENDA DE LOS ARCOS,2024-05-30T12:45:00,false
2346,1094,,transfer_in,617.91,2266.38,TRANSFERENCIA RECIBIDA,2024-05-30T12:46:00,false
2347,550,175,card_payment,-10.18,3928.35,COMPRA LA TIENDA DE MODERNO,2024-05-30T17:11:00,false
2348,1048,80,card_payment,-6.70,1708.89,COMPRA LA TIENDA DE LA PLAZA,2024-05-30T19:22:00,false
2349,397,137,card_payment,-10.07,5159.45,COMPRA ÓPTICA CENTRAL,2024-05-31T09:09:00,false
2350,754,86,card_payment,-10.91,3813.22,COMPRA PANADERÍA EL FARO,2024-05-31T10:42:00,true
2351,497,104,card_payment,-62.84,1973.17,COMPRA BAR NUEVO,2024-05-31T13:26:00,false
2352,309,,transfer_out,-380.90,894.03,TRANSFERENCIA EMITIDA,2024-05-31T17:08:00,false
2353,759,30,card_payment,-19.17,2458.99,COMPRA LA TIENDA DE BUENAVISTA,2024-05-31T17:50:00,false
2354,274,,transfer_in,239.85,4452.11,TRANSFERENCIA RECIBIDA,2024-05-31T19:28:00,false
2355,920,,direct_debit,-40.97,1661.33,RECIBO DOMICILIADO,2024-06-01T11:12:00,false
2356,221,78,card_payment,-5.70,643.64,COMPRA LA TIENDA DE EL FARO,2024-06-01T11:37:00,false
2357,792,,direct_debit,-41.01,5753.42,RECIBO DOMICILIADO,2024-06-01T13:52:00,false
2358,1001,,interest,7.29,1518.18,ABONO INTERESES,2024-06-01T19:07:00,false
2359,691,1,card_payment,-11.03,197.44,COMPRA ELECTRO BUENAVISTA,2024-06-02T08:27:00,true
2360,556,22,card_payment,-14.21,1855.55,COMPRA PELUQUERÍA DEL CARMEN,2024-06-02T09:34:00,false
2361,368,60,card_payment,-7.91,3790.26,COMPRA FARMACIA EL FARO,2024-06-02T12:49:00,false
2362,1076,110,card_payment,-6.88,166.49,COMPRA PANADERÍA EL FARO,2024-06-02T14:31:00,false
2363,872,,direct_debit,-21.39,1186.55,RECIBO DOMICILIADO,2024-06-02T15:46:00,false
2364,547,,direct_debit,-20.44,2935.52,RECIBO DOMICILIADO,2024-06-02T17:09:00,false
2365,761,,fee,-2.50,1126.63,COMISION MANTENIMIENTO,2024-06-02T17:31:00,false
2366,499,3,card_payment,-27.31,13.66,COMPRA SUPERMERCADO DEL SOL,2024-06-02T18:22:00,true
2367,688,2,card_payment,-19.44,3279.92,COMPRA CASA CENTRAL,2024-06-02T19:03:00,false
2368,797,,direct_debit,-13.69,1208.60,RECIBO DOMICILIADO,2024-06-03T09:09:00,false
2369,136,,direct_debit,-65.91,1041.13,RECIBO DOMICILIADO,2024-06-03T09:46:00,false
2370,600,,transfer_out,-308.25,3286.25,TRANSFERENCIA EMITIDA,2024-06-03T11:43:00,false
2371,1073,,direct_debit,-15.78,2808.24,RECIBO DOMICILIADO,2024-06-03T12:37:00,false
2372,956,,atm_withdrawal,-100.00,1179.66,REINTEGRO CAJERO,2024-06-03T14:29:00,false
2373,1,,direct_debit,-32.85,4608.06,RECIBO DOMICILIADO,2024-06-03T14:34:00,false
2374,928,,direct_debit,-26.14,3693.09,RECIBO DOMICILIADO,2024-06-03T16:13:00,false
2375,39,,direct_debit,-37.33,2967.90,RECIBO DOMICILIADO,2024-06-03T16:31:00,false
2376,819,123,card_payment,-8.36,2757.89,COMPRA LIBRERÍA LOS ARCOS,2024-06-03T17:46:00,false
2377,550,,direct_debit,-39.07,3889.28,RECIBO DOMICILIADO,2024-06-03T17:51:00,false
2378,278,,direct_debit,-16.12,4273.56,RECIBO DOMICILIADO,2024-06-03T18:04:00,false
2379,98,56,card_payment,-19.23,1853.25,COMPRA BAR REAL,2024-06-03T19:43:00,false
2380,469,,direct_debit,-17.63,1973.40,RECIBO DOMICILIADO,2024-06-03T19:45:00,false
2381,861,16,card_payment,-26.76,1448.66,COMPRA LA TIENDA DE LOS ARCOS,2024-06-03T20:23:00,false
2382,131,,direct_debit,-56.71,1381.03,RECIBO DOMICILIADO,2024-06-03T20:50:00,false
2383,1003,,direct_debit,-94.87,4868.79,RECIBO DOMICILIADO,2024-06-03T20:59:00,false
2384,78,,atm_withdrawal,-50.00,2676.41,REINTEGRO CAJERO,2024-06-04T09:09:00,false
2385,994,,transfer_in,1035.51,3437.35,TRANSFERENCIA RECIBIDA,2024-06-04T10:59:00,false
2386,298,157,card_payment,-51.00,3188.45,COMPRA ELECTRO SAN MARCOS,2024-06-04T11:10:00,false
2387,289,,fee,-2.50,2994.35,COMISION MANTENIMIENTO,2024-06-04T11:53:00,false
2388,781,,transfer_in,171.26,2125.11,TRANSFERENCIA RECIBIDA,2024-06-04T12:59:00,false
2389,727,,direct_debit,-48.00,582.90,RECIBO DOMICILIADO,2024-06-04T13:08:00,false
2390,1041,58,card_payment,-15.09,3294.75,COMPRA ÓPTICA MODERNO,2024-06-04T16:12:00,false
2391,330,174,card_payment,-16.98,4364.76,COMPRA EL RINCÓN DE BUENAVISTA,2024-06-04T18:59:00,true
2392,51,56,card_payment,-268.19,1147.84,COMPRA BAR REAL,2024-06-04T19:51:00,false
2393,1065,,direct_debit,-106.86,-632.89,RECIBO DOMICILIADO,2024-06-04T20:06:00,false
2394,760,,fee,-2.50,4755.56,COMISION MANTENIMIENTO,2024-06-05T10:07:00,false
2395,797,,transfer_in,36.38,1244.98,TRANSFERENCIA RECIBIDA,2024-06-05T11:01:00,false
2396,107,,interest,0.96,3183.96,ABONO INTERESES,2024-06-05T12:03:00,false
2397,433,109,card_payment,-26.01,-54.71,COMPRA EL RINCÓN DE GRAN VÍA,2024-06-05T13:24:00,false
2398,484,,direct_debit,-60.39,1931.70,RECIBO DOMICILIADO,2024-06-05T14:37:00,false
2399,452,55,card_payment,-6.80,1140.62,COMPRA CAFETERÍA REAL,2024-06-05T14:41:00,false
2400,972,,direct_debit,-29.84,3972.41,RECIBO DOMICILIADO,2024-06-05T14:45:00,false
2401,166,53,card_payment,-16.35,3306.16,COMPRA LIBRERÍA DEL CARMEN,2024-06-05T17:26:00,true
2402,855,,atm_withdrawal,-50.00,5762.77,REINTEGRO CAJERO,2024-06-05T17:37:00,false
2403,632,,direct_debit,-33.20,3070.74,RECIBO DOMICILIADO,2024-06-05T17:59:00,false
2404,155,56,card_payment,-17.54,3427.18,COMPRA BAR REAL,2024-06-05T20:24:00,false
2405,940,,direct_debit,-36.69,1232.74,RECIBO DOMICILIADO,2024-06-06T08:10:00,false
2406,980,70,card_payment,-15.09,2394.30,COMPRA EL RINCÓN DE LA ESTRELLA,2024-06-06T08:16:00,false
2407,791,,direct_debit,-41.15,1905.84,RECIBO DOMICILIADO,2024-06-06T09:05:00,false
2408,804,,direct_debit,-91.80,1520.69,RECIBO DOMICILIADO,2024-06-06T12:06:00,false
2409,294,,direct_debit,-65.93,1313.39,RECIBO DOMICILIADO,2024-06-06T13:20:00,false
2410,856,124,card_payment,-39.94,2473.62,COMPRA ELECTRO EL FARO,2024-06-06T13:30:00,false
2411,741,,direct_debit,-95.08,1537.38,RECIBO DOMICILIADO,2024-06-07T10:03:00,false
2412,807,,direct_debit,-25.13,391.62,RECIBO DOMICILIADO,2024-06-07T12:44:00,false
2413,447,105,card_payment,-58.30,781.94,COMPRA ÓPTICA BUENAVISTA,2024-06-07T13:48:00,false
2414,920,164,card_payment,-137.20,1524.13,COMPRA LIBRERÍA REAL,2024-06-07T13:48:00,false
2415,814,,direct_debit,-127.17,1600.19,RECIBO DOMICILIADO,2024-06-07T16:06:00,false
2416,1082,180,card_payment,-15.50,2878.38,COMPRA CAFETERÍA DEL CARMEN,2024-06-07T18:29:00,false
2417,538,153,card_payment,-129.06,3277.47,COMPRA PELUQUERÍA SAN MARCOS,2024-06-07T20:59:00,false
2418,592,,transfer_in,458.24,1093.47,TRANSFERENCIA RECIBIDA,2024-06-08T16:47:00,false
2419,126,20,card_payment,-19.87,1168.51,COMPRA LA TIENDA DE BUENAVISTA,2024-06-08T20:20:00,false
2420,655,,transfer_in,104.84,252.62,TRANSFERENCIA RECIBIDA,2024-06-09T15:32:00,false
2421,747,,atm_withdrawal,-150.00,127.51,REINTEGRO CAJERO,2024-06-09T19:11:00,false
2422,547,138,card_payment,-7.47,2928.05,COMPRA RESTAURANTE CENTRAL,2024-06-09T20:08:00,false
2423,336,158,card_payment,-27.28,823.89,COMPRA CASA EL FARO,2024-06-09T21:09:00,false
2424,134,,atm_withdrawal,-40.00,74.94,REINTEGRO CAJERO,2024-06-10T17:01:00,false
2425,859,76,card_payment,-11.23,1078.19,COMPRA LIBRERÍA SAN MARCOS,2024-06-10T17:47:00,false
2426,126,139,card_payment,-62.44,1106.07,COMPRA RESTAURANTE DEL CARMEN,2024-06-11T12:46:00,true
2427,1086,,transfer_out,-343.48,4831.05,TRANSFERENCIA EMITIDA,2024-06-11T18:25:00,false
2428,1082,,atm_withdrawal,-200.00,2678.38,REINTEGRO CAJERO,2024-06-12T08:31:00,false
2429,657,,transfer_in,286.42,690.71,TRANSFERENCIA RECIBIDA,2024-06-12T10:12:00,false
2430,709,136,card_payment,-4.55,2330.08,COMPRA MUEBLES LA ESTRELLA,2024-06-12T14:46:00,false
2431,149,,transfer_out,-178.08,2247.52,TRANSFERENCIA EMITIDA,2024-06-12T16:04:00,false
2432,151,77,card_payment,-9.01,1688.99,COMPRA BAR LA ESTRELLA,2024-06-12T18:20:00,false
2433,678,138,card_payment,-20.50,2121.95,COMPRA RESTAURANTE CENTRAL,2024-06-12T18:49:00,false
2434,161,,transfer_in,275.06,2379.88,TRANSFERENCIA RECIBIDA,2024-06-12T19:22:00,false
2435,550,176,card_payment,-31.53,3857.75,COMPRA RESTAURANTE NUEVO,2024-06-12T20:10:00,false
2436,159,,transfer_out,-848.27,2461.46,TRANSFERENCIA EMITIDA,2024-06-12T21:07:00,false
2437,638,47,card_payment,-71.74,1487.17,COMPRA BAR NUEVO,2024-06-13T08:06:00,false
2438,942,,atm_withdrawal,-200.00,2171.68,REINTEGRO CAJERO,2024-06-13T14:39:00,false
2439,78,,transfer_in,245.75,2922.16,TRANSFERENCIA RECIBIDA,2024-06-13T17:59:00,false
2440,463,173,card_payment,-82.48,3543.13,COMPRA LIBRERÍA NUEVO,2024-06-13T19:05:00,false
2441,998,,atm_withdrawal,-20.00,4846.75,REINTEGRO CAJERO,2024-06-14T18:36:00,false
2442,419,60,card_payment,-40.08,1410.01,COMPRA FARMACIA EL FARO,2024-06-15T17:03:00,false
2443,723,,transfer_out,-380.85,501.51,TRANSFERENCIA EMITIDA,2024-06-15T18:07:00,false
2444,392,,transfer_out,-13.69,174.37,TRANSFERENCIA EMITIDA,2024-06-16T10:17:00,false
2445,273,,transfer_in,333.85,3536.80,TRANSFERENCIA RECIBIDA,2024-06-16T12:54:00,false
2446,741,,atm_withdrawal,-150.00,1387.38,REINTEGRO CAJERO,2024-06-16T13:09:00,false
2447,103,,interest,3.00,1581.14,ABONO INTERESES,2024-06-16T19:04:00,false
2448,538,41,card_payment,-18.75,3258.72,COMPRA SUPERMERCADO EL FARO,2024-06-17T08:22:00,false
2449,892,72,card_payment,-75.86,5377.47,COMPRA ÓPTICA LA PLAZA,2024-06-17T10:10:00,false
2450,455,,transfer_out,-532.97,1490.61,TRANSFERENCIA EMITIDA,2024-06-17T12:44:00,false
2451,285,37,card_payment,-21.79,3713.55,COMPRA BAR DEL SOL,2024-06-17T14:54:00,false
2452,549,,fee,-3.00,649.00,COMISION MANTENIMIENTO,2024-06-18T10:24:00,false
2453,63,176,card_payment,-6.86,3349.81,COMPRA RESTAURANTE NUEVO,2024-06-18T10:49:00,false
2454,559,64,card_payment,-26.21,2614.50,COMPRA LA TIENDA DE SAN MARCOS,2024-06-18T12:38:00,false
2455,822,169,card_payment,-44.39,1028.80,COMPRA CAFETERÍA SAN MARCOS,2024-06-18T16:52:00,false
2456,111,18,card_payment,-20.71,5646.86,COMPRA SUPERMERCADO LA PLAZA,2024-06-18T16:58:00,false
2457,784,122,card_payment,-16.66,199.41,COMPRA CASA NUEVO,2024-06-18T20:35:00,false
2458,774,,transfer_out,-619.38,2367.36,TRANSFERENCIA EMITIDA,2024-06-19T15:44:00,false
2459,504,157,card_payment,-34.27,2502.82,COMPRA ELECTRO SAN MARCOS,2024-06-19T16:21:00,false
2460,844,,transfer_in,549.17,2797.84,TRANSFERENCIA RECIBIDA,2024-06-19T19:00:00,false
2461,1046,33,card_payment,-22.36,2039.76,COMPRA LIBRERÍA DEL PUERTO,2024-06-20T08:08:00,true
2462,256,,transfer_in,958.95,4503.49,TRANSFERENCIA RECIBIDA,2024-06-20T11:35:00,false
2463,489,,transfer_in,854.90,3719.19,TRANSFERENCIA RECIBIDA,2024-06-20T12:08:00,false
2464,898,179,card_payment,-76.43,581.40,COMPRA CAFETERÍA REAL,2024-06-20T15:09:00,true
2465,836,,fee,-4.50,3484.21,COMISION MANTENIMIENTO,2024-06-21T16:58:00,false
2466,392,,transfer_in,282.54,456.91,TRANSFERENCIA RECIBIDA,2024-06-21T19:59:00,false
2467,962,,transfer_out,-623.78,2955.98,TRANSFERENCIA EMITIDA,2024-06-22T13:53:00,false
2468,775,,transfer_in,217.38,2659.17,TRANSFERENCIA RECIBIDA,2024-06-22T14:33:00,false
2469,806,52,card_payment,-27.15,5550.96,COMPRA RESTAURANTE NUEVO,2024-06-22T21:45:00,false
2470,393,,transfer_out,-627.14,1338.81,TRANSFERENCIA EMITIDA,2024-06-22T21:55:00,false
2471,1044,,transfer_out,-351.19,1541.29,TRANSFERENCIA EMITIDA,2024-06-23T12:39:00,false
2472,530,28,card_payment,-4.20,960.31,COMPRA PANADERÍA NUEVO,2024-06-23T13:35:00,false
2473,306,62,card_payment,-4.61,258.92,COMPRA PELUQUERÍA DEL PUERTO,2024-06-24T11:22:00,false
2474,978,,fee,-4.50,1462.31,COMISION MANTENIMIENTO,2024-06-24T12:01:00,false
2475,256,,fee,-12.00,4491.49,COMISION MANTENIMIENTO,2024-06-24T12:03:00,false
2476,709,179,card_payment,-88.17,2241.91,COMPRA CAFETERÍA REAL,2024-06-24T15:49:00,true
2477,541,149,card_payment,-61.19,2633.98,COMPRA PELUQUERÍA EL FARO,2024-06-24T18:34:00,false
2478,328,,transfer_out,-914.67,649.21,TRANSFERENCIA EMITIDA,2024-06-24T18:36:00,false
2479,129,83,card_payment,-43.15,2917.31,COMPRA PELUQUERÍA LOS ARCOS,2024-06-24T19:38:00,false
2480,388,46,card_payment,-39.49,1113.34,COMPRA EL RINCÓN DE LA ESTRELLA,2024-06-25T10:15:00,false
2481,604,97,card_payment,-12.35,2137.65,COMPRA ELECTRO LA ESQUINA,2024-06-25T10:31:00,false
2482,475,,transfer_out,-65.36,3443.52,TRANSFERENCIA EMITIDA,2024-06-25T13:03:00,false
2483,387,,salary,2328.85,3751.88,NOMINA,2024-06-25T17:33:00,false
2484,433,,transfer_out,-56.52,-111.23,TRANSFERENCIA EMITIDA,2024-06-26T15:56:00,false
2485,89,,transfer_out,-294.84,1285.98,TRANSFERENCIA EMITIDA,2024-06-26T18:12:00,false
2486,754,,transfer_in,384.81,4198.03,TRANSFERENCIA RECIBIDA,2024-06-26T19:45:00,false
2487,260,,salary,2313.23,4280.60,NOMINA,2024-06-26T20:39:00,false
2488,486,121,card_payment,-42.75,1093.43,COMPRA MUEBLES LA ESTRELLA,2024-06-27T10:28:00,false
2489,154,,salary,1097.88,4756.59,NOMINA,2024-06-27T12:17:00,false
2490,994,,salary,2075.09,5512.44,NOMINA,2024-06-27T12:18:00,false
2491,129,,salary,2018.16,4935.47,NOMINA,2024-06-27T12:36:00,false
2492,333,144,card_payment,-99.07,5399.90,COMPRA LIBRERÍA REAL,2024-06-27T13:08:00,true
2493,546,28,card_payment,-166.08,2320.08,COMPRA PANADERÍA NUEVO,2024-06-27T18:51:00,false
2494,530,,transfer_in,165.87,1126.18,TRANSFERENCIA RECIBIDA,2024-06-28T11:47:00,false
2495,40,,salary,1812.66,2136.96,NOMINA,2024-06-28T12:12:00,false
2496,1066,,transfer_out,-368.62,644.32,TRANSFERENCIA EMITIDA,2024-06-28T16:33:00,false
2497,428,74,card_payment,-13.11,731.72,COMPRA ELECTRO LOS ARCOS,2024-06-29T11:38:00,false
2498,712,,fee,-12.00,-406.94,COMISION MANTENIMIENTO,2024-06-29T13:36:00,false
2499,38,161,card_payment,-49.76,952.90,COMPRA ELECTRO BUENAVISTA,2024-06-29T14:53:00,false
2500,207,22,card_payment,-11.59,1474.76,COMPRA PELUQUERÍA DEL CARMEN,2024-06-30T09:18:00,false
2501,96,162,card_payment,-90.22,300.56,COMPRA LIBRERÍA LA ESQUINA,2024-06-30T09:44:00,true
2502,1024,,atm_withdrawal,-100.00,371.63,REINTEGRO CAJERO,2024-06-30T10:03:00,false
2503,555,,interest,0.31,1092.14,ABONO INTERESES,2024-06-30T17:24:00,false
2504,612,,transfer_out,-212.82,1109.48,TRANSFERENCIA EMITIDA,2024-06-30T19:26:00,false
2505,812,8,card_payment,-17.88,5579.66,COMPRA SUPERMERCADO MODERNO,2024-07-01T11:02:00,false
2506,260,,transfer_in,797.78,5078.38,TRANSFERENCIA RECIBIDA,2024-07-01T15:25:00,false
2507,966,139,card_payment,-64.01,1535.90,COMPRA RESTAURANTE DEL CARMEN,2024-07-01T19:06:00,true
2508,913,,direct_debit,-35.47,2819.34,RECIBO DOMICILIADO,2024-07-01T19:58:00,false
2509,151,90,card_payment,-56.61,1632.38,COMPRA LA TIENDA DE LOS ARCOS,2024-07-02T12:17:00,false
2510,69,,direct_debit,-35.95,496.66,RECIBO DOMICILIADO,2024-07-02T14:29:00,false
2511,914,137,card_payment,-16.17,1750.85,COMPRA ÓPTICA CENTRAL,2024-07-02T15:30:00,false
2512,821,,transfer_in,362.32,5113.95,TRANSFERENCIA RECIBIDA,2024-07-02T17:55:00,false
2513,1095,,atm_withdrawal,-100.00,2863.49,REINTEGRO CAJERO,2024-07-02T18:05:00,false
2514,478,,direct_debit,-13.43,299.25,RECIBO DOMICILIADO,2024-07-02T18:59:00,false
2515,856,,direct_debit,-28.47,2445.15,RECIBO DOMICILIADO,2024-07-03T14:21:00,false
2516,98,63,card_payment,-27.53,1825.72,COMPRA FARMACIA LOS ARCOS,2024-07-03T15:00:00,false
2517,570,32,card_payment,-15.98,2769.73,COMPRA CASA NUEVO,2024-07-03T15:51:00,true
2518,352,,transfer_out,-220.12,2538.17,TRANSFERENCIA EMITIDA,2024-07-03T16:49:00,false
2519,332,,atm_withdrawal,-150.00,606.69,REINTEGRO CAJERO,2024-07-03T17:14:00,false
2520,940,,transfer_in,754.28,1987.02,TRANSFERENCIA RECIBIDA,2024-07-03T18:06:00,false
2521,1009,,direct_debit,-31.45,338.84,RECIBO DOMICILIADO,2024-07-03T18:48:00,false
2522,327,,direct_debit,-31.44,2065.08,RECIBO DOMICILIADO,2024-07-04T09:43:00,false
2523,923,,direct_debit,-75.54,2835.90,RECIBO DOMICILIADO,2024-07-04T12:38:00,false
2524,961,,direct_debit,-60.65,1001.04,RECIBO DOMICILIADO,2024-07-04T12:47:00,false
2525,899,145,card_payment,-11.51,3545.77,COMPRA LIBRERÍA DEL SOL,2024-07-04T13:38:00,false
2526,222,,direct_debit,-56.66,3404.20,RECIBO DOMICILIADO,2024-07-04T14:43:00,false
2527,663,,transfer_out,-365.42,927.08,TRANSFERENCIA EMITIDA,2024-07-04T14:48:00,false
2528,56,,direct_debit,-39.94,1360.89,RECIBO DOMICILIADO,2024-07-04T15:28:00,false
2529,176,,direct_debit,-22.18,3532.63,RECIBO DOMICILIADO,2024-07-04T15:40:00,false
2530,93,77,card_payment,-4.44,1190.24,COMPRA BAR LA ESTRELLA,2024-07-04T16:23:00,false
2531,604,,transfer_in,438.78,2576.43,TRANSFERENCIA RECIBIDA,2024-07-04T18:33:00,false
2532,229,,direct_debit,-21.32,-904.96,RECIBO DOMICILIADO,2024-07-04T19:05:00,false
2533,960,,fee,-4.50,430.78,COMISION MANTENIMIENTO,2024-07-04T20:04:00,false
2534,388,,atm_withdrawal,-200.00,913.34,REINTEGRO CAJERO,2024-07-04T20:12:00,false
2535,914,,direct_debit,-36.81,1714.04,RECIBO DOMICILIADO,2024-07-04T20:57:00,false
2536,488,,direct_debit,-23.07,1233.88,RECIBO DOMICILIADO,2024-07-04T21:23:00,false
2537,939,10,card_payment,-4.40,3363.50,COMPRA PANADERÍA LA ESTRELLA,2024-07-05T12:54:00,false
2538,126,,direct_debit,-27.82,1078.25,RECIBO DOMICILIADO,2024-07-05T13:32:00,false
2539,352,164,card_payment,-21.10,2517.07,COMPRA LIBRERÍA REAL,2024-07-05T14:56:00,false
2540,944,,direct_debit,-144.17,190.13,RECIBO DOMICILIADO,2024-07-05T16:44:00,false
2541,965,,direct_debit,-17.48,4332.50,RECIBO DOMICILIADO,2024-07-05T18:11:00,false
2542,284,,direct_debit,-16.20,1330.47,RECIBO DOMICILIADO,2024-07-05T21:24:00,false
2543,167,30,card_payment,-1.26,516.95,COMPRA LA TIENDA DE BUENAVISTA,2024-07-06T10:30:00,false
2544,1002,,transfer_out,-610.37,1730.95,TRANSFERENCIA EMITIDA,2024-07-06T11:11:00,false
2545,963,,atm_withdrawal,-50.00,2918.76,REINTEGRO CAJERO,2024-07-06T11:34:00,false
2546,1044,,direct_debit,-8.10,1533.19,RECIBO DOMICILIADO,2024-07-06T12:35:00,false
2547,954,96,card_payment,-13.85,3883.42,COMPRA LIBRERÍA BUENAVISTA,2024-07-06T13:58:00,false
2548,124,,direct_debit,-30.44,1795.63,RECIBO DOMICILIADO,2024-07-06T14:15:00,false
2549,511,,direct_debit,-16.73,19.29,RECIBO DOMICILIADO,2024-07-06T15:41:00,false
2550,110,,direct_debit,-35.20,2610.83,RECIBO DOMICILIADO,2024-07-06T20:10:00,false
2551,177,84,card_payment,-1.98,1261.35,COMPRA CAFETERÍA LOS ARCOS,2024-07-07T11:31:00,true
2552,1002,79,card_payment,-6.04,1724.91,COMPRA CASA CENTRAL,2024-07-07T11:44:00,false
2553,555,,direct_debit,-74.08,1018.06,RECIBO DOMICILIADO,2024-07-07T12:36:00,false
2554,1008,,transfer_out,-798.73,2054.41,TRANSFERENCIA EMITIDA,2024-07-07T13:18:00,false
2555,770,,direct_debit,-19.88,2773.77,RECIBO DOMICILIADO,2024-07-07T13:45:00,false
2556,844,62,card_payment,-18.42,2779.42,COMPRA PELUQUERÍA DEL PUERTO,2024-07-07T14:12:00,false
2557,560,,direct_debit,-123.06,880.56,RECIBO DOMICILIADO,2024-07-07T14:53:00,false
2558,926,76,card_payment,-7.21,4552.97,COMPRA LIBRERÍA SAN MARCOS,2024-07-07T15:25:00,false
2559,791,69,card_payment,-27.84,1878.00,COMPRA PELUQUERÍA LA ESQUINA,2024-07-07T16:07:00,false
2560,67,55,card_payment,-22.01,1077.16,COMPRA CAFETERÍA REAL,2024-07-07T19:24:00,false
2561,309,10,card_payment,-1.83,892.20,COMPRA PANADERÍA LA ESTRELLA,2024-07-08T16:38:00,false
2562,63,,transfer_out,-463.59,2886.22,TRANSFERENCIA EMITIDA,2024-07-09T09:31:00,false
2563,810,17,card_payment,-4.31,4146.50,COMPRA CASA REAL,2024-07-09T14:18:00,false
2564,393,139,card_payment,-6.97,1331.84,COMPRA RESTAURANTE DEL CARMEN,2024-07-09T14:25:00,true
2565,56,,transfer_in,522.25,1883.14,TRANSFERENCIA RECIBIDA,2024-07-09T17:54:00,false
2566,485,63,card_payment,-14.69,2398.19,COMPRA FARMACIA LOS ARCOS,2024-07-10T15:59:00,false
2567,729,24,card_payment,-1.73,4549.38,COMPRA ELECTRO DEL PUERTO,2024-07-10T17:27:00,false
2568,906,35,card_payment,-11.63,3482.04,COMPRA CAFETERÍA REAL,2024-07-10T17:33:00,false
2569,692,13,card_payment,-13.22,4728.69,COMPRA RESTAURANTE SAN MARCOS,2024-07-10T18:04:00,false
2570,440,33,card_payment,-96.56,2747.82,COMPRA LIBRERÍA DEL PUERTO,2024-07-11T08:54:00,true
2571,539,23,card_payment,-21.29,339.95,COMPRA CAFETERÍA GRAN VÍA,2024-07-11T13:14:00,false
2572,599,143,card_payment,-8.07,3458.94,COMPRA PELUQUERÍA LOS ARCOS,2024-07-11T13:41:00,true
2573,436,114,card_payment,-55.74,318.96,COMPRA FARMACIA BUENAVISTA,2024-07-11T13:44:00,false
2574,131,,transfer_out,-418.79,962.24,TRANSFERENCIA EMITIDA,2024-07-11T15:33:00,false
2575,283,130,card_payment,-16.10,2402.60,COMPRA PELUQUERÍA EL FARO,2024-07-11T16:53:00,true
2576,421,135,card_payment,-47.92,3606.68,COMPRA SUPERMERCADO GRAN VÍA,2024-07-11T17:20:00,false
2577,663,,atm_withdrawal,-100.00,827.08,REINTEGRO CAJERO,2024-07-11T19:57:00,false
2578,885,151,card_payment,-10.78,3584.03,COMPRA FARMACIA MODERNO,2024-07-11T20:08:00,false
2579,868,13,card_payment,-8.61,1448.96,COMPRA RESTAURANTE SAN MARCOS,2024-07-12T11:54:00,false
2580,690,,fee,-12.00,3072.41,COMISION MANTENIMIENTO,2024-07-12T14:11:00,false
2581,696,25,card_payment,-32.72,7199.65,COMPRA SUPERMERCADO LOS ARCOS,2024-07-13T18:02:00,false
2582,999,,atm_withdrawal,-20.00,1455.45,REINTEGRO CAJERO,2024-07-13T20:57:00,false
2583,807,151,card_payment,-44.90,346.72,COMPRA FARMACIA MODERNO,2024-07-14T10:22:00,false
2584,862,,transfer_in,1279.05,4893.03,TRANSFERENCIA RECIBIDA,2024-07-14T12:43:00,false
2585,92,118,card_payment,-5.56,1571.61,COMPRA TALLER EL FARO,2024-07-14T14:02:00,false
2586,770,171,card_payment,-33.08,2740.69,COMPRA FARMACIA LA ESTRELLA,2024-07-15T11:35:00,false
2587,424,,transfer_in,77.12,1809.44,TRANSFERENCIA RECIBIDA,2024-07-15T14:01:00,false
2588,650,84,card_payment,-10.80,4888.48,COMPRA CAFETERÍA LOS ARCOS,2024-07-15T18:07:00,true
2589,25,114,card_payment,-72.97,2281.48,COMPRA FARMACIA BUENAVISTA,2024-07-16T09:58:00,false
2590,966,55,card_payment,-65.53,1470.37,COMPRA CAFETERÍA REAL,2024-07-17T08:17:00,false
2591,484,,transfer_in,74.19,2005.89,TRANSFERENCIA RECIBIDA,2024-07-17T11:39:00,false
2592,928,113,card_payment,-18.96,3674.13,COMPRA FARMACIA LOS ARCOS,2024-07-17T13:59:00,false
2593,436,26,card_payment,-8.07,310.89,COMPRA LA TIENDA DE GRAN VÍA,2024-07-17T16:26:00,false
2594,1056,,transfer_out,-202.87,5808.36,TRANSFERENCIA EMITIDA,2024-07-17T21:25:00,false
2595,807,162,card_payment,-60.95,285.77,COMPRA LIBRERÍA LA ESQUINA,2024-07-18T12:36:00,true
2596,529,,fee,-2.50,1231.14,COMISION MANTENIMIENTO,2024-07-18T13:03:00,false
2597,1094,77,card_payment,-22.03,2244.35,COMPRA BAR LA ESTRELLA,2024-07-18T14:39:00,false
2598,138,51,card_payment,-28.89,1008.04,COMPRA MUEBLES LOS ARCOS,2024-07-18T18:50:00,false
2599,991,,transfer_out,-389.96,5594.58,TRANSFERENCIA EMITIDA,2024-07-18T21:10:00,false
2600,289,,atm_withdrawal,-100.00,2894.35,REINTEGRO CAJERO,2024-07-19T11:12:00,false
2601,76,23,card_payment,-10.81,1321.70,COMPRA CAFETERÍA GRAN VÍA,2024-07-19T11:18:00,false
2602,39,,fee,-12.00,2955.90,COMISION MANTENIMIENTO,2024-07-19T11:54:00,false
2603,691,43,card_payment,-40.69,156.75,COMPRA CAFETERÍA EL FARO,2024-07-19T14:47:00,true
2604,671,,atm_withdrawal,-100.00,1928.43,REINTEGRO CAJERO,2024-07-20T09:24:00,false
2605,999,,atm_withdrawal,-20.00,1435.45,REINTEGRO CAJERO,2024-07-20T13:31:00,false
2606,15,,atm_withdrawal,-50.00,3566.76,REINTEGRO CAJERO,2024-07-21T11:01:00,false
2607,378,155,card_payment,-8.97,1472.49,COMPRA LIBRERÍA LOS ARCOS,2024-07-21T20:39:00,false
2608,573,168,card_payment,-20.96,757.54,COMPRA FARMACIA REAL,2024-07-22T08:51:00,false
2609,421,160,card_payment,-3.94,3602.74,COMPRA TALLER DEL CARMEN,2024-07-22T10:06:00,false
2610,129,47,card_payment,-15.31,4920.16,COMPRA BAR NUEVO,2024-07-22T11:04:00,false
2611,226,120,card_payment,-20.56,2548.86,COMPRA BAR EL FARO,2024-07-22T11:05:00,true
2612,789,119,card_payment,-32.65,7246.81,COMPRA TALLER NUEVO,2024-07-22T15:48:00,false
2613,187,163,card_payment,-11.20,3141.72,COMPRA ELECTRO SAN MARCOS,2024-07-22T15:59:00,false
2614,151,,transfer_out,-776.11,856.27,TRANSFERENCIA EMITIDA,2024-07-22T16:30:00,false
2615,950,,transfer_out,-458.34,847.38,TRANSFERENCIA EMITIDA,2024-07-23T09:53:00,false
2616,959,77,card_payment,-29.15,3021.14,COMPRA BAR LA ESTRELLA,2024-07-23T18:57:00,false
2617,444,158,card_payment,-8.28,3488.41,COMPRA CASA EL FARO,2024-07-23T20:13:00,false
2618,8,,interest,1.48,4109.23,ABONO INTERESES,2024-07-24T11:41:00,false
2619,663,3,card_payment,-27.31,799.77,COMPRA SUPERMERCADO DEL SOL,2024-07-24T12:18:00,true
2620,883,114,card_payment,-14.19,459.41,COMPRA FARMACIA BUENAVISTA,2024-07-24T17:17:00,false
2621,280,,transfer_in,79.17,2063.10,TRANSFERENCIA RECIBIDA,2024-07-24T20:05:00,false
2622,209,,salary,1525.24,3240.01,NOMINA,2024-07-25T09:40:00,false
2623,549,92,card_payment,-12.04,636.96,COMPRA CAFETERÍA EL FARO,2024-07-25T12:21:00,false
2624,55,,fee,-4.50,3542.18,COMISION MANTENIMIENTO,2024-07-25T13:23:00,false
2625,440,,salary,761.89,3509.71,NOMINA,2024-07-25T14:54:00,false
2626,241,,salary,2026.06,6320.18,NOMINA,2024-07-25T15:08:00,false
2627,576,26,card_payment,-39.82,2421.49,COMPRA LA TIENDA DE GRAN VÍA,2024-07-26T11:49:00,false
2628,297,,salary,2081.86,3786.79,NOMINA,2024-07-26T13:12:00,false
2629,273,,atm_withdrawal,-60.00,3476.80,REINTEGRO CAJERO,2024-07-26T14:07:00,false
2630,860,2,card_payment,-8.87,3332.09,COMPRA CASA CENTRAL,2024-07-26T14:11:00,false
2631,502,88,card_payment,-18.01,5426.33,COMPRA TALLER SAN MARCOS,2024-07-26T19:24:00,false
2632,463,,salary,2036.36,5579.49,NOMINA,2024-07-26T20:11:00,false
2633,546,,salary,1399.67,3719.75,NOMINA,2024-07-27T10:15:00,false
2634,193,76,card_payment,-18.08,1388.33,COMPRA LIBRERÍA SAN MARCOS,2024-07-27T12:08:00,false
2635,891,106,card_payment,-12.12,2655.80,COMPRA LIBRERÍA EL FARO,2024-07-27T15:40:00,false
2636,93,138,card_payment,-111.21,1079.03,COMPRA RESTAURANTE CENTRAL,2024-07-27T16:05:00,false
2637,779,,transfer_out,-792.49,858.91,TRANSFERENCIA EMITIDA,2024-07-27T17:04:00,false
2638,630,46,card_payment,-17.85,3298.34,COMPRA EL RINCÓN DE LA ESTRELLA,2024-07-27T19:21:00,false
2639,957,,salary,2185.67,5896.98,NOMINA,2024-07-27T20:46:00,false
2640,72,,atm_withdrawal,-50.00,3027.97,REINTEGRO CAJERO,2024-07-27T21:14:00,false
2641,892,,transfer_in,475.99,5853.46,TRANSFERENCIA RECIBIDA,2024-07-28T15:50:00,false
2642,342,60,card_payment,-64.71,1430.98,COMPRA FARMACIA EL FARO,2024-07-28T16:07:00,false
2643,977,67,card_payment,-9.16,1191.23,COMPRA PELUQUERÍA BUENAVISTA,2024-07-28T16:56:00,false
2644,185,,fee,-2.50,436.57,COMISION MANTENIMIENTO,2024-07-28T17:12:00,false
2645,1072,155,card_payment,-11.13,2269.75,COMPRA LIBRERÍA LOS ARCOS,2024-07-29T11:19:00,false
2646,100,,transfer_in,933.90,1340.36,TRANSFERENCIA RECIBIDA,2024-07-29T11:55:00,false
2647,929,143,card_payment,-23.48,301.60,COMPRA PELUQUERÍA LOS ARCOS,2024-07-29T15:40:00,true
2648,547,125,card_payment,-15.39,2912.66,COMPRA ELECTRO SAN MARCOS,2024-07-29T18:19:00,false
2649,356,109,card_payment,-25.90,1655.32,COMPRA EL RINCÓN DE GRAN VÍA,2024-07-29T18:46:00,false
2650,510,78,card_payment,-25.16,596.88,COMPRA LA TIENDA DE EL FARO,2024-07-30T12:32:00,false
2651,572,98,card_payment,-4.39,5700.91,COMPRA SUPERMERCADO EL FARO,2024-07-30T14:09:00,false
2652,1062,,fee,-2.50,4506.80,COMISION MANTENIMIENTO,2024-07-30T14:57:00,false
2653,723,,atm_withdrawal,-60.00,441.51,REINTEGRO CAJERO,2024-07-30T18:37:00,false
2654,73,7,card_payment,-10.49,1263.98,COMPRA PELUQUERÍA LOS ARCOS,2024-07-31T09:27:00,false
2655,1079,,transfer_out,-255.99,4392.01,TRANSFERENCIA EMITIDA,2024-07-31T12:39:00,false
2656,17,21,card_payment,-17.41,4374.43,COMPRA RESTAURANTE MODERNO,2024-07-31T14:29:00,false
2657,382,32,card_payment,-4.06,3781.48,COMPRA CASA NUEVO,2024-07-31T14:43:00,true
2658,25,,transfer_out,-364.10,1917.38,TRANSFERENCIA EMITIDA,2024-07-31T19:21:00,false
2659,855,,direct_debit,-27.03,5735.74,RECIBO DOMICILIADO,2024-08-01T10:51:00,false
2660,663,,fee,-2.50,797.27,COMISION MANTENIMIENTO,2024-08-01T13:46:00,false
2661,451,158,card_payment,-87.35,1522.65,COMPRA CASA EL FARO,2024-08-01T13:50:00,false
2662,901,107,card_payment,-10.80,2807.91,COMPRA PELUQUERÍA SAN MARCOS,2024-08-01T14:13:00,false
2663,767,60,card_payment,-17.21,889.91,COMPRA FARMACIA EL FARO,2024-08-01T15:47:00,false
2664,76,,direct_debit,-14.89,1306.81,RECIBO DOMICILIADO,2024-08-01T15:48:00,false
2665,620,,direct_debit,-10.71,3485.49,RECIBO DOMICILIADO,2024-08-01T20:31:00,false
2666,633,,direct_debit,-10.19,3750.44,RECIBO DOMICILIADO,2024-08-02T11:17:00,false
2667,990,,direct_debit,-147.44,6102.39,RECIBO DOMICILIADO,2024-08-02T11:35:00,false
2668,400,,direct_debit,-28.94,3284.88,RECIBO DOMICILIADO,2024-08-02T12:07:00,false
2669,965,,direct_debit,-110.50,4222.00,RECIBO DOMICILIADO,2024-08-02T13:14:00,false
2670,421,,transfer_in,971.62,4574.36,TRANSFERENCIA RECIBIDA,2024-08-02T13:18:00,false
2671,122,,transfer_in,840.32,3630.57,TRANSFERENCIA RECIBIDA,2024-08-02T17:38:00,false
2672,896,,direct_debit,-30.10,2476.17,RECIBO DOMICILIADO,2024-08-02T18:36:00,false
2673,640,177,card_payment,-7.47,3280.56,COMPRA BAR MODERNO,2024-08-02T18:38:00,true
2674,630,,transfer_out,-742.83,2555.51,TRANSFERENCIA EMITIDA,2024-08-02T18:52:00,false
2675,1087,,fee,-2.50,2567.39,COMISION MANTENIMIENTO,2024-08-02T19:13:00,false
2676,552,,direct_debit,-70.29,4908.60,RECIBO DOMICILIADO,2024-08-02T20:37:00,false
2677,491,,fee,-3.00,2606.24,COMISION MANTENIMIENTO,2024-08-02T21:42:00,false
2678,55,149,card_payment,-55.06,3487.12,COMPRA PELUQUERÍA EL FARO,2024-08-03T09:04:00,false
2679,93,90,card_payment,-7.20,1071.83,COMPRA LA TIENDA DE LOS ARCOS,2024-08-03T10:27:00,false
2680,67,101,card_payment,-30.91,1046.25,COMPRA ÓPTICA BUENAVISTA,2024-08-03T10:45:00,false
2681,649,,direct_debit,-31.43,2523.59,RECIBO DOMICILIADO,2024-08-03T10:55:00,false
2682,33,,direct_debit,-42.02,55.90,RECIBO DOMICILIADO,2024-08-03T12:10:00,false
2683,267,,direct_debit,-39.04,4896.48,RECIBO DOMICILIADO,2024-08-03T13:37:00,false
2684,440,,direct_debit,-37.36,3472.35,RECIBO DOMICILIADO,2024-08-03T13:37:00,false
2685,171,,direct_debit,-35.48,649.72,RECIBO DOMICILIADO,2024-08-03T16:38:00,false
2686,53,,atm_withdrawal,-50.00,4609.59,REINTEGRO CAJERO,2024-08-03T20:11:00,false
2687,8,,direct_debit,-90.66,4018.57,RECIBO DOMICILIADO,2024-08-04T12:38:00,false
2688,545,104,card_payment,-12.11,3391.50,COMPRA BAR NUEVO,2024-08-04T14:32:00,false
2689,55,,direct_debit,-80.76,3406.36,RECIBO DOMICILIADO,2024-08-04T15:48:00,false
2690,403,,direct_debit,-23.95,2623.60,RECIBO DOMICILIADO,2024-08-04T16:10:00,false
2691,92,144,card_payment,-85.80,1485.81,COMPRA LIBRERÍA REAL,2024-08-04T16:35:00,true
2692,265,63,card_payment,-11.93,129.81,COMPRA FARMACIA LOS ARCOS,2024-08-05T08:28:00,false
2693,492,,direct_debit,-181.86,2163.97,RECIBO DOMICILIADO,2024-08-05T10:22:00,false
2694,120,,transfer_in,24.43,3398.07,TRANSFERENCIA RECIBIDA,2024-08-05T12:00:00,false
2695,1094,,direct_debit,-23.92,2220.43,RECIBO DOMICILIADO,2024-08-05T12:08:00,false
2696,488,127,card_payment,-16.57,1217.31,COMPRA ÓPTICA SAN MARCOS,2024-08-05T12:36:00,false
2697,221,,fee,-12.00,631.64,COMISION MANTENIMIENTO,2024-08-05T12:52:00,false
2698,791,,atm_withdrawal,-150.00,1728.00,REINTEGRO CAJERO,2024-08-05T14:32:00,false
2699,895,85,card_payment,-1.59,886.70,COMPRA ELECTRO CENTRAL,2024-08-05T15:30:00,false
2700,274,,direct_debit,-23.30,4428.81,RECIBO DOMICILIADO,2024-08-05T18:26:00,false
2701,901,,direct_debit,-37.92,2769.99,RECIBO DOMICILIADO,2024-08-05T19:15:00,false
2702,148,,atm_withdrawal,-150.00,1308.00,REINTEGRO CAJERO,2024-08-05T21:54:00,false
2703,52,,direct_debit,-121.37,4971.60,RECIBO DOMICILIADO,2024-08-06T09:14:00,false
2704,528,137,card_payment,-3.22,1422.26,COMPRA ÓPTICA CENTRAL,2024-08-06T09:24:00,false
2705,803,,direct_debit,-50.84,4018.58,RECIBO DOMICILIADO,2024-08-06T09:48:00,false
2706,913,158,card_payment,-22.67,2796.67,COMPRA CASA EL FARO,2024-08-06T11:55:00,false
2707,10,,transfer_in,1099.33,3902.38,TRANSFERENCIA RECIBIDA,2024-08-06T13:46:00,false
2708,58,12,card_payment,-44.90,3911.68,COMPRA MUEBLES LA ESQUINA,2024-08-06T15:15:00,false
2709,179,,direct_debit,-26.28,1830.44,RECIBO DOMICILIADO,2024-08-06T17:08:00,false
2710,765,,transfer_out,-353.51,2716.56,TRANSFERENCIA EMITIDA,2024-08-06T20:09:00,false
2711,790,,direct_debit,-18.57,949.88,RECIBO DOMICILIADO,2024-08-06T20:37:00,false
2712,10,,direct_debit,-34.48,3867.90,RECIBO DOMICILIADO,2024-08-06T21:37:00,false
2713,1091,,direct_debit,-53.20,3325.27,RECIBO DOMICILIADO,2024-08-07T08:21:00,false
2714,743,,direct_debit,-16.66,3531.66,RECIBO DOMICILIADO,2024-08-07T10:15:00,false
2715,1047,,transfer_out,-502.40,824.11,TRANSFERENCIA EMITIDA,2024-08-07T11:22:00,false
2716,957,,direct_debit,-17.84,5879.14,RECIBO DOMICILIADO,2024-08-07T11:42:00,false
2717,619,,direct_debit,-110.18,522.53,RECIBO DOMICILIADO,2024-08-07T11:54:00,false
2718,1086,,atm_withdrawal,-40.00,4791.05,REINTEGRO CAJERO,2024-08-07T12:48:00,false
2719,113,40,card_payment,-13.07,2197.68,COMPRA EL RINCÓN DE REAL,2024-08-07T13:55:00,true
2720,161,,transfer_in,685.47,3065.35,TRANSFERENCIA RECIBIDA,2024-08-07T16:42:00,false
2721,866,,transfer_out,-325.39,682.31,TRANSFERENCIA EMITIDA,2024-08-07T18:37:00,false
2722,144,,direct_debit,-38.26,2140.85,RECIBO DOMICILIADO,2024-08-07T18:52:00,false
2723,586,,direct_debit,-22.32,548.52,RECIBO DOMICILIADO,2024-08-07T19:14:00,false
2724,850,,direct_debit,-28.30,3081.67,RECIBO DOMICILIADO,2024-08-07T19:16:00,false
2725,469,,direct_debit,-12.52,1960.88,RECIBO DOMICILIADO,2024-08-07T19:51:00,false
2726,754,95,card_payment,-26.74,4171.29,COMPRA EL RINCÓN DE SAN MARCOS,2024-08-07T21:47:00,false
2727,482,172,card_payment,-12.89,4275.55,COMPRA EL RINCÓN DE MODERNO,2024-08-08T10:56:00,false
2728,341,,transfer_in,407.34,2584.92,TRANSFERENCIA RECIBIDA,2024-08-08T12:28:00,false
2729,121,54,card_payment,-29.59,1843.87,COMPRA ELECTRO DEL PUERTO,2024-08-08T13:09:00,false
2730,335,20,card_payment,-31.26,8.28,COMPRA LA TIENDA DE BUENAVISTA,2024-08-08T14:26:00,false
2731,384,3,card_payment,-15.02,882.19,COMPRA SUPERMERCADO DEL SOL,2024-08-08T15:13:00,true
2732,5,,fee,-3.00,1504.73,COMISION MANTENIMIENTO,2024-08-08T16:23:00,false
2733,889,46,card_payment,-8.90,2079.74,COMPRA EL RINCÓN DE LA ESTRELLA,2024-08-08T16:55:00,false
2734,156,,transfer_out,-396.64,340.49,TRANSFERENCIA EMITIDA,2024-08-08T20:16:00,false
2735,336,,transfer_in,22.37,846.26,TRANSFERENCIA RECIBIDA,2024-08-09T10:01:00,false
2736,560,,atm_withdrawal,-50.00,830.56,REINTEGRO CAJERO,2024-08-09T14:28:00,false
2737,330,,transfer_out,-390.75,3974.01,TRANSFERENCIA EMITIDA,2024-08-10T09:18:00,false
2738,197,94,card_payment,-2.90,3057.93,COMPRA BAR CENTRAL,2024-08-11T09:03:00,false
2739,677,,transfer_out,-74.29,2774.44,TRANSFERENCIA EMITIDA,2024-08-11T12:03:00,false
2740,311,,transfer_out,-208.02,1493.34,TRANSFERENCIA EMITIDA,2024-08-11T12:48:00,false
2741,86,,transfer_in,74.40,2729.70,TRANSFERENCIA RECIBIDA,2024-08-11T14:13:00,false
2742,697,123,card_payment,-13.64,368.32,COMPRA LIBRERÍA LOS ARCOS,2024-08-11T14:45:00,false
2743,703,117,card_payment,-55.68,1684.98,COMPRA SUPERMERCADO REAL,2024-08-11T19:11:00,false
2744,469,,atm_withdrawal,-40.00,1920.88,REINTEGRO CAJERO,2024-08-11T19:44:00,false
2745,458,,transfer_in,486.88,2080.71,TRANSFERENCIA RECIBIDA,2024-08-11T20:13:00,false
2746,966,,transfer_out,-491.36,979.01,TRANSFERENCIA EMITIDA,2024-08-12T13:35:00,false
2747,1050,140,card_payment,-32.40,2514.37,COMPRA CASA DEL PUERTO,2024-08-12T17:49:00,false
2748,1046,,transfer_in,473.94,2513.70,TRANSFERENCIA RECIBIDA,2024-08-12T18:32:00,false
2749,8,58,card_payment,-35.88,3982.69,COMPRA ÓPTICA MODERNO,2024-08-13T09:50:00,false
2750,45,98,card_payment,-6.68,2719.52,COMPRA SUPERMERCADO EL FARO,2024-08-13T10:40:00,false
2751,433,,fee,-4.50,-115.73,COMISION MANTENIMIENTO,2024-08-13T11:57:00,false
2752,404,,interest,2.33,1243.27,ABONO INTERESES,2024-08-13T12:31:00,false
2753,267,60,card_payment,-2.35,4894.13,COMPRA FARMACIA EL FARO,2024-08-13T13:53:00,false
2754,137,,atm_withdrawal,-60.00,3407.66,REINTEGRO CAJERO,2024-08-13T15:50:00,false
2755,335,84,card_payment,-4.16,4.12,COMPRA CAFETERÍA LOS ARCOS,2024-08-13T17:17:00,true
2756,484,59,card_payment,-26.34,1979.55,COMPRA LA TIENDA DE LA ESTRELLA,2024-08-13T18:24:00,false
2757,539,126,card_payment,-11.17,328.78,COMPRA MUEBLES LA PLAZA,2024-08-13T18:30:00,false
2758,274,,fee,-12.00,4416.81,COMISION MANTENIMIENTO,2024-08-13T20:38:00,false
2759,428,102,card_payment,-9.98,721.74,COMPRA LIBRERÍA LOS ARCOS,2024-08-14T11:37:00,true
2760,493,107,card_payment,-12.86,2296.16,COMPRA PELUQUERÍA SAN MARCOS,2024-08-14T18:45:00,false
2761,583,,transfer_out,-126.54,4393.31,TRANSFERENCIA EMITIDA,2024-08-14T21:25:00,false
2762,314,123,card_payment,-38.70,1874.13,COMPRA LIBRERÍA LOS ARCOS,2024-08-15T12:06:00,false
2763,492,48,card_payment,-20.64,2143.33,COMPRA CAFETERÍA DEL CARMEN,2024-08-15T13:59:00,false
2764,714,172,card_payment,-4.91,1586.09,COMPRA EL RINCÓN DE MODERNO,2024-08-15T14:17:00,false
2765,223,79,card_payment,-25.97,1877.88,COMPRA CASA CENTRAL,2024-08-15T18:00:00,false
2766,985,,transfer_out,-575.89,2781.13,TRANSFERENCIA EMITIDA,2024-08-15T18:42:00,false
2767,747,,transfer_out,-552.93,-425.42,TRANSFERENCIA EMITIDA,2024-08-15T19:21:00,false
2768,549,126,card_payment,-13.51,623.45,COMPRA MUEBLES LA PLAZA,2024-08-16T12:44:00,false
2769,1029,,transfer_in,245.85,2017.25,TRANSFERENCIA RECIBIDA,2024-08-16T17:18:00,false
2770,26,,transfer_out,-604.49,874.03,TRANSFERENCIA EMITIDA,2024-08-16T20:05:00,false
2771,500,109,card_payment,-16.80,4289.12,COMPRA EL RINCÓN DE GRAN VÍA,2024-08-17T09:53:00,false
2772,961,,atm_withdrawal,-20.00,981.04,REINTEGRO CAJERO,2024-08-17T09:57:00,false
2773,297,,transfer_in,255.40,4042.19,TRANSFERENCIA RECIBIDA,2024-08-17T16:34:00,false
2774,58,123,card_payment,-4.02,3907.66,COMPRA LIBRERÍA LOS ARCOS,2024-08-17T17:23:00,false
2775,410,28,card_payment,-57.97,3351.58,COMPRA PANADERÍA NUEVO,2024-08-17T19:41:00,false
2776,884,28,card_payment,-20.43,7460.49,COMPRA PANADERÍA NUEVO,2024-08-18T09:13:00,false
2777,566,,fee,-2.50,2315.88,COMISION MANTENIMIENTO,2024-08-18T11:05:00,false
2778,1063,42,card_payment,-3.19,2592.52,COMPRA EL RINCÓN DE LOS ARCOS,2024-08-18T12:30:00,false
2779,272,116,card_payment,-11.96,3128.73,COMPRA ELECTRO MODERNO,2024-08-18T13:01:00,false
2780,199,,atm_withdrawal,-20.00,529.82,REINTEGRO CAJERO,2024-08-19T11:37:00,false
2781,1010,,atm_withdrawal,-40.00,3350.11,REINTEGRO CAJERO,2024-08-20T12:26:00,false
2782,449,54,card_payment,-15.33,3231.46,COMPRA ELECTRO DEL PUERTO,2024-08-21T10:02:00,false
2783,845,,transfer_in,679.92,5021.16,TRANSFERENCIA RECIBIDA,2024-08-21T12:03:00,false
2784,514,,fee,-3.00,842.48,COMISION MANTENIMIENTO,2024-08-21T15:09:00,false
2785,716,,atm_withdrawal,-50.00,3811.86,REINTEGRO CAJERO,2024-08-21T16:11:00,false
2786,949,,transfer_out,-264.17,533.40,TRANSFERENCIA EMITIDA,2024-08-21T16:56:00,false
2787,1065,87,card_payment,-28.87,-661.76,COMPRA LA TIENDA DE LA ESQUINA,2024-08-21T18:32:00,false
2788,243,,atm_withdrawal,-100.00,3111.83,REINTEGRO CAJERO,2024-08-22T11:05:00,false
2789,1071,174,card_payment,-13.66,3538.91,COMPRA EL RINCÓN DE BUENAVISTA,2024-08-22T13:13:00,true
2790,77,,transfer_out,-193.83,1134.78,TRANSFERENCIA EMITIDA,2024-08-22T16:43:00,false
2791,545,28,card_payment,-18.74,3372.76,COMPRA PANADERÍA NUEVO,2024-08-22T17:18:00,false
2792,442,5,card_payment,-4.33,1614.77,COMPRA ELECTRO NUEVO,2024-08-22T18:42:00,false
2793,219,,transfer_out,-311.00,1842.38,TRANSFERENCIA EMITIDA,2024-08-23T09:10:00,false
2794,648,,transfer_out,-283.01,968.03,TRANSFERENCIA EMITIDA,2024-08-23T09:16:00,false
2795,704,,transfer_in,278.48,3707.61,TRANSFERENCIA RECIBIDA,2024-08-23T18:54:00,false
2796,727,,transfer_in,768.10,1351.00,TRANSFERENCIA RECIBIDA,2024-08-24T14:45:00,false
2797,873,138,card_payment,-421.31,1845.96,COMPRA RESTAURANTE CENTRAL,2024-08-24T18:48:00,false
2798,715,130,card_payment,-30.29,584.20,COMPRA PELUQUERÍA EL FARO,2024-08-24T20:09:00,true
2799,312,153,card_payment,-58.98,4029.42,COMPRA PELUQUERÍA SAN MARCOS,2024-08-25T08:11:00,false
2800,934,,salary,2332.01,5372.96,NOMINA,2024-08-25T09:07:00,false
2801,444,132,card_payment,-151.76,3336.65,COMPRA CAFETERÍA LA ESTRELLA,2024-08-25T15:44:00,false
2802,265,,fee,-4.50,125.31,COMISION MANTENIMIENTO,2024-08-25T17:03:00,false
2803,220,,atm_withdrawal,-20.00,2315.97,REINTEGRO CAJERO,2024-08-25T18:01:00,false
2804,917,31,card_payment,-3.32,1254.98,COMPRA MUEBLES LA PLAZA,2024-08-25T18:18:00,false
2805,775,,salary,2133.92,4793.09,NOMINA,2024-08-25T20:54:00,false
2806,252,,transfer_out,-432.37,683.20,TRANSFERENCIA EMITIDA,2024-08-26T08:59:00,false
2807,852,144,card_payment,-6.21,5059.15,COMPRA LIBRERÍA REAL,2024-08-26T09:03:00,true
2808,739,128,card_payment,-98.30,24.78,COMPRA LA TIENDA DE DEL PUERTO,2024-08-26T12:45:00,false
2809,221,,transfer_in,614.19,1245.83,TRANSFERENCIA RECIBIDA,2024-08-26T17:05:00,false
2810,1049,30,card_payment,-10.27,1601.23,COMPRA LA TIENDA DE BUENAVISTA,2024-08-26T17:44:00,false
2811,847,,salary,2307.16,7228.04,NOMINA,2024-08-26T19:20:00,false
2812,626,,salary,2250.65,4215.22,NOMINA,2024-08-26T19:38:00,false
2813,860,,salary,2108.37,5440.46,NOMINA,2024-08-26T20:29:00,false
2814,971,126,card_payment,-2.56,2136.44,COMPRA MUEBLES LA PLAZA,2024-08-26T20:38:00,false
2815,989,29,card_payment,-11.53,2068.48,COMPRA CASA NUEVO,2024-08-26T21:20:00,false
2816,294,,transfer_out,-115.43,1197.96,TRANSFERENCIA EMITIDA,2024-08-27T09:07:00,false
2817,800,,transfer_out,-591.89,438.59,TRANSFERENCIA EMITIDA,2024-08-27T10:20:00,false
2818,5,,fee,-12.00,1492.73,COMISION MANTENIMIENTO,2024-08-27T10:38:00,false
2819,966,,salary,1388.50,2367.51,NOMINA,2024-08-27T12:03:00,false
2820,529,,salary,1179.90,2411.04,NOMINA,2024-08-27T14:35:00,false
2821,596,128,card_payment,-1.59,2011.19,COMPRA LA TIENDA DE DEL PUERTO,2024-08-27T15:01:00,false
2822,51,173,card_payment,-38.45,1109.39,COMPRA LIBRERÍA NUEVO,2024-08-27T17:31:00,false
2823,392,46,card_payment,-36.96,419.95,COMPRA EL RINCÓN DE LA ESTRELLA,2024-08-27T18:30:00,false
2824,993,,salary,1344.86,4507.44,NOMINA,2024-08-27T19:21:00,false
2825,714,,salary,1226.59,2812.68,NOMINA,2024-08-28T08:39:00,false
2826,330,,fee,-12.00,3962.01,COMISION MANTENIMIENTO,2024-08-28T08:58:00,false
2827,278,,salary,2658.47,6932.03,NOMINA,2024-08-28T10:19:00,false
2828,473,,transfer_out,-97.84,3515.66,TRANSFERENCIA EMITIDA,2024-08-28T10:54:00,false
2829,221,,salary,2469.04,3714.87,NOMINA,2024-08-28T11:56:00,false
2830,617,,salary,918.17,3281.98,NOMINA,2024-08-28T13:20:00,false
2831,117,,fee,-2.50,516.06,COMISION MANTENIMIENTO,2024-08-28T13:24:00,false
2832,1054,14,card_payment,-5.88,277.91,COMPRA ÓPTICA MODERNO,2024-08-28T17:06:00,true
2833,420,,salary,1305.90,1742.91,NOMINA,2024-08-28T19:41:00,false
2834,159,155,card_payment,-43.72,2417.74,COMPRA LIBRERÍA LOS ARCOS,2024-08-29T08:47:00,false
2835,38,,transfer_out,-782.46,170.44,TRANSFERENCIA EMITIDA,2024-08-29T09:00:00,false
2836,353,59,card_payment,-6.03,490.25,COMPRA LA TIENDA DE LA ESTRELLA,2024-08-29T10:31:00,false
2837,216,,transfer_in,41.59,3940.49,TRANSFERENCIA RECIBIDA,2024-08-29T11:01:00,false
2838,159,169,card_payment,-10.30,2407.44,COMPRA CAFETERÍA SAN MARCOS,2024-08-29T12:37:00,false
2839,357,,interest,2.26,1139.11,ABONO INTERESES,2024-08-29T14:15:00,false
2840,1079,34,card_payment,-12.14,4379.87,COMPRA CAFETERÍA DEL SOL,2024-08-29T14:27:00,false
2841,623,103,card_payment,-23.37,840.20,COMPRA MUEBLES EL FARO,2024-08-29T14:47:00,false
2842,1006,,interest,1.54,2334.63,ABONO INTERESES,2024-08-29T17:32:00,false
2843,460,,interest,4.49,-13.44,ABONO INTERESES,2024-08-29T21:48:00,false
2844,972,98,card_payment,-255.66,3716.75,COMPRA SUPERMERCADO EL FARO,2024-08-30T13:00:00,false
2845,69,6,card_payment,-16.99,479.67,COMPRA EL RINCÓN DE SAN MARCOS,2024-08-30T18:22:00,false
2846,1002,156,card_payment,-4.74,1720.17,COMPRA FARMACIA DEL CARMEN,2024-08-30T20:34:00,true
2847,420,130,card_payment,-14.05,1728.86,COMPRA PELUQUERÍA EL FARO,2024-08-31T09:01:00,true
2848,801,83,card_payment,-54.40,105.00,COMPRA PELUQUERÍA LOS ARCOS,2024-08-31T09:44:00,false
2849,550,,transfer_out,-103.92,3753.83,TRANSFERENCIA EMITIDA,2024-08-31T13:59:00,false
2850,82,147,card_payment,-21.62,2826.45,COMPRA TALLER SAN MARCOS,2024-08-31T14:00:00,false
2851,135,,transfer_out,-290.28,3228.85,TRANSFERENCIA EMITIDA,2024-08-31T14:03:00,false
2852,344,,atm_withdrawal,-50.00,1689.24,REINTEGRO CAJERO,2024-08-31T18:01:00,false
2853,24,117,card_payment,-69.21,4621.50,COMPRA SUPERMERCADO REAL,2024-08-31T18:42:00,false
2854,581,,direct_debit,-116.10,1221.67,RECIBO DOMICILIADO,2024-09-01T09:24:00,false
2855,358,79,card_payment,-6.53,1648.22,COMPRA CASA CENTRAL,2024-09-01T11:27:00,false
2856,458,,direct_debit,-48.89,2031.82,RECIBO DOMICILIADO,2024-09-01T11:43:00,false
2857,847,,direct_debit,-40.38,7187.66,RECIBO DOMICILIADO,2024-09-01T12:12:00,false
2858,347,,direct_debit,-89.32,3041.36,RECIBO DOMICILIADO,2024-09-01T13:44:00,false
2859,702,5,card_payment,-3.19,1117.51,COMPRA ELECTRO NUEVO,2024-09-01T14:18:00,false
2860,815,166,card_payment,-74.30,3114.63,COMPRA LA TIENDA DE BUENAVISTA,2024-09-01T16:19:00,true
2861,981,2,card_payment,-3.93,2311.89,COMPRA CASA CENTRAL,2024-09-01T17:25:00,false
2862,914,47,card_payment,-52.14,1661.90,COMPRA BAR NUEVO,2024-09-01T17:53:00,false
2863,25,112,card_payment,-26.99,1890.39,COMPRA CAFETERÍA DEL PUERTO,2024-09-01T18:03:00,false
2864,121,,fee,-12.00,1831.87,COMISION MANTENIMIENTO,2024-09-01T19:08:00,false
2865,895,,direct_debit,-19.79,866.91,RECIBO DOMICILIADO,2024-09-02T10:12:00,false
2866,937,,direct_debit,-49.01,2977.74,RECIBO DOMICILIADO,2024-09-02T11:48:00,false
2867,35,61,card_payment,-28.24,2513.00,COMPRA PANADERÍA LA PLAZA,2024-09-02T12:43:00,false
2868,424,,interest,5.49,1814.93,ABONO INTERESES,2024-09-02T14:06:00,false
2869,885,14,card_payment,-21.80,3562.23,COMPRA ÓPTICA MODERNO,2024-09-02T14:07:00,true
2870,383,,transfer_out,-598.91,1760.13,TRANSFERENCIA EMITIDA,2024-09-02T17:40:00,false
2871,906,,transfer_out,-178.42,3303.62,TRANSFERENCIA EMITIDA,2024-09-02T18:05:00,false
2872,44,79,card_payment,-34.44,3049.40,COMPRA CASA CENTRAL,2024-09-02T18:56:00,false
2873,982,,direct_debit,-25.09,167.56,RECIBO DOMICILIADO,2024-09-03T08:52:00,false
2874,117,55,card_payment,-9.87,506.19,COMPRA CAFETERÍA REAL,2024-09-03T12:30:00,false
2875,583,,transfer_out,-274.99,4118.32,TRANSFERENCIA EMITIDA,2024-09-03T13:53:00,false
2876,596,,direct_debit,-60.34,1950.85,RECIBO DOMICILIADO,2024-09-03T16:17:00,false
2877,744,,direct_debit,-37.87,3079.66,RECIBO DOMICILIADO,2024-09-03T19:10:00,false
2878,812,,transfer_out,-308.58,5271.08,TRANSFERENCIA EMITIDA,2024-09-04T09:31:00,false
2879,571,,direct_debit,-28.81,3309.45,RECIBO DOMICILIADO,2024-09-04T10:04:00,false
2880,12,35,card_payment,-85.79,723.89,COMPRA CAFETERÍA REAL,2024-09-04T11:00:00,false
2881,851,,direct_debit,-59.78,330.33,RECIBO DOMICILIADO,2024-09-04T11:16:00,false
2882,469,,direct_debit,-80.36,1840.52,RECIBO DOMICILIADO,2024-09-04T11:22:00,false
2883,137,,transfer_out,-973.30,2434.36,TRANSFERENCIA EMITIDA,2024-09-04T13:30:00,false
2884,411,178,card_payment,-4.14,2101.49,COMPRA MUEBLES DEL PUERTO,2024-09-04T16:32:00,false
2885,217,,direct_debit,-54.80,5014.34,RECIBO DOMICILIADO,2024-09-04T17:28:00,false
2886,880,130,card_payment,-88.72,281.20,COMPRA PELUQUERÍA EL FARO,2024-09-04T17:47:00,true
2887,771,125,card_payment,-32.44,1879.34,COMPRA ELECTRO SAN MARCOS,2024-09-04T18:06:00,false
2888,56,166,card_payment,-16.51,1866.63,COMPRA LA TIENDA DE BUENAVISTA,2024-09-04T18:51:00,true
2889,939,,direct_debit,-60.63,3302.87,RECIBO DOMICILIADO,2024-09-04T20:27:00,false
2890,339,108,card_payment,-6.70,2612.41,COMPRA TALLER LA ESTRELLA,2024-09-04T21:32:00,true
2891,873,92,card_payment,-46.15,1799.81,COMPRA CAFETERÍA EL FARO,2024-09-05T08:23:00,false
2892,174,,direct_debit,-11.65,742.80,RECIBO DOMICILIADO,2024-09-05T11:01:00,false
2893,450,127,card_payment,-6.10,3220.92,COMPRA ÓPTICA SAN MARCOS,2024-09-05T11:01:00,false
2894,657,,direct_debit,-37.00,653.71,RECIBO DOMICILIADO,2024-09-05T11:26:00,false
2895,963,67,card_payment,-16.95,2901.81,COMPRA PELUQUERÍA BUENAVISTA,2024-09-05T13:34:00,false
2896,530,,direct_debit,-75.06,1051.12,RECIBO DOMICILIADO,2024-09-05T15:09:00,false
2897,1067,,direct_debit,-22.68,4970.95,RECIBO DOMICILIADO,2024-09-05T15:14:00,false
2898,977,,atm_withdrawal,-20.00,1171.23,REINTEGRO CAJERO,2024-09-05T16:07:00,false
2899,52,,transfer_in,165.50,5137.10,TRANSFERENCIA RECIBIDA,2024-09-05T16:44:00,false
2900,232,,direct_debit,-56.29,484.06,RECIBO DOMICILIADO,2024-09-05T17:28:00,false
2901,314,,interest,6.51,1880.64,ABONO INTERESES,2024-09-05T17:33:00,false
2902,951,,direct_debit,-72.39,1174.40,RECIBO DOMICILIADO,2024-09-05T18:36:00,false
2903,404,,direct_debit,-29.54,1213.73,RECIBO DOMICILIADO,2024-09-06T12:31:00,false
2904,985,,transfer_out,-358.82,2422.31,TRANSFERENCIA EMITIDA,2024-09-06T12:51:00,false
2905,594,,transfer_in,325.97,4366.67,TRANSFERENCIA RECIBIDA,2024-09-06T13:31:00,false
2906,545,8,card_payment,-18.85,3353.91,COMPRA SUPERMERCADO MODERNO,2024-09-06T16:22:00,false
2907,718,104,card_payment,-36.13,3016.50,COMPRA BAR NUEVO,2024-09-06T16:39:00,false
2908,303,,interest,3.62,1718.15,ABONO INTERESES,2024-09-06T17:04:00,false
2909,96,,direct_debit,-58.84,241.72,RECIBO DOMICILIADO,2024-09-06T17:37:00,false
2910,261,,direct_debit,-24.76,3797.10,RECIBO DOMICILIADO,2024-09-06T20:06:00,false
2911,400,,direct_debit,-27.98,3256.90,RECIBO DOMICILIADO,2024-09-07T08:02:00,false
2912,936,134,card_payment,-28.22,1855.67,COMPRA BAR REAL,2024-09-07T08:22:00,false
2913,273,,direct_debit,-55.17,3421.63,RECIBO DOMICILIADO,2024-09-07T09:25:00,false
2914,805,,direct_debit,-36.26,2569.56,RECIBO DOMICILIADO,2024-09-07T10:27:00,false
2915,756,,direct_debit,-6.71,2362.73,RECIBO DOMICILIADO,2024-09-07T13:06:00,false
2916,881,,direct_debit,-80.42,5025.08,RECIBO DOMICILIADO,2024-09-07T13:40:00,false
2917,200,100,card_payment,-29.96,1891.52,COMPRA ÓPTICA NUEVO,2024-09-07T16:38:00,false
2918,314,,direct_debit,-29.63,1851.01,RECIBO DOMICILIADO,2024-09-07T18:47:00,false
2919,465,,transfer_out,-618.36,416.24,TRANSFERENCIA EMITIDA,2024-09-07T19:57:00,false
2920,66,,direct_debit,-21.05,1327.34,RECIBO DOMICILIADO,2024-09-07T20:26:00,false
2921,491,,transfer_in,662.27,3268.51,TRANSFERENCIA RECIBIDA,2024-09-07T21:24:00,false
2922,238,132,card_payment,-30.49,2036.86,COMPRA CAFETERÍA LA ESTRELLA,2024-09-07T21:34:00,false
2923,114,,fee,-4.50,525.04,COMISION MANTENIMIENTO,2024-09-08T11:15:00,false
2924,1019,53,card_payment,-216.12,1566.58,COMPRA LIBRERÍA DEL CARMEN,2024-09-08T12:58:00,true
2925,122,95,card_payment,-14.87,3615.70,COMPRA EL RINCÓN DE SAN MARCOS,2024-09-08T13:57:00,false
2926,649,,atm_withdrawal,-100.00,2423.59,REINTEGRO CAJERO,2024-09-08T13:59:00,false
2927,885,60,card_payment,-30.19,3532.04,COMPRA FARMACIA EL FARO,2024-09-08T14:16:00,false
2928,96,,transfer_in,781.98,1023.70,TRANSFERENCIA RECIBIDA,2024-09-08T20:28:00,false
2929,312,62,card_payment,-39.33,3990.09,COMPRA PELUQUERÍA DEL PUERTO,2024-09-09T11:04:00,false
2930,188,,transfer_out,-615.76,688.84,TRANSFERENCIA EMITIDA,2024-09-09T13:01:00,false
2931,1067,130,card_payment,-59.58,4911.37,COMPRA PELUQUERÍA EL FARO,2024-09-09T13:46:00,true
2932,648,,transfer_out,-111.72,856.31,TRANSFERENCIA EMITIDA,2024-09-09T14:11:00,false
2933,652,65,card_payment,-31.40,4430.01,COMPRA LIBRERÍA EL FARO,2024-09-09T19:34:00,false
2934,1011,141,card_payment,-28.35,2554.57,COMPRA LA TIENDA DE SAN MARCOS,2024-09-09T20:47:00,false
2935,451,,transfer_out,-308.74,1213.91,TRANSFERENCIA EMITIDA,2024-09-10T10:35:00,false
2936,746,137,card_payment,-49.04,1010.51,COMPRA ÓPTICA CENTRAL,2024-09-10T12:19:00,false
2937,187,,atm_withdrawal,-200.00,2941.72,REINTEGRO CAJERO,2024-09-11T13:14:00,false
2938,290,,transfer_out,-219.73,3463.82,TRANSFERENCIA EMITIDA,2024-09-11T15:27:00,false
2939,454,,atm_withdrawal,-100.00,1100.47,REINTEGRO CAJERO,2024-09-11T15:34:00,false
2940,273,157,card_payment,-20.86,3400.77,COMPRA ELECTRO SAN MARCOS,2024-09-11T19:59:00,false
2941,994,,fee,-3.00,5509.44,COMISION MANTENIMIENTO,2024-09-12T13:27:00,false
2942,377,,transfer_in,835.64,1020.90,TRANSFERENCIA RECIBIDA,2024-09-12T14:49:00,false
2943,882,,transfer_out,-661.96,516.24,TRANSFERENCIA EMITIDA,2024-09-12T16:54:00,false
2944,938,,atm_withdrawal,-100.00,2702.47,REINTEGRO CAJERO,2024-09-12T17:19:00,false
2945,978,12,card_payment,-10.33,1451.98,COMPRA MUEBLES LA ESQUINA,2024-09-12T18:27:00,false
2946,249,103,card_payment,-28.25,3667.83,COMPRA MUEBLES EL FARO,2024-09-13T08:02:00,false
2947,432,,transfer_in,489.74,6031.01,TRANSFERENCIA RECIBIDA,2024-09-13T12:46:00,false
2948,209,25,card_payment,-10.51,3229.50,COMPRA SUPERMERCADO LOS ARCOS,2024-09-13T14:15:00,false
2949,784,156,card_payment,-15.78,183.63,COMPRA FARMACIA DEL CARMEN,2024-09-13T15:09:00,true
2950,376,31,card_payment,-3.59,1691.07,COMPRA MUEBLES LA PLAZA,2024-09-13T15:20:00,false
2951,663,166,card_payment,-93.71,703.56,COMPRA LA TIENDA DE BUENAVISTA,2024-09-13T18:39:00,true
2952,95,47,card_payment,-5.74,3635.83,COMPRA BAR NUEVO,2024-09-13T21:17:00,false
2953,140,,atm_withdrawal,-100.00,171.97,REINTEGRO CAJERO,2024-09-14T08:25:00,false
2954,129,124,card_payment,-8.47,4911.69,COMPRA ELECTRO EL FARO,2024-09-14T09:48:00,false
2955,800,124,card_payment,-7.53,431.06,COMPRA ELECTRO EL FARO,2024-09-14T14:57:00,false
2956,756,147,card_payment,-4.80,2357.93,COMPRA TALLER SAN MARCOS,2024-09-14T19:19:00,false
2957,754,143,card_payment,-23.64,4147.65,COMPRA PELUQUERÍA LOS ARCOS,2024-09-15T10:57:00,true
2958,305,157,card_payment,-35.89,3236.29,COMPRA ELECTRO SAN MARCOS,2024-09-15T12:19:00,false
2959,669,,atm_withdrawal,-150.00,781.28,REINTEGRO CAJERO,2024-09-15T18:35:00,false
2960,154,84,card_payment,-19.84,4736.75,COMPRA CAFETERÍA LOS ARCOS,2024-09-16T09:15:00,true
2961,909,13,card_payment,-5.90,1668.58,COMPRA RESTAURANTE SAN MARCOS,2024-09-16T12:15:00,false
2962,530,,fee,-2.50,1048.62,COMISION MANTENIMIENTO,2024-09-16T13:08:00,false
2963,419,34,card_payment,-6.41,1403.60,COMPRA CAFETERÍA DEL SOL,2024-09-16T17:19:00,false
2964,878,59,card_payment,-10.34,1594.96,COMPRA LA TIENDA DE LA ESTRELLA,2024-09-16T18:25:00,false
2965,873,115,card_payment,-11.77,1788.04,COMPRA FARMACIA DEL PUERTO,2024-09-17T10:05:00,false
2966,604,165,card_payment,-24.78,2551.65,COMPRA LA TIENDA DE DEL CARMEN,2024-09-17T12:02:00,false
2967,574,,transfer_out,-736.29,484.20,TRANSFERENCIA EMITIDA,2024-09-17T14:10:00,false
2968,541,,transfer_in,234.05,2868.03,TRANSFERENCIA RECIBIDA,2024-09-17T14:38:00,false
2969,43,149,card_payment,-31.55,399.15,COMPRA PELUQUERÍA EL FARO,2024-09-17T17:08:00,false
2970,815,,atm_withdrawal,-100.00,3014.63,REINTEGRO CAJERO,2024-09-17T18:30:00,false
2971,778,130,card_payment,-8.34,6009.34,COMPRA PELUQUERÍA EL FARO,2024-09-17T20:53:00,true
2972,450,,transfer_out,-184.94,3035.98,TRANSFERENCIA EMITIDA,2024-09-18T11:38:00,false
2973,312,22,card_payment,-1.65,3988.44,COMPRA PELUQUERÍA DEL CARMEN,2024-09-18T17:43:00,false
2974,184,,atm_withdrawal,-50.00,2946.37,REINTEGRO CAJERO,2024-09-18T18:37:00,false
2975,883,,transfer_in,130.99,590.40,TRANSFERENCIA RECIBIDA,2024-09-18T20:33:00,false
2976,132,29,card_payment,-35.93,1344.58,COMPRA CASA NUEVO,2024-09-18T20:40:00,false
2977,567,150,card_payment,-54.52,174.88,COMPRA PANADERÍA LA PLAZA,2024-09-19T09:37:00,false
2978,287,,fee,-3.00,1089.58,COMISION MANTENIMIENTO,2024-09-19T09:49:00,false
2979,841,,atm_withdrawal,-20.00,1424.40,REINTEGRO CAJERO,2024-09-19T11:45:00,false
2980,678,,atm_withdrawal,-200.00,1921.95,REINTEGRO CAJERO,2024-09-19T12:41:00,false
2981,529,,atm_withdrawal,-20.00,2391.04,REINTEGRO CAJERO,2024-09-19T14:12:00,false
2982,232,86,card_payment,-5.27,478.79,COMPRA PANADERÍA EL FARO,2024-09-19T19:43:00,true
2983,570,,atm_withdrawal,-150.00,2619.73,REINTEGRO CAJERO,2024-09-20T10:07:00,false
2984,36,34,card_payment,-10.48,2928.18,COMPRA CAFETERÍA DEL SOL,2024-09-20T10:46:00,false
2985,674,,atm_withdrawal,-100.00,2758.53,REINTEGRO CAJERO,2024-09-20T11:13:00,false
2986,1031,73,card_payment,-10.57,2565.85,COMPRA MUEBLES MODERNO,2024-09-20T12:05:00,false
2987,999,8,card_payment,-34.43,1401.02,COMPRA SUPERMERCADO MODERNO,2024-09-20T13:03:00,false
2988,760,55,card_payment,-15.33,4740.23,COMPRA CAFETERÍA REAL,2024-09-20T13:34:00,false
2989,737,,transfer_in,68.42,3799.03,TRANSFERENCIA RECIBIDA,2024-09-20T15:03:00,false
2990,366,,transfer_in,272.85,1165.19,TRANSFERENCIA RECIBIDA,2024-09-20T16:53:00,false
2991,528,23,card_payment,-63.77,1358.49,COMPRA CAFETERÍA GRAN VÍA,2024-09-21T08:36:00,false
2992,148,,transfer_out,-351.17,956.83,TRANSFERENCIA EMITIDA,2024-09-21T10:57:00,false
2993,729,47,card_payment,-21.84,4527.54,COMPRA BAR NUEVO,2024-09-21T18:36:00,false
2994,787,94,card_payment,-21.91,2231.72,COMPRA BAR CENTRAL,2024-09-21T19:47:00,false
2995,295,,atm_withdrawal,-60.00,2359.31,REINTEGRO CAJERO,2024-09-22T08:28:00,false
2996,1037,,atm_withdrawal,-20.00,3486.87,REINTEGRO CAJERO,2024-09-22T09:35:00,false
2997,820,26,card_payment,-46.94,731.36,COMPRA LA TIENDA DE GRAN VÍA,2024-09-22T10:22:00,false
2998,116,,transfer_in,30.61,3253.75,TRANSFERENCIA RECIBIDA,2024-09-22T12:43:00,false
2999,1065,,fee,-2.50,-664.26,COMISION MANTENIMIENTO,2024-09-22T17:31:00,false
3000,1022,,fee,-12.00,1903.11,COMISION MANTENIMIENTO,2024-09-22T17:54:00,false
3001,567,149,card_payment,-20.43,154.45,COMPRA PELUQUERÍA EL FARO,2024-09-22T18:19:00,false
3002,914,180,card_payment,-2.06,1659.84,COMPRA CAFETERÍA DEL CARMEN,2024-09-23T12:02:00,false
3003,559,93,card_payment,-11.28,2603.22,COMPRA ELECTRO LOS ARCOS,2024-09-23T13:31:00,false
3004,10,,interest,4.33,3872.23,ABONO INTERESES,2024-09-23T13:33:00,false
3005,258,,transfer_out,-860.37,1189.25,TRANSFERENCIA EMITIDA,2024-09-23T13:58:00,false
3006,762,110,card_payment,-13.79,4431.95,COMPRA PANADERÍA EL FARO,2024-09-23T14:18:00,false
3007,455,,transfer_out,-348.38,1142.23,TRANSFERENCIA EMITIDA,2024-09-23T20:58:00,false
3008,841,,atm_withdrawal,-150.00,1274.40,REINTEGRO CAJERO,2024-09-24T08:39:00,false
3009,711,56,card_payment,-17.78,1180.06,COMPRA BAR REAL,2024-09-24T10:38:00,false
3010,852,,transfer_in,416.75,5475.90,TRANSFERENCIA RECIBIDA,2024-09-24T11:07:00,false
3011,172,88,card_payment,-11.53,2486.57,COMPRA TALLER SAN MARCOS,2024-09-24T12:47:00,false
3012,641,,atm_withdrawal,-50.00,1197.84,REINTEGRO CAJERO,2024-09-24T13:11:00,false
3013,67,62,card_payment,-6.71,1039.54,COMPRA PELUQUERÍA DEL PUERTO,2024-09-24T13:21:00,false
3014,84,6,card_payment,-58.26,-892.99,COMPRA EL RINCÓN DE SAN MARCOS,2024-09-24T20:05:00,false
3015,784,,atm_withdrawal,-40.00,143.63,REINTEGRO CAJERO,2024-09-25T09:33:00,false
3016,615,,salary,2787.76,6487.20,NOMINA,2024-09-25T11:24:00,false
3017,122,6,card_payment,-10.68,3605.02,COMPRA EL RINCÓN DE SAN MARCOS,2024-09-25T11:26:00,false
3018,64,180,card_payment,-47.11,1765.88,COMPRA CAFETERÍA DEL CARMEN,2024-09-25T11:35:00,false
3019,32,149,card_payment,-18.40,3337.19,COMPRA PELUQUERÍA EL FARO,2024-09-25T13:19:00,false
3020,305,162,card_payment,-6.89,3229.40,COMPRA LIBRERÍA LA ESQUINA,2024-09-25T13:51:00,true
3021,233,58,card_payment,-70.57,4084.15,COMPRA ÓPTICA MODERNO,2024-09-25T14:09:00,false
3022,1089,,fee,-2.50,2701.84,COMISION MANTENIMIENTO,2024-09-25T16:25:00,false
3023,218,40,card_payment,-10.36,-622.75,COMPRA EL RINCÓN DE REAL,2024-09-25T17:17:00,true
3024,592,,transfer_in,226.73,1320.20,TRANSFERENCIA RECIBIDA,2024-09-25T19:08:00,false
3025,965,11,card_payment,-16.03,4205.97,COMPRA LA TIENDA DE MODERNO,2024-09-25T21:22:00,false
3026,665,77,card_payment,-38.16,2097.20,COMPRA BAR LA ESTRELLA,2024-09-26T09:02:00,false
3027,966,43,card_payment,-15.78,2351.73,COMPRA CAFETERÍA EL FARO,2024-09-26T10:08:00,true
3028,1035,,transfer_out,-295.90,4827.14,TRANSFERENCIA EMITIDA,2024-09-26T13:30:00,false
3029,557,,transfer_in,420.54,5491.06,TRANSFERENCIA RECIBIDA,2024-09-26T14:48:00,false
3030,331,,transfer_in,680.32,1915.52,TRANSFERENCIA RECIBIDA,2024-09-26T17:52:00,false
3031,951,,salary,2587.40,3761.80,NOMINA,2024-09-26T18:02:00,false
3032,583,,salary,1718.37,5836.69,NOMINA,2024-09-26T18:09:00,false
3033,643,106,card_payment,-17.04,3529.70,COMPRA LIBRERÍA EL FARO,2024-09-26T19:16:00,false
3034,104,,fee,-4.50,338.51,COMISION MANTENIMIENTO,2024-09-27T08:24:00,false
3035,958,173,card_payment,-3.85,3075.37,COMPRA LIBRERÍA NUEVO,2024-09-27T08:35:00,false
3036,409,177,card_payment,-8.18,1860.44,COMPRA BAR MODERNO,2024-09-27T11:11:00,true
3037,756,,salary,2856.10,5214.03,NOMINA,2024-09-27T11:38:00,false
3038,409,,atm_withdrawal,-20.00,1840.44,REINTEGRO CAJERO,2024-09-27T11:46:00,false
3039,679,,transfer_out,-409.06,3329.19,TRANSFERENCIA EMITIDA,2024-09-27T12:57:00,false
3040,387,97,card_payment,-37.16,3714.72,COMPRA ELECTRO LA ESQUINA,2024-09-27T12:58:00,false
3041,829,,salary,650.00,2561.74,NOMINA,2024-09-27T14:29:00,false
3042,32,,interest,1.05,3338.24,ABONO INTERESES,2024-09-27T17:09:00,false
3043,491,,atm_withdrawal,-40.00,3228.51,REINTEGRO CAJERO,2024-09-27T18:03:00,false
3044,952,,transfer_out,-201.36,1214.48,TRANSFERENCIA EMITIDA,2024-09-27T19:00:00,false
3045,774,,transfer_in,1054.80,3422.16,TRANSFERENCIA RECIBIDA,2024-09-27T19:53:00,false
3046,200,38,card_payment,-107.22,1784.30,COMPRA ÓPTICA DEL PUERTO,2024-09-28T08:58:00,false
3047,488,151,card_payment,-5.06,1212.25,COMPRA FARMACIA MODERNO,2024-09-28T09:26:00,false
3048,993,80,card_payment,-2.08,4505.36,COMPRA LA TIENDA DE LA PLAZA,2024-09-28T16:27:00,false
3049,36,31,card_payment,-13.53,2914.65,COMPRA MUEBLES LA PLAZA,2024-09-28T17:37:00,false
3050,592,,salary,2676.46,3996.66,NOMINA,2024-09-28T17:39:00,false
3051,722,,transfer_out,-40.62,1597.15,TRANSFERENCIA EMITIDA,2024-09-29T09:42:00,false
3052,768,22,card_payment,-34.63,523.20,COMPRA PELUQUERÍA DEL CARMEN,2024-09-29T12:13:00,false
3053,450,107,card_payment,-14.68,3021.30,COMPRA PELUQUERÍA SAN MARCOS,2024-09-29T18:49:00,false
3054,456,158,card_payment,-12.99,2629.63,COMPRA CASA EL FARO,2024-09-29T19:59:00,false
3055,143,,transfer_out,-1106.23,1156.68,TRANSFERENCIA EMITIDA,2024-09-29T21:58:00,false
3056,961,88,card_payment,-72.64,908.40,COMPRA TALLER SAN MARCOS,2024-09-30T09:53:00,false
3057,913,158,card_payment,-239.61,2557.06,COMPRA CASA EL FARO,2024-09-30T10:48:00,false
3058,486,164,card_payment,-39.53,1053.90,COMPRA LIBRERÍA REAL,2024-09-30T13:12:00,false
3059,838,92,card_payment,-7.74,3663.77,COMPRA CAFETERÍA EL FARO,2024-09-30T13:37:00,false
3060,154,,transfer_out,-725.50,4011.25,TRANSFERENCIA EMITIDA,2024-09-30T14:51:00,false
3061,969,120,card_payment,-86.61,3745.83,COMPRA BAR EL FARO,2024-09-30T15:33:00,true
3062,195,,atm_withdrawal,-40.00,1730.77,REINTEGRO CAJERO,2024-09-30T16:01:00,false
3063,859,,transfer_out,-539.98,538.21,TRANSFERENCIA EMITIDA,2024-09-30T20:06:00,false
3064,1065,24,card_payment,-71.21,-735.47,COMPRA ELECTRO DEL PUERTO,2024-09-30T20:52:00,false
3065,1031,,transfer_out,-295.43,2270.42,TRANSFERENCIA EMITIDA,2024-10-01T09:53:00,false
3066,981,38,card_payment,-64.06,2247.83,COMPRA ÓPTICA DEL PUERTO,2024-10-01T13:45:00,false
3067,333,11,card_payment,-24.34,5375.56,COMPRA LA TIENDA DE MODERNO,2024-10-01T13:59:00,false
3068,710,,direct_debit,-20.46,3011.08,RECIBO DOMICILIADO,2024-10-01T16:08:00,false
3069,1037,,direct_debit,-67.72,3419.15,RECIBO DOMICILIADO,2024-10-01T16:08:00,false
3070,103,22,card_payment,-3.08,1578.06,COMPRA PELUQUERÍA DEL CARMEN,2024-10-01T19:13:00,false
3071,891,,direct_debit,-34.03,2621.77,RECIBO DOMICILIADO,2024-10-02T09:51:00,false
3072,258,143,card_payment,-9.95,1179.30,COMPRA PELUQUERÍA LOS ARCOS,2024-10-02T10:13:00,true
3073,920,,direct_debit,-25.02,1499.11,RECIBO DOMICILIADO,2024-10-02T10:53:00,false
3074,932,33,card_payment,-42.64,319.85,COMPRA LIBRERÍA DEL PUERTO,2024-10-02T11:11:00,true
3075,36,,direct_debit,-54.67,2859.98,RECIBO DOMICILIADO,2024-10-02T12:14:00,false
3076,305,,transfer_in,63.48,3292.88,TRANSFERENCIA RECIBIDA,2024-10-02T13:11:00,false
3077,981,,fee,-2.50,2245.33,COMISION MANTENIMIENTO,2024-10-02T13:44:00,false
3078,1049,,direct_debit,-39.97,1561.26,RECIBO DOMICILIADO,2024-10-02T17:19:00,false
3079,187,,transfer_in,139.11,3080.83,TRANSFERENCIA RECIBIDA,2024-10-02T17:50:00,false
3080,94,,direct_debit,-18.24,4411.54,RECIBO DOMICILIADO,2024-10-02T19:19:00,false
3081,649,57,card_payment,-47.77,2375.82,COMPRA ÓPTICA EL FARO,2024-10-03T08:12:00,false
3082,538,,transfer_out,-381.82,2876.90,TRANSFERENCIA EMITIDA,2024-10-03T09:28:00,false
3083,704,,transfer_in,1114.47,4822.08,TRANSFERENCIA RECIBIDA,2024-10-03T14:03:00,false
3084,345,169,card_payment,-19.38,1155.68,COMPRA CAFETERÍA SAN MARCOS,2024-10-03T14:58:00,false
3085,9,,direct_debit,-29.91,97.17,RECIBO DOMICILIADO,2024-10-03T16:19:00,false
3086,892,,transfer_out,-31.22,5822.24,TRANSFERENCIA EMITIDA,2024-10-03T17:14:00,false
3087,138,,atm_withdrawal,-100.00,908.04,REINTEGRO CAJERO,2024-10-03T18:57:00,false
3088,747,,direct_debit,-24.14,-449.56,RECIBO DOMICILIADO,2024-10-03T19:35:00,false
3089,723,139,card_payment,-6.81,434.70,COMPRA RESTAURANTE DEL CARMEN,2024-10-03T19:40:00,true
3090,819,,direct_debit,-13.37,2744.52,RECIBO DOMICILIADO,2024-10-03T20:38:00,false
3091,447,,transfer_in,70.79,852.73,TRANSFERENCIA RECIBIDA,2024-10-04T11:14:00,false
3092,325,43,card_payment,-11.40,2041.63,COMPRA CAFETERÍA EL FARO,2024-10-04T11:26:00,true
3093,197,6,card_payment,-6.73,3051.20,COMPRA EL RINCÓN DE SAN MARCOS,2024-10-04T11:58:00,false
3094,494,163,card_payment,-34.43,1877.43,COMPRA ELECTRO SAN MARCOS,2024-10-04T12:08:00,false
3095,1077,162,card_payment,-44.61,3799.39,COMPRA LIBRERÍA LA ESQUINA,2024-10-04T12:19:00,true
3096,355,,direct_debit,-28.08,298.21,RECIBO DOMICILIADO,2024-10-04T12:38:00,false
3097,46,172,card_payment,-7.94,974.28,COMPRA EL RINCÓN DE MODERNO,2024-10-04T12:48:00,false
3098,28,,direct_debit,-18.82,182.28,RECIBO DOMICILIADO,2024-10-04T13:36:00,false
3099,586,,direct_debit,-33.42,515.10,RECIBO DOMICILIADO,2024-10-04T16:10:00,false
3100,371,45,card_payment,-4.96,4100.17,COMPRA LA TIENDA DE DEL SOL,2024-10-04T16:16:00,false
3101,870,,atm_withdrawal,-150.00,1297.68,REINTEGRO CAJERO,2024-10-04T16:25:00,false
3102,288,,direct_debit,-44.54,1191.04,RECIBO DOMICILIADO,2024-10-04T16:43:00,false
3103,789,,fee,-3.00,7243.81,COMISION MANTENIMIENTO,2024-10-04T18:36:00,false
3104,719,,direct_debit,-51.73,3988.59,RECIBO DOMICILIADO,2024-10-04T18:57:00,false
3105,491,,direct_debit,-104.18,3124.33,RECIBO DOMICILIADO,2024-10-05T10:38:00,false
3106,278,,direct_debit,-13.22,6918.81,RECIBO DOMICILIADO,2024-10-05T12:17:00,false
3107,98,,direct_debit,-25.55,1800.17,RECIBO DOMICILIADO,2024-10-05T12:50:00,false
3108,197,142,card_payment,-6.34,3044.86,COMPRA MUEBLES EL FARO,2024-10-05T14:27:00,false
3109,283,,direct_debit,-30.99,2371.61,RECIBO DOMICILIADO,2024-10-05T18:10:00,false
3110,690,,direct_debit,-19.34,3053.07,RECIBO DOMICILIADO,2024-10-05T18:35:00,false
3111,152,,direct_debit,-36.98,3433.75,RECIBO DOMICILIADO,2024-10-06T09:33:00,false
3112,285,,transfer_in,359.86,4073.41,TRANSFERENCIA RECIBIDA,2024-10-06T09:37:00,false
3113,436,,direct_debit,-18.26,292.63,RECIBO DOMICILIADO,2024-10-06T11:43:00,false
3114,275,,direct_debit,-12.74,2916.13,RECIBO DOMICILIADO,2024-10-06T11:48:00,false
3115,582,179,card_payment,-22.83,3069.81,COMPRA CAFETERÍA REAL,2024-10-06T12:02:00,true
3116,154,85,card_payment,-27.39,3983.86,COMPRA ELECTRO CENTRAL,2024-10-06T12:31:00,false
3117,581,,direct_debit,-28.07,1193.60,RECIBO DOMICILIADO,2024-10-06T12:35:00,false
3118,526,,direct_debit,-39.95,2403.84,RECIBO DOMICILIADO,2024-10-06T13:13:00,false
3119,793,,transfer_in,983.46,3550.40,TRANSFERENCIA RECIBIDA,2024-10-06T13:21:00,false
3120,800,,transfer_in,821.15,1252.21,TRANSFERENCIA RECIBIDA,2024-10-06T14:06:00,false
3121,810,,direct_debit,-21.15,4125.35,RECIBO DOMICILIADO,2024-10-06T15:42:00,false
3122,55,,atm_withdrawal,-60.00,3346.36,REINTEGRO CAJERO,2024-10-06T15:44:00,false
3123,961,,transfer_in,68.13,976.53,TRANSFERENCIA RECIBIDA,2024-10-07T10:29:00,false
3124,819,,atm_withdrawal,-50.00,2694.52,REINTEGRO CAJERO,2024-10-07T12:38:00,false
3125,165,,direct_debit,-102.28,3261.14,RECIBO DOMICILIADO,2024-10-07T13:14:00,false
3126,219,115,card_payment,-14.66,1827.72,COMPRA FARMACIA DEL PUERTO,2024-10-07T15:20:00,false
3127,261,,atm_withdrawal,-60.00,3737.10,REINTEGRO CAJERO,2024-10-07T18:40:00,false
3128,2,,direct_debit,-30.00,3010.11,RECIBO DOMICILIADO,2024-10-07T18:46:00,false
3129,374,,atm_withdrawal,-100.00,2274.55,REINTEGRO CAJERO,2024-10-07T20:58:00,false
3130,508,,direct_debit,-21.87,4423.84,RECIBO DOMICILIADO,2024-10-07T21:13:00,false
3131,116,,direct_debit,-54.99,3198.76,RECIBO DOMICILIADO,2024-10-07T21:37:00,false
3132,849,,transfer_out,-905.13,2207.16,TRANSFERENCIA EMITIDA,2024-10-08T11:53:00,false
3133,347,101,card_payment,-45.05,2996.31,COMPRA ÓPTICA BUENAVISTA,2024-10-08T12:31:00,false
3134,294,,transfer_in,27.34,1225.30,TRANSFERENCIA RECIBIDA,2024-10-08T17:15:00,false
3135,1010,,atm_withdrawal,-100.00,3250.11,REINTEGRO CAJERO,2024-10-08T17:18:00,false
3136,1037,131,card_payment,-3.05,3416.10,COMPRA PANADERÍA MODERNO,2024-10-08T17:30:00,false
3137,1079,124,card_payment,-9.62,4370.25,COMPRA ELECTRO EL FARO,2024-10-08T19:31:00,false
3138,27,148,card_payment,-30.97,843.30,COMPRA PELUQUERÍA LA PLAZA,2024-10-09T09:51:00,false
3139,666,56,card_payment,-25.33,3661.98,COMPRA BAR REAL,2024-10-09T10:47:00,false
3140,511,,atm_withdrawal,-100.00,-80.71,REINTEGRO CAJERO,2024-10-09T12:01:00,false
3141,18,,transfer_out,-490.62,2798.95,TRANSFERENCIA EMITIDA,2024-10-09T13:01:00,false
3142,28,41,card_payment,-22.84,159.44,COMPRA SUPERMERCADO EL FARO,2024-10-09T13:14:00,false
3143,940,74,card_payment,-17.38,1969.64,COMPRA ELECTRO LOS ARCOS,2024-10-09T18:20:00,false
3144,392,56,card_payment,-84.63,335.32,COMPRA BAR REAL,2024-10-09T19:15:00,false
3145,281,138,card_payment,-9.46,5038.30,COMPRA RESTAURANTE CENTRAL,2024-10-09T19:32:00,false
3146,537,32,card_payment,-63.41,2970.19,COMPRA CASA NUEVO,2024-10-09T21:35:00,true
3147,393,123,card_payment,-2.63,1329.21,COMPRA LIBRERÍA LOS ARCOS,2024-10-10T10:36:00,false
3148,606,10,card_payment,-11.14,2442.35,COMPRA PANADERÍA LA ESTRELLA,2024-10-10T10:57:00,false
3149,885,,transfer_out,-424.31,3107.73,TRANSFERENCIA EMITIDA,2024-10-10T17:05:00,false
3150,963,132,card_payment,-63.10,2838.71,COMPRA CAFETERÍA LA ESTRELLA,2024-10-10T19:41:00,false
3151,155,,transfer_in,225.70,3652.88,TRANSFERENCIA RECIBIDA,2024-10-10T19:56:00,false
3152,132,155,card_payment,-26.91,1317.67,COMPRA LIBRERÍA LOS ARCOS,2024-10-11T09:58:00,false
3153,406,,atm_withdrawal,-20.00,3070.91,REINTEGRO CAJERO,2024-10-11T11:28:00,false
3154,937,7,card_payment,-103.32,2874.42,COMPRA PELUQUERÍA LOS ARCOS,2024-10-11T14:59:00,false
3155,969,,interest,1.64,3747.47,ABONO INTERESES,2024-10-11T17:11:00,false
3156,323,,transfer_in,1275.17,2255.19,TRANSFERENCIA RECIBIDA,2024-10-12T09:26:00,false
3157,984,162,card_payment,-36.48,1029.28,COMPRA LIBRERÍA LA ESQUINA,2024-10-12T11:37:00,true
3158,665,125,card_payment,-63.56,2033.64,COMPRA ELECTRO SAN MARCOS,2024-10-12T13:22:00,false
3159,575,66,card_payment,-8.02,773.93,COMPRA ÓPTICA LA ESQUINA,2024-10-13T09:36:00,false
3160,504,,atm_withdrawal,-150.00,2352.82,REINTEGRO CAJERO,2024-10-13T11:07:00,false
3161,102,,fee,-12.00,2915.18,COMISION MANTENIMIENTO,2024-10-13T20:48:00,false
3162,300,,interest,0.62,5307.18,ABONO INTERESES,2024-10-14T08:48:00,false
3163,622,73,card_payment,-21.17,118.06,COMPRA MUEBLES MODERNO,2024-10-14T09:14:00,false
3164,1027,,transfer_in,260.79,582.28,TRANSFERENCIA RECIBIDA,2024-10-14T09:25:00,false
3165,426,69,card_payment,-4.95,2247.47,COMPRA PELUQUERÍA LA ESQUINA,2024-10-14T10:37:00,false
3166,1056,,atm_withdrawal,-100.00,5708.36,REINTEGRO CAJERO,2024-10-14T11:04:00,false
3167,627,90,card_payment,-54.25,355.36,COMPRA LA TIENDA DE LOS ARCOS,2024-10-14T12:22:00,false
3168,500,,atm_withdrawal,-100.00,4189.12,REINTEGRO CAJERO,2024-10-14T15:43:00,false
3169,872,131,card_payment,-19.05,1167.50,COMPRA PANADERÍA MODERNO,2024-10-14T16:13:00,false
3170,929,,transfer_out,-19.57,282.03,TRANSFERENCIA EMITIDA,2024-10-14T16:37:00,false
3171,205,,transfer_in,98.76,655.00,TRANSFERENCIA RECIBIDA,2024-10-14T16:41:00,false
3172,228,,fee,-2.50,4983.45,COMISION MANTENIMIENTO,2024-10-14T19:16:00,false
3173,281,30,card_payment,-6.18,5032.12,COMPRA LA TIENDA DE BUENAVISTA,2024-10-14T20:15:00,false
3174,205,,transfer_in,412.99,1067.99,TRANSFERENCIA RECIBIDA,2024-10-14T20:19:00,false
3175,947,,interest,2.48,2633.08,ABONO INTERESES,2024-10-14T20:38:00,false
3176,941,81,card_payment,-20.79,393.58,COMPRA CASA LOS ARCOS,2024-10-15T12:40:00,true
3177,581,,transfer_in,179.05,1372.65,TRANSFERENCIA RECIBIDA,2024-10-15T14:13:00,false
3178,1076,45,card_payment,-13.57,152.92,COMPRA LA TIENDA DE DEL SOL,2024-10-15T19:15:00,false
3179,1078,108,card_payment,-5.27,1321.78,COMPRA TALLER LA ESTRELLA,2024-10-15T19:54:00,true
3180,947,110,card_payment,-40.91,2592.17,COMPRA PANADERÍA EL FARO,2024-10-16T08:29:00,false
3181,206,1,card_payment,-24.56,5020.07,COMPRA ELECTRO BUENAVISTA,2024-10-16T13:36:00,true
3182,342,154,card_payment,-158.31,1272.67,COMPRA ÓPTICA DEL SOL,2024-10-16T14:39:00,false
3183,1099,,atm_withdrawal,-40.00,1913.60,REINTEGRO CAJERO,2024-10-16T15:06:00,false
3184,1033,79,card_payment,-89.13,2823.06,COMPRA CASA CENTRAL,2024-10-16T18:32:00,false
3185,888,160,card_payment,-19.63,761.05,COMPRA TALLER DEL CARMEN,2024-10-16T20:26:00,false
3186,121,123,card_payment,-6.81,1825.06,COMPRA LIBRERÍA LOS ARCOS,2024-10-17T08:37:00,false
3187,876,79,card_payment,-22.38,3264.02,COMPRA CASA CENTRAL,2024-10-17T13:25:00,false
3188,935,116,card_payment,-21.88,2398.07,COMPRA ELECTRO MODERNO,2024-10-17T17:38:00,false
3189,303,122,card_payment,-41.29,1676.86,COMPRA CASA NUEVO,2024-10-17T17:40:00,false
3190,564,162,card_payment,-133.52,677.38,COMPRA LIBRERÍA LA ESQUINA,2024-10-17T17:43:00,true
3191,616,136,card_payment,-6.85,2766.85,COMPRA MUEBLES LA ESTRELLA,2024-10-17T18:29:00,false
3192,1073,,transfer_in,135.41,2943.65,TRANSFERENCIA RECIBIDA,2024-10-18T10:01:00,false
3193,665,,transfer_out,-437.11,1596.53,TRANSFERENCIA EMITIDA,2024-10-18T10:22:00,false
3194,796,33,card_payment,-5.26,3817.91,COMPRA LIBRERÍA DEL PUERTO,2024-10-18T10:29:00,true
3195,908,169,card_payment,-10.09,2321.15,COMPRA CAFETERÍA SAN MARCOS,2024-10-18T11:17:00,false
3196,144,,atm_withdrawal,-50.00,2090.85,REINTEGRO CAJERO,2024-10-18T13:33:00,false
3197,925,,transfer_out,-863.41,668.41,TRANSFERENCIA EMITIDA,2024-10-18T14:13:00,false
3198,930,156,card_payment,-4.10,1908.93,COMPRA FARMACIA DEL CARMEN,2024-10-19T11:25:00,true
3199,470,,transfer_in,119.97,2356.96,TRANSFERENCIA RECIBIDA,2024-10-19T14:06:00,false
3200,124,73,card_payment,-4.69,1790.94,COMPRA MUEBLES MODERNO,2024-10-19T17:32:00,false
3201,586,,transfer_in,503.02,1018.12,TRANSFERENCIA RECIBIDA,2024-10-19T18:16:00,false
3202,881,60,card_payment,-22.03,5003.05,COMPRA FARMACIA EL FARO,2024-10-19T18:27:00,false
3203,262,174,card_payment,-10.16,2621.72,COMPRA EL RINCÓN DE BUENAVISTA,2024-10-19T19:47:00,true
3204,686,,transfer_out,-266.22,4089.03,TRANSFERENCIA EMITIDA,2024-10-19T21:39:00,false
3205,241,152,card_payment,-18.21,6301.97,COMPRA LIBRERÍA DEL CARMEN,2024-10-20T10:40:00,false
3206,727,,transfer_in,177.33,1528.33,TRANSFERENCIA RECIBIDA,2024-10-20T10:52:00,false
3207,702,,atm_withdrawal,-50.00,1067.51,REINTEGRO CAJERO,2024-10-20T10:54:00,false
3208,751,153,card_payment,-9.03,2383.38,COMPRA PELUQUERÍA SAN MARCOS,2024-10-20T11:46:00,false
3209,851,164,card_payment,-37.97,292.36,COMPRA LIBRERÍA REAL,2024-10-20T13:13:00,false
3210,395,,transfer_out,-791.09,1158.37,TRANSFERENCIA EMITIDA,2024-10-20T14:12:00,false
3211,703,109,card_payment,-28.29,1656.69,COMPRA EL RINCÓN DE GRAN VÍA,2024-10-20T16:16:00,false
3212,949,152,card_payment,-55.32,478.08,COMPRA LIBRERÍA DEL CARMEN,2024-10-20T18:33:00,false
3213,893,,atm_withdrawal,-150.00,2414.85,REINTEGRO CAJERO,2024-10-20T20:11:00,false
3214,289,31,card_payment,-53.23,2841.12,COMPRA MUEBLES LA PLAZA,2024-10-20T20:44:00,false
3215,456,,transfer_in,367.06,2996.69,TRANSFERENCIA RECIBIDA,2024-10-20T21:34:00,false
3216,366,,transfer_in,18.70,1183.89,TRANSFERENCIA RECIBIDA,2024-10-21T10:51:00,false
3217,696,180,card_payment,-24.82,7174.83,COMPRA CAFETERÍA DEL CARMEN,2024-10-21T10:59:00,false
3218,518,,transfer_in,439.49,1628.20,TRANSFERENCIA RECIBIDA,2024-10-21T16:57:00,false
3219,1050,,fee,-3.00,2511.37,COMISION MANTENIMIENTO,2024-10-21T17:46:00,false
3220,32,80,card_payment,-16.79,3321.45,COMPRA LA TIENDA DE LA PLAZA,2024-10-21T18:36:00,false
3221,796,121,card_payment,-14.66,3803.25,COMPRA MUEBLES LA ESTRELLA,2024-10-22T08:27:00,false
3222,615,53,card_payment,-12.43,6474.77,COMPRA LIBRERÍA DEL CARMEN,2024-10-22T14:22:00,true
3223,229,112,card_payment,-7.21,-912.17,COMPRA CAFETERÍA DEL PUERTO,2024-10-22T16:51:00,false
3224,992,44,card_payment,-8.01,3159.04,COMPRA LIBRERÍA SAN MARCOS,2024-10-22T18:23:00,false
3225,206,82,card_payment,-15.04,5005.03,COMPRA ELECTRO MODERNO,2024-10-22T20:27:00,false
3226,930,,transfer_out,-372.86,1536.07,TRANSFERENCIA EMITIDA,2024-10-23T10:38:00,false
3227,222,,atm_withdrawal,-150.00,3254.20,REINTEGRO CAJERO,2024-10-23T12:11:00,false
3228,197,114,card_payment,-13.12,3031.74,COMPRA FARMACIA BUENAVISTA,2024-10-23T13:20:00,false
3229,881,,transfer_in,117.18,5120.23,TRANSFERENCIA RECIBIDA,2024-10-23T17:03:00,false
3230,233,65,card_payment,-20.64,4063.51,COMPRA LIBRERÍA EL FARO,2024-10-23T17:28:00,false
3231,809,,interest,5.89,1462.50,ABONO INTERESES,2024-10-23T18:01:00,false
3232,509,,transfer_out,-119.96,3346.15,TRANSFERENCIA EMITIDA,2024-10-23T18:29:00,false
3233,673,41,card_payment,-5.53,1800.95,COMPRA SUPERMERCADO EL FARO,2024-10-23T19:45:00,false
3234,330,,fee,-3.00,3959.01,COMISION MANTENIMIENTO,2024-10-24T08:23:00,false
3235,165,,interest,5.00,3266.14,ABONO INTERESES,2024-10-24T15:56:00,false
3236,220,2,card_payment,-57.62,2258.35,COMPRA CASA CENTRAL,2024-10-24T17:52:00,false
3237,385,,salary,3143.49,8367.10,NOMINA,2024-10-25T08:17:00,false
3238,849,,fee,-3.00,2204.16,COMISION MANTENIMIENTO,2024-10-25T13:09:00,false
3239,581,58,card_payment,-8.65,1364.00,COMPRA ÓPTICA MODERNO,2024-10-25T14:30:00,false
3240,750,110,card_payment,-6.44,2072.66,COMPRA PANADERÍA EL FARO,2024-10-25T14:37:00,false
3241,793,,salary,1096.17,4646.57,NOMINA,2024-10-25T15:47:00,false
3242,289,,salary,856.72,3697.84,NOMINA,2024-10-26T09:39:00,false
3243,10,,salary,1978.15,5850.38,NOMINA,2024-10-26T12:46:00,false
3244,643,60,card_payment,-103.19,3426.51,COMPRA FARMACIA EL FARO,2024-10-26T12:52:00,false
3245,285,,salary,2624.57,6697.98,NOMINA,2024-10-26T13:16:00,false
3246,418,,salary,1625.44,5234.09,NOMINA,2024-10-26T13:47:00,false
3247,263,,salary,2347.45,10043.52,NOMINA,2024-10-26T17:38:00,false
3248,70,,salary,1935.61,2933.47,NOMINA,2024-10-26T17:40:00,false
3249,25,,transfer_in,1049.40,2939.79,TRANSFERENCIA RECIBIDA,2024-10-26T18:02:00,false
3250,316,,salary,1126.34,1731.31,NOMINA,2024-10-26T19:13:00,false
3251,860,,salary,1962.72,7403.18,NOMINA,2024-10-27T10:34:00,false
3252,961,,transfer_in,663.14,1639.67,TRANSFERENCIA RECIBIDA,2024-10-27T11:09:00,false
3253,205,42,card_payment,-10.33,1057.66,COMPRA EL RINCÓN DE LOS ARCOS,2024-10-27T12:37:00,false
3254,18,,transfer_out,-596.83,2202.12,TRANSFERENCIA EMITIDA,2024-10-27T14:04:00,false
3255,992,45,card_payment,-4.36,3154.68,COMPRA LA TIENDA DE DEL SOL,2024-10-27T15:17:00,false
3256,384,119,card_payment,-29.14,853.05,COMPRA TALLER NUEVO,2024-10-27T16:38:00,false
3257,174,,salary,1862.22,2605.02,NOMINA,2024-10-27T18:01:00,false
3258,363,,salary,1289.65,5118.85,NOMINA,2024-10-27T18:23:00,false
3259,719,71,card_payment,-73.22,3915.37,COMPRA ÓPTICA NUEVO,2024-10-27T18:25:00,false
3260,523,5,card_payment,-13.03,1732.93,COMPRA ELECTRO NUEVO,2024-10-27T18:40:00,false
3261,986,,salary,2044.68,3720.13,NOMINA,2024-10-27T18:41:00,false
3262,114,,transfer_in,677.83,1202.87,TRANSFERENCIA RECIBIDA,2024-10-27T19:25:00,false
3263,640,,transfer_in,161.75,3442.31,TRANSFERENCIA RECIBIDA,2024-10-28T11:03:00,false
3264,14,133,card_payment,-81.66,935.86,COMPRA ELECTRO GRAN VÍA,2024-10-28T12:51:00,false
3265,946,,salary,2045.39,3314.72,NOMINA,2024-10-28T14:07:00,false
3266,640,167,card_payment,-18.05,3424.26,COMPRA BAR NUEVO,2024-10-28T14:50:00,false
3267,651,26,card_payment,-31.17,-668.63,COMPRA LA TIENDA DE GRAN VÍA,2024-10-28T17:39:00,false
3268,754,95,card_payment,-55.18,4092.47,COMPRA EL RINCÓN DE SAN MARCOS,2024-10-28T18:10:00,false
3269,817,,salary,1466.25,4935.98,NOMINA,2024-10-28T18:34:00,false
3270,561,,transfer_in,166.50,382.06,TRANSFERENCIA RECIBIDA,2024-10-28T18:52:00,false
3271,164,,salary,3207.95,5673.45,NOMINA,2024-10-28T18:59:00,false
3272,874,25,card_payment,-48.95,9183.25,COMPRA SUPERMERCADO LOS ARCOS,2024-10-28T19:23:00,false
3273,437,71,card_payment,-11.19,2969.57,COMPRA ÓPTICA NUEVO,2024-10-28T19:52:00,false
3274,523,119,card_payment,-16.56,1716.37,COMPRA TALLER NUEVO,2024-10-28T20:15:00,false
3275,873,,interest,4.03,1792.07,ABONO INTERESES,2024-10-28T21:20:00,false
3276,599,,salary,2207.02,5665.96,NOMINA,2024-10-28T21:32:00,false
3277,800,75,card_payment,-99.60,1152.61,COMPRA TALLER LA ESQUINA,2024-10-29T09:33:00,false
3278,501,35,card_payment,-12.09,1599.82,COMPRA CAFETERÍA REAL,2024-10-29T09:52:00,false
3279,609,,transfer_in,481.34,3718.92,TRANSFERENCIA RECIBIDA,2024-10-29T13:18:00,false
3280,443,73,card_payment,-13.02,2440.01,COMPRA MUEBLES MODERNO,2024-10-29T14:01:00,false
3281,766,150,card_payment,-61.14,1040.85,COMPRA PANADERÍA LA PLAZA,2024-10-29T14:39:00,false
3282,761,,transfer_in,123.42,1250.05,TRANSFERENCIA RECIBIDA,2024-10-29T15:46:00,false
3283,215,16,card_payment,-26.22,3187.84,COMPRA LA TIENDA DE LOS ARCOS,2024-10-29T17:11:00,false
3284,655,,transfer_out,-286.73,-34.11,TRANSFERENCIA EMITIDA,2024-10-29T18:11:00,false
3285,81,165,card_payment,-6.14,708.79,COMPRA LA TIENDA DE DEL CARMEN,2024-10-30T08:11:00,false
3286,181,99,card_payment,-2.13,2071.35,COMPRA FARMACIA LA PLAZA,2024-10-30T09:01:00,true
3287,52,43,card_payment,-53.74,5083.36,COMPRA CAFETERÍA EL FARO,2024-10-30T10:05:00,true
3288,33,27,card_payment,-14.33,41.57,COMPRA LA TIENDA DE SAN MARCOS,2024-10-30T11:43:00,false
3289,832,141,card_payment,-84.14,2733.35,COMPRA LA TIENDA DE SAN MARCOS,2024-10-30T13:17:00,false
3290,613,,atm_withdrawal,-40.00,2607.86,REINTEGRO CAJERO,2024-10-30T13:36:00,false
3291,465,,transfer_out,-532.77,-116.53,TRANSFERENCIA EMITIDA,2024-10-30T21:46:00,false
3292,156,26,card_payment,-8.00,332.49,COMPRA LA TIENDA DE GRAN VÍA,2024-10-31T13:39:00,false
3293,81,23,card_payment,-45.00,663.79,COMPRA CAFETERÍA GRAN VÍA,2024-10-31T14:25:00,false
3294,852,,transfer_in,328.17,5804.07,TRANSFERENCIA RECIBIDA,2024-10-31T16:58:00,false
3295,756,,direct_debit,-55.00,5159.03,RECIBO DOMICILIADO,2024-11-01T10:07:00,false
3296,965,35,card_payment,-23.87,4182.10,COMPRA CAFETERÍA REAL,2024-11-01T11:14:00,false
3297,249,,direct_debit,-54.13,3613.70,RECIBO DOMICILIADO,2024-11-01T14:15:00,false
3298,450,,transfer_out,-125.65,2895.65,TRANSFERENCIA EMITIDA,2024-11-01T15:00:00,false
3299,951,,fee,-3.00,3758.80,COMISION MANTENIMIENTO,2024-11-01T16:29:00,false
3300,596,,direct_debit,-59.01,1891.84,RECIBO DOMICILIADO,2024-11-01T19:18:00,false
3301,761,,transfer_out,-372.90,877.15,TRANSFERENCIA EMITIDA,2024-11-01T21:48:00,false
3302,860,,direct_debit,-87.05,7316.13,RECIBO DOMICILIADO,2024-11-02T11:23:00,false
3303,738,1,card_payment,-8.94,3945.20,COMPRA ELECTRO BUENAVISTA,2024-11-02T14:02:00,true
3304,385,,direct_debit,-32.86,8334.24,RECIBO DOMICILIADO,2024-11-02T15:05:00,false
3305,117,,direct_debit,-34.65,471.54,RECIBO DOMICILIADO,2024-11-02T16:03:00,false
3306,922,,fee,-3.00,1002.77,COMISION MANTENIMIENTO,2024-11-02T17:30:00,false
3307,706,42,card_payment,-5.63,1804.26,COMPRA EL RINCÓN DE LOS ARCOS,2024-11-03T08:27:00,false
3308,586,,direct_debit,-7.69,1010.43,RECIBO DOMICILIADO,2024-11-03T09:01:00,false
3309,305,,transfer_out,-657.49,2635.39,TRANSFERENCIA EMITIDA,2024-11-03T09:57:00,false
3310,1011,,direct_debit,-49.99,2504.58,RECIBO DOMICILIADO,2024-11-03T10:49:00,false
3311,306,33,card_payment,-12.03,246.89,COMPRA LIBRERÍA DEL PUERTO,2024-11-03T10:58:00,true
3312,188,,direct_debit,-20.37,668.47,RECIBO DOMICILIADO,2024-11-03T11:54:00,false
3313,947,,direct_debit,-33.13,2559.04,RECIBO DOMICILIADO,2024-11-03T12:41:00,false
3314,14,122,card_payment,-4.51,931.35,COMPRA CASA NUEVO,2024-11-03T12:52:00,false
3315,468,,direct_debit,-28.00,3137.21,RECIBO DOMICILIADO,2024-11-03T13:48:00,false
3316,994,,transfer_out,-390.02,5119.42,TRANSFERENCIA EMITIDA,2024-11-03T14:36:00,false
3317,166,79,card_payment,-2.88,3303.28,COMPRA CASA CENTRAL,2024-11-03T14:42:00,false
3318,800,,direct_debit,-75.75,1076.86,RECIBO DOMICILIADO,2024-11-03T15:25:00,false
3319,257,,direct_debit,-26.48,1874.77,RECIBO DOMICILIADO,2024-11-03T17:27:00,false
3320,47,,direct_debit,-63.61,2784.53,RECIBO DOMICILIADO,2024-11-04T08:27:00,false
3321,969,,transfer_in,780.01,4527.48,TRANSFERENCIA RECIBIDA,2024-11-04T12:02:00,false
3322,872,93,card_payment,-19.44,1148.06,COMPRA ELECTRO LOS ARCOS,2024-11-04T12:27:00,false
3323,774,,transfer_in,467.91,3890.07,TRANSFERENCIA RECIBIDA,2024-11-04T13:27:00,false
3324,95,85,card_payment,-13.93,3621.90,COMPRA ELECTRO CENTRAL,2024-11-04T13:37:00,false
3325,804,,direct_debit,-90.14,1430.55,RECIBO DOMICILIADO,2024-11-04T14:11:00,false
3326,889,,atm_withdrawal,-40.00,2039.74,REINTEGRO CAJERO,2024-11-04T16:32:00,false
3327,92,,direct_debit,-30.43,1455.38,RECIBO DOMICILIADO,2024-11-04T16:46:00,false
3328,164,,direct_debit,-46.49,5626.96,RECIBO DOMICILIADO,2024-11-04T18:50:00,false
3329,16,91,card_payment,-22.70,2444.12,COMPRA MUEBLES MODERNO,2024-11-05T09:17:00,false
3330,370,,direct_debit,-23.89,3092.11,RECIBO DOMICILIADO,2024-11-05T09:30:00,false
3331,249,,direct_debit,-15.95,3597.75,RECIBO DOMICILIADO,2024-11-05T11:01:00,false
3332,331,,direct_debit,-166.59,1748.93,RECIBO DOMICILIADO,2024-11-05T11:08:00,false
3333,911,,direct_debit,-40.27,1878.04,RECIBO DOMICILIADO,2024-11-05T11:50:00,false
3334,420,85,card_payment,-11.99,1716.87,COMPRA ELECTRO CENTRAL,2024-11-05T12:01:00,false
3335,507,,direct_debit,-79.44,3589.53,RECIBO DOMICILIADO,2024-11-05T12:30:00,false
3336,164,75,card_payment,-34.58,5592.38,COMPRA TALLER LA ESQUINA,2024-11-05T12:45:00,false
3337,409,,direct_debit,-6.05,1834.39,RECIBO DOMICILIADO,2024-11-05T13:11:00,false
3338,127,,direct_debit,-49.33,1818.41,RECIBO DOMICILIADO,2024-11-05T14:47:00,false
3339,81,,direct_debit,-14.94,648.85,RECIBO DOMICILIADO,2024-11-05T15:03:00,false
3340,428,,transfer_in,110.66,832.40,TRANSFERENCIA RECIBIDA,2024-11-05T15:34:00,false
3341,116,,direct_debit,-38.25,3160.51,RECIBO DOMICILIADO,2024-11-05T18:32:00,false
3342,330,,transfer_in,495.64,4454.65,TRANSFERENCIA RECIBIDA,2024-11-06T09:25:00,false
3343,761,156,card_payment,-79.40,797.75,COMPRA FARMACIA DEL CARMEN,2024-11-06T11:11:00,true
3344,800,,direct_debit,-50.78,1026.08,RECIBO DOMICILIADO,2024-11-06T11:42:00,false
3345,648,,direct_debit,-84.16,772.15,RECIBO DOMICILIADO,2024-11-06T12:36:00,false
3346,885,,direct_debit,-39.39,3068.34,RECIBO DOMICILIADO,2024-11-06T12:38:00,false
3347,761,1,card_payment,-112.95,684.80,COMPRA ELECTRO BUENAVISTA,2024-11-06T12:41:00,true
3348,24,,direct_debit,-100.78,4520.72,RECIBO DOMICILIADO,2024-11-06T13:13:00,false
3349,222,,direct_debit,-44.05,3210.15,RECIBO DOMICILIADO,2024-11-06T14:54:00,false
3350,171,,direct_debit,-86.70,563.02,RECIBO DOMICILIADO,2024-11-06T18:14:00,false
3351,431,21,card_payment,-11.97,1202.47,COMPRA RESTAURANTE MODERNO,2024-11-06T18:30:00,false
3352,582,,direct_debit,-56.83,3012.98,RECIBO DOMICILIADO,2024-11-06T19:08:00,false
3353,224,56,card_payment,-5.21,995.01,COMPRA BAR REAL,2024-11-06T19:44:00,false
3354,378,,direct_debit,-38.98,1433.51,RECIBO DOMICILIADO,2024-11-06T20:04:00,false
3355,746,102,card_payment,-12.90,997.61,COMPRA LIBRERÍA LOS ARCOS,2024-11-06T21:19:00,true
3356,148,109,card_payment,-16.63,940.20,COMPRA EL RINCÓN DE GRAN VÍA,2024-11-07T09:26:00,false
3357,366,84,card_payment,-122.87,1061.02,COMPRA CAFETERÍA LOS ARCOS,2024-11-07T11:34:00,true
3358,872,,direct_debit,-33.35,1114.71,RECIBO DOMICILIADO,2024-11-07T12:20:00,false
3359,288,45,card_payment,-14.41,1176.63,COMPRA LA TIENDA DE DEL SOL,2024-11-07T13:17:00,false
3360,530,124,card_payment,-30.22,1018.40,COMPRA ELECTRO EL FARO,2024-11-07T13:59:00,false
3361,50,,transfer_out,-435.78,1937.45,TRANSFERENCIA EMITIDA,2024-11-07T14:04:00,false
3362,803,,fee,-12.00,4006.58,COMISION MANTENIMIENTO,2024-11-07T15:44:00,false
3363,719,67,card_payment,-7.07,3908.30,COMPRA PELUQUERÍA BUENAVISTA,2024-11-07T20:07:00,false
3364,1003,,direct_debit,-27.65,4841.14,RECIBO DOMICILIADO,2024-11-07T20:35:00,false
3365,790,52,card_payment,-13.31,936.57,COMPRA RESTAURANTE NUEVO,2024-11-08T11:45:00,false
3366,232,,atm_withdrawal,-50.00,428.79,REINTEGRO CAJERO,2024-11-08T12:19:00,false
3367,826,,interest,8.75,4684.69,ABONO INTERESES,2024-11-08T13:19:00,false
3368,679,,transfer_out,-527.92,2801.27,TRANSFERENCIA EMITIDA,2024-11-08T19:43:00,false
3369,561,15,card_payment,-7.25,374.81,COMPRA ELECTRO LOS ARCOS,2024-11-09T09:24:00,false
3370,966,70,card_payment,-93.06,2258.67,COMPRA EL RINCÓN DE LA ESTRELLA,2024-11-09T16:22:00,false
3371,240,9,card_payment,-62.08,255.87,COMPRA PELUQUERÍA DEL PUERTO,2024-11-09T20:02:00,true
3372,777,,transfer_out,-269.41,2857.55,TRANSFERENCIA EMITIDA,2024-11-10T09:45:00,false
3373,391,,transfer_out,-509.12,2621.57,TRANSFERENCIA EMITIDA,2024-11-10T12:58:00,false
3374,390,178,card_payment,-36.09,3523.52,COMPRA MUEBLES DEL PUERTO,2024-11-10T17:56:00,false
3375,471,82,card_payment,-5.58,787.57,COMPRA ELECTRO MODERNO,2024-11-10T19:17:00,false
3376,690,91,card_payment,-39.93,3013.14,COMPRA MUEBLES MODERNO,2024-11-10T21:40:00,false
3377,878,27,card_payment,-60.67,1534.29,COMPRA LA TIENDA DE SAN MARCOS,2024-11-11T20:00:00,false
3378,301,109,card_payment,-12.43,2844.09,COMPRA EL RINCÓN DE GRAN VÍA,2024-11-12T12:29:00,false
3379,987,52,card_payment,-7.80,2242.06,COMPRA RESTAURANTE NUEVO,2024-11-12T20:03:00,false
3380,567,178,card_payment,-231.54,-77.09,COMPRA MUEBLES DEL PUERTO,2024-11-12T21:53:00,false
3381,597,62,card_payment,-40.30,2960.90,COMPRA PELUQUERÍA DEL PUERTO,2024-11-13T10:00:00,false
3382,944,103,card_payment,-38.35,151.78,COMPRA MUEBLES EL FARO,2024-11-13T11:36:00,false
3383,527,,transfer_out,-535.34,-135.65,TRANSFERENCIA EMITIDA,2024-11-13T13:18:00,false
3384,602,45,card_payment,-7.12,2193.73,COMPRA LA TIENDA DE DEL SOL,2024-11-14T09:02:00,false
3385,319,,fee,-4.50,538.62,COMISION MANTENIMIENTO,2024-11-14T13:11:00,false
3386,769,27,card_payment,-6.88,754.25,COMPRA LA TIENDA DE SAN MARCOS,2024-11-14T14:04:00,false
3387,459,,transfer_out,-40.25,584.42,TRANSFERENCIA EMITIDA,2024-11-14T15:32:00,false
3388,13,82,card_payment,-8.78,1953.60,COMPRA ELECTRO MODERNO,2024-11-14T16:35:00,false
3389,934,145,card_payment,-5.46,5367.50,COMPRA LIBRERÍA DEL SOL,2024-11-14T18:36:00,false
3390,750,,transfer_out,-50.68,2021.98,TRANSFERENCIA EMITIDA,2024-11-14T21:11:00,false
3391,258,57,card_payment,-26.34,1152.96,COMPRA ÓPTICA EL FARO,2024-11-15T09:22:00,false
3392,373,,transfer_out,-321.00,2759.15,TRANSFERENCIA EMITIDA,2024-11-15T09:28:00,false
3393,977,,transfer_out,-348.81,822.42,TRANSFERENCIA EMITIDA,2024-11-15T09:36:00,false
3394,127,,transfer_in,628.85,2447.26,TRANSFERENCIA RECIBIDA,2024-11-15T09:50:00,false
3395,858,154,card_payment,-14.91,246.93,COMPRA ÓPTICA DEL SOL,2024-11-15T13:55:00,false
3396,260,,transfer_out,-133.39,4944.99,TRANSFERENCIA EMITIDA,2024-11-15T16:31:00,false
3397,463,50,card_payment,-6.56,5572.93,COMPRA ÓPTICA DEL SOL,2024-11-15T16:42:00,false
3398,1010,,transfer_out,-184.92,3065.19,TRANSFERENCIA EMITIDA,2024-11-15T19:55:00,false
3399,727,67,card_payment,-15.49,1512.84,COMPRA PELUQUERÍA BUENAVISTA,2024-11-15T20:21:00,false
3400,205,35,card_payment,-7.09,1050.57,COMPRA CAFETERÍA REAL,2024-11-16T08:11:00,false
3401,773,133,card_payment,-4.45,2465.06,COMPRA ELECTRO GRAN VÍA,2024-11-16T09:09:00,false
3402,332,,transfer_in,611.92,1218.61,TRANSFERENCIA RECIBIDA,2024-11-16T12:47:00,false
3403,590,166,card_payment,-26.03,1985.24,COMPRA LA TIENDA DE BUENAVISTA,2024-11-16T13:03:00,true
3404,584,,transfer_out,-120.35,2839.85,TRANSFERENCIA EMITIDA,2024-11-16T13:10:00,false
3405,22,26,card_payment,-26.55,3366.36,COMPRA LA TIENDA DE GRAN VÍA,2024-11-16T13:25:00,false
3406,181,,atm_withdrawal,-100.00,1971.35,REINTEGRO CAJERO,2024-11-16T18:34:00,false
3407,657,,atm_withdrawal,-60.00,593.71,REINTEGRO CAJERO,2024-11-16T20:06:00,false
3408,697,43,card_payment,-30.93,337.39,COMPRA CAFETERÍA EL FARO,2024-11-16T20:46:00,true
3409,1086,18,card_payment,-14.13,4776.92,COMPRA SUPERMERCADO LA PLAZA,2024-11-17T09:17:00,false
3410,614,,transfer_in,178.24,3709.13,TRANSFERENCIA RECIBIDA,2024-11-17T13:17:00,false
3411,69,147,card_payment,-13.21,466.46,COMPRA TALLER SAN MARCOS,2024-11-17T13:53:00,false
3412,542,48,card_payment,-19.15,2703.05,COMPRA CAFETERÍA DEL CARMEN,2024-11-17T14:39:00,false
3413,1044,11,card_payment,-33.85,1499.34,COMPRA LA TIENDA DE MODERNO,2024-11-17T19:22:00,false
3414,235,,transfer_in,754.71,4138.88,TRANSFERENCIA RECIBIDA,2024-11-18T10:07:00,false
3415,549,,transfer_in,487.51,1110.96,TRANSFERENCIA RECIBIDA,2024-11-18T11:29:00,false
3416,211,,transfer_out,-767.09,1810.26,TRANSFERENCIA EMITIDA,2024-11-18T12:33:00,false
3417,164,27,card_payment,-4.37,5588.01,COMPRA LA TIENDA DE SAN MARCOS,2024-11-18T13:47:00,false
3418,390,165,card_payment,-4.40,3519.12,COMPRA LA TIENDA DE DEL CARMEN,2024-11-19T09:02:00,false
3419,866,35,card_payment,-9.51,672.80,COMPRA CAFETERÍA REAL,2024-11-19T12:02:00,false
3420,334,,transfer_in,940.55,5724.13,TRANSFERENCIA RECIBIDA,2024-11-19T15:47:00,false
3421,874,,atm_withdrawal,-100.00,9083.25,REINTEGRO CAJERO,2024-11-19T16:29:00,false
3422,641,157,card_payment,-48.72,1149.12,COMPRA ELECTRO SAN MARCOS,2024-11-19T16:50:00,false
3423,622,40,card_payment,-22.41,95.65,COMPRA EL RINCÓN DE REAL,2024-11-19T18:35:00,true
3424,461,83,card_payment,-3.93,2905.96,COMPRA PELUQUERÍA LOS ARCOS,2024-11-19T19:41:00,false
3425,165,,transfer_out,-662.89,2603.25,TRANSFERENCIA EMITIDA,2024-11-20T10:05:00,false
3426,1038,172,card_payment,-2.81,5344.46,COMPRA EL RINCÓN DE MODERNO,2024-11-20T10:15:00,false
3427,935,62,card_payment,-53.88,2344.19,COMPRA PELUQUERÍA DEL PUERTO,2024-11-20T12:31:00,false
3428,314,119,card_payment,-5.47,1845.54,COMPRA TALLER NUEVO,2024-11-20T12:55:00,false
3429,419,,transfer_out,-859.76,543.84,TRANSFERENCIA EMITIDA,2024-11-20T16:07:00,false
3430,773,,transfer_in,85.30,2550.36,TRANSFERENCIA RECIBIDA,2024-11-20T19:09:00,false
3431,220,8,card_payment,-4.26,2254.09,COMPRA SUPERMERCADO MODERNO,2024-11-21T12:28:00,false
3432,1093,146,card_payment,-58.25,2121.58,COMPRA PELUQUERÍA REAL,2024-11-21T13:16:00,false
3433,482,47,card_payment,-19.00,4256.55,COMPRA BAR NUEVO,2024-11-21T13:36:00,false
3434,771,153,card_payment,-10.26,1869.08,COMPRA PELUQUERÍA SAN MARCOS,2024-11-21T13:50:00,false
3435,181,,transfer_in,231.25,2202.60,TRANSFERENCIA RECIBIDA,2024-11-21T13:51:00,false
3436,604,,transfer_in,175.50,2727.15,TRANSFERENCIA RECIBIDA,2024-11-21T13:56:00,false
3437,546,,transfer_in,358.04,4077.79,TRANSFERENCIA RECIBIDA,2024-11-21T18:17:00,false
3438,92,141,card_payment,-3.48,1451.90,COMPRA LA TIENDA DE SAN MARCOS,2024-11-21T20:37:00,false
3439,215,,atm_withdrawal,-200.00,2987.84,REINTEGRO CAJERO,2024-11-22T11:08:00,false
3440,62,,transfer_out,-944.03,1069.95,TRANSFERENCIA EMITIDA,2024-11-22T11:25:00,false
3441,507,,transfer_in,400.57,3990.10,TRANSFERENCIA RECIBIDA,2024-11-22T12:15:00,false
3442,390,,transfer_in,387.01,3906.13,TRANSFERENCIA RECIBIDA,2024-11-22T13:41:00,false
3443,782,,transfer_out,-522.98,387.84,TRANSFERENCIA EMITIDA,2024-11-22T19:02:00,false
3444,590,122,card_payment,-14.26,1970.98,COMPRA CASA NUEVO,2024-11-22T20:50:00,false
3445,1066,156,card_payment,-4.89,639.43,COMPRA FARMACIA DEL CARMEN,2024-11-22T21:57:00,true
3446,8,79,card_payment,-4.96,3977.73,COMPRA CASA CENTRAL,2024-11-23T10:32:00,false
3447,13,128,card_payment,-9.68,1943.92,COMPRA LA TIENDA DE DEL PUERTO,2024-11-23T12:02:00,false
3448,758,135,card_payment,-49.90,1593.59,COMPRA SUPERMERCADO GRAN VÍA,2024-11-23T12:20:00,false
3449,356,63,card_payment,-38.72,1616.60,COMPRA FARMACIA LOS ARCOS,2024-11-23T12:56:00,false
3450,1041,,interest,1.92,3296.67,ABONO INTERESES,2024-11-23T12:57:00,false
3451,215,51,card_payment,-15.35,2972.49,COMPRA MUEBLES LOS ARCOS,2024-11-23T13:40:00,false
3452,1082,,transfer_out,-985.35,1693.03,TRANSFERENCIA EMITIDA,2024-11-23T13:44:00,false
3453,219,47,card_payment,-76.68,1751.04,COMPRA BAR NUEVO,2024-11-23T14:04:00,false
3454,545,,transfer_in,472.74,3826.65,TRANSFERENCIA RECIBIDA,2024-11-23T14:57:00,false
3455,309,43,card_payment,-16.11,876.09,COMPRA CAFETERÍA EL FARO,2024-11-23T16:48:00,true
3456,301,166,card_payment,-57.95,2786.14,COMPRA LA TIENDA DE BUENAVISTA,2024-11-23T18:24:00,true
3457,983,,transfer_in,152.82,2418.54,TRANSFERENCIA RECIBIDA,2024-11-23T20:12:00,false
3458,811,,atm_withdrawal,-200.00,316.45,REINTEGRO CAJERO,2024-11-23T20:17:00,false
3459,633,161,card_payment,-14.94,3735.50,COMPRA ELECTRO BUENAVISTA,2024-11-24T08:36:00,false
3460,1027,,fee,-2.50,579.78,COMISION MANTENIMIENTO,2024-11-24T09:23:00,false
3461,330,126,card_payment,-24.84,4429.81,COMPRA MUEBLES LA PLAZA,2024-11-24T09:46:00,false
3462,491,1,card_payment,-90.29,3034.04,COMPRA ELECTRO BUENAVISTA,2024-11-24T17:41:00,true
3463,637,1,card_payment,-1.94,609.54,COMPRA ELECTRO BUENAVISTA,2024-11-24T18:47:00,true
3464,989,174,card_payment,-93.51,1974.97,COMPRA EL RINCÓN DE BUENAVISTA,2024-11-24T21:21:00,true
3465,287,,salary,1846.22,2935.80,NOMINA,2024-11-25T10:44:00,false
3466,1089,14,card_payment,-22.98,2678.86,COMPRA ÓPTICA MODERNO,2024-11-25T10:59:00,true
3467,712,,salary,650.00,243.06,NOMINA,2024-11-25T14:37:00,false
3468,240,,salary,1914.93,2170.80,NOMINA,2024-11-25T14:42:00,false
3469,747,16,card_payment,-2.14,-451.70,COMPRA LA TIENDA DE LOS ARCOS,2024-11-25T15:23:00,false
3470,949,,salary,2576.41,3054.49,NOMINA,2024-11-25T16:09:00,false
3471,240,,salary,1710.32,3881.12,NOMINA,2024-11-25T16:53:00,false
3472,599,100,card_payment,-15.11,5650.85,COMPRA ÓPTICA NUEVO,2024-11-25T20:10:00,false
3473,96,,salary,3291.15,4314.85,NOMINA,2024-11-26T08:43:00,false
3474,964,,salary,2315.83,2743.78,NOMINA,2024-11-26T10:17:00,false
3475,1079,,salary,2009.33,6379.58,NOMINA,2024-11-26T15:32:00,false
3476,206,,salary,2130.16,7135.19,NOMINA,2024-11-26T18:01:00,false
3477,679,,salary,973.12,3774.39,NOMINA,2024-11-26T19:31:00,false
3478,882,,transfer_in,728.02,1244.26,TRANSFERENCIA RECIBIDA,2024-11-26T20:51:00,false
3479,310,,salary,2091.91,2567.80,NOMINA,2024-11-27T10:39:00,false
3480,741,,salary,1359.96,2747.34,NOMINA,2024-11-27T11:49:00,false
3481,157,,salary,1715.32,2012.48,NOMINA,2024-11-27T12:24:00,false
3482,263,,fee,-2.50,10041.02,COMISION MANTENIMIENTO,2024-11-27T12:42:00,false
3483,105,99,card_payment,-72.47,2153.94,COMPRA FARMACIA LA PLAZA,2024-11-27T13:44:00,true
3484,135,172,card_payment,-6.14,3222.71,COMPRA EL RINCÓN DE MODERNO,2024-11-27T13:48:00,false
3485,621,,fee,-3.00,3376.06,COMISION MANTENIMIENTO,2024-11-27T15:44:00,false
3486,284,166,card_payment,-6.34,1324.13,COMPRA LA TIENDA DE BUENAVISTA,2024-11-27T19:28:00,true
3487,807,44,card_payment,-11.63,274.14,COMPRA LIBRERÍA SAN MARCOS,2024-11-27T19:44:00,false
3488,743,156,card_payment,-10.22,3521.44,COMPRA FARMACIA DEL CARMEN,2024-11-28T09:00:00,true
3489,784,93,card_payment,-14.47,129.16,COMPRA ELECTRO LOS ARCOS,2024-11-28T12:13:00,false
3490,403,131,card_payment,-36.95,2586.65,COMPRA PANADERÍA MODERNO,2024-11-28T12:16:00,false
3491,679,,salary,2143.85,5918.24,NOMINA,2024-11-28T12:33:00,false
3492,573,31,card_payment,-24.70,732.84,COMPRA MUEBLES LA PLAZA,2024-11-28T12:37:00,false
3493,184,,salary,3280.38,6226.75,NOMINA,2024-11-28T12:41:00,false
3494,583,,atm_withdrawal,-100.00,5736.69,REINTEGRO CAJERO,2024-11-28T12:47:00,false
3495,212,54,card_payment,-230.76,2086.60,COMPRA ELECTRO DEL PUERTO,2024-11-28T13:29:00,false
3496,206,,atm_withdrawal,-100.00,7035.19,REINTEGRO CAJERO,2024-11-28T13:35:00,false
3497,68,,salary,2734.87,3176.18,NOMINA,2024-11-28T14:15:00,false
3498,771,176,card_payment,-10.39,1858.69,COMPRA RESTAURANTE NUEVO,2024-11-28T17:58:00,false
3499,274,106,card_payment,-26.41,4390.40,COMPRA LIBRERÍA EL FARO,2024-11-28T19:10:00,false
3500,773,,salary,3299.30,5849.66,NOMINA,2024-11-28T19:36:00,false
3501,983,,interest,5.81,2424.35,ABONO INTERESES,2024-11-29T09:24:00,false
3502,306,,transfer_out,-413.69,-166.80,TRANSFERENCIA EMITIDA,2024-11-29T10:20:00,false
3503,484,123,card_payment,-48.22,1931.33,COMPRA LIBRERÍA LOS ARCOS,2024-11-29T10:29:00,false
3504,982,155,card_payment,-13.89,153.67,COMPRA LIBRERÍA LOS ARCOS,2024-11-29T11:41:00,false
3505,979,,fee,-3.00,112.13,COMISION MANTENIMIENTO,2024-11-29T12:08:00,false
3506,525,,atm_withdrawal,-150.00,2361.50,REINTEGRO CAJERO,2024-11-29T13:56:00,false
3507,67,102,card_payment,-5.56,1033.98,COMPRA LIBRERÍA LOS ARCOS,2024-11-29T13:57:00,true
3508,363,49,card_payment,-5.01,5113.84,COMPRA LA TIENDA DE LOS ARCOS,2024-11-29T14:08:00,false
3509,741,123,card_payment,-38.64,2708.70,COMPRA LIBRERÍA LOS ARCOS,2024-11-29T15:40:00,false
3510,983,5,card_payment,-39.69,2384.66,COMPRA ELECTRO NUEVO,2024-11-29T16:39:00,false
3511,166,123,card_payment,-5.15,3298.13,COMPRA LIBRERÍA LOS ARCOS,2024-11-29T17:45:00,false
3512,206,,transfer_out,-204.61,6830.58,TRANSFERENCIA EMITIDA,2024-11-29T20:30:00,false
3513,285,,transfer_out,-38.72,6659.26,TRANSFERENCIA EMITIDA,2024-11-30T13:05:00,false
3514,312,162,card_payment,-2.01,3986.43,COMPRA LIBRERÍA LA ESQUINA,2024-11-30T17:16:00,true
3515,476,,transfer_in,1234.98,3795.33,TRANSFERENCIA RECIBIDA,2024-11-30T18:54:00,false
3516,888,,direct_debit,-19.24,741.81,RECIBO DOMICILIADO,2024-12-01T10:01:00,false
3517,319,,atm_withdrawal,-150.00,388.62,REINTEGRO CAJERO,2024-12-01T17:04:00,false
3518,327,165,card_payment,-20.94,2044.14,COMPRA LA TIENDA DE DEL CARMEN,2024-12-01T17:04:00,false
3519,536,,direct_debit,-46.63,1019.96,RECIBO DOMICILIADO,2024-12-01T17:34:00,false
3520,852,172,card_payment,-4.43,5799.64,COMPRA EL RINCÓN DE MODERNO,2024-12-01T19:49:00,false
3521,790,,interest,0.16,936.73,ABONO INTERESES,2024-12-02T10:00:00,false
3522,984,,transfer_in,321.67,1350.95,TRANSFERENCIA RECIBIDA,2024-12-02T11:26:00,false
3523,477,65,card_payment,-47.96,316.05,COMPRA LIBRERÍA EL FARO,2024-12-02T12:25:00,false
3524,209,,direct_debit,-43.29,3186.21,RECIBO DOMICILIADO,2024-12-02T13:29:00,false
3525,97,36,card_payment,-14.30,1385.57,COMPRA PELUQUERÍA GRAN VÍA,2024-12-02T15:19:00,false
3526,58,148,card_payment,-182.03,3725.63,COMPRA PELUQUERÍA LA PLAZA,2024-12-02T18:27:00,false
3527,400,,direct_debit,-36.72,3220.18,RECIBO DOMICILIADO,2024-12-02T19:10:00,false
3528,402,,direct_debit,-21.75,2180.26,RECIBO DOMICILIADO,2024-12-02T20:35:00,false
3529,927,,direct_debit,-24.64,3006.00,RECIBO DOMICILIADO,2024-12-02T20:37:00,false
3530,959,,interest,0.37,3021.51,ABONO INTERESES,2024-12-03T09:28:00,false
3531,370,56,card_payment,-5.13,3086.98,COMPRA BAR REAL,2024-12-03T11:15:00,false
3532,987,,direct_debit,-44.80,2197.26,RECIBO DOMICILIADO,2024-12-03T18:18:00,false
3533,395,62,card_payment,-18.80,1139.57,COMPRA PELUQUERÍA DEL PUERTO,2024-12-03T19:34:00,false
3534,750,,direct_debit,-22.37,1999.61,RECIBO DOMICILIADO,2024-12-03T20:27:00,false
3535,316,149,card_payment,-9.72,1721.59,COMPRA PELUQUERÍA EL FARO,2024-12-03T20:37:00,false
3536,400,,transfer_out,-451.66,2768.52,TRANSFERENCIA EMITIDA,2024-12-04T10:43:00,false
3537,213,,direct_debit,-20.50,1929.59,RECIBO DOMICILIADO,2024-12-04T12:15:00,false
3538,503,,direct_debit,-39.96,2068.27,RECIBO DOMICILIADO,2024-12-04T12:25:00,false
3539,652,76,card_payment,-13.72,4416.29,COMPRA LIBRERÍA SAN MARCOS,2024-12-04T13:53:00,false
3540,270,98,card_payment,-35.60,644.48,COMPRA SUPERMERCADO EL FARO,2024-12-04T14:05:00,false
3541,166,,direct_debit,-46.72,3251.41,RECIBO DOMICILIADO,2024-12-04T18:14:00,false
3542,744,,transfer_in,714.08,3793.74,TRANSFERENCIA RECIBIDA,2024-12-04T21:08:00,false
3543,575,28,card_payment,-6.46,767.47,COMPRA PANADERÍA NUEVO,2024-12-04T21:57:00,false
3544,40,,direct_debit,-26.23,2110.73,RECIBO DOMICILIADO,2024-12-05T08:07:00,false
3545,929,,direct_debit,-41.86,240.17,RECIBO DOMICILIADO,2024-12-05T09:11:00,false
3546,390,,transfer_in,1016.25,4922.38,TRANSFERENCIA RECIBIDA,2024-12-05T09:46:00,false
3547,931,,direct_debit,-22.56,3866.84,RECIBO DOMICILIADO,2024-12-05T09:48:00,false
3548,756,,direct_debit,-35.51,5123.52,RECIBO DOMICILIADO,2024-12-05T11:35:00,false
3549,388,,direct_debit,-19.99,893.35,RECIBO DOMICILIADO,2024-12-05T11:37:00,false
3550,956,13,card_payment,-13.14,1166.52,COMPRA RESTAURANTE SAN MARCOS,2024-12-05T11:39:00,false
3551,742,,transfer_in,440.57,5924.04,TRANSFERENCIA RECIBIDA,2024-12-05T12:27:00,false
3552,941,,direct_debit,-34.09,359.49,RECIBO DOMICILIADO,2024-12-05T13:17:00,false
3553,958,164,card_payment,-32.07,3043.30,COMPRA LIBRERÍA REAL,2024-12-05T13:35:00,false
3554,920,,direct_debit,-70.40,1428.71,RECIBO DOMICILIADO,2024-12-05T13:36:00,false
3555,474,,direct_debit,-13.09,5926.89,RECIBO DOMICILIADO,2024-12-05T14:08:00,false
3556,400,,transfer_in,40.00,2808.52,TRANSFERENCIA RECIBIDA,2024-12-05T14:47:00,false
3557,1001,,transfer_out,-117.84,1400.34,TRANSFERENCIA EMITIDA,2024-12-05T14:54:00,false
3558,774,,direct_debit,-83.92,3806.15,RECIBO DOMICILIADO,2024-12-05T15:08:00,false
3559,601,,direct_debit,-29.31,739.84,RECIBO DOMICILIADO,2024-12-05T15:21:00,false
3560,404,,transfer_out,-641.26,572.47,TRANSFERENCIA EMITIDA,2024-12-05T15:59:00,false
3561,648,,transfer_out,-454.88,317.27,TRANSFERENCIA EMITIDA,2024-12-05T16:01:00,false
3562,286,41,card_payment,-30.28,794.80,COMPRA SUPERMERCADO EL FARO,2024-12-05T16:03:00,false
3563,527,,interest,1.96,-133.69,ABONO INTERESES,2024-12-05T16:11:00,false
3564,240,103,card_payment,-46.58,3834.54,COMPRA MUEBLES EL FARO,2024-12-05T19:58:00,false
3565,928,,transfer_out,-55.87,3618.26,TRANSFERENCIA EMITIDA,2024-12-06T08:44:00,false
3566,612,,interest,3.12,1112.60,ABONO INTERESES,2024-12-06T10:44:00,false
3567,111,,direct_debit,-18.06,5628.80,RECIBO DOMICILIADO,2024-12-06T12:07:00,false
3568,875,,transfer_out,-36.70,3724.31,TRANSFERENCIA EMITIDA,2024-12-06T13:21:00,false
3569,30,,transfer_out,-625.01,3484.40,TRANSFERENCIA EMITIDA,2024-12-06T13:44:00,false
3570,704,113,card_payment,-46.95,4775.13,COMPRA FARMACIA LOS ARCOS,2024-12-06T13:52:00,false
3571,623,1,card_payment,-14.10,826.10,COMPRA ELECTRO BUENAVISTA,2024-12-06T14:08:00,true
3572,775,,direct_debit,-37.62,4755.47,RECIBO DOMICILIADO,2024-12-06T15:34:00,false
3573,289,,transfer_out,-101.39,3596.45,TRANSFERENCIA EMITIDA,2024-12-06T16:29:00,false
3574,134,,direct_debit,-13.07,61.87,RECIBO DOMICILIADO,2024-12-06T17:03:00,false
3575,977,,direct_debit,-69.78,752.64,RECIBO DOMICILIADO,2024-12-06T17:36:00,false
3576,563,150,card_payment,-7.73,61.40,COMPRA PANADERÍA LA PLAZA,2024-12-06T18:16:00,false
3577,602,,direct_debit,-29.97,2163.76,RECIBO DOMICILIADO,2024-12-06T20:42:00,false
3578,258,,direct_debit,-64.60,1088.36,RECIBO DOMICILIADO,2024-12-06T20:46:00,false
3579,491,169,card_payment,-40.69,2993.35,COMPRA CAFETERÍA SAN MARCOS,2024-12-07T11:13:00,false
3580,704,,transfer_in,488.73,5263.86,TRANSFERENCIA RECIBIDA,2024-12-07T17:07:00,false
3581,843,,transfer_out,-239.00,2292.05,TRANSFERENCIA EMITIDA,2024-12-07T17:21:00,false
3582,772,139,card_payment,-29.75,1386.84,COMPRA RESTAURANTE DEL CARMEN,2024-12-07T18:43:00,true
3583,358,,direct_debit,-18.79,1629.43,RECIBO DOMICILIADO,2024-12-07T18:58:00,false
3584,161,11,card_payment,-7.75,3057.60,COMPRA LA TIENDA DE MODERNO,2024-12-07T19:10:00,false
3585,582,,fee,-2.50,3010.48,COMISION MANTENIMIENTO,2024-12-07T19:37:00,false
3586,22,,direct_debit,-15.38,3350.98,RECIBO DOMICILIADO,2024-12-07T21:58:00,false
3587,579,120,card_payment,-18.05,1064.66,COMPRA BAR EL FARO,2024-12-08T10:55:00,true
3588,1037,,interest,6.27,3422.37,ABONO INTERESES,2024-12-09T10:10:00,false
3589,543,111,card_payment,-7.78,1889.32,COMPRA EL RINCÓN DE EL FARO,2024-12-09T11:45:00,false
3590,406,32,card_payment,-52.23,3018.68,COMPRA CASA NUEVO,2024-12-09T12:08:00,true
3591,212,111,card_payment,-71.76,2014.84,COMPRA EL RINCÓN DE EL FARO,2024-12-09T15:23:00,false
3592,403,,atm_withdrawal,-100.00,2486.65,REINTEGRO CAJERO,2024-12-09T18:20:00,false
3593,1026,70,card_payment,-21.69,1560.80,COMPRA EL RINCÓN DE LA ESTRELLA,2024-12-09T19:49:00,false
3594,518,,interest,1.65,1629.85,ABONO INTERESES,2024-12-10T14:33:00,false
3595,445,,atm_withdrawal,-150.00,2529.43,REINTEGRO CAJERO,2024-12-10T16:12:00,false
3596,842,,transfer_out,-734.17,33.80,TRANSFERENCIA EMITIDA,2024-12-10T18:19:00,false
3597,1029,,atm_withdrawal,-150.00,1867.25,REINTEGRO CAJERO,2024-12-10T19:05:00,false
3598,322,,transfer_in,781.46,3649.54,TRANSFERENCIA RECIBIDA,2024-12-10T20:36:00,false
3599,847,2,card_payment,-35.93,7151.73,COMPRA CASA CENTRAL,2024-12-11T10:24:00,false
3600,802,54,card_payment,-68.55,2402.86,COMPRA ELECTRO DEL PUERTO,2024-12-11T18:15:00,false
3601,629,68,card_payment,-15.77,3260.99,COMPRA EL RINCÓN DE GRAN VÍA,2024-12-12T08:21:00,false
3602,594,60,card_payment,-3.58,4363.09,COMPRA FARMACIA EL FARO,2024-12-12T08:53:00,false
3603,961,105,card_payment,-16.36,1623.31,COMPRA ÓPTICA BUENAVISTA,2024-12-12T14:10:00,false
3604,1056,28,card_payment,-99.70,5608.66,COMPRA PANADERÍA NUEVO,2024-12-12T17:13:00,false
3605,759,164,card_payment,-39.47,2419.52,COMPRA LIBRERÍA REAL,2024-12-12T19:28:00,false
3606,136,137,card_payment,-34.73,1006.40,COMPRA ÓPTICA CENTRAL,2024-12-12T19:34:00,false
3607,134,70,card_payment,-4.51,57.36,COMPRA EL RINCÓN DE LA ESTRELLA,2024-12-12T21:43:00,false
3608,368,66,card_payment,-11.45,3778.81,COMPRA ÓPTICA LA ESQUINA,2024-12-13T12:23:00,false
3609,666,147,card_payment,-24.84,3637.14,COMPRA TALLER SAN MARCOS,2024-12-13T12:52:00,false
3610,1071,9,card_payment,-104.29,3434.62,COMPRA PELUQUERÍA DEL PUERTO,2024-12-13T13:30:00,true
3611,960,67,card_payment,-15.21,415.57,COMPRA PELUQUERÍA BUENAVISTA,2024-12-13T17:42:00,false
3612,297,,transfer_out,-564.65,3477.54,TRANSFERENCIA EMITIDA,2024-12-14T09:40:00,false
3613,740,118,card_payment,-37.29,1060.55,COMPRA TALLER EL FARO,2024-12-14T12:38:00,false
3614,925,130,card_payment,-15.68,652.73,COMPRA PELUQUERÍA EL FARO,2024-12-14T13:44:00,true
3615,25,115,card_payment,-34.31,2905.48,COMPRA FARMACIA DEL PUERTO,2024-12-14T16:33:00,false
3616,62,,fee,-12.00,1057.95,COMISION MANTENIMIENTO,2024-12-14T16:56:00,false
3617,1063,32,card_payment,-88.43,2504.09,COMPRA CASA NUEVO,2024-12-15T09:03:00,true
3618,59,,transfer_out,-945.13,1916.96,TRANSFERENCIA EMITIDA,2024-12-15T10:30:00,false
3619,200,,transfer_in,387.42,2171.72,TRANSFERENCIA RECIBIDA,2024-12-15T10:34:00,false
3620,40,59,card_payment,-46.21,2064.52,COMPRA LA TIENDA DE LA ESTRELLA,2024-12-15T13:45:00,false
3621,44,50,card_payment,-9.04,3040.36,COMPRA ÓPTICA DEL SOL,2024-12-15T15:46:00,false
3622,858,,transfer_out,-22.12,224.81,TRANSFERENCIA EMITIDA,2024-12-15T16:31:00,false
3623,276,,transfer_in,233.79,6962.47,TRANSFERENCIA RECIBIDA,2024-12-15T17:03:00,false
3624,614,,transfer_in,267.98,3977.11,TRANSFERENCIA RECIBIDA,2024-12-15T19:52:00,false
3625,217,,transfer_in,843.67,5858.01,TRANSFERENCIA RECIBIDA,2024-12-15T20:13:00,false
3626,1071,,transfer_in,39.37,3473.99,TRANSFERENCIA RECIBIDA,2024-12-15T20:41:00,false
3627,155,,atm_withdrawal,-50.00,3602.88,REINTEGRO CAJERO,2024-12-15T20:43:00,false
3628,699,167,card_payment,-75.63,1153.71,COMPRA BAR NUEVO,2024-12-16T10:01:00,false
3629,97,,fee,-4.50,1381.07,COMISION MANTENIMIENTO,2024-12-16T11:31:00,false
3630,97,,fee,-12.00,1369.07,COMISION MANTENIMIENTO,2024-12-16T12:28:00,false
3631,650,16,card_payment,-28.32,4860.16,COMPRA LA TIENDA DE LOS ARCOS,2024-12-16T12:40:00,false
3632,478,,interest,6.93,306.18,ABONO INTERESES,2024-12-16T14:40:00,false
3633,166,,transfer_in,652.38,3903.79,TRANSFERENCIA RECIBIDA,2024-12-16T17:07:00,false
3634,13,,transfer_out,-122.36,1821.56,TRANSFERENCIA EMITIDA,2024-12-16T17:36:00,false
3635,762,,atm_withdrawal,-100.00,4331.95,REINTEGRO CAJERO,2024-12-17T08:56:00,false
3636,322,,transfer_in,1078.58,4728.12,TRANSFERENCIA RECIBIDA,2024-12-17T12:18:00,false
3637,352,27,card_payment,-29.64,2487.43,COMPRA LA TIENDA DE SAN MARCOS,2024-12-17T13:12:00,false
3638,745,172,card_payment,-24.79,2950.20,COMPRA EL RINCÓN DE MODERNO,2024-12-17T13:46:00,false
3639,573,,transfer_out,-195.69,537.15,TRANSFERENCIA EMITIDA,2024-12-17T18:47:00,false
3640,699,1,card_payment,-6.98,1146.73,COMPRA ELECTRO BUENAVISTA,2024-12-18T11:52:00,true
3641,422,73,card_payment,-105.75,1213.03,COMPRA MUEBLES MODERNO,2024-12-18T13:54:00,false
3642,84,74,card_payment,-22.64,-915.63,COMPRA ELECTRO LOS ARCOS,2024-12-18T17:38:00,false
3643,643,,transfer_out,-404.07,3022.44,TRANSFERENCIA EMITIDA,2024-12-18T17:52:00,false
3644,176,9,card_payment,-23.00,3509.63,COMPRA PELUQUERÍA DEL PUERTO,2024-12-18T18:05:00,true
3645,124,,transfer_out,-286.72,1504.22,TRANSFERENCIA EMITIDA,2024-12-18T19:36:00,false
3646,215,,interest,0.50,2972.99,ABONO INTERESES,2024-12-18T19:37:00,false
3647,45,176,card_payment,-14.71,2704.81,COMPRA RESTAURANTE NUEVO,2024-12-19T10:06:00,false
3648,239,,interest,1.40,164.56,ABONO INTERESES,2024-12-19T11:40:00,false
3649,602,97,card_payment,-26.37,2137.39,COMPRA ELECTRO LA ESQUINA,2024-12-19T14:27:00,false
3650,535,144,card_payment,-6.95,0.58,COMPRA LIBRERÍA REAL,2024-12-19T15:41:00,true
3651,408,,transfer_in,808.69,3873.97,TRANSFERENCIA RECIBIDA,2024-12-19T16:53:00,false
3652,615,31,card_payment,-12.86,6461.91,COMPRA MUEBLES LA PLAZA,2024-12-19T18:35:00,false
3653,50,151,card_payment,-12.33,1925.12,COMPRA FARMACIA MODERNO,2024-12-20T13:40:00,false
3654,523,26,card_payment,-39.90,1676.47,COMPRA LA TIENDA DE GRAN VÍA,2024-12-20T13:44:00,false
3655,873,7,card_payment,-2.68,1789.39,COMPRA PELUQUERÍA LOS ARCOS,2024-12-20T17:49:00,false
3656,13,65,card_payment,-10.58,1810.98,COMPRA LIBRERÍA EL FARO,2024-12-20T18:03:00,false
3657,280,,transfer_in,482.71,2545.81,TRANSFERENCIA RECIBIDA,2024-12-20T20:31:00,false
3658,107,,transfer_out,-267.35,2916.61,TRANSFERENCIA EMITIDA,2024-12-21T12:42:00,false
3659,85,,transfer_in,496.32,1066.91,TRANSFERENCIA RECIBIDA,2024-12-21T13:29:00,false
3660,114,,transfer_in,614.80,1817.67,TRANSFERENCIA RECIBIDA,2024-12-21T15:13:00,false
3661,397,45,card_payment,-89.47,5069.98,COMPRA LA TIENDA DE DEL SOL,2024-12-21T19:21:00,false
3662,424,,transfer_out,-667.03,1147.90,TRANSFERENCIA EMITIDA,2024-12-22T11:27:00,false
3663,458,76,card_payment,-9.92,2021.90,COMPRA LIBRERÍA SAN MARCOS,2024-12-22T11:54:00,false
3664,303,29,card_payment,-48.79,1628.07,COMPRA CASA NUEVO,2024-12-22T12:47:00,false
3665,219,109,card_payment,-7.24,1743.80,COMPRA EL RINCÓN DE GRAN VÍA,2024-12-22T14:17:00,false
3666,842,,transfer_in,109.78,143.58,TRANSFERENCIA RECIBIDA,2024-12-22T14:52:00,false
3667,966,78,card_payment,-45.28,2213.39,COMPRA LA TIENDA DE EL FARO,2024-12-22T15:31:00,false
3668,1008,,interest,1.58,2055.99,ABONO INTERESES,2024-12-22T19:21:00,false
3669,194,144,card_payment,-14.11,414.03,COMPRA LIBRERÍA REAL,2024-12-22T19:23:00,true
3670,398,,atm_withdrawal,-20.00,2423.21,REINTEGRO CAJERO,2024-12-22T19:33:00,false
3671,515,11,card_payment,-19.70,3592.37,COMPRA LA TIENDA DE MODERNO,2024-12-22T20:13:00,false
3672,500,,interest,1.14,4190.26,ABONO INTERESES,2024-12-23T10:30:00,false
3673,305,,interest,3.38,2638.77,ABONO INTERESES,2024-12-23T12:20:00,false
3674,889,,transfer_out,-422.50,1617.24,TRANSFERENCIA EMITIDA,2024-12-23T13:21:00,false
3675,76,37,card_payment,-4.26,1302.55,COMPRA BAR DEL SOL,2024-12-23T13:25:00,false
3676,263,,fee,-4.50,10036.52,COMISION MANTENIMIENTO,2024-12-23T13:25:00,false
3677,472,162,card_payment,-24.66,1902.01,COMPRA LIBRERÍA LA ESQUINA,2024-12-23T14:57:00,true
3678,441,,fee,-12.00,3334.53,COMISION MANTENIMIENTO,2024-12-23T15:52:00,false
3679,455,136,card_payment,-14.09,1128.14,COMPRA MUEBLES LA ESTRELLA,2024-12-23T21:15:00,false
3680,11,9,card_payment,-2.89,3192.38,COMPRA PELUQUERÍA DEL PUERTO,2024-12-23T21:18:00,true
3681,586,174,card_payment,-5.49,1004.94,COMPRA EL RINCÓN DE BUENAVISTA,2024-12-24T12:33:00,true
3682,561,87,card_payment,-29.78,345.03,COMPRA LA TIENDA DE LA ESQUINA,2024-12-24T13:23:00,false
3683,238,28,card_payment,-31.64,2005.22,COMPRA PANADERÍA NUEVO,2024-12-24T14:03:00,false
3684,23,83,card_payment,-8.62,1211.02,COMPRA PELUQUERÍA LOS ARCOS,2024-12-24T18:01:00,false
3685,979,3,card_payment,-16.74,95.39,COMPRA SUPERMERCADO DEL SOL,2024-12-25T08:54:00,true
3686,650,,transfer_in,669.48,5529.64,TRANSFERENCIA RECIBIDA,2024-12-25T09:19:00,false
3687,924,152,card_payment,-6.39,2269.56,COMPRA LIBRERÍA DEL CARMEN,2024-12-25T09:47:00,false
3688,22,,salary,2377.84,5728.82,NOMINA,2024-12-25T10:35:00,false
3689,468,,atm_withdrawal,-60.00,3077.21,REINTEGRO CAJERO,2024-12-25T13:23:00,false
3690,127,,salary,2578.48,5025.74,NOMINA,2024-12-25T13:27:00,false
3691,597,155,card_payment,-14.02,2946.88,COMPRA LIBRERÍA LOS ARCOS,2024-12-25T13:51:00,false
3692,281,46,card_payment,-259.79,4772.33,COMPRA EL RINCÓN DE LA ESTRELLA,2024-12-25T14:28:00,false
3693,712,171,card_payment,-8.50,234.56,COMPRA FARMACIA LA ESTRELLA,2024-12-25T15:39:00,false
3694,9,,transfer_in,28.92,126.09,TRANSFERENCIA RECIBIDA,2024-12-25T17:29:00,false
3695,743,,salary,1645.87,5167.31,NOMINA,2024-12-25T20:28:00,false
3696,995,,fee,-12.00,3042.77,COMISION MANTENIMIENTO,2024-12-25T20:30:00,false
3697,804,,salary,1972.01,3402.56,NOMINA,2024-12-26T11:24:00,false
3698,686,160,card_payment,-1.58,4087.45,COMPRA TALLER DEL CARMEN,2024-12-26T12:43:00,false
3699,503,,fee,-4.50,2063.77,COMISION MANTENIMIENTO,2024-12-26T13:16:00,false
3700,401,,transfer_out,-52.80,3298.79,TRANSFERENCIA EMITIDA,2024-12-26T13:17:00,false
3701,314,39,card_payment,-16.48,1829.06,COMPRA LA TIENDA DE REAL,2024-12-26T13:55:00,false
3702,344,,salary,2306.73,3995.97,NOMINA,2024-12-26T15:21:00,false
3703,973,140,card_payment,-25.14,3015.27,COMPRA CASA DEL PUERTO,2024-12-26T16:41:00,false
3704,769,,salary,1493.93,2248.18,NOMINA,2024-12-26T19:13:00,false
3705,652,,salary,1097.94,5514.23,NOMINA,2024-12-27T09:00:00,false
3706,310,,salary,2422.32,4990.12,NOMINA,2024-12-27T11:08:00,false
3707,1078,,salary,1197.03,2518.81,NOMINA,2024-12-27T11:43:00,false
3708,689,,transfer_out,-379.05,1665.28,TRANSFERENCIA EMITIDA,2024-12-27T13:18:00,false
3709,3,,salary,2561.73,2769.72,NOMINA,2024-12-27T13:55:00,false
3710,653,,fee,-2.50,-577.95,COMISION MANTENIMIENTO,2024-12-27T14:18:00,false
3711,546,,atm_withdrawal,-200.00,3877.79,REINTEGRO CAJERO,2024-12-27T15:13:00,false
3712,226,104,card_payment,-17.66,2531.20,COMPRA BAR NUEVO,2024-12-27T17:31:00,false
3713,989,,transfer_in,516.69,2491.66,TRANSFERENCIA RECIBIDA,2024-12-27T18:25:00,false
3714,614,,salary,2114.79,6091.90,NOMINA,2024-12-27T20:42:00,false
3715,530,134,card_payment,-5.91,1012.49,COMPRA BAR REAL,2024-12-28T09:47:00,false
3716,67,,transfer_in,829.92,1863.90,TRANSFERENCIA RECIBIDA,2024-12-28T12:38:00,false
3717,850,,transfer_in,461.96,3543.63,TRANSFERENCIA RECIBIDA,2024-12-28T13:49:00,false
3718,637,,atm_withdrawal,-40.00,569.54,REINTEGRO CAJERO,2024-12-28T19:01:00,false
3719,471,,transfer_in,739.81,1527.38,TRANSFERENCIA RECIBIDA,2024-12-28T20:41:00,false
3720,1062,37,card_payment,-27.34,4479.46,COMPRA BAR DEL SOL,2024-12-29T09:15:00,false
3721,673,,transfer_in,349.48,2150.43,TRANSFERENCIA RECIBIDA,2024-12-29T10:08:00,false
3722,622,106,card_payment,-25.33,70.32,COMPRA LIBRERÍA EL FARO,2024-12-29T10:21:00,false
3723,473,78,card_payment,-16.77,3498.89,COMPRA LA TIENDA DE EL FARO,2024-12-29T12:48:00,false
3724,1029,11,card_payment,-10.38,1856.87,COMPRA LA TIENDA DE MODERNO,2024-12-29T13:46:00,false
3725,895,46,card_payment,-8.26,858.65,COMPRA EL RINCÓN DE LA ESTRELLA,2024-12-29T17:55:00,false
3726,255,,atm_withdrawal,-200.00,2585.17,REINTEGRO CAJERO,2024-12-29T18:34:00,false
3727,629,164,card_payment,-1.88,3259.11,COMPRA LIBRERÍA REAL,2024-12-30T13:22:00,false
3728,716,,atm_withdrawal,-20.00,3791.86,REINTEGRO CAJERO,2024-12-30T16:49:00,false
3729,942,,transfer_in,352.71,2524.39,TRANSFERENCIA RECIBIDA,2024-12-30T18:22:00,false
3730,366,,transfer_in,129.17,1190.19,TRANSFERENCIA RECIBIDA,2024-12-30T18:44:00,false
3731,668,122,card_payment,-20.15,82.64,COMPRA CASA NUEVO,2024-12-30T21:41:00,false
3732,358,,transfer_in,1063.30,2692.73,TRANSFERENCIA RECIBIDA,2024-12-31T11:42:00,false
3733,255,,transfer_in,985.49,3570.66,TRANSFERENCIA RECIBIDA,2024-12-31T11:59:00,false
3734,834,169,card_payment,-7.63,2177.48,COMPRA CAFETERÍA SAN MARCOS,2024-12-31T14:51:00,false
3735,129,33,card_payment,-15.74,4895.95,COMPRA LIBRERÍA DEL PUERTO,2024-12-31T15:31:00,true
3736,206,,transfer_out,-138.25,6692.33,TRANSFERENCIA EMITIDA,2024-12-31T16:40:00,false
3737,433,87,card_payment,-17.77,-133.50,COMPRA LA TIENDA DE LA ESQUINA,2024-12-31T16:41:00,false
3738,237,53,card_payment,-16.94,3658.23,COMPRA LIBRERÍA DEL CARMEN,2024-12-31T17:15:00,true
3739,442,,transfer_in,671.55,2286.32,TRANSFERENCIA RECIBIDA,2025-01-01T09:59:00,false
3740,1073,,direct_debit,-19.37,2924.28,RECIBO DOMICILIADO,2025-01-01T13:10:00,false
3741,507,,fee,-12.00,3978.10,COMISION MANTENIMIENTO,2025-01-01T13:47:00,false
3742,63,,atm_withdrawal,-40.00,2846.22,REINTEGRO CAJERO,2025-01-01T14:29:00,false
3743,771,95,card_payment,-45.47,1813.22,COMPRA EL RINCÓN DE SAN MARCOS,2025-01-01T15:06:00,false
3744,608,,transfer_out,-323.13,3349.26,TRANSFERENCIA EMITIDA,2025-01-01T15:33:00,false
3745,261,173,card_payment,-44.47,3692.63,COMPRA LIBRERÍA NUEVO,2025-01-01T15:42:00,false
3746,445,,transfer_out,-695.16,1834.27,TRANSFERENCIA EMITIDA,2025-01-01T16:47:00,false
3747,335,,direct_debit,-49.30,-45.18,RECIBO DOMICILIADO,2025-01-01T17:37:00,false
3748,1060,,interest,2.01,3906.98,ABONO INTERESES,2025-01-01T17:44:00,false
3749,445,102,card_payment,-22.70,1811.57,COMPRA LIBRERÍA LOS ARCOS,2025-01-01T18:30:00,true
3750,537,,transfer_in,550.30,3520.49,TRANSFERENCIA RECIBIDA,2025-01-01T18:36:00,false
3751,841,,direct_debit,-31.09,1243.31,RECIBO DOMICILIADO,2025-01-02T10:19:00,false
3752,32,,transfer_out,-617.09,2704.36,TRANSFERENCIA EMITIDA,2025-01-02T12:04:00,false
3753,460,,transfer_in,136.36,122.92,TRANSFERENCIA RECIBIDA,2025-01-02T14:24:00,false
3754,295,,atm_withdrawal,-40.00,2319.31,REINTEGRO CAJERO,2025-01-02T14:26:00,false
3755,77,84,card_payment,-15.45,1119.33,COMPRA CAFETERÍA LOS ARCOS,2025-01-02T16:12:00,true
3756,821,,direct_debit,-28.00,5085.95,RECIBO DOMICILIADO,2025-01-02T16:45:00,false
3757,932,,atm_withdrawal,-150.00,169.85,REINTEGRO CAJERO,2025-01-02T21:10:00,false
3758,124,,direct_debit,-37.60,1466.62,RECIBO DOMICILIADO,2025-01-03T09:36:00,false
3759,5,,direct_debit,-29.89,1462.84,RECIBO DOMICILIADO,2025-01-03T10:54:00,false
3760,1026,,direct_debit,-111.16,1449.64,RECIBO DOMICILIADO,2025-01-03T11:18:00,false
3761,94,4,card_payment,-16.43,4395.11,COMPRA LIBRERÍA LOS ARCOS,2025-01-03T11:53:00,false
3762,973,,direct_debit,-7.83,3007.44,RECIBO DOMICILIADO,2025-01-03T12:13:00,false
3763,901,,direct_debit,-119.41,2650.58,RECIBO DOMICILIADO,2025-01-03T12:20:00,false
3764,144,,interest,4.26,2095.11,ABONO INTERESES,2025-01-03T12:23:00,false
3765,649,105,card_payment,-5.12,2370.70,COMPRA ÓPTICA BUENAVISTA,2025-01-03T13:06:00,false
3766,897,,atm_withdrawal,-50.00,5428.99,REINTEGRO CAJERO,2025-01-03T13:12:00,false
3767,319,80,card_payment,-10.21,378.41,COMPRA LA TIENDA DE LA PLAZA,2025-01-03T18:25:00,false
3768,727,122,card_payment,-40.52,1472.32,COMPRA CASA NUEVO,2025-01-03T20:54:00,false
3769,618,144,card_payment,-24.06,5201.78,COMPRA LIBRERÍA REAL,2025-01-03T21:03:00,true
3770,817,,direct_debit,-56.76,4879.22,RECIBO DOMICILIADO,2025-01-04T08:01:00,false
3771,132,,direct_debit,-61.18,1256.49,RECIBO DOMICILIADO,2025-01-04T12:11:00,false
3772,1030,8,card_payment,-38.63,1287.21,COMPRA SUPERMERCADO MODERNO,2025-01-04T12:20:00,false
3773,1022,15,card_payment,-30.03,1873.08,COMPRA ELECTRO LOS ARCOS,2025-01-04T13:24:00,false
3774,901,136,card_payment,-22.29,2628.29,COMPRA MUEBLES LA ESTRELLA,2025-01-04T13:26:00,false
3775,1078,,atm_withdrawal,-200.00,2318.81,REINTEGRO CAJERO,2025-01-04T13:45:00,false
3776,939,143,card_payment,-42.36,3260.51,COMPRA PELUQUERÍA LOS ARCOS,2025-01-04T14:07:00,true
3777,539,174,card_payment,-41.88,286.90,COMPRA EL RINCÓN DE BUENAVISTA,2025-01-04T14:16:00,true
3778,663,,direct_debit,-10.31,693.25,RECIBO DOMICILIADO,2025-01-04T16:07:00,false
3779,571,111,card_payment,-3.59,3305.86,COMPRA EL RINCÓN DE EL FARO,2025-01-04T16:12:00,false
3780,372,,atm_withdrawal,-20.00,1965.36,REINTEGRO CAJERO,2025-01-04T16:22:00,false
3781,31,,direct_debit,-20.97,1484.23,RECIBO DOMICILIADO,2025-01-04T16:57:00,false
3782,307,,direct_debit,-22.86,2044.29,RECIBO DOMICILIADO,2025-01-04T17:32:00,false
3783,952,167,card_payment,-214.36,1000.12,COMPRA BAR NUEVO,2025-01-04T20:16:00,false
3784,922,160,card_payment,-8.52,994.25,COMPRA TALLER DEL CARMEN,2025-01-04T20:41:00,false
3785,269,69,card_payment,-4.67,431.54,COMPRA PELUQUERÍA LA ESQUINA,2025-01-05T09:04:00,false
3786,673,,direct_debit,-28.81,2121.62,RECIBO DOMICILIADO,2025-01-05T09:36:00,false
3787,392,71,card_payment,-23.35,311.97,COMPRA ÓPTICA NUEVO,2025-01-05T10:32:00,false
3788,693,,direct_debit,-32.83,1923.99,RECIBO DOMICILIADO,2025-01-05T10:41:00,false
3789,452,,direct_debit,-20.21,1120.41,RECIBO DOMICILIADO,2025-01-05T11:19:00,false
3790,432,,atm_withdrawal,-20.00,6011.01,REINTEGRO CAJERO,2025-01-05T11:51:00,false
3791,538,,direct_debit,-21.00,2855.90,RECIBO DOMICILIADO,2025-01-05T12:06:00,false
3792,298,33,card_payment,-20.31,3168.14,COMPRA LIBRERÍA DEL PUERTO,2025-01-05T12:13:00,true
3793,878,,transfer_out,-533.11,1001.18,TRANSFERENCIA EMITIDA,2025-01-05T15:14:00,false
3794,1078,,direct_debit,-135.00,2183.81,RECIBO DOMICILIADO,2025-01-05T19:19:00,false
3795,1075,170,card_payment,-20.27,5345.22,COMPRA BAR MODERNO,2025-01-05T20:43:00,false
3796,705,,direct_debit,-55.69,1660.38,RECIBO DOMICILIADO,2025-01-05T20:45:00,false
3797,607,103,card_payment,-6.97,1941.11,COMPRA MUEBLES EL FARO,2025-01-06T08:11:00,false
3798,662,,direct_debit,-24.80,859.77,RECIBO DOMICILIADO,2025-01-06T08:33:00,false
3799,129,,direct_debit,-77.87,4818.08,RECIBO DOMICILIADO,2025-01-06T09:27:00,false
3800,392,,direct_debit,-24.00,287.97,RECIBO DOMICILIADO,2025-01-06T09:39:00,false
3801,952,,direct_debit,-131.37,868.75,RECIBO DOMICILIADO,2025-01-06T11:23:00,false
3802,274,,direct_debit,-47.96,4342.44,RECIBO DOMICILIADO,2025-01-06T11:41:00,false
3803,711,,direct_debit,-36.25,1143.81,RECIBO DOMICILIADO,2025-01-06T13:02:00,false
3804,589,129,card_payment,-10.40,3244.82,COMPRA ELECTRO DEL PUERTO,2025-01-06T13:31:00,false
3805,705,,direct_debit,-13.44,1646.94,RECIBO DOMICILIADO,2025-01-06T14:18:00,false
3806,273,,direct_debit,-21.12,3379.65,RECIBO DOMICILIADO,2025-01-06T14:48:00,false
3807,11,,direct_debit,-39.26,3153.12,RECIBO DOMICILIADO,2025-01-06T15:52:00,false
3808,925,,direct_debit,-36.98,615.75,RECIBO DOMICILIADO,2025-01-06T16:50:00,false
3809,857,,transfer_out,-327.67,2741.95,TRANSFERENCIA EMITIDA,2025-01-06T16:52:00,false
3810,114,,direct_debit,-51.53,1766.14,RECIBO DOMICILIADO,2025-01-06T19:15:00,false
3811,382,90,card_payment,-87.40,3694.08,COMPRA LA TIENDA DE LOS ARCOS,2025-01-06T21:27:00,false
3812,783,,transfer_out,-805.05,1345.13,TRANSFERENCIA EMITIDA,2025-01-07T08:23:00,false
3813,1065,,direct_debit,-27.46,-762.93,RECIBO DOMICILIADO,2025-01-07T11:25:00,false
3814,883,121,card_payment,-9.15,581.25,COMPRA MUEBLES LA ESTRELLA,2025-01-07T14:31:00,false
3815,46,,direct_debit,-15.64,958.64,RECIBO DOMICILIADO,2025-01-07T16:07:00,false
3816,696,,direct_debit,-14.84,7159.99,RECIBO DOMICILIADO,2025-01-07T17:05:00,false
3817,587,84,card_payment,-24.18,1086.30,COMPRA CAFETERÍA LOS ARCOS,2025-01-07T17:29:00,true
3818,936,,direct_debit,-37.16,1818.51,RECIBO DOMICILIADO,2025-01-07T17:37:00,false
3819,182,,direct_debit,-28.57,2691.51,RECIBO DOMICILIADO,2025-01-07T20:51:00,false
3820,81,96,card_payment,-12.38,636.47,COMPRA LIBRERÍA BUENAVISTA,2025-01-08T13:13:00,false
3821,416,,transfer_out,-15.03,2808.08,TRANSFERENCIA EMITIDA,2025-01-08T13:38:00,false
3822,588,129,card_payment,-8.28,4788.87,COMPRA ELECTRO DEL PUERTO,2025-01-08T15:06:00,false
3823,11,49,card_payment,-25.84,3127.28,COMPRA LA TIENDA DE LOS ARCOS,2025-01-08T17:18:00,false
3824,333,26,card_payment,-13.68,5361.88,COMPRA LA TIENDA DE GRAN VÍA,2025-01-09T08:45:00,false
3825,802,,transfer_out,-259.74,2143.12,TRANSFERENCIA EMITIDA,2025-01-09T12:45:00,false
3826,740,,transfer_out,-124.07,936.48,TRANSFERENCIA EMITIDA,2025-01-09T15:11:00,false
3827,963,,transfer_out,-37.35,2801.36,TRANSFERENCIA EMITIDA,2025-01-09T17:19:00,false
3828,38,95,card_payment,-11.75,158.69,COMPRA EL RINCÓN DE SAN MARCOS,2025-01-09T18:10:00,false
3829,329,81,card_payment,-16.41,483.49,COMPRA CASA LOS ARCOS,2025-01-09T18:53:00,true
3830,984,93,card_payment,-23.51,1327.44,COMPRA ELECTRO LOS ARCOS,2025-01-09T19:31:00,false
3831,591,,transfer_out,-975.48,53.05,TRANSFERENCIA EMITIDA,2025-01-10T10:39:00,false
3832,422,160,card_payment,-54.11,1158.92,COMPRA TALLER DEL CARMEN,2025-01-10T11:49:00,false
3833,308,168,card_payment,-11.70,2347.79,COMPRA FARMACIA REAL,2025-01-10T14:09:00,false
3834,1064,108,card_payment,-72.27,2911.74,COMPRA TALLER LA ESTRELLA,2025-01-10T15:00:00,true
3835,722,25,card_payment,-66.14,1531.01,COMPRA SUPERMERCADO LOS ARCOS,2025-01-10T16:11:00,false
3836,339,,atm_withdrawal,-40.00,2572.41,REINTEGRO CAJERO,2025-01-10T16:21:00,false
3837,36,15,card_payment,-9.66,2850.32,COMPRA ELECTRO LOS ARCOS,2025-01-10T18:07:00,false
3838,1026,126,card_payment,-15.43,1434.21,COMPRA MUEBLES LA PLAZA,2025-01-11T13:23:00,false
3839,966,161,card_payment,-10.22,2203.17,COMPRA ELECTRO BUENAVISTA,2025-01-11T13:57:00,false
3840,717,,fee,-2.50,568.22,COMISION MANTENIMIENTO,2025-01-11T16:04:00,false
3841,328,,atm_withdrawal,-60.00,589.21,REINTEGRO CAJERO,2025-01-11T17:52:00,false
3842,1029,,atm_withdrawal,-150.00,1706.87,REINTEGRO CAJERO,2025-01-11T17:53:00,false
3843,222,4,card_payment,-117.82,3092.33,COMPRA LIBRERÍA LOS ARCOS,2025-01-11T19:32:00,false
3844,279,,transfer_out,-13.74,865.30,TRANSFERENCIA EMITIDA,2025-01-11T21:13:00,false
3845,233,,transfer_out,-248.73,3814.78,TRANSFERENCIA EMITIDA,2025-01-12T11:05:00,false
3846,886,1,card_payment,-8.30,3704.13,COMPRA ELECTRO BUENAVISTA,2025-01-12T13:23:00,true
3847,91,,atm_withdrawal,-60.00,2312.74,REINTEGRO CAJERO,2025-01-12T13:41:00,false
3848,880,,atm_withdrawal,-50.00,231.20,REINTEGRO CAJERO,2025-01-12T15:23:00,false
3849,1087,143,card_payment,-2.85,2564.54,COMPRA PELUQUERÍA LOS ARCOS,2025-01-12T19:00:00,true
3850,776,86,card_payment,-6.07,1676.20,COMPRA PANADERÍA EL FARO,2025-01-13T09:27:00,true
3851,702,,transfer_in,521.03,1588.54,TRANSFERENCIA RECIBIDA,2025-01-13T11:25:00,false
3852,226,24,card_payment,-108.06,2423.14,COMPRA ELECTRO DEL PUERTO,2025-01-13T11:28:00,false
3853,690,,interest,1.12,3014.26,ABONO INTERESES,2025-01-13T14:31:00,false
3854,698,8,card_payment,-7.80,2092.89,COMPRA SUPERMERCADO MODERNO,2025-01-13T17:11:00,false
3855,927,16,card_payment,-53.77,2952.23,COMPRA LA TIENDA DE LOS ARCOS,2025-01-13T18:53:00,false
3856,561,,atm_withdrawal,-20.00,325.03,REINTEGRO CAJERO,2025-01-13T19:59:00,false
3857,393,54,card_payment,-8.93,1320.28,COMPRA ELECTRO DEL PUERTO,2025-01-13T20:10:00,false
3858,625,151,card_payment,-5.74,1765.35,COMPRA FARMACIA MODERNO,2025-01-13T20:12:00,false
3859,81,6,card_payment,-10.55,625.92,COMPRA EL RINCÓN DE SAN MARCOS,2025-01-13T21:27:00,false
3860,280,132,card_payment,-113.28,2432.53,COMPRA CAFETERÍA LA ESTRELLA,2025-01-14T12:09:00,false
3861,808,,atm_withdrawal,-150.00,3128.60,REINTEGRO CAJERO,2025-01-14T12:41:00,false
3862,11,58,card_payment,-6.06,3121.22,COMPRA ÓPTICA MODERNO,2025-01-14T13:50:00,false
3863,449,,transfer_out,-630.64,2600.82,TRANSFERENCIA EMITIDA,2025-01-14T16:59:00,false
3864,703,175,card_payment,-53.19,1603.50,COMPRA LA TIENDA DE MODERNO,2025-01-14T18:13:00,false
3865,821,142,card_payment,-27.51,5058.44,COMPRA MUEBLES EL FARO,2025-01-14T18:18:00,false
3866,503,,atm_withdrawal,-150.00,1913.77,REINTEGRO CAJERO,2025-01-14T19:36:00,false
3867,1060,,atm_withdrawal,-40.00,3866.98,REINTEGRO CAJERO,2025-01-15T14:27:00,false
3868,688,,atm_withdrawal,-150.00,3129.92,REINTEGRO CAJERO,2025-01-15T15:32:00,false
3869,357,82,card_payment,-11.58,1127.53,COMPRA ELECTRO MODERNO,2025-01-15T16:11:00,false
3870,561,55,card_payment,-22.63,302.40,COMPRA CAFETERÍA REAL,2025-01-15T17:37:00,false
3871,762,130,card_payment,-39.26,4292.69,COMPRA PELUQUERÍA EL FARO,2025-01-15T18:59:00,true
3872,850,36,card_payment,-20.95,3522.68,COMPRA PELUQUERÍA GRAN VÍA,2025-01-15T20:46:00,false
3873,216,,interest,3.40,3943.89,ABONO INTERESES,2025-01-16T09:27:00,false
3874,984,,fee,-12.00,1315.44,COMISION MANTENIMIENTO,2025-01-16T11:34:00,false
3875,233,74,card_payment,-95.48,3719.30,COMPRA ELECTRO LOS ARCOS,2025-01-16T12:15:00,false
3876,534,178,card_payment,-133.51,3601.77,COMPRA MUEBLES DEL PUERTO,2025-01-16T12:47:00,false
3877,803,95,card_payment,-38.61,3967.97,COMPRA EL RINCÓN DE SAN MARCOS,2025-01-16T13:10:00,false
3878,339,,atm_withdrawal,-40.00,2532.41,REINTEGRO CAJERO,2025-01-16T17:19:00,false
3879,812,41,card_payment,-19.31,5251.77,COMPRA SUPERMERCADO EL FARO,2025-01-16T18:33:00,false
3880,943,,transfer_in,987.44,3769.62,TRANSFERENCIA RECIBIDA,2025-01-16T18:33:00,false
3881,388,,fee,-12.00,881.35,COMISION MANTENIMIENTO,2025-01-16T19:11:00,false
3882,817,26,card_payment,-54.97,4824.25,COMPRA LA TIENDA DE GRAN VÍA,2025-01-16T19:20:00,false
3883,870,,transfer_out,-183.71,1113.97,TRANSFERENCIA EMITIDA,2025-01-16T20:22:00,false
3884,13,,atm_withdrawal,-100.00,1710.98,REINTEGRO CAJERO,2025-01-16T20:50:00,false
3885,640,71,card_payment,-6.69,3417.57,COMPRA ÓPTICA NUEVO,2025-01-17T12:14:00,false
3886,1052,,transfer_out,-376.73,633.38,TRANSFERENCIA EMITIDA,2025-01-17T13:23:00,false
3887,627,,transfer_in,662.94,1018.30,TRANSFERENCIA RECIBIDA,2025-01-17T17:41:00,false
3888,924,133,card_payment,-5.04,2264.52,COMPRA ELECTRO GRAN VÍA,2025-01-17T20:41:00,false
3889,376,106,card_payment,-6.83,1684.24,COMPRA LIBRERÍA EL FARO,2025-01-17T20:58:00,false
3890,852,32,card_payment,-11.99,5787.65,COMPRA CASA NUEVO,2025-01-17T21:13:00,true
3891,136,55,card_payment,-14.99,991.41,COMPRA CAFETERÍA REAL,2025-01-18T09:08:00,false
3892,706,,transfer_in,216.59,2020.85,TRANSFERENCIA RECIBIDA,2025-01-18T12:02:00,false
3893,888,139,card_payment,-6.77,735.04,COMPRA RESTAURANTE DEL CARMEN,2025-01-18T12:42:00,true
3894,797,174,card_payment,-17.41,1227.57,COMPRA EL RINCÓN DE BUENAVISTA,2025-01-18T18:43:00,true
3895,1083,,atm_withdrawal,-60.00,3807.19,REINTEGRO CAJERO,2025-01-19T13:29:00,false
3896,294,,fee,-3.00,1222.30,COMISION MANTENIMIENTO,2025-01-19T13:33:00,false
3897,765,,transfer_out,-340.29,2376.27,TRANSFERENCIA EMITIDA,2025-01-19T13:38:00,false
3898,582,6,card_payment,-14.77,2995.71,COMPRA EL RINCÓN DE SAN MARCOS,2025-01-19T16:46:00,false
3899,1079,25,card_payment,-174.31,6205.27,COMPRA SUPERMERCADO LOS ARCOS,2025-01-19T20:48:00,false
3900,310,103,card_payment,-101.50,4888.62,COMPRA MUEBLES EL FARO,2025-01-20T09:01:00,false
3901,557,37,card_payment,-14.49,5476.57,COMPRA BAR DEL SOL,2025-01-20T09:33:00,false
3902,602,116,card_payment,-46.41,2090.98,COMPRA ELECTRO MODERNO,2025-01-20T10:00:00,false
3903,803,,atm_withdrawal,-150.00,3817.97,REINTEGRO CAJERO,2025-01-20T10:45:00,false
3904,587,70,card_payment,-200.18,886.12,COMPRA EL RINCÓN DE LA ESTRELLA,2025-01-20T14:09:00,false
3905,330,,transfer_in,573.48,5003.29,TRANSFERENCIA RECIBIDA,2025-01-20T15:08:00,false
3906,295,149,card_payment,-25.91,2293.40,COMPRA PELUQUERÍA EL FARO,2025-01-20T17:08:00,false
3907,629,104,card_payment,-42.48,3216.63,COMPRA BAR NUEVO,2025-01-20T17:38:00,false
3908,858,,transfer_in,130.95,355.76,TRANSFERENCIA RECIBIDA,2025-01-21T10:03:00,false
3909,1005,177,card_payment,-7.22,2501.25,COMPRA BAR MODERNO,2025-01-21T10:20:00,true
3910,260,144,card_payment,-79.10,4865.89,COMPRA LIBRERÍA REAL,2025-01-21T11:53:00,true
3911,842,,atm_withdrawal,-100.00,43.58,REINTEGRO CAJERO,2025-01-21T13:13:00,false
3912,881,150,card_payment,-37.27,5082.96,COMPRA PANADERÍA LA PLAZA,2025-01-21T13:34:00,false
3913,704,16,card_payment,-47.26,5216.60,COMPRA LA TIENDA DE LOS ARCOS,2025-01-21T14:11:00,false
3914,688,,transfer_in,541.50,3671.42,TRANSFERENCIA RECIBIDA,2025-01-21T15:36:00,false
3915,773,21,card_payment,-81.66,5768.00,COMPRA RESTAURANTE MODERNO,2025-01-21T16:41:00,false
3916,306,,atm_withdrawal,-200.00,-366.80,REINTEGRO CAJERO,2025-01-21T16:43:00,false
3917,484,,atm_withdrawal,-100.00,1831.33,REINTEGRO CAJERO,2025-01-21T17:30:00,false
3918,92,,atm_withdrawal,-20.00,1431.90,REINTEGRO CAJERO,2025-01-21T19:46:00,false
3919,290,,atm_withdrawal,-60.00,3403.82,REINTEGRO CAJERO,2025-01-21T20:02:00,false
3920,639,,atm_withdrawal,-50.00,2240.02,REINTEGRO CAJERO,2025-01-22T10:26:00,false
3921,460,155,card_payment,-16.58,106.34,COMPRA LIBRERÍA LOS ARCOS,2025-01-22T13:11:00,false
3922,622,69,card_payment,-55.82,14.50,COMPRA PELUQUERÍA LA ESQUINA,2025-01-22T14:26:00,false
3923,27,97,card_payment,-16.84,826.46,COMPRA ELECTRO LA ESQUINA,2025-01-22T17:09:00,false
3924,286,,transfer_out,-112.00,682.80,TRANSFERENCIA EMITIDA,2025-01-22T19:33:00,false
3925,983,,transfer_out,-984.32,1400.34,TRANSFERENCIA EMITIDA,2025-01-23T08:19:00,false
3926,128,129,card_payment,-129.89,4093.58,COMPRA ELECTRO DEL PUERTO,2025-01-23T11:43:00,false
3927,842,,transfer_in,532.11,575.69,TRANSFERENCIA RECIBIDA,2025-01-23T14:09:00,false
3928,889,161,card_payment,-55.50,1561.74,COMPRA ELECTRO BUENAVISTA,2025-01-23T14:42:00,false
3929,704,116,card_payment,-39.61,5176.99,COMPRA ELECTRO MODERNO,2025-01-23T15:13:00,false
3930,716,9,card_payment,-13.07,3778.79,COMPRA PELUQUERÍA DEL PUERTO,2025-01-23T18:52:00,true
3931,689,83,card_payment,-25.48,1639.80,COMPRA PELUQUERÍA LOS ARCOS,2025-01-23T20:19:00,false
3932,546,105,card_payment,-8.62,3869.17,COMPRA ÓPTICA BUENAVISTA,2025-01-24T13:20:00,false
3933,45,,transfer_out,-719.40,1985.41,TRANSFERENCIA EMITIDA,2025-01-24T15:31:00,false
3934,441,,transfer_in,53.08,3387.61,TRANSFERENCIA RECIBIDA,2025-01-24T16:33:00,false
3935,465,51,card_payment,-20.44,-136.97,COMPRA MUEBLES LOS ARCOS,2025-01-24T16:47:00,false
3936,556,,transfer_out,-732.09,1123.46,TRANSFERENCIA EMITIDA,2025-01-24T17:57:00,false
3937,1045,68,card_payment,-33.64,1590.53,COMPRA EL RINCÓN DE GRAN VÍA,2025-01-24T18:51:00,false
3938,1051,180,card_payment,-42.24,1793.72,COMPRA CAFETERÍA DEL CARMEN,2025-01-25T13:03:00,false
3939,1066,,salary,1596.83,2236.26,NOMINA,2025-01-25T13:10:00,false
3940,360,159,card_payment,-3.06,2438.64,COMPRA ÓPTICA CENTRAL,2025-01-25T13:27:00,false
3941,285,,salary,2163.45,8822.71,NOMINA,2025-01-25T13:51:00,false
3942,756,,transfer_in,979.40,6102.92,TRANSFERENCIA RECIBIDA,2025-01-25T17:43:00,false
3943,7,163,card_payment,-33.25,1277.17,COMPRA ELECTRO SAN MARCOS,2025-01-25T18:22:00,false
3944,590,,salary,2070.94,4041.92,NOMINA,2025-01-25T19:47:00,false
3945,86,144,card_payment,-97.47,2632.23,COMPRA LIBRERÍA REAL,2025-01-25T20:33:00,true
3946,888,,salary,2973.26,3708.30,NOMINA,2025-01-25T21:36:00,false
3947,969,92,card_payment,-8.39,4519.09,COMPRA CAFETERÍA EL FARO,2025-01-26T10:05:00,false
3948,11,166,card_payment,-39.14,3082.08,COMPRA LA TIENDA DE BUENAVISTA,2025-01-26T10:11:00,true
3949,940,57,card_payment,-22.06,1947.58,COMPRA ÓPTICA EL FARO,2025-01-26T13:17:00,false
3950,17,,salary,1972.46,6346.89,NOMINA,2025-01-26T14:09:00,false
3951,937,,atm_withdrawal,-20.00,2854.42,REINTEGRO CAJERO,2025-01-26T14:23:00,false
3952,834,59,card_payment,-11.98,2165.50,COMPRA LA TIENDA DE LA ESTRELLA,2025-01-26T16:40:00,false
3953,983,,transfer_out,-173.61,1226.73,TRANSFERENCIA EMITIDA,2025-01-26T17:01:00,false
3954,123,,salary,1860.67,6386.56,NOMINA,2025-01-26T17:40:00,false
3955,718,,salary,2269.91,5286.41,NOMINA,2025-01-26T19:13:00,false
3956,287,,interest,3.08,2938.88,ABONO INTERESES,2025-01-26T20:37:00,false
3957,895,,salary,1540.30,2398.95,NOMINA,2025-01-27T10:13:00,false
3958,377,,salary,2337.35,3358.25,NOMINA,2025-01-27T12:18:00,false
3959,731,88,card_payment,-23.78,421.94,COMPRA TALLER SAN MARCOS,2025-01-27T13:43:00,false
3960,615,125,card_payment,-41.06,6420.85,COMPRA ELECTRO SAN MARCOS,2025-01-27T15:46:00,false
3961,1037,,salary,865.28,4287.65,NOMINA,2025-01-27T18:45:00,false
3962,366,,transfer_out,-525.53,664.66,TRANSFERENCIA EMITIDA,2025-01-27T19:24:00,false
3963,941,,salary,1402.08,1761.57,NOMINA,2025-01-28T09:48:00,false
3964,217,,salary,2031.08,7889.09,NOMINA,2025-01-28T11:17:00,false
3965,419,82,card_payment,-5.92,537.92,COMPRA ELECTRO MODERNO,2025-01-28T12:14:00,false
3966,1005,,salary,650.00,3151.25,NOMINA,2025-01-28T12:57:00,false
3967,872,,transfer_out,-526.50,588.21,TRANSFERENCIA EMITIDA,2025-01-28T13:55:00,false
3968,8,,salary,2140.10,6117.83,NOMINA,2025-01-28T14:03:00,false
3969,154,153,card_payment,-4.63,3979.23,COMPRA PELUQUERÍA SAN MARCOS,2025-01-28T17:24:00,false
3970,771,150,card_payment,-13.49,1799.73,COMPRA PANADERÍA LA PLAZA,2025-01-28T18:13:00,false
3971,154,159,card_payment,-2.20,3977.03,COMPRA ÓPTICA CENTRAL,2025-01-28T18:32:00,false
3972,918,48,card_payment,-6.81,2249.63,COMPRA CAFETERÍA DEL CARMEN,2025-01-28T19:22:00,false
3973,706,,atm_withdrawal,-60.00,1960.85,REINTEGRO CAJERO,2025-01-29T08:46:00,false
3974,924,,atm_withdrawal,-60.00,2204.52,REINTEGRO CAJERO,2025-01-29T12:10:00,false
3975,705,,transfer_in,503.13,2150.07,TRANSFERENCIA RECIBIDA,2025-01-29T16:35:00,false
3976,224,80,card_payment,-18.66,976.35,COMPRA LA TIENDA DE LA PLAZA,2025-01-29T16:56:00,false
3977,445,33,card_payment,-26.54,1785.03,COMPRA LIBRERÍA DEL PUERTO,2025-01-29T18:28:00,true
3978,97,,transfer_in,580.49,1949.56,TRANSFERENCIA RECIBIDA,2025-01-29T18:45:00,false
3979,173,98,card_payment,-76.68,1888.58,COMPRA SUPERMERCADO EL FARO,2025-01-29T20:22:00,false
3980,1064,41,card_payment,-9.76,2901.98,COMPRA SUPERMERCADO EL FARO,2025-01-29T21:21:00,false
3981,560,172,card_payment,-8.70,821.86,COMPRA EL RINCÓN DE MODERNO,2025-01-30T08:12:00,false
3982,1073,64,card_payment,-6.88,2917.40,COMPRA LA TIENDA DE SAN MARCOS,2025-01-30T11:52:00,false
3983,253,,transfer_in,978.96,4301.65,TRANSFERENCIA RECIBIDA,2025-01-30T16:20:00,false
3984,390,169,card_payment,-15.03,4907.35,COMPRA CAFETERÍA SAN MARCOS,2025-01-30T19:29:00,false
3985,712,137,card_payment,-18.03,216.53,COMPRA ÓPTICA CENTRAL,2025-01-30T20:19:00,false
3986,297,165,card_payment,-20.65,3456.89,COMPRA LA TIENDA DE DEL CARMEN,2025-01-30T20:50:00,false
3987,1091,85,card_payment,-3.13,3322.14,COMPRA ELECTRO CENTRAL,2025-01-31T08:51:00,false
3988,831,111,card_payment,-6.54,5192.92,COMPRA EL RINCÓN DE EL FARO,2025-01-31T11:29:00,false
3989,783,99,card_payment,-13.65,1331.48,COMPRA FARMACIA LA PLAZA,2025-01-31T12:11:00,true
3990,307,,transfer_out,-13.04,2031.25,TRANSFERENCIA EMITIDA,2025-01-31T13:32:00,false
3991,901,27,card_payment,-49.71,2578.58,COMPRA LA TIENDA DE SAN MARCOS,2025-01-31T13:43:00,false
3992,400,61,card_payment,-15.80,2792.72,COMPRA PANADERÍA LA PLAZA,2025-01-31T16:52:00,false
3993,947,82,card_payment,-9.86,2549.18,COMPRA ELECTRO MODERNO,2025-01-31T18:52:00,false
3994,957,45,card_payment,-26.32,5852.82,COMPRA LA TIENDA DE DEL SOL,2025-01-31T20:27:00,false
3995,611,112,card_payment,-39.70,375.30,COMPRA CAFETERÍA DEL PUERTO,2025-02-01T09:27:00,false
3996,640,,direct_debit,-47.34,3370.23,RECIBO DOMICILIADO,2025-02-01T09:55:00,false
3997,717,72,card_payment,-48.45,519.77,COMPRA ÓPTICA LA PLAZA,2025-02-01T10:52:00,false
3998,319,84,card_payment,-45.93,332.48,COMPRA CAFETERÍA LOS ARCOS,2025-02-01T12:32:00,true
3999,866,99,card_payment,-22.96,649.84,COMPRA FARMACIA LA PLAZA,2025-02-01T13:05:00,true
4000,861,178,card_payment,-4.79,1443.87,COMPRA MUEBLES DEL PUERTO,2025-02-01T13:14:00,false
4001,155,,direct_debit,-60.96,3541.92,RECIBO DOMICILIADO,2025-02-01T17:01:00,false
4002,645,4,card_payment,-30.71,2142.90,COMPRA LIBRERÍA LOS ARCOS,2025-02-01T17:28:00,false
4003,58,,direct_debit,-58.68,3666.95,RECIBO DOMICILIADO,2025-02-01T20:05:00,false
4004,316,32,card_payment,-10.29,1711.30,COMPRA CASA NUEVO,2025-02-01T20:58:00,true
4005,110,,direct_debit,-23.76,2587.07,RECIBO DOMICILIADO,2025-02-01T21:57:00,false
4006,128,,atm_withdrawal,-40.00,4053.58,REINTEGRO CAJERO,2025-02-02T08:01:00,false
4007,320,,direct_debit,-94.26,2274.18,RECIBO DOMICILIADO,2025-02-02T13:55:00,false
4008,447,,atm_withdrawal,-200.00,652.73,REINTEGRO CAJERO,2025-02-02T13:56:00,false
4009,496,,direct_debit,-52.64,2933.20,RECIBO DOMICILIADO,2025-02-02T14:07:00,false
4010,436,,direct_debit,-41.26,251.37,RECIBO DOMICILIADO,2025-02-02T16:34:00,false
4011,363,57,card_payment,-4.88,5108.96,COMPRA ÓPTICA EL FARO,2025-02-02T16:46:00,false
4012,531,,direct_debit,-12.93,1522.08,RECIBO DOMICILIADO,2025-02-02T17:45:00,false
4013,128,173,card_payment,-16.14,4037.44,COMPRA LIBRERÍA NUEVO,2025-02-02T18:43:00,false
4014,321,,transfer_in,587.59,2417.70,TRANSFERENCIA RECIBIDA,2025-02-02T19:10:00,false
4015,563,,direct_debit,-58.63,2.77,RECIBO DOMICILIADO,2025-02-02T19:28:00,false
4016,937,136,card_payment,-69.83,2784.59,COMPRA MUEBLES LA ESTRELLA,2025-02-02T19:28:00,false
4017,449,95,card_payment,-19.23,2581.59,COMPRA EL RINCÓN DE SAN MARCOS,2025-02-02T19:33:00,false
4018,854,,direct_debit,-14.18,4868.81,RECIBO DOMICILIADO,2025-02-02T20:34:00,false
4019,46,170,card_payment,-113.68,844.96,COMPRA BAR MODERNO,2025-02-02T21:32:00,false
4020,599,60,card_payment,-16.31,5634.54,COMPRA FARMACIA EL FARO,2025-02-03T08:11:00,false
4021,312,,transfer_out,-426.71,3559.72,TRANSFERENCIA EMITIDA,2025-02-03T09:10:00,false
4022,102,,direct_debit,-34.68,2880.50,RECIBO DOMICILIADO,2025-02-03T09:24:00,false
4023,590,,atm_withdrawal,-40.00,4001.92,REINTEGRO CAJERO,2025-02-03T09:34:00,false
4024,432,,direct_debit,-91.47,5919.54,RECIBO DOMICILIADO,2025-02-03T11:25:00,false
4025,64,,transfer_out,-242.86,1523.02,TRANSFERENCIA EMITIDA,2025-02-03T12:15:00,false
4026,618,,direct_debit,-45.86,5155.92,RECIBO DOMICILIADO,2025-02-03T12:52:00,false
4027,698,115,card_payment,-24.69,2068.20,COMPRA FARMACIA DEL PUERTO,2025-02-03T12:59:00,false
4028,1086,,transfer_in,433.61,5210.53,TRANSFERENCIA RECIBIDA,2025-02-03T13:04:00,false
4029,505,,direct_debit,-45.87,1810.39,RECIBO DOMICILIADO,2025-02-03T13:15:00,false
4030,587,,transfer_in,1141.82,2027.94,TRANSFERENCIA RECIBIDA,2025-02-03T16:29:00,false
4031,948,70,card_payment,-3.98,4559.27,COMPRA EL RINCÓN DE LA ESTRELLA,2025-02-03T19:58:00,false
4032,320,,atm_withdrawal,-150.00,2124.18,REINTEGRO CAJERO,2025-02-03T20:22:00,false
4033,215,,transfer_in,86.88,3059.87,TRANSFERENCIA RECIBIDA,2025-02-03T20:25:00,false
4034,720,,transfer_out,-300.61,317.88,TRANSFERENCIA EMITIDA,2025-02-03T20:30:00,false
4035,475,,direct_debit,-47.80,3395.72,RECIBO DOMICILIADO,2025-02-04T09:18:00,false
4036,145,,transfer_out,-60.66,487.41,TRANSFERENCIA EMITIDA,2025-02-04T09:41:00,false
4037,584,,transfer_in,622.87,3462.72,TRANSFERENCIA RECIBIDA,2025-02-04T13:21:00,false
4038,591,,direct_debit,-16.98,36.07,RECIBO DOMICILIADO,2025-02-04T13:52:00,false
4039,126,,direct_debit,-21.39,1056.86,RECIBO DOMICILIADO,2025-02-04T14:41:00,false
4040,706,122,card_payment,-16.20,1944.65,COMPRA CASA NUEVO,2025-02-04T18:07:00,false
4041,102,,direct_debit,-43.42,2837.08,RECIBO DOMICILIADO,2025-02-04T18:16:00,false
4042,590,129,card_payment,-8.98,3992.94,COMPRA ELECTRO DEL PUERTO,2025-02-04T19:04:00,false
4043,845,105,card_payment,-18.22,5002.94,COMPRA ÓPTICA BUENAVISTA,2025-02-04T19:11:00,false
4044,724,,direct_debit,-30.19,1098.96,RECIBO DOMICILIADO,2025-02-05T09:34:00,false
4045,410,,direct_debit,-44.51,3307.07,RECIBO DOMICILIADO,2025-02-05T11:01:00,false
4046,1005,,direct_debit,-23.25,3128.00,RECIBO DOMICILIADO,2025-02-05T14:38:00,false
4047,1037,18,card_payment,-8.26,4279.39,COMPRA SUPERMERCADO LA PLAZA,2025-02-05T15:14:00,false
4048,255,102,card_payment,-14.49,3556.17,COMPRA LIBRERÍA LOS ARCOS,2025-02-05T17:06:00,true
4049,454,,direct_debit,-17.93,1082.54,RECIBO DOMICILIADO,2025-02-05T17:55:00,false
4050,1034,,direct_debit,-25.22,1622.71,RECIBO DOMICILIADO,2025-02-05T18:05:00,false
4051,474,169,card_payment,-16.93,5909.96,COMPRA CAFETERÍA SAN MARCOS,2025-02-05T18:09:00,false
4052,816,,direct_debit,-32.75,3419.57,RECIBO DOMICILIADO,2025-02-05T20:10:00,false
4053,679,43,card_payment,-68.54,5849.70,COMPRA CAFETERÍA EL FARO,2025-02-05T20:56:00,true
4054,159,,transfer_out,-222.01,2185.43,TRANSFERENCIA EMITIDA,2025-02-06T09:09:00,false
4055,179,111,card_payment,-30.51,1799.93,COMPRA EL RINCÓN DE EL FARO,2025-02-06T11:47:00,false
4056,461,,transfer_in,544.68,3450.64,TRANSFERENCIA RECIBIDA,2025-02-06T11:57:00,false
4057,587,,transfer_in,316.56,2344.50,TRANSFERENCIA RECIBIDA,2025-02-06T15:30:00,false
4058,669,,transfer_in,257.58,1038.86,TRANSFERENCIA RECIBIDA,2025-02-06T16:46:00,false
4059,104,,transfer_out,-222.68,115.83,TRANSFERENCIA EMITIDA,2025-02-06T18:57:00,false
4060,1062,126,card_payment,-4.76,4474.70,COMPRA MUEBLES LA PLAZA,2025-02-06T20:07:00,false
4061,540,2,card_payment,-29.28,862.03,COMPRA CASA CENTRAL,2025-02-06T20:10:00,false
4062,930,,direct_debit,-78.91,1457.16,RECIBO DOMICILIADO,2025-02-06T21:53:00,false
4063,1024,,transfer_out,-436.74,-65.11,TRANSFERENCIA EMITIDA,2025-02-07T08:35:00,false
4064,887,,fee,-4.50,2476.88,COMISION MANTENIMIENTO,2025-02-07T08:46:00,false
4065,56,126,card_payment,-27.55,1839.08,COMPRA MUEBLES LA PLAZA,2025-02-07T13:03:00,false
4066,821,,transfer_in,836.61,5895.05,TRANSFERENCIA RECIBIDA,2025-02-07T13:29:00,false
4067,922,159,card_payment,-19.71,974.54,COMPRA ÓPTICA CENTRAL,2025-02-07T13:33:00,false
4068,614,,direct_debit,-32.43,6059.47,RECIBO DOMICILIADO,2025-02-07T16:02:00,false
4069,220,,direct_debit,-29.04,2225.05,RECIBO DOMICILIADO,2025-02-07T17:12:00,false
4070,13,,direct_debit,-114.54,1596.44,RECIBO DOMICILIADO,2025-02-07T18:24:00,false
4071,157,113,card_payment,-5.95,2006.53,COMPRA FARMACIA LOS ARCOS,2025-02-07T19:01:00,false
4072,719,34,card_payment,-8.75,3899.55,COMPRA CAFETERÍA DEL SOL,2025-02-07T19:10:00,false
4073,261,,transfer_out,-181.69,3510.94,TRANSFERENCIA EMITIDA,2025-02-07T19:13:00,false
4074,629,164,card_payment,-16.04,3200.59,COMPRA LIBRERÍA REAL,2025-02-07T20:47:00,false
4075,533,,fee,-4.50,2268.75,COMISION MANTENIMIENTO,2025-02-07T21:47:00,false
4076,918,,atm_withdrawal,-40.00,2209.63,REINTEGRO CAJERO,2025-02-08T13:23:00,false
4077,1039,103,card_payment,-16.53,5351.86,COMPRA MUEBLES EL FARO,2025-02-08T16:42:00,false
4078,627,,transfer_out,-436.11,582.19,TRANSFERENCIA EMITIDA,2025-02-08T20:07:00,false
4079,428,,transfer_out,-255.05,577.35,TRANSFERENCIA EMITIDA,2025-02-08T21:31:00,false
4080,955,19,card_payment,-8.41,3017.87,COMPRA TALLER LOS ARCOS,2025-02-09T10:18:00,true
4081,1029,26,card_payment,-12.55,1694.32,COMPRA LA TIENDA DE GRAN VÍA,2025-02-09T13:19:00,false
4082,357,,transfer_out,-465.77,661.76,TRANSFERENCIA EMITIDA,2025-02-09T14:17:00,false
4083,600,53,card_payment,-251.64,3034.61,COMPRA LIBRERÍA DEL CARMEN,2025-02-09T14:38:00,true
4084,618,,transfer_in,580.55,5736.47,TRANSFERENCIA RECIBIDA,2025-02-09T16:43:00,false
4085,887,,atm_withdrawal,-50.00,2426.88,REINTEGRO CAJERO,2025-02-09T20:33:00,false
4086,14,,fee,-3.00,928.35,COMISION MANTENIMIENTO,2025-02-10T11:24:00,false
4087,71,1,card_payment,-91.77,3728.66,COMPRA ELECTRO BUENAVISTA,2025-02-10T12:30:00,true
4088,966,81,card_payment,-16.32,2186.85,COMPRA CASA LOS ARCOS,2025-02-10T13:40:00,true
4089,163,174,card_payment,-42.27,1652.75,COMPRA EL RINCÓN DE BUENAVISTA,2025-02-10T18:59:00,true
4090,30,18,card_payment,-8.56,3475.84,COMPRA SUPERMERCADO LA PLAZA,2025-02-10T19:08:00,false
4091,1001,79,card_payment,-20.66,1379.68,COMPRA CASA CENTRAL,2025-02-11T11:06:00,false
4092,180,148,card_payment,-27.25,2805.55,COMPRA PELUQUERÍA LA PLAZA,2025-02-11T11:19:00,false
4093,667,114,card_payment,-41.46,1988.82,COMPRA FARMACIA BUENAVISTA,2025-02-11T12:14:00,false
4094,926,,transfer_in,617.05,5170.02,TRANSFERENCIA RECIBIDA,2025-02-11T12:19:00,false
4095,572,141,card_payment,-31.20,5669.71,COMPRA LA TIENDA DE SAN MARCOS,2025-02-11T12:54:00,false
4096,307,,interest,5.37,2036.62,ABONO INTERESES,2025-02-11T13:55:00,false
4097,534,,transfer_out,-663.97,2937.80,TRANSFERENCIA EMITIDA,2025-02-11T14:23:00,false
4098,952,,transfer_in,445.16,1313.91,TRANSFERENCIA RECIBIDA,2025-02-11T15:31:00,false
4099,424,129,card_payment,-2.97,1144.93,COMPRA ELECTRO DEL PUERTO,2025-02-11T16:26:00,false
4100,320,43,card_payment,-69.91,2054.27,COMPRA CAFETERÍA EL FARO,2025-02-11T16:47:00,true
4101,310,,interest,1.34,4889.96,ABONO INTERESES,2025-02-11T18:19:00,false
4102,260,,fee,-4.50,4861.39,COMISION MANTENIMIENTO,2025-02-12T11:21:00,false
4103,18,94,card_payment,-5.71,2196.41,COMPRA BAR CENTRAL,2025-02-12T17:15:00,false
4104,836,85,card_payment,-32.94,3451.27,COMPRA ELECTRO CENTRAL,2025-02-12T17:22:00,false
4105,551,,transfer_in,308.07,1927.17,TRANSFERENCIA RECIBIDA,2025-02-12T17:53:00,false
4106,335,,transfer_out,-470.30,-515.48,TRANSFERENCIA EMITIDA,2025-02-12T18:09:00,false
4107,99,,atm_withdrawal,-40.00,3141.80,REINTEGRO CAJERO,2025-02-12T18:44:00,false
4108,1029,63,card_payment,-8.13,1686.19,COMPRA FARMACIA LOS ARCOS,2025-02-13T10:25:00,false
4109,706,177,card_payment,-7.54,1937.11,COMPRA BAR MODERNO,2025-02-13T10:29:00,true
4110,181,,transfer_in,359.11,2561.71,TRANSFERENCIA RECIBIDA,2025-02-13T10:53:00,false
4111,597,171,card_payment,-21.63,2925.25,COMPRA FARMACIA LA ESTRELLA,2025-02-13T16:03:00,false
4112,1019,4,card_payment,-22.88,1543.70,COMPRA LIBRERÍA LOS ARCOS,2025-02-13T17:32:00,false
4113,422,62,card_payment,-9.64,1149.28,COMPRA PELUQUERÍA DEL PUERTO,2025-02-13T17:40:00,false
4114,1039,152,card_payment,-25.97,5325.89,COMPRA LIBRERÍA DEL CARMEN,2025-02-13T20:00:00,false
4115,492,119,card_payment,-17.42,2125.91,COMPRA TALLER NUEVO,2025-02-13T20:23:00,false
4116,922,25,card_payment,-41.30,933.24,COMPRA SUPERMERCADO LOS ARCOS,2025-02-14T08:15:00,false
4117,472,,transfer_in,210.34,2112.35,TRANSFERENCIA RECIBIDA,2025-02-14T09:02:00,false
4118,586,73,card_payment,-4.81,1000.13,COMPRA MUEBLES MODERNO,2025-02-14T09:47:00,false
4119,390,,transfer_out,-1031.82,3875.53,TRANSFERENCIA EMITIDA,2025-02-14T11:59:00,false
4120,516,16,card_payment,-91.70,3143.04,COMPRA LA TIENDA DE LOS ARCOS,2025-02-14T14:52:00,false
4121,602,46,card_payment,-40.08,2050.90,COMPRA EL RINCÓN DE LA ESTRELLA,2025-02-14T19:28:00,false
4122,571,52,card_payment,-8.81,3297.05,COMPRA RESTAURANTE NUEVO,2025-02-14T20:42:00,false
4123,591,,atm_withdrawal,-20.00,16.07,REINTEGRO CAJERO,2025-02-14T21:40:00,false
4124,243,,transfer_out,-662.65,2449.18,TRANSFERENCIA EMITIDA,2025-02-15T08:11:00,false
4125,316,83,card_payment,-47.73,1663.57,COMPRA PELUQUERÍA LOS ARCOS,2025-02-15T11:05:00,false
4126,922,119,card_payment,-4.59,928.65,COMPRA TALLER NUEVO,2025-02-15T12:00:00,false
4127,551,,atm_withdrawal,-50.00,1877.17,REINTEGRO CAJERO,2025-02-15T12:05:00,false
4128,660,52,card_payment,-21.88,433.84,COMPRA RESTAURANTE NUEVO,2025-02-15T12:23:00,false
4129,71,,transfer_in,653.71,4382.37,TRANSFERENCIA RECIBIDA,2025-02-15T13:18:00,false
4130,1058,47,card_payment,-25.80,1415.21,COMPRA BAR NUEVO,2025-02-15T13:29:00,false
4131,810,,transfer_in,318.23,4443.58,TRANSFERENCIA RECIBIDA,2025-02-15T13:57:00,false
4132,783,,transfer_in,431.15,1762.63,TRANSFERENCIA RECIBIDA,2025-02-15T16:18:00,false
4133,1088,102,card_payment,-10.10,3512.69,COMPRA LIBRERÍA LOS ARCOS,2025-02-15T16:18:00,true
4134,861,62,card_payment,-12.44,1431.43,COMPRA PELUQUERÍA DEL PUERTO,2025-02-15T16:51:00,false
4135,23,,transfer_out,-484.16,726.86,TRANSFERENCIA EMITIDA,2025-02-15T17:31:00,false
4136,634,67,card_payment,-72.49,1374.61,COMPRA PELUQUERÍA BUENAVISTA,2025-02-15T19:49:00,false
4137,125,145,card_payment,-1.64,2156.41,COMPRA LIBRERÍA DEL SOL,2025-02-15T20:36:00,false
4138,607,,transfer_in,584.65,2525.76,TRANSFERENCIA RECIBIDA,2025-02-15T21:23:00,false
4139,991,140,card_payment,-14.14,5580.44,COMPRA CASA DEL PUERTO,2025-02-15T21:41:00,false
4140,570,,atm_withdrawal,-20.00,2599.73,REINTEGRO CAJERO,2025-02-15T21:42:00,false
4141,615,4,card_payment,-19.40,6401.45,COMPRA LIBRERÍA LOS ARCOS,2025-02-16T11:22:00,false
4142,20,,transfer_out,-169.17,2519.60,TRANSFERENCIA EMITIDA,2025-02-16T17:41:00,false
4143,146,,atm_withdrawal,-20.00,1626.78,REINTEGRO CAJERO,2025-02-16T20:45:00,false
4144,718,77,card_payment,-9.03,5277.38,COMPRA BAR LA ESTRELLA,2025-02-16T21:48:00,false
4145,492,55,card_payment,-47.85,2078.06,COMPRA CAFETERÍA REAL,2025-02-17T08:22:00,false
4146,623,,transfer_in,478.44,1304.54,TRANSFERENCIA RECIBIDA,2025-02-17T09:03:00,false
4147,985,51,card_payment,-10.04,2412.27,COMPRA MUEBLES LOS ARCOS,2025-02-17T09:05:00,false
4148,808,3,card_payment,-3.67,3124.93,COMPRA SUPERMERCADO DEL SOL,2025-02-17T09:49:00,true
4149,551,176,card_payment,-39.82,1837.35,COMPRA RESTAURANTE NUEVO,2025-02-17T10:23:00,false
4150,679,,transfer_in,286.26,6135.96,TRANSFERENCIA RECIBIDA,2025-02-17T15:20:00,false
4151,742,167,card_payment,-8.86,5915.18,COMPRA BAR NUEVO,2025-02-17T20:01:00,false
4152,97,20,card_payment,-52.89,1896.67,COMPRA LA TIENDA DE BUENAVISTA,2025-02-18T10:42:00,false
4153,649,,transfer_in,95.28,2465.98,TRANSFERENCIA RECIBIDA,2025-02-18T12:35:00,false
4154,319,65,card_payment,-14.81,317.67,COMPRA LIBRERÍA EL FARO,2025-02-18T13:10:00,false
4155,1083,55,card_payment,-20.60,3786.59,COMPRA CAFETERÍA REAL,2025-02-18T15:31:00,false
4156,344,174,card_payment,-17.26,3978.71,COMPRA EL RINCÓN DE BUENAVISTA,2025-02-18T16:58:00,true
4157,74,22,card_payment,-10.78,2868.36,COMPRA PELUQUERÍA DEL CARMEN,2025-02-18T19:49:00,false
4158,834,118,card_payment,-11.32,2154.18,COMPRA TALLER EL FARO,2025-02-18T20:28:00,false
4159,378,21,card_payment,-4.59,1428.92,COMPRA RESTAURANTE MODERNO,2025-02-19T11:49:00,false
4160,131,,atm_withdrawal,-100.00,862.24,REINTEGRO CAJERO,2025-02-19T12:13:00,false
4161,590,,transfer_in,431.95,4424.89,TRANSFERENCIA RECIBIDA,2025-02-19T13:02:00,false
4162,993,59,card_payment,-38.04,4467.32,COMPRA LA TIENDA DE LA ESTRELLA,2025-02-19T13:28:00,false
4163,928,,transfer_in,80.67,3698.93,TRANSFERENCIA RECIBIDA,2025-02-19T14:16:00,false
4164,134,,atm_withdrawal,-40.00,17.36,REINTEGRO CAJERO,2025-02-19T14:27:00,false
4165,783,53,card_payment,-8.98,1753.65,COMPRA LIBRERÍA DEL CARMEN,2025-02-19T16:25:00,true
4166,828,,transfer_out,-614.98,332.61,TRANSFERENCIA EMITIDA,2025-02-19T16:37:00,false
4167,575,156,card_payment,-16.77,750.70,COMPRA FARMACIA DEL CARMEN,2025-02-19T17:04:00,true
4168,930,59,card_payment,-7.45,1449.71,COMPRA LA TIENDA DE LA ESTRELLA,2025-02-19T17:24:00,false
4169,307,,interest,2.27,2038.89,ABONO INTERESES,2025-02-19T17:28:00,false
4170,321,153,card_payment,-60.41,2357.29,COMPRA PELUQUERÍA SAN MARCOS,2025-02-19T18:43:00,false
4171,411,,transfer_in,640.29,2741.78,TRANSFERENCIA RECIBIDA,2025-02-19T19:40:00,false
4172,730,20,card_payment,-33.57,1904.34,COMPRA LA TIENDA DE BUENAVISTA,2025-02-20T10:35:00,false
4173,465,,atm_withdrawal,-100.00,-236.97,REINTEGRO CAJERO,2025-02-20T11:15:00,false
4174,192,129,card_payment,-24.35,1368.27,COMPRA ELECTRO DEL PUERTO,2025-02-20T12:11:00,false
4175,974,,atm_withdrawal,-200.00,319.83,REINTEGRO CAJERO,2025-02-20T17:45:00,false
4176,539,143,card_payment,-36.40,250.50,COMPRA PELUQUERÍA LOS ARCOS,2025-02-20T18:58:00,true
4177,110,162,card_payment,-58.92,2528.15,COMPRA LIBRERÍA LA ESQUINA,2025-02-20T20:54:00,true
4178,842,91,card_payment,-4.67,571.02,COMPRA MUEBLES MODERNO,2025-02-21T08:36:00,false
4179,622,154,card_payment,-6.05,8.45,COMPRA ÓPTICA DEL SOL,2025-02-21T11:45:00,false
4180,228,,transfer_out,-389.71,4593.74,TRANSFERENCIA EMITIDA,2025-02-21T13:16:00,false
4181,219,116,card_payment,-14.42,1729.38,COMPRA ELECTRO MODERNO,2025-02-21T14:50:00,false
4182,322,153,card_payment,-9.33,4718.79,COMPRA PELUQUERÍA SAN MARCOS,2025-02-21T15:53:00,false
4183,188,,interest,3.49,671.96,ABONO INTERESES,2025-02-21T16:40:00,false
4184,521,159,card_payment,-46.55,3160.39,COMPRA ÓPTICA CENTRAL,2025-02-21T19:14:00,false
4185,546,,transfer_out,-79.42,3789.75,TRANSFERENCIA EMITIDA,2025-02-21T19:56:00,false
4186,744,154,card_payment,-18.06,3775.68,COMPRA ÓPTICA DEL SOL,2025-02-22T09:09:00,false
4187,254,83,card_payment,-16.43,2552.20,COMPRA PELUQUERÍA LOS ARCOS,2025-02-22T10:24:00,false
4188,816,136,card_payment,-3.84,3415.73,COMPRA MUEBLES LA ESTRELLA,2025-02-22T11:44:00,false
4189,26,,interest,3.64,877.67,ABONO INTERESES,2025-02-22T12:09:00,false
4190,228,,interest,4.94,4598.68,ABONO INTERESES,2025-02-22T13:13:00,false
4191,376,,atm_withdrawal,-150.00,1534.24,REINTEGRO CAJERO,2025-02-22T14:39:00,false
4192,635,,atm_withdrawal,-20.00,2815.15,REINTEGRO CAJERO,2025-02-22T15:47:00,false
4193,220,,fee,-2.50,2222.55,COMISION MANTENIMIENTO,2025-02-22T18:35:00,false
4194,1088,,atm_withdrawal,-100.00,3412.69,REINTEGRO CAJERO,2025-02-22T18:49:00,false
4195,182,75,card_payment,-2.75,2688.76,COMPRA TALLER LA ESQUINA,2025-02-22T19:49:00,false
4196,879,80,card_payment,-10.47,-1.17,COMPRA LA TIENDA DE LA PLAZA,2025-02-23T14:34:00,false
4197,566,70,card_payment,-42.32,2273.56,COMPRA EL RINCÓN DE LA ESTRELLA,2025-02-23T16:28:00,false
4198,346,34,card_payment,-15.39,923.80,COMPRA CAFETERÍA DEL SOL,2025-02-23T16:45:00,false
4199,737,43,card_payment,-20.99,3778.04,COMPRA CAFETERÍA EL FARO,2025-02-23T16:45:00,true
4200,303,63,card_payment,-63.20,1564.87,COMPRA FARMACIA LOS ARCOS,2025-02-23T17:21:00,false
4201,836,164,card_payment,-23.84,3427.43,COMPRA LIBRERÍA REAL,2025-02-24T08:31:00,false
4202,873,128,card_payment,-48.35,1741.04,COMPRA LA TIENDA DE DEL PUERTO,2025-02-24T09:35:00,false
4203,46,81,card_payment,-13.61,831.35,COMPRA CASA LOS ARCOS,2025-02-24T11:10:00,true
4204,999,,transfer_in,668.66,2069.68,TRANSFERENCIA RECIBIDA,2025-02-24T11:59:00,false
4205,559,128,card_payment,-25.78,2577.44,COMPRA LA TIENDA DE DEL PUERTO,2025-02-24T13:59:00,false
4206,295,101,card_payment,-12.98,2280.42,COMPRA ÓPTICA BUENAVISTA,2025-02-24T18:54:00,false
4207,260,167,card_payment,-10.14,4851.25,COMPRA BAR NUEVO,2025-02-24T19:06:00,false
4208,163,91,card_payment,-69.09,1583.66,COMPRA MUEBLES MODERNO,2025-02-25T08:12:00,false
4209,902,40,card_payment,-2.17,925.88,COMPRA EL RINCÓN DE REAL,2025-02-25T08:50:00,true
4210,463,,salary,915.40,6488.33,NOMINA,2025-02-25T10:21:00,false
4211,779,,atm_withdrawal,-40.00,818.91,REINTEGRO CAJERO,2025-02-25T11:05:00,false
4212,883,,fee,-4.50,576.75,COMISION MANTENIMIENTO,2025-02-25T11:35:00,false
4213,202,103,card_payment,-17.77,2235.49,COMPRA MUEBLES EL FARO,2025-02-25T12:30:00,false
4214,208,50,card_payment,-32.24,1920.40,COMPRA ÓPTICA DEL SOL,2025-02-25T12:56:00,false
4215,238,79,card_payment,-13.66,1991.56,COMPRA CASA CENTRAL,2025-02-25T12:59:00,false
4216,969,131,card_payment,-179.85,4339.24,COMPRA PANADERÍA MODERNO,2025-02-25T13:01:00,false
4217,319,,transfer_in,394.98,712.65,TRANSFERENCIA RECIBIDA,2025-02-25T13:09:00,false
4218,1035,,transfer_out,-262.75,4564.39,TRANSFERENCIA EMITIDA,2025-02-25T13:18:00,false
4219,987,83,card_payment,-7.77,2189.49,COMPRA PELUQUERÍA LOS ARCOS,2025-02-25T15:38:00,false
4220,61,42,card_payment,-5.08,1337.05,COMPRA EL RINCÓN DE LOS ARCOS,2025-02-25T17:38:00,false
4221,1064,73,card_payment,-2.72,2899.26,COMPRA MUEBLES MODERNO,2025-02-25T18:38:00,false
4222,316,,salary,1436.45,3100.02,NOMINA,2025-02-25T19:14:00,false
4223,801,115,card_payment,-19.87,85.13,COMPRA FARMACIA DEL PUERTO,2025-02-25T20:31:00,false
4224,268,,salary,1135.83,2394.61,NOMINA,2025-02-25T21:06:00,false
4225,632,,atm_withdrawal,-20.00,3050.74,REINTEGRO CAJERO,2025-02-26T08:25:00,false
4226,320,,transfer_out,-102.65,1951.62,TRANSFERENCIA EMITIDA,2025-02-26T10:08:00,false
4227,587,,salary,1761.50,4106.00,NOMINA,2025-02-26T10:47:00,false
4228,507,,transfer_out,-127.91,3850.19,TRANSFERENCIA EMITIDA,2025-02-26T11:39:00,false
4229,954,,transfer_in,323.80,4207.22,TRANSFERENCIA RECIBIDA,2025-02-26T11:46:00,false
4230,316,,salary,2469.50,5569.52,NOMINA,2025-02-26T11:53:00,false
4231,754,,salary,2630.43,6722.90,NOMINA,2025-02-26T13:10:00,false
4232,559,,transfer_in,690.94,3268.38,TRANSFERENCIA RECIBIDA,2025-02-26T13:44:00,false
4233,965,,salary,2707.63,6889.73,NOMINA,2025-02-26T18:00:00,false
4234,845,,salary,2056.46,7059.40,NOMINA,2025-02-26T18:13:00,false
4235,333,165,card_payment,-31.64,5330.24,COMPRA LA TIENDA DE DEL CARMEN,2025-02-26T20:26:00,false
4236,439,29,card_payment,-15.92,2631.95,COMPRA CASA NUEVO,2025-02-26T21:36:00,false
4237,649,163,card_payment,-19.22,2446.76,COMPRA ELECTRO SAN MARCOS,2025-02-27T10:26:00,false
4238,1084,115,card_payment,-7.67,2127.63,COMPRA FARMACIA DEL PUERTO,2025-02-27T11:43:00,false
4239,696,35,card_payment,-10.62,7149.37,COMPRA CAFETERÍA REAL,2025-02-27T11:49:00,false
4240,706,179,card_payment,-12.04,1925.07,COMPRA CAFETERÍA REAL,2025-02-27T11:49:00,true
4241,731,,atm_withdrawal,-60.00,361.94,REINTEGRO CAJERO,2025-02-27T13:06:00,false
4242,439,155,card_payment,-95.58,2536.37,COMPRA LIBRERÍA LOS ARCOS,2025-02-27T14:01:00,false
4243,977,,transfer_in,351.89,1104.53,TRANSFERENCIA RECIBIDA,2025-02-27T15:24:00,false
4244,648,123,card_payment,-91.40,225.87,COMPRA LIBRERÍA LOS ARCOS,2025-02-27T16:14:00,false
4245,808,88,card_payment,-5.13,3119.80,COMPRA TALLER SAN MARCOS,2025-02-27T16:52:00,false
4246,220,29,card_payment,-2.74,2219.81,COMPRA CASA NUEVO,2025-02-27T18:34:00,false
4247,571,143,card_payment,-98.11,3198.94,COMPRA PELUQUERÍA LOS ARCOS,2025-02-27T18:37:00,true
4248,457,130,card_payment,-27.86,2353.13,COMPRA PELUQUERÍA EL FARO,2025-02-27T18:41:00,true
4249,27,75,card_payment,-16.85,809.61,COMPRA TALLER LA ESQUINA,2025-02-27T19:09:00,false
4250,382,,fee,-3.00,3691.08,COMISION MANTENIMIENTO,2025-02-28T11:11:00,false
4251,984,,salary,2398.46,3713.90,NOMINA,2025-02-28T11:15:00,false
4252,766,38,card_payment,-9.53,1031.32,COMPRA ÓPTICA DEL PUERTO,2025-02-28T11:28:00,false
4253,123,,salary,2435.85,8822.41,NOMINA,2025-02-28T13:10:00,false
4254,942,110,card_payment,-22.08,2502.31,COMPRA PANADERÍA EL FARO,2025-02-28T16:24:00,false
4255,899,,transfer_out,-641.65,2904.12,TRANSFERENCIA EMITIDA,2025-02-28T17:05:00,false
4256,811,,atm_withdrawal,-50.00,266.45,REINTEGRO CAJERO,2025-02-28T17:33:00,false
4257,856,127,card_payment,-10.95,2434.20,COMPRA ÓPTICA SAN MARCOS,2025-02-28T17:40:00,false
4258,676,,salary,2008.68,5922.77,NOMINA,2025-02-28T17:48:00,false
4259,496,,transfer_in,755.25,3688.45,TRANSFERENCIA RECIBIDA,2025-02-28T18:05:00,false
4260,147,,atm_withdrawal,-150.00,2513.84,REINTEGRO CAJERO,2025-02-28T18:23:00,false
4261,975,,salary,1733.76,5236.05,NOMINA,2025-02-28T18:43:00,false
4262,92,32,card_payment,-2.92,1428.98,COMPRA CASA NUEVO,2025-02-28T20:19:00,true
4263,817,,salary,1155.46,5979.71,NOMINA,2025-02-28T20:33:00,false
4264,868,23,card_payment,-32.07,1416.89,COMPRA CAFETERÍA GRAN VÍA,2025-02-28T21:45:00,false
4265,1083,23,card_payment,-10.55,3776.04,COMPRA CAFETERÍA GRAN VÍA,2025-02-28T21:51:00,false
4266,110,140,card_payment,-8.59,2519.56,COMPRA CASA DEL PUERTO,2025-03-01T08:00:00,false
4267,562,,direct_debit,-9.34,2673.78,RECIBO DOMICILIADO,2025-03-01T08:42:00,false
4268,1042,26,card_payment,-14.08,2472.77,COMPRA LA TIENDA DE GRAN VÍA,2025-03-01T08:42:00,false
4269,23,,direct_debit,-23.07,703.79,RECIBO DOMICILIADO,2025-03-01T09:31:00,false
4270,180,,direct_debit,-46.15,2759.40,RECIBO DOMICILIADO,2025-03-01T11:39:00,false
4271,993,,transfer_in,566.11,5033.43,TRANSFERENCIA RECIBIDA,2025-03-01T11:51:00,false
4272,996,,direct_debit,-30.24,4103.32,RECIBO DOMICILIADO,2025-03-01T12:03:00,false
4273,1009,,direct_debit,-36.93,301.91,RECIBO DOMICILIADO,2025-03-01T12:06:00,false
4274,610,,interest,3.38,1415.98,ABONO INTERESES,2025-03-01T12:18:00,false
4275,358,116,card_payment,-8.54,2684.19,COMPRA ELECTRO MODERNO,2025-03-01T13:24:00,false
4276,878,48,card_payment,-11.64,989.54,COMPRA CAFETERÍA DEL CARMEN,2025-03-01T14:29:00,false
4277,180,,direct_debit,-16.64,2742.76,RECIBO DOMICILIADO,2025-03-01T15:33:00,false
4278,974,,direct_debit,-15.57,304.26,RECIBO DOMICILIADO,2025-03-01T17:18:00,false
4279,445,,atm_withdrawal,-20.00,1765.03,REINTEGRO CAJERO,2025-03-01T17:30:00,false
4280,863,87,card_payment,-9.13,3781.59,COMPRA LA TIENDA DE LA ESQUINA,2025-03-01T18:28:00,false
4281,250,23,card_payment,-103.69,1910.42,COMPRA CAFETERÍA GRAN VÍA,2025-03-02T08:01:00,false
4282,948,,atm_withdrawal,-100.00,4459.27,REINTEGRO CAJERO,2025-03-02T09:13:00,false
4283,123,,direct_debit,-53.98,8768.43,RECIBO DOMICILIADO,2025-03-02T11:05:00,false
4284,521,98,card_payment,-10.65,3149.74,COMPRA SUPERMERCADO EL FARO,2025-03-02T12:36:00,false
4285,507,,fee,-4.50,3845.69,COMISION MANTENIMIENTO,2025-03-02T12:49:00,false
4286,594,,transfer_out,-787.79,3575.30,TRANSFERENCIA EMITIDA,2025-03-02T13:37:00,false
4287,882,3,card_payment,-6.41,1237.85,COMPRA SUPERMERCADO DEL SOL,2025-03-02T18:27:00,true
4288,477,,direct_debit,-64.16,251.89,RECIBO DOMICILIADO,2025-03-02T20:23:00,false
4289,928,159,card_payment,-39.33,3659.60,COMPRA ÓPTICA CENTRAL,2025-03-03T09:03:00,false
4290,312,,direct_debit,-14.88,3544.84,RECIBO DOMICILIADO,2025-03-03T09:26:00,false
4291,472,,direct_debit,-13.94,2098.41,RECIBO DOMICILIADO,2025-03-03T09:42:00,false
4292,949,,transfer_out,-1036.32,2018.17,TRANSFERENCIA EMITIDA,2025-03-03T10:09:00,false
4293,820,88,card_payment,-59.73,671.63,COMPRA TALLER SAN MARCOS,2025-03-03T10:26:00,false
4294,182,167,card_payment,-5.42,2683.34,COMPRA BAR NUEVO,2025-03-03T11:57:00,false
4295,299,,direct_debit,-9.07,1199.96,RECIBO DOMICILIADO,2025-03-03T12:41:00,false
4296,844,,direct_debit,-26.01,2753.41,RECIBO DOMICILIADO,2025-03-03T12:44:00,false
4297,179,,transfer_out,-154.97,1644.96,TRANSFERENCIA EMITIDA,2025-03-03T12:51:00,false
4298,147,,direct_debit,-21.91,2491.93,RECIBO DOMICILIADO,2025-03-03T12:56:00,false
4299,941,83,card_payment,-5.51,1756.06,COMPRA PELUQUERÍA LOS ARCOS,2025-03-03T13:37:00,false
4300,670,,direct_debit,-32.97,3037.67,RECIBO DOMICILIADO,2025-03-03T14:06:00,false
4301,888,,direct_debit,-10.96,3697.34,RECIBO DOMICILIADO,2025-03-03T14:32:00,false
4302,867,,direct_debit,-22.48,821.02,RECIBO DOMICILIADO,2025-03-03T14:54:00,false
4303,281,,direct_debit,-23.57,4748.76,RECIBO DOMICILIADO,2025-03-03T15:43:00,false
4304,887,121,card_payment,-21.92,2404.96,COMPRA MUEBLES LA ESTRELLA,2025-03-03T15:55:00,false
4305,455,,transfer_in,656.10,1784.24,TRANSFERENCIA RECIBIDA,2025-03-03T16:20:00,false
4306,321,168,card_payment,-16.30,2340.99,COMPRA FARMACIA REAL,2025-03-03T18:09:00,false
4307,958,,direct_debit,-11.35,3031.95,RECIBO DOMICILIADO,2025-03-03T20:10:00,false
4308,790,,transfer_in,149.89,1086.62,TRANSFERENCIA RECIBIDA,2025-03-03T20:14:00,false
4309,1074,,direct_debit,-38.13,1520.12,RECIBO DOMICILIADO,2025-03-03T21:54:00,false
4310,307,,transfer_out,-267.38,1771.51,TRANSFERENCIA EMITIDA,2025-03-04T10:34:00,false
4311,1048,42,card_payment,-131.66,1577.23,COMPRA EL RINCÓN DE LOS ARCOS,2025-03-04T11:21:00,false
4312,128,,atm_withdrawal,-60.00,3977.44,REINTEGRO CAJERO,2025-03-04T13:18:00,false
4313,521,32,card_payment,-3.17,3146.57,COMPRA CASA NUEVO,2025-03-04T13:24:00,true
4314,346,101,card_payment,-29.21,894.59,COMPRA ÓPTICA BUENAVISTA,2025-03-04T13:52:00,false
4315,87,53,card_payment,-40.92,191.51,COMPRA LIBRERÍA DEL CARMEN,2025-03-04T14:15:00,true
4316,668,130,card_payment,-79.17,3.47,COMPRA PELUQUERÍA EL FARO,2025-03-04T14:32:00,true
4317,578,,transfer_out,-63.94,692.23,TRANSFERENCIA EMITIDA,2025-03-04T16:17:00,false
4318,62,118,card_payment,-4.18,1053.77,COMPRA TALLER EL FARO,2025-03-04T17:03:00,false
4319,254,,direct_debit,-20.84,2531.36,RECIBO DOMICILIADO,2025-03-04T18:37:00,false
4320,924,,transfer_in,167.16,2371.68,TRANSFERENCIA RECIBIDA,2025-03-04T19:07:00,false
4321,1068,,direct_debit,-48.62,1362.03,RECIBO DOMICILIADO,2025-03-04T19:48:00,false
4322,712,80,card_payment,-119.16,97.37,COMPRA LA TIENDA DE LA PLAZA,2025-03-05T08:40:00,false
4323,627,,direct_debit,-28.79,553.40,RECIBO DOMICILIADO,2025-03-05T09:19:00,false
4324,308,168,card_payment,-26.27,2321.52,COMPRA FARMACIA REAL,2025-03-05T09:37:00,false
4325,947,,transfer_out,-85.28,2463.90,TRANSFERENCIA EMITIDA,2025-03-05T09:46:00,false
4326,628,130,card_payment,-19.75,493.27,COMPRA PELUQUERÍA EL FARO,2025-03-05T10:18:00,true
4327,366,,direct_debit,-13.77,650.89,RECIBO DOMICILIADO,2025-03-05T11:06:00,false
4328,961,,direct_debit,-36.17,1587.14,RECIBO DOMICILIADO,2025-03-05T11:39:00,false
4329,941,110,card_payment,-37.13,1718.93,COMPRA PANADERÍA EL FARO,2025-03-05T13:42:00,false
4330,635,,transfer_in,434.53,3249.68,TRANSFERENCIA RECIBIDA,2025-03-05T14:20:00,false
4331,691,,direct_debit,-33.55,123.20,RECIBO DOMICILIADO,2025-03-05T14:29:00,false
4332,954,,transfer_out,-656.02,3551.20,TRANSFERENCIA EMITIDA,2025-03-05T14:34:00,false
4333,219,,atm_withdrawal,-100.00,1629.38,REINTEGRO CAJERO,2025-03-05T16:37:00,false
4334,853,,direct_debit,-115.32,1262.87,RECIBO DOMICILIADO,2025-03-05T16:50:00,false
4335,193,,direct_debit,-34.25,1354.08,RECIBO DOMICILIADO,2025-03-05T17:38:00,false
4336,105,,direct_debit,-191.01,1962.93,RECIBO DOMICILIADO,2025-03-05T17:39:00,false
4337,1060,,direct_debit,-49.71,3817.27,RECIBO DOMICILIADO,2025-03-05T17:49:00,false
4338,126,,direct_debit,-40.55,1016.31,RECIBO DOMICILIADO,2025-03-05T18:45:00,false
4339,1023,,transfer_out,-285.16,2509.94,TRANSFERENCIA EMITIDA,2025-03-05T18:45:00,false
4340,615,,direct_debit,-29.68,6371.77,RECIBO DOMICILIADO,2025-03-05T20:34:00,false
4341,662,,direct_debit,-38.05,821.72,RECIBO DOMICILIADO,2025-03-06T08:59:00,false
4342,875,,transfer_in,640.00,4364.31,TRANSFERENCIA RECIBIDA,2025-03-06T10:06:00,false
4343,882,,transfer_in,538.24,1776.09,TRANSFERENCIA RECIBIDA,2025-03-06T10:45:00,false
4344,270,115,card_payment,-12.83,631.65,COMPRA FARMACIA DEL PUERTO,2025-03-06T10:58:00,false
4345,792,,direct_debit,-60.21,5693.21,RECIBO DOMICILIADO,2025-03-06T12:08:00,false
4346,731,,direct_debit,-129.49,232.45,RECIBO DOMICILIADO,2025-03-06T12:10:00,false
4347,794,44,card_payment,-71.06,2159.72,COMPRA LIBRERÍA SAN MARCOS,2025-03-06T12:33:00,false
4348,984,,direct_debit,-37.50,3676.40,RECIBO DOMICILIADO,2025-03-06T12:35:00,false
4349,551,,transfer_out,-353.27,1484.08,TRANSFERENCIA EMITIDA,2025-03-06T12:54:00,false
4350,808,,direct_debit,-37.40,3082.40,RECIBO DOMICILIADO,2025-03-06T13:05:00,false
4351,783,,atm_withdrawal,-20.00,1733.65,REINTEGRO CAJERO,2025-03-06T13:18:00,false
4352,147,,direct_debit,-29.65,2462.28,RECIBO DOMICILIADO,2025-03-06T14:28:00,false
4353,345,19,card_payment,-4.66,1151.02,COMPRA TALLER LOS ARCOS,2025-03-06T15:40:00,true
4354,597,,transfer_in,784.58,3709.83,TRANSFERENCIA RECIBIDA,2025-03-06T16:40:00,false
4355,111,,direct_debit,-68.93,5559.87,RECIBO DOMICILIADO,2025-03-06T16:51:00,false
4356,785,,atm_withdrawal,-150.00,824.86,REINTEGRO CAJERO,2025-03-06T17:06:00,false
4357,719,,direct_debit,-37.68,3861.87,RECIBO DOMICILIADO,2025-03-06T17:11:00,false
4358,1058,,direct_debit,-23.18,1392.03,RECIBO DOMICILIADO,2025-03-06T17:26:00,false
4359,234,,direct_debit,-21.62,152.37,RECIBO DOMICILIADO,2025-03-06T19:12:00,false
4360,465,7,card_payment,-34.39,-271.36,COMPRA PELUQUERÍA LOS ARCOS,2025-03-06T19:12:00,false
4361,629,,direct_debit,-44.62,3155.97,RECIBO DOMICILIADO,2025-03-06T19:14:00,false
4362,845,,direct_debit,-88.19,6971.21,RECIBO DOMICILIADO,2025-03-06T21:30:00,false
4363,952,139,card_payment,-3.23,1310.68,COMPRA RESTAURANTE DEL CARMEN,2025-03-07T10:59:00,true
4364,604,13,card_payment,-12.08,2715.07,COMPRA RESTAURANTE SAN MARCOS,2025-03-07T14:12:00,false
4365,264,,direct_debit,-105.09,4052.84,RECIBO DOMICILIADO,2025-03-07T14:33:00,false
4366,1058,74,card_payment,-29.28,1362.75,COMPRA ELECTRO LOS ARCOS,2025-03-07T14:33:00,false
4367,62,,direct_debit,-34.65,1019.12,RECIBO DOMICILIADO,2025-03-07T14:40:00,false
4368,122,,interest,3.69,3608.71,ABONO INTERESES,2025-03-07T14:43:00,false
4369,533,,direct_debit,-81.96,2186.79,RECIBO DOMICILIADO,2025-03-07T15:00:00,false
4370,861,,direct_debit,-64.03,1367.40,RECIBO DOMICILIADO,2025-03-07T15:29:00,false
4371,943,,direct_debit,-33.65,3735.97,RECIBO DOMICILIADO,2025-03-07T16:04:00,false
4372,866,127,card_payment,-5.64,644.20,COMPRA ÓPTICA SAN MARCOS,2025-03-07T17:27:00,false
4373,818,162,card_payment,-5.46,3281.60,COMPRA LIBRERÍA LA ESQUINA,2025-03-07T18:04:00,true
4374,720,167,card_payment,-5.84,312.04,COMPRA BAR NUEVO,2025-03-07T18:36:00,false
4375,981,,transfer_in,584.70,2830.03,TRANSFERENCIA RECIBIDA,2025-03-07T18:58:00,false
4376,955,,direct_debit,-11.67,3006.20,RECIBO DOMICILIADO,2025-03-07T19:27:00,false
4377,1011,,direct_debit,-29.99,2474.59,RECIBO DOMICILIADO,2025-03-07T19:36:00,false
4378,590,,direct_debit,-43.83,4381.06,RECIBO DOMICILIADO,2025-03-07T19:56:00,false
4379,1014,,direct_debit,-9.31,4635.72,RECIBO DOMICILIADO,2025-03-07T20:37:00,false
4380,618,,direct_debit,-23.15,5713.32,RECIBO DOMICILIADO,2025-03-07T21:57:00,false
4381,750,97,card_payment,-7.91,1991.70,COMPRA ELECTRO LA ESQUINA,2025-03-08T08:26:00,false
4382,442,56,card_payment,-30.24,2256.08,COMPRA BAR REAL,2025-03-08T08:51:00,false
4383,996,105,card_payment,-8.53,4094.79,COMPRA ÓPTICA BUENAVISTA,2025-03-08T13:12:00,false
4384,834,15,card_payment,-46.19,2107.99,COMPRA ELECTRO LOS ARCOS,2025-03-08T15:59:00,false
4385,887,,transfer_in,1387.88,3792.84,TRANSFERENCIA RECIBIDA,2025-03-08T17:41:00,false
4386,330,44,card_payment,-36.17,4967.12,COMPRA LIBRERÍA SAN MARCOS,2025-03-09T11:05:00,false
4387,935,11,card_payment,-158.46,2185.73,COMPRA LA TIENDA DE MODERNO,2025-03-09T11:48:00,false
4388,26,98,card_payment,-14.08,863.59,COMPRA SUPERMERCADO EL FARO,2025-03-09T11:53:00,false
4389,598,180,card_payment,-8.14,119.26,COMPRA CAFETERÍA DEL CARMEN,2025-03-09T12:16:00,false
4390,522,,atm_withdrawal,-60.00,1547.43,REINTEGRO CAJERO,2025-03-09T13:11:00,false
4391,1071,,transfer_in,716.57,4190.56,TRANSFERENCIA RECIBIDA,2025-03-09T13:39:00,false
4392,662,,transfer_out,-244.99,576.73,TRANSFERENCIA EMITIDA,2025-03-09T15:02:00,false
4393,561,156,card_payment,-0.99,301.41,COMPRA FARMACIA DEL CARMEN,2025-03-09T16:23:00,true
4394,411,94,card_payment,-31.63,2710.15,COMPRA BAR CENTRAL,2025-03-09T18:07:00,false
4395,978,,atm_withdrawal,-50.00,1401.98,REINTEGRO CAJERO,2025-03-09T20:54:00,false
4396,521,30,card_payment,-17.60,3128.97,COMPRA LA TIENDA DE BUENAVISTA,2025-03-09T21:52:00,false
4397,397,,transfer_in,579.88,5649.86,TRANSFERENCIA RECIBIDA,2025-03-10T08:49:00,false
4398,123,,transfer_out,-123.68,8644.75,TRANSFERENCIA EMITIDA,2025-03-10T09:52:00,false
4399,883,,transfer_out,-375.15,201.60,TRANSFERENCIA EMITIDA,2025-03-10T10:13:00,false
4400,41,155,card_payment,-11.17,3765.66,COMPRA LIBRERÍA LOS ARCOS,2025-03-10T13:45:00,false
4401,301,,fee,-4.50,2781.64,COMISION MANTENIMIENTO,2025-03-10T14:09:00,false
4402,610,,transfer_in,452.11,1868.09,TRANSFERENCIA RECIBIDA,2025-03-10T15:36:00,false
4403,307,141,card_payment,-18.94,1752.57,COMPRA LA TIENDA DE SAN MARCOS,2025-03-10T19:34:00,false
4404,792,157,card_payment,-1.17,5692.04,COMPRA ELECTRO SAN MARCOS,2025-03-11T10:10:00,false
4405,706,132,card_payment,-147.81,1777.26,COMPRA CAFETERÍA LA ESTRELLA,2025-03-11T10:58:00,false
4406,698,55,card_payment,-12.00,2056.20,COMPRA CAFETERÍA REAL,2025-03-11T12:11:00,false
4407,376,,atm_withdrawal,-50.00,1484.24,REINTEGRO CAJERO,2025-03-11T12:12:00,false
4408,857,,transfer_out,-393.92,2348.03,TRANSFERENCIA EMITIDA,2025-03-11T12:13:00,false
4409,769,3,card_payment,-74.32,2173.86,COMPRA SUPERMERCADO DEL SOL,2025-03-11T12:15:00,true
4410,1027,,transfer_out,-292.21,287.57,TRANSFERENCIA EMITIDA,2025-03-11T13:03:00,false
4411,764,161,card_payment,-22.06,1454.71,COMPRA ELECTRO BUENAVISTA,2025-03-11T14:20:00,false
4412,322,16,card_payment,-18.36,4700.43,COMPRA LA TIENDA DE LOS ARCOS,2025-03-11T16:34:00,false
4413,517,174,card_payment,-3.53,187.35,COMPRA EL RINCÓN DE BUENAVISTA,2025-03-11T20:30:00,true
4414,320,155,card_payment,-15.82,1935.80,COMPRA LIBRERÍA LOS ARCOS,2025-03-12T15:04:00,false
4415,217,,transfer_in,71.77,7960.86,TRANSFERENCIA RECIBIDA,2025-03-12T15:13:00,false
4416,648,38,card_payment,-8.23,217.64,COMPRA ÓPTICA DEL PUERTO,2025-03-12T15:36:00,false
4417,146,75,card_payment,-23.74,1603.04,COMPRA TALLER LA ESQUINA,2025-03-12T17:07:00,false
4418,882,166,card_payment,-8.15,1767.94,COMPRA LA TIENDA DE BUENAVISTA,2025-03-12T18:42:00,true
4419,876,139,card_payment,-7.85,3256.17,COMPRA RESTAURANTE DEL CARMEN,2025-03-12T18:50:00,true
4420,366,,interest,0.72,651.61,ABONO INTERESES,2025-03-12T18:56:00,false
4421,129,54,card_payment,-50.11,4767.97,COMPRA ELECTRO DEL PUERTO,2025-03-12T19:06:00,false
4422,808,,transfer_in,167.69,3250.09,TRANSFERENCIA RECIBIDA,2025-03-12T20:16:00,false
4423,689,,atm_withdrawal,-150.00,1489.80,REINTEGRO CAJERO,2025-03-13T12:37:00,false
4424,164,9,card_payment,-21.44,5566.57,COMPRA PELUQUERÍA DEL PUERTO,2025-03-13T18:09:00,true
4425,355,,atm_withdrawal,-40.00,258.21,REINTEGRO CAJERO,2025-03-13T20:18:00,false
4426,874,,transfer_out,-260.55,8822.70,TRANSFERENCIA EMITIDA,2025-03-14T10:59:00,false
4427,147,48,card_payment,-57.49,2404.79,COMPRA CAFETERÍA DEL CARMEN,2025-03-14T11:02:00,false
4428,991,12,card_payment,-68.83,5511.61,COMPRA MUEBLES LA ESQUINA,2025-03-14T12:52:00,false
4429,1062,97,card_payment,-11.48,4463.22,COMPRA ELECTRO LA ESQUINA,2025-03-14T18:08:00,false
4430,529,,fee,-3.00,2388.04,COMISION MANTENIMIENTO,2025-03-14T20:40:00,false
4431,140,150,card_payment,-25.17,146.80,COMPRA PANADERÍA LA PLAZA,2025-03-15T09:00:00,false
4432,835,45,card_payment,-8.06,2985.63,COMPRA LA TIENDA DE DEL SOL,2025-03-15T10:54:00,false
4433,714,34,card_payment,-8.56,2804.12,COMPRA CAFETERÍA DEL SOL,2025-03-15T11:07:00,false
4434,902,,fee,-2.50,923.38,COMISION MANTENIMIENTO,2025-03-15T12:50:00,false
4435,617,123,card_payment,-11.83,3270.15,COMPRA LIBRERÍA LOS ARCOS,2025-03-15T15:04:00,false
4436,171,125,card_payment,-10.23,552.79,COMPRA ELECTRO SAN MARCOS,2025-03-15T15:23:00,false
4437,587,79,card_payment,-1.50,4104.50,COMPRA CASA CENTRAL,2025-03-15T16:49:00,false
4438,700,79,card_payment,-24.10,828.03,COMPRA CASA CENTRAL,2025-03-15T20:06:00,false
4439,527,32,card_payment,-9.57,-143.26,COMPRA CASA NUEVO,2025-03-15T21:48:00,true
4440,609,,atm_withdrawal,-50.00,3668.92,REINTEGRO CAJERO,2025-03-16T08:20:00,false
4441,163,6,card_payment,-3.09,1580.57,COMPRA EL RINCÓN DE SAN MARCOS,2025-03-16T09:28:00,false
4442,308,88,card_payment,-13.97,2307.55,COMPRA TALLER SAN MARCOS,2025-03-16T10:09:00,false
4443,529,,atm_withdrawal,-20.00,2368.04,REINTEGRO CAJERO,2025-03-16T10:17:00,false
4444,1060,,transfer_in,1082.07,4899.34,TRANSFERENCIA RECIBIDA,2025-03-16T10:49:00,false
4445,58,135,card_payment,-29.74,3637.21,COMPRA SUPERMERCADO GRAN VÍA,2025-03-16T11:16:00,false
4446,504,56,card_payment,-37.66,2315.16,COMPRA BAR REAL,2025-03-16T13:53:00,false
4447,332,174,card_payment,-6.60,1212.01,COMPRA EL RINCÓN DE BUENAVISTA,2025-03-16T13:54:00,true
4448,612,,transfer_out,-206.29,906.31,TRANSFERENCIA EMITIDA,2025-03-16T15:10:00,false
4449,475,8,card_payment,-55.60,3340.12,COMPRA SUPERMERCADO MODERNO,2025-03-16T18:05:00,false
4450,518,9,card_payment,-11.97,1617.88,COMPRA PELUQUERÍA DEL PUERTO,2025-03-16T18:13:00,true
4451,491,,transfer_in,77.60,3070.95,TRANSFERENCIA RECIBIDA,2025-03-16T19:10:00,false
4452,166,178,card_payment,-4.26,3899.53,COMPRA MUEBLES DEL PUERTO,2025-03-16T20:45:00,false
4453,240,,transfer_out,-25.67,3808.87,TRANSFERENCIA EMITIDA,2025-03-17T09:29:00,false
4454,602,,interest,4.53,2055.43,ABONO INTERESES,2025-03-17T11:55:00,false
4455,20,86,card_payment,-13.75,2505.85,COMPRA PANADERÍA EL FARO,2025-03-17T12:19:00,true
4456,161,,transfer_out,-541.99,2515.61,TRANSFERENCIA EMITIDA,2025-03-17T13:15:00,false
4457,948,,interest,1.83,4461.10,ABONO INTERESES,2025-03-17T13:17:00,false
4458,887,95,card_payment,-4.44,3788.40,COMPRA EL RINCÓN DE SAN MARCOS,2025-03-17T13:52:00,false
4459,52,87,card_payment,-3.06,5080.30,COMPRA LA TIENDA DE LA ESQUINA,2025-03-18T11:45:00,false
4460,785,67,card_payment,-22.20,802.66,COMPRA PELUQUERÍA BUENAVISTA,2025-03-18T12:01:00,false
4461,444,152,card_payment,-80.19,3256.46,COMPRA LIBRERÍA DEL CARMEN,2025-03-18T13:10:00,false
4462,938,159,card_payment,-7.72,2694.75,COMPRA ÓPTICA CENTRAL,2025-03-18T13:38:00,false
4463,577,,fee,-4.50,3862.62,COMISION MANTENIMIENTO,2025-03-18T14:14:00,false
4464,993,,transfer_out,-247.06,4786.37,TRANSFERENCIA EMITIDA,2025-03-18T14:27:00,false
4465,814,,transfer_out,-532.29,1067.90,TRANSFERENCIA EMITIDA,2025-03-18T14:59:00,false
4466,598,98,card_payment,-16.39,102.87,COMPRA SUPERMERCADO EL FARO,2025-03-18T17:07:00,false
4467,206,151,card_payment,-13.53,6678.80,COMPRA FARMACIA MODERNO,2025-03-18T17:30:00,false
4468,130,10,card_payment,-3.52,1133.65,COMPRA PANADERÍA LA ESTRELLA,2025-03-18T20:20:00,false
4469,640,,atm_withdrawal,-60.00,3310.23,REINTEGRO CAJERO,2025-03-19T09:33:00,false
4470,444,64,card_payment,-24.85,3231.61,COMPRA LA TIENDA DE SAN MARCOS,2025-03-19T10:38:00,false
4471,26,,atm_withdrawal,-20.00,843.59,REINTEGRO CAJERO,2025-03-19T12:00:00,false
4472,147,,interest,0.64,2405.43,ABONO INTERESES,2025-03-19T12:06:00,false
4473,821,10,card_payment,-20.53,5874.52,COMPRA PANADERÍA LA ESTRELLA,2025-03-19T12:41:00,false
4474,298,,transfer_out,-59.41,3108.73,TRANSFERENCIA EMITIDA,2025-03-19T12:50:00,false
4475,40,11,card_payment,-10.57,2053.95,COMPRA LA TIENDA DE MODERNO,2025-03-19T12:56:00,false
4476,964,101,card_payment,-9.91,2733.87,COMPRA ÓPTICA BUENAVISTA,2025-03-19T14:50:00,false
4477,163,77,card_payment,-64.79,1515.78,COMPRA BAR LA ESTRELLA,2025-03-19T15:13:00,false
4478,510,141,card_payment,-95.09,501.79,COMPRA LA TIENDA DE SAN MARCOS,2025-03-19T17:09:00,false
4479,835,,fee,-2.50,2983.13,COMISION MANTENIMIENTO,2025-03-20T13:16:00,false
4480,507,17,card_payment,-6.23,3839.46,COMPRA CASA REAL,2025-03-20T13:20:00,false
4481,621,,atm_withdrawal,-40.00,3336.06,REINTEGRO CAJERO,2025-03-20T14:45:00,false
4482,956,26,card_payment,-11.36,1155.16,COMPRA LA TIENDA DE GRAN VÍA,2025-03-20T15:58:00,false
4483,635,,transfer_in,611.09,3860.77,TRANSFERENCIA RECIBIDA,2025-03-20T16:43:00,false
4484,631,128,card_payment,-11.85,1965.30,COMPRA LA TIENDA DE DEL PUERTO,2025-03-20T16:56:00,false
4485,429,83,card_payment,-5.26,1619.53,COMPRA PELUQUERÍA LOS ARCOS,2025-03-20T18:10:00,false
4486,363,153,card_payment,-25.11,5083.85,COMPRA PELUQUERÍA SAN MARCOS,2025-03-20T18:33:00,false
4487,994,,atm_withdrawal,-60.00,5059.42,REINTEGRO CAJERO,2025-03-20T19:33:00,false
4488,695,27,card_payment,-20.86,1384.81,COMPRA LA TIENDA DE SAN MARCOS,2025-03-21T09:50:00,false
4489,347,125,card_payment,-18.96,2977.35,COMPRA ELECTRO SAN MARCOS,2025-03-21T09:56:00,false
4490,140,96,card_payment,-5.20,141.60,COMPRA LIBRERÍA BUENAVISTA,2025-03-21T10:14:00,false
4491,318,22,card_payment,-39.14,2979.97,COMPRA PELUQUERÍA DEL CARMEN,2025-03-21T10:46:00,false
4492,931,,transfer_in,366.92,4233.76,TRANSFERENCIA RECIBIDA,2025-03-21T12:37:00,false
4493,222,,transfer_out,-232.78,2859.55,TRANSFERENCIA EMITIDA,2025-03-21T13:16:00,false
4494,582,96,card_payment,-7.59,2988.12,COMPRA LIBRERÍA BUENAVISTA,2025-03-21T15:12:00,false
4495,673,1,card_payment,-42.78,2078.84,COMPRA ELECTRO BUENAVISTA,2025-03-21T17:44:00,true
4496,635,20,card_payment,-5.39,3855.38,COMPRA LA TIENDA DE BUENAVISTA,2025-03-21T17:54:00,false
4497,1082,,fee,-4.50,1688.53,COMISION MANTENIMIENTO,2025-03-21T17:56:00,false
4498,845,,transfer_out,-668.41,6302.80,TRANSFERENCIA EMITIDA,2025-03-21T18:28:00,false
4499,610,25,card_payment,-24.67,1843.42,COMPRA SUPERMERCADO LOS ARCOS,2025-03-21T18:49:00,false
4500,785,,transfer_in,149.25,951.91,TRANSFERENCIA RECIBIDA,2025-03-21T18:52:00,false
4501,742,,transfer_in,366.92,6282.10,TRANSFERENCIA RECIBIDA,2025-03-21T19:23:00,false
4502,346,177,card_payment,-21.42,873.17,COMPRA BAR MODERNO,2025-03-21T21:25:00,true
4503,104,97,card_payment,-24.19,91.64,COMPRA ELECTRO LA ESQUINA,2025-03-22T10:04:00,false
4504,465,131,card_payment,-6.98,-278.34,COMPRA PANADERÍA MODERNO,2025-03-22T12:46:00,false
4505,564,162,card_payment,-64.31,613.07,COMPRA LIBRERÍA LA ESQUINA,2025-03-22T12:57:00,true
4506,598,,interest,6.84,109.71,ABONO INTERESES,2025-03-22T13:28:00,false
4507,814,,transfer_out,-889.80,178.10,TRANSFERENCIA EMITIDA,2025-03-22T17:42:00,false
4508,893,74,card_payment,-8.42,2406.43,COMPRA ELECTRO LOS ARCOS,2025-03-23T09:33:00,false
4509,158,,atm_withdrawal,-150.00,64.88,REINTEGRO CAJERO,2025-03-23T11:58:00,false
4510,35,8,card_payment,-2.15,2510.85,COMPRA SUPERMERCADO MODERNO,2025-03-23T12:04:00,false
4511,615,118,card_payment,-26.28,6345.49,COMPRA TALLER EL FARO,2025-03-23T13:09:00,false
4512,812,93,card_payment,-25.45,5226.32,COMPRA ELECTRO LOS ARCOS,2025-03-23T20:20:00,false
4513,1025,83,card_payment,-6.33,3281.02,COMPRA PELUQUERÍA LOS ARCOS,2025-03-23T20:55:00,false
4514,567,,fee,-4.50,-81.59,COMISION MANTENIMIENTO,2025-03-24T12:37:00,false
4515,687,,transfer_out,-379.88,448.34,TRANSFERENCIA EMITIDA,2025-03-24T13:31:00,false
4516,943,,atm_withdrawal,-150.00,3585.97,REINTEGRO CAJERO,2025-03-24T15:53:00,false
4517,28,,transfer_in,693.45,852.89,TRANSFERENCIA RECIBIDA,2025-03-24T17:10:00,false
4518,424,93,card_payment,-66.06,1078.87,COMPRA ELECTRO LOS ARCOS,2025-03-24T21:12:00,false
4519,610,,salary,1653.22,3496.64,NOMINA,2025-03-25T08:03:00,false
4520,738,,salary,1262.50,5207.70,NOMINA,2025-03-25T10:12:00,false
4521,158,115,card_payment,-3.02,61.86,COMPRA FARMACIA DEL PUERTO,2025-03-25T10:57:00,false
4522,746,,transfer_in,123.93,1121.54,TRANSFERENCIA RECIBIDA,2025-03-25T12:23:00,false
4523,572,,salary,1584.41,7254.12,NOMINA,2025-03-25T13:07:00,false
4524,621,,transfer_in,795.32,4131.38,TRANSFERENCIA RECIBIDA,2025-03-25T13:19:00,false
4525,601,,salary,2720.26,3460.10,NOMINA,2025-03-25T14:53:00,false
4526,324,,salary,2394.81,3722.74,NOMINA,2025-03-25T15:18:00,false
4527,702,,salary,2563.95,4152.49,NOMINA,2025-03-25T16:06:00,false
4528,785,17,card_payment,-0.98,950.93,COMPRA CASA REAL,2025-03-25T16:42:00,false
4529,938,,transfer_in,62.69,2757.44,TRANSFERENCIA RECIBIDA,2025-03-25T16:59:00,false
4530,45,,atm_withdrawal,-200.00,1785.41,REINTEGRO CAJERO,2025-03-25T18:35:00,false
4531,128,167,card_payment,-14.15,3963.29,COMPRA BAR NUEVO,2025-03-25T19:07:00,false
4532,551,,fee,-3.00,1481.08,COMISION MANTENIMIENTO,2025-03-25T19:30:00,false
4533,298,,atm_withdrawal,-40.00,3068.73,REINTEGRO CAJERO,2025-03-25T19:34:00,false
4534,557,,salary,1919.11,7395.68,NOMINA,2025-03-25T20:07:00,false
4535,474,,transfer_out,-47.98,5861.98,TRANSFERENCIA EMITIDA,2025-03-25T20:44:00,false
4536,887,,salary,2119.37,5907.77,NOMINA,2025-03-26T09:03:00,false
4537,863,,transfer_out,-556.01,3225.58,TRANSFERENCIA EMITIDA,2025-03-26T09:39:00,false
4538,411,,salary,1974.01,4684.16,NOMINA,2025-03-26T10:06:00,false
4539,996,,salary,1001.79,5096.58,NOMINA,2025-03-26T10:16:00,false
4540,718,,salary,2317.07,7594.45,NOMINA,2025-03-26T10:53:00,false
4541,149,137,card_payment,-6.47,2241.05,COMPRA ÓPTICA CENTRAL,2025-03-26T12:03:00,false
4542,41,90,card_payment,-31.36,3734.30,COMPRA LA TIENDA DE LOS ARCOS,2025-03-26T12:53:00,false
4543,165,,salary,2694.77,5298.02,NOMINA,2025-03-26T13:10:00,false
4544,165,77,card_payment,-9.24,5288.78,COMPRA BAR LA ESTRELLA,2025-03-26T13:14:00,false
4545,997,,transfer_in,690.21,4189.05,TRANSFERENCIA RECIBIDA,2025-03-26T14:34:00,false
4546,1018,,salary,1643.46,2002.04,NOMINA,2025-03-26T15:49:00,false
4547,1046,99,card_payment,-65.01,2448.69,COMPRA FARMACIA LA PLAZA,2025-03-26T17:15:00,true
4548,578,,transfer_in,1126.61,1818.84,TRANSFERENCIA RECIBIDA,2025-03-26T18:09:00,false
4549,1016,89,card_payment,-24.44,1969.37,COMPRA RESTAURANTE DEL SOL,2025-03-26T18:26:00,false
4550,900,,transfer_in,192.86,1298.59,TRANSFERENCIA RECIBIDA,2025-03-26T18:38:00,false
4551,180,,transfer_out,-426.01,2316.75,TRANSFERENCIA EMITIDA,2025-03-26T19:37:00,false
4552,952,,transfer_out,-494.96,815.72,TRANSFERENCIA EMITIDA,2025-03-26T20:21:00,false
4553,1071,,transfer_in,1126.84,5317.40,TRANSFERENCIA RECIBIDA,2025-03-26T21:53:00,false
4554,983,,salary,1697.95,2924.68,NOMINA,2025-03-27T08:24:00,false
4555,1064,,transfer_out,-1088.75,1810.51,TRANSFERENCIA EMITIDA,2025-03-27T09:14:00,false
4556,128,98,card_payment,-33.51,3929.78,COMPRA SUPERMERCADO EL FARO,2025-03-27T11:13:00,false
4557,436,83,card_payment,-87.28,164.09,COMPRA PELUQUERÍA LOS ARCOS,2025-03-27T12:35:00,false
4558,708,115,card_payment,-20.00,3610.82,COMPRA FARMACIA DEL PUERTO,2025-03-27T13:05:00,false
4559,808,65,card_payment,-13.97,3236.12,COMPRA LIBRERÍA EL FARO,2025-03-27T13:08:00,false
4560,33,56,card_payment,-38.42,3.15,COMPRA BAR REAL,2025-03-27T16:31:00,false
4561,622,,salary,1703.28,1711.73,NOMINA,2025-03-27T17:05:00,false
4562,1064,3,card_payment,-12.42,1798.09,COMPRA SUPERMERCADO DEL SOL,2025-03-27T17:34:00,true
4563,424,76,card_payment,-19.89,1058.98,COMPRA LIBRERÍA SAN MARCOS,2025-03-27T18:29:00,false
4564,655,,salary,2558.32,2524.21,NOMINA,2025-03-27T19:21:00,false
4565,779,,fee,-12.00,806.91,COMISION MANTENIMIENTO,2025-03-27T19:31:00,false
4566,713,,salary,2199.75,7086.36,NOMINA,2025-03-28T08:57:00,false
4567,517,23,card_payment,-40.25,147.10,COMPRA CAFETERÍA GRAN VÍA,2025-03-28T11:52:00,false
4568,87,,salary,2033.39,2224.90,NOMINA,2025-03-28T13:36:00,false
4569,819,,salary,2256.42,4950.94,NOMINA,2025-03-28T13:44:00,false
4570,13,,transfer_out,-241.50,1354.94,TRANSFERENCIA EMITIDA,2025-03-28T14:17:00,false
4571,997,,transfer_in,220.61,4409.66,TRANSFERENCIA RECIBIDA,2025-03-28T14:52:00,false
4572,307,81,card_payment,-26.91,1725.66,COMPRA CASA LOS ARCOS,2025-03-28T16:45:00,true
4573,84,137,card_payment,-95.55,-1011.18,COMPRA ÓPTICA CENTRAL,2025-03-28T16:47:00,false
4574,781,116,card_payment,-2.57,2122.54,COMPRA ELECTRO MODERNO,2025-03-28T17:05:00,false
4575,631,153,card_payment,-22.70,1942.60,COMPRA PELUQUERÍA SAN MARCOS,2025-03-28T17:19:00,false
4576,164,,salary,778.46,6345.03,NOMINA,2025-03-28T17:53:00,false
4577,966,96,card_payment,-7.17,2179.68,COMPRA LIBRERÍA BUENAVISTA,2025-03-28T18:49:00,false
4578,41,,salary,2215.77,5950.07,NOMINA,2025-03-28T20:07:00,false
4579,733,162,card_payment,-11.28,1585.13,COMPRA LIBRERÍA LA ESQUINA,2025-03-28T20:41:00,true
4580,785,,transfer_out,-747.67,203.26,TRANSFERENCIA EMITIDA,2025-03-29T09:48:00,false
4581,991,,transfer_in,621.10,6132.71,TRANSFERENCIA RECIBIDA,2025-03-29T10:49:00,false
4582,805,,transfer_out,-687.19,1882.37,TRANSFERENCIA EMITIDA,2025-03-29T12:02:00,false
4583,631,,transfer_out,-27.44,1915.16,TRANSFERENCIA EMITIDA,2025-03-29T16:55:00,false
4584,467,101,card_payment,-6.52,2491.13,COMPRA ÓPTICA BUENAVISTA,2025-03-29T17:10:00,false
4585,31,113,card_payment,-5.80,1478.43,COMPRA FARMACIA LOS ARCOS,2025-03-29T17:17:00,false
4586,529,,transfer_in,45.59,2413.63,TRANSFERENCIA RECIBIDA,2025-03-29T17:30:00,false
4587,41,,transfer_out,-567.22,5382.85,TRANSFERENCIA EMITIDA,2025-03-29T18:46:00,false
4588,1060,,atm_withdrawal,-40.00,4859.34,REINTEGRO CAJERO,2025-03-30T12:02:00,false
4589,117,,fee,-3.00,468.54,COMISION MANTENIMIENTO,2025-03-30T12:32:00,false
4590,554,86,card_payment,-8.76,1739.53,COMPRA PANADERÍA EL FARO,2025-03-30T13:22:00,true
4591,635,,transfer_out,-345.45,3509.93,TRANSFERENCIA EMITIDA,2025-03-30T17:24:00,false
4592,346,25,card_payment,-9.70,863.47,COMPRA SUPERMERCADO LOS ARCOS,2025-03-30T17:51:00,false
4593,935,,transfer_out,-1163.71,1022.02,TRANSFERENCIA EMITIDA,2025-03-30T18:34:00,false
4594,421,,atm_withdrawal,-40.00,4534.36,REINTEGRO CAJERO,2025-03-30T19:29:00,false
4595,422,71,card_payment,-4.27,1145.01,COMPRA ÓPTICA NUEVO,2025-03-30T20:01:00,false
4596,244,165,card_payment,-52.38,1536.60,COMPRA LA TIENDA DE DEL CARMEN,2025-03-31T09:30:00,false
4597,405,,transfer_in,474.61,3774.42,TRANSFERENCIA RECIBIDA,2025-03-31T10:03:00,false
4598,130,7,card_payment,-18.59,1115.06,COMPRA PELUQUERÍA LOS ARCOS,2025-03-31T11:28:00,false
4599,981,,fee,-12.00,2818.03,COMISION MANTENIMIENTO,2025-03-31T14:31:00,false
4600,690,17,card_payment,-4.72,3009.54,COMPRA CASA REAL,2025-03-31T14:58:00,false
4601,136,,transfer_out,-572.25,419.16,TRANSFERENCIA EMITIDA,2025-03-31T17:41:00,false
4602,71,,transfer_out,-263.73,4118.64,TRANSFERENCIA EMITIDA,2025-03-31T19:27:00,false
4603,676,32,card_payment,-14.43,5908.34,COMPRA CASA NUEVO,2025-03-31T20:58:00,true
4604,618,53,card_payment,-4.78,5708.54,COMPRA LIBRERÍA DEL CARMEN,2025-04-01T09:06:00,true
4605,578,,direct_debit,-19.62,1799.22,RECIBO DOMICILIADO,2025-04-01T11:05:00,false
4606,32,,direct_debit,-32.42,2671.94,RECIBO DOMICILIADO,2025-04-01T11:21:00,false
4607,274,161,card_payment,-15.36,4327.08,COMPRA ELECTRO BUENAVISTA,2025-04-01T13:02:00,false
4608,623,,direct_debit,-110.27,1194.27,RECIBO DOMICILIADO,2025-04-01T13:20:00,false
4609,749,48,card_payment,-73.66,97.20,COMPRA CAFETERÍA DEL CARMEN,2025-04-01T13:20:00,false
4610,41,20,card_payment,-12.23,5370.62,COMPRA LA TIENDA DE BUENAVISTA,2025-04-01T13:22:00,false
4611,355,,direct_debit,-133.84,124.37,RECIBO DOMICILIADO,2025-04-01T15:25:00,false
4612,554,,atm_withdrawal,-100.00,1639.53,REINTEGRO CAJERO,2025-04-01T16:52:00,false
4613,41,,direct_debit,-40.21,5330.41,RECIBO DOMICILIADO,2025-04-01T18:57:00,false
4614,902,50,card_payment,-74.21,849.17,COMPRA ÓPTICA DEL SOL,2025-04-01T19:10:00,false
4615,108,145,card_payment,-14.68,1893.47,COMPRA LIBRERÍA DEL SOL,2025-04-01T20:05:00,false
4616,637,,transfer_in,525.61,1095.15,TRANSFERENCIA RECIBIDA,2025-04-01T21:05:00,false
4617,243,,direct_debit,-63.06,2386.12,RECIBO DOMICILIADO,2025-04-02T08:17:00,false
4618,862,,direct_debit,-22.69,4870.34,RECIBO DOMICILIADO,2025-04-02T10:28:00,false
4619,974,76,card_payment,-37.52,266.74,COMPRA LIBRERÍA SAN MARCOS,2025-04-02T11:34:00,false
4620,235,159,card_payment,-12.79,4126.09,COMPRA ÓPTICA CENTRAL,2025-04-02T13:57:00,false
4621,1042,,direct_debit,-33.70,2439.07,RECIBO DOMICILIADO,2025-04-02T14:42:00,false
4622,918,,transfer_in,843.06,3052.69,TRANSFERENCIA RECIBIDA,2025-04-02T16:25:00,false
4623,974,,atm_withdrawal,-200.00,66.74,REINTEGRO CAJERO,2025-04-02T16:42:00,false
4624,308,117,card_payment,-45.39,2262.16,COMPRA SUPERMERCADO REAL,2025-04-02T18:10:00,false
4625,80,70,card_payment,-13.22,2186.63,COMPRA EL RINCÓN DE LA ESTRELLA,2025-04-02T18:29:00,false
4626,692,,direct_debit,-53.37,4675.32,RECIBO DOMICILIADO,2025-04-02T18:37:00,false
4627,1013,,transfer_in,1040.90,2151.57,TRANSFERENCIA RECIBIDA,2025-04-02T19:14:00,false
4628,464,,direct_debit,-29.16,2267.52,RECIBO DOMICILIADO,2025-04-02T20:17:00,false
4629,314,,direct_debit,-75.81,1753.25,RECIBO DOMICILIADO,2025-04-02T20:54:00,false
4630,983,,direct_debit,-37.46,2887.22,RECIBO DOMICILIADO,2025-04-03T08:15:00,false
4631,427,,direct_debit,-9.54,2262.05,RECIBO DOMICILIADO,2025-04-03T09:22:00,false
4632,796,122,card_payment,-7.27,3795.98,COMPRA CASA NUEVO,2025-04-03T09:38:00,false
4633,322,,direct_debit,-56.58,4643.85,RECIBO DOMICILIADO,2025-04-03T09:50:00,false
4634,442,109,card_payment,-5.88,2250.20,COMPRA EL RINCÓN DE GRAN VÍA,2025-04-03T10:54:00,false
4635,438,,direct_debit,-41.08,3580.45,RECIBO DOMICILIADO,2025-04-03T11:49:00,false
4636,1034,45,card_payment,-6.85,1615.86,COMPRA LA TIENDA DE DEL SOL,2025-04-03T12:24:00,false
4637,519,,direct_debit,-41.23,302.90,RECIBO DOMICILIADO,2025-04-03T12:45:00,false
4638,936,,transfer_out,-1036.80,781.71,TRANSFERENCIA EMITIDA,2025-04-03T13:57:00,false
4639,319,,transfer_in,153.74,866.39,TRANSFERENCIA RECIBIDA,2025-04-03T15:13:00,false
4640,210,,direct_debit,-20.57,670.71,RECIBO DOMICILIADO,2025-04-03T18:00:00,false
4641,224,,transfer_out,-569.33,407.02,TRANSFERENCIA EMITIDA,2025-04-03T18:55:00,false
4642,749,,direct_debit,-22.88,74.32,RECIBO DOMICILIADO,2025-04-03T20:07:00,false
4643,604,,direct_debit,-47.07,2668.00,RECIBO DOMICILIADO,2025-04-04T09:06:00,false
4644,221,,direct_debit,-95.71,3619.16,RECIBO DOMICILIADO,2025-04-04T09:14:00,false
4645,842,58,card_payment,-25.50,545.52,COMPRA ÓPTICA MODERNO,2025-04-04T13:11:00,false
4646,628,,interest,6.78,500.05,ABONO INTERESES,2025-04-04T16:26:00,false
4647,610,,atm_withdrawal,-20.00,3476.64,REINTEGRO CAJERO,2025-04-04T16:48:00,false
4648,867,81,card_payment,-21.90,799.12,COMPRA CASA LOS ARCOS,2025-04-04T16:48:00,true
4649,1098,,direct_debit,-46.25,2121.70,RECIBO DOMICILIADO,2025-04-04T16:59:00,false
4650,157,,direct_debit,-18.25,1988.28,RECIBO DOMICILIADO,2025-04-04T17:26:00,false
4651,404,14,card_payment,-20.08,552.39,COMPRA ÓPTICA MODERNO,2025-04-04T17:53:00,true
4652,149,,transfer_out,-856.62,1384.43,TRANSFERENCIA EMITIDA,2025-04-04T20:21:00,false
4653,1030,,direct_debit,-44.15,1243.06,RECIBO DOMICILIADO,2025-04-05T08:21:00,false
4654,870,,transfer_out,-216.72,897.25,TRANSFERENCIA EMITIDA,2025-04-05T09:06:00,false
4655,984,,transfer_out,-850.36,2826.04,TRANSFERENCIA EMITIDA,2025-04-05T10:20:00,false
4656,948,68,card_payment,-68.98,4392.12,COMPRA EL RINCÓN DE GRAN VÍA,2025-04-05T10:57:00,false
4657,1075,30,card_payment,-59.19,5286.03,COMPRA LA TIENDA DE BUENAVISTA,2025-04-05T12:03:00,false
4658,108,,direct_debit,-145.45,1748.02,RECIBO DOMICILIADO,2025-04-05T12:24:00,false
4659,108,,direct_debit,-25.18,1722.84,RECIBO DOMICILIADO,2025-04-05T13:26:00,false
4660,445,,direct_debit,-19.00,1746.03,RECIBO DOMICILIADO,2025-04-05T14:00:00,false
4661,666,,direct_debit,-110.30,3526.84,RECIBO DOMICILIADO,2025-04-05T14:02:00,false
4662,543,95,card_payment,-26.67,1862.65,COMPRA EL RINCÓN DE SAN MARCOS,2025-04-05T14:17:00,false
4663,1034,,transfer_out,-791.92,823.94,TRANSFERENCIA EMITIDA,2025-04-05T16:17:00,false
4664,168,29,card_payment,-60.46,4473.39,COMPRA CASA NUEVO,2025-04-05T16:54:00,false
4665,463,,transfer_in,268.54,6756.87,TRANSFERENCIA RECIBIDA,2025-04-05T17:31:00,false
4666,814,,direct_debit,-76.81,101.29,RECIBO DOMICILIADO,2025-04-05T17:49:00,false
4667,863,38,card_payment,-9.57,3216.01,COMPRA ÓPTICA DEL PUERTO,2025-04-05T17:52:00,false
4668,916,,direct_debit,-67.38,2325.25,RECIBO DOMICILIADO,2025-04-05T18:38:00,false
4669,488,158,card_payment,-5.10,1207.15,COMPRA CASA EL FARO,2025-04-05T19:06:00,false
4670,165,,transfer_in,658.65,5947.43,TRANSFERENCIA RECIBIDA,2025-04-05T19:30:00,false
4671,499,,direct_debit,-53.64,-39.98,RECIBO DOMICILIADO,2025-04-05T19:44:00,false
4672,254,17,card_payment,-168.40,2362.96,COMPRA CASA REAL,2025-04-05T19:58:00,false
4673,843,,direct_debit,-42.29,2249.76,RECIBO DOMICILIADO,2025-04-06T09:01:00,false
4674,80,,direct_debit,-45.63,2141.00,RECIBO DOMICILIADO,2025-04-06T10:00:00,false
4675,829,111,card_payment,-36.46,2525.28,COMPRA EL RINCÓN DE EL FARO,2025-04-06T10:16:00,false
4676,798,,transfer_out,-405.28,2026.99,TRANSFERENCIA EMITIDA,2025-04-06T12:12:00,false
4677,82,156,card_payment,-25.98,2800.47,COMPRA FARMACIA DEL CARMEN,2025-04-06T12:16:00,true
4678,1034,,direct_debit,-18.73,805.21,RECIBO DOMICILIADO,2025-04-06T12:17:00,false
4679,969,,transfer_out,-562.62,3776.62,TRANSFERENCIA EMITIDA,2025-04-06T12:46:00,false
4680,598,,direct_debit,-182.68,-72.97,RECIBO DOMICILIADO,2025-04-06T12:50:00,false
4681,342,92,card_payment,-30.75,1241.92,COMPRA CAFETERÍA EL FARO,2025-04-06T13:21:00,false
4682,354,147,card_payment,-7.34,2052.26,COMPRA TALLER SAN MARCOS,2025-04-06T13:21:00,false
4683,672,,direct_debit,-45.43,2970.63,RECIBO DOMICILIADO,2025-04-06T15:03:00,false
4684,764,,direct_debit,-21.97,1432.74,RECIBO DOMICILIADO,2025-04-06T15:52:00,false
4685,886,,direct_debit,-91.97,3612.16,RECIBO DOMICILIADO,2025-04-06T17:49:00,false
4686,584,,direct_debit,-32.37,3430.35,RECIBO DOMICILIADO,2025-04-06T18:21:00,false
4687,628,150,card_payment,-78.30,421.75,COMPRA PANADERÍA LA PLAZA,2025-04-06T18:46:00,false
4688,798,119,card_payment,-10.38,2016.61,COMPRA TALLER NUEVO,2025-04-07T09:16:00,false
4689,866,89,card_payment,-2.78,641.42,COMPRA RESTAURANTE DEL SOL,2025-04-07T09:46:00,false
4690,554,,direct_debit,-121.19,1518.34,RECIBO DOMICILIADO,2025-04-07T10:07:00,false
4691,733,,transfer_out,-195.17,1389.96,TRANSFERENCIA EMITIDA,2025-04-07T10:34:00,false
4692,662,31,card_payment,-31.86,544.87,COMPRA MUEBLES LA PLAZA,2025-04-07T11:27:00,false
4693,781,66,card_payment,-29.58,2092.96,COMPRA ÓPTICA LA ESQUINA,2025-04-07T12:20:00,false
4694,865,,atm_withdrawal,-60.00,1602.98,REINTEGRO CAJERO,2025-04-07T13:17:00,false
4695,254,1,card_payment,-12.78,2350.18,COMPRA ELECTRO BUENAVISTA,2025-04-07T13:40:00,true
4696,95,,direct_debit,-57.47,3564.43,RECIBO DOMICILIADO,2025-04-07T13:51:00,false
4697,1020,,direct_debit,-9.60,3387.45,RECIBO DOMICILIADO,2025-04-07T14:37:00,false
4698,320,,direct_debit,-17.85,1917.95,RECIBO DOMICILIADO,2025-04-07T16:34:00,false
4699,749,,direct_debit,-33.32,41.00,RECIBO DOMICILIADO,2025-04-07T16:38:00,false
4700,603,,direct_debit,-49.86,3637.22,RECIBO DOMICILIADO,2025-04-07T17:19:00,false
4701,55,,transfer_in,895.80,4242.16,TRANSFERENCIA RECIBIDA,2025-04-07T18:04:00,false
4702,610,111,card_payment,-10.21,3466.43,COMPRA EL RINCÓN DE EL FARO,2025-04-07T19:17:00,false
4703,1005,,transfer_out,-645.70,2482.30,TRANSFERENCIA EMITIDA,2025-04-07T19:49:00,false
4704,951,,atm_withdrawal,-20.00,3738.80,REINTEGRO CAJERO,2025-04-07T21:36:00,false
4705,573,83,card_payment,-18.64,518.51,COMPRA PELUQUERÍA LOS ARCOS,2025-04-08T08:23:00,false
4706,19,,atm_withdrawal,-60.00,1286.83,REINTEGRO CAJERO,2025-04-08T08:28:00,false
4707,346,,transfer_in,30.19,893.66,TRANSFERENCIA RECIBIDA,2025-04-08T09:33:00,false
4708,893,135,card_payment,-8.52,2397.91,COMPRA SUPERMERCADO GRAN VÍA,2025-04-08T11:26:00,false
4709,452,26,card_payment,-3.48,1116.93,COMPRA LA TIENDA DE GRAN VÍA,2025-04-08T11:57:00,false
4710,808,,transfer_in,911.93,4148.05,TRANSFERENCIA RECIBIDA,2025-04-08T12:43:00,false
4711,546,30,card_payment,-1.97,3787.78,COMPRA LA TIENDA DE BUENAVISTA,2025-04-08T18:28:00,false
4712,716,43,card_payment,-17.56,3761.23,COMPRA CAFETERÍA EL FARO,2025-04-08T19:27:00,true
4713,1044,36,card_payment,-28.44,1470.90,COMPRA PELUQUERÍA GRAN VÍA,2025-04-08T19:46:00,false
4714,442,126,card_payment,-12.58,2237.62,COMPRA MUEBLES LA PLAZA,2025-04-09T09:53:00,false
4715,816,1,card_payment,-21.27,3394.46,COMPRA ELECTRO BUENAVISTA,2025-04-09T11:31:00,true
4716,625,,fee,-2.50,1762.85,COMISION MANTENIMIENTO,2025-04-09T12:55:00,false
4717,404,,transfer_in,963.74,1516.13,TRANSFERENCIA RECIBIDA,2025-04-09T18:19:00,false
4718,551,155,card_payment,-11.27,1469.81,COMPRA LIBRERÍA LOS ARCOS,2025-04-09T19:59:00,false
4719,142,134,card_payment,-9.82,4052.25,COMPRA BAR REAL,2025-04-10T08:14:00,false
4720,823,,atm_withdrawal,-200.00,3502.76,REINTEGRO CAJERO,2025-04-10T09:16:00,false
4721,628,66,card_payment,-4.10,417.65,COMPRA ÓPTICA LA ESQUINA,2025-04-10T10:11:00,false
4722,89,151,card_payment,-7.23,1278.75,COMPRA FARMACIA MODERNO,2025-04-10T11:28:00,false
4723,869,58,card_payment,-9.11,2735.59,COMPRA ÓPTICA MODERNO,2025-04-10T12:51:00,false
4724,979,,transfer_in,377.58,472.97,TRANSFERENCIA RECIBIDA,2025-04-10T14:09:00,false
4725,961,175,card_payment,-12.07,1575.07,COMPRA LA TIENDA DE MODERNO,2025-04-10T16:18:00,false
4726,565,,transfer_in,663.11,2834.01,TRANSFERENCIA RECIBIDA,2025-04-10T18:07:00,false
4727,922,40,card_payment,-6.19,922.46,COMPRA EL RINCÓN DE REAL,2025-04-11T08:21:00,true
4728,1015,,fee,-3.00,177.13,COMISION MANTENIMIENTO,2025-04-11T13:23:00,false
4729,872,,transfer_out,-160.34,427.87,TRANSFERENCIA EMITIDA,2025-04-11T16:17:00,false
4730,155,71,card_payment,-5.51,3536.41,COMPRA ÓPTICA NUEVO,2025-04-11T17:06:00,false
4731,979,,transfer_in,525.39,998.36,TRANSFERENCIA RECIBIDA,2025-04-11T18:44:00,false
4732,689,,transfer_in,381.16,1870.96,TRANSFERENCIA RECIBIDA,2025-04-11T19:00:00,false
4733,467,173,card_payment,-9.17,2481.96,COMPRA LIBRERÍA NUEVO,2025-04-11T20:23:00,false
4734,571,,transfer_in,362.01,3560.95,TRANSFERENCIA RECIBIDA,2025-04-11T21:53:00,false
4735,891,150,card_payment,-42.42,2579.35,COMPRA PANADERÍA LA PLAZA,2025-04-12T12:11:00,false
4736,146,,transfer_out,-657.03,946.01,TRANSFERENCIA EMITIDA,2025-04-12T20:14:00,false
4737,213,85,card_payment,-9.88,1919.71,COMPRA ELECTRO CENTRAL,2025-04-12T20:51:00,false
4738,1004,161,card_payment,-4.17,508.57,COMPRA ELECTRO BUENAVISTA,2025-04-12T21:28:00,false
4739,735,16,card_payment,-2.69,5.87,COMPRA LA TIENDA DE LOS ARCOS,2025-04-13T10:06:00,false
4740,582,124,card_payment,-284.80,2703.32,COMPRA ELECTRO EL FARO,2025-04-13T11:08:00,false
4741,771,137,card_payment,-12.76,1786.97,COMPRA ÓPTICA CENTRAL,2025-04-13T12:14:00,false
4742,104,53,card_payment,-31.58,60.06,COMPRA LIBRERÍA DEL CARMEN,2025-04-13T13:51:00,true
4743,1010,133,card_payment,-4.68,3060.51,COMPRA ELECTRO GRAN VÍA,2025-04-13T16:33:00,false
4744,805,158,card_payment,-46.30,1836.07,COMPRA CASA EL FARO,2025-04-13T17:48:00,false
4745,134,,transfer_in,1005.23,1022.59,TRANSFERENCIA RECIBIDA,2025-04-13T18:36:00,false
4746,142,,atm_withdrawal,-100.00,3952.25,REINTEGRO CAJERO,2025-04-13T18:44:00,false
4747,654,,fee,-2.50,2157.22,COMISION MANTENIMIENTO,2025-04-13T19:40:00,false
4748,302,,transfer_in,38.01,2592.06,TRANSFERENCIA RECIBIDA,2025-04-13T20:30:00,false
4749,764,,transfer_in,620.36,2053.10,TRANSFERENCIA RECIBIDA,2025-04-14T08:20:00,false
4750,1014,,transfer_out,-161.49,4474.23,TRANSFERENCIA EMITIDA,2025-04-14T12:29:00,false
4751,918,,transfer_in,158.96,3211.65,TRANSFERENCIA RECIBIDA,2025-04-14T12:59:00,false
4752,826,120,card_payment,-25.09,4659.60,COMPRA BAR EL FARO,2025-04-14T15:30:00,true
4753,603,115,card_payment,-0.48,3636.74,COMPRA FARMACIA DEL PUERTO,2025-04-14T15:44:00,false
4754,303,,transfer_out,-629.23,935.64,TRANSFERENCIA EMITIDA,2025-04-14T17:02:00,false
4755,158,,atm_withdrawal,-20.00,41.86,REINTEGRO CAJERO,2025-04-14T17:08:00,false
4756,865,,transfer_in,676.39,2279.37,TRANSFERENCIA RECIBIDA,2025-04-14T18:29:00,false
4757,440,,transfer_out,-757.62,2714.73,TRANSFERENCIA EMITIDA,2025-04-14T19:53:00,false
4758,104,32,card_payment,-104.05,-43.99,COMPRA CASA NUEVO,2025-04-14T20:06:00,true
4759,31,,transfer_out,-701.21,777.22,TRANSFERENCIA EMITIDA,2025-04-14T20:30:00,false
4760,309,,fee,-3.00,873.09,COMISION MANTENIMIENTO,2025-04-15T10:37:00,false
4761,974,116,card_payment,-52.97,13.77,COMPRA ELECTRO MODERNO,2025-04-15T11:21:00,false
4762,543,153,card_payment,-17.83,1844.82,COMPRA PELUQUERÍA SAN MARCOS,2025-04-15T11:39:00,false
4763,244,,transfer_out,-616.65,919.95,TRANSFERENCIA EMITIDA,2025-04-15T12:46:00,false
4764,918,,atm_withdrawal,-20.00,3191.65,REINTEGRO CAJERO,2025-04-15T13:40:00,false
4765,41,,transfer_out,-329.65,5000.76,TRANSFERENCIA EMITIDA,2025-04-15T15:30:00,false
4766,1004,115,card_payment,-16.19,492.38,COMPRA FARMACIA DEL PUERTO,2025-04-15T17:32:00,false
4767,438,,transfer_in,264.45,3844.90,TRANSFERENCIA RECIBIDA,2025-04-15T18:36:00,false
4768,791,,fee,-2.50,1725.50,COMISION MANTENIMIENTO,2025-04-15T19:00:00,false
4769,503,29,card_payment,-32.49,1881.28,COMPRA CASA NUEVO,2025-04-16T08:27:00,false
4770,496,118,card_payment,-35.45,3653.00,COMPRA TALLER EL FARO,2025-04-16T09:29:00,false
4771,71,,atm_withdrawal,-20.00,4098.64,REINTEGRO CAJERO,2025-04-16T09:43:00,false
4772,1083,37,card_payment,-30.72,3745.32,COMPRA BAR DEL SOL,2025-04-16T09:51:00,false
4773,655,164,card_payment,-3.48,2520.73,COMPRA LIBRERÍA REAL,2025-04-16T14:03:00,false
4774,80,,transfer_in,102.01,2243.01,TRANSFERENCIA RECIBIDA,2025-04-16T14:09:00,false
4775,358,63,card_payment,-160.03,2524.16,COMPRA FARMACIA LOS ARCOS,2025-04-16T14:24:00,false
4776,942,179,card_payment,-1.42,2500.89,COMPRA CAFETERÍA REAL,2025-04-16T14:24:00,true
4777,270,128,card_payment,-65.09,566.56,COMPRA LA TIENDA DE DEL PUERTO,2025-04-16T17:22:00,false
4778,1060,6,card_payment,-9.47,4849.87,COMPRA EL RINCÓN DE SAN MARCOS,2025-04-16T19:22:00,false
4779,35,62,card_payment,-17.81,2493.04,COMPRA PELUQUERÍA DEL PUERTO,2025-04-17T10:28:00,false
4780,53,,fee,-3.00,4606.59,COMISION MANTENIMIENTO,2025-04-17T11:43:00,false
4781,221,67,card_payment,-9.41,3609.75,COMPRA PELUQUERÍA BUENAVISTA,2025-04-17T15:38:00,false
4782,165,60,card_payment,-25.70,5921.73,COMPRA FARMACIA EL FARO,2025-04-17T17:28:00,false
4783,742,90,card_payment,-23.91,6258.19,COMPRA LA TIENDA DE LOS ARCOS,2025-04-17T18:05:00,false
4784,1047,128,card_payment,-20.56,803.55,COMPRA LA TIENDA DE DEL PUERTO,2025-04-17T21:16:00,false
4785,240,,transfer_out,-94.69,3714.18,TRANSFERENCIA EMITIDA,2025-04-18T08:18:00,false
4786,997,,interest,5.88,4415.54,ABONO INTERESES,2025-04-18T11:11:00,false
4787,319,128,card_payment,-14.64,851.75,COMPRA LA TIENDA DE DEL PUERTO,2025-04-18T12:03:00,false
4788,969,111,card_payment,-61.96,3714.66,COMPRA EL RINCÓN DE EL FARO,2025-04-18T13:16:00,false
4789,997,,transfer_in,709.83,5125.37,TRANSFERENCIA RECIBIDA,2025-04-18T13:47:00,false
4790,261,169,card_payment,-40.64,3470.30,COMPRA CAFETERÍA SAN MARCOS,2025-04-19T08:07:00,false
4791,636,26,card_payment,-5.54,714.46,COMPRA LA TIENDA DE GRAN VÍA,2025-04-19T09:07:00,false
4792,902,164,card_payment,-5.11,844.06,COMPRA LIBRERÍA REAL,2025-04-19T09:21:00,false
4793,553,133,card_payment,-53.01,3515.53,COMPRA ELECTRO GRAN VÍA,2025-04-19T15:16:00,false
4794,384,,transfer_out,-139.66,713.39,TRANSFERENCIA EMITIDA,2025-04-19T15:26:00,false
4795,319,115,card_payment,-152.10,699.65,COMPRA FARMACIA DEL PUERTO,2025-04-19T16:05:00,false
4796,397,111,card_payment,-57.99,5591.87,COMPRA EL RINCÓN DE EL FARO,2025-04-19T18:57:00,false
4797,922,169,card_payment,-3.38,919.08,COMPRA CAFETERÍA SAN MARCOS,2025-04-19T19:38:00,false
4798,44,,transfer_out,-12.69,3027.67,TRANSFERENCIA EMITIDA,2025-04-20T09:25:00,false
4799,223,,transfer_out,-49.39,1828.49,TRANSFERENCIA EMITIDA,2025-04-20T09:51:00,false
4800,812,,transfer_out,-259.02,4967.30,TRANSFERENCIA EMITIDA,2025-04-20T10:02:00,false
4801,1074,,transfer_in,429.12,1949.24,TRANSFERENCIA RECIBIDA,2025-04-20T10:28:00,false
4802,618,,interest,4.34,5712.88,ABONO INTERESES,2025-04-20T17:18:00,false
4803,481,3,card_payment,-12.39,1573.35,COMPRA SUPERMERCADO DEL SOL,2025-04-20T18:05:00,true
4804,834,104,card_payment,-6.92,2101.07,COMPRA BAR NUEVO,2025-04-20T19:13:00,false
4805,268,,transfer_in,530.70,2925.31,TRANSFERENCIA RECIBIDA,2025-04-20T19:42:00,false
4806,783,154,card_payment,-82.81,1650.84,COMPRA ÓPTICA DEL SOL,2025-04-20T19:55:00,false
4807,139,5,card_payment,-43.88,2205.35,COMPRA ELECTRO NUEVO,2025-04-21T11:13:00,false
4808,496,145,card_payment,-125.91,3527.09,COMPRA LIBRERÍA DEL SOL,2025-04-21T11:56:00,false
4809,62,21,card_payment,-57.96,961.16,COMPRA RESTAURANTE MODERNO,2025-04-21T13:34:00,false
4810,27,,interest,3.02,812.63,ABONO INTERESES,2025-04-21T14:04:00,false
4811,651,73,card_payment,-9.65,-678.28,COMPRA MUEBLES MODERNO,2025-04-21T14:19:00,false
4812,1053,75,card_payment,-33.26,3227.21,COMPRA TALLER LA ESQUINA,2025-04-21T14:50:00,false
4813,108,83,card_payment,-26.89,1695.95,COMPRA PELUQUERÍA LOS ARCOS,2025-04-21T15:16:00,false
4814,561,177,card_payment,-4.22,297.19,COMPRA BAR MODERNO,2025-04-21T17:46:00,true
4815,578,162,card_payment,-6.72,1792.50,COMPRA LIBRERÍA LA ESQUINA,2025-04-21T18:01:00,true
4816,44,173,card_payment,-5.02,3022.65,COMPRA LIBRERÍA NUEVO,2025-04-21T18:48:00,false
4817,1005,,transfer_out,-805.04,1677.26,TRANSFERENCIA EMITIDA,2025-04-22T12:59:00,false
4818,1085,58,card_payment,-12.35,771.75,COMPRA ÓPTICA MODERNO,2025-04-22T13:33:00,false
4819,283,136,card_payment,-7.47,2364.14,COMPRA MUEBLES LA ESTRELLA,2025-04-22T13:44:00,false
4820,917,,interest,3.14,1258.12,ABONO INTERESES,2025-04-22T15:45:00,false
4821,906,91,card_payment,-27.23,3276.39,COMPRA MUEBLES MODERNO,2025-04-22T16:54:00,false
4822,1034,,transfer_in,69.31,874.52,TRANSFERENCIA RECIBIDA,2025-04-22T17:31:00,false
4823,62,82,card_payment,-26.09,935.07,COMPRA ELECTRO MODERNO,2025-04-22T18:07:00,false
4824,292,138,card_payment,-221.59,1960.80,COMPRA RESTAURANTE CENTRAL,2025-04-22T19:49:00,false
4825,673,101,card_payment,-4.21,2074.63,COMPRA ÓPTICA BUENAVISTA,2025-04-22T19:50:00,false
4826,244,15,card_payment,-7.08,912.87,COMPRA ELECTRO LOS ARCOS,2025-04-22T21:33:00,false
4827,759,94,card_payment,-31.67,2387.85,COMPRA BAR CENTRAL,2025-04-23T10:43:00,false
4828,690,16,card_payment,-21.04,2988.50,COMPRA LA TIENDA DE LOS ARCOS,2025-04-23T12:14:00,false
4829,142,,fee,-3.00,3949.25,COMISION MANTENIMIENTO,2025-04-23T12:21:00,false
4830,882,26,card_payment,-17.46,1750.48,COMPRA LA TIENDA DE GRAN VÍA,2025-04-23T13:13:00,false
4831,402,172,card_payment,-17.53,2162.73,COMPRA EL RINCÓN DE MODERNO,2025-04-23T13:59:00,false
4832,749,87,card_payment,-17.34,23.66,COMPRA LA TIENDA DE LA ESQUINA,2025-04-23T14:01:00,false
4833,775,114,card_payment,-91.05,4664.42,COMPRA FARMACIA BUENAVISTA,2025-04-23T20:07:00,false
4834,886,138,card_payment,-3.66,3608.50,COMPRA RESTAURANTE CENTRAL,2025-04-23T20:40:00,false
4835,750,111,card_payment,-23.63,1968.07,COMPRA EL RINCÓN DE EL FARO,2025-04-23T20:43:00,false
4836,958,,atm_withdrawal,-200.00,2831.95,REINTEGRO CAJERO,2025-04-23T20:58:00,false
4837,552,143,card_payment,-19.87,4888.73,COMPRA PELUQUERÍA LOS ARCOS,2025-04-24T16:16:00,true
4838,452,,transfer_out,-254.18,862.75,TRANSFERENCIA EMITIDA,2025-04-24T17:52:00,false
4839,861,,atm_withdrawal,-150.00,1217.40,REINTEGRO CAJERO,2025-04-24T18:20:00,false
4840,255,90,card_payment,-24.85,3531.32,COMPRA LA TIENDA DE LOS ARCOS,2025-04-24T19:06:00,false
4841,785,166,card_payment,-65.83,137.43,COMPRA LA TIENDA DE BUENAVISTA,2025-04-24T21:38:00,true
4842,473,,transfer_out,-907.53,2591.36,TRANSFERENCIA EMITIDA,2025-04-25T10:18:00,false
4843,986,,salary,2381.80,6101.93,NOMINA,2025-04-25T10:56:00,false
4844,915,125,card_payment,-48.14,4249.77,COMPRA ELECTRO SAN MARCOS,2025-04-25T11:05:00,false
4845,533,,salary,2782.83,4969.62,NOMINA,2025-04-25T12:50:00,false
4846,733,,salary,2099.08,3489.04,NOMINA,2025-04-25T13:20:00,false
4847,76,,fee,-4.50,1298.05,COMISION MANTENIMIENTO,2025-04-25T13:21:00,false
4848,938,,salary,2735.69,5493.13,NOMINA,2025-04-25T17:16:00,false
4849,958,84,card_payment,-33.20,2798.75,COMPRA CAFETERÍA LOS ARCOS,2025-04-25T18:08:00,true
4850,145,145,card_payment,-7.88,479.53,COMPRA LIBRERÍA DEL SOL,2025-04-25T18:09:00,false
4851,527,,salary,2439.19,2295.93,NOMINA,2025-04-25T18:10:00,false
4852,602,140,card_payment,-30.96,2024.47,COMPRA CASA DEL PUERTO,2025-04-25T18:46:00,false
4853,635,,salary,1643.16,5153.09,NOMINA,2025-04-25T18:47:00,false
4854,1065,,salary,1723.75,960.82,NOMINA,2025-04-26T09:07:00,false
4855,627,,salary,1649.07,2202.47,NOMINA,2025-04-26T09:24:00,false
4856,358,70,card_payment,-9.43,2514.73,COMPRA EL RINCÓN DE LA ESTRELLA,2025-04-26T09:41:00,false
4857,308,,transfer_out,-243.75,2018.41,TRANSFERENCIA EMITIDA,2025-04-26T09:55:00,false
4858,862,,transfer_out,-545.36,4324.98,TRANSFERENCIA EMITIDA,2025-04-26T10:13:00,false
4859,852,,transfer_in,24.44,5812.09,TRANSFERENCIA RECIBIDA,2025-04-26T10:48:00,false
4860,486,90,card_payment,-16.52,1037.38,COMPRA LA TIENDA DE LOS ARCOS,2025-04-26T12:39:00,false
4861,1001,116,card_payment,-10.23,1369.45,COMPRA ELECTRO MODERNO,2025-04-26T14:28:00,false
4862,836,,salary,1271.54,4698.97,NOMINA,2025-04-26T14:57:00,false
4863,1020,,transfer_out,-152.02,3235.43,TRANSFERENCIA EMITIDA,2025-04-26T15:18:00,false
4864,16,45,card_payment,-8.37,2435.75,COMPRA LA TIENDA DE DEL SOL,2025-04-26T20:49:00,false
4865,964,,salary,1439.13,4173.00,NOMINA,2025-04-27T11:05:00,false
4866,551,,salary,1759.98,3229.79,NOMINA,2025-04-27T13:09:00,false
4867,747,,salary,1992.33,1540.63,NOMINA,2025-04-27T13:26:00,false
4868,1047,,salary,2446.50,3250.05,NOMINA,2025-04-27T14:21:00,false
4869,888,95,card_payment,-29.73,3667.61,COMPRA EL RINCÓN DE SAN MARCOS,2025-04-27T16:08:00,false
4870,554,,transfer_in,175.22,1693.56,TRANSFERENCIA RECIBIDA,2025-04-27T16:16:00,false
4871,454,,salary,2014.55,3097.09,NOMINA,2025-04-27T16:43:00,false
4872,316,,salary,1913.70,7483.22,NOMINA,2025-04-27T17:49:00,false
4873,521,,atm_withdrawal,-100.00,3028.97,REINTEGRO CAJERO,2025-04-27T18:06:00,false
4874,915,,salary,2476.16,6725.93,NOMINA,2025-04-27T18:26:00,false
4875,741,,salary,1820.08,4528.78,NOMINA,2025-04-27T18:41:00,false
4876,695,,salary,1316.64,2701.45,NOMINA,2025-04-27T19:41:00,false
4877,107,,salary,2341.37,5257.98,NOMINA,2025-04-27T20:52:00,false
4878,809,,salary,1984.83,3447.33,NOMINA,2025-04-28T08:53:00,false
4879,1064,,salary,2142.82,3940.91,NOMINA,2025-04-28T11:14:00,false
4880,392,,transfer_in,566.62,854.59,TRANSFERENCIA RECIBIDA,2025-04-28T11:33:00,false
4881,947,49,card_payment,-5.88,2458.02,COMPRA LA TIENDA DE LOS ARCOS,2025-04-28T13:33:00,false
4882,1093,96,card_payment,-21.48,2100.10,COMPRA LIBRERÍA BUENAVISTA,2025-04-28T18:03:00,false
4883,287,,atm_withdrawal,-200.00,2738.88,REINTEGRO CAJERO,2025-04-28T19:49:00,false
4884,526,,salary,1311.29,3715.13,NOMINA,2025-04-28T21:05:00,false
4885,244,133,card_payment,-243.36,669.51,COMPRA ELECTRO GRAN VÍA,2025-04-29T08:09:00,false
4886,179,110,card_payment,-7.72,1637.24,COMPRA PANADERÍA EL FARO,2025-04-29T10:39:00,false
4887,20,111,card_payment,-7.03,2498.82,COMPRA EL RINCÓN DE EL FARO,2025-04-29T11:25:00,false
4888,534,,fee,-2.50,2935.30,COMISION MANTENIMIENTO,2025-04-29T11:32:00,false
4889,781,,transfer_in,565.33,2658.29,TRANSFERENCIA RECIBIDA,2025-04-29T12:06:00,false
4890,294,99,card_payment,-41.26,1181.04,COMPRA FARMACIA LA PLAZA,2025-04-29T12:51:00,true
4891,948,,transfer_out,-76.96,4315.16,TRANSFERENCIA EMITIDA,2025-04-29T13:51:00,false
4892,1057,,transfer_in,350.40,2326.64,TRANSFERENCIA RECIBIDA,2025-04-29T14:42:00,false
4893,811,95,card_payment,-23.99,242.46,COMPRA EL RINCÓN DE SAN MARCOS,2025-04-29T16:18:00,false
4894,956,93,card_payment,-27.08,1128.08,COMPRA ELECTRO LOS ARCOS,2025-04-29T16:25:00,false
4895,1027,131,card_payment,-58.57,229.00,COMPRA PANADERÍA MODERNO,2025-04-29T17:50:00,false
4896,308,64,card_payment,-30.04,1988.37,COMPRA LA TIENDA DE SAN MARCOS,2025-04-29T18:57:00,false
4897,1083,5,card_payment,-69.82,3675.50,COMPRA ELECTRO NUEVO,2025-04-29T19:16:00,false
4898,336,,atm_withdrawal,-20.00,826.26,REINTEGRO CAJERO,2025-04-29T20:39:00,false
4899,23,136,card_payment,-111.51,592.28,COMPRA MUEBLES LA ESTRELLA,2025-04-30T10:54:00,false
4900,185,133,card_payment,-17.13,419.44,COMPRA ELECTRO GRAN VÍA,2025-04-30T11:35:00,false
4901,347,,atm_withdrawal,-200.00,2777.35,REINTEGRO CAJERO,2025-04-30T14:52:00,false
4902,139,177,card_payment,-54.04,2151.31,COMPRA BAR MODERNO,2025-04-30T15:09:00,true
4903,444,162,card_payment,-4.74,3226.87,COMPRA LIBRERÍA LA ESQUINA,2025-04-30T19:56:00,true
4904,777,,transfer_in,192.11,3049.66,TRANSFERENCIA RECIBIDA,2025-04-30T20:50:00,false
4905,939,78,card_payment,-57.48,3203.03,COMPRA LA TIENDA DE EL FARO,2025-04-30T20:58:00,false
4906,496,,direct_debit,-27.52,3499.57,RECIBO DOMICILIADO,2025-05-01T09:37:00,false
4907,673,,direct_debit,-75.26,1999.37,RECIBO DOMICILIADO,2025-05-01T09:50:00,false
4908,915,,direct_debit,-19.30,6706.63,RECIBO DOMICILIADO,2025-05-01T11:47:00,false
4909,463,,fee,-4.50,6752.37,COMISION MANTENIMIENTO,2025-05-01T14:57:00,false
4910,409,48,card_payment,-179.04,1655.35,COMPRA CAFETERÍA DEL CARMEN,2025-05-01T15:52:00,false
4911,22,,direct_debit,-8.76,5720.06,RECIBO DOMICILIADO,2025-05-01T16:33:00,false
4912,135,,direct_debit,-29.92,3192.79,RECIBO DOMICILIADO,2025-05-01T18:17:00,false
4913,694,,direct_debit,-67.00,310.72,RECIBO DOMICILIADO,2025-05-01T19:28:00,false
4914,689,162,card_payment,-1.33,1869.63,COMPRA LIBRERÍA LA ESQUINA,2025-05-01T19:32:00,true
4915,1066,151,card_payment,-7.17,2229.09,COMPRA FARMACIA MODERNO,2025-05-01T19:56:00,false
4916,467,,direct_debit,-14.81,2467.15,RECIBO DOMICILIADO,2025-05-01T21:12:00,false
4917,822,,direct_debit,-68.35,960.45,RECIBO DOMICILIADO,2025-05-02T08:11:00,false
4918,529,,direct_debit,-4.34,2409.29,RECIBO DOMICILIADO,2025-05-02T10:03:00,false
4919,41,116,card_payment,-51.51,4949.25,COMPRA ELECTRO MODERNO,2025-05-02T11:30:00,false
4920,1075,,transfer_out,-96.34,5189.69,TRANSFERENCIA EMITIDA,2025-05-02T11:40:00,false
4921,943,,fee,-2.50,3583.47,COMISION MANTENIMIENTO,2025-05-02T12:03:00,false
4922,686,,direct_debit,-54.48,4032.97,RECIBO DOMICILIADO,2025-05-02T12:24:00,false
4923,816,,transfer_out,-461.82,2932.64,TRANSFERENCIA EMITIDA,2025-05-02T12:29:00,false
4924,395,,direct_debit,-78.67,1060.90,RECIBO DOMICILIADO,2025-05-02T12:35:00,false
4925,1068,,direct_debit,-11.55,1350.48,RECIBO DOMICILIADO,2025-05-02T13:05:00,false
4926,598,,direct_debit,-15.16,-88.13,RECIBO DOMICILIADO,2025-05-02T13:18:00,false
4927,541,,direct_debit,-25.28,2842.75,RECIBO DOMICILIADO,2025-05-02T13:23:00,false
4928,783,147,card_payment,-29.70,1621.14,COMPRA TALLER SAN MARCOS,2025-05-02T13:42:00,false
4929,387,,atm_withdrawal,-40.00,3674.72,REINTEGRO CAJERO,2025-05-02T16:07:00,false
4930,1038,117,card_payment,-5.83,5338.63,COMPRA SUPERMERCADO REAL,2025-05-02T17:01:00,false
4931,1014,,direct_debit,-133.92,4340.31,RECIBO DOMICILIADO,2025-05-02T17:07:00,false
4932,773,,direct_debit,-30.41,5737.59,RECIBO DOMICILIADO,2025-05-02T18:03:00,false
4933,900,,direct_debit,-40.78,1257.81,RECIBO DOMICILIADO,2025-05-02T18:26:00,false
4934,1045,9,card_payment,-8.14,1582.39,COMPRA PELUQUERÍA DEL PUERTO,2025-05-02T18:45:00,true
4935,900,10,card_payment,-35.56,1222.25,COMPRA PANADERÍA LA ESTRELLA,2025-05-02T19:04:00,false
4936,471,,transfer_out,-511.12,1016.26,TRANSFERENCIA EMITIDA,2025-05-02T20:38:00,false
4937,493,,direct_debit,-14.96,2281.20,RECIBO DOMICILIADO,2025-05-02T20:49:00,false
4938,156,,transfer_in,161.80,494.29,TRANSFERENCIA RECIBIDA,2025-05-02T21:38:00,false
4939,325,,direct_debit,-28.01,2013.62,RECIBO DOMICILIADO,2025-05-02T21:49:00,false
4940,71,,direct_debit,-28.72,4069.92,RECIBO DOMICILIADO,2025-05-03T08:30:00,false
4941,935,,transfer_out,-705.68,316.34,TRANSFERENCIA EMITIDA,2025-05-03T09:04:00,false
4942,879,172,card_payment,-8.34,-9.51,COMPRA EL RINCÓN DE MODERNO,2025-05-03T09:21:00,false
4943,469,,direct_debit,-41.80,1798.72,RECIBO DOMICILIADO,2025-05-03T09:28:00,false
4944,1014,,direct_debit,-54.39,4285.92,RECIBO DOMICILIADO,2025-05-03T10:13:00,false
4945,951,143,card_payment,-10.38,3728.42,COMPRA PELUQUERÍA LOS ARCOS,2025-05-03T10:17:00,true
4946,297,,direct_debit,-14.08,3442.81,RECIBO DOMICILIADO,2025-05-03T10:18:00,false
4947,1079,,direct_debit,-48.14,6157.13,RECIBO DOMICILIADO,2025-05-03T10:30:00,false
4948,1044,,atm_withdrawal,-100.00,1370.90,REINTEGRO CAJERO,2025-05-03T10:55:00,false
4949,588,,atm_withdrawal,-40.00,4748.87,REINTEGRO CAJERO,2025-05-03T11:27:00,false
4950,301,,direct_debit,-4.21,2777.43,RECIBO DOMICILIADO,2025-05-03T12:09:00,false
4951,517,,direct_debit,-23.85,123.25,RECIBO DOMICILIADO,2025-05-03T12:22:00,false
4952,158,174,card_payment,-3.14,38.72,COMPRA EL RINCÓN DE BUENAVISTA,2025-05-03T12:40:00,true
4953,925,,transfer_in,115.52,731.27,TRANSFERENCIA RECIBIDA,2025-05-03T13:02:00,false
4954,117,154,card_payment,-32.28,436.26,COMPRA ÓPTICA DEL SOL,2025-05-03T15:48:00,false
4955,278,92,card_payment,-7.38,6911.43,COMPRA CAFETERÍA EL FARO,2025-05-03T17:28:00,false
4956,955,,direct_debit,-40.32,2965.88,RECIBO DOMICILIADO,2025-05-03T18:41:00,false
4957,97,154,card_payment,-21.66,1875.01,COMPRA ÓPTICA DEL SOL,2025-05-03T19:03:00,false
4958,98,,transfer_out,-1280.46,519.71,TRANSFERENCIA EMITIDA,2025-05-03T19:26:00,false
4959,215,127,card_payment,-2.37,3057.50,COMPRA ÓPTICA SAN MARCOS,2025-05-03T19:30:00,false
4960,636,24,card_payment,-5.97,708.49,COMPRA ELECTRO DEL PUERTO,2025-05-03T21:39:00,false
4961,268,,direct_debit,-29.94,2895.37,RECIBO DOMICILIADO,2025-05-04T09:42:00,false
4962,661,,atm_withdrawal,-20.00,4400.82,REINTEGRO CAJERO,2025-05-04T11:29:00,false
4963,880,,direct_debit,-55.27,175.93,RECIBO DOMICILIADO,2025-05-04T11:43:00,false
4964,948,,transfer_out,-572.80,3742.36,TRANSFERENCIA EMITIDA,2025-05-04T12:13:00,false
4965,719,,direct_debit,-12.06,3849.81,RECIBO DOMICILIADO,2025-05-04T12:54:00,false
4966,31,,transfer_in,1234.69,2011.91,TRANSFERENCIA RECIBIDA,2025-05-04T14:32:00,false
4967,834,109,card_payment,-35.63,2065.44,COMPRA EL RINCÓN DE GRAN VÍA,2025-05-04T15:11:00,false
4968,668,,transfer_out,-66.25,-62.78,TRANSFERENCIA EMITIDA,2025-05-04T16:49:00,false
4969,411,,atm_withdrawal,-100.00,4584.16,REINTEGRO CAJERO,2025-05-04T17:10:00,false
4970,865,,direct_debit,-61.16,2218.21,RECIBO DOMICILIADO,2025-05-04T17:48:00,false
4971,852,,transfer_in,530.68,6342.77,TRANSFERENCIA RECIBIDA,2025-05-04T18:16:00,false
4972,249,,direct_debit,-5.06,3592.69,RECIBO DOMICILIADO,2025-05-04T18:28:00,false
4973,952,,direct_debit,-11.93,803.79,RECIBO DOMICILIADO,2025-05-04T19:43:00,false
4974,590,,fee,-3.00,4378.06,COMISION MANTENIMIENTO,2025-05-04T19:49:00,false
4975,790,,direct_debit,-15.58,1071.04,RECIBO DOMICILIADO,2025-05-04T20:30:00,false
4976,959,85,card_payment,-23.01,2998.50,COMPRA ELECTRO CENTRAL,2025-05-05T09:52:00,false
4977,200,,direct_debit,-32.68,2139.04,RECIBO DOMICILIADO,2025-05-05T09:53:00,false
4978,1053,141,card_payment,-48.70,3178.51,COMPRA LA TIENDA DE SAN MARCOS,2025-05-05T10:42:00,false
4979,467,,direct_debit,-12.98,2454.17,RECIBO DOMICILIADO,2025-05-05T10:51:00,false
4980,515,132,card_payment,-13.03,3579.34,COMPRA CAFETERÍA LA ESTRELLA,2025-05-05T11:14:00,false
4981,900,137,card_payment,-12.16,1210.09,COMPRA ÓPTICA CENTRAL,2025-05-05T11:18:00,false
4982,321,,fee,-3.00,2337.99,COMISION MANTENIMIENTO,2025-05-05T12:19:00,false
4983,1060,,transfer_in,132.52,4982.39,TRANSFERENCIA RECIBIDA,2025-05-05T12:33:00,false
4984,587,71,card_payment,-27.35,4077.15,COMPRA ÓPTICA NUEVO,2025-05-05T12:34:00,false
4985,1014,,direct_debit,-94.07,4191.85,RECIBO DOMICILIADO,2025-05-05T13:04:00,false
4986,816,149,card_payment,-47.84,2884.80,COMPRA PELUQUERÍA EL FARO,2025-05-05T13:12:00,false
4987,80,,atm_withdrawal,-150.00,2093.01,REINTEGRO CAJERO,2025-05-05T13:16:00,false
4988,974,,transfer_out,-312.82,-299.05,TRANSFERENCIA EMITIDA,2025-05-05T13:54:00,false
4989,378,15,card_payment,-30.38,1398.54,COMPRA ELECTRO LOS ARCOS,2025-05-05T14:15:00,false
4990,147,,direct_debit,-10.05,2395.38,RECIBO DOMICILIADO,2025-05-05T19:02:00,false
4991,371,,atm_withdrawal,-50.00,4050.17,REINTEGRO CAJERO,2025-05-05T19:14:00,false
4992,856,,direct_debit,-157.38,2276.82,RECIBO DOMICILIADO,2025-05-05T21:49:00,false
4993,938,,direct_debit,-25.04,5468.09,RECIBO DOMICILIADO,2025-05-06T08:33:00,false
4994,232,81,card_payment,-13.41,415.38,COMPRA CASA LOS ARCOS,2025-05-06T12:45:00,true
4995,631,,direct_debit,-35.82,1879.34,RECIBO DOMICILIADO,2025-05-06T14:26:00,false
4996,427,13,card_payment,-46.03,2216.02,COMPRA RESTAURANTE SAN MARCOS,2025-05-06T14:28:00,false
4997,286,,transfer_out,-418.27,264.53,TRANSFERENCIA EMITIDA,2025-05-06T16:22:00,false
4998,771,,direct_debit,-50.65,1736.32,RECIBO DOMICILIADO,2025-05-06T18:03:00,false
4999,764,,direct_debit,-48.62,2004.48,RECIBO DOMICILIADO,2025-05-06T19:26:00,false
5000,519,15,card_payment,-7.28,295.62,COMPRA ELECTRO LOS ARCOS,2025-05-06T19:27:00,false
5001,22,,direct_debit,-30.73,5689.33,RECIBO DOMICILIADO,2025-05-07T08:30:00,false
5002,171,,direct_debit,-27.95,524.84,RECIBO DOMICILIADO,2025-05-07T09:19:00,false
5003,71,,direct_debit,-103.25,3966.67,RECIBO DOMICILIADO,2025-05-07T10:32:00,false
5004,433,,transfer_in,215.83,82.33,TRANSFERENCIA RECIBIDA,2025-05-07T11:02:00,false
5005,798,,atm_withdrawal,-100.00,1916.61,REINTEGRO CAJERO,2025-05-07T11:28:00,false
5006,710,,atm_withdrawal,-200.00,2811.08,REINTEGRO CAJERO,2025-05-07T11:45:00,false
5007,180,164,card_payment,-35.05,2281.70,COMPRA LIBRERÍA REAL,2025-05-07T12:07:00,false
5008,533,,direct_debit,-25.13,4944.49,RECIBO DOMICILIADO,2025-05-07T12:11:00,false
5009,472,,direct_debit,-109.43,1988.98,RECIBO DOMICILIADO,2025-05-07T13:23:00,false
5010,544,,direct_debit,-19.36,3318.93,RECIBO DOMICILIADO,2025-05-07T14:15:00,false
5011,705,,direct_debit,-16.96,2133.11,RECIBO DOMICILIADO,2025-05-07T14:23:00,false
5012,899,62,card_payment,-5.87,2898.25,COMPRA PELUQUERÍA DEL PUERTO,2025-05-07T16:17:00,false
5013,1014,,direct_debit,-6.39,4185.46,RECIBO DOMICILIADO,2025-05-07T19:06:00,false
5014,378,14,card_payment,-36.36,1362.18,COMPRA ÓPTICA MODERNO,2025-05-07T19:17:00,true
5015,121,,direct_debit,-16.80,1808.26,RECIBO DOMICILIADO,2025-05-07T21:42:00,false
5016,123,116,card_payment,-8.60,8636.15,COMPRA ELECTRO MODERNO,2025-05-08T11:03:00,false
5017,444,177,card_payment,-8.36,3218.51,COMPRA BAR MODERNO,2025-05-08T11:50:00,true
5018,798,171,card_payment,-18.57,1898.04,COMPRA FARMACIA LA ESTRELLA,2025-05-08T12:35:00,false
5019,420,52,card_payment,-36.78,1680.09,COMPRA RESTAURANTE NUEVO,2025-05-08T13:47:00,false
5020,938,,fee,-3.00,5465.09,COMISION MANTENIMIENTO,2025-05-08T15:05:00,false
5021,403,67,card_payment,-122.47,2364.18,COMPRA PELUQUERÍA BUENAVISTA,2025-05-08T18:32:00,false
5022,1057,,transfer_out,-232.20,2094.44,TRANSFERENCIA EMITIDA,2025-05-08T18:56:00,false
5023,625,,transfer_in,772.65,2535.50,TRANSFERENCIA RECIBIDA,2025-05-08T18:57:00,false
5024,378,,transfer_out,-251.46,1110.72,TRANSFERENCIA EMITIDA,2025-05-08T19:43:00,false
5025,452,3,card_payment,-7.91,854.84,COMPRA SUPERMERCADO DEL SOL,2025-05-08T20:41:00,true
5026,695,133,card_payment,-86.57,2614.88,COMPRA ELECTRO GRAN VÍA,2025-05-09T11:25:00,false
5027,993,55,card_payment,-11.45,4774.92,COMPRA CAFETERÍA REAL,2025-05-09T12:01:00,false
5028,139,172,card_payment,-29.55,2121.76,COMPRA EL RINCÓN DE MODERNO,2025-05-09T13:23:00,false
5029,1041,,atm_withdrawal,-100.00,3196.67,REINTEGRO CAJERO,2025-05-09T13:52:00,false
5030,291,55,card_payment,-66.53,453.25,COMPRA CAFETERÍA REAL,2025-05-09T14:07:00,false
5031,628,,interest,0.20,417.85,ABONO INTERESES,2025-05-09T14:10:00,false
5032,610,173,card_payment,-52.50,3413.93,COMPRA LIBRERÍA NUEVO,2025-05-09T16:58:00,false
5033,244,62,card_payment,-3.44,666.07,COMPRA PELUQUERÍA DEL PUERTO,2025-05-09T17:09:00,false
5034,254,143,card_payment,-10.90,2339.28,COMPRA PELUQUERÍA LOS ARCOS,2025-05-09T18:43:00,true
5035,730,,transfer_in,340.17,2244.51,TRANSFERENCIA RECIBIDA,2025-05-09T21:56:00,false
5036,838,,fee,-4.50,3659.27,COMISION MANTENIMIENTO,2025-05-10T09:15:00,false
5037,706,,transfer_out,-82.83,1694.43,TRANSFERENCIA EMITIDA,2025-05-10T10:04:00,false
5038,749,127,card_payment,-21.18,2.48,COMPRA ÓPTICA SAN MARCOS,2025-05-10T11:52:00,false
5039,113,113,card_payment,-8.88,2188.80,COMPRA FARMACIA LOS ARCOS,2025-05-10T12:46:00,false
5040,85,29,card_payment,-10.85,1056.06,COMPRA CASA NUEVO,2025-05-10T13:09:00,false
5041,27,,atm_withdrawal,-60.00,752.63,REINTEGRO CAJERO,2025-05-10T14:44:00,false
5042,982,178,card_payment,-10.64,143.03,COMPRA MUEBLES DEL PUERTO,2025-05-10T17:41:00,false
5043,412,94,card_payment,-10.79,808.77,COMPRA BAR CENTRAL,2025-05-10T18:00:00,false
5044,627,91,card_payment,-11.14,2191.33,COMPRA MUEBLES MODERNO,2025-05-10T18:37:00,false
5045,1039,93,card_payment,-11.01,5314.88,COMPRA ELECTRO LOS ARCOS,2025-05-10T19:54:00,false
5046,1004,,transfer_out,-780.11,-287.73,TRANSFERENCIA EMITIDA,2025-05-10T20:07:00,false
5047,179,138,card_payment,-46.61,1590.63,COMPRA RESTAURANTE CENTRAL,2025-05-10T20:33:00,false
5048,322,91,card_payment,-33.41,4610.44,COMPRA MUEBLES MODERNO,2025-05-10T20:41:00,false
5049,517,,fee,-12.00,111.25,COMISION MANTENIMIENTO,2025-05-11T10:55:00,false
5050,978,33,card_payment,-17.28,1384.70,COMPRA LIBRERÍA DEL PUERTO,2025-05-11T11:56:00,true
5051,107,,transfer_out,-40.52,5217.46,TRANSFERENCIA EMITIDA,2025-05-11T13:03:00,false
5052,749,,transfer_out,-124.97,-122.49,TRANSFERENCIA EMITIDA,2025-05-11T15:34:00,false
5053,142,45,card_payment,-14.81,3934.44,COMPRA LA TIENDA DE DEL SOL,2025-05-11T16:30:00,false
5054,354,,transfer_out,-133.05,1919.21,TRANSFERENCIA EMITIDA,2025-05-11T17:45:00,false
5055,861,167,card_payment,-6.17,1211.23,COMPRA BAR NUEVO,2025-05-12T08:12:00,false
5056,438,,fee,-2.50,3842.40,COMISION MANTENIMIENTO,2025-05-12T08:54:00,false
5057,599,76,card_payment,-24.63,5609.91,COMPRA LIBRERÍA SAN MARCOS,2025-05-12T09:12:00,false
5058,789,110,card_payment,-23.15,7220.66,COMPRA PANADERÍA EL FARO,2025-05-12T11:05:00,false
5059,786,102,card_payment,-12.99,3030.66,COMPRA LIBRERÍA LOS ARCOS,2025-05-12T11:38:00,true
5060,116,,atm_withdrawal,-20.00,3140.51,REINTEGRO CAJERO,2025-05-12T11:44:00,false
5061,622,117,card_payment,-4.77,1706.96,COMPRA SUPERMERCADO REAL,2025-05-12T12:44:00,false
5062,972,,atm_withdrawal,-100.00,3616.75,REINTEGRO CAJERO,2025-05-12T12:52:00,false
5063,346,,atm_withdrawal,-50.00,843.66,REINTEGRO CAJERO,2025-05-12T16:00:00,false
5064,951,,transfer_out,-412.84,3315.58,TRANSFERENCIA EMITIDA,2025-05-12T19:23:00,false
5065,942,46,card_payment,-5.64,2495.25,COMPRA EL RINCÓN DE LA ESTRELLA,2025-05-13T10:06:00,false
5066,918,133,card_payment,-44.17,3147.48,COMPRA ELECTRO GRAN VÍA,2025-05-13T15:12:00,false
5067,197,,transfer_in,115.41,3147.15,TRANSFERENCIA RECIBIDA,2025-05-13T16:04:00,false
5068,371,,transfer_in,257.12,4307.29,TRANSFERENCIA RECIBIDA,2025-05-13T16:42:00,false
5069,247,,transfer_in,425.38,3920.72,TRANSFERENCIA RECIBIDA,2025-05-13T18:15:00,false
5070,20,51,card_payment,-31.51,2467.31,COMPRA MUEBLES LOS ARCOS,2025-05-13T18:43:00,false
5071,521,,atm_withdrawal,-200.00,2828.97,REINTEGRO CAJERO,2025-05-13T18:58:00,false
5072,733,,fee,-2.50,3486.54,COMISION MANTENIMIENTO,2025-05-13T19:24:00,false
5073,157,,atm_withdrawal,-60.00,1928.28,REINTEGRO CAJERO,2025-05-13T20:51:00,false
5074,255,7,card_payment,-25.89,3505.43,COMPRA PELUQUERÍA LOS ARCOS,2025-05-14T08:42:00,false
5075,584,131,card_payment,-5.23,3425.12,COMPRA PANADERÍA MODERNO,2025-05-14T09:58:00,false
5076,438,,atm_withdrawal,-200.00,3642.40,REINTEGRO CAJERO,2025-05-14T10:20:00,false
5077,614,4,card_payment,-19.71,6039.76,COMPRA LIBRERÍA LOS ARCOS,2025-05-14T10:28:00,false
5078,1019,,transfer_out,-143.69,1400.01,TRANSFERENCIA EMITIDA,2025-05-15T08:30:00,false
5079,486,,transfer_out,-461.09,576.29,TRANSFERENCIA EMITIDA,2025-05-15T08:31:00,false
5080,467,53,card_payment,-46.26,2407.91,COMPRA LIBRERÍA DEL CARMEN,2025-05-15T11:33:00,true
5081,254,33,card_payment,-22.17,2317.11,COMPRA LIBRERÍA DEL PUERTO,2025-05-15T14:14:00,true
5082,899,6,card_payment,-6.93,2891.32,COMPRA EL RINCÓN DE SAN MARCOS,2025-05-15T16:52:00,false
5083,865,60,card_payment,-12.33,2205.88,COMPRA FARMACIA EL FARO,2025-05-15T19:16:00,false
5084,284,138,card_payment,-4.58,1319.55,COMPRA RESTAURANTE CENTRAL,2025-05-15T19:28:00,false
5085,382,,transfer_out,-374.35,3316.73,TRANSFERENCIA EMITIDA,2025-05-15T19:48:00,false
5086,48,92,card_payment,-39.60,4212.20,COMPRA CAFETERÍA EL FARO,2025-05-15T19:49:00,false
5087,389,3,card_payment,-20.74,2032.73,COMPRA SUPERMERCADO DEL SOL,2025-05-15T20:09:00,true
5088,1046,90,card_payment,-5.87,2442.82,COMPRA LA TIENDA DE LOS ARCOS,2025-05-15T20:10:00,false
5089,719,89,card_payment,-9.95,3839.86,COMPRA RESTAURANTE DEL SOL,2025-05-16T10:24:00,false
5090,1071,59,card_payment,-13.92,5303.48,COMPRA LA TIENDA DE LA ESTRELLA,2025-05-16T10:53:00,false
5091,607,180,card_payment,-9.26,2516.50,COMPRA CAFETERÍA DEL CARMEN,2025-05-16T11:05:00,false
5092,314,,atm_withdrawal,-40.00,1713.25,REINTEGRO CAJERO,2025-05-16T14:59:00,false
5093,485,92,card_payment,-48.69,2349.50,COMPRA CAFETERÍA EL FARO,2025-05-16T15:39:00,false
5094,1022,,transfer_in,461.29,2334.37,TRANSFERENCIA RECIBIDA,2025-05-16T17:45:00,false
5095,1049,154,card_payment,-22.67,1538.59,COMPRA ÓPTICA DEL SOL,2025-05-16T18:03:00,false
5096,317,105,card_payment,-6.99,421.75,COMPRA ÓPTICA BUENAVISTA,2025-05-16T20:33:00,false
5097,41,,fee,-12.00,4937.25,COMISION MANTENIMIENTO,2025-05-17T08:11:00,false
5098,519,82,card_payment,-12.26,283.36,COMPRA ELECTRO MODERNO,2025-05-17T10:57:00,false
5099,655,72,card_payment,-33.13,2487.60,COMPRA ÓPTICA LA PLAZA,2025-05-17T12:03:00,false
5100,116,,atm_withdrawal,-50.00,3090.51,REINTEGRO CAJERO,2025-05-17T12:38:00,false
5101,527,81,card_payment,-3.95,2291.98,COMPRA CASA LOS ARCOS,2025-05-17T18:51:00,true
5102,163,57,card_payment,-2.42,1513.36,COMPRA ÓPTICA EL FARO,2025-05-17T20:10:00,false
5103,961,121,card_payment,-3.39,1571.68,COMPRA MUEBLES LA ESTRELLA,2025-05-18T08:42:00,false
5104,1034,,transfer_in,217.82,1092.34,TRANSFERENCIA RECIBIDA,2025-05-18T12:29:00,false
5105,466,178,card_payment,-18.97,3299.85,COMPRA MUEBLES DEL PUERTO,2025-05-18T14:35:00,false
5106,450,,transfer_out,-152.09,2743.56,TRANSFERENCIA EMITIDA,2025-05-18T14:52:00,false
5107,887,,atm_withdrawal,-150.00,5757.77,REINTEGRO CAJERO,2025-05-18T15:13:00,false
5108,1009,50,card_payment,-35.99,265.92,COMPRA ÓPTICA DEL SOL,2025-05-18T16:41:00,false
5109,43,55,card_payment,-26.79,372.36,COMPRA CAFETERÍA REAL,2025-05-18T19:09:00,false
5110,510,79,card_payment,-10.16,491.63,COMPRA CASA CENTRAL,2025-05-18T20:03:00,false
5111,964,,transfer_out,-415.62,3757.38,TRANSFERENCIA EMITIDA,2025-05-18T21:10:00,false
5112,92,10,card_payment,-26.22,1402.76,COMPRA PANADERÍA LA ESTRELLA,2025-05-18T21:28:00,false
5113,467,28,card_payment,-3.36,2404.55,COMPRA PANADERÍA NUEVO,2025-05-19T10:05:00,false
5114,902,,transfer_out,-582.70,261.36,TRANSFERENCIA EMITIDA,2025-05-19T10:13:00,false
5115,81,160,card_payment,-7.84,618.08,COMPRA TALLER DEL CARMEN,2025-05-19T10:48:00,false
5116,936,,transfer_out,-435.18,346.53,TRANSFERENCIA EMITIDA,2025-05-19T11:39:00,false
5117,27,,transfer_out,-211.01,541.62,TRANSFERENCIA EMITIDA,2025-05-19T13:36:00,false
5118,473,,transfer_in,254.80,2846.16,TRANSFERENCIA RECIBIDA,2025-05-19T17:09:00,false
5119,319,114,card_payment,-28.11,671.54,COMPRA FARMACIA BUENAVISTA,2025-05-19T17:59:00,false
5120,997,,interest,1.02,5126.39,ABONO INTERESES,2025-05-19T18:00:00,false
5121,140,135,card_payment,-34.33,107.27,COMPRA SUPERMERCADO GRAN VÍA,2025-05-19T19:12:00,false
5122,631,,fee,-12.00,1867.34,COMISION MANTENIMIENTO,2025-05-19T20:24:00,false
5123,914,,fee,-2.50,1657.34,COMISION MANTENIMIENTO,2025-05-20T09:09:00,false
5124,764,58,card_payment,-5.77,1998.71,COMPRA ÓPTICA MODERNO,2025-05-20T09:25:00,false
5125,865,31,card_payment,-31.59,2174.29,COMPRA MUEBLES LA PLAZA,2025-05-20T11:04:00,false
5126,331,,transfer_out,-536.52,1212.41,TRANSFERENCIA EMITIDA,2025-05-20T12:52:00,false
5127,406,68,card_payment,-20.57,2998.11,COMPRA EL RINCÓN DE GRAN VÍA,2025-05-20T13:37:00,false
5128,633,,transfer_in,168.33,3903.83,TRANSFERENCIA RECIBIDA,2025-05-20T13:48:00,false
5129,465,,transfer_in,883.96,605.62,TRANSFERENCIA RECIBIDA,2025-05-20T14:27:00,false
5130,934,65,card_payment,-9.32,5358.18,COMPRA LIBRERÍA EL FARO,2025-05-20T16:41:00,false
5131,744,,transfer_out,-338.61,3437.07,TRANSFERENCIA EMITIDA,2025-05-20T18:05:00,false
5132,130,103,card_payment,-16.19,1098.87,COMPRA MUEBLES EL FARO,2025-05-20T18:11:00,false
5133,135,101,card_payment,-31.21,3161.58,COMPRA ÓPTICA BUENAVISTA,2025-05-21T08:35:00,false
5134,590,154,card_payment,-25.54,4352.52,COMPRA ÓPTICA DEL SOL,2025-05-21T09:21:00,false
5135,673,59,card_payment,-60.76,1938.61,COMPRA LA TIENDA DE LA ESTRELLA,2025-05-21T14:55:00,false
5136,376,59,card_payment,-79.09,1405.15,COMPRA LA TIENDA DE LA ESTRELLA,2025-05-21T16:33:00,false
5137,446,34,card_payment,-18.39,4165.39,COMPRA CAFETERÍA DEL SOL,2025-05-21T17:18:00,false
5138,115,,transfer_in,256.16,1481.74,TRANSFERENCIA RECIBIDA,2025-05-21T18:50:00,false
5139,689,,fee,-12.00,1857.63,COMISION MANTENIMIENTO,2025-05-21T19:04:00,false
5140,127,27,card_payment,-2.04,5023.70,COMPRA LA TIENDA DE SAN MARCOS,2025-05-21T19:12:00,false
5141,261,124,card_payment,-20.48,3449.82,COMPRA ELECTRO EL FARO,2025-05-22T10:04:00,false
5142,250,,atm_withdrawal,-20.00,1890.42,REINTEGRO CAJERO,2025-05-22T12:17:00,false
5143,20,,transfer_in,1012.35,3479.66,TRANSFERENCIA RECIBIDA,2025-05-22T13:19:00,false
5144,346,112,card_payment,-88.35,755.31,COMPRA CAFETERÍA DEL PUERTO,2025-05-22T14:20:00,false
5145,863,87,card_payment,-25.20,3190.81,COMPRA LA TIENDA DE LA ESQUINA,2025-05-22T14:53:00,false
5146,1057,,transfer_out,-304.26,1790.18,TRANSFERENCIA EMITIDA,2025-05-22T17:10:00,false
5147,443,1,card_payment,-5.51,2434.50,COMPRA ELECTRO BUENAVISTA,2025-05-22T17:37:00,true
5148,155,150,card_payment,-18.87,3517.54,COMPRA PANADERÍA LA PLAZA,2025-05-23T08:35:00,false
5149,720,,transfer_out,-83.23,228.81,TRANSFERENCIA EMITIDA,2025-05-23T11:17:00,false
5150,356,136,card_payment,-2.93,1613.67,COMPRA MUEBLES LA ESTRELLA,2025-05-23T13:23:00,false
5151,928,,atm_withdrawal,-50.00,3609.60,REINTEGRO CAJERO,2025-05-23T13:52:00,false
5152,533,110,card_payment,-3.53,4940.96,COMPRA PANADERÍA EL FARO,2025-05-23T14:04:00,false
5153,130,9,card_payment,-10.67,1088.20,COMPRA PELUQUERÍA DEL PUERTO,2025-05-23T14:20:00,true
5154,528,,transfer_out,-1424.09,-65.60,TRANSFERENCIA EMITIDA,2025-05-23T14:30:00,false
5155,943,132,card_payment,-18.46,3565.01,COMPRA CAFETERÍA LA ESTRELLA,2025-05-23T15:27:00,false
5156,456,12,card_payment,-7.68,2989.01,COMPRA MUEBLES LA ESQUINA,2025-05-23T16:23:00,false
5157,556,65,card_payment,-68.45,1055.01,COMPRA LIBRERÍA EL FARO,2025-05-23T17:30:00,false
5158,784,,interest,1.52,130.68,ABONO INTERESES,2025-05-23T17:37:00,false
5159,39,79,card_payment,-69.83,2886.07,COMPRA CASA CENTRAL,2025-05-23T19:20:00,false
5160,365,74,card_payment,-30.09,1577.91,COMPRA ELECTRO LOS ARCOS,2025-05-23T19:22:00,false
5161,506,,atm_withdrawal,-60.00,2025.01,REINTEGRO CAJERO,2025-05-23T20:07:00,false
5162,988,22,card_payment,-41.75,543.36,COMPRA PELUQUERÍA DEL CARMEN,2025-05-24T08:14:00,false
5163,956,122,card_payment,-127.12,1000.96,COMPRA CASA NUEVO,2025-05-24T10:34:00,false
5164,974,96,card_payment,-13.03,-312.08,COMPRA LIBRERÍA BUENAVISTA,2025-05-24T10:51:00,false
5165,705,62,card_payment,-4.81,2128.30,COMPRA PELUQUERÍA DEL PUERTO,2025-05-24T14:19:00,false
5166,130,,transfer_in,173.46,1261.66,TRANSFERENCIA RECIBIDA,2025-05-24T15:36:00,false
5167,496,,transfer_out,-177.87,3321.70,TRANSFERENCIA EMITIDA,2025-05-24T17:57:00,false
5168,403,147,card_payment,-10.34,2353.84,COMPRA TALLER SAN MARCOS,2025-05-24T18:43:00,false
5169,738,54,card_payment,-37.48,5170.22,COMPRA ELECTRO DEL PUERTO,2025-05-24T18:56:00,false
5170,766,,salary,947.25,1978.57,NOMINA,2025-05-25T09:22:00,false
5171,285,,salary,1315.43,10138.14,NOMINA,2025-05-25T12:15:00,false
5172,860,,transfer_out,-325.69,6990.44,TRANSFERENCIA EMITIDA,2025-05-25T12:57:00,false
5173,126,56,card_payment,-3.15,1013.16,COMPRA BAR REAL,2025-05-25T15:54:00,false
5174,268,,salary,1893.85,4789.22,NOMINA,2025-05-25T16:58:00,false
5175,809,,salary,1316.55,4763.88,NOMINA,2025-05-25T18:02:00,false
5176,1024,78,card_payment,-99.50,-164.61,COMPRA LA TIENDA DE EL FARO,2025-05-25T21:44:00,false
5177,254,,salary,1688.07,4005.18,NOMINA,2025-05-26T09:57:00,false
5178,670,,salary,2479.60,5517.27,NOMINA,2025-05-26T10:16:00,false
5179,35,,salary,2406.55,4899.59,NOMINA,2025-05-26T10:20:00,false
5180,567,136,card_payment,-5.65,-87.24,COMPRA MUEBLES LA ESTRELLA,2025-05-26T11:39:00,false
5181,31,,fee,-12.00,1999.91,COMISION MANTENIMIENTO,2025-05-26T11:43:00,false
5182,705,29,card_payment,-4.51,2123.79,COMPRA CASA NUEVO,2025-05-26T12:02:00,false
5183,443,,transfer_out,-215.08,2219.42,TRANSFERENCIA EMITIDA,2025-05-26T13:01:00,false
5184,51,,transfer_in,991.00,2100.39,TRANSFERENCIA RECIBIDA,2025-05-26T13:36:00,false
5185,237,89,card_payment,-10.28,3647.95,COMPRA RESTAURANTE DEL SOL,2025-05-26T18:49:00,false
5186,695,122,card_payment,-23.29,2591.59,COMPRA CASA NUEVO,2025-05-26T18:51:00,false
5187,706,,salary,1361.34,3055.77,NOMINA,2025-05-26T20:23:00,false
5188,683,,transfer_in,956.52,6974.88,TRANSFERENCIA RECIBIDA,2025-05-26T20:30:00,false
5189,600,22,card_payment,-59.88,2974.73,COMPRA PELUQUERÍA DEL CARMEN,2025-05-26T21:38:00,false
5190,212,39,card_payment,-46.80,1968.04,COMPRA LA TIENDA DE REAL,2025-05-27T10:12:00,false
5191,215,,transfer_out,-38.78,3018.72,TRANSFERENCIA EMITIDA,2025-05-27T11:14:00,false
5192,1057,37,card_payment,-17.04,1773.14,COMPRA BAR DEL SOL,2025-05-27T11:52:00,false
5193,470,61,card_payment,-35.34,2321.62,COMPRA PANADERÍA LA PLAZA,2025-05-27T12:07:00,false
5194,774,174,card_payment,-7.83,3798.32,COMPRA EL RINCÓN DE BUENAVISTA,2025-05-27T13:01:00,true
5195,81,,salary,1682.12,2300.20,NOMINA,2025-05-27T13:09:00,false
5196,770,,salary,1182.58,3923.27,NOMINA,2025-05-27T14:43:00,false
5197,244,,fee,-12.00,654.07,COMISION MANTENIMIENTO,2025-05-27T15:31:00,false
5198,123,134,card_payment,-11.78,8624.37,COMPRA BAR REAL,2025-05-27T15:33:00,false
5199,186,93,card_payment,-5.90,3329.27,COMPRA ELECTRO LOS ARCOS,2025-05-27T15:35:00,false
5200,117,149,card_payment,-14.80,421.46,COMPRA PELUQUERÍA EL FARO,2025-05-27T17:21:00,false
5201,629,65,card_payment,-7.85,3148.12,COMPRA LIBRERÍA EL FARO,2025-05-27T18:20:00,false
5202,310,,salary,2651.75,7541.71,NOMINA,2025-05-27T18:42:00,false
5203,929,,transfer_out,-535.92,-295.75,TRANSFERENCIA EMITIDA,2025-05-27T19:32:00,false
5204,122,,salary,2565.72,6174.43,NOMINA,2025-05-27T19:47:00,false
5205,1058,,salary,2231.59,3594.34,NOMINA,2025-05-27T20:29:00,false
5206,404,58,card_payment,-4.22,1511.91,COMPRA ÓPTICA MODERNO,2025-05-28T08:51:00,false
5207,31,4,card_payment,-91.66,1908.25,COMPRA LIBRERÍA LOS ARCOS,2025-05-28T09:28:00,false
5208,351,,transfer_in,599.28,2577.60,TRANSFERENCIA RECIBIDA,2025-05-28T09:57:00,false
5209,123,174,card_payment,-13.00,8611.37,COMPRA EL RINCÓN DE BUENAVISTA,2025-05-28T11:26:00,true
5210,197,,interest,3.55,3150.70,ABONO INTERESES,2025-05-28T12:20:00,false
5211,87,,transfer_out,-738.91,1485.99,TRANSFERENCIA EMITIDA,2025-05-28T12:44:00,false
5212,276,133,card_payment,-16.60,6945.87,COMPRA ELECTRO GRAN VÍA,2025-05-28T12:47:00,false
5213,1057,,salary,1308.27,3081.41,NOMINA,2025-05-28T13:24:00,false
5214,133,62,card_payment,-11.17,2418.56,COMPRA PELUQUERÍA DEL PUERTO,2025-05-28T15:50:00,false
5215,240,35,card_payment,-6.55,3707.63,COMPRA CAFETERÍA REAL,2025-05-28T16:10:00,false
5216,902,,transfer_in,481.91,743.27,TRANSFERENCIA RECIBIDA,2025-05-28T16:27:00,false
5217,1096,,atm_withdrawal,-60.00,1818.57,REINTEGRO CAJERO,2025-05-28T16:57:00,false
5218,187,,salary,2100.10,5180.93,NOMINA,2025-05-28T19:37:00,false
5219,764,,fee,-3.00,1995.71,COMISION MANTENIMIENTO,2025-05-28T20:29:00,false
5220,790,66,card_payment,-9.78,1061.26,COMPRA ÓPTICA LA ESQUINA,2025-05-28T20:43:00,false
5221,709,,transfer_in,521.85,2763.76,TRANSFERENCIA RECIBIDA,2025-05-28T21:15:00,false
5222,62,84,card_payment,-28.46,906.61,COMPRA CAFETERÍA LOS ARCOS,2025-05-29T10:19:00,true
5223,663,117,card_payment,-18.38,674.87,COMPRA SUPERMERCADO REAL,2025-05-29T10:46:00,false
5224,158,23,card_payment,-25.59,13.13,COMPRA CAFETERÍA GRAN VÍA,2025-05-29T10:54:00,false
5225,705,,transfer_in,409.67,2533.46,TRANSFERENCIA RECIBIDA,2025-05-29T13:06:00,false
5226,895,,transfer_in,834.52,3233.47,TRANSFERENCIA RECIBIDA,2025-05-29T13:10:00,false
5227,802,72,card_payment,-13.08,2130.04,COMPRA ÓPTICA LA PLAZA,2025-05-29T13:16:00,false
5228,275,,fee,-3.00,2913.13,COMISION MANTENIMIENTO,2025-05-29T14:23:00,false
5229,925,57,card_payment,-20.59,710.68,COMPRA ÓPTICA EL FARO,2025-05-29T14:51:00,false
5230,22,149,card_payment,-44.67,5644.66,COMPRA PELUQUERÍA EL FARO,2025-05-29T16:03:00,false
5231,23,94,card_payment,-48.64,543.64,COMPRA BAR CENTRAL,2025-05-29T16:04:00,false
5232,46,40,card_payment,-20.84,810.51,COMPRA EL RINCÓN DE REAL,2025-05-29T17:26:00,true
5233,570,88,card_payment,-8.17,2591.56,COMPRA TALLER SAN MARCOS,2025-05-29T18:04:00,false
5234,325,48,card_payment,-7.69,2005.93,COMPRA CAFETERÍA DEL CARMEN,2025-05-29T18:59:00,false
5235,400,27,card_payment,-59.99,2732.73,COMPRA LA TIENDA DE SAN MARCOS,2025-05-29T19:45:00,false
5236,686,,fee,-4.50,4028.47,COMISION MANTENIMIENTO,2025-05-30T09:40:00,false
5237,711,12,card_payment,-5.01,1138.80,COMPRA MUEBLES LA ESQUINA,2025-05-30T12:53:00,false
5238,1073,138,card_payment,-43.81,2873.59,COMPRA RESTAURANTE CENTRAL,2025-05-30T13:31:00,false
5239,477,,transfer_in,776.72,1028.61,TRANSFERENCIA RECIBIDA,2025-05-30T16:47:00,false
5240,578,53,card_payment,-8.57,1783.93,COMPRA LIBRERÍA DEL CARMEN,2025-05-30T17:56:00,true
5241,863,100,card_payment,-52.60,3138.21,COMPRA ÓPTICA NUEVO,2025-05-30T18:01:00,false
5242,728,,fee,-3.00,2929.59,COMISION MANTENIMIENTO,2025-05-30T18:15:00,false
5243,882,,transfer_out,-518.00,1232.48,TRANSFERENCIA EMITIDA,2025-05-30T18:44:00,false
5244,442,25,card_payment,-9.22,2228.40,COMPRA SUPERMERCADO LOS ARCOS,2025-05-30T19:10:00,false
5245,989,28,card_payment,-91.12,2400.54,COMPRA PANADERÍA NUEVO,2025-05-30T20:13:00,false
5246,491,161,card_payment,-1.10,3069.85,COMPRA ELECTRO BUENAVISTA,2025-05-31T09:24:00,false
5247,884,,transfer_out,-592.09,6868.40,TRANSFERENCIA EMITIDA,2025-05-31T12:03:00,false
5248,704,72,card_payment,-43.12,5133.87,COMPRA ÓPTICA LA PLAZA,2025-05-31T12:32:00,false
5249,52,122,card_payment,-4.78,5075.52,COMPRA CASA NUEVO,2025-05-31T12:39:00,false
5250,84,53,card_payment,-41.10,-1052.28,COMPRA LIBRERÍA DEL CARMEN,2025-05-31T13:53:00,true
5251,80,,transfer_in,13.15,2106.16,TRANSFERENCIA RECIBIDA,2025-05-31T18:27:00,false
5252,935,,direct_debit,-54.61,261.73,RECIBO DOMICILIADO,2025-06-01T09:17:00,false
5253,941,15,card_payment,-8.20,1710.73,COMPRA ELECTRO LOS ARCOS,2025-06-01T09:47:00,false
5254,438,,direct_debit,-17.89,3624.51,RECIBO DOMICILIADO,2025-06-01T11:19:00,false
5255,472,,direct_debit,-48.46,1940.52,RECIBO DOMICILIADO,2025-06-01T11:45:00,false
5256,816,,direct_debit,-21.64,2863.16,RECIBO DOMICILIADO,2025-06-01T11:48:00,false
5257,951,,direct_debit,-38.24,3277.34,RECIBO DOMICILIADO,2025-06-01T13:08:00,false
5258,256,,direct_debit,-14.04,4477.45,RECIBO DOMICILIADO,2025-06-01T16:15:00,false
5259,370,,atm_withdrawal,-200.00,2886.98,REINTEGRO CAJERO,2025-06-01T16:18:00,false
5260,582,,direct_debit,-9.35,2693.97,RECIBO DOMICILIADO,2025-06-01T16:21:00,false
5261,255,,atm_withdrawal,-100.00,3405.43,REINTEGRO CAJERO,2025-06-02T09:10:00,false
5262,99,,transfer_out,-818.94,2322.86,TRANSFERENCIA EMITIDA,2025-06-02T09:17:00,false
5263,841,,direct_debit,-83.21,1160.10,RECIBO DOMICILIADO,2025-06-02T09:23:00,false
5264,925,,transfer_in,149.83,860.51,TRANSFERENCIA RECIBIDA,2025-06-02T11:27:00,false
5265,900,,direct_debit,-93.62,1116.47,RECIBO DOMICILIADO,2025-06-02T13:24:00,false
5266,235,,direct_debit,-42.54,4083.55,RECIBO DOMICILIADO,2025-06-02T13:30:00,false
5267,567,,transfer_out,-438.96,-526.20,TRANSFERENCIA EMITIDA,2025-06-02T15:07:00,false
5268,706,78,card_payment,-58.67,2997.10,COMPRA LA TIENDA DE EL FARO,2025-06-02T15:44:00,false
5269,395,20,card_payment,-11.42,1049.48,COMPRA LA TIENDA DE BUENAVISTA,2025-06-02T16:47:00,false
5270,955,,direct_debit,-58.89,2906.99,RECIBO DOMICILIADO,2025-06-02T16:52:00,false
5271,163,38,card_payment,-16.48,1496.88,COMPRA ÓPTICA DEL PUERTO,2025-06-02T17:21:00,false
5272,71,,transfer_out,-570.45,3396.22,TRANSFERENCIA EMITIDA,2025-06-02T17:36:00,false
5273,469,55,card_payment,-34.01,1764.71,COMPRA CAFETERÍA REAL,2025-06-02T17:40:00,false
5274,598,,direct_debit,-11.08,-99.21,RECIBO DOMICILIADO,2025-06-02T18:08:00,false
5275,964,,direct_debit,-76.10,3681.28,RECIBO DOMICILIADO,2025-06-02T18:17:00,false
5276,113,9,card_payment,-4.27,2184.53,COMPRA PELUQUERÍA DEL PUERTO,2025-06-02T19:49:00,true
5277,1014,,direct_debit,-36.67,4148.79,RECIBO DOMICILIADO,2025-06-03T08:11:00,false
5278,1021,25,card_payment,-259.32,2648.34,COMPRA SUPERMERCADO LOS ARCOS,2025-06-03T09:00:00,false
5279,436,34,card_payment,-10.97,153.12,COMPRA CAFETERÍA DEL SOL,2025-06-03T10:16:00,false
5280,114,,direct_debit,-31.10,1735.04,RECIBO DOMICILIADO,2025-06-03T10:51:00,false
5281,151,,direct_debit,-34.97,821.30,RECIBO DOMICILIADO,2025-06-03T11:35:00,false
5282,863,,atm_withdrawal,-100.00,3038.21,REINTEGRO CAJERO,2025-06-03T11:38:00,false
5283,103,49,card_payment,-11.45,1566.61,COMPRA LA TIENDA DE LOS ARCOS,2025-06-03T12:56:00,false
5284,41,58,card_payment,-6.04,4931.21,COMPRA ÓPTICA MODERNO,2025-06-03T14:04:00,false
5285,918,,direct_debit,-18.10,3129.38,RECIBO DOMICILIADO,2025-06-03T14:31:00,false
5286,404,,direct_debit,-86.43,1425.48,RECIBO DOMICILIADO,2025-06-03T15:40:00,false
5287,322,,transfer_in,455.15,5065.59,TRANSFERENCIA RECIBIDA,2025-06-03T15:51:00,false
5288,629,,direct_debit,-19.07,3129.05,RECIBO DOMICILIADO,2025-06-03T15:55:00,false
5289,321,136,card_payment,-165.87,2172.12,COMPRA MUEBLES LA ESTRELLA,2025-06-03T17:27:00,false
5290,250,16,card_payment,-16.22,1874.20,COMPRA LA TIENDA DE LOS ARCOS,2025-06-03T18:27:00,false
5291,915,,transfer_out,-529.92,6176.71,TRANSFERENCIA EMITIDA,2025-06-03T19:12:00,false
5292,1004,76,card_payment,-11.93,-299.66,COMPRA LIBRERÍA SAN MARCOS,2025-06-03T20:40:00,false
5293,661,,direct_debit,-72.39,4328.43,RECIBO DOMICILIADO,2025-06-03T21:08:00,false
5294,344,,fee,-3.00,3975.71,COMISION MANTENIMIENTO,2025-06-04T08:06:00,false
5295,1064,5,card_payment,-127.71,3813.20,COMPRA ELECTRO NUEVO,2025-06-04T09:29:00,false
5296,181,,direct_debit,-204.68,2357.03,RECIBO DOMICILIADO,2025-06-04T11:58:00,false
5297,873,,atm_withdrawal,-50.00,1691.04,REINTEGRO CAJERO,2025-06-04T12:09:00,false
5298,920,,direct_debit,-37.38,1391.33,RECIBO DOMICILIADO,2025-06-04T13:55:00,false
5299,992,,direct_debit,-45.87,3108.81,RECIBO DOMICILIADO,2025-06-04T17:18:00,false
5300,816,,atm_withdrawal,-150.00,2713.16,REINTEGRO CAJERO,2025-06-04T17:55:00,false
5301,811,,transfer_in,81.10,323.56,TRANSFERENCIA RECIBIDA,2025-06-04T18:06:00,false
5302,428,,transfer_in,1287.87,1865.22,TRANSFERENCIA RECIBIDA,2025-06-04T18:07:00,false
5303,438,,direct_debit,-63.38,3561.13,RECIBO DOMICILIADO,2025-06-04T20:16:00,false
5304,741,23,card_payment,-13.55,4515.23,COMPRA CAFETERÍA GRAN VÍA,2025-06-04T20:48:00,false
5305,98,,interest,0.48,520.19,ABONO INTERESES,2025-06-04T21:24:00,false
5306,676,152,card_payment,-23.07,5885.27,COMPRA LIBRERÍA DEL CARMEN,2025-06-05T09:47:00,false
5307,384,,direct_debit,-41.71,671.68,RECIBO DOMICILIADO,2025-06-05T10:25:00,false
5308,662,,direct_debit,-48.26,496.61,RECIBO DOMICILIADO,2025-06-05T10:59:00,false
5309,139,152,card_payment,-63.85,2057.91,COMPRA LIBRERÍA DEL CARMEN,2025-06-05T11:31:00,false
5310,958,118,card_payment,-19.96,2778.79,COMPRA TALLER EL FARO,2025-06-05T11:38:00,false
5311,568,,direct_debit,-9.45,1880.00,RECIBO DOMICILIADO,2025-06-05T11:55:00,false
5312,516,,transfer_out,-1149.21,1993.83,TRANSFERENCIA EMITIDA,2025-06-05T13:17:00,false
5313,63,34,card_payment,-36.85,2809.37,COMPRA CAFETERÍA DEL SOL,2025-06-05T13:55:00,false
5314,482,110,card_payment,-32.53,4224.02,COMPRA PANADERÍA EL FARO,2025-06-05T18:00:00,false
5315,197,133,card_payment,-4.78,3145.92,COMPRA ELECTRO GRAN VÍA,2025-06-05T18:07:00,false
5316,618,,transfer_in,561.28,6274.16,TRANSFERENCIA RECIBIDA,2025-06-05T21:08:00,false
5317,79,,direct_debit,-24.16,714.90,RECIBO DOMICILIADO,2025-06-05T21:57:00,false
5318,1004,99,card_payment,-15.99,-315.65,COMPRA FARMACIA LA PLAZA,2025-06-05T21:57:00,true
5319,473,55,card_payment,-19.70,2826.46,COMPRA CAFETERÍA REAL,2025-06-06T11:43:00,false
5320,797,,direct_debit,-48.15,1179.42,RECIBO DOMICILIADO,2025-06-06T11:47:00,false
5321,286,175,card_payment,-31.52,233.01,COMPRA LA TIENDA DE MODERNO,2025-06-06T11:53:00,false
5322,349,,transfer_out,-513.95,861.49,TRANSFERENCIA EMITIDA,2025-06-06T12:26:00,false
5323,1017,,direct_debit,-19.41,531.57,RECIBO DOMICILIADO,2025-06-06T12:32:00,false
5324,559,,direct_debit,-17.96,3250.42,RECIBO DOMICILIADO,2025-06-06T13:48:00,false
5325,900,,direct_debit,-39.70,1076.77,RECIBO DOMICILIADO,2025-06-06T15:07:00,false
5326,280,,transfer_out,-767.37,1665.16,TRANSFERENCIA EMITIDA,2025-06-06T17:24:00,false
5327,851,,direct_debit,-30.52,261.84,RECIBO DOMICILIADO,2025-06-06T18:23:00,false
5328,142,169,card_payment,-49.83,3884.61,COMPRA CAFETERÍA SAN MARCOS,2025-06-06T18:45:00,false
5329,11,,direct_debit,-45.31,3036.77,RECIBO DOMICILIADO,2025-06-06T18:55:00,false
5330,929,86,card_payment,-59.95,-355.70,COMPRA PANADERÍA EL FARO,2025-06-06T19:14:00,true
5331,470,,direct_debit,-92.91,2228.71,RECIBO DOMICILIADO,2025-06-06T19:33:00,false
5332,667,66,card_payment,-19.97,1968.85,COMPRA ÓPTICA LA ESQUINA,2025-06-06T20:15:00,false
5333,390,,direct_debit,-26.92,3848.61,RECIBO DOMICILIADO,2025-06-06T20:39:00,false
5334,314,110,card_payment,-73.17,1640.08,COMPRA PANADERÍA EL FARO,2025-06-06T20:52:00,false
5335,1058,,direct_debit,-35.80,3558.54,RECIBO DOMICILIADO,2025-06-06T20:53:00,false
5336,943,,direct_debit,-14.37,3550.64,RECIBO DOMICILIADO,2025-06-06T21:22:00,false
5337,314,179,card_payment,-8.02,1632.06,COMPRA CAFETERÍA REAL,2025-06-06T21:23:00,true
5338,87,,direct_debit,-72.74,1413.25,RECIBO DOMICILIADO,2025-06-06T21:53:00,false
5339,678,,transfer_out,-500.20,1421.75,TRANSFERENCIA EMITIDA,2025-06-06T21:55:00,false
5340,855,,direct_debit,-95.80,5639.94,RECIBO DOMICILIADO,2025-06-07T09:02:00,false
5341,1053,81,card_payment,-2.82,3175.69,COMPRA CASA LOS ARCOS,2025-06-07T09:05:00,true
5342,555,,direct_debit,-76.31,941.75,RECIBO DOMICILIADO,2025-06-07T10:14:00,false
5343,621,,transfer_in,95.53,4226.91,TRANSFERENCIA RECIBIDA,2025-06-07T10:29:00,false
5344,164,155,card_payment,-10.52,6334.51,COMPRA LIBRERÍA LOS ARCOS,2025-06-07T10:52:00,false
5345,1058,25,card_payment,-43.52,3515.02,COMPRA SUPERMERCADO LOS ARCOS,2025-06-07T11:34:00,false
5346,442,158,card_payment,-49.61,2178.79,COMPRA CASA EL FARO,2025-06-07T12:03:00,false
5347,43,,interest,2.25,374.61,ABONO INTERESES,2025-06-07T13:15:00,false
5348,270,,transfer_out,-219.01,347.55,TRANSFERENCIA EMITIDA,2025-06-07T14:46:00,false
5349,236,79,card_payment,-28.69,474.29,COMPRA CASA CENTRAL,2025-06-07T15:24:00,false
5350,80,45,card_payment,-13.23,2092.93,COMPRA LA TIENDA DE DEL SOL,2025-06-07T15:47:00,false
5351,981,,fee,-3.00,2815.03,COMISION MANTENIMIENTO,2025-06-07T16:15:00,false
5352,527,84,card_payment,-12.26,2279.72,COMPRA CAFETERÍA LOS ARCOS,2025-06-07T16:47:00,true
5353,865,,direct_debit,-58.64,2115.65,RECIBO DOMICILIADO,2025-06-07T18:28:00,false
5354,241,111,card_payment,-7.59,6294.38,COMPRA EL RINCÓN DE EL FARO,2025-06-07T19:49:00,false
5355,676,90,card_payment,-18.91,5866.36,COMPRA LA TIENDA DE LOS ARCOS,2025-06-07T20:14:00,false
5356,227,,direct_debit,-16.52,4699.84,RECIBO DOMICILIADO,2025-06-07T20:50:00,false
5357,530,,atm_withdrawal,-200.00,812.49,REINTEGRO CAJERO,2025-06-08T08:04:00,false
5358,508,,atm_withdrawal,-60.00,4363.84,REINTEGRO CAJERO,2025-06-08T11:33:00,false
5359,72,,transfer_in,172.02,3199.99,TRANSFERENCIA RECIBIDA,2025-06-08T12:23:00,false
5360,621,49,card_payment,-8.60,4218.31,COMPRA LA TIENDA DE LOS ARCOS,2025-06-08T13:43:00,false
5361,778,58,card_payment,-3.91,6005.43,COMPRA ÓPTICA MODERNO,2025-06-08T13:48:00,false
5362,293,102,card_payment,-19.21,2937.26,COMPRA LIBRERÍA LOS ARCOS,2025-06-08T13:56:00,true
5363,308,,transfer_out,-69.91,1918.46,TRANSFERENCIA EMITIDA,2025-06-08T14:07:00,false
5364,23,,transfer_in,213.33,756.97,TRANSFERENCIA RECIBIDA,2025-06-08T14:33:00,false
5365,733,51,card_payment,-67.50,3419.04,COMPRA MUEBLES LOS ARCOS,2025-06-08T15:56:00,false
5366,1093,176,card_payment,-11.64,2088.46,COMPRA RESTAURANTE NUEVO,2025-06-08T18:06:00,false
5367,635,,transfer_out,-63.90,5089.19,TRANSFERENCIA EMITIDA,2025-06-08T21:33:00,false
5368,604,1,card_payment,-13.88,2654.12,COMPRA ELECTRO BUENAVISTA,2025-06-09T08:38:00,true
5369,692,,atm_withdrawal,-50.00,4625.32,REINTEGRO CAJERO,2025-06-09T10:15:00,false
5370,494,,transfer_in,577.13,2454.56,TRANSFERENCIA RECIBIDA,2025-06-09T10:17:00,false
5371,244,,atm_withdrawal,-20.00,634.07,REINTEGRO CAJERO,2025-06-09T10:26:00,false
5372,929,47,card_payment,-62.06,-417.76,COMPRA BAR NUEVO,2025-06-09T14:57:00,false
5373,733,123,card_payment,-3.34,3415.70,COMPRA LIBRERÍA LOS ARCOS,2025-06-09T18:20:00,false
5374,798,87,card_payment,-53.14,1844.90,COMPRA LA TIENDA DE LA ESQUINA,2025-06-09T18:57:00,false
5375,80,12,card_payment,-22.93,2070.00,COMPRA MUEBLES LA ESQUINA,2025-06-09T18:59:00,false
5376,944,,atm_withdrawal,-40.00,111.78,REINTEGRO CAJERO,2025-06-09T20:16:00,false
5377,46,97,card_payment,-74.56,735.95,COMPRA ELECTRO LA ESQUINA,2025-06-10T15:01:00,false
5378,440,,transfer_out,-119.56,2595.17,TRANSFERENCIA EMITIDA,2025-06-10T16:19:00,false
5379,130,139,card_payment,-12.79,1248.87,COMPRA RESTAURANTE DEL CARMEN,2025-06-10T16:49:00,true
5380,747,151,card_payment,-13.58,1527.05,COMPRA FARMACIA MODERNO,2025-06-10T16:57:00,false
5381,211,178,card_payment,-18.49,1791.77,COMPRA MUEBLES DEL PUERTO,2025-06-10T17:23:00,false
5382,749,113,card_payment,-18.87,-141.36,COMPRA FARMACIA LOS ARCOS,2025-06-10T20:22:00,false
5383,981,,transfer_out,-359.63,2455.40,TRANSFERENCIA EMITIDA,2025-06-10T20:40:00,false
5384,989,,interest,3.50,2404.04,ABONO INTERESES,2025-06-10T20:45:00,false
5385,733,,transfer_in,478.17,3893.87,TRANSFERENCIA RECIBIDA,2025-06-11T08:52:00,false
5386,154,,interest,1.38,3978.41,ABONO INTERESES,2025-06-11T09:04:00,false
5387,671,,atm_withdrawal,-60.00,1868.43,REINTEGRO CAJERO,2025-06-11T13:16:00,false
5388,270,33,card_payment,-2.37,345.18,COMPRA LIBRERÍA DEL PUERTO,2025-06-11T13:44:00,true
5389,834,100,card_payment,-11.22,2054.22,COMPRA ÓPTICA NUEVO,2025-06-11T15:16:00,false
5390,583,,atm_withdrawal,-200.00,5536.69,REINTEGRO CAJERO,2025-06-11T16:01:00,false
5391,754,,transfer_in,156.21,6879.11,TRANSFERENCIA RECIBIDA,2025-06-11T16:45:00,false
5392,935,88,card_payment,-2.67,259.06,COMPRA TALLER SAN MARCOS,2025-06-11T19:17:00,false
5393,900,150,card_payment,-13.00,1063.77,COMPRA PANADERÍA LA PLAZA,2025-06-11T19:46:00,false
5394,999,36,card_payment,-2.14,2067.54,COMPRA PELUQUERÍA GRAN VÍA,2025-06-12T08:59:00,false
5395,4,173,card_payment,-22.94,144.39,COMPRA LIBRERÍA NUEVO,2025-06-12T09:50:00,false
5396,437,43,card_payment,-57.38,2912.19,COMPRA CAFETERÍA EL FARO,2025-06-12T12:40:00,true
5397,1057,71,card_payment,-13.60,3067.81,COMPRA ÓPTICA NUEVO,2025-06-12T12:49:00,false
5398,439,,transfer_out,-425.34,2111.03,TRANSFERENCIA EMITIDA,2025-06-12T14:17:00,false
5399,493,,atm_withdrawal,-50.00,2231.20,REINTEGRO CAJERO,2025-06-12T17:14:00,false
5400,911,19,card_payment,-34.04,1844.00,COMPRA TALLER LOS ARCOS,2025-06-12T18:32:00,true
5401,471,103,card_payment,-34.27,981.99,COMPRA MUEBLES EL FARO,2025-06-12T18:46:00,false
5402,335,160,card_payment,-32.09,-547.57,COMPRA TALLER DEL CARMEN,2025-06-12T18:47:00,false
5403,242,94,card_payment,-2.62,3831.87,COMPRA BAR CENTRAL,2025-06-12T20:20:00,false
5404,713,168,card_payment,-26.12,7060.24,COMPRA FARMACIA REAL,2025-06-12T20:48:00,false
5405,507,,transfer_in,13.21,3852.67,TRANSFERENCIA RECIBIDA,2025-06-13T11:54:00,false
5406,521,115,card_payment,-17.65,2811.32,COMPRA FARMACIA DEL PUERTO,2025-06-13T12:33:00,false
5407,586,135,card_payment,-13.63,986.50,COMPRA SUPERMERCADO GRAN VÍA,2025-06-13T13:37:00,false
5408,155,62,card_payment,-14.51,3503.03,COMPRA PELUQUERÍA DEL PUERTO,2025-06-13T15:18:00,false
5409,1057,,atm_withdrawal,-60.00,3007.81,REINTEGRO CAJERO,2025-06-13T16:34:00,false
5410,628,98,card_payment,-20.70,397.15,COMPRA SUPERMERCADO EL FARO,2025-06-13T16:36:00,false
5411,241,,atm_withdrawal,-150.00,6144.38,REINTEGRO CAJERO,2025-06-13T18:08:00,false
5412,108,,transfer_out,-944.36,751.59,TRANSFERENCIA EMITIDA,2025-06-13T18:18:00,false
5413,1050,29,card_payment,-31.18,2480.19,COMPRA CASA NUEVO,2025-06-13T18:59:00,false
5414,736,69,card_payment,-49.35,2992.35,COMPRA PELUQUERÍA LA ESQUINA,2025-06-13T19:18:00,false
5415,416,,atm_withdrawal,-150.00,2658.08,REINTEGRO CAJERO,2025-06-14T10:11:00,false
5416,496,5,card_payment,-53.17,3268.53,COMPRA ELECTRO NUEVO,2025-06-14T12:31:00,false
5417,779,117,card_payment,-44.80,762.11,COMPRA SUPERMERCADO REAL,2025-06-14T12:42:00,false
5418,491,117,card_payment,-21.28,3048.57,COMPRA SUPERMERCADO REAL,2025-06-14T13:00:00,false
5419,554,33,card_payment,-34.95,1658.61,COMPRA LIBRERÍA DEL PUERTO,2025-06-14T13:11:00,true
5420,965,144,card_payment,-14.53,6875.20,COMPRA LIBRERÍA REAL,2025-06-14T14:51:00,true
5421,116,,transfer_in,568.05,3658.56,TRANSFERENCIA RECIBIDA,2025-06-14T17:06:00,false
5422,147,173,card_payment,-9.51,2385.87,COMPRA LIBRERÍA NUEVO,2025-06-14T17:44:00,false
5423,568,103,card_payment,-15.47,1864.53,COMPRA MUEBLES EL FARO,2025-06-14T17:58:00,false
5424,111,69,card_payment,-3.53,5556.34,COMPRA PELUQUERÍA LA ESQUINA,2025-06-14T18:04:00,false
5425,997,149,card_payment,-6.61,5119.78,COMPRA PELUQUERÍA EL FARO,2025-06-14T18:36:00,false
5426,454,,atm_withdrawal,-50.00,3047.09,REINTEGRO CAJERO,2025-06-14T18:39:00,false
5427,53,,atm_withdrawal,-100.00,4506.59,REINTEGRO CAJERO,2025-06-14T18:42:00,false
5428,789,82,card_payment,-29.83,7190.83,COMPRA ELECTRO MODERNO,2025-06-15T21:52:00,false
5429,683,155,card_payment,-11.39,6963.49,COMPRA LIBRERÍA LOS ARCOS,2025-06-16T09:56:00,false
5430,1088,,atm_withdrawal,-150.00,3262.69,REINTEGRO CAJERO,2025-06-16T11:36:00,false
5431,108,,atm_withdrawal,-60.00,691.59,REINTEGRO CAJERO,2025-06-16T11:51:00,false
5432,445,,transfer_out,-1079.93,666.10,TRANSFERENCIA EMITIDA,2025-06-16T12:31:00,false
5433,425,116,card_payment,-16.62,1536.73,COMPRA ELECTRO MODERNO,2025-06-16T14:41:00,false
5434,785,,atm_withdrawal,-20.00,117.43,REINTEGRO CAJERO,2025-06-16T17:35:00,false
5435,108,,atm_withdrawal,-200.00,491.59,REINTEGRO CAJERO,2025-06-16T17:48:00,false
5436,1049,47,card_payment,-31.30,1507.29,COMPRA BAR NUEVO,2025-06-16T18:08:00,false
5437,550,89,card_payment,-44.24,3709.59,COMPRA RESTAURANTE DEL SOL,2025-06-16T18:52:00,false
5438,870,120,card_payment,-6.35,890.90,COMPRA BAR EL FARO,2025-06-17T10:37:00,true
5439,20,141,card_payment,-29.29,3450.37,COMPRA LA TIENDA DE SAN MARCOS,2025-06-17T11:00:00,false
5440,554,,transfer_out,-326.16,1332.45,TRANSFERENCIA EMITIDA,2025-06-17T12:46:00,false
5441,246,71,card_payment,-18.06,1578.67,COMPRA ÓPTICA NUEVO,2025-06-17T14:26:00,false
5442,452,153,card_payment,-15.36,839.48,COMPRA PELUQUERÍA SAN MARCOS,2025-06-17T14:28:00,false
5443,631,9,card_payment,-71.49,1795.85,COMPRA PELUQUERÍA DEL PUERTO,2025-06-17T14:57:00,true
5444,295,,atm_withdrawal,-40.00,2240.42,REINTEGRO CAJERO,2025-06-17T16:38:00,false
5445,460,34,card_payment,-27.70,78.64,COMPRA CAFETERÍA DEL SOL,2025-06-17T17:05:00,false
5446,915,87,card_payment,-112.31,6064.40,COMPRA LA TIENDA DE LA ESQUINA,2025-06-17T17:22:00,false
5447,590,,transfer_out,-547.44,3805.08,TRANSFERENCIA EMITIDA,2025-06-17T19:38:00,false
5448,138,69,card_payment,-14.59,893.45,COMPRA PELUQUERÍA LA ESQUINA,2025-06-17T19:56:00,false
5449,915,112,card_payment,-16.15,6048.25,COMPRA CAFETERÍA DEL PUERTO,2025-06-17T20:26:00,false
5450,142,38,card_payment,-5.80,3878.81,COMPRA ÓPTICA DEL PUERTO,2025-06-18T08:29:00,false
5451,142,169,card_payment,-8.23,3870.58,COMPRA CAFETERÍA SAN MARCOS,2025-06-18T09:09:00,false
5452,226,,atm_withdrawal,-200.00,2223.14,REINTEGRO CAJERO,2025-06-18T09:41:00,false
5453,1079,,transfer_out,-529.82,5627.31,TRANSFERENCIA EMITIDA,2025-06-18T10:25:00,false
5454,519,7,card_payment,-38.40,244.96,COMPRA PELUQUERÍA LOS ARCOS,2025-06-18T12:57:00,false
5455,857,145,card_payment,-21.05,2326.98,COMPRA LIBRERÍA DEL SOL,2025-06-18T14:03:00,false
5456,370,49,card_payment,-13.39,2873.59,COMPRA LA TIENDA DE LOS ARCOS,2025-06-18T19:21:00,false
5457,614,60,card_payment,-16.11,6023.65,COMPRA FARMACIA EL FARO,2025-06-18T21:11:00,false
5458,662,,transfer_out,-547.32,-50.71,TRANSFERENCIA EMITIDA,2025-06-19T08:00:00,false
5459,578,107,card_payment,-40.72,1743.21,COMPRA PELUQUERÍA SAN MARCOS,2025-06-19T08:48:00,false
5460,358,14,card_payment,-9.12,2505.61,COMPRA ÓPTICA MODERNO,2025-06-19T10:59:00,true
5461,695,56,card_payment,-189.63,2401.96,COMPRA BAR REAL,2025-06-19T11:39:00,false
5462,310,,transfer_out,-1023.03,6518.68,TRANSFERENCIA EMITIDA,2025-06-19T13:15:00,false
5463,1004,22,card_payment,-50.45,-366.10,COMPRA PELUQUERÍA DEL CARMEN,2025-06-19T14:53:00,false
5464,1058,,transfer_out,-1307.60,2207.42,TRANSFERENCIA EMITIDA,2025-06-19T14:56:00,false
5465,213,125,card_payment,-3.54,1916.17,COMPRA ELECTRO SAN MARCOS,2025-06-19T19:26:00,false
5466,906,26,card_payment,-30.75,3245.64,COMPRA LA TIENDA DE GRAN VÍA,2025-06-19T20:21:00,false
5467,289,80,card_payment,-983.55,2612.90,COMPRA LA TIENDA DE LA PLAZA,2025-06-20T13:01:00,false
5468,769,,transfer_in,48.12,2221.98,TRANSFERENCIA RECIBIDA,2025-06-20T13:29:00,false
5469,965,,transfer_out,-879.61,5995.59,TRANSFERENCIA EMITIDA,2025-06-20T14:58:00,false
5470,468,122,card_payment,-21.36,3055.85,COMPRA CASA NUEVO,2025-06-20T15:25:00,false
5471,139,120,card_payment,-6.92,2050.99,COMPRA BAR EL FARO,2025-06-20T16:18:00,true
5472,414,55,card_payment,-25.00,541.51,COMPRA CAFETERÍA REAL,2025-06-20T17:19:00,false
5473,849,,interest,1.50,2205.66,ABONO INTERESES,2025-06-20T17:19:00,false
5474,655,73,card_payment,-90.92,2396.68,COMPRA MUEBLES MODERNO,2025-06-20T18:13:00,false
5475,1070,42,card_payment,-32.99,1563.73,COMPRA EL RINCÓN DE LOS ARCOS,2025-06-20T18:39:00,false
5476,515,124,card_payment,-49.82,3529.52,COMPRA ELECTRO EL FARO,2025-06-20T19:44:00,false
5477,455,,transfer_in,124.22,1908.46,TRANSFERENCIA RECIBIDA,2025-06-20T20:55:00,false
5478,151,107,card_payment,-13.05,808.25,COMPRA PELUQUERÍA SAN MARCOS,2025-06-21T09:38:00,false
5479,662,61,card_payment,-36.44,-87.15,COMPRA PANADERÍA LA PLAZA,2025-06-21T09:54:00,false
5480,689,,fee,-12.00,1845.63,COMISION MANTENIMIENTO,2025-06-21T11:04:00,false
5481,32,,atm_withdrawal,-150.00,2521.94,REINTEGRO CAJERO,2025-06-21T11:21:00,false
5482,357,,atm_withdrawal,-150.00,511.76,REINTEGRO CAJERO,2025-06-21T11:28:00,false
5483,550,136,card_payment,-9.71,3699.88,COMPRA MUEBLES LA ESTRELLA,2025-06-21T11:57:00,false
5484,280,86,card_payment,-10.58,1654.58,COMPRA PANADERÍA EL FARO,2025-06-21T11:59:00,true
5485,627,32,card_payment,-18.10,2173.23,COMPRA CASA NUEVO,2025-06-21T12:46:00,true
5486,947,115,card_payment,-16.28,2441.74,COMPRA FARMACIA DEL PUERTO,2025-06-21T12:51:00,false
5487,727,,transfer_out,-244.67,1227.65,TRANSFERENCIA EMITIDA,2025-06-21T13:33:00,false
5488,915,,transfer_in,745.10,6793.35,TRANSFERENCIA RECIBIDA,2025-06-21T13:46:00,false
5489,865,122,card_payment,-69.69,2045.96,COMPRA CASA NUEVO,2025-06-21T14:08:00,false
5490,458,78,card_payment,-12.33,2009.57,COMPRA LA TIENDA DE EL FARO,2025-06-21T14:43:00,false
5491,226,,transfer_in,399.53,2622.67,TRANSFERENCIA RECIBIDA,2025-06-21T16:40:00,false
5492,554,,transfer_out,-265.99,1066.46,TRANSFERENCIA EMITIDA,2025-06-21T17:47:00,false
5493,303,80,card_payment,-5.66,929.98,COMPRA LA TIENDA DE LA PLAZA,2025-06-21T18:39:00,false
5494,61,85,card_payment,-7.71,1329.34,COMPRA ELECTRO CENTRAL,2025-06-21T19:36:00,false
5495,902,,transfer_in,624.56,1367.83,TRANSFERENCIA RECIBIDA,2025-06-21T20:09:00,false
5496,564,11,card_payment,-10.82,602.25,COMPRA LA TIENDA DE MODERNO,2025-06-21T20:16:00,false
5497,678,173,card_payment,-60.51,1361.24,COMPRA LIBRERÍA NUEVO,2025-06-21T21:49:00,false
5498,416,46,card_payment,-11.09,2646.99,COMPRA EL RINCÓN DE LA ESTRELLA,2025-06-22T08:33:00,false
5499,472,,interest,3.91,1944.43,ABONO INTERESES,2025-06-22T09:34:00,false
5500,632,,interest,0.59,3051.33,ABONO INTERESES,2025-06-22T11:42:00,false
5501,94,105,card_payment,-68.06,4327.05,COMPRA ÓPTICA BUENAVISTA,2025-06-22T12:13:00,false
5502,544,105,card_payment,-4.00,3314.93,COMPRA ÓPTICA BUENAVISTA,2025-06-22T13:29:00,false
5503,1080,163,card_payment,-16.28,2605.67,COMPRA ELECTRO SAN MARCOS,2025-06-22T19:11:00,false
5504,630,101,card_payment,-25.87,2529.64,COMPRA ÓPTICA BUENAVISTA,2025-06-22T19:42:00,false
5505,28,,transfer_in,196.28,1049.17,TRANSFERENCIA RECIBIDA,2025-06-22T21:39:00,false
5506,961,44,card_payment,-101.64,1470.04,COMPRA LIBRERÍA SAN MARCOS,2025-06-23T09:24:00,false
5507,533,,atm_withdrawal,-200.00,4740.96,REINTEGRO CAJERO,2025-06-23T09:55:00,false
5508,290,15,card_payment,-10.85,3392.97,COMPRA ELECTRO LOS ARCOS,2025-06-23T10:03:00,false
5509,527,,transfer_in,155.04,2434.76,TRANSFERENCIA RECIBIDA,2025-06-23T11:36:00,false
5510,538,62,card_payment,-32.07,2823.83,COMPRA PELUQUERÍA DEL PUERTO,2025-06-23T12:51:00,false
5511,989,63,card_payment,-37.71,2366.33,COMPRA FARMACIA LOS ARCOS,2025-06-23T13:55:00,false
5512,793,78,card_payment,-5.46,4641.11,COMPRA LA TIENDA DE EL FARO,2025-06-23T16:40:00,false
5513,775,90,card_payment,-2.80,4661.62,COMPRA LA TIENDA DE LOS ARCOS,2025-06-23T17:59:00,false
5514,517,87,card_payment,-20.15,91.10,COMPRA LA TIENDA DE LA ESQUINA,2025-06-23T19:19:00,false
5515,532,8,card_payment,-0.89,908.99,COMPRA SUPERMERCADO MODERNO,2025-06-23T19:51:00,false
5516,643,58,card_payment,-21.71,3000.73,COMPRA ÓPTICA MODERNO,2025-06-24T09:29:00,false
5517,504,165,card_payment,-23.70,2291.46,COMPRA LA TIENDA DE DEL CARMEN,2025-06-24T11:27:00,false
5518,20,,fee,-2.50,3447.87,COMISION MANTENIMIENTO,2025-06-24T13:54:00,false
5519,766,,transfer_out,-894.22,1084.35,TRANSFERENCIA EMITIDA,2025-06-24T17:19:00,false
5520,1026,177,card_payment,-3.69,1430.52,COMPRA BAR MODERNO,2025-06-24T18:37:00,true
5521,314,33,card_payment,-15.19,1616.87,COMPRA LIBRERÍA DEL PUERTO,2025-06-24T20:43:00,true
5522,461,54,card_payment,-8.60,3442.04,COMPRA ELECTRO DEL PUERTO,2025-06-25T10:08:00,false
5523,220,,transfer_in,336.15,2555.96,TRANSFERENCIA RECIBIDA,2025-06-25T10:58:00,false
5524,321,,transfer_in,502.55,2674.67,TRANSFERENCIA RECIBIDA,2025-06-25T12:39:00,false
5525,180,,transfer_out,-744.20,1537.50,TRANSFERENCIA EMITIDA,2025-06-25T13:27:00,false
5526,863,159,card_payment,-8.90,3029.31,COMPRA ÓPTICA CENTRAL,2025-06-25T13:34:00,false
5527,1005,,salary,2707.66,4384.92,NOMINA,2025-06-25T16:39:00,false
5528,533,15,card_payment,-20.03,4720.93,COMPRA ELECTRO LOS ARCOS,2025-06-25T17:17:00,false
5529,1093,,salary,2131.00,4219.46,NOMINA,2025-06-26T10:47:00,false
5530,764,,salary,1573.82,3569.53,NOMINA,2025-06-26T12:10:00,false
5531,798,,interest,4.07,1848.97,ABONO INTERESES,2025-06-26T12:28:00,false
5532,182,151,card_payment,-5.98,2677.36,COMPRA FARMACIA MODERNO,2025-06-26T13:17:00,false
5533,1030,159,card_payment,-12.96,1230.10,COMPRA ÓPTICA CENTRAL,2025-06-26T13:50:00,false
5534,948,,salary,1827.05,5569.41,NOMINA,2025-06-26T16:02:00,false
5535,295,,salary,2057.71,4298.13,NOMINA,2025-06-26T18:02:00,false
5536,83,89,card_payment,-44.41,4641.87,COMPRA RESTAURANTE DEL SOL,2025-06-26T18:07:00,false
5537,695,,salary,2132.77,4534.73,NOMINA,2025-06-26T19:02:00,false
5538,356,89,card_payment,-9.15,1604.52,COMPRA RESTAURANTE DEL SOL,2025-06-26T19:11:00,false
5539,188,66,card_payment,-17.91,654.05,COMPRA ÓPTICA LA ESQUINA,2025-06-26T20:31:00,false
5540,195,,transfer_out,-333.92,1396.85,TRANSFERENCIA EMITIDA,2025-06-26T20:49:00,false
5541,354,70,card_payment,-9.76,1909.45,COMPRA EL RINCÓN DE LA ESTRELLA,2025-06-27T08:34:00,false
5542,578,,atm_withdrawal,-150.00,1593.21,REINTEGRO CAJERO,2025-06-27T08:55:00,false
5543,446,,salary,1903.33,6068.72,NOMINA,2025-06-27T09:54:00,false
5544,22,,transfer_in,90.37,5735.03,TRANSFERENCIA RECIBIDA,2025-06-27T10:53:00,false
5545,1005,,transfer_out,-200.32,4184.60,TRANSFERENCIA EMITIDA,2025-06-27T12:38:00,false
5546,186,10,card_payment,-80.24,3249.03,COMPRA PANADERÍA LA ESTRELLA,2025-06-27T12:42:00,false
5547,1030,,salary,3980.63,5210.73,NOMINA,2025-06-27T13:01:00,false
5548,690,,salary,1811.85,4800.35,NOMINA,2025-06-27T16:54:00,false
5549,991,,salary,1437.09,7569.80,NOMINA,2025-06-27T17:00:00,false
5550,17,,salary,2783.75,9130.64,NOMINA,2025-06-27T17:09:00,false
5551,104,59,card_payment,-4.70,-48.69,COMPRA LA TIENDA DE LA ESTRELLA,2025-06-27T18:06:00,false
5552,517,65,card_payment,-3.76,87.34,COMPRA LIBRERÍA EL FARO,2025-06-27T18:14:00,false
5553,163,,salary,1578.70,3075.58,NOMINA,2025-06-27T19:58:00,false
5554,139,,atm_withdrawal,-50.00,2000.99,REINTEGRO CAJERO,2025-06-27T20:23:00,false
5555,139,,atm_withdrawal,-20.00,1980.99,REINTEGRO CAJERO,2025-06-27T20:49:00,false
5556,113,2,card_payment,-14.64,2169.89,COMPRA CASA CENTRAL,2025-06-28T08:44:00,false
5557,557,,transfer_out,-1149.52,6246.16,TRANSFERENCIA EMITIDA,2025-06-28T09:17:00,false
5558,68,,salary,1871.38,5047.56,NOMINA,2025-06-28T09:37:00,false
5559,893,,salary,3028.60,5426.51,NOMINA,2025-06-28T10:28:00,false
5560,436,44,card_payment,-35.21,117.91,COMPRA LIBRERÍA SAN MARCOS,2025-06-28T11:40:00,false
5561,567,,transfer_out,-265.88,-792.08,TRANSFERENCIA EMITIDA,2025-06-28T12:37:00,false
5562,879,,salary,2086.74,2077.23,NOMINA,2025-06-28T13:01:00,false
5563,750,82,card_payment,-17.08,1950.99,COMPRA ELECTRO MODERNO,2025-06-28T13:30:00,false
5564,798,,salary,1479.89,3328.86,NOMINA,2025-06-28T13:34:00,false
5565,438,106,card_payment,-43.41,3517.72,COMPRA LIBRERÍA EL FARO,2025-06-28T13:49:00,false
5566,31,37,card_payment,-34.38,1873.87,COMPRA BAR DEL SOL,2025-06-28T14:11:00,false
5567,97,,fee,-4.50,1870.51,COMISION MANTENIMIENTO,2025-06-28T17:13:00,false
5568,158,,salary,2572.57,2585.70,NOMINA,2025-06-28T19:30:00,false
5569,648,,salary,2138.03,2355.67,NOMINA,2025-06-28T20:39:00,false
5570,182,,salary,2515.93,5193.29,NOMINA,2025-06-28T20:53:00,false
5571,1043,8,card_payment,-28.39,1036.83,COMPRA SUPERMERCADO MODERNO,2025-06-29T11:06:00,false
5572,1041,,transfer_in,374.20,3570.87,TRANSFERENCIA RECIBIDA,2025-06-29T12:17:00,false
5573,180,,transfer_out,-371.86,1165.64,TRANSFERENCIA EMITIDA,2025-06-29T14:32:00,false
5574,849,,transfer_in,264.00,2469.66,TRANSFERENCIA RECIBIDA,2025-06-29T14:50:00,false
5575,281,,transfer_in,553.67,5302.43,TRANSFERENCIA RECIBIDA,2025-06-29T15:51:00,false
5576,566,169,card_payment,-22.51,2251.05,COMPRA CAFETERÍA SAN MARCOS,2025-06-29T19:16:00,false
5577,1066,29,card_payment,-55.93,2173.16,COMPRA CASA NUEVO,2025-06-30T10:52:00,false
5578,32,158,card_payment,-13.04,2508.90,COMPRA CASA EL FARO,2025-06-30T14:41:00,false
5579,130,54,card_payment,-23.37,1225.50,COMPRA ELECTRO DEL PUERTO,2025-06-30T16:17:00,false
5580,1002,173,card_payment,-3.41,1716.76,COMPRA LIBRERÍA NUEVO,2025-06-30T18:33:00,false
5581,467,29,card_payment,-10.58,2393.97,COMPRA CASA NUEVO,2025-06-30T18:50:00,false
5582,762,,transfer_out,-388.97,3903.72,TRANSFERENCIA EMITIDA,2025-06-30T21:42:00,false
